Radius,Turbines,Seed,Algorithm,WakeLoss,EnergyProduction,Runtime,RuntimeSingleRun,Evaluations,ObjectiveCalls,SurrogateInferences,SurrogateTrainPasses,Iterations,GateAdmissionRate,Dataset,Coordinates
1000,18,1,LXSSA_REPAIR,7632.99668149912,124043.81442282494,4.2216243567666725,,6030,6030,0,0,100,0.0,2,-26.681434472014175 990.5092443131;572.5440419021676 -186.36166287653202;-948.8041789790418 -177.11741502665646;-591.5487415213269 36.37125484114555;-108.22145788112891 -991.4204670627355;242.52553272279857 -481.11898583621775;579.1720832048688 -812.8450382084532;-515.9158621979904 856.6362666501594;149.42705834448896 248.81390815696355;250.23923896197186 703.1849848495407;853.038414315117 -487.15725585475997;-862.8713437256516 318.8166215110478;-325.7586040918642 -461.8237247966156;518.4722271303148 854.7211155862816;-20.15569232569954 544.2264046108069;790.4708634695914 570.4939455017843;-510.5771835220348 -855.67482346828;-792.1669642190576 -568.9912352234609
1000,18,2,LXSSA_REPAIR,8377.698144364622,123299.11295995944,4.2216243567666725,,6030,6030,0,0,100,0.0,2,-2.5449858159680976 945.065481994386;283.47042910878406 657.0094980158199;-849.3544227604855 -476.6718615003073;429.75573503875466 139.86809016397035;571.0934572724548 -378.8742930928275;726.9085862197504 -40.745689159592104;-391.1477103277616 -363.9694763025238;115.20737926113316 -235.25979271655723;-635.4173431533524 434.50397226317506;774.6932195930967 -631.4796455726328;-652.0923529822616 -758.1395407061008;-992.1043902003986 67.52908610531055;-119.21642374128704 -627.3405849935771;959.2325522132307 -268.1107055016019;-596.9809711651596 -33.50832389001354;-92.35689529231671 279.4422991361632;-347.93193341442594 732.7546091151839;806.8680448275907 507.4408055186127
1000,18,3,LXSSA_REPAIR,8308.542805163437,123368.26829916064,4.2216243567666725,,6030,6030,0,0,100,0.0,2,28.970627142152228 266.6379619683721;399.4813716118968 653.9196424610523;209.18165001278058 -253.0339485693562;-332.95908869025493 -98.17652981592002;701.9500017035477 48.01511226332934;-522.726481766928 419.29905817304444;362.4133550796334 -925.0569047162197;878.7504939815626 -448.99367515862394;-358.4429671050815 -929.1146723929335;-764.9239576308112 -326.4374855686672;-145.95060791602424 805.7462030034764;-604.3886216388951 -651.7041300075775;710.1411190499668 458.5943770382967;394.32807603743294 -596.7294093681845;-667.6125718512 89.40170801722198;964.4056278809494 209.56531392119345;-13.865438474434203 -819.2586063729016;-127.79801480090634 -458.0696240829773
1000,18,4,LXSSA_REPAIR,7401.901195826489,124274.90990849758,4.2216243567666725,,6030,6030,0,0,100,0.0,2,424.3720783274853 -373.06651971109477;506.2885110264277 744.593699443057;-127.95268721104415 579.5586489261602;130.89835414993905 -991.3957942622296;39.71739769873617 276.94770012887614;333.164149498923 441.53580309405186;898.8667934769168 -242.09106758775675;953.6718355363531 273.66777190618575;489.8712539032636 -6.479492116023384;-986.9549062952213 -101.73035270196735;-633.9189267989261 100.33308723832619;-120.81894467055596 -204.87569042524973;-903.3739612007021 365.5901026489804;-595.2938510188638 707.257366361449;-859.5830832509728 -391.4616031277663;181.39652046301478 939.4616133921186;7.200300213826301 -494.7423185495925;672.8816601913059 -683.332569491086
1000,18,5,LXSSA_REPAIR,8097.81090012443,123579.00020419963,4.2216243567666725,,6030,6030,0,0,100,0.0,2,975.2679246540227 221.02585879880658;242.1510913749778 -969.2078991425982;-12.763722428878802 -680.2747599603306;-496.70024910917255 -106.29653134915527;-957.9585287901895 -233.44145194721438;935.7504837039529 -338.5853992178242;-470.51600354410976 881.3310239331366;-701.9292101365997 391.9248766388139;563.3152845614733 226.07339582658295;642.9199265419566 594.7901003748193;-4.229686196575546 -265.495180172821;71.26592472513936 745.6547607596317;348.8868960309816 -159.50518874612578;-160.92556549915219 388.60860001383315;-922.3136120630377 157.30743640206504;-721.6993577293658 -461.495207620464;-136.99504100872528 979.0396960536394;-501.90408476361205 -690.8768350071479
1000,18,6,LXSSA_REPAIR,7615.5125781696115,124061.29852615444,4.2216243567666725,,6030,6030,0,0,100,0.0,2,677.4573160237654 55.564605836223926;-643.0417241114736 -254.54533835510293;-118.45560940890857 323.9104020427798;-92.57310030833844 -710.3830318201757;147.06633240184294 958.9609395292047;-949.2647990100761 312.1657880178641;-804.2705335932714 -521.355656651732;-622.7037169391068 636.7830735076326;493.50765541105096 -535.7577768573271;656.7247400684092 593.0841099304974;137.5127527729713 53.7917687587529;984.9180973425422 -116.29693279629679;-199.90819575359887 -138.409941958799;-551.1850114129212 195.38397823157038;469.85556871512205 -860.1350050736047;927.5821335604726 301.2378876948745;145.42021965752147 595.1530647392143;-420.11483051255885 -898.9135563310433
1000,18,7,LXSSA_REPAIR,7332.96954199337,124343.8415623307,4.2216243567666725,,6030,6030,0,0,100,0.0,2,649.8528342041373 -511.7576421243137;-900.403174108861 -145.60220127008847;-345.0466797493486 -482.5228299804694;-812.0582406891201 208.88044125737497;-106.89858752667796 -989.8094684423703;236.54968353844433 -506.3024822296846;-421.0928965411263 -146.5949021043519;890.4956662664423 94.73056023189899;-33.64320650569714 958.3629042984771;-383.25624635085734 857.0052327593013;299.2200489837447 470.0639796443979;-883.9285024455982 -467.59747925111105;-481.3778280585926 -876.5123571810934;-686.8893269127975 551.3310658645476;260.5307987998593 -123.68087614950923;-236.24686768156417 191.06009815619686;596.0339568764732 636.5932407782258;346.7837421521502 -862.0475201099639
1000,18,8,LXSSA_REPAIR,7148.776665155747,124528.03443916832,4.2216243567666725,,6030,6030,0,0,100,0.0,2,-668.6649905196027 208.20102592392698;-523.6445465406829 706.6604349372424;-76.8515157308457 -363.57990208323633;42.16985658498553 -2.422564476539268;-273.7512476946344 311.32851305652576;908.0384715601531 276.2656027149465;526.7398078704441 682.1181048554205;103.02013158674785 691.8689605492905;298.88164746415146 933.0010177520226;-638.5638683204695 -698.5261736751113;127.27042338735473 -741.0755931599666;-315.5578411281752 941.2112229234469;633.117504068538 -610.7580129924224;521.3170353708178 -159.60048770383952;309.44846402199477 298.3145990476173;415.2321409611095 -906.2937939215906;920.3629692692559 -296.82244814703006;-642.4645707852039 -188.89125159557074
1000,18,9,LXSSA_REPAIR,7822.160399775239,123854.65070454884,4.2216243567666725,,6030,6030,0,0,100,0.0,2,381.33905155790416 619.2010803174996;-165.137688532164 -252.62708814926037;-326.0754206962704 256.5359042078777;357.2460677068125 249.65246013198686;664.4206458271323 -567.5952271010797;268.4997276245947 963.2234987436091;-814.6679618450686 134.6918742740678;-646.0869515503991 588.388967206409;271.91287788978775 -136.06441597405345;51.25640777061209 -546.1114068766943;-334.71187088354134 -936.8837299860506;994.1611391450947 67.99053181074842;-711.4057510380604 -700.4686432842759;-77.32088874131809 759.956530611485;914.7013002469685 -304.3666542573238;-719.3081911893097 -384.0544040684384;284.90399191889395 -940.6970479389137;630.2006055293995 -26.820079885013826
1000,18,10,LXSSA_REPAIR,7457.965291057553,124218.84581326653,4.2216243567666725,,6030,6030,0,0,100,0.0,2,415.8250819846888 69.33329911184806;-99.46028274090445 85.04699894340833;-457.9120764524961 -822.4821326048376;154.39702414408137 -662.6112859194233;772.5654151744392 -139.31171870217545;-952.7422794995075 -284.13639880268374;-161.57425098574305 705.8210919580979;901.6955630741268 330.6585640044005;-461.4123216892248 884.6642838236706;-773.0616761298585 327.7670584747617;170.3461705198582 522.9779105023459;-162.07588507646554 -986.7779371519015;-626.8203545217195 -437.18835722868744;355.50558783392626 -366.0341496149841;236.51405577788984 923.8806757601512;-473.87580493341665 -139.01553178337238;-288.780737579212 -533.8403576014992;612.6777693837324 -786.1458299692625
1000,18,11,LXSSA_REPAIR,6681.577402703697,124995.23370162035,4.2216243567666725,,6030,6030,0,0,100,0.0,2,-411.0971325311828 714.6037702442295;878.5407695835387 74.69789796331072;-803.7551597103188 -592.4931958666057;894.6424607489512 399.4614739107204;91.86871912891078 -108.89451746787023;107.8768216021921 -994.163322342177;-332.5801245976022 -879.762319172627;-229.12396568516866 973.3910071177321;132.28062474834962 867.5317080998863;420.14091757307665 -673.3157694914053;-983.2586657425087 162.46014417032467;633.0322632164565 762.2893555420738;434.83547936649984 526.5309281136285;-138.88421689795723 -374.0986919715346;-962.7152219132895 -183.35764529114252;794.1425069569945 -578.4512483149647;-341.38318123924495 142.3736590327556;-834.8716124207582 467.64781587159945
1000,18,12,LXSSA_REPAIR,7037.580133258976,124639.23097106507,4.2216243567666725,,6030,6030,0,0,100,0.0,2,568.5632138485556 643.8431054429686;-879.3557218249379 13.956862289727352;93.56762494416638 93.2342916318319;565.1366134328359 -824.3167552028324;-815.9649607622026 -348.19503504968594;952.6273508777017 -159.97833361698784;327.6734090673785 -328.9005180664881;105.14832233329263 923.167734239933;-369.1523757681863 929.0624628870271;-624.2155174632932 -725.6970354788389;-78.94830631523014 455.53342567939916;-627.5108152850289 307.05677000022024;151.40355348118993 -944.7850660653395;-709.7682825047635 608.3788428796535;774.9121993735613 -586.2799376426561;-138.64686448288754 -461.28451703188836;947.5942737641642 261.3676782756153;-266.7020668084849 -948.7133561024972
1000,18,13,LXSSA_REPAIR,7497.0478224300605,124179.763281894,4.2216243567666725,,6030,6030,0,0,100,0.0,2,-528.9264097680053 600.562300236737;325.8360936187612 -885.0712684888288;395.01172754369156 -65.11929956064887;-213.41503757252883 -654.0762090551988;149.16315926953703 405.79316814305986;834.0811240633852 -60.63030143689346;-773.0289293499367 -523.8475351223218;679.0364602539663 -663.7270304386379;854.3180854097247 429.0786873042542;243.78283141530667 811.555000770948;-61.719017822787066 -995.2799091424812;-666.118349756705 -101.07382347871675;-955.6842293236708 74.58868423224173;-243.42286135977906 964.9297332423171;-895.3446892922296 383.99323698169894;-437.41694334336313 -890.9730562252772;921.2103571556231 -375.70578658695564;-323.04997837827887 -104.43111346843301
1000,18,14,LXSSA_REPAIR,7944.983716825256,123731.8273874988,4.2216243567666725,,6030,6030,0,0,100,0.0,2,820.7695431849681 -314.97239025494235;-545.7848664696811 463.55349886475494;-50.129829499653134 757.4382403862246;190.75502261854774 19.354538700032514;568.0617637440297 -692.4108871629758;-534.9827208830332 -707.0391198959561;999.7950790251862 18.422238279094056;-183.68450749078025 -503.9213950473763;359.22679436880077 -305.9219593230155;-79.03078882203242 318.2010840657283;293.23146209096365 527.6729408044177;169.5973915025005 977.9958793356724;204.5690863381943 -910.6047059675062;850.4367675066626 357.53392068740663;-932.3066091952998 262.54228369846766;-834.1573146678253 -531.5938097110139;-515.489673224355 775.9662296077001;-219.96033250771848 -902.4975635404105
1000,18,15,LXSSA_REPAIR,8238.004630385069,123438.806473939,4.2216243567666725,,6030,6030,0,0,100,0.0,2,-30.75269216899497 -345.54139828482084;314.8591108468697 170.21452147500395;-905.0681000258975 -42.9519535996835;-211.31080352186837 170.93274749578205;-460.62800213685347 -814.1221580469796;567.3020354745856 -303.617089943069;-471.49410459009675 399.8571275148809;788.3622648796263 435.6619292622629;356.66793702090916 771.1367021827889;110.22581323249454 -974.8483139947515;978.3660337875156 -176.15523528334663;-568.6996762566341 -49.34189469755017;362.96398792056596 -778.85794699665;-566.9496050983729 800.4817905689156;728.6325513877074 -577.5718802593528;-723.5270702142197 -366.4686414861182;-85.56836837606153 504.7330985517221;27.12336199009525 963.0591366668572
1000,18,16,LXSSA_REPAIR,7808.883964464141,123867.92713985992,4.2216243567666725,,6030,6030,0,0,100,0.0,2,-500.39093046984254 844.9508756176415;971.3414966871526 25.48470729995397;740.1084502639027 601.8034678174388;324.5177881074545 855.3747241767846;224.3349976240603 455.65144819048356;666.616339409999 -736.8760897709286;-620.5578617642783 -259.674779316748;-135.38521634531614 32.81595124429319;108.31891868859628 -939.4877885492687;-635.7929332249643 -681.3463735594192;450.1136133729056 -119.66436502063038;-14.213161065490523 -656.9105589939875;-726.2781622177461 567.235303103808;775.3618219751106 -214.8756812064419;-292.9042190715839 -486.01683426609355;-844.8613357338647 194.335402968244;459.6536872522217 -508.75633012973907;-49.29589356741927 976.4677302108308
1000,18,17,LXSSA_REPAIR,8151.250940027152,123525.56016429693,4.2216243567666725,,6030,6030,0,0,100,0.0,2,-492.54351013675546 869.746000409371;-11.62882376698471 -141.65886355868975;318.91198207828984 916.8933228610683;929.8547258875791 -367.92687961677257;-575.9042714589282 -695.4284080058678;156.24640001705734 -653.5364352953474;-867.5473726755109 494.0130577157757;-911.0158989883096 -371.8550875160884;-995.7424620805426 91.92947909053032;-175.82693567166982 303.65959077452106;235.30195113172974 -951.2178439690424;582.9815542206211 -359.71073967287873;743.000302187709 647.7025326431182;-388.28676963763155 -46.49509810383503;-229.37508952383914 -794.2476156622322;-408.6735355566561 505.2692685035455;172.80227085730684 498.7208658775879;730.0126875631951 71.72975393769404
1000,18,18,LXSSA_REPAIR,7349.111762754212,124327.69934156984,4.2216243567666725,,6030,6030,0,0,100,0.0,2,391.87263130635495 437.84987737111703;-29.14857358197817 -901.3068574273004;487.86376261980496 869.235720201134;75.87937228164051 -114.61930323254289;632.3063430978414 44.55855659558674;654.4111007965084 -515.7710454975172;-98.58365763959388 548.5035394273687;-404.8023134153559 -893.4090259188508;-693.2425830265647 -719.5932087362039;-823.6120464180851 532.1870541941655;2.337275743710445 999.9972685673184;979.7706435259146 -151.2680595015143;-457.932009838722 881.6898227386885;890.7156079232188 314.07640092901397;-966.2515044919396 257.3148036894951;-933.8409398013933 -69.00877465180038;-348.85887742309376 269.32797531094093;-293.3380339463174 -484.0548882579491
1000,18,19,LXSSA_REPAIR,7479.772544738575,124197.03855958548,4.2216243567666725,,6030,6030,0,0,100,0.0,2,-677.3486833110555 -234.92651274195143;770.5311701919233 -632.6717528789404;925.6600906658462 313.17582191127826;-913.286426189291 7.235456862611173;32.41327890464922 -633.966363489498;328.7577599931172 -198.8958627677927;-489.748969073727 126.54017077312912;763.5043319875024 625.4365752443651;376.0248377480838 -843.3475878060898;-791.7720226767026 594.074509403995;-13.600358466431109 405.2281067648212;232.25315453026596 777.6233858191174;-138.89695087438565 -990.3068387460011;-369.0642954221962 600.4700757832682;714.5743543232321 41.78101619868713;-276.6058710477542 914.5773649050643;-493.7476435250648 -784.9714370880918;-807.0065065290869 -573.5257771266371
1000,18,20,LXSSA_REPAIR,7936.266001111348,123740.54510321272,4.2216243567666725,,6030,6030,0,0,100,0.0,2,977.6023190029237 139.0207938049695;95.6723409538157 762.070014101438;45.63016278135253 -936.861006151085;698.8836683717998 -334.14102913443674;-445.83084998218783 759.3392533928368;278.4291727470063 305.4123053315808;-560.1896993337198 -732.3538388760746;-332.89666587829265 -234.61677138612148;466.98183028966736 -814.6630560158131;-308.8066834566144 300.9149657457396;377.50732065559146 -41.56711183428525;-887.2178742365527 -93.85258483612625;-789.6999421276016 -490.8044027481348;76.32213090038235 -339.5967831466746;707.7937068440076 305.0593390174297;-661.9118767887043 521.5582811658437;-867.2400606897701 286.1929218048141;790.0199937953621 607.0854113895805
1000,18,21,LXSSA_REPAIR,7015.825337089016,124660.98576723503,4.2216243567666725,,6030,6030,0,0,100,0.0,2,-203.44634284216508 380.3476280846174;-577.8350146486827 -271.96329559720414;-43.55538356915225 -278.54985642594926;268.3628733724102 825.1414562756229;-495.31939429991183 860.0731041904327;-978.5138702343064 -31.574400586244472;-804.6977662174605 523.9172931592558;787.048230476189 -256.6251244561416;-432.66919387472143 102.67132300566621;511.06949595675985 44.06616809034415;87.55573782179295 -976.0887583815106;515.7829807262239 -844.4332254460604;-208.48816189560512 -831.2013541416482;-690.2967275118896 -698.2340901859842;999.1163370619338 42.00536700931586;922.2571751383011 384.0023039749129;-8.658071601766894 995.8503213271392;331.2126740081706 -376.91685270947454
1000,18,22,LXSSA_REPAIR,7289.544113547701,124387.26699077636,4.2216243567666725,,6030,6030,0,0,100,0.0,2,321.60241044675826 -172.9598347701731;-788.725836931861 -614.5948736778639;831.1923715709011 -333.4163712756476;38.224008629203205 -619.5118651770114;-665.5848711979926 312.9637710180959;999.9949556409559 3.176270240795827;-545.2817803356722 835.8297265584446;-237.05817913228915 444.4280125276528;581.6776040321718 -624.8324938525797;13.792543855200257 988.0898881258524;382.44704283014585 877.1683738495041;35.417283220497815 135.1383897066741;683.5791369311721 703.34672845957;-254.0545700689202 -316.2919949875358;-754.4687315840322 607.8597875983052;-989.8954418899776 -73.59685983525232;564.898796160442 269.1949903646146;-26.44411408262035 -999.6502663565554
1000,18,23,LXSSA_REPAIR,8055.951983833191,123620.85912049087,4.2216243567666725,,6030,6030,0,0,100,0.0,2,-785.6901398667412 585.3147012839904;-230.29718308943131 -973.0957104988152;615.3396270230286 -788.2621032468579;706.9428923082052 707.2706320885305;-450.0636681327657 -21.336263964488793;187.69626530438128 -56.00513912153315;590.6407599787607 421.7947542886462;-942.5484753469301 -311.38421545901963;934.1017545686354 339.5116928215833;627.3452567096219 -308.6965466869375;-275.14887668566377 592.4404325038624;-178.20286256476334 151.20149513515193;-697.1137807925465 -714.236226380269;-944.9491018597037 298.7540587299186;244.60297009147806 -687.7142067142695;-269.794342170258 -302.6196831783401;-448.4339567489986 893.8159689972188;201.57728730162555 857.4489281913857
1000,18,24,LXSSA_REPAIR,7425.162501455197,124251.64860286888,4.2216243567666725,,6030,6030,0,0,100,0.0,2,500.1526886441274 781.9172666081886;308.9812535706863 -784.8726656704584;-31.4283754381159 -199.05494727755777;-653.3270749278389 -752.604726266999;-226.2665264060489 -596.3092761222135;536.7253727465829 -370.1645366671525;-602.1803366473636 -364.72557689658714;700.4595744046211 0.007677721229072338;768.2288909690021 -640.1752659081238;-950.7160708309245 -168.6371586829649;-524.9580399322858 -56.52280831574148;-31.236003353320456 205.21583669481004;-241.36439036320388 568.6065333545602;346.027935417398 407.4862322907121;836.1356811322096 404.3247472753993;-950.243569914151 159.39467718364878;-58.00923726807467 -903.3062267503989;-187.8476896756724 963.9183591892834
1000,18,25,LXSSA_REPAIR,9122.892123387704,122553.91898093636,4.2216243567666725,,6030,6030,0,0,100,0.0,2,246.14373782079522 740.0656226065481;687.1151223973976 262.0776426003766;73.06671608735957 995.7374743689918;-391.4529049670322 -32.175313406055416;-12.541431113283384 -406.35102430496113;-500.8780414603335 -552.8134137302021;-153.28694831426904 742.18310337569;293.81825283199606 -617.7048226247682;354.53019374088876 -34.63027441462945;252.3621036430585 356.3631159827333;72.48849816270237 -854.971303305192;867.5590304992696 -331.9733942770297;-263.6634889896335 -954.4179655472266;-652.2067885871031 211.93590420559175;-511.48374962152747 838.7529946641945;-219.02873658107504 336.71616193806767;-988.9238550617442 111.2659573568272;995.9595180070007 -35.507438211624546
1000,18,26,LXSSA_REPAIR,7188.114916827311,124488.69618749675,4.2216243567666725,,6030,6030,0,0,100,0.0,2,54.61578580284024 115.44626460312767;-223.91086537924312 -946.4482780306679;325.83857575039474 -942.8668246064435;-305.0222983047326 433.2271426293555;277.3700129719092 392.1684335214271;621.9329225280087 -771.140958366518;-956.1693308769864 276.64440441086424;-946.0767039813018 -172.41539917712157;-226.04419886792553 966.6356332483889;986.2694686888078 165.05913954374412;953.711787180287 -287.5217827291311;234.58185200545248 964.3522183434593;-537.9052604772947 -843.0012487524092;596.234151945809 -189.62981730751497;666.662194509292 274.3305889222924;-712.67490260644 680.8611786063108;624.3972329597179 735.2969405329351;-762.9982826949549 -623.8889263399349
1000,18,27,LXSSA_REPAIR,7956.957052960992,123719.85405136309,4.2216243567666725,,6030,6030,0,0,100,0.0,2,458.73082861070736 -82.60371032898932;744.5283351015464 211.23048640914212;-183.05923516388154 139.21132903593767;85.16152048882127 412.7803173538868;-165.9057670612319 -681.1555730063399;412.55255778556455 -530.9133613456937;-824.4304611172495 161.6756532727458;-613.7135155648734 600.4978101131607;66.0319058317676 -309.6541117749773;-563.1557152032375 -97.87200806916088;415.17402575981293 763.1669483053332;839.231907430512 -308.41528847066303;-601.6963950702819 -566.5501787388562;373.79896747749393 -851.9007371778971;-946.4070512310047 -210.46574721902832;-100.47573761900425 906.1157062807359;-148.3528874377893 -988.9283321146398;739.7106205752602 581.76409192721
1000,18,28,LXSSA_REPAIR,7745.35442948353,123931.45667484052,4.2216243567666725,,6030,6030,0,0,100,0.0,2,959.2362025918228 -282.60556901310247;-175.3524203559421 -647.2254556469322;-934.9491273529534 265.1891522828048;-397.14080989826056 429.9426854619235;-70.55977867964538 11.609395058629811;611.7007318204676 349.2546695808827;-815.5777108433979 -501.7440525652425;332.9103061399704 -501.0134349056626;-628.1418676634286 673.9273845043604;-594.900981668267 -262.1135216408636;427.0945846969799 877.4896288642866;-94.62873237138894 993.7949747802195;896.257216198244 52.21186244401031;531.8279300090072 -164.8176458234172;194.50813258038923 444.22365660825716;-484.06673666814845 112.68872777094681;517.0384837841898 -840.6694278299417;699.2960134519408 708.3950130890763
1000,18,29,LXSSA_REPAIR,7252.740194891187,124424.07090943288,4.2216243567666725,,6030,6030,0,0,100,0.0,2,375.8708543882176 923.8099078518983;870.2925200423526 426.9474507445477;-367.9060845408149 150.00084900205962;224.37172466116982 -913.0873771555948;-382.84630747692495 -523.9405245647769;419.49784157945226 565.7224790215856;-946.0441090495742 159.59386606094532;315.8094628646986 -261.90353042267486;678.9022345875334 -468.5622949318026;-227.0094084701874 -246.39648697178737;-890.736542257776 -235.6719325217181;-75.58139877692595 423.0688711674586;694.7455456258984 716.9278647753143;856.3418061190678 -133.46063355154567;-299.6821594784494 -905.8592548576613;-810.6594013075038 585.5177535857532;-196.56258383794528 927.0005087357858;-771.1202196487326 -628.8937873406877
1000,18,30,LXSSA_REPAIR,8297.853449399292,123378.95765492476,4.2216243567666725,,6030,6030,0,0,100,0.0,2,317.7815111385538 576.6089853235363;-486.96443848716757 -70.05354924288791;940.2091985810806 -327.9576354894112;-846.4865199723487 -418.0467440155574;-203.06101635281203 109.15087096800302;315.7984485496836 -314.41681630088794;-307.9676738285159 740.6697960939972;-810.0621334681505 260.3305688114867;881.708493987129 202.53084903832894;169.7002236670051 -586.653575357804;94.9146349713008 -995.4853656483164;-703.7799117328738 629.405098503682;-116.01222545396885 -420.9634142901431;-979.9320295025925 -73.72720931335066;-80.0094139434676 996.7941079683521;665.9803197009771 -694.2087558371179;553.6115121294919 828.4722155078806;-211.0257445509232 -809.0377412233478
1000,17,1,LXSSA_REPAIR,6763.340523470266,117598.09218616912,3.9047249869666607,,6030,6030,0,0,100,0.0,2,643.6163120490511 762.0608653196136;469.372806819618 507.5117757845259;580.4508358041975 20.525491642286433;-375.2706597054655 782.5693635367847;-85.07047340557449 327.1264386809754;-653.321593484677 -755.0524086786;475.6482761789202 -878.8112841230071;746.2905202792886 -516.8029902425267;189.3732249263517 -372.3397833047772;-934.2464080698455 -198.32663717983738;-579.2343754169485 160.30629972482694;150.71403012841995 916.9209234053708;31.683557498492654 -745.4294366803542;-594.7537817415247 -201.62055164030997;89.63915990674951 10.656670209767194;972.1920129263501 -187.29745080916612;-567.6498146092041 471.98096002312434
1000,17,2,LXSSA_REPAIR,7131.538130242887,117229.8945793965,3.9047249869666607,,6030,6030,0,0,100,0.0,2,-772.7151123817822 9.157380312395215;-31.13795234337303 601.0432544697836;-605.4011440516642 -779.0899658959094;236.59386568533378 -375.95884723599374;420.4639776688409 328.9660136302593;-171.14759941748738 8.798308900061393;-340.57779433117196 293.1801212773776;869.6607412009291 29.072510051259815;-707.5553481870389 -294.85688754053047;235.7930156343095 937.2115123035144;-317.61193150870344 -943.3702314334404;882.3823708391666 446.49456137410357;4.763679528031226 -760.0085088639066;465.6609159973034 729.8049294810564;-366.33672899106847 -384.8559057846099;-339.97015501907293 940.4053422957079;702.5852058510802 -646.821021491805
1000,17,3,LXSSA_REPAIR,7128.016379320674,117233.41633031872,3.9047249869666607,,6030,6030,0,0,100,0.0,2,-843.1433826073342 -122.9911621607725;548.0573368415556 799.3466447280571;5.706669360355363 -554.2290574671784;-162.83710451188298 604.9258437101481;-643.9048480191205 -746.4866802088734;642.1070350849595 -538.5662447360255;111.01027058669145 -959.6264800214619;-682.572875088794 725.4702891236573;-420.3228540622066 887.7990288284545;-14.923448600562482 170.44004086439358;-293.02718863007397 -956.0777099960322;343.41647932132923 -203.56774441641303;-99.68957316333955 993.2390248875785;891.3893614191943 429.50667725617535;906.6061548104854 -215.54599490045484;-555.273244580369 173.2160364322645;-918.3751443578781 393.9910259258693
1000,17,4,LXSSA_REPAIR,6368.193030825918,117993.23967881346,3.9047249869666607,,6030,6030,0,0,100,0.0,2,-167.7690617360971 112.25538784943159;497.1096428021395 867.3578525534144;551.5605707805817 318.58011833872774;67.51817731985285 -708.9419189758654;381.643741799613 -224.3685969866642;-379.4850985958324 -426.5626031237;-914.6649143142502 -103.53137498441679;-502.8657143173313 864.364548882079;-679.3979906200902 601.2508863739429;813.556505797862 -347.614811112054;168.76627733489244 680.9950217553468;20.371000413092005 999.1849629469178;674.3871707814623 -702.7241028527782;-704.2189800441486 131.03919589362843;917.5534547734921 77.85076694973333;769.3800702633966 565.1769594504003;329.1734945036097 -897.8715674376699
1000,17,5,LXSSA_REPAIR,6605.0820528096665,117756.35065682972,3.9047249869666607,,6030,6030,0,0,100,0.0,2,363.5651633643831 -13.67268071644116;546.6941655031769 837.3323649571805;290.108391420248 285.43951719970397;-975.0773883136758 -202.57749964024288;-497.78377202562257 -208.8010866921313;735.7354942705465 -677.2684659670522;25.99173130901889 554.3723798805563;353.58339369261114 -918.1342918717315;-363.9582318617881 -928.1367133616143;11.18243704239654 -708.912068667941;-494.13281167217104 271.9960218538475;390.6472249085869 -487.6024227599558;-551.9502678929696 820.4925132067605;136.14886427431736 973.0522499400121;-636.2210794502463 -541.8348228820245;982.0833540870718 -19.0034445544069;918.3297821024948 -341.4976560923203
1000,17,6,LXSSA_REPAIR,5921.785325246354,118439.64738439304,3.9047249869666607,,6030,6030,0,0,100,0.0,2,-519.3411880210855 387.69804845945737;668.7144922437438 -736.0668065333912;147.64287388477223 557.2340971912296;-947.1656474625137 -288.92182927541506;124.51201316443613 -914.2558972711682;-556.6344728118627 830.6021583851166;884.0810129446629 388.31056425845117;422.77475779159124 872.7102212711442;-288.06193839903597 -284.0459060911844;829.5897039837869 -261.047049884571;-288.86925122933764 -921.6534279503217;169.65871899270294 6.530442667643417;718.7257354579418 695.2936913207544;-775.5539914660036 -631.1400009973194;981.4568988415507 19.34126651103967;-809.4716416487548 559.1756396328452;-17.471203785364857 990.5027014235048
1000,17,7,LXSSA_REPAIR,6896.897635589514,117464.53507404988,3.9047249869666607,,6030,6030,0,0,100,0.0,2,379.398009242338 -728.996813925609;-591.7730684379022 801.7986055542486;244.15113620419103 -345.5569109513964;646.8407357358841 443.3347526522641;258.1991386688165 458.9464222114883;641.9720690908371 41.230561752076156;-249.80502830779548 607.2140666038174;-199.14401363985272 -874.1936978552328;-27.15192706458422 980.1866480864945;-464.11525317915425 -331.9924485511485;-856.1290859221797 -348.2223686604817;-155.12620889761158 206.37015445362132;774.6700612633643 -485.87092436198304;491.98024581103914 836.2760318481927;188.7673442291755 -982.0218377167912;957.3686965521509 -171.30295484280566;-865.9755162959993 412.2088786191069
1000,17,8,LXSSA_REPAIR,6905.4118855057895,117456.0208241336,3.9047249869666607,,6030,6030,0,0,100,0.0,2,403.4706581281475 436.59446577729676;-630.329384298 -20.928508598779633;-349.04363904479044 -580.2157317598881;-419.47783007215037 869.8158570147674;901.9475355516875 431.7215750445098;97.11240123691663 995.2244011587054;-14.090927236239517 189.78107718394745;276.8520862256284 -861.7778802125578;-634.9677660313096 635.6660904530634;-151.47257632437638 -978.4257328953422;-858.4220147541768 401.1020346515948;768.7891943543493 -118.90055381712044;36.75210962855759 -461.0703780981763;-803.8800195938348 -586.9618150217273;-394.61819813271893 406.511929379748;304.13011731144854 8.890037270374561;-823.575295883393 -278.4795403683139
1000,17,9,LXSSA_REPAIR,5287.538690878064,119073.89401876132,3.9047249869666607,,6030,6030,0,0,100,0.0,2,-999.3427533636295 36.247197224102685;-148.8878416186252 930.515610751102;-40.76855926375766 -999.1686136053427;305.18994562855437 -343.01343948591693;707.9547766573686 -577.7513047320083;43.39776697590201 113.8619032206809;449.0176263577577 -867.9283258251631;678.6455581197713 104.10155629452326;781.5121048704402 534.4255495581428;290.9133275521959 810.2971901798121;-674.351032708108 -287.87104745165095;-913.2128037782868 403.5746284355018;-489.8806799954753 -582.2185044897909;-185.21335715470389 550.6065710701781;957.738667900887 -165.771486563595;-431.7729344876567 120.6956402055942;-604.4832043597836 796.5992706250432
1000,17,10,LXSSA_REPAIR,6485.109523690669,117876.32318594871,3.9047249869666607,,6030,6030,0,0,100,0.0,2,-510.37606776597835 467.34010286871023;-182.15263011314275 -563.262165186472;78.87252584259241 -248.34099332425427;-640.0463524953797 -560.7246534102501;-501.67122602366027 -76.37146937579938;-330.72794250927853 844.9361569759957;410.9563520517071 -854.2981837987543;505.88869380705023 825.1914274312139;-958.8146836318961 -220.13889754050984;744.6538911723288 -261.7352470766778;23.03891417836176 -955.2042699029581;803.2580646282892 553.9323728906944;901.2568047039587 171.05782903558915;-74.53214525653131 183.6701947277298;393.13789414135147 439.010104914793;632.1253943910266 -584.0826960725249;-902.90653026075 361.43906110404413
1000,17,11,LXSSA_REPAIR,5489.73158768662,118871.70112195276,3.9047249869666607,,6030,6030,0,0,100,0.0,2,-762.6066919266008 1.6300896135508605;174.12014002481408 6.641187246919444;-66.90306067059481 -637.2335846054305;845.2798059991038 -149.91830151090218;-738.3007070821932 351.58669177051127;481.8732494871883 -757.8505714033192;-761.2193373388911 -648.4945030309351;-336.86462564594484 129.0838721355588;-274.2107704204479 950.516047188142;-326.76605505580727 -936.7029127377607;308.37592849764434 946.4965355964218;709.9881731447585 -433.99431132038416;-138.27088497331093 513.7774229991543;855.4668891127118 389.69516755086175;-522.4815728665667 -399.2653076497554;693.8196895476619 718.4865961649849;-697.9677945023295 696.643331419731
1000,17,12,LXSSA_REPAIR,5907.468587128838,118453.96412251054,3.9047249869666607,,6030,6030,0,0,100,0.0,2,-142.49447059127874 -402.54367160702486;-329.03076105160596 -887.4021320692052;10.939860322618616 67.90928233614358;771.4917443072458 -390.7242664791076;140.16537796036084 780.8365505322097;977.1738957598873 -158.22972928293697;-958.576443249787 159.8991525307204;-747.5363958709814 -217.44468364623177;-685.1994556193217 711.9993623956253;597.368313313352 -672.3526577264126;751.9670292031049 61.78411761567584;603.6851141348322 648.0350932939422;-669.9523870907724 -548.4114301632798;-885.2944099561901 465.0034057915408;40.45673871714025 489.42221000522454;951.1788228358985 300.65285323627853;71.46396548200929 -997.4397022620552
1000,17,13,LXSSA_REPAIR,5865.514567252903,118495.91814238648,3.9047249869666607,,6030,6030,0,0,100,0.0,2,-205.8326708706103 -353.66113466169224;-506.5229869012776 -854.7994610777516;66.3858452125386 993.9855483795828;828.4243095703348 -543.5783743781788;-208.35636030137414 48.70516017413549;-876.341900695278 375.70518870607566;463.70027838690316 50.15466613544595;929.3376344897079 318.23911035166975;477.88191187105963 -344.4420362526218;-980.9437289148337 -177.89204545723973;-496.61810576223206 844.3220091597012;946.6442818245719 -215.49675421391234;-114.10730726427919 363.4761126841227;152.94808155231686 -689.8318267561258;718.4697886953726 560.696144127245;-834.5100287735228 -516.3491821668155;105.87651658612323 -994.2136265675356
1000,17,14,LXSSA_REPAIR,6824.993989105511,117536.43872053389,3.9047249869666607,,6030,6030,0,0,100,0.0,2,88.55483114477379 691.2775287163101;-397.1330053255148 -864.3098251366325;66.6208486253903 -989.764452383215;25.870528174530133 305.8998131005577;387.04101081239105 405.8026909992563;794.2199397396878 283.85469542424096;-944.4684670425167 322.5978604058967;479.4404784437766 811.0928581614319;782.708075127553 -589.5120068411602;69.67462703401429 -595.6734184950692;325.30827437864934 -160.91163139403912;-473.3664660237931 177.96429729975492;-325.9438786026944 -326.55755690685316;510.1810991073618 -858.9505936846277;-703.0888073108653 -689.9184057926302;-393.1135456903015 916.9133728611321;-843.667332222129 -176.7850237455005
1000,17,15,LXSSA_REPAIR,6429.877118544653,117931.55559109472,3.9047249869666607,,6030,6030,0,0,100,0.0,2,-538.7481133290084 837.8272022703038;-985.6564453627246 69.5357462250537;761.725591082223 -647.7478558452036;521.2690266944419 -2.1994426172539425;355.9590077766035 833.1692529661393;-219.56207312875273 -947.57128558977;947.8402383708908 -235.15326262287175;-847.1147359998513 521.896702550336;25.48236875295024 -464.3599375866984;-550.8015007196846 -613.2921535245305;-888.1581408937104 -405.39655758302257;-217.62068268339416 516.3824833331571;6.994831664585951 124.37777915846398;499.08235386199107 -473.59610357909037;-128.65235050122516 959.3651429407614;929.2244462431964 235.43751417579466;433.0934089546028 524.7542733036579
1000,17,16,LXSSA_REPAIR,6172.551743330769,118188.8809663086,3.9047249869666607,,6030,6030,0,0,100,0.0,2,-823.6774631567608 -335.26000676156474;-816.8249601857927 526.4412915013717;-164.44497032343983 935.7637334973197;285.64892506528827 94.20668399384122;435.3506763917634 -311.609919825195;-653.3253108159663 265.42047645409656;663.7206629758896 732.82252533399;758.8662183530943 232.4103478907497;-508.5756614556571 -827.5985642945923;191.02304383041232 -644.9337257218396;58.92674229696951 -973.1594405754998;-10.934233722542821 483.8102008203033;532.484650828332 -836.2485207733379;-567.3510582053766 819.0368975519389;-997.2375131849212 71.10128140089726;-405.78497274468407 -95.28171991064978;882.3324200505872 -452.1654554011222
1000,17,17,LXSSA_REPAIR,5903.835855343568,118457.5968542958,3.9047249869666607,,6030,6030,0,0,100,0.0,2,-662.3709508237646 658.0910607036466;370.1631988997439 -840.0957133584601;-495.1405085795989 -382.39702077426824;190.45316073485347 -395.09669280270896;-54.2311312912907 654.1814804231191;-159.73466471140588 -987.1599854580486;428.1689263696735 195.0824853349077;-187.57742259389218 191.3808232204904;837.4062835809701 -387.3078185389262;-927.403234471477 218.49395126908829;731.23814160618 619.7673608378524;-800.7463139462699 -167.88274314646085;-246.0207841611626 -662.6919989467318;-138.65159631184096 961.9215142574654;718.2577139570708 -100.65703903416816;420.5361410055828 806.188189399283;668.5555360049796 -665.8423546207777
1000,17,18,LXSSA_REPAIR,6361.361734583421,118000.07097505596,3.9047249869666607,,6030,6030,0,0,100,0.0,2,759.4997504053875 -136.79240468813765;-527.9845172897407 -833.063577632893;779.561058432445 -539.4433649508882;-753.7374379163195 -293.4337073808997;-64.63009926287533 -965.7649006611458;-678.3922058355396 261.7724297910329;231.94342265249713 5.658284976291628;3.0003859066031207 -530.9593120996419;845.3188619062036 180.72752997077552;-275.12020883155776 -156.8114251238322;-52.593223274629956 440.2101947881004;297.5254182641501 950.686278456373;-239.87929840773165 794.351360209932;-349.76216463192 -520.2937061863124;304.80315595510046 -851.9278369831482;-280.81438828118746 155.0414848627884;603.8856764002753 617.493158964135
1000,17,19,LXSSA_REPAIR,6559.593773682413,117801.83893595696,3.9047249869666607,,6030,6030,0,0,100,0.0,2,241.2072850535241 465.24296063983735;-99.76980900781574 -280.7825583973474;856.7552098119704 145.6916301739922;-3.872594390745794 -722.6502178600568;-524.1299129690145 442.2491413773625;-251.3134872142526 961.8106537481992;457.1714411932526 -597.5633712800047;882.181258882043 453.3194375953105;345.00381924177105 147.05106510707222;-487.50966451155557 -170.6918804660949;643.2117053519535 -261.19860242753873;-657.7318359751473 733.072427937434;635.9660916938614 708.7591412421621;-794.6075242324425 149.44247362035523;-818.5483213128732 -534.1321961724542;-518.1648985911031 -852.6312954404691;192.5685284411427 963.396193747871
1000,17,20,LXSSA_REPAIR,6384.182843089278,117977.2498665501,3.9047249869666607,,6030,6030,0,0,100,0.0,2,-501.18064513498786 -566.6900631946417;975.5926565923365 -77.16799089319564;-221.53835877733417 -94.93058838614726;598.3457373053068 790.5429592925183;-33.436679682536194 642.2283582121376;-634.6435703470798 293.33417310957174;902.72167907597 422.81774104874575;433.0643782007622 -67.32440050426085;-59.54046165830808 -824.4928934050521;339.39231950459316 269.1717612877981;732.0625107060544 -357.2769050319094;-228.45693178410428 970.235539763319;-948.3676137148672 -304.56036544512295;185.75436295053763 964.2403633328146;565.784507963397 -824.4184931350165;-853.1397350804389 44.22071470397748;-735.7012433748654 671.5544978572467
1000,17,21,LXSSA_REPAIR,5621.594826657238,118739.83788298214,3.9047249869666607,,6030,6030,0,0,100,0.0,2,-847.3279841038081 512.7562334122309;-615.340330602942 787.1511682666068;614.0053519226589 18.649506032482883;-311.58717989014076 -943.9596749999263;-28.922911583472388 -608.0262696217521;473.7973301217925 299.37878327867196;-37.25405652431447 946.6663073042149;529.4988489042396 799.2760982843073;295.5182145122268 -947.9471542869519;909.0540689917245 416.62963440353064;846.59728933988 -380.9995813189068;-996.6679854490961 -79.3907509983565;-376.4144001967524 -243.3013150560909;-634.7919843839425 27.275119062672264;-912.5114252080516 -403.0634785117816;-553.6931740146474 341.9253134080594;-593.9644075563648 -759.5940157855679
1000,17,22,LXSSA_REPAIR,6383.702203911118,117977.73050572826,3.9047249869666607,,6030,6030,0,0,100,0.0,2,359.9453846156305 -465.00656036460896;268.2324042804961 246.39497954710976;-46.30524476846904 996.4830608471802;-733.7464132990283 -679.4203419135983;-79.48212495084351 -936.7370305859897;-935.7099395323324 143.519118549148;-149.05150608164593 610.8313218475514;783.9468360203017 583.6484318222791;-525.8395376842939 -287.67717735728814;-487.9208525643837 267.4889337675628;658.1950126579308 -751.8770858143507;766.9633903259977 -354.3409200343309;-690.9524059487268 606.0692766531987;965.5450702072968 -117.15426310317255;-879.1620477649285 -385.8931488159879;552.4651264910913 817.7987283237621;-433.1718081889301 876.400627937926
1000,17,23,LXSSA_REPAIR,6435.303985454812,117926.12872418456,3.9047249869666607,,6030,6030,0,0,100,0.0,2,79.85119360651044 -986.6563326367125;377.6154369106477 542.673269337287;-591.2745454257464 765.8860241537393;2.981100484262082 919.578400046456;413.7708808364557 -222.41091115125784;961.865660851323 -83.34180191655976;-263.5473632116562 195.39363170048642;-816.1858441715844 359.97376614201073;-184.1374781332461 -827.9932227936268;-813.4918760322885 -512.8932741047965;-274.23093484275853 -372.2721728553316;788.110996693992 -437.1679605355913;-689.6607047172288 -230.28086147700216;693.5983461754604 720.3612094568266;532.2808375248056 -846.5678413475741;76.75604716005168 382.960352678483;-960.5813993953179 45.256726771670905
1000,17,24,LXSSA_REPAIR,6966.815798738433,117394.61691090096,3.9047249869666607,,6030,6030,0,0,100,0.0,2,900.7987244925114 -427.34640352712114;434.6552210227626 741.2615714965299;724.1992919917153 -679.7589219035474;133.95158687116518 933.0859335459627;-147.0896086009104 -393.5281433107354;-676.973319393569 -383.87964518104945;475.38654329864175 -425.0106356211823;255.91117868431323 -825.6957183654412;417.02932334016185 400.2687435406356;-678.9200842356736 732.2867555256686;-384.53579133840316 429.4009963758301;130.26679275190614 -74.57043681120045;-356.16015034962055 929.9941713884164;-699.0271458955517 256.7911830975412;-654.6102724300916 -67.16245281256838;862.0473307538301 -67.03953286740796;-502.0687107937318 -862.9076983470703
1000,17,25,LXSSA_REPAIR,6896.822112797163,117464.61059684222,3.9047249869666607,,6030,6030,0,0,100,0.0,2,-487.4422963005563 -538.585822171965;-338.4123097783106 497.87578628947773;484.0583821504718 33.135193616697066;-337.8915674717821 918.82068223099;430.01496108907924 898.7023879552634;589.8542087248921 452.656841646984;-893.9628751395508 152.44928703615378;618.5969943350827 -617.4552565187754;-402.5377132711475 -912.4355973682204;53.650604617185984 -776.6839190111245;205.33327969596957 340.5472947093823;-161.2243112981083 -135.5471312726394;-786.3642377574155 507.7922782764818;899.1236193901489 -85.91397151907026;336.13854426411126 -941.8125498526786;-929.4718246269058 -153.496975791658;886.2088614560013 -462.2506979394816
1000,17,26,LXSSA_REPAIR,6130.756641049942,118230.67606858944,3.9047249869666607,,6030,6030,0,0,100,0.0,2,420.6745676554364 -153.54574645829325;73.8176518072713 -334.0382959405323;-377.7401688736146 343.2875653711744;-928.9822941874163 14.885660657377976;-667.7744849713675 -514.2256181549558;-55.44794652885726 859.4923527566173;-565.1906387783125 -818.2562202768053;939.0828454465717 343.688808245886;470.0382752606384 348.2103306094542;823.8174122634334 -546.8321747672135;-921.6391861778161 359.5079592892212;-244.30925098361558 -635.1280404834687;548.8323138962535 -835.9324680997169;-172.34908066896446 -12.095047481668244;82.78838182464722 -981.1053126762712;493.5026436623089 846.131677126179;-618.3179441053347 718.4274068873272
1000,17,27,LXSSA_REPAIR,7329.882446908741,117031.55026273064,3.9047249869666607,,6030,6030,0,0,100,0.0,2,735.7704972356972 276.0250011763063;-764.4590693938414 225.64785650910991;-125.6953110559776 790.816435157498;256.94381644464556 -736.8295658015326;579.5401216588151 -440.25582194594074;-325.1866508786407 -741.2284286850926;997.766429835559 -10.332504120884165;69.11966779393028 270.3894180406464;-875.5787050190457 -203.28882293954274;-461.103631528794 887.3462914730404;43.51592583286306 -992.3833207685991;527.104304038347 635.892298413709;-311.45238213119984 -220.75074907956503;409.18494960765 -11.804810739544612;682.9882610984175 -730.4293499043968;-566.3486774251854 -505.2362093213475;-107.4953205051625 10.727481227025898
1000,17,28,LXSSA_REPAIR,6521.147371144238,117840.28533849514,3.9047249869666607,,6030,6030,0,0,100,0.0,2,-370.87610021696634 64.07287037318193;35.22651243226176 -994.5237122165529;-201.1748021086937 -764.1541723766791;800.4103079998337 -538.9221546333179;183.70725304525462 62.89721338464376;-32.35033764234655 830.0199918735474;-636.0567778760078 -377.94457583848197;439.9205086519245 -758.7500017560033;-838.0747687488639 545.4972400144079;773.2171311159578 -75.9788763285558;-972.5303859676582 -187.9132945019289;827.4130724519673 264.4951369095137;-654.2815451249395 -754.6986795783431;-100.4083493007788 528.8509734003457;-2.750176900791422 -528.5255072591642;437.5031053159516 534.0024656842871;523.6364445882879 836.2071920794788
1000,17,29,LXSSA_REPAIR,7466.437470514196,116894.9952391252,3.9047249869666607,,6030,6030,0,0,100,0.0,2,921.450454130215 171.7771425995337;878.6328509253054 -477.44221095727187;-60.19563026868567 736.0224370365123;480.0658718161862 -708.6341720219385;441.64823954869604 307.402341635515;-155.1676319268917 440.84589589253375;-543.1734672879028 -836.0766532807262;-401.3876223023161 915.908279612371;467.59639639953275 -252.07588959828718;89.31074340921933 -825.3709060364848;-707.8654182856924 -545.378287985576;-891.1209673521081 453.06517497583866;-964.5182058140542 10.791991592766095;124.63971849078405 -450.4996456152513;-301.89006908257716 -144.5091235861008;484.73734810857576 874.6228032489546;-343.5220736774533 -449.6825356073063
1000,17,30,LXSSA_REPAIR,6254.56604748551,118106.86666215389,3.9047249869666607,,6030,6030,0,0,100,0.0,2,-335.38714545626016 -150.6706835205633;143.37368263326184 500.04798628760204;-11.750889829513154 -327.02793858454345;-581.9969311547144 87.65046121014807;362.7106346281681 62.95095655107133;957.3498170127407 57.53030990404228;-983.3065793066442 -150.92313771197828;-385.32336531093404 477.7851391247638;-414.6038277934587 908.4577153311938;-319.70234391207737 -623.2225611132691;179.01651058698573 -971.1875783768046;782.6440088764189 -608.3881931860985;831.0052726022168 504.9657643776412;386.7480190639745 919.6095131456918;-770.3008187958042 569.6148777263783;901.0566302676915 -291.1851537511799;-607.4926864972059 -794.3238934742552
1000,16,1,LXSSA_REPAIR,6089.79607322409,110956.25824173064,3.67716230006669,,6030,6030,0,0,100,0.0,2,-861.35287580973 -499.2335170435536;177.13216373850017 959.5760534807605;-817.3180347329891 441.3961344992997;-313.51579538466086 -164.02869385467838;-974.8678999307732 -165.38995123892664;-385.09666909209136 -763.8064348225779;-13.777812162717566 387.9927319608409;303.5164746380679 -513.9893104155467;12.294248707703444 694.8872559816665;591.1423844229776 -169.90141933942184;893.6423881212937 410.3734215372817;936.7966378821653 -349.87434780599597;941.8683143832505 37.07034284127724;560.8471605160436 -749.927536862646;-483.55707982772464 121.78529344807026;120.67965043661466 -30.165412786098603
1000,16,2,LXSSA_REPAIR,5771.934986933033,111274.11932802168,3.67716230006669,,6030,6030,0,0,100,0.0,2,478.66107562085455 -837.1251817952245;-759.0799126321892 644.722076735934;-290.33179570926967 -77.79704053578709;27.43136173745833 -665.5367332150545;187.9300148480398 225.3833333602708;-956.8852430229314 -106.54167159153494;4.14606696622777 -977.4197839774635;-189.26874267417608 622.3179337116376;766.1745233838858 -642.6325541998906;998.0188624208117 -62.90926247273092;-525.2322564928157 -816.5463033459188;-228.48266966300443 961.8340507355364;408.0570056471475 613.7230443054468;533.6375034164902 -63.37555659035065;334.2667186083352 940.5878929343271;799.8178740147007 600.225500152351
1000,16,3,LXSSA_REPAIR,5081.528176913576,111964.52613804114,3.67716230006669,,6030,6030,0,0,100,0.0,2,789.554367706493 565.0883218909837;799.1761255864318 -413.9250405066339;-354.5847844583382 935.0238663427975;532.6527162656554 -826.4557560255054;957.6705788362503 220.99104031689328;-748.5930467672828 -69.82745943058461;-521.5434906067807 -796.6610454726455;155.0461573572436 797.9971636642191;-862.1299984086078 -426.31163866294247;140.70130180759958 -604.2509071638874;42.470359720000864 -953.8186209169617;-741.1528551084288 573.6644589474054;-986.6533339188838 162.8348816032712;-231.60392817288127 566.979000294015;78.58779015567349 -218.16840546293997;435.21046428216596 350.42490472785266
1000,16,4,LXSSA_REPAIR,5758.080150858645,111287.97416409609,3.67716230006669,,6030,6030,0,0,100,0.0,2,-699.8451926517754 411.938016643088;117.36393971988183 401.22406279765613;-250.45809464322755 -566.3607127403789;-86.43397325462968 -272.9627994206009;-391.3317427562331 122.87167704203998;-633.2656255898013 738.3247065897509;281.61825930925653 136.9804742404145;201.80756434186765 -828.8140473703946;726.750460206997 -534.8215407629252;-719.6464709335954 -435.702786466282;-993.4804494906156 -26.661755901578935;30.09059442371857 739.3925722714905;839.0782235593114 -14.61373151981003;384.81129628115974 842.8235372521854;-193.97835989415802 980.5663423776011;-254.34699062706625 -957.1971492085733
1000,16,5,LXSSA_REPAIR,5311.865018751632,111734.18929620308,3.67716230006669,,6030,6030,0,0,100,0.0,2,34.81932981193983 957.1398542421726;-160.11888558162713 152.08175197192034;774.9904629353939 -328.7079426466152;829.6386640786573 449.47783443310465;131.5905998972068 -328.1093954186543;-748.3161984637869 -27.636607681648574;558.5631680742542 820.7157460550267;-114.81568329410435 -576.3016324821025;-671.4581935372721 -716.4225919439976;435.4882878433406 -900.1943963118608;481.52616500186843 -143.25345051372753;-279.88555098470863 -925.4187187737298;-888.3723618264352 459.123672601317;-575.1974189823815 796.066428275072;949.7978454661227 136.93985123626936;-236.30403532000102 461.36852231189175
1000,16,6,LXSSA_REPAIR,5542.232243432154,111503.82207152256,3.67716230006669,,6030,6030,0,0,100,0.0,2,391.59395695912673 -920.1377175795999;-974.67003037054 -191.08183846690127;-467.4590464908427 -183.1272595513335;309.19123136752717 -600.7728254757975;-240.2619074343662 -923.5618201836736;-856.5865554825112 512.1031136439632;-311.24627436831713 832.6331234061921;137.0243599136282 8.096848478056511;-230.05362757992685 -601.2360135912216;342.67514520193004 642.8294952503294;884.520734711406 -437.063526224772;752.3101984190256 626.4316978774871;619.9121634586089 157.46839863932559;540.29790947471 -214.29278253098775;-159.22905777115344 176.33571435966374;-803.563630202905 -591.9498116256558
1000,16,7,LXSSA_REPAIR,5124.663040372558,111921.39127458216,3.67716230006669,,6030,6030,0,0,100,0.0,2,442.66380870453554 -355.4354719501932;-263.2480686219348 -189.2176122598394;-507.44692484444835 821.7413680782493;-74.33778045813325 -994.5777783953379;980.8962382436667 -194.2835721756672;-999.9188046006725 12.743006158755163;-782.9464952901295 300.08879499001677;593.1352341666685 29.985594727730376;849.8640955963117 344.0923031809906;-26.583093989053054 -612.5743141287497;578.9503502595999 -637.7109153286441;32.10304209487905 338.84489936164596;428.0469036656809 852.2202335316601;-552.5534896076101 -738.5185936402588;54.73885504799312 969.275968676052;-65.10307679325857 46.58650053843803
1000,16,8,LXSSA_REPAIR,5043.001707354546,112003.05260760016,3.67716230006669,,6030,6030,0,0,100,0.0,2,709.4080199023277 -600.6804045635052;-197.39485500356125 -348.85602825098755;-631.5500702134901 732.6330786480175;-726.8673762169676 -675.9949725667826;929.609491985736 -247.45830078774296;402.66704708641794 -913.2966752819242;101.23134713558781 518.2627563232548;724.1761875525889 689.5999194732027;-338.63727748349925 -905.8318467149195;163.37088552803925 -459.57778518266565;-846.6069483927034 -158.55761586354163;951.7206370812246 291.89215508299964;-911.1639179209691 229.18403734060695;-141.0790908055397 240.6131290391755;509.02679076806953 -366.775799558294;407.44845471702706 896.9621567484784
1000,16,9,LXSSA_REPAIR,5427.730168719121,111618.3241462356,3.67716230006669,,6030,6030,0,0,100,0.0,2,-341.87851660388003 -317.7081108915891;820.3712401789976 564.9726806809133;21.482615931804588 -998.0925296263393;-216.66157143574821 821.4838396919417;-585.9101687668804 -659.973862226845;-782.3237590128708 622.8720061810225;-972.9713042976888 21.970104820627448;-15.4073060183582 362.65369042063;180.40562080683836 -10.081518047852791;740.4725407782132 -615.950322179518;345.95401946430326 265.77491931515647;402.3036314797622 825.6052276971433;-788.2909708784553 -306.38501978317515;499.6101368853275 -866.2503743845796;-154.09069435227858 -669.9112797450908;647.025920068152 -276.7406558990728
1000,16,10,LXSSA_REPAIR,5246.863492604782,111799.19082234992,3.67716230006669,,6030,6030,0,0,100,0.0,2,488.7823394410404 735.5841126793781;-494.1394029925931 -806.7106848089535;58.68839867387924 307.01519389230776;-866.5287158382467 446.73669008955693;-742.307047919473 89.7322008715859;4.718358764518868 872.9362944218302;357.597182337398 -848.0036616167843;-298.8381426214465 954.2588045254431;544.5542259883001 -228.33599615455805;746.157328873051 470.4346933449913;-895.8904226968847 -185.89341282270937;-161.81845465508027 -986.6109871859218;-418.38061770946706 436.3003556858662;683.1386014234167 -509.7471016941799;-374.2457217130732 -484.9263224512403;-306.7640071732638 -36.28803094168513
1000,16,11,LXSSA_REPAIR,5839.749319446768,111206.30499550796,3.67716230006669,,6030,6030,0,0,100,0.0,2,-556.565926817655 -260.2179827389768;-178.560751639105 210.80229029626037;295.5836774301979 -40.848172138076606;936.7841596333632 -230.38493752899686;-236.2193237881686 -968.199902772908;516.0836291340266 209.36698343024457;-173.85072098577487 809.5342192415851;-764.255943793365 559.2280056944734;-308.9250454666849 -666.5174118186959;256.4748539995256 -966.5505764781849;903.6357069309196 322.7084394030251;88.90278118211121 -272.7104009233571;579.7785624902544 -771.8877159992275;-746.9822942775137 -541.704812194323;306.7103306429577 949.3838133175018;490.8680246885088 599.1469364058291
1000,16,12,LXSSA_REPAIR,5736.344851699469,111309.70946325525,3.67716230006669,,6030,6030,0,0,100,0.0,2,787.3230532152875 -8.821213355833992;279.2358191931704 813.268358004598;-60.9363688891809 998.1416527460426;-108.61639321062692 -436.39548765488104;-373.43495891951335 -927.6563649632235;469.3149940231847 182.27250362873937;794.9730828428178 518.2561317465344;-831.411718392162 529.7033117795146;-530.3531449575553 847.7768230104138;805.5831322705648 -575.1212340204008;-997.054470083088 76.69669932488998;140.73839187681986 -19.21798195003616;-443.2259129608917 -624.2855506518499;-662.8734182881191 -123.04451512285593;-188.91381499185323 527.627232823562;-382.48752601220514 259.0271028475179
1000,16,13,LXSSA_REPAIR,6017.611872022288,111028.44244293244,3.67716230006669,,6030,6030,0,0,100,0.0,2,290.2065274411349 -807.8706525893705;61.055132621520734 106.65104688495975;782.0399459359478 508.2739651807024;-118.56802906968164 -567.1202796138633;834.1195416111719 -75.22717182561036;-637.7591275166745 -47.02729051866901;-736.3510119248936 295.5788938482012;-441.3790874766141 581.9266627512027;467.4361067125063 -286.79202771785714;348.11521166536585 910.0883081420304;-819.7086467031496 -402.45624228641594;-252.19123268460916 -954.4585564070092;-749.2866802430561 661.2812165191281;-240.32080929517952 -260.555038453646;-372.0481621228475 899.010666057153;844.1477209264846 -521.2376165570381
1000,16,14,LXSSA_REPAIR,5716.597812648426,111329.45650230628,3.67716230006669,,6030,6030,0,0,100,0.0,2,-580.630085272974 -808.9281874647642;-37.254931023221815 -937.4435456404427;-47.33948209453515 -142.3258318797533;621.8481027187222 -545.95196233423;680.0868266983198 722.1337184454316;250.44977413654982 968.1295939258086;-916.060395448096 -400.14291669747263;-113.93435652386609 755.0666113231682;-742.6437198506267 598.4286759959801;806.9515991567267 260.22174195922366;387.9630563298268 266.60605272441967;-257.1154100130769 460.01396992516857;-678.9574964139881 15.237212847287648;-508.5655133033706 857.3052910272468;-434.8716117200535 -530.0968982222436;970.3738642383165 -79.05057727629064
1000,16,15,LXSSA_REPAIR,6758.671517646333,110287.38279730838,3.67716230006669,,6030,6030,0,0,100,0.0,2,142.4097387019857 982.3100965646876;-262.4462212015972 719.722893106601;754.6409242279223 -170.41817390455603;-799.3997357782487 203.07824714878643;985.1617265372073 88.07739681282486;234.16501883832504 675.6981427388301;-320.35111174605527 85.6772179505522;-263.25413455903055 -940.3595055161476;-415.33373341853587 452.2497211038498;821.191734647156 -570.6523766245042;303.88198238550655 85.36428305196888;545.2950209767982 354.783413216881;881.3144621838279 464.81963753826307;118.71207811347327 -547.9241287021238;120.1829723398746 -163.5844730434011;-496.4177684989754 -543.7752625312379
1000,16,16,LXSSA_REPAIR,5580.659979730655,111465.39433522406,3.67716230006669,,6030,6030,0,0,100,0.0,2,383.56454237114696 -311.2446425676238;236.0489098832008 -919.7808229718929;754.8571812418281 239.16076587269382;21.41780560643069 702.2935471778853;517.3834891058171 -33.63990105059715;103.08290609582971 -630.2888259942532;-138.35479682991462 275.71643072791557;946.4838915664752 -160.44432783238196;509.876235833751 849.4068107193103;-867.6461808411681 29.202520006755734;616.4503068527198 514.4689197976708;-434.5213300606294 -89.80588082684348;-698.4320876868675 -391.7079594381163;-525.5853004701381 724.9893559197486;-393.5235341107834 -919.3145425266365;-767.2797656769593 439.14483627985845
1000,16,17,LXSSA_REPAIR,5311.438103072476,111734.61621188224,3.67716230006669,,6030,6030,0,0,100,0.0,2,-581.5468370725869 -467.695275543973;525.8615025301577 -736.6618446706299;-445.0928269931454 895.4844361345706;-369.926837601314 280.32144154868257;122.19948830154124 -471.0460198989406;943.3723457393187 -92.81281934781379;536.223665866604 140.25361353933314;-237.25190815936188 -88.896399368329;-41.490856964564806 466.6354244767922;365.5051132520502 904.7751066116963;962.5093544781989 260.12463339261365;111.95720979688639 -967.7843722432932;-478.56868648577944 -797.8250396566739;625.0347961859028 627.5524965457487;-697.006353051241 649.1189623127779;-861.5262183297733 271.62769127925
1000,16,18,LXSSA_REPAIR,4911.231736791713,112134.822578163,3.67716230006669,,6030,6030,0,0,100,0.0,2,-716.710118181236 -697.3712114051158;-144.30485712256103 -144.93102631275423;-804.1541216495012 514.3942433769487;-385.8597441680802 628.3827897140981;-669.7687470842792 139.85542876054856;490.06513547031267 866.8455864095083;633.5247224981497 593.2860207144967;794.6549041242797 314.7602721050188;-24.761631511051256 998.2669448761626;420.26918697981876 -301.70601034720266;-88.71888185390661 -858.5672051243055;-914.9967090715709 -344.96901129288494;152.62493516281313 316.6464753285008;494.35624650526256 -856.2356837941887;-991.6045645641334 -36.37972116649758;840.9542692570452 -411.7351910804501
1000,16,19,LXSSA_REPAIR,6289.084462731378,110756.96985222334,3.67716230006669,,6030,6030,0,0,100,0.0,2,559.478779033387 -304.68759386130216;980.8538084932624 -192.53969087745995;-515.2817711650594 -365.5970743851469;378.6084993969263 -910.8861129007662;325.17257527098093 229.26866131174316;635.1988835994285 42.31108775775197;-165.57935658778936 -761.7026404895735;-499.0120716000875 806.3136755797934;515.958295794272 611.8029172007155;-976.0064632266365 -211.12891000575416;-527.6554569775597 453.3489783390893;97.32643169536804 990.6215227313916;-660.4692184117728 -642.4696086760953;-134.25135549789903 -145.7603642065038;682.0959719946653 -730.3954815015287;-91.34323501115591 454.8873112858498
1000,16,20,LXSSA_REPAIR,4890.912423583839,112155.14189137088,3.67716230006669,,6030,6030,0,0,100,0.0,2,-185.90898758519833 636.2402400301727;435.79662821001966 -523.9359279768893;-951.7713390511819 -127.88569566239346;829.3418734157875 177.7079608593063;-871.9769038871559 -434.5726761967754;129.07776354928865 -207.8077626592871;12.113663894880176 -653.883653132003;816.055324507169 -421.07943826546403;449.21619679043044 841.8144967356936;566.3550707466163 -817.8884357456114;-896.7057633510477 237.8981333213969;-65.93928355842864 -994.4614123522256;367.1308666021417 301.72510281795246;-762.5958914392351 616.6286022057002;-62.771058818347846 995.8189697700267;-630.2293349181718 -675.6301748395583
1000,16,21,LXSSA_REPAIR,5338.711255586735,111707.34305936798,3.67716230006669,,6030,6030,0,0,100,0.0,2,-842.9353460074375 438.6586770855117;926.1247126341061 -83.75981400699304;-815.3500097067524 -351.41126842621634;-457.275670575984 319.08026802436257;370.5557805918563 867.5824761755011;702.1992675303238 314.61895357029783;-643.5266804004623 673.4781783269332;124.41341716043709 -950.7001445089859;-18.281106183712204 -655.7757414485856;586.0863086047675 -807.9433131778218;-635.9460702647643 -653.6109909863649;156.5508473063159 -61.83522489513046;784.9980942640345 619.4980498667882;-316.2093280914361 -193.79142839545213;-76.07990501930708 997.1017069099667;-988.0899891927617 -8.306533883405235
1000,16,22,LXSSA_REPAIR,5142.610052707445,111903.44426224729,3.67716230006669,,6030,6030,0,0,100,0.0,2,-559.5065707479829 -770.8335841697952;-367.187049518895 -191.923766764503;-865.5002867495726 295.46883862277576;588.5618455246796 754.891489416692;-778.3406287610021 625.2635143714601;-188.0568169751512 -869.6562795013614;308.0239889053365 -865.102566031024;432.69408593979614 -194.51259482889245;129.20632412316036 989.0209245007188;900.2083307846058 -206.19668041831605;-484.84692523573625 805.5925609106948;-969.6533338747035 -13.339827429124883;-843.6969078318542 -473.5426574757199;960.9394252380657 103.27613214956942;869.66397023252 480.68407389380803;144.3075194153589 303.680365399723
1000,16,23,LXSSA_REPAIR,5036.363011094814,112009.6913038599,3.67716230006669,,6030,6030,0,0,100,0.0,2,947.2108596973592 82.40782742161143;-1.984517894785242 -532.5049323420545;806.0111361971146 530.5441021055193;-477.6100662379344 877.9309820064109;-702.0570878486911 136.0348151932949;790.6767995468512 -612.2337777829222;272.9904709199414 384.57276629473415;425.4872321423883 899.0233302291051;-332.2196142980475 -928.0475559553344;-88.69088632979549 -217.16934055570547;488.9418120201616 -528.6853635343467;-649.2971903197099 -729.7461851019842;952.2430829109684 -264.72184744279633;369.65569536545286 -922.919108017009;-931.2695028989499 -242.40791918816504;-729.0201041173597 608.7903341856769
1000,16,24,LXSSA_REPAIR,5851.028962983502,111195.0253519712,3.67716230006669,,6030,6030,0,0,100,0.0,2,286.9175949571439 49.01586379852418;-264.48894637040036 -907.5665291717816;415.0428852958936 -909.6542260663657;-228.34801152975683 -436.35248272462877;-936.2884657736843 -45.05647599600498;-37.17290867234348 -131.38629076247426;257.83016419992146 908.8404511707904;-552.186833661385 180.63368410950414;394.8905382091766 361.2360135925599;794.1717628115205 603.5211299010575;-281.81305859887374 582.3804029078904;-779.9521174574536 588.3231676355546;789.7357509784862 -386.0473354418443;-778.6105835864263 -594.6383946037726;-676.782437222145 -303.8802259501762;-173.58298142384712 178.07477358540007
1000,16,25,LXSSA_REPAIR,5289.961011634878,111756.09330331984,3.67716230006669,,6030,6030,0,0,100,0.0,2,-14.915270792938067 -93.53946649327281;-559.9684247688626 819.5202811248205;-908.2744220430542 139.27531435944996;809.715839815826 -376.9854381134686;-346.1240570043769 -701.5275440764094;445.96218940658866 816.9726857098677;-190.83285235893786 -346.37999040482055;178.22071310175352 -559.7057153027872;-394.6052745882689 280.199953640148;-165.5978323798871 818.8565391960095;192.4157524992693 162.51425604889303;800.7034658036026 158.04761909099005;117.69935875482369 -962.4388344707013;-886.7696567746009 -333.96681400921796;432.24360599853827 494.0439197713132;136.60422985198792 990.625703475609
1000,16,26,LXSSA_REPAIR,5530.951623086527,111515.1026918682,3.67716230006669,,6030,6030,0,0,100,0.0,2,-614.7400130153059 -593.3769813912496;-14.577268956064907 203.09317540446003;-251.4595230734421 -804.4546674769216;663.2800200292638 -608.9561631475566;-358.78963838194375 -256.59439457461224;771.5423592703328 632.9230284074404;145.90559914985607 -112.78952009993645;975.1604176422724 -139.76406351273303;668.5490370007394 40.84716395470542;209.9316095570686 623.7338879346626;-183.70940163222215 951.2162198967119;-771.6258149584154 627.414464433554;-623.7269925795521 210.97061713608204;72.52141364957994 -992.9764531305802;825.1470551350976 306.1465922821775;-257.06052172849445 621.3802945949423
1000,16,27,LXSSA_REPAIR,5514.169468961904,111531.8848459928,3.67716230006669,,6030,6030,0,0,100,0.0,2,-515.3081812095496 -626.5905163263624;889.3048492737724 -165.37538944362345;-360.8195563956893 851.4657174416265;-171.80075959693605 122.87145766452849;573.7352660164405 -640.3194626491035;301.61389561175383 -941.7604236534077;-968.4730363079282 -153.16030444275626;672.5336378838797 483.8617995028285;-711.0349522311028 653.2421665752744;-26.50376782717467 659.2993071703835;-16.22156144991272 -628.5508897373735;-330.7246907311827 -943.7272799600336;-937.6828220408579 347.49233840401837;386.61490814903476 302.7570987200142;557.838626526707 829.9494362639191;64.45999311074242 973.149817914275
1000,16,28,LXSSA_REPAIR,6230.5292316923005,110815.52508326242,3.67716230006669,,6030,6030,0,0,100,0.0,2,667.3169830387571 220.53738402842163;-770.4753829947107 532.9427912198705;-31.012782264700014 -202.52874648916443;31.18382190809046 692.0898795531779;660.0107709711772 -627.4403526588529;-718.8085282326044 -210.0922362196939;-341.4781271429421 -907.2010999967372;450.1050986649934 454.9281415330274;-166.59924181861646 86.58196426278296;979.5323929149264 126.08368470192721;25.410705959684666 350.87681603564556;-531.1547281363927 838.1564814525394;72.89457889910187 997.2524820837579;-652.337422332353 -600.8514935515069;637.7263005357051 699.2844458840822;934.9336694554739 -292.77875537708746
1000,16,29,LXSSA_REPAIR,5928.773137257245,111117.28117769748,3.67716230006669,,6030,6030,0,0,100,0.0,2,-796.8622480624188 558.9945823986094;-596.7571538764304 -207.8081002283728;25.287173869726214 573.9586939368562;844.3824073807 535.4200249993138;-241.52611084284226 -970.2176962272003;981.7114472434731 68.6278448740197;-21.71112278665051 -35.544096296065696;-676.7639828261997 -729.5281604788187;221.59320317930778 -675.6990223990892;901.3323441891148 -285.19335839755314;500.48406558488375 865.743011125664;-355.2704188413217 686.2724852923168;-287.73156023251255 -520.9571961153836;-950.4677177948358 -310.813893111034;557.9780948069385 -771.5793565410191;-400.9096313900473 334.43428089205014
1000,16,30,LXSSA_REPAIR,6242.6228076029365,110803.43150735178,3.67716230006669,,6030,6030,0,0,100,0.0,2,-411.9386527495313 -163.67579919618754;27.312141346854695 80.21499606957032;985.6011708582852 39.98708900118413;50.50361874834342 -598.2325435143171;660.4716220674567 241.25391705688722;86.02627731139205 909.3285330723995;-840.1291599738768 -414.2196595411855;776.1935899614973 606.965510902638;-795.6692265172818 470.73476407117187;271.7012018845388 475.9139197295785;654.0405172484922 -586.8584206969008;-420.7912871968389 904.163636471929;463.12775893077 797.6873081755448;-46.683726166367585 -969.1641560311231;-716.7753902786073 148.02841304691646;-153.2485247648678 629.6332961074182
1000,15,1,LXSSA_REPAIR,4329.978090483302,105400.69782978676,3.110062975433357,,6030,6030,0,0,100,0.0,2,225.12979166320085 -816.3352089815587;-842.3595343935003 -525.3176768387913;477.3481433109306 284.1100865480714;574.6858639738099 674.9940841666762;770.5518373217519 -16.09235997238838;-12.508849067501522 -11.310395863301256;-218.1177996101719 686.0891709212092;-865.1198570533824 501.5539192227361;-993.8877180983789 -98.02180033894923;-122.45493740578041 289.7198489159461;772.1568078970362 -467.58817258245267;-600.8557129072467 8.880661694213751;48.48202625896009 990.0832345090568;-387.96329546183756 -663.2608705219807;866.3623053988703 499.4160055446159
1000,15,2,LXSSA_REPAIR,5005.033530181929,104725.64239008812,3.110062975433357,,6030,6030,0,0,100,0.0,2,106.59976387540432 407.7666068086228;-213.02794910207808 -221.99675587665254;-710.816721926068 445.0186365046314;774.0156617674355 -439.1800469068043;581.9705118956297 -679.9759389870381;-644.3720148164448 750.694117742046;-399.3816829871391 262.3749668804707;-894.8533695374842 -197.2803305797621;587.4245002693666 -45.09797892472698;736.2430807585642 676.7171684205581;-370.52806231007713 -908.3585842338398;438.1925595175444 225.7608295705716;14.112714791109305 -680.7503445016357;894.5041397637286 361.6690018824064;263.9772152164358 964.5289160240741
1000,15,3,LXSSA_REPAIR,5019.40981169435,104711.2661085757,3.110062975433357,,6030,6030,0,0,100,0.0,2,100.38963544981446 747.1909178748062;-738.5230848457674 589.5570736688019;999.1919905884713 -40.15203708622938;904.3508219917878 -373.92192041133194;-120.41322187175977 986.7520851776242;-289.01336336333844 -952.108178863413;-241.79290017216866 -348.5589589880587;444.40088211508174 553.9357509342971;-865.2264262412983 11.475650408748361;-469.34807574790267 883.0132410058985;-940.9068980026109 338.3897126983403;915.4638413810889 284.9710462390115;715.0985562344474 -661.5307427707972;512.6059695838374 855.9241759104358;-670.5675526287451 -739.3989908700244
1000,15,4,LXSSA_REPAIR,4391.4996091146895,105339.17631115536,3.110062975433357,,6030,6030,0,0,100,0.0,2,-679.3609916257839 284.0281551202416;-801.8416842454691 -510.43949440714255;560.2654766302163 -674.6642881188153;-132.8029714563709 823.9482356412643;-641.9403481459376 692.5210087501629;789.605923183748 341.48301034433337;398.8514504768531 238.07993927952947;748.4619519154809 -345.88378379589864;182.76107111818573 -20.30283860184091;-95.41436087429692 -327.45254348139224;-372.52777210578347 -928.0200623306307;-200.1150522876763 -669.7885034107234;-730.4782564064798 -19.710140691332732;527.9397359176179 806.8665209618118;-6.932714705921603 493.9674887022564
1000,15,5,LXSSA_REPAIR,4613.411068455083,105117.26485181497,3.110062975433357,,6030,6030,0,0,100,0.0,2,-924.7878419600817 0.4026477664730982;-936.6774210754866 -326.58572939905986;816.7866901831484 -570.6786473649466;-6.267424674694394 -999.0076649617025;964.1267232059977 -261.2023209889697;525.8776051324659 13.430560407794166;-468.5545988772982 474.4714237207564;-274.8875903662068 901.6315241816767;-647.8949497400686 -605.184445334405;498.103810686888 729.5881955083215;-24.95338676286042 -299.672435306625;941.4847827194087 270.99353609545614;-325.4484642011323 10.48246703031029;-707.8676604767596 693.0094326228998;60.17389549745451 996.7867457523835
1000,15,6,LXSSA_REPAIR,4558.7417176100425,105171.93420266,3.110062975433357,,6030,6030,0,0,100,0.0,2,253.38060959057472 -30.60175164771823;418.9964611704811 900.5088671037081;541.4353946602711 -239.8384921790809;-774.3104879301303 144.17711615707498;-198.83934140389368 -872.7733869268841;681.2673552746626 639.0443297523055;-271.3159898347627 908.8020734693271;-750.6738000055961 -561.0796695751804;936.70142313402 169.2030975760933;-892.7376704068884 -270.74373277150306;785.4651152629152 -492.5736409058962;175.35837453073512 347.1470557030258;192.7773802991095 -644.6799686475172;-452.14322906882103 658.9075000092264;184.03187941567532 -982.8866571904529
1000,15,7,LXSSA_REPAIR,3570.2705683651147,106160.40535190492,3.110062975433357,,6030,6030,0,0,100,0.0,2,501.0819260033015 842.0864770415386;-367.93953741198004 407.46913667742166;432.2240287738748 178.94167615376438;-116.0318524385325 -693.6383732162515;-47.2729376794033 978.2069187118924;-572.9635130197361 819.5055499103147;-875.709668335219 -482.61737197978437;-972.9717645709998 -131.8104109436121;971.7882287343101 15.918731119275453;32.00399032284665 -993.6557252900145;-565.5667334949619 -823.696630643377;944.6828803714031 -324.67096518114545;-973.6739325373223 227.69797695298388;886.6223358470999 436.81763685499186;311.59574203211815 598.0188648961532
1000,15,8,LXSSA_REPAIR,4650.791989443562,105079.88393082649,3.110062975433357,,6030,6030,0,0,100,0.0,2,-356.22859562957626 145.1495199442466;-823.6530868213019 450.10873182222167;397.263236790014 -113.84238750972645;-259.20994653220737 623.9446499576758;-974.8159212276126 159.34776743618048;31.712659114551116 -985.2583313615042;76.0354463781047 411.2320784351211;105.6029298430199 994.4083774526813;-144.50241866791873 -274.4698398088562;816.6143833939876 -531.3324716207696;-395.5966926523038 -854.4894839468913;-758.1315094474551 -484.3790944763452;489.1984127523856 628.9043332411611;291.76781335828986 -671.290264019082;830.1007732011625 -0.14384921598637893
1000,15,9,LXSSA_REPAIR,4848.5990371183,104882.07688315176,3.110062975433357,,6030,6030,0,0,100,0.0,2,-916.6700850935915 -329.02013203162477;-612.2006981396987 740.9779389114658;697.3875253841542 -716.4272174735755;713.1341828182468 284.1917732414864;92.77176310382515 -721.1446543849037;-693.952669457915 -717.6882709449945;84.53899387278284 -331.1441097491922;-77.01044867474062 410.8007533755827;407.41163421205266 109.57958985205477;-927.8658160542808 372.91423598184525;-537.5811584024045 -109.89562477786181;976.2339196082486 -196.48593565523038;512.5963542508646 -331.9787183166907;-292.5075769447476 -955.428013948389;569.2551302480865 775.6493758927719
1000,15,10,LXSSA_REPAIR,4313.890877929865,105416.78504234018,3.110062975433357,,6030,6030,0,0,100,0.0,2,14.431078019982431 -200.2574804724022;444.2135688029892 -614.0949660933665;753.9886925519396 656.887396365478;-140.15017055611835 -945.1745367343481;-968.2139035483418 69.18630904358676;257.05633289973565 303.6258865468021;-463.455774432204 71.45333961208537;-791.7845156534937 384.82376461280415;860.4465499321182 -376.6306773835984;-782.6380240385561 -257.38086832858244;-223.28563817917222 -611.2274048774907;-749.2292020906186 -619.1397778320079;992.3310326621429 82.44849836449497;-114.55643939951246 979.5839387866387;63.566429011397204 649.1723787910788
1000,15,11,LXSSA_REPAIR,5187.101875564622,104543.57404470544,3.110062975433357,,6030,6030,0,0,100,0.0,2,776.7322459097419 -295.38844403652286;-644.397976407096 -698.7266275964457;209.96721304020696 871.2139378522941;-945.3980641159447 325.88646803281836;-530.9256786324413 83.50580053172955;215.18162022334977 311.9971669943146;417.3298070394641 -196.573207958909;621.0265732888015 444.17960155796976;976.1655903117886 109.57084519773902;-44.93856264315644 -693.8903547083602;-180.41831055505307 982.8568222654579;68.5655802767783 -97.38827354535668;-793.2154344767341 595.1220188470206;110.49956027796686 -971.5582390975908;509.88179691451427 -851.3733313557359
1000,15,12,LXSSA_REPAIR,4740.2793854913325,104990.39653477872,3.110062975433357,,6030,6030,0,0,100,0.0,2,-177.913581014091 -328.00083172138676;322.593351920096 511.1855624428153;529.9536950649679 843.2517236147509;865.638348961441 498.82278923125284;-112.43840989630594 -917.3811741382057;-532.277701932734 672.4811329033479;-173.0782840850093 667.4854908149916;-810.3634887193639 316.05134065932396;269.774564424494 -457.90691297157895;591.3810832667507 -96.71293896561023;-846.9643093745991 -148.11892904795508;-850.0090504034164 -510.4244797226687;742.6450028453884 -593.4588426324641;405.3397822558517 -914.1661013846328;313.92716613156415 188.2274953847152
1000,15,13,LXSSA_REPAIR,4599.566507915733,105131.10941235432,3.110062975433357,,6030,6030,0,0,100,0.0,2,-896.3795106582148 -420.08723793317944;-630.1454147186951 618.5192828815608;-627.0610894128434 -672.5530446910528;-62.98121431201754 -998.0147126389388;380.60051836261067 -884.6338107533285;905.1092828436282 -416.14556160888293;796.597511276024 -84.14792277703442;-384.97547728747173 -124.8727940608936;-113.02345281627697 475.7982602656472;-942.1001135175895 17.61937954728517;777.0872045003597 565.3662908831523;759.786039093286 257.18780095572805;138.93978647063997 -643.3935818625365;483.57204385048107 99.07006865000609;12.85349682243288 999.9173903975446
1000,15,14,LXSSA_REPAIR,5047.565516382878,104683.11040388716,3.110062975433357,,6030,6030,0,0,100,0.0,2,500.3345509336154 -603.2772407216329;-989.4101541173118 -61.56003877609481;-741.862487486689 -602.2010871454677;-561.508050944305 57.99112123011395;-78.55705052230068 -750.8295772561711;20.59508998380436 96.12191577475868;-423.36866132520737 581.2996060587969;123.3111342229221 742.6180987415509;496.01087174978375 846.1764260193623;655.6106004507117 -54.24071223394122;-377.334452250996 -390.23657068068275;823.8598075703029 536.1207996248677;662.9421497031136 265.3041871407448;289.71000854979167 -957.1144711820418;-53.54666532160252 996.1242116846187
1000,15,15,LXSSA_REPAIR,4286.815796999115,105443.86012327092,3.110062975433357,,6030,6030,0,0,100,0.0,2,139.90145092764953 -633.2471220186239;-575.3409615544313 798.3290841312578;-563.8578872488696 -824.3567166314813;643.8099927606735 -765.1853703742697;-762.023055695256 121.6451482031823;-41.77159840865197 -330.51038174681497;72.30889838830346 607.6991556298419;-32.78330676042283 -979.3808064273285;-798.2202921097081 561.8661437117869;919.3856156024283 -388.4462660447149;246.8323216220136 969.0582051676188;225.79631534764866 60.94036871089454;843.1967961729625 414.29348993593607;-973.3995771342834 -125.11828397158754;-853.0650992700322 -521.8039923128003
1000,15,16,LXSSA_REPAIR,4116.467394244974,105614.20852602508,3.110062975433357,,6030,6030,0,0,100,0.0,2,-957.7732445940358 223.37123409799742;-640.8232087534176 -493.5527361476759;-568.1994306068958 -183.7366879497097;276.0861505322127 279.70773891322756;103.46649046422289 -21.990489721381618;-819.4897926948345 573.093776249711;-496.0285746730858 760.2511189705269;448.46984472130225 542.9450239152853;-567.2933335799958 -795.5297021549553;219.50410866083703 949.48539521606;560.4918478564226 -828.1599413679055;138.52330425598586 -966.3247576461436;-146.49973414109425 398.12562055372837;502.50297187750124 -151.52992892197386;278.02776034246017 -538.8268474850912
1000,15,17,LXSSA_REPAIR,4938.611974615415,104792.06394565463,3.110062975433357,,6030,6030,0,0,100,0.0,2,-746.0420971010172 -515.4018193669365;352.36106312944474 -884.4031361881522;-99.0750286503581 -880.831674800181;-399.46474422988916 352.7264051571543;-745.7307261589877 -11.208746933878269;-180.07721430238666 -371.8092374727115;723.3076248035619 -665.6754657001951;212.96270817684777 950.946252613877;586.5289000879922 -383.50603104829366;744.7296263709458 382.4119235180458;171.79083276399834 11.820947119493047;746.5193864183261 4.979765465096684;-176.43548776540854 713.6843420933521;189.15147573772597 522.2987187070984;-497.18313377324904 799.3778542756723
1000,15,18,LXSSA_REPAIR,4707.242585413871,105023.43333485618,3.110062975433357,,6030,6030,0,0,100,0.0,2,264.5812337644364 869.0044049087722;909.9750521783295 216.39437089029036;309.0281091910613 -153.64431738399406;76.35200267802958 -597.0976358831671;-666.9466990141973 -606.3109637844349;-508.60193400625843 860.6077779666367;436.6453808918721 349.7169282638598;-573.7712709767129 -203.77855607772892;-362.5713662560891 562.3185026234967;-881.7238695721802 276.0050470366027;-135.70564900027136 981.9371275986806;-951.0516509689628 -308.15020253306335;684.8057640794719 615.4060242497791;-408.37403040800785 -876.9915002060006;907.9404630771149 -315.8181913849447
1000,15,19,LXSSA_REPAIR,4657.3766552655725,105073.29926500448,3.110062975433357,,6030,6030,0,0,100,0.0,2,458.74172950371076 861.9572113750288;-163.3506581345858 270.1088780254004;829.7549344213032 226.78434787548386;-176.44235977281 -984.3109573961923;-193.5480578612526 677.1351936255014;-878.0788319380081 478.51481902652876;109.51755932025806 -221.04697201973906;-797.202900772188 -419.2105672882958;464.72781216196984 -796.2885626943747;-263.1205621967099 -113.05016892841843;-26.36474450119049 996.3682658298985;-625.6397956137238 -11.124242495872057;-638.6107255603177 -726.7460117740466;544.5302360371605 -346.58246248747014;797.1418508033502 -603.7920457953524
1000,15,20,LXSSA_REPAIR,4862.618883097908,104868.05703717214,3.110062975433357,,6030,6030,0,0,100,0.0,2,999.1434004110482 -19.304240108410443;119.19874059515324 525.4802859188331;-21.791242452188108 -15.568423073954763;-317.2473846250756 259.9846329127632;-848.5703040568786 -40.007216229129305;-254.54505082152377 895.775430135781;96.61945250298005 -429.2261890915584;521.9792897347022 -165.46059517398487;-516.634200213255 -440.37506865443953;-134.38228138885574 -805.8520117273258;847.3049416512118 -501.3231659164051;847.1557538806499 505.90329952393535;-567.2562480795895 -798.118752261524;404.2613072860397 245.55181968811885;-824.9352411933759 565.1324104097924
1000,15,21,LXSSA_REPAIR,3894.490324858387,105836.18559541166,3.110062975433357,,6030,6030,0,0,100,0.0,2,38.78707332377839 -266.7255698661031;-558.3218529429387 -819.3068370450123;-720.5088740863733 582.1563025318111;18.151092475009513 -989.0613578276458;807.7544992288956 583.461254498695;-956.5444911133357 27.288720849857295;478.0465678583027 869.8757515578142;288.8558241629939 591.0593749576819;-716.5854539958842 -514.2051235212205;391.2523830398033 -782.2826481909717;-475.3978544416254 -260.22840357910377;-17.348385853360224 999.8495054298336;866.4044056308982 -491.819091423417;974.9748458634496 32.807255726117134;486.99012947433226 183.0928141065899
1000,15,22,LXSSA_REPAIR,4918.344347558304,104812.33157271174,3.110062975433357,,6030,6030,0,0,100,0.0,2,192.29810418824175 -590.6148006380109;-531.2940204635142 3.1712781829575194;-412.72598667485056 -421.95069650584077;858.8351342574125 264.69236175526663;220.25743763718202 421.8406434320082;-712.0853666040341 657.4111662094602;-963.0150160447812 -268.60080187142205;770.1808667720663 -73.05901650660822;-987.9223107751136 136.91541697919132;-139.4078102747177 990.2303879257419;129.4044682442926 839.8783401481605;-206.18700720369068 -93.65582088463243;432.3216653715842 666.3981645938813;556.367625424903 -829.3069574941289;-420.7467045389436 -870.2511796716157
1000,15,23,LXSSA_REPAIR,3951.94115847272,105778.73476179731,3.110062975433357,,6030,6030,0,0,100,0.0,2,26.24892705265567 414.3122611714304;-155.58712485138497 69.59406392726346;-949.3809153505371 -121.85646076669714;-11.668279927904196 -947.8786119843174;619.0218787089625 -740.4314169229418;-611.497453378577 -462.6781039154228;-74.81120185867223 989.4135590533648;569.5951911314952 264.086883061068;768.9918638545771 -469.0522756979362;951.0811192003495 -134.05462716655578;-782.4497716586004 227.15078552189115;-610.099144172655 -792.3250811881409;458.4517582455487 845.8577941081334;-677.9599068039721 612.0814218328206;-249.3489194823156 -693.8461691692379
1000,15,24,LXSSA_REPAIR,4642.783257432413,105087.89266283764,3.110062975433357,,6030,6030,0,0,100,0.0,2,495.13058077768267 455.6653818090096;-522.3377732753419 -210.90036443178985;244.82167313520762 -960.2064504876653;-286.8429229584995 -948.2391581477011;751.9205525532191 -653.4908081048533;856.5187302302523 446.78872608540644;-456.95559351840785 889.4895083991938;-900.724882751623 -312.4844499927244;93.83476536118414 -13.465675273812211;359.6643087286076 925.3078043836038;514.4704654257858 -247.7629902326457;-736.9716435961927 -663.8683115312825;-798.0628195662584 559.427289610804;18.89669870512193 587.7099241223335;968.4497740050059 15.387519857619527
1000,15,25,LXSSA_REPAIR,4520.992203860602,105209.68371640945,3.110062975433357,,6030,6030,0,0,100,0.0,2,-643.7467746142726 -765.2385838244963;672.7853865463442 735.5654267102676;-855.5518672812352 491.5258361827563;484.1285144622537 -862.3931097414884;184.26148079532575 982.8772591280556;37.38651398936629 -601.1638810805798;-186.00158469387773 493.16389611149503;949.0907863490139 207.98263832417757;-821.8778606084472 -441.869419713187;-517.8260535379019 -126.25960192287825;-640.7928870551516 767.6990486774203;220.03108418906763 609.2922868598216;685.062026786111 -63.669388197270706;-230.42803592846371 163.92772069932235;899.8458146553382 -426.27299184903114
1000,15,26,LXSSA_REPAIR,4126.165865204544,105604.5100550655,3.110062975433357,,6030,6030,0,0,100,0.0,2,-386.4224534399419 278.18615410753745;-378.1071638826019 -278.1355883816658;-79.01645643860785 994.1691225426381;56.55638982100744 156.51961426304553;799.0992974217761 -599.6664004764102;810.2513163821402 573.8768835412487;952.2688469824224 -283.3418138785025;954.5051085524133 123.56678153066082;287.1501827213476 -273.09523705892326;-224.18898505027826 -958.9897886278011;-959.4891731051093 -279.4418046509663;-986.3510457871728 119.97372324309285;278.9867611245518 890.8188649440316;-431.1691975056493 889.6143270884767;247.36984645645134 -965.3749113551982
1000,15,27,LXSSA_REPAIR,4579.98526358181,105150.69065668824,3.110062975433357,,6030,6030,0,0,100,0.0,2,656.0808023044802 169.95922517169706;-831.0414023935333 -6.992964086563033;-351.4677542398358 -145.22653279023672;-831.6544983645219 524.5514860589304;692.2547746154557 721.111407280365;829.3127902192438 445.28682364521;-84.84362527355476 721.1715632581831;571.4097203421834 -619.7271317960167;997.2246205484428 -74.01729431637261;-911.788800649112 -310.3627140160317;15.35735164820251 -782.0857077515822;416.6682545783242 866.9087791769905;-540.6138778072074 841.2451802042632;439.62228327036445 -898.1082961409511;-426.82138505783706 -902.39368016129
1000,15,28,LXSSA_REPAIR,4180.855897641624,105549.82002262842,3.110062975433357,,6030,6030,0,0,100,0.0,2,-909.7307596499837 -403.18298501226343;-192.72739215536743 463.7484507083952;-309.3463146434388 -215.75875860311865;-771.815217667637 635.4664879430591;993.908533128351 -76.25838642521977;-272.29600584446814 951.7619575758445;718.1296877820073 695.9092983472175;77.8674895348101 -650.6771244327444;431.3826283847026 276.41524689382027;-459.59397891688616 53.41010887578863;-539.5466217633073 -841.5506964489931;520.3981999973433 -198.17343952176222;900.9857178101599 -428.7292999355378;186.36396588151473 686.4494274768242;3.675250513584907 -996.7683076729884
1000,15,29,LXSSA_REPAIR,5148.871998043018,104581.80392222705,3.110062975433357,,6030,6030,0,0,100,0.0,2,-945.3973392776749 -313.9968162418967;468.7686958667575 83.15793714006617;66.66885149735296 -882.0038229767164;-423.2171382930531 -44.049856952301475;-975.669809916675 219.23221912295298;27.027951145271686 -48.06180721297409;962.8254296597767 221.5650677884224;-677.5160862816632 387.9183077636982;576.0620405744838 -582.8684639338929;467.861096932448 -883.8020106206856;577.8539905744309 -211.8377987007886;-109.26376524558975 988.3261171696402;-136.2847444189811 238.1441874980016;230.77484108959231 660.9536538613745;-612.4489963579093 688.9721347883262
1000,15,30,LXSSA_REPAIR,3653.017153065317,106077.65876720472,3.110062975433357,,6030,6030,0,0,100,0.0,2,861.2481367781716 -235.02266288159294;277.3140475959063 -237.40309015758316;-727.3525223206615 611.613407501438;-935.7528934166713 -7.8056494213365;-376.5022876148491 -881.446418737202;-783.2650726546536 -485.51314496900966;-471.0742275941271 882.0935733223525;863.0303270066534 341.70748331083405;449.83532700910575 -862.7114020191133;651.3855579762093 -595.4766398753636;-292.280736864029 342.8929753550186;-862.4094806088083 334.7467904958994;314.1950048189237 913.247848842021;764.550684242462 634.1601860002388;300.60102806665697 350.68689318983945
750,14,1,LXSSA_REPAIR,6990.099701529849,95425.19782405552,2.6262789283333405,,6030,6030,0,0,100,0.0,2,540.5805877906568 442.7968416805329;144.60326277756778 -2.2321010585002754;-624.7392850980153 -367.9077976079198;235.87656109745438 -355.6157468807231;-318.11952743386547 456.34997048375106;-263.84988408305054 -587.0390318367116;-547.4914465340686 202.3259316390974;462.59024163101935 -95.61667229324934;-78.37036574083895 210.24561664673652;446.7318092035317 -592.7834204118378;-31.62328150830005 749.3053039996543;-194.43304132390006 -233.99644869758018;1.3257479690675034 -746.8741227778448;674.4057747280217 162.10491670768067
750,14,2,LXSSA_REPAIR,6337.369815149155,96077.92771043624,2.6262789283333405,,6030,6030,0,0,100,0.0,2,-145.07487035240317 398.5520702247286;-120.46815376266255 33.22735913310254;-559.6524266704125 288.8654117090337;119.80322901412254 -417.9156658417116;-450.80568355415903 -582.7948272221614;497.3925168253526 -542.5054805041906;599.5752170941786 1.7335459316978163;-702.9822187513431 -113.05726242839927;249.78174533567838 387.4537481852037;158.11653841996693 720.6409564057443;-403.5814562918124 -270.7206327938177;116.58172782485187 -740.8751529075441;-423.3093665505348 588.2876129481201;645.9745886934355 380.9406853888213
750,14,3,LXSSA_REPAIR,6447.457055541643,95967.84047004374,2.6262789283333405,,6030,6030,0,0,100,0.0,2,312.2513455943755 660.4993828615145;-81.44259283820222 -358.09102839179553;645.702955583322 -186.76689177543938;298.9581999684784 32.34863453164953;-682.2856770157366 279.4014156645155;-471.6910909602737 -582.575478446483;-93.7150632104867 424.798842583069;-94.30222528765525 -694.4530354625888;-694.3799788850138 -182.3282038874721;306.92777776315523 -582.7727803969992;693.1742711691235 135.6025888010313;-307.40915182854525 57.00363168450386;-328.9949383566654 656.4049580925159;-9.904766142591964 749.9345887713497
750,14,4,LXSSA_REPAIR,5248.906399490705,97166.39112609468,2.6262789283333405,,6030,6030,0,0,100,0.0,2,-726.8304483644794 -9.525747256028819;12.78355899031941 8.688595654111053;-391.43311387319915 -103.16130667167945;389.12633944067164 116.32590797568895;724.7194146616073 10.113206715023036;-390.6233172711755 -629.8741750254679;-8.588302058701776 -742.3370311968679;649.0081956872167 -344.7043553492026;-346.4044844783882 649.5966414922332;378.0422184491619 -637.7281584829722;391.03114924977916 638.3421968749258;-628.3034240230731 -376.43346357307996;-616.6061809990117 371.5131532717122;-220.08438448562572 260.81141367014686
750,14,5,LXSSA_REPAIR,5938.574337829079,96476.7231877563,2.6262789283333405,,6030,6030,0,0,100,0.0,2,360.0466285159363 -230.41872193912505;453.43299186542424 534.1138986645079;-154.76068730302026 355.5096437064746;-237.99003317883665 -597.2238843584747;299.3254597154588 -600.5735691630491;114.94660223701952 730.0494033895851;-499.71496629235463 -96.44564962141045;267.5474750580302 130.9594153884645;749.6785191900029 -5.689086634968015;-497.2193658005598 559.1263429874713;-59.057529697883 -228.03990102061906;624.2471161008945 -406.6417989328369;-732.6464858815443 159.79902608984625;-600.7858498218112 -389.0670944332156
750,14,6,LXSSA_REPAIR,5199.0223179775785,97216.2752076078,2.6262789283333405,,6030,6030,0,0,100,0.0,2,236.37103949903909 248.6773361705937;668.0926383395712 -17.04651348708418;16.06428547873276 -8.242100481488622;-41.73795867438264 728.4611638521058;629.9534829905599 357.0575752732197;-675.3096941673641 17.832283493791554;-339.66506264898794 -580.7331775589402;-618.3618593539957 374.22952610484134;-0.8241418236129218 -692.4902832634037;-104.07819581935532 353.5937345684257;-236.63156143027896 -268.44173013611965;361.1852312771978 -586.2497004470868;345.68289492812477 612.4908708487116;590.9282432095184 -321.20163200163034
750,14,7,LXSSA_REPAIR,5800.1822162190365,96615.11530936636,2.6262789283333405,,6030,6030,0,0,100,0.0,2,19.787211454021726 -368.44727283813495;706.5695712366768 -196.1905992292903;-712.7618904412966 160.6097726926964;-721.2772641197475 -192.46167924107826;-292.5684901311266 278.92321382564313;5.289154667977215 -19.715919052151957;-291.0447644725741 -193.78765933776845;14.480420643811065 458.20389646056515;513.6187007339264 -510.587231539779;-529.0487155927776 524.0339199179937;722.0078316415061 175.43644379640364;-216.9268578994056 -714.9640815019358;-537.5371507666687 -517.9642838789122;170.72818729469614 730.2935065287088
750,14,8,LXSSA_REPAIR,6670.425814605202,95744.87171098018,2.6262789283333405,,6030,6030,0,0,100,0.0,2,41.70816293437485 220.65500262842426;454.31938254200315 463.28579921692966;-485.2147837285265 213.51794512809101;680.6750860394366 216.75310962601395;-501.23604662579817 -549.6429108709601;512.3399844708474 -100.38445313356928;-202.22339125198306 477.56602541627615;-501.02111984382964 558.1019757076476;217.13349695566566 -572.3053568473018;-284.0762668156009 -317.1590876083513;-702.2258174991148 -138.93502950231533;83.41205401797504 -106.79351445858681;-66.12711934376098 -746.2176452399665;16.226405612451256 728.1222646566765
750,14,9,LXSSA_REPAIR,5430.45603430667,96984.84149127873,2.6262789283333405,,6030,6030,0,0,100,0.0,2,458.4232011912483 -10.441608126516616;-99.04829484541796 -739.0385212262414;694.9269800874405 -261.87583436019156;-167.57498853525868 723.2511119996602;440.5039520075157 557.738511703258;-8.850321576939153 430.146241186426;463.4146738187836 -572.3211247883708;-19.79569563806694 -286.25456030293526;-466.9208996615037 -36.74816968279885;-439.8693307320491 -542.2473485777833;-522.9191501661275 526.318269691009;-692.9656294863249 -279.81515050427294;686.5107265533516 269.54944474281;81.2933646855885 109.8565530348713
750,14,10,LXSSA_REPAIR,6589.313772257447,95825.98375332794,2.6262789283333405,,6030,6030,0,0,100,0.0,2,-505.1303050043509 -454.2402697686543;-41.54164298784213 508.2778863962166;716.8203842419632 -164.9523124360632;301.41657347181086 -40.551525640861875;-474.9328933593564 82.7066550172327;615.4532222577113 316.72946923501763;257.5787003669885 686.1212419704269;-608.5456475123532 362.2571615438965;-311.46129869825427 -210.5289717999624;105.37100154556916 -596.4109232947872;-186.96754656205295 -724.8550119918302;527.5011940150373 -476.71536455703625;-51.390069627495585 77.34706793536758;-324.46604024437426 676.15249639526
750,14,11,LXSSA_REPAIR,6233.721362744531,96181.57616284084,2.6262789283333405,,6030,6030,0,0,100,0.0,2,256.24120615264553 532.8504861673641;30.021686573303995 -164.10788330922708;-110.6256094033405 429.4946620812523;-571.0848201560572 -333.2062272866999;627.7641671778664 -330.1654246791197;-632.0424899847352 -13.922023103540868;668.5797476424545 -24.81570963295631;-295.8205231104731 -646.0825526734521;331.1916205414183 176.53541712163047;-27.6533200498202 -492.0476580074636;-312.43876318518454 187.8929313852878;-479.3591231031315 546.1125605286995;-114.51903796424334 741.2053628676362;419.60136528180476 -621.6073986719616
750,14,12,LXSSA_REPAIR,6320.981223897717,96094.31630168766,2.6262789283333405,,6030,6030,0,0,100,0.0,2,-79.59441976556711 349.68022082623384;-380.9781425420786 176.95562973990505;-340.63125488441614 625.9463810955723;-220.6576014155222 -397.1185327469401;355.5386997942645 -396.58568964638175;627.1647023173787 136.6192601736946;700.2577181144784 -197.58865617432397;548.0853581337765 511.94206133123413;-15.741465018651393 -25.348366030298326;167.7626098821955 730.9674134185483;253.88085612286602 -705.6979422864212;-224.9053932862521 -705.1220246822239;-705.1747525942941 -166.67106177359062;-566.1368336753939 -490.23938818237934
750,14,13,LXSSA_REPAIR,6439.062300498976,95976.2352250864,2.6262789283333405,,6030,6030,0,0,100,0.0,2,158.62810530933183 -720.9246490838658;-720.6555330890142 107.03905861195582;700.2970911432233 -187.46075612333016;466.32742748445406 540.2250160377658;-719.1982845082046 -200.96954967015665;-264.5734987136837 96.01461770497049;192.04793017968433 223.50828348301016;183.6276148718926 709.8218610858938;55.44346199392781 -377.461708650728;-524.6695284703876 529.82449171329;-98.35347602433963 395.3804645368334;-204.08321293206257 -207.03737137673843;314.3544640912664 -65.48030512499095;-530.4741656634683 -529.2704739072577
750,14,14,LXSSA_REPAIR,6771.089494848682,95644.2080307367,2.6262789283333405,,6030,6030,0,0,100,0.0,2,392.63158402203163 -57.467610697977555;115.44890867188691 721.500528031414;-522.9877338629261 535.3255898748238;-737.6697752064038 122.09195532547565;-68.59908607895849 -746.8561878896978;-283.8430209312765 113.39899004200245;-390.8614750428027 -205.7902359533652;670.0420369263563 229.6315745130046;597.1941873734609 -380.13045073311827;485.98324097415474 522.4382441634267;-655.3977140319429 -363.5387050219444;207.67277908272527 -379.83073365762965;383.4890328531235 -640.0891388091369;272.2824184077836 232.84633939872424
750,14,15,LXSSA_REPAIR,6132.925205227133,96282.37232035823,2.6262789283333405,,6030,6030,0,0,100,0.0,2,-204.50750598016273 -706.4887611748995;650.12644769369 321.2178349997354;-617.4402517374526 -425.3816125965412;-713.8930425302848 211.01387355436248;482.33325109484144 -454.1515268601612;58.54451919379708 -439.7296384519054;-26.794032744028883 355.4712256010229;333.8600939852461 14.128898868815593;733.4492637300846 -92.63693119327279;-457.91566953894795 583.669486218314;375.2681258141274 590.5038070068172;-132.67953398430478 -116.01999948576838;-142.5896572550541 736.2984039503058;239.2093071597642 -710.1283512011141
750,14,16,LXSSA_REPAIR,6207.222854585474,96208.07467099992,2.6262789283333405,,6030,6030,0,0,100,0.0,2,-486.4281867883221 -448.49976105742024;-221.64245875969607 505.2486925769994;660.1610265086013 166.68049249198984;-624.5282323445036 249.52291017465734;254.4310232516003 -280.85763087392627;444.924245381274 518.7052020859178;440.6148694073831 -606.92293730228;132.53316979750025 184.47099181572204;-69.74392844890774 -453.5980492610291;14.474048762425063 -749.8603216015787;124.27780341374154 714.3276459133616;-221.7335702002766 -164.22936857258136;722.6187366943798 -146.64507492565875;-704.0750207666827 -48.26684909721995
750,14,17,LXSSA_REPAIR,5116.6372464396845,97298.6602791457,2.6262789283333405,,6030,6030,0,0,100,0.0,2,621.6328719551002 -378.32966730207613;-619.7437963090157 385.7343834173093;-656.7294171289999 -348.8050653156357;-745.997638429932 -9.615361334760019;-353.88811639397716 660.3806638494268;-403.60923567661166 166.2902792901583;407.53635527940355 -627.0318295655737;40.34113921112328 22.19789967976415;386.25828679058304 642.8784054777966;17.835008457657054 749.7819475781737;641.7706258826541 380.8654560754164;-62.51230242839844 379.20638205003746;-408.39946851790165 -617.6900940150178;16.357397049952834 -736.9680294191522
750,14,18,LXSSA_REPAIR,6612.343856594714,95802.95366899068,2.6262789283333405,,6030,6030,0,0,100,0.0,2,-13.125286949453598 727.6250683888013;521.1034385051505 -476.8960348551455;461.3243515217945 -170.9262086822318;-712.1118831236317 74.59572187178833;32.74426114693823 253.36834225439014;-139.30750393909352 -313.4889149042502;745.1578944266187 -9.518668873157694;-244.54511085121436 -650.0461781987918;512.8189860344028 547.2811766971859;-405.23694417272304 623.1672640814656;82.18946470808228 -743.2517914976333;-595.9778915186693 381.33696772145424;-589.4761731975182 -443.0606171330693;471.79614534205723 141.97178066245016
750,14,19,LXSSA_REPAIR,6661.965941384289,95753.33158420108,2.6262789283333405,,6030,6030,0,0,100,0.0,2,197.2290928000607 -704.9397107574712;0.42377906930222586 654.7462909820202;-591.6850263241873 -460.87828105075454;-28.90707698034216 -459.0996899304182;-565.5400025024745 397.23451159023045;542.7930293610211 133.9259060937313;379.89106707751193 646.6196272932762;-340.24109274294176 165.0928016344865;70.18485268444597 272.0580221813338;538.2879119326888 -309.7660176294884;152.62329142342165 -91.70917132324394;-590.6060488234109 -112.49124770853012;-336.1624309045028 664.8043162693076;-229.23684861203668 -706.0783816769415
750,14,20,LXSSA_REPAIR,5775.1529716722,96640.14455391318,2.6262789283333405,,6030,6030,0,0,100,0.0,2,-683.0101870310273 197.44725919030645;8.562810640997634 -9.60188761977838;166.40833217805508 715.3224785079591;-138.47448766527125 -684.2743943550302;-89.21944241899386 383.38035167781754;475.22504212841886 539.1666193486867;680.2540125911903 184.6695254778344;-16.670038382160214 -361.63967144315205;386.2213387809659 -112.52259589871846;697.5585600846383 -200.36934273967344;-543.6269490432096 516.690640113084;-366.67574350272554 93.4288656823569;-490.1025442454354 -493.7599215587192;498.80977258963395 -503.7140358838471
750,14,21,LXSSA_REPAIR,6061.814489416764,96353.48303616862,2.6262789283333405,,6030,6030,0,0,100,0.0,2,-172.3170364602837 -211.11059480001492;746.1267029010428 -73.68233381579606;360.48927674886755 635.9629610781989;-275.9676317934133 -607.5471401206904;-436.93345208085157 63.65433161357633;211.07041046006432 -603.5722340196311;416.47139115917594 307.3156384186178;-631.0122260865337 370.2299501866143;-649.7656006676971 -374.36345745658645;-209.2855406460579 484.5637026065616;-749.2633731929135 -30.13750968001572;237.5664383540198 51.80146357277292;589.6414015571016 -380.2713711193788;-44.951560528260124 745.0998504769153
750,14,22,LXSSA_REPAIR,6438.362307300398,95976.93521828498,2.6262789283333405,,6030,6030,0,0,100,0.0,2,592.2076517396317 -14.38134557941451;-612.3399005185472 370.15904576214325;-297.09908878401257 -219.760222358408;235.59677153011822 -397.4337546935385;384.25121443275077 396.6276019794297;46.91452160537067 -16.568406408031684;-192.01111430471158 245.57015038142464;-642.517528968183 -14.761823573846481;549.5597316432119 -498.5042970575438;-199.54100274477773 -512.9286922800896;-623.9362611923777 -407.042885661873;165.72259087562574 725.5209929333456;-257.20051631649756 600.0461919408502;48.035688801307835 -748.4593675069395
750,14,23,LXSSA_REPAIR,5785.69115397257,96629.6063716128,2.6262789283333405,,6030,6030,0,0,100,0.0,2,-396.5850894261185 120.00072849814889;-302.4638293216776 679.4823356356713;-690.8337564111349 -221.10375262791777;497.1050784204664 -548.4860673597367;135.40457229120926 137.96131412799653;210.67050100277834 -719.7741918959501;473.70737475362364 556.4597258367604;-114.58241884774142 -380.53125689098016;678.525151173454 -240.35098835568462;-710.1152361879075 210.82626577796282;91.92267113457739 672.2669861370622;-184.80638579812899 -716.7994988291993;699.9802763162302 138.6904306753744;-555.5881028385967 -503.7560217055097
750,14,24,LXSSA_REPAIR,6493.343283651047,95921.95424193432,2.6262789283333405,,6030,6030,0,0,100,0.0,2,416.5393389475503 216.19006175113714;-108.75369832862634 443.40102351175545;-184.87480402352185 -437.25384199139313;-18.37545954706283 100.57741775610715;-687.0531024632264 284.6775471868096;-343.1242491374062 194.7776673586561;-457.9645791097997 -593.9431321943069;88.1095813571392 -729.5859087318721;640.8155377428158 -35.91138003091993;361.5776886799117 -289.7328261536827;-571.2928589770909 -60.23081612304444;-485.5025580233872 556.57135159186;61.61969079059258 700.0155350454656;447.3562503558411 590.8392366038452
750,14,25,LXSSA_REPAIR,6075.488317361582,96339.8092082238,2.6262789283333405,,6030,6030,0,0,100,0.0,2,124.21410161449818 -546.8160028580735;247.4555016279061 438.27539865916015;692.4631407322448 288.0880347746262;124.93372389167996 -187.97860186389556;496.69375875575656 39.67266011166136;512.0881660007622 -547.9649994183017;-522.7053139705986 -195.77569594073725;-107.29244095700221 47.95027649078234;-660.4996731027929 210.16648444164986;-147.16771287116552 729.3687206731304;-454.17383092938474 -545.0611096134132;-161.02371663062675 -726.4495398651912;-293.4530308808618 457.5964336028035;720.4473174676942 -187.75523647851134
750,14,26,LXSSA_REPAIR,6827.085054138923,95588.21247144646,2.6262789283333405,,6030,6030,0,0,100,0.0,2,-264.27257204902907 -489.5793998096242;-170.46730659586947 485.18369655548344;-728.2649886752371 -97.6662813518411;-123.65822659680316 -113.84828641669532;194.9369613181254 -205.88740738333405;617.9241147520794 46.30891018563149;169.03705492039083 174.72783032463528;-616.4303953385066 -395.49283073422106;582.2848514346477 -425.2067005386183;416.53385214346883 473.49449478273823;-441.17435827689025 211.14255175357528;200.01641459183824 717.1444633279953;-0.7914637745483364 -749.9995823899461;372.33658018000096 -650.5635833471654
750,14,27,LXSSA_REPAIR,5584.095966376553,96831.20155920884,2.6262789283333405,,6030,6030,0,0,100,0.0,2,277.6914036483913 287.43011061470924;686.6744458440293 172.948489948397;-2.5480347906002434 2.518495170680726;-470.03486695845385 505.0046088724443;433.78963199482627 -126.2405336139328;-184.7649949296024 -722.4053439926619;-506.54020089025556 -475.9360571522955;-660.7777362797108 245.42834976253945;159.6209540749359 -626.6179424693291;458.95034518773684 544.6349975756426;-152.0116973961762 702.7869306447423;-672.8054652450481 -179.68083218757394;505.0596060990264 -521.5899822015209;-184.16761288281313 -304.0286404992408
750,14,28,LXSSA_REPAIR,5204.673668901116,97210.62385668428,2.6262789283333405,,6030,6030,0,0,100,0.0,2,-492.88768035430405 -528.6078890807006;540.7880509616737 519.4210289481966;233.47688858534968 321.55911210626755;690.8457308269072 -213.93984294553965;-39.79901925988353 -14.522781944417137;-169.62356399194087 724.2148541675268;-698.2379134869249 156.15920740304088;-262.890228021239 -266.9323393040595;529.7677977006954 -520.0543914976847;222.85515315775956 716.0876328878431;-158.03497943584063 318.3958253855991;184.6680484514318 -716.4921427796343;708.2493012982584 198.84062331020252;-508.418368286493 519.1679527011607
750,14,29,LXSSA_REPAIR,6644.275896629028,95771.02162895635,2.6262789283333405,,6030,6030,0,0,100,0.0,2,-564.9101875648985 481.907899274056;446.94292244204917 206.69216628419812;-652.1176632679507 -370.3870493813295;130.4116041188845 647.1323109477563;675.5902059885516 -323.36012274863003;-152.87499032125368 -373.8250225615909;469.63320336306407 554.0817428809524;39.32524727984997 -747.1336427071868;-19.776981645277875 59.821478230627925;-447.0881112900465 53.849845035482;404.4913223378077 -172.83785025087968;371.5769249910995 -651.2041318292421;-177.40807908689695 728.670906724877;-395.9422089638537 -628.2932285880959
750,14,30,LXSSA_REPAIR,5935.57573604965,96479.72178953572,2.6262789283333405,,6030,6030,0,0,100,0.0,2,-319.70750924591783 -678.0249586782802;-581.0071693480478 399.1669628464399;-222.62498536663304 -201.5715293553878;-594.2266557413901 -403.6376950101248;334.8925661432354 -355.93632671179756;440.6528482080358 606.8967174595849;-92.14309906323179 391.46188334200855;195.60147318950135 219.28252932938085;627.7864777564845 -13.398817481500528;-748.4633631491282 -47.985352176433025;265.1442363485403 -681.3646251422554;-33.05220096566267 738.1764250608734;-372.03734469407226 67.76107229332058;610.1687980300841 339.1001623221683
1000,14,1,LXSSA_REPAIR,3895.898589906952,98519.39893567844,2.639674413166722,,6030,6030,0,0,100,0.0,2,289.8900228549311 568.1958647537873;-732.6150611518159 327.54481947553245;405.5295556481819 -909.8634411226375;-268.58832814489693 -715.6048113846572;-726.6148890308873 -265.30767237294526;-113.34684581690499 799.2658510111656;85.3647884077043 -84.32045609401206;891.1272172165758 -108.23458286905881;778.1766262846239 308.3188982209967;-66.1177300505099 -423.8326182106709;624.5581857866291 761.3133062611315;804.9676085307923 -441.7859369712007;-600.0272842178915 798.6909323666086;185.72233251238126 982.60221805032
1000,14,2,LXSSA_REPAIR,3374.6528203837806,99040.6447052016,2.639674413166722,,6030,6030,0,0,100,0.0,2,-669.7703017604949 636.6455067237872;-885.5725640083695 344.0348716488141;-184.43701056192793 510.84623255128815;944.8266710283168 -276.97328498151705;955.1828834665185 272.3096468849667;209.9230649740379 905.7884239991724;290.12690153318005 -879.7044694356575;610.2731486528003 -76.9479522061828;-405.2191760361729 -889.317450425147;-193.84901354189407 -46.518075127566306;780.3543651634249 -582.4431665458932;-418.76902216498445 908.0927849482026;-882.6640729604899 -446.09683481090104;728.0816867633555 512.4060890195963
1000,14,3,LXSSA_REPAIR,3348.193244929862,99067.10428065552,2.639674413166722,,6030,6030,0,0,100,0.0,2,629.6105547613972 -99.19171316872753;-963.9597696794298 247.27502604703187;-210.27423973601788 24.09491238467428;-180.03959464859702 973.5695200482766;57.292126682270634 -615.5892033368207;-36.24611080451109 281.935494836982;-101.75323728336627 -322.0333511601823;768.7873457860306 -621.5888163862568;102.8115618198701 679.8439240951556;-770.3557042133897 -136.8175051077326;-240.902513036785 -948.8614030462376;-745.8419608343515 657.7468838020109;169.4609630593172 -955.379991316519;857.6316633671689 286.4253590883637
1000,14,4,LXSSA_REPAIR,3444.1387041953712,98971.15882139,2.639674413166722,,6030,6030,0,0,100,0.0,2,505.9129126318591 -148.51513824905734;997.6202348496853 -15.233083128455599;562.7685206525903 232.3066405312698;-73.24644311330796 979.7418394123794;-810.4904262537872 533.7153813835631;609.8734179648593 790.1121889213612;901.1556705120053 -388.871430799838;899.7866772998937 435.9964182619621;-520.6952998265002 -791.0219697091316;-951.5827905205595 256.0683732956781;-821.5233984180989 -492.4895579969341;562.310564184907 -780.5664951670511;-213.4149830365293 -976.961639480035;-368.1239100965703 801.0708941368839
1000,14,5,LXSSA_REPAIR,3618.927633557352,98796.36989202804,2.639674413166722,,6030,6030,0,0,100,0.0,2,-35.47444725928953 -10.876704133008378;468.5022447583071 -877.6220019899235;-937.2097892586914 290.72692178112464;373.0268896938122 480.72694698774427;867.7548075961896 487.36810831276534;819.9922606173875 -6.172152558626895;-547.4224246579166 -835.2902673627751;-339.59402489246236 293.374693581921;-121.44323779969433 991.3094381136289;568.1854345449995 -485.69216158783195;85.19893849970595 -994.6657531364613;-752.1314908841953 -477.3034153554451;-181.55324453514206 -486.1943426347257;-709.6877176609729 665.670848200999
1000,14,6,LXSSA_REPAIR,3378.8513503499125,99036.44617523548,2.639674413166722,,6030,6030,0,0,100,0.0,2,680.4431724146931 -732.5001986161619;799.4981721479044 189.7648139860868;65.69674871513051 997.8396350156978;296.14180447816125 -511.8016693760543;-954.125868316851 -159.45226897907955;255.3199752739809 503.5757545608734;-950.1579398198787 206.32753413539263;-234.01067312410237 222.1905537229994;-381.34622079892466 875.9955360457706;-566.9642575020081 -756.566264090835;-360.15770470096066 -499.9701450065919;-94.49273372291502 702.6806011758989;306.4081115744591 -94.77747485196898;3.6655271400954166 -917.4860655822655
1000,14,7,LXSSA_REPAIR,3881.210724888879,98534.0868006965,2.639674413166722,,6030,6030,0,0,100,0.0,2,284.8556418337835 -927.364999869156;742.9618267563756 635.5048355160858;387.64157312575077 527.5270908785119;-982.6888886688153 -185.1718330223026;-354.2944648076637 -912.1386840828485;-919.1840430582739 393.8281816080936;-515.8007205633277 816.9366234254774;146.44319994906442 984.7406793141521;967.8609468002381 217.0982014664174;-697.8912077991137 -690.3206169089083;480.022780332321 -667.8876041602983;901.3964827923078 -267.27159004310147;-536.9545483825303 509.3445709390025;-87.82388720309378 -330.1288493554496
1000,14,8,LXSSA_REPAIR,3909.637390813674,98505.66013477172,2.639674413166722,,6030,6030,0,0,100,0.0,2,386.85411772827695 920.5204302003564;-660.5432545434004 662.2219623476941;-363.8084678967365 362.6806350796805;919.2142266031925 385.1315855522219;195.2549672063102 34.827021658767144;780.4595123395598 -304.2141349774431;-112.06792426672337 -547.2302596192908;-863.266229248547 54.69626209288046;-574.5637670520362 -813.391867636188;153.34546667971702 -985.5928061311475;-950.0974686058686 -258.88364519807504;-527.0030917152442 -142.0512847343931;274.9443480332252 372.9488954890214;-125.990513667181 936.9466867797341
1000,14,9,LXSSA_REPAIR,4006.6846054221382,98408.61292016324,2.639674413166722,,6030,6030,0,0,100,0.0,2,-533.03541140031 358.68802915351085;-213.41158020681334 -395.8814061581104;-564.6956816704356 688.5418367156343;19.32081734586802 688.3613974836985;755.5192408201901 412.44439216830693;-949.898084685846 242.59244350059146;-206.03732665912918 -920.52864679525;-568.6060788547227 -822.6099483287671;259.03067722823045 -122.6307207960199;-369.10185115627417 927.3996073813778;937.9239701128533 -334.8281566797405;391.4779612372372 911.9010281063203;930.4897855015134 77.82294179600115;330.7852781499708 -927.1568808295294
1000,14,10,LXSSA_REPAIR,3481.5137423546403,98933.78378323074,2.639674413166722,,6030,6030,0,0,100,0.0,2,997.3090812892511 -5.499009279730189;-415.6960394768502 313.6365341072428;-892.5920760479146 -134.17386845720432;925.030573321749 309.000274643287;-271.3156627517392 942.1275358288229;538.3548924260485 -842.7155357544124;-60.710425776928965 -251.15947976434782;-747.4897385858992 647.9423484727131;-768.3368598959078 -640.0456778428365;355.97956555877505 934.4898718743812;-64.9566042889564 -680.9605182855561;481.9041416980405 567.5030616203202;76.63996082327276 -978.2737698393931;851.7041049200644 -473.75532043289326
1000,14,11,LXSSA_REPAIR,4205.71765165175,98209.57987393365,2.639674413166722,,6030,6030,0,0,100,0.0,2,274.9134036748689 -500.4285448213158;956.6816277283243 -118.09351114127047;119.86968570698238 -992.6836395854298;-26.26498738000353 -328.28265672098337;17.28324739195338 -9.04838046231983;-337.5811885660118 -853.6646033391888;-189.65686291473543 971.6040911006022;-460.5123781767286 506.1791760463817;532.6349850308513 -12.428037420146431;907.9462152209062 416.3460251612212;-699.7423699246937 -493.5912035183919;114.60499444383231 657.5625049774167;-550.3301685291282 -2.9536351019798697;438.9238360740628 -814.353965392846
1000,14,12,LXSSA_REPAIR,3696.26212670542,98719.03539887996,2.639674413166722,,6030,6030,0,0,100,0.0,2,870.6535915315769 94.17842107111336;-650.5634898503986 541.496550310424;-625.3463881910428 -115.00417101734095;398.0967579080093 222.8061701620408;-194.74183244748323 -594.5383696006246;100.72719777431799 -279.2011345911058;176.8087602741491 980.4789578389584;877.9867962125328 -293.4239988679677;-949.060479966592 83.83897287304875;637.1798511404047 515.5513955791434;-70.46017292264372 701.0474430684219;-774.9344954403257 -452.36883577402705;-63.46382379018042 -959.8520686960682;610.5199279050892 -579.7281392180867
1000,14,13,LXSSA_REPAIR,3462.3128104025677,98952.9847151828,2.639674413166722,,6030,6030,0,0,100,0.0,2,16.85666717546666 578.7304995022463;-513.8520607252112 -286.42607389364264;-744.1494890042763 609.6737422716368;586.1558709149053 -24.895030164823623;-352.60061666901464 2.9717493417039313;-638.7601139516793 -668.1936863851095;229.11109341076394 170.76303107026058;584.6360871305003 733.298488905621;-188.60396271163393 933.8049658014799;802.9879966584291 335.47554644135863;581.9591098666834 -607.9195021573616;115.07226126360409 -876.1273571502888;941.8702843562312 -244.38375033319016;-930.163619328325 -163.96350523977452
1000,14,14,LXSSA_REPAIR,4358.96862651335,98056.32889907205,2.639674413166722,,6030,6030,0,0,100,0.0,2,-364.6451348144823 570.8354596079846;118.45171854366296 441.4753407733715;904.5143230941296 426.4428122444999;841.1957350668308 -520.3044915280764;620.2966241692591 744.7820494851533;-363.4342160767168 931.6196694397966;-461.829697616428 -851.2621898224885;8.601467888429326 -975.9610027263909;-934.513887723394 -17.966787451450454;714.4764303829091 -222.56641653502038;-601.9212819937811 178.93839316168842;246.56533678061294 756.9270302328008;-851.1198053337218 430.86538820693045;-147.5817083194551 -238.6354454041897
1000,14,15,LXSSA_REPAIR,3332.8964331736934,99082.40109241167,2.639674413166722,,6030,6030,0,0,100,0.0,2,251.52857962496367 -407.64551159273026;-68.82993967560269 -949.5551467816392;-3.768222396124046 122.23455223767927;896.2552038948018 -390.2304758402993;-854.1419267166152 -423.9804480969286;-18.61920134880309 982.5970219953009;-967.1764262075791 163.61631111508666;912.1007691048067 409.9660803022856;288.9042608682254 795.9165632116334;720.040320186236 -693.9322281794546;-585.3059601118888 807.3623995891685;-757.1536426236383 534.0593756566961;-167.52077354615238 -646.7819116938527;-753.129018768513 -85.72640733264811
1000,14,16,LXSSA_REPAIR,3460.587430209678,98954.7100953757,2.639674413166722,,6030,6030,0,0,100,0.0,2,-783.5156965366162 -618.3577854137895;56.44206280304248 -139.7151410853702;-739.2352544630306 671.0458945981816;-981.6254903295081 -94.72004241769217;489.48155758730024 677.8700179726777;-31.235727209915602 -626.2514021068395;-478.6953953667198 395.0565047230219;-235.99603038763314 -947.9761509339032;-330.46108835447046 84.88221421479646;-965.1746376112709 252.89150481245085;980.597339237308 117.78231280129843;765.1505414116452 -638.410752844095;-328.78679692535377 913.6435988849382;31.609423430994404 686.2574710794828
1000,14,17,LXSSA_REPAIR,3626.999266559404,98788.29825902598,2.639674413166722,,6030,6030,0,0,100,0.0,2,-508.2191211409804 -548.348166053131;-90.57240847581444 19.944880425989254;538.9740321168192 650.932482747292;790.4902322878933 255.4432610558669;482.08039234832023 -790.9541206981941;-971.1810116393291 232.40093644857717;248.08430566894555 -349.4409023185966;246.58729221722072 932.0361973329461;-774.7471995469249 469.6376019499327;-251.93972590218365 -807.6627076947813;914.3225456650864 -26.58040807160878;-390.8307588867754 920.4625564942809;-607.4399916582239 -125.8483021569166;-215.62544877832943 460.24874286419134
1000,14,18,LXSSA_REPAIR,3669.8194409642456,98745.47808462114,2.639674413166722,,6030,6030,0,0,100,0.0,2,-8.49462963001409 -567.2645334540564;-762.9081940505523 -585.6540748796431;496.7317392116666 237.37555734391697;866.9146401925391 458.4520519468257;-391.00111956268273 -791.77216219099;-745.5975346301885 165.27846699833555;143.55233823236549 959.7338373643887;640.5602091735661 -755.8076743800065;-714.53837261168 496.42196602780325;-307.5787056604215 951.5226428331906;378.96936767388576 749.2080131979518;-363.303073265293 -209.07725327495424;242.08803722604782 -970.2542382205589;510.1845778020214 -233.23118845054628
1000,14,19,LXSSA_REPAIR,3786.685481741079,98628.6120438443,2.639674413166722,,6030,6030,0,0,100,0.0,2,-221.82792029407017 -300.58468189550575;577.884673081567 -282.568319049747;643.6791513084809 765.2907042535024;-284.9235005718727 661.4748944570326;-363.52980255146207 -820.6129452857405;-95.49064911123786 995.3252714857671;-631.2366483488855 -54.26015318982894;546.2957351814536 -818.7209514457032;317.63247277514495 311.7623877771538;-737.9790473833081 -602.8645675386504;-38.56423368500332 102.63328865174726;-836.0145176043583 334.3701417437247;254.01584143045127 659.1692650801469;888.4078999308724 318.2709879969105
1000,14,20,LXSSA_REPAIR,3013.772620521748,99401.52490506363,2.639674413166722,,6030,6030,0,0,100,0.0,2,-824.4585735089323 33.20871659224209;-791.5584832552768 509.0398760305869;410.9363400264857 -305.81504881218007;-359.50718172913724 933.1421913367604;841.6847115456017 524.8430895624239;423.41088359049155 -637.2753948957395;-88.70743943743489 511.5924026315459;-225.03776694886375 -480.72135774568517;80.35850220714698 -996.7659216593736;-448.7174852902258 -852.3731753483626;-959.7112181812079 -280.9675226446223;985.7287412699299 15.542686146342128;-103.69673609816859 9.926305915248896;155.46542387657857 938.4865768015405
1000,14,21,LXSSA_REPAIR,4080.698969663165,98334.59855592222,2.639674413166722,,6030,6030,0,0,100,0.0,2,-73.81725411818562 482.85753765220073;506.4874219985201 478.5947907513699;-995.7751905877665 37.21753713204573;-396.3402291541929 824.6021723365652;858.8327081199993 372.1331004893476;-752.9547812864026 624.9372710491327;-133.8475569395961 -849.1291619403369;-687.6852944203791 -710.0352010137857;296.9446936912276 -420.71299761987666;214.5395133318266 976.6873358463329;550.5984103185679 -834.7457625756145;-206.3356544134003 68.29019104680586;506.8269136909223 -92.07236987507254;-453.7850725596366 -282.85283056246715
1000,14,22,LXSSA_REPAIR,4141.617758530716,98273.67976705468,2.639674413166722,,6030,6030,0,0,100,0.0,2,-523.7843419941896 191.58442283655998;-202.97306912515666 -134.7960622384618;644.4439147766477 68.8314874016106;393.85777314843995 -790.1826418226874;766.1777495728842 -425.13483714054786;-285.59773189370884 -797.7708372396233;54.72083071144425 -434.36179300641095;24.114263759303984 979.4995816581475;-783.1673676751404 469.2153161274409;-51.621011070317444 471.51537928432367;582.9735209115594 657.5379466012376;-773.2031688597754 -290.8662119779333;873.7276658931657 483.25738462489466;-910.4335996617739 71.65938108851742
1000,14,23,LXSSA_REPAIR,3581.375143385172,98833.9223822002,2.639674413166722,,6030,6030,0,0,100,0.0,2,82.34986876598478 574.9687299637399;197.6247259250019 -795.6736916290923;-137.49384965376996 988.3205071893187;-833.3607829760539 262.45314200566605;265.54607310829476 -116.53578841083203;-437.1347252059913 36.89696867345704;-188.96813479794668 -388.518730683004;761.743542119482 165.37120792912077;-547.5182192016874 -798.2405107051444;-781.4202673915223 588.5053487048717;336.870387395014 861.9303729882377;865.0855411089206 -412.393900439934;-791.0444850433335 -549.2883085850955;801.0356092000333 593.0782904077008
1000,14,24,LXSSA_REPAIR,3723.821118259788,98691.4764073256,2.639674413166722,,6030,6030,0,0,100,0.0,2,360.7732446900453 781.9204007750551;777.3746863292429 -213.80462159710115;102.06646220752778 -9.642943172698734;-403.22305782660817 -509.2953040212415;-25.050073757426325 999.4595427230527;217.47119539091779 509.2757721040376;-842.2141457002693 211.8037979396271;587.1764533024714 -488.93036025900176;568.636924417444 -822.5886229282554;-455.91612984417486 -813.5847263210504;488.4896345215216 209.9294327574537;917.3579900619712 200.05858229662348;-543.5894077786445 744.3420921168696;96.15060851437198 -972.1666202100429
1000,14,25,LXSSA_REPAIR,3375.125351120543,99040.17217446484,2.639674413166722,,6030,6030,0,0,100,0.0,2,222.6436733696698 -546.1328725166228;-457.6672531358117 261.2834458329619;899.605487391523 255.8985901571531;277.66081801860486 641.9386860370327;-881.5606126749213 268.8467834152522;778.3503947154679 -555.532897020538;-259.6372139931688 946.529591726563;-925.6640809584823 -187.65676520290995;766.7230661446507 -232.05436929089007;313.7588598543772 947.8160023055373;249.22193011388163 76.1419337945363;-275.2562322146574 -531.4274554189292;-785.8630849766106 608.4439448328303;-300.1771686232538 -887.8185808198738
1000,14,26,LXSSA_REPAIR,3445.470438992852,98969.82708659252,2.639674413166722,,6030,6030,0,0,100,0.0,2,-153.25997547248122 -562.6848607481534;-736.3254079418379 668.3586383347131;-228.56579536937394 973.5284675792308;-696.6456964914033 -59.46153391033368;107.15398358374 664.059640267253;518.039023969121 -102.91203416750578;-249.76722760418843 -965.770215047685;825.5582451157944 509.29198902908877;-920.8274593657138 325.08737123133835;545.32561604905 -742.7238821481454;-907.7902879346977 -352.40444740185933;-692.1603318210775 -714.0465037490219;977.3768113218669 171.0897137136295;167.86183357432367 966.113486793033
1000,14,27,LXSSA_REPAIR,4365.707896708103,98049.58962887728,2.639674413166722,,6030,6030,0,0,100,0.0,2,-111.2751418736458 -894.3881733442671;329.3452619941207 -894.6931800264628;-281.4931505002037 281.75484924637095;-513.1209838525309 544.6951641987789;550.5813925871811 -33.07142748480164;-574.4985258288834 -32.44059529918844;-694.436325186864 -713.2149360760089;-131.05946397887314 -30.3156886132333;4.178325026781033 841.3110316732777;-312.043773947004 -500.3328764844595;359.2270176585515 -330.7595272502184;-775.9245573079432 -360.16353288329924;697.7662236012054 -687.7980367115529;585.9761045508064 506.6213081709153
1000,14,28,LXSSA_REPAIR,4031.151870674425,98384.14565491096,2.639674413166722,,6030,6030,0,0,100,0.0,2,-388.24079004353166 -854.1293533817245;315.4084324558859 523.6165914853472;-143.66198801189162 226.08284320126972;680.6603575624204 727.6177814470515;-394.38106094760957 716.7712486273739;-780.0610583433279 595.3050076215593;505.59300127088824 -835.3571299575904;-567.8415353962297 -511.5514398880622;-830.7872962766404 -55.62189438647732;-42.783938143502766 -658.2999741765794;904.3671498365418 -412.04680056217927;299.33055746902124 944.543734347864;-381.8961200257573 -52.5885411267477;655.021983569788 193.95755886360703
1000,14,29,LXSSA_REPAIR,4037.884567979534,98377.41295760583,2.639674413166722,,6030,6030,0,0,100,0.0,2,-737.5700534294165 560.1210138919558;403.79599419651834 759.9289686206974;802.3371729712536 526.7403156743345;-39.50196295820439 -150.1261515589486;-535.566141656555 -285.70095417776236;355.43875511189106 -932.2454428992644;650.7542729558492 -149.78063496429903;-588.9083675341029 -671.1374850794786;890.4520372828838 -391.4136657545563;17.907901675223204 540.6881785557852;-829.9029299167178 253.8676040229224;73.36998748310725 -653.6364204584987;-188.01857984796717 909.708638193494;-964.2529905471522 -36.319651551837275
1000,14,30,LXSSA_REPAIR,4087.404462186183,98327.8930633992,2.639674413166722,,6030,6030,0,0,100,0.0,2,-540.4100054310505 -76.15747168176838;-237.20380478710746 971.4377149443467;335.3465768945783 -325.96499102302005;839.5624720488912 -20.80169942728602;-422.77631261373193 613.2554454604609;829.8591526613727 557.9729246527364;164.85468967446408 971.7275389276723;245.26848939706642 -924.0556248966134;426.50003276533687 802.1636447490083;-190.62751196308795 272.6077991663473;793.8197115837611 -602.9018516231001;585.2492664175999 258.5312333049326;-936.4768259544451 314.17239724847667;66.51904213740599 -608.6417817136925
750,13,1,LXSSA_REPAIR,5021.192787219363,90078.72634368134,2.393219079099981,,6030,6030,0,0,100,0.0,2,-552.9614715141822 -43.321417654250595;33.847111545459235 -749.2071616469832;-647.3344333197816 -362.971344439661;575.8439990463261 -61.68985841785172;50.899714779841865 -424.2486394472465;-428.27531220799546 283.419634489424;-88.52606533886461 719.1060681501781;-347.9654537141242 -648.7501028835037;36.51149726332288 286.7550228388077;531.9449050727751 -447.025807524171;466.10742931558104 559.5074773607064;687.466853952745 265.07164980727975;-450.23094160351945 598.6357454952962
750,13,2,LXSSA_REPAIR,4311.421931401419,90788.49719949928,2.393219079099981,,6030,6030,0,0,100,0.0,2,603.2397987197843 49.038616393302675;470.47805629869646 -573.6530205805468;-642.7259514818235 18.80573636584086;226.9076442135128 647.1304503514883;100.3068846092803 197.0525217666457;-363.86131193244785 327.95167989059473;-222.27459029564582 -406.1335422134758;-633.7517885349814 -295.3189694141354;-128.98280924183086 -738.8255643847202;661.346120135923 353.598013471057;699.5991589346461 -267.99599065430465;307.91666012252114 -267.24254475134035;-364.805583490121 650.6064492934809
750,13,3,LXSSA_REPAIR,5698.220591644116,89401.69853925658,2.393219079099981,,6030,6030,0,0,100,0.0,2,-172.99828385008573 -436.21590241288527;-469.40841688392766 97.59516043089306;506.8568226724524 102.5631977534891;50.69111015654647 360.4847561952247;-582.7865589226158 -432.1419029735097;-185.20475238935995 -73.82579395427564;696.3398771304495 -275.1485188338398;179.08123940507394 -427.62464502538705;563.1599596276482 493.5049643438648;-10.335768913420104 -730.0665788483242;454.6812776760578 -595.5914964304026;-285.8873134659885 692.2775921561528;188.6940780192136 699.4945869692515
750,13,4,LXSSA_REPAIR,4423.025776007722,90676.89335489298,2.393219079099981,,6030,6030,0,0,100,0.0,2,-229.2858067078245 240.40049424735204;-325.81707151008703 -178.15428566410736;-551.2270384019344 -455.69906029849193;242.02434999695632 696.9667853027037;494.4104658216348 -449.3525126842466;-585.4121907493231 459.0137203340865;695.6349890513827 220.74490716775142;-186.64006997967448 693.5276060917435;121.84444474000684 -668.4665199258841;252.35324348642763 -20.126826450660957;560.1538369712915 497.3474554838308;657.3847379322914 -134.89327004162678;-323.19598521976525 -675.8648090100851
750,13,5,LXSSA_REPAIR,4815.445198472764,90284.47393242794,2.393219079099981,,6030,6030,0,0,100,0.0,2,-594.7466482467415 -228.8357868555082;375.84820769137986 603.1915616002045;623.3154170108667 -273.0469758266514;-615.1912014288872 343.4757624327232;-127.95152657282759 -470.8183164382076;-131.4093746028817 49.101464713429465;422.4140497134236 -619.7265077846813;727.4670864876188 34.39578613241729;639.6348377235283 336.3901132521808;-440.1804099161695 607.2406497641878;325.2341436037268 36.4767200397469;-58.42321241101112 721.1753511842611;-392.44051479234565 -628.646046052081
750,13,6,LXSSA_REPAIR,5061.978631890772,90037.94049900993,2.393219079099981,,6030,6030,0,0,100,0.0,2,-83.57023040777345 -745.3294684832954;198.29588013321438 -437.334729918651;-257.02966787279786 275.740439103004;613.2695765932605 -169.07596237745898;158.17607881577806 152.76049476008467;65.72846294148356 631.9901651861879;-552.2884337140763 -455.90774342494973;-62.74327083969789 -163.35529742940113;-698.656729162041 152.9236203725501;-381.8350545415198 636.2854293811987;686.8301364030145 290.83731386349825;-692.7083618000794 -158.43180606370328;409.05060357135164 625.9224680262828
750,13,7,LXSSA_REPAIR,5732.365031751178,89367.55409914952,2.393219079099981,,6030,6030,0,0,100,0.0,2,-208.667632929202 -277.6294392595012;-224.72006753302207 714.1953053141821;-712.4997411365972 21.64695929063841;588.6844137207538 412.47923787266586;232.8617609785416 710.4839797074848;202.4276972830819 295.44733826710313;503.35405403401626 -476.28807879504177;199.42019764251768 -169.1287444914032;-495.2379917926982 457.80723513160666;723.58296978092 -185.2657724014024;-573.1354446740544 -483.7232798826329;-227.85992761219572 294.43614214086864;-82.38580721883955 -643.3230676708655
750,13,8,LXSSA_REPAIR,4360.784396535528,90739.13473436516,2.393219079099981,,6030,6030,0,0,100,0.0,2,-24.98161014211253 -694.3914480008918;-275.84769052068896 -273.6772340633174;460.70605414866026 380.4214782223381;-67.21991378622008 110.45477227506119;-648.0333661927289 -43.63190562853253;498.26682940711 -550.013986780217;365.38013693703647 -108.97215887387016;308.73669982454896 651.3899403634214;-383.13556064451257 644.2333524743171;734.648082210225 91.70687726699921;-493.23154649828246 -559.8847104273016;674.7198083829984 -281.5250358712075;-547.2048382849387 383.24362464444175
750,13,9,LXSSA_REPAIR,4682.978491135786,90416.94063976491,2.393219079099981,,6030,6030,0,0,100,0.0,2,32.08627240191604 749.0556210135165;-209.03592460178052 -368.84879180018777;591.0873641717181 454.3968404345167;237.79032878668824 -656.2279722784746;620.4987580129833 -414.0512548133642;-359.3656253945826 -654.908737263708;684.9862200756211 125.17813440407811;47.10573729074499 132.71392445157565;-647.8510816553814 -367.9685977653609;-707.9171882070483 138.21998068707572;-587.7590422112023 464.1989363676084;391.80763254070547 -184.290573343156;-151.30060261479352 455.37779633931916
750,13,10,LXSSA_REPAIR,5210.839279888576,89889.07985101212,2.393219079099981,,6030,6030,0,0,100,0.0,2,255.41311455424923 246.03647521588957;-471.1599418728726 -511.8991561219871;582.7226874189981 -246.37813753765923;270.72434605003406 -699.4342917356721;-295.02781442475947 689.5350108051066;-53.54979966709786 -82.17114678176017;-11.629545313270038 519.8250346394601;-386.34743009988824 280.9589963673832;-732.261078167491 -91.31756829212124;489.2630341162463 520.5972932692953;-139.98691369761414 -695.4183235510941;31.16407125963191 -381.606051155381;696.7358866112869 118.93364119954654
750,13,11,LXSSA_REPAIR,4770.617529383235,90329.30160151748,2.393219079099981,,6030,6030,0,0,100,0.0,2,519.3311063019358 -512.7603160588156;734.8034809484352 10.001870249789139;567.1997782089177 476.8084740483818;-704.7502866187083 206.94897547316882;-538.8004909926183 -485.31328000702104;151.18779595475291 -306.305675065588;-257.7513864098307 634.467500322072;-257.0926801723056 15.31991545770232;-186.92230979514443 -703.3283011159543;431.67640332307894 200.22681343478095;135.7590913442018 737.6097250694643;-542.8747751348055 477.85952693373963;-727.7213794247496 -108.21363768379925
750,13,12,LXSSA_REPAIR,5144.807713793678,89955.11141710702,2.393219079099981,,6030,6030,0,0,100,0.0,2,322.31163524690265 676.7042658278768;-282.1116283691184 -679.6498796659346;43.325020319471164 -361.2919027572884;-619.2948658772037 -371.78658729777885;438.73009887138744 8.449979158618072;732.251599729288 -162.1960329215077;579.4705818819187 426.066650666381;-533.1089334646279 419.80128722815346;352.1253644976252 -662.1991536528387;-724.7915217299756 69.14599713758506;-317.3531730883583 679.5006662535172;-197.0863841880977 -138.879669600929;714.1834482049128 148.17798286781746
750,13,13,LXSSA_REPAIR,4737.743607228898,90362.1755236718,2.393219079099981,,6030,6030,0,0,100,0.0,2,367.8872476251315 190.6546613134048;-707.6791120329754 142.88480581826792;-524.4673578933443 460.8927127356727;234.10444626363224 670.6655883021112;216.23231203730376 -369.02815388431134;-145.08302916487293 679.8361907715407;-437.7684536087702 -33.46099987342595;-35.68511357519349 -729.8636244820492;452.3866217911925 -595.327745726643;678.8696567923596 -96.3816366896969;-458.02022518912645 -593.899639730512;579.0283833153943 468.07714196354425;-612.7633933759025 -327.36727167741134
750,13,14,LXSSA_REPAIR,4776.702477810075,90323.21665309064,2.393219079099981,,6030,6030,0,0,100,0.0,2,-653.527015963779 175.44547240102017;-185.8348544032114 -664.5358110099015;190.87244408582336 665.9716359433351;-12.533794693048584 3.3515667833453366;314.5251495605141 192.34311683873912;-181.92173892309577 671.6968610785792;495.3803144219449 481.6494483157066;176.8398507818067 -666.5377079786565;481.26733740102065 -482.6639955806139;-509.2854648843378 -478.5363384157817;301.4900846651243 -177.20256382546614;-658.7237540923361 -172.63805521627154;-473.6323846041732 488.91609553499393
750,13,15,LXSSA_REPAIR,5475.537818533136,89624.38131236756,2.393219079099981,,6030,6030,0,0,100,0.0,2,-283.5240489106684 694.3435391402024;-725.5490762828508 -149.18690822899634;520.1753275679959 501.6238027183146;-193.64006855489114 104.2031760391426;121.95571901074646 399.2839724854011;417.4223069582578 -44.883958914346636;67.41973743746803 -382.30374378755806;448.5323129510831 -601.0737184819661;-400.2511834170449 -249.91735325374358;-670.7625466171079 237.47029593204564;165.31597604990856 704.835604439601;713.7838658880922 -212.8140789395871;-404.20698125470443 -617.148827513839
750,13,16,LXSSA_REPAIR,4919.4032978897885,90180.51583301093,2.393219079099981,,6030,6030,0,0,100,0.0,2,-260.7606050204376 -602.634902115865;-48.957472778435765 -78.19536890328439;303.8576301810802 297.4508243217943;148.5945994817593 667.8508115153015;-371.7873204085331 124.52890758239393;510.1138436354147 -91.82745760039255;683.121822336559 176.4712669792315;-484.43411761047713 -356.56458005821105;-485.57414061413175 512.4628989283045;-719.6981054248361 -83.98192294551978;167.03530018611357 -715.3656727410269;486.6757998917657 570.6545941282783;413.7289200619028 -384.3577287307526
750,13,17,LXSSA_REPAIR,5997.788814172294,89102.1303167284,2.393219079099981,,6030,6030,0,0,100,0.0,2,675.047461398947 -318.0955988045974;322.6124644990406 -593.8896725723823;-700.4431705973732 -238.93304371153232;-519.957328840446 -540.5037627863435;171.9616692640347 417.06181651401755;-234.90973759258932 -265.21696620710395;53.076918668558086 11.43243704876761;-335.176854987821 117.42554771760649;-135.63066168889662 -736.1633356667362;-123.43658108074175 738.3210848115964;-495.49250449510777 548.5746162462552;631.9001166479427 314.51126570341955;474.6272947240138 580.714156106913
750,13,18,LXSSA_REPAIR,4013.0995001426927,91086.819630758,2.393219079099981,,6030,6030,0,0,100,0.0,2,-92.05792406866817 -424.0118274898227;449.54291943566955 593.2581855108007;-455.21864488440565 596.0503211555257;-14.374455398147166 722.9567322881453;-709.1319146965216 -77.10487796101131;266.9342991994049 -640.7692868480854;-132.10082238417073 255.9206162132461;657.2163361021705 268.4943098907746;-54.7402389377756 -745.9198434041425;612.0350263050251 -430.2499138906021;470.35782778980905 -90.93457223893165;-624.0639884648069 -410.04871263547716;-636.4938711462723 253.55718320280957
750,13,19,LXSSA_REPAIR,5082.354943568265,90017.56418733243,2.393219079099981,,6030,6030,0,0,100,0.0,2,-324.4849379900166 -155.91255663877538;102.83749612518939 719.596899162459;-504.89318717465596 554.5855751660736;183.32945778735157 -9.877622077219863;26.399487650890347 -746.7295950798676;-576.7112092135762 -436.6531145175034;578.4815862702748 -430.83725354585766;-682.3019324143107 233.42936524535497;-75.05803884621031 421.2001473940491;88.43282967794421 -435.48941744706866;697.8285690279552 274.79790197373813;705.7237718323279 -134.86680569303942;269.0862867211326 415.31379552818936
750,13,20,LXSSA_REPAIR,5456.354440586001,89643.5646903147,2.393219079099981,,6030,6030,0,0,100,0.0,2,138.86649998301908 -333.2969146252871;33.418220305497066 391.51956671310285;-595.2213072241464 65.16557613120547;507.17838611047307 -127.08748858066544;-305.9828277483163 -112.42044076494761;717.2152365726374 178.2969605389758;484.4934181753457 -546.3577066996587;222.53847402017016 716.1983969448976;-302.0103462619655 577.1237592627181;115.99538708867381 -740.3674083251179;-629.9138810216273 406.2535731531479;-416.7045594472508 -587.0974168240341;-655.2597676236719 -330.7361660298411
750,13,21,LXSSA_REPAIR,4662.217338013463,90437.70179288724,2.393219079099981,,6030,6030,0,0,100,0.0,2,276.87533121650165 -8.563223769636325;-749.7557981257836 18.69643178403396;-111.79638970795791 -383.75479476655266;561.9515338605885 -381.9620212388584;335.7356035397476 623.8342422354274;-614.669121906265 -387.88580699408743;-391.9698264866962 623.6684330436317;711.146384289419 -93.18404026367391;-31.5972965972301 -746.2142456626498;370.4456900436758 -643.1870144689673;586.8886565234453 357.454805685026;-86.5339938505963 194.2781786908347;-351.3350306534059 -654.8102244989574
750,13,22,LXSSA_REPAIR,5030.986287329768,90068.93284357093,2.393219079099981,,6030,6030,0,0,100,0.0,2,4.242431784589272 -346.62178965789667;508.522800812045 259.9287354338489;-569.0464861015765 -485.19896468230354;724.4459816797541 -184.3029174673146;-669.8813784004054 101.41327726479265;221.12100558862795 -696.131157791829;-35.48377183848312 423.7439342245952;284.268116505288 -182.41337748033487;-452.8373119751802 530.4611886666349;-235.3664506184599 90.4255498206863;-721.7956542280149 -202.18342374368328;234.8658560694485 712.2766524692249;-243.46337765097948 -689.1950366381806
750,13,23,LXSSA_REPAIR,5417.697289484,89682.2218414167,2.393219079099981,,6030,6030,0,0,100,0.0,2,501.26994666567947 -138.415608409139;-495.24144656989404 -445.0147018731075;-2.159869162912997 -597.8349931204156;-671.966133731054 319.019324428436;348.1861734039478 586.8821219373505;2.2577676435528526 -280.19840113635087;-109.62815298219162 461.8924295952039;611.5963979139804 -434.00409802647647;124.73204777516803 112.06792591137032;-312.2820358289517 228.47618010276904;734.1121005846542 119.27817172772758;54.36536941111894 748.0270092776012;-686.3850183466925 -127.2797733447692
750,13,24,LXSSA_REPAIR,6458.175742433377,88641.74338846732,2.393219079099981,,6030,6030,0,0,100,0.0,2,285.99156692233646 -691.7748846730509;-470.8192669649908 583.8058049167965;-307.7477533634906 -503.355286087865;611.4689751963352 169.57135074185018;-359.38428510257745 -178.21621556737915;424.75463850188913 -180.86844174675358;109.38516082613903 298.1271420716785;581.8939422215021 -457.4850737785959;-78.51208028145051 -23.662783709614743;102.08887244623037 743.0194224397216;62.54619797181465 -299.04662570271597;-698.1065693919545 -274.12992863201976;508.5349274197563 530.2078496597419
750,13,25,LXSSA_REPAIR,4755.112363315726,90344.80676758496,2.393219079099981,,6030,6030,0,0,100,0.0,2,-550.6246910022791 429.91720950808343;603.6838395123298 400.53974314982275;-54.59189154928084 427.1931720722967;174.17843825238845 -662.0068287193674;522.970899581465 -96.40508162394342;-725.515457152639 -69.20857365644429;-311.79410487384234 681.8449821850006;-502.9585123759002 -282.28038705554764;-378.3383150311508 -647.580203047769;646.3168413094338 -378.6280075021232;-46.95355498502131 -273.56391995780837;334.33134506842384 668.9707574863986;-294.3323593026692 167.50833620294554
750,13,26,LXSSA_REPAIR,5617.037286741397,89482.8818441593,2.393219079099981,,6030,6030,0,0,100,0.0,2,-441.33094568615905 -194.70118880087315;354.2512948460751 -232.25883605272307;-180.64624074610225 107.66288010413751;-555.1875041722953 -485.5125266415564;420.0118133389564 554.4021267715135;-416.5400099524092 537.3601637285299;-103.58465094146358 -742.8123720626461;571.3876238277022 78.36426483760361;37.022630449546405 670.4236141128096;-59.97549363045392 -356.2915408588267;240.15329575270448 -642.4129923064357;-666.1274016282658 247.34612002096148;621.5233488174365 -392.7028657682073
750,13,27,LXSSA_REPAIR,5969.268352925603,89130.6507779751,2.393219079099981,,6030,6030,0,0,100,0.0,2,-492.9349594967441 -500.99181656058107;354.83846319546177 -321.9420414071121;8.037838107252472 -524.6924751137435;71.83648759081177 143.82704393999975;-111.16906948433976 733.1896497724019;-475.8245464008011 296.40336724065526;-602.0342834001337 -48.160505592593275;-198.86474591234324 -163.19905655468565;510.2026706561708 262.23359199940586;133.8105135307673 462.620280514227;693.2905936961929 14.555449866886814;276.8118789181424 -692.9263327100485;398.5754657368987 620.0356277590607
750,13,28,LXSSA_REPAIR,4433.291040025782,90666.62809087492,2.393219079099981,,6030,6030,0,0,100,0.0,2,-663.2500028563342 -237.62211908868298;-147.90643911017446 420.4140028576599;-650.169893017928 155.2032385357375;-39.50365058116051 747.7219918736507;-93.62136648022374 -398.7144585099178;-154.51261141659128 -733.5851013587911;652.5570176351566 -214.79741131994493;263.6597899630395 12.26877717241894;475.65209371013236 -543.9305719593602;456.69312735041757 594.921328774566;735.2314644878201 143.41018604470835;-529.2418093908173 -523.7260796661966;-384.3903266690244 643.9812897780088
750,13,29,LXSSA_REPAIR,6115.482335791399,88984.4367951093,2.393219079099981,,6030,6030,0,0,100,0.0,2,-65.50617734280439 743.4889384713848;-240.69372889254933 -379.86055827655974;82.30448204803766 85.6786309539339;282.1586778189622 557.6064640236352;133.86116434868026 -591.326131055203;493.3518109579702 197.86016265844611;-649.014981021173 -375.87171316856353;-283.1635371262301 390.0226295022631;597.0793331502531 -426.97756279657494;-741.7755111404942 110.7659292032455;-307.49097635718476 -22.900054826134532;356.1826209862513 -183.51163346958924;-237.19332947151315 -711.5049616699282
750,13,30,LXSSA_REPAIR,5425.367545469533,89674.55158543117,2.393219079099981,,6030,6030,0,0,100,0.0,2,-400.8738363739362 536.2810882254812;-468.94483899046793 -507.498304818986;434.8837783711964 512.2810860979081;-395.2853149573176 -192.88513402615752;13.763408292898383 -636.2605026311086;-726.0345194480443 -188.07875109013497;80.29918364708234 -196.53652329853384;683.478372896424 -208.18139830410695;113.01413920769909 705.561568718055;-677.3132153329208 247.82169448744233;38.54502836746948 273.7049551008838;730.9500592946139 142.6783961806052;-232.71870156100312 114.74239570130614
1000,13,1,LXSSA_REPAIR,2677.0761836676397,92422.84294723306,2.406689082599951,,6030,6030,0,0,100,0.0,2,469.7041291146926 -808.425583918756;-960.9423707177629 -248.73661130554802;941.3718873974859 282.5496141827802;-44.247631828585675 -303.2786957197633;-301.9607852162143 953.2869521459603;783.3196575307271 621.6191069505059;-679.1538992598315 728.2966626637269;-353.3612974393291 318.90618237748373;-109.08957305777398 -957.3637907461456;-572.3459219057063 -820.0122838579352;-952.421197624375 304.7003650074961;578.8083627368735 -489.2954201101536;242.37722360806922 953.4714904580987
1000,13,2,LXSSA_REPAIR,3152.970434335366,91946.94869656532,2.406689082599951,,6030,6030,0,0,100,0.0,2,-214.89588695170553 274.7198906161805;578.8078150562217 267.3174547025783;75.13946590167122 -15.797991550325714;-246.79333289680693 -967.7678158671575;-210.06504943257897 -311.8722242534;752.9441354343576 -310.37816166033537;-606.9144728097763 -420.8599027701307;-519.6349533762804 575.5433665661188;-662.2062078817703 -732.5700440522897;-368.13049368872225 -9.196067706562646;533.041360800539 -764.7884591238632;-193.48730476786378 948.7706243942079;315.50058651851333 813.3980447957072
1000,13,3,LXSSA_REPAIR,2918.5173596603126,92181.4017712404,2.406689082599951,,6030,6030,0,0,100,0.0,2,-0.12243107876763991 -972.9658011142795;149.27096049248436 466.2786641410439;-78.30031170552598 -675.052692620027;-22.84772997484617 -366.7076873003326;95.5364557831445 979.6816824661049;-965.5817843252454 -77.24049867165886;980.3214740328452 -24.158965784318717;303.6873390678226 -10.988555046549706;-901.7851974780216 -407.79173191252295;-521.873920262575 -819.49489159036;-288.7575268922497 325.94596416371087;751.0022124127587 634.479871815967;-692.8903873174129 720.8896702055431
1000,13,4,LXSSA_REPAIR,3042.8047153705847,92057.11441553012,2.406689082599951,,6030,6030,0,0,100,0.0,2,-238.92090634755215 970.5167292842099;616.9967987941434 -19.119508901159087;-671.4389573531795 -48.87443796810884;158.64270902523984 -953.5442378520144;822.8812221651917 -566.5728089017935;969.1715399413764 186.75584257733564;629.7618730415103 734.794988619146;-659.6181296923953 -731.5377333616497;-633.415918243389 757.3247665724735;549.2866248837761 -385.26140652606585;-208.0829277337075 511.6904711058457;-209.36605887092867 -850.5400929042835;-860.4557016056187 -371.2673698570376
1000,13,5,LXSSA_REPAIR,3644.341548742188,91455.57758215853,2.406689082599951,,6030,6030,0,0,100,0.0,2,103.56408700121952 -489.02653102098753;897.2946363642251 -140.62636539388913;-932.8062378225627 -109.7974492308014;49.558368601860884 -991.5457635011392;606.1804796149089 769.0750268791232;-79.74876422097235 917.4699572804285;710.3746587551034 -658.1486244060542;475.15888108214057 317.1202846589004;-250.09263204146222 -685.5883971916113;148.9701798136458 -141.43152754112913;139.307042493641 525.1038522280782;-316.07345098261544 -260.2293869319388;-309.61192290985576 535.5522224017459
1000,13,6,LXSSA_REPAIR,2869.25618542984,92230.66294547086,2.406689082599951,,6030,6030,0,0,100,0.0,2,371.7788325842361 283.5222736217174;328.2890069386654 -944.5763631453244;-405.91644437229706 910.7687991350059;781.39839866202 -419.30749862881595;973.902178690927 -125.77282104202845;-403.93046005612086 564.7113297297226;-650.7667675940882 -703.4791958874079;-83.69739532325583 -161.87009825300413;-972.5420833433737 -152.4535921292119;-90.84265125163958 -699.7624988956937;732.0689772922655 678.6680355044044;-37.94312918312058 909.0294975769028;-592.6179488437491 310.3368056427353
1000,13,7,LXSSA_REPAIR,2813.339056551049,92286.58007434964,2.406689082599951,,6030,6030,0,0,100,0.0,2,260.11190448139155 -841.3077649058894;-842.2149213514117 -280.5492540079924;-54.99383413901789 939.9903321400495;-524.8697846065837 805.0097603331913;-141.34269872695864 -960.510727858593;649.8042727451555 -723.1210030060187;-744.5217254790674 -604.2469000171827;-806.6308785844059 480.98330185947475;431.0525688825229 803.3201843995944;235.07337926251748 58.84743327999314;223.86620097719037 -300.34257069456993;-936.3954924267771 42.02343199310173;882.6011921077321 63.60109591198886
1000,13,8,LXSSA_REPAIR,3471.1573016284674,91628.76182927225,2.406689082599951,,6030,6030,0,0,100,0.0,2,-2.5513795095390486 -939.9842399567783;-727.406948912487 -522.2098753310524;-321.6490938616393 -109.94405178823317;-694.3043618045339 235.3625020973265;718.8910633886005 473.429208649485;-162.8018700301407 795.955212519248;110.54045563316856 -245.07096089947632;-456.43177674597194 -815.9447918116509;412.41185845510034 -824.0925579763668;613.677441693277 -551.8228305603815;191.21354471926665 603.8083169248188;-971.6516524875273 -84.23653487441622;-759.2430155866658 623.7115404731225
1000,13,9,LXSSA_REPAIR,3453.2404640582245,91646.67866684248,2.406689082599951,,6030,6030,0,0,100,0.0,2,434.9457727682365 286.5753466347248;-122.28807688382848 -972.5777006133752;-35.784536591680265 19.851831248156284;967.1683544058166 4.08272187619794;287.5073792864469 -173.50688907996297;-224.34667066511776 971.1850205264561;114.84845608912255 -509.5501339076092;-520.4231188635268 -853.2595216061857;-825.0897957747816 464.21182821877375;-259.55119413877185 459.1906720391628;307.8758891977436 -842.3692157279073;-672.6673717683248 -151.42453839915552;852.3828297691041 -514.736570460372
1000,13,10,LXSSA_REPAIR,2555.0087563352863,92544.9103745654,2.406689082599951,,6030,6030,0,0,100,0.0,2,964.1232004646831 168.84391756857516;289.01762495279326 -957.1425855213766;150.52319886429768 634.8177957391293;748.6899432365469 620.422476700081;-701.5128397686033 -277.2861043986346;-243.622817290628 -964.1174366149861;33.887762203920445 151.04956670425707;-673.3376732316415 612.8549461694529;898.7590103685538 -314.97245229077;-880.6099708026278 89.39334361075727;431.27199608188374 -594.2071303664341;-503.6628803991615 298.75083376574474;77.29081529929817 997.0085906702959
1000,13,11,LXSSA_REPAIR,3334.897914641071,91765.02121625964,2.406689082599951,,6030,6030,0,0,100,0.0,2,981.8514718375046 -164.44929756017456;-798.9329789271937 350.0123744851716;-692.1583042027727 710.4975195386677;191.76335388981886 962.2065897166724;-470.690647911931 9.637443785411818;529.094894988009 -434.4671734851614;-846.9628993798253 -465.1711009839168;-236.59310237947906 970.3147477747405;302.32817370784613 -887.4130875994977;503.67878411551595 639.7619087457715;112.74317757188324 -167.30442099184629;876.895189569921 414.6712626311349;-392.71342873216463 -468.4765910845579
1000,13,12,LXSSA_REPAIR,2632.649028793501,92467.2701021072,2.406689082599951,,6030,6030,0,0,100,0.0,2,783.2360412910268 -553.6462366484108;-533.8625920088163 531.6540900542382;-541.3005304359066 -565.3616615393562;459.9274642903627 807.5893265365876;185.61743996787416 121.46551881933961;-197.8496001302796 980.1866831443676;813.644126855066 478.37527984428147;-734.6246756007483 152.94856873970213;-29.715828588513023 523.85915830755;459.34507868979443 -871.6702813852127;797.4020198622643 107.69506161215412;-461.6613426879845 -871.4510279997377;-959.0837603071046 -114.62436576144965
1000,13,13,LXSSA_REPAIR,2181.301862111126,92918.61726878956,2.406689082599951,,6030,6030,0,0,100,0.0,2,855.664670824167 487.03512859852043;-376.0084196231093 899.6112029116773;36.01049605137776 -708.9438328377846;-150.07059240348772 504.24898640665106;-843.7564315565066 -485.5024220234536;38.017657477798444 13.251047787958537;477.7553744031202 871.978375222017;-125.6169706832373 -991.964390411053;825.6989666280067 -479.15056455825743;633.62602874262 -135.43851281789063;-987.8751870706653 -40.936098909952136;-740.903515376967 505.31698430024926;489.5858921142722 -833.6808080636675
1000,13,14,LXSSA_REPAIR,3293.895631146617,91806.02349975408,2.406689082599951,,6030,6030,0,0,100,0.0,2,287.20566322592157 -130.9754885182474;-165.90614918601116 963.4301920775478;-352.6025325164764 -509.61883676289034;610.5585527406773 -774.264388048551;-297.9149666824465 475.61892222239754;363.0448691762178 -519.8152463645821;-600.2189546827643 -779.3701445400951;-988.0034139442945 -112.28986770885845;935.0725631811824 206.97033387086225;82.7980666409679 692.1647651132172;781.7819419408836 501.40505227218034;-656.9168932554853 89.61534846332331;851.7437665326493 -250.75073561699662
1000,13,15,LXSSA_REPAIR,2858.040809849932,92241.87832105075,2.406689082599951,,6030,6030,0,0,100,0.0,2,-559.3290893733254 -359.3572577036262;-771.6808264677761 575.6558515618883;475.4752074880765 820.7978611326946;256.0478158479335 -391.36139928155757;-386.2940852058793 -69.60716897122362;-697.4965133772126 -669.1170070148631;-91.02017149125615 975.4475685644944;-132.17571153366484 418.23030346642014;-165.43894653764337 -986.2096991563812;622.7564900608647 -608.9691595286881;385.47602140806026 -86.65764619965543;-543.5461287048504 839.3792980351435;571.3896751822263 423.15525849897364
1000,13,16,LXSSA_REPAIR,2944.7033089566976,92155.215821944,2.406689082599951,,6030,6030,0,0,100,0.0,2,-965.7028027013363 171.85537174834735;-697.5729055931041 -713.6448862567364;807.0331478896691 536.815740005626;964.6863496437144 -171.0470372836398;-304.7265753792944 160.1956066685431;424.53243495354457 144.0382601147596;674.1883646902844 -738.5594416946004;524.9487452077069 831.8640899136952;-314.6743620905122 -939.8807573622879;-253.7002731334243 582.0890307038941;106.159006255202 -939.4991552432933;-90.04712258383951 990.0400485934557;-778.0941102161729 583.2071056933894
1000,13,17,LXSSA_REPAIR,2703.3070006578346,92396.61213024288,2.406689082599951,,6030,6030,0,0,100,0.0,2,-163.7556596913992 -982.8512750116071;-780.1040996132704 586.3967814123874;227.6421833072328 -380.44541430691123;588.1522339697955 -776.8077208074499;-987.5366933180109 -0.21706432894718147;64.02957772955091 -641.8372530046665;-778.8519676481121 -627.2047531716485;135.91922068745328 -6.149513370489392;392.94793427449696 862.3343678260816;687.6480352908792 301.55172814792115;231.89575232253134 305.09162444831367;-620.1652060825178 -211.89801440093734;-92.64052871402839 993.127143580801
1000,13,18,LXSSA_REPAIR,3018.040387841509,92081.8787430592,2.406689082599951,,6030,6030,0,0,100,0.0,2,377.49616502754407 -856.8519828868676;95.51814658580562 956.8405371209786;77.16971811950458 -238.2476189777426;299.6763529074245 306.3286659186719;-342.62824992625866 705.7887855649823;-657.6920796832293 -629.7179583101087;-937.2337093785122 348.70184112590266;-301.7483660940719 140.57350497277494;-813.43351334551 -12.757466196641445;690.0476608345455 418.93898649785837;657.2243614250525 -79.9665276825247;507.850788428072 -356.1465528576757;543.8740971005176 706.7331324251403
1000,13,19,LXSSA_REPAIR,3169.3157469789003,91930.6033839218,2.406689082599951,,6030,6030,0,0,100,0.0,2,490.05604182522063 841.5979253205937;656.0682455826484 -327.46945101203;141.81102983112078 -333.1503616153913;360.3921154722205 265.8875893307078;-732.1653113809411 534.857890452301;-79.5852117865139 518.2381059492782;320.42709428523204 -939.3443202772794;790.4587803265764 264.66611001022727;-448.0116213109247 -179.9618760763089;-233.32264292256292 -938.8510923080933;4.80449518998295 964.5677353453884;-901.0503571241924 258.0383607011118;394.1139170166038 -609.2896703251973
1000,13,20,LXSSA_REPAIR,2495.410679627821,92604.50845127288,2.406689082599951,,6030,6030,0,0,100,0.0,2,-629.7895276404323 740.15664406165;-735.484109723395 -677.5362739679305;-94.82140581813387 403.90098568778745;-161.73845598577364 -679.2007970259289;910.4001654047768 -330.9760559346907;648.8482591944633 -668.5805992659381;-814.1627828518839 -305.29486602141407;721.1977990878972 645.6388753546437;905.4031083122887 114.11285281626397;-354.10504857233224 -919.7501310871919;-980.0844057405762 162.98454161860826;245.13882740909878 -917.4478616693391;171.15023424230873 964.0577168541541
1000,13,21,LXSSA_REPAIR,2767.94903855068,92331.97009235002,2.406689082599951,,6030,6030,0,0,100,0.0,2,-491.4254561401108 87.21664243018931;995.1287289960284 -24.2929301060066;-979.626652271392 -200.76617961643743;573.33809561365 93.64218517339202;338.28419769404087 934.6172856264011;836.0074152477908 398.85022378906257;-852.3929325710457 -522.8900332963872;878.5120195731389 -408.49481592070117;-195.56614574532622 -944.0669528340273;-335.7852005286562 941.9306318489619;693.5579125016808 719.2280704671197;311.5136032648805 -950.2416929291887;-606.2699146840336 403.6278404740595
1000,13,22,LXSSA_REPAIR,3158.580276665467,91941.33885423523,2.406689082599951,,6030,6030,0,0,100,0.0,2,458.9019598424166 513.4202978745236;-152.95408996627347 691.8877534743635;-9.75383317017241 999.9377608953853;-458.17599379824213 188.06046298580705;937.1828901381256 -348.7412461414278;-421.9159158722302 -874.037909445602;827.310477113341 154.36541300548473;765.1781054471571 -621.7702967464345;-885.2463798490033 -376.79391393236875;488.8435826424273 869.2757023920061;30.08736223899936 -610.3495748858428;862.6539329214514 502.8699014907452;-468.5680913884883 868.5455815351904
1000,13,23,LXSSA_REPAIR,3345.0461155254743,91754.87301537524,2.406689082599951,,6030,6030,0,0,100,0.0,2,6.4172246322761115 82.12832284151317;866.8509540229451 -322.25753836468175;455.1303742014127 691.7177622158983;-10.827407107884207 999.928134828728;-289.69765823747167 -923.0784894670724;-410.2871389695626 889.3338102847683;-776.4971600249245 -135.69223988116988;369.3933019525741 -928.8226895009556;-866.7048129257041 -492.7682247336989;8.854691963841208 -555.777401776317;-916.1208709452953 343.66065339393896;689.8065064092694 -574.2878520426128;-523.0654976073607 -690.5050035275636
1000,13,24,LXSSA_REPAIR,3631.6293765460578,91468.28975435464,2.406689082599951,,6030,6030,0,0,100,0.0,2,979.0309838493406 175.22471414201235;328.5868985269168 -16.425078788127554;-230.73029604650617 676.5129578859095;-338.9795169428719 -714.006342873084;554.1247446652505 -435.53807858763696;119.32695932051824 992.8550129698291;688.7788449904726 692.1547747385341;604.8707282871097 -739.3288821800434;-726.0304177321228 686.8368320840954;-526.4039810231277 214.27861863106165;-588.377208441754 -458.2992301177313;-131.41511491909185 -17.54493592319245;555.6145458045756 414.4296036532886
1000,13,25,LXSSA_REPAIR,2666.389100543747,92433.53003035695,2.406689082599951,,6030,6030,0,0,100,0.0,2,675.0260369900058 734.9516792210408;-9.035128338474985 337.63489510416827;-384.8158054958412 -411.2401870910001;298.29421035412713 25.12290243220624;578.6022761741094 -711.902591793314;798.6198961068003 323.82223427726626;934.2939528064516 -138.43375260787988;-961.0272852230996 -253.25116577247408;433.61218350168787 -429.83085628192606;-485.8835591106637 778.7688319073834;-790.6341295853198 329.33120614476434;66.39666873458091 925.5776350428637;61.76719485549368 -860.3489635840928
1000,13,26,LXSSA_REPAIR,4030.888169402097,91069.0309614986,2.406689082599951,,6030,6030,0,0,100,0.0,2,-132.0654292690451 -243.44536016993428;-952.0354370350615 182.78694061663398;432.6797886239971 -714.9041082222532;-886.8207127564086 -439.47780306826104;-593.4911328538974 308.71301464970105;225.31828910237468 -482.77082703479044;754.898503513225 -217.3056993704298;233.95792640051053 -971.2742426071655;566.8750427797179 779.4489934321069;-150.9721894023431 575.389762131049;99.40411766988122 146.4198285317422;720.8634139481546 512.5191482481392;-318.5956102268998 947.8525119323383
1000,13,27,LXSSA_REPAIR,3661.483504214979,91438.43562668572,2.406689082599951,,6030,6030,0,0,100,0.0,2,-302.11448733493256 -381.06777900650604;627.1944115917674 -671.3523186339953;581.7905193396385 704.9035191377313;-115.66764938679225 327.2639320903199;-886.0314062795243 -203.51551866740084;172.0379424089807 -670.7929374388222;-988.245247625937 97.47324053237958;-308.9008834181328 -950.3975861603819;615.9457630763144 139.49025293088886;-212.7120498053708 897.6387798037954;-758.3443024916671 -507.2924583745495;-603.6444747416526 782.8575587543183;112.86787117342236 993.6100058155512
1000,13,28,LXSSA_REPAIR,3191.20273827856,91908.71639262214,2.406689082599951,,6030,6030,0,0,100,0.0,2,994.3161094876546 13.428190886885215;417.43147555108703 166.89393547600102;821.7047854342995 -241.65871987207103;-233.59519004774586 -526.2111675876404;369.6354398905935 -528.2059110744873;-821.1432435028373 181.26375114874904;371.565037370515 927.9439784633803;295.1975129943105 -228.34273077667132;-252.10740125273412 761.4871676952638;-833.5093682775598 -167.70227926483835;225.39903444869194 -971.6350204177461;-149.64684990648863 17.9689644604503;823.0290018299468 554.6611104079848
1000,13,29,LXSSA_REPAIR,3488.341156505252,91611.57797439543,2.406689082599951,,6030,6030,0,0,100,0.0,2,-387.6019504644282 -881.8241772743432;-633.3459054596694 461.95775964152483;-843.4748208780352 -452.3640046291989;-429.51299509219086 -566.8705260321705;-472.2291509716397 139.05210076048144;326.48382154984466 718.79600126812;853.879011908672 -520.4209760592361;171.79439517250904 985.1328264692593;-567.6870539376933 770.7338054201415;543.6381645329351 -839.3151531722474;175.53903912821818 -734.2569208487462;-872.1566978922938 17.567254873393324;846.7141517359979 -164.97477429374206
1000,13,30,LXSSA_REPAIR,3323.9477534487232,91775.97137745198,2.406689082599951,,6030,6030,0,0,100,0.0,2,634.0433084240065 269.0470885566923;-210.24523782353543 -620.5434357601214;-418.8992626519322 -859.453602511875;404.7021433242972 -829.5587824564569;-85.57843175239002 715.2056861620822;-612.3936063940184 -510.74792682273943;51.08559849516767 281.9879135267568;288.95494167630295 931.0550376683682;617.7733523127778 -589.907146729458;-306.8558148740349 -71.784018957957;-529.1678854461402 458.03236254094236;774.7015436375735 -101.8303243560224;-871.1513041679437 -61.01286416192871
750,12,1,LXSSA_REPAIR,3968.551377480049,83815.98935873598,2.03049686576669,,6030,6030,0,0,100,0.0,2,-632.6116689657299 -285.28948751131713;-348.0373721719191 664.355557779318;-230.9357511570672 126.70840466736826;398.109024185362 -634.7627696422995;25.59087017655168 409.57993091882065;629.0893772375248 404.6855283659906;592.4770753476324 86.31832443116117;198.58491562475535 668.4353039215433;97.1152632799695 -738.4257623208047;-637.786117595993 392.5187669432832;503.54392152412566 -297.27675746718927;98.31743584163827 -55.61267116377175
750,12,2,LXSSA_REPAIR,3451.930469727842,84332.61026648819,2.03049686576669,,6030,6030,0,0,100,0.0,2,675.687497200256 -324.26875841061917;310.4066466915669 271.00642278573935;175.51224582164446 729.1745000798112;-112.28643978932763 -300.78812415348534;-676.2440127760314 248.27489200296677;-232.6514933715962 128.38956243446327;-679.6262546973569 -294.75599955946007;-357.02973398035465 580.5483194621738;436.2329223538981 -610.0826480523585;713.0353040855107 165.03989122854242;-279.66562723680346 -637.0163243267766;511.67396479627433 540.2426579461869
750,12,3,LXSSA_REPAIR,4350.569666756288,83433.97106945975,2.03049686576669,,6030,6030,0,0,100,0.0,2,-500.2566506488601 326.3300314861572;573.2759676507253 -322.47888860867334;-536.4449525537119 -522.9878431980079;375.509208041921 353.87874698806166;-343.1339162622864 -200.81496505433788;735.1053034168 25.834974970363653;-140.165699102251 701.5366660224269;268.35460257424825 700.3467761481335;-748.1057365541162 50.329843734308426;149.48434823388507 -326.3042959189549;-204.8774284736567 -717.8112700649019;212.416733604993 -718.8903192104154
750,12,4,LXSSA_REPAIR,3652.840176374273,84131.70055984176,2.03049686576669,,6030,6030,0,0,100,0.0,2,248.30780559652973 -104.56976247399517;-404.753165798514 70.83837053018881;27.729028973119387 724.6107311998508;-623.9424793107083 -347.31539672776586;651.1785908700049 359.38796806492223;-9.299667647269812 -734.1560365375859;649.9351673295118 -337.09125381400844;378.65059681847407 517.4551411990026;-353.222075203086 -628.7350402289632;383.3572487561371 -620.0214625151143;-610.0300090038355 436.306516334149;732.9525534105953 19.55721707804341
750,12,5,LXSSA_REPAIR,3881.262223392681,83903.27851282335,2.03049686576669,,6030,6030,0,0,100,0.0,2,-166.38822253865246 -155.75361542864033;593.7284191869408 -458.2428099385512;72.04140652513932 -746.5315555718992;-447.89806103944835 -470.96120944142325;438.0699886828867 373.79541302302783;433.28568274511684 8.419178182832015;270.8937310048399 654.5079016086453;262.8671549499066 -279.99120932268016;723.9290336505093 -152.0408916991862;-636.658020695973 396.4418898621164;-30.95932616224126 235.66006232862154;-739.6063485827007 20.11797607545365
750,12,6,LXSSA_REPAIR,4329.004894386599,83455.53584182943,2.03049686576669,,6030,6030,0,0,100,0.0,2,687.683467208639 189.48897253264943;-314.8952196822598 -230.653192499414;-504.556784961164 -553.1707456834689;-554.2754740609032 505.2511245455678;-715.321340546597 -225.4225559602547;-146.32893801563557 496.28468975418457;568.2614160656044 -489.46804084752455;145.01696772873103 -735.8465051019567;117.6487384290514 337.60016986678664;109.8567600760086 741.9107037006557;574.8881207969479 479.11203663401227;468.15808424225224 -35.83338527512506
750,12,7,LXSSA_REPAIR,4666.263791521065,83118.27694469497,2.03049686576669,,6030,6030,0,0,100,0.0,2,-304.35090568047 183.04859512202424;506.8797927834056 164.93226249553632;-528.4668710320157 -357.34067169450066;223.99665860474778 329.5163800892743;55.07488318821813 -495.5288774571939;687.4047116720999 -154.99348087492842;125.24307989851256 739.468843790957;338.2851538132691 -669.3751972619935;223.45370862361688 -148.36802255836992;-747.1645017687811 65.15525532609874;-78.19093445592809 507.6688614717407;-261.94747961567 -680.3810506727382
750,12,8,LXSSA_REPAIR,4238.871465114062,83545.66927110197,2.03049686576669,,6030,6030,0,0,100,0.0,2,44.18682334396095 -4.652132540811205;546.3725778322301 138.7365069964051;-481.54099750064046 -13.982812137434033;242.0951333977817 667.309471189379;75.95228069440718 -332.8697222706839;67.62974478205354 -640.7969274400688;-471.80889095460793 513.9138120524336;580.0164135540774 -337.4007505670468;-402.31114059875466 -632.5617355967993;139.86830254582554 357.5221972753133;-539.8053843477013 -325.58919039531037;-75.89507385549561 746.1500532245701
750,12,9,LXSSA_REPAIR,3636.97581576441,84147.56492045162,2.03049686576669,,6030,6030,0,0,100,0.0,2,658.019516016039 355.046510320405;127.97093824173201 -174.0561872172669;-479.4392194149333 -324.02624608438634;-503.5588031843362 555.8133496669199;441.3687808631122 595.1272296772717;-408.8448064201904 -628.7653343566368;-18.307513853972374 -749.7765205627652;7.181304872470963 712.6845292881259;745.0584936206135 -7.240353889846656;-739.0326654501602 -7.394670689515796;407.0037599260645 -629.9585964010874;26.189684746041436 183.10822219978658
750,12,10,LXSSA_REPAIR,3698.9345259229294,84085.6062102931,2.03049686576669,,6030,6030,0,0,100,0.0,2,-309.97911357617807 423.07613981232134;237.66505223905946 259.8679325118188;628.2097070236339 -407.9245288552505;-15.767816659897127 -429.31953296328567;70.92550631362163 -746.5490766290737;-687.7093579010641 -299.11938735669594;-380.52641985102093 -627.95126915826;744.4652281253988 -62.54989953340355;402.45238401928253 615.025679805002;158.36775619858645 -79.62391078519697;-45.37611762383582 745.5689539496084;-452.8116221637531 71.12523301574505
750,12,11,LXSSA_REPAIR,4203.034852068668,83581.50588414737,2.03049686576669,,6030,6030,0,0,100,0.0,2,209.98361956485866 -399.3059297316379;-653.3802575618373 348.3836996609079;176.39372753551996 579.910203326188;727.4783487447785 71.51833168250543;690.1791577468655 -271.52729717591495;-405.0547894091545 -616.2058253016237;-738.2426655528998 -8.688354058518744;-250.03128908610677 111.13321371281266;-659.834028590455 -355.87860202713654;526.9700119134184 481.0165535490565;-254.68828002157903 704.7383163248312;431.79048694552614 -613.2348452129456
750,12,12,LXSSA_REPAIR,4549.520936751331,83235.0197994647,2.03049686576669,,6030,6030,0,0,100,0.0,2,721.8923635629997 199.2719861241295;607.827456130564 -285.35792676555127;-105.7210881542369 203.90205840124977;-429.63374544573105 412.6427847834065;315.50768128677805 615.5069817697181;335.36107220585046 201.60975270176252;-169.36631557010975 -704.0718625430785;-471.7116195923314 -15.778417814367227;-596.6748002583209 -449.1505525340145;248.40097926278096 -188.81861306363245;15.494756347703612 -448.37001243233755;-157.11699407328538 733.356894131993
750,12,13,LXSSA_REPAIR,4643.113233781391,83141.42750243464,2.03049686576669,,6030,6030,0,0,100,0.0,2,174.03801007246142 -408.3781165740518;19.352423157056112 -745.0262184215065;-372.3269285483876 -250.11230524807925;217.9753507449164 82.59365915036675;546.5379133950653 505.62275604737545;507.19470547381366 -217.8727269606091;101.43965802662784 372.4582387886242;399.3998747916252 -634.8068525279434;626.8514558626949 66.57826296921118;-313.0493484014527 250.4742741806065;-734.9096653882257 123.46814673594794;-67.99418219474717 705.1986718226377
750,12,14,LXSSA_REPAIR,3798.499721895947,83986.04101432009,2.03049686576669,,6030,6030,0,0,100,0.0,2,-675.4787448688307 311.5511302698483;530.6859605233477 -286.6171612033408;232.56512080999198 32.05980486544111;100.75313830433484 519.8832408511413;557.2605585792387 391.48450760315404;702.6683419507976 25.434805004014056;-308.1012280931776 -263.227771485335;-391.79391768760627 -639.528452741803;-19.133500573193594 -434.0272090959857;-346.81803968756583 636.5687651186206;249.77958716729233 -665.6543973511165;-718.0058121503826 1.6613214688949571
750,12,15,LXSSA_REPAIR,4777.476900113979,83007.06383610205,2.03049686576669,,6030,6030,0,0,100,0.0,2,-154.0294495125566 -341.26410500441244;264.27951168495804 -446.5731043057334;340.7075263962111 611.2462893059978;26.880956280107522 434.51455666880196;-347.6806374793154 -624.0310966905558;669.6694068163458 -183.67756077058846;-419.0236302972914 581.6321205630616;179.30519318635444 72.77993114747193;531.1281396733197 277.8910037192692;-383.3376853553974 -94.02107526737629;-694.6958681011334 251.81551340203782;72.91932064189362 -746.446764797815
750,12,16,LXSSA_REPAIR,4378.394091683149,83406.14664453288,2.03049686576669,,6030,6030,0,0,100,0.0,2,540.9072807482297 98.34670733863665;21.48310777672883 -200.75773029683015;-93.27775289907154 279.6494194861127;316.3224498033207 -351.60305200158734;712.5523409469516 -228.5850975242855;209.07443610687324 670.791402531555;-341.32074446215324 666.5691038995435;-331.4775166223501 18.951100378269313;-710.9660385617507 124.69879983624233;-327.4001844121493 -540.0649189038749;145.100433909044 -681.1406968637903;586.9264615443282 457.631163884444
750,12,17,LXSSA_REPAIR,4694.554294370275,83089.98644184576,2.03049686576669,,6030,6030,0,0,100,0.0,2,689.8002652697076 -272.79738537193646;-527.4009599814282 -303.02055410108045;15.820890436584916 748.924864039238;71.96295221640494 -462.98699518514593;300.479807060106 346.7725281338155;-395.75506497732374 495.9836187904508;-72.90605638009441 -53.9691715497262;290.7702115536799 -687.6960910788013;353.33501763910954 660.6401573997474;-536.7357068157478 144.01120859144447;340.6017594722672 -166.95339140039798;655.0115951392177 146.28554624677415
750,12,18,LXSSA_REPAIR,4870.024689369966,82914.51604684607,2.03049686576669,,6030,6030,0,0,100,0.0,2,-622.7712458570471 -391.35104563876695;-361.5676184283478 417.68865007430514;212.3166728742345 -76.76344613880975;438.80265531758266 -580.4448927966537;591.2560307583641 451.5388567741527;714.9579037016673 -221.41425498111644;-97.68652244117794 -254.63609950227936;-80.28108372143436 -718.613406006443;-715.1263785245686 89.08117442610943;-340.5458120342935 -553.6196518480165;137.71017314325968 714.8344863072849;-50.43844601042026 83.93574297817565
750,12,19,LXSSA_REPAIR,4541.524725153839,83243.0160110622,2.03049686576669,,6030,6030,0,0,100,0.0,2,-72.3787294096109 -746.0640502857058;-52.50545550241632 -110.47921918635801;-4.228466845210653 741.64837178688;387.51414660664364 -612.6398064104812;-358.94908678567924 209.6793313083201;514.409077415194 458.6272892809018;427.3086552830272 -246.00982082778822;-463.36086517516407 -517.1521386153095;-353.4342284324682 519.5181605960511;-675.5836728678262 -124.82613611550708;738.8871300306905 -67.92294336306452;-681.5386116740464 312.0269759848248
750,12,20,LXSSA_REPAIR,3411.572630115159,84372.96810610087,2.03049686576669,,6030,6030,0,0,100,0.0,2,-415.73887969158613 -594.9767788402168;-414.1255196118213 621.9517659630127;77.43084753216579 -735.6236210474124;-508.1339545575068 -297.50627291229796;392.317713474777 -549.7029391848943;622.253399093839 357.38084809514845;-131.5086006072573 -72.22013930918393;709.4262943942579 -2.090114668875683;360.8515798227502 642.1825348956867;600.4091623011183 -290.1519743293477;-700.0501706237691 75.20682418097384;-4.690251959163468 745.7663217110395
750,12,21,LXSSA_REPAIR,3921.663521983035,83862.877214233,2.03049686576669,,6030,6030,0,0,100,0.0,2,-4.113364055964963 200.52247674903978;468.7002136620524 -578.9076224683845;468.79890504436725 196.9541596339429;-720.8555081132496 -178.6031249785058;-462.46841977847623 -349.16977911351876;-65.48898698830732 -737.7133853894125;-637.1659548971306 199.1238096591541;570.5649814675866 -154.988747101684;87.6334578960232 -168.71751731389105;-433.79332289746486 459.4393361399508;218.65298295689757 662.5574320273141;550.0787514682819 507.26559935143234
750,12,22,LXSSA_REPAIR,3879.942483809514,83904.59825240652,2.03049686576669,,6030,6030,0,0,100,0.0,2,393.2823737977933 84.9129754254526;112.00770481668357 262.1440270270649;37.77445572441276 -325.024799706343;-316.4925274741962 561.9030861610609;423.87526304995856 579.9093950733172;-186.04470447625013 -679.3273460286428;-652.8502839155999 -165.63540125977488;642.3613462007761 -166.99867925960982;501.9747189024377 -444.888654981177;273.68762579615407 -688.2417654104889;-403.47915996618804 112.87115860196094;-525.1234419901042 -477.24607239082314
750,12,23,LXSSA_REPAIR,4905.639839806972,82878.90089640906,2.03049686576669,,6030,6030,0,0,100,0.0,2,-581.3200046629802 -136.85867698322258;468.99542001054965 446.08022053743844;711.2301601775242 91.48883600984719;-446.55210442158557 386.8261104386615;226.78235436029053 -616.0358768590294;-289.24377974453546 670.2677154242904;-466.2284381967067 -422.54750365606907;-63.81682300284036 -311.183242877703;121.17804470621716 659.9492979049427;232.83432391108198 82.35493223215188;-174.20250172603733 -727.0281252922587;475.00284477517005 -319.8448718087272
750,12,24,LXSSA_REPAIR,3405.702805228051,84378.83793098798,2.03049686576669,,6030,6030,0,0,100,0.0,2,517.8647996556471 474.6507420767217;-671.9225732063311 72.59324006046359;-612.4941016262088 374.80740320521704;430.0874778237081 -568.20220429445;-648.3301821816464 -288.2607675522782;-117.308504160813 -725.6038823674542;-52.280105000229895 -118.39911679625666;71.84215808829782 356.03700273879934;-384.072588179887 -560.2247636896661;656.5898459393763 51.87056437453143;-301.40904039496417 686.7696778165056;658.9973194143068 -295.8709286752482
750,12,25,LXSSA_REPAIR,4476.2555811694765,83308.28515504656,2.03049686576669,,6030,6030,0,0,100,0.0,2,240.58574619534798 -568.7489366332092;-719.3699824947499 200.76116863279896;-197.1334783422403 186.62168173511844;-568.8170585505351 -488.145530521866;496.0327587900119 549.9961068960471;128.15998572868742 661.2902032482947;157.08005422236877 -254.66412149126208;323.92416600360343 186.5968675132496;-341.34931886199087 -242.29435967148765;-216.88267147072244 -694.5120467780788;-525.0501536747939 501.55240419134986;540.496890512488 -37.39671726226853
750,12,26,LXSSA_REPAIR,4029.778582599101,83754.76215361693,2.03049686576669,,6030,6030,0,0,100,0.0,2,282.63095998174833 646.8883467600211;-513.4707932135216 132.26106672362042;-51.153933507580554 -550.0909745933467;685.5597012821917 -187.46258623984312;-53.09547317668601 16.327048256543016;324.2626069034858 -86.70151592077643;-517.2344694206375 -542.7386062482344;-240.78814945264182 659.899782813959;106.3435170372332 296.86454040924724;491.32001894209395 -552.6234191041892;-455.489535743337 434.98774906936404;610.4344786676788 435.0107448954739
750,12,27,LXSSA_REPAIR,3932.022698029396,83852.51803818664,2.03049686576669,,6030,6030,0,0,100,0.0,2,388.9965556011735 33.293892825525894;240.2977028916447 -551.2983916489934;-694.4032423067858 24.063407534766238;702.5464384367853 -137.2521660201619;265.56140675252084 572.5962762787668;-293.86283503181875 -690.0323428557983;-149.76086880773366 -137.76517315646007;-490.36833429766557 567.4847105589126;-53.80752790781994 748.0673431853907;-685.80387239682 -284.6975320972737;657.9903831209006 357.47402519354546;89.0759553255642 216.38082076547062
750,12,28,LXSSA_REPAIR,4351.085948824708,83433.45478739133,2.03049686576669,,6030,6030,0,0,100,0.0,2,-478.4513136131621 -239.1099007705612;-400.09664149307076 516.3605544639095;594.4755050485388 -225.68749016278073;350.0601085028391 656.5569412391247;-54.09586736901709 212.2381433448323;-31.598998908834865 -382.8104880555416;564.1266238902319 217.81687519094524;374.67243900754374 -619.0204292946104;-600.64918928378 212.55758955268854;-21.859758442182436 749.6595432174043;189.87835696143725 -0.47654237419784806;-423.51077838018364 -600.6743344250967
750,12,29,LXSSA_REPAIR,4026.7090379952415,83757.83169822079,2.03049686576669,,6030,6030,0,0,100,0.0,2,227.8002646327514 -90.95962919508258;-439.74133023907785 -279.84578812973655;734.1593282705827 51.762720218692145;386.68369556528194 632.1524498593938;473.4067021964897 -580.0262006334402;179.20357726557188 394.2324044979288;-746.0587983486951 71.54576020382245;-461.2734286058839 591.3721671969632;-360.4737852934838 -605.3933765196524;4.154450567392607 -716.1153888190005;662.3768772005841 -335.60797294181367;-419.3545472567842 65.18941356568861
750,12,30,LXSSA_REPAIR,3324.154223479578,84460.38651273646,2.03049686576669,,6030,6030,0,0,100,0.0,2,-490.3252888311205 515.0842670391538;-705.0340299930658 174.19676298931495;-377.87005231223014 -556.3139688544272;-737.2920992165094 -135.50912865464196;678.8763436921632 -244.16838579519478;486.85642750753266 -563.5162213803144;214.62903618437508 -717.6447233931058;101.3936886567778 694.8184715867189;-199.57222334550312 36.125404207830755;-248.53453016751354 -271.128797978149;528.9118112150419 458.7900749594991;736.866099480466 58.79634525068064
1000,12,1,LXSSA_REPAIR,1963.9072382384911,85820.63349797754,2.0371915931333207,,6030,6030,0,0,100,0.0,2,608.8927208105192 709.6167920311171;-213.8472523999702 134.21306880190716;-801.2713454293746 -561.2235928199326;460.8205450209772 -874.4830456269772;210.26310543726802 935.4129584989133;-326.9896165193132 -291.5274932675068;613.8022221296046 -560.8040573761815;-473.6239447062688 -879.7290810888123;977.4712476481847 89.92142554614615;-797.5965331993846 -20.361714644612572;-755.54172657527 440.5318838639049;-351.5605749836577 934.242966580102
1000,12,2,LXSSA_REPAIR,2897.060868738161,84887.47986747787,2.0371915931333207,,6030,6030,0,0,100,0.0,2,-169.7312898587635 -439.44823080892365;-505.3597429390763 -847.9411321358476;-249.3729279474682 -26.697392948427492;341.07113198819917 -614.1751806790555;368.5456953825852 755.7901266233514;284.6831085051986 265.15364140981706;956.6814083080467 248.74712516913158;43.13420595497793 -999.0592389584788;120.68784527470848 992.6905076623569;712.5397599067537 -407.16741791050936;301.28749248715496 -168.1483847563826;-599.1533139625361 777.2172454729305
1000,12,3,LXSSA_REPAIR,1814.2587190295308,85970.2820171865,2.0371915931333207,,6030,6030,0,0,100,0.0,2,845.1552610513573 -281.20737216423055;-686.6788733359078 -726.9342205171109;959.2827970286991 22.504313566570715;165.75234421282406 -461.2726144080457;-957.761556738746 159.82996220331705;612.8467907867281 -727.6603014668226;410.7077324585613 910.9300463574618;-960.3919598524456 -197.0723851076405;176.1396833834113 -981.4127515448724;-692.3531644331831 643.2679778161419;332.97836241632615 612.5499688134048;-128.89435295490344 352.7627772870979
1000,12,4,LXSSA_REPAIR,2851.7660800436424,84932.77465617239,2.0371915931333207,,6030,6030,0,0,100,0.0,2,750.8568305802339 -628.3025913558059;171.12904666107613 -777.8908099950085;-894.6774211643087 240.88407526495476;-285.2853961130196 -910.2614083100561;-694.4972749964429 512.6019498202977;550.577177094066 383.26776923131393;189.76690247044155 -101.2164055685582;941.5222186352671 -317.52626501299534;-227.27127121732497 393.0740467130501;729.1593264130456 655.9526790063151;-993.6017959945536 -112.92170526583344;-506.9026016671945 -115.61999789237407
1000,12,5,LXSSA_REPAIR,1698.0928269635333,86086.4479092525,2.0371915931333207,,6030,6030,0,0,100,0.0,2,243.39322294140467 -924.432543182819;-415.4196273233282 -909.6204606864789;805.25394733313 -576.4928435275474;-676.2295552732268 706.4645067649917;906.2833883597073 299.63815500716686;205.48139943228435 957.4485448796704;-835.1895990173068 -212.59957947031916;-334.99869086213005 74.39648134202749;-289.9123363511145 947.5799730970521;-964.029567166699 264.7335653500858;737.8557014675647 647.8972818522063;792.6584308217231 -195.56160553451724
1000,12,6,LXSSA_REPAIR,2301.3200388115074,85483.22069740453,2.0371915931333207,,6030,6030,0,0,100,0.0,2,283.4129103729405 958.5342465250492;90.51702155604144 492.62137085705126;440.5542110746587 -768.9020031402857;-143.93873348746297 962.4620261522973;-836.7557201555686 547.576207465378;805.5937003741772 -400.861782650726;941.8161582584977 241.5630373528753;-843.2014338499231 -76.3447865224029;-229.21839453400213 -75.83950074921084;-756.7157802781472 -380.8314987132255;-640.1640100662137 -767.8735973926644;593.317279156511 782.7212018893729
1000,12,7,LXSSA_REPAIR,2723.1252475879155,85061.41548862812,2.0371915931333207,,6030,6030,0,0,100,0.0,2,-915.7776900788272 307.36756985064653;-362.47690415328293 -896.1482136588829;-589.1153511229475 -31.929045469331804;933.360259708083 207.78115288699416;950.8675991114796 -280.8014610545106;-265.5352372764846 747.8008482767395;357.10708476409326 -902.6225285183025;325.512513063597 217.7238947484783;299.19605192050165 905.0366656349483;134.10926405869722 629.4332667842651;-763.8432091348963 -487.3042255837313;171.0826068784758 -269.1793087861586
1000,12,8,LXSSA_REPAIR,2084.840540648598,85699.70019556744,2.0371915931333207,,6030,6030,0,0,100,0.0,2,996.9955703578578 77.45810888162501;-826.0382137657517 539.0802114863044;-492.28798021714243 188.73711150991332;-891.5729618269974 -452.3790310695127;946.8562514990268 -307.51891403623335;781.7804899780158 558.8486906148066;227.99844810580774 -494.2180146562746;-11.751647013102383 999.9309470120821;552.9880379149831 -806.7381431199187;510.9748213181645 846.1735452769417;47.985677501817264 -947.7384827388313;-592.0486890593127 -761.8043907515824
1000,12,9,LXSSA_REPAIR,1949.110884878159,85835.42985133787,2.0371915931333207,,6030,6030,0,0,100,0.0,2,264.9291988480083 363.08609728516495;-571.0540455777641 -769.0799260143423;678.0767071681042 -452.51721528039377;-59.84644034711826 -253.1323821735778;-4.085274189320283 932.953735226645;-437.3951463481255 808.2094754613902;742.2221392613669 489.4926905964961;-977.0581441539366 -17.86518314666519;891.2228967435934 -0.1627588333204623;616.3452673608898 772.9548105116951;122.10865607478293 -776.3145116654275;-656.7836239011681 380.9565499164242
1000,12,10,LXSSA_REPAIR,1972.0070363674456,85812.53369984859,2.0371915931333207,,6030,6030,0,0,100,0.0,2,390.68548410335467 -913.3690713819358;724.1451796729109 -555.1542500146576;-441.80586151592803 -897.1106847709309;-101.77528536036719 974.4120826787806;-925.0387446714182 205.36706031544307;104.45788890030292 601.4643999651928;900.6177636532236 -232.36523048557024;914.0426312856878 370.7748525304968;-732.6200221560541 -605.9709225046664;-257.3866468747556 388.8920396261515;-781.1561091484372 -301.73841134666776;982.7072275424229 66.84898124755853
1000,12,11,LXSSA_REPAIR,2676.7556014426664,85107.78513477337,2.0371915931333207,,6030,6030,0,0,100,0.0,2,-318.04901326628624 421.27122148956346;-533.6677864496664 -843.7290140318999;-856.1184963031358 -516.7792716251936;38.20724865134006 -999.2698365058832;-385.57345191116303 -530.0788430925681;-942.5753734201573 -196.96097581604727;659.3807020670874 -203.46209438588343;453.4116220424012 705.2594622359054;-881.7030404291046 249.9749279620981;188.04503430441503 422.9710565391383;970.2983318843119 184.3631884943181;776.5907673644376 -552.1699626846787
1000,12,12,LXSSA_REPAIR,1987.433973869469,85797.10676234656,2.0371915931333207,,6030,6030,0,0,100,0.0,2,-988.1530002751592 -125.64572958685723;-153.7017460705832 111.51018448921135;841.6273654166911 402.14172937650983;0.5061520659259333 759.8073700644388;319.12841702499907 946.0185616424834;450.78820420465655 -887.7032952849794;767.6493576772413 -548.814122320487;-232.90650458161784 -876.0422409716174;170.36736070407466 -196.8067099910122;981.568705722734 -190.75500668802175;-865.0929637029217 313.23139266957406;-795.8957041273766 -541.5435371716565
1000,12,13,LXSSA_REPAIR,2542.374451959433,85242.1662842566,2.0371915931333207,,6030,6030,0,0,100,0.0,2,-239.77837821195175 931.3367162187858;-401.00953220962276 -1.161091604410653;-307.1376579152401 -296.4340239716528;538.4262987845548 709.9951441173681;499.7104613878444 -292.9689835625802;89.05244282910807 -702.3729659759185;671.5845151563582 -548.5572221983972;793.8638455951941 5.672786971102492;18.141530135607177 415.06049990096926;-119.35517530810282 -973.1114145061324;238.29262982953935 173.95413577105367;-766.0510667925448 396.27683256957266
1000,12,14,LXSSA_REPAIR,2044.8243298054583,85739.71640641057,2.0371915931333207,,6030,6030,0,0,100,0.0,2,872.7371909240152 -266.8235937112835;289.6206073859112 887.1019766249153;322.2943501956104 -946.5351085817231;-768.9034983110065 318.9887488247241;-872.420456307463 -253.76195659915885;688.0888999117593 -585.2010905496481;-984.5928952728052 71.02342756730751;-379.7472887230677 881.2078225801497;555.2932983317662 615.9913030199864;97.47176644156553 -241.5444398085397;999.4702912825021 13.89500503630826;-746.136283831495 -662.2444601592078
1000,12,15,LXSSA_REPAIR,1791.065012385181,85993.47572383085,2.0371915931333207,,6030,6030,0,0,100,0.0,2,918.3071996521155 -56.51235362230605;-608.156302808935 793.8173035111838;-999.574493145653 -28.740948171157083;559.1145034794139 -624.1625833391981;49.52656631459316 987.2473393014221;-775.6736336123219 506.83140841783825;-74.72792150063181 -32.914378525846864;402.66794930928603 783.8326852529915;253.88248728385977 312.2039649491239;-687.8627159151107 -588.7322741841807;428.97332902349854 -903.3171552597112;-396.1719527556984 -892.4627718020622
1000,12,16,LXSSA_REPAIR,1904.4731200117092,85880.06761620432,2.0371915931333207,,6030,6030,0,0,100,0.0,2,393.69770262769225 321.5250207371777;585.2915948268435 -658.8312043416735;27.125100021269883 935.1578487972084;-719.0724340645162 694.925927076192;650.4965135574472 749.5607470353377;-622.1416541288934 343.36040061937854;-973.6467623614669 -206.14288585977846;-728.0923809262042 -679.3492394734964;979.2779969942263 158.90206805020017;971.3315124132527 -225.7971690688038;-512.156851255859 55.65544336249077;-315.93391605781125 -924.9899994485071
1000,12,17,LXSSA_REPAIR,2472.6255697882734,85311.91516642776,2.0371915931333207,,6030,6030,0,0,100,0.0,2,-819.6387964790883 -11.859201781067268;-26.59801261946671 523.125089286181;876.8700739183976 -319.9320162259178;-183.36976754139863 -375.45484594790145;745.3446469871918 110.84864415466436;190.69347802094651 -932.1084662876733;387.2337756553737 784.6324889762864;-695.7875471858366 -664.6436290135806;669.5120786930252 -639.6423051792932;36.58060154867104 981.0206588796092;-43.3625650893383 -47.67652237337809;840.9880664778102 520.5639326029136
1000,12,18,LXSSA_REPAIR,2485.621774234649,85298.91896198138,2.0371915931333207,,6030,6030,0,0,100,0.0,2,778.7350816856294 -51.73788847697052;-82.27680927976402 984.227317245989;810.8539366586076 468.2739147622564;-327.0192664066851 194.52510508693035;470.92711341216693 -603.7954751961447;-891.0668624327843 342.4185429080024;-519.5766521672398 -375.61792530641264;-910.966209512879 -140.47773367035438;0.7582471477249703 -868.0034225220845;-508.5196261493841 -860.5801708422235;-526.5517690666694 850.1430670732784;-741.5249945578687 -623.3401568435356
1000,12,19,LXSSA_REPAIR,2161.2891147237096,85623.25162149232,2.0371915931333207,,6030,6030,0,0,100,0.0,2,-271.03841168749784 179.1185609843374;-260.21765022263367 -548.9599892561109;-686.2778084132217 627.1320365216948;-26.18075088079123 634.4598093771991;-282.22465190853916 -935.604952201494;430.2433597128493 -228.92311691148768;442.6136044058249 -738.2496125921547;-905.1697744925217 174.6419138435673;819.6443301286907 167.08986402246907;957.8746977776929 -226.75567226172527;395.2513393003538 884.0751954815365;-882.916704228436 -367.9401983768222
1000,12,20,LXSSA_REPAIR,2148.47125830382,85636.06947791221,2.0371915931333207,,6030,6030,0,0,100,0.0,2,-738.2493988783524 -613.956044116662;-711.7617466348341 473.1928674764475;221.57282146601133 -972.5557190251158;-925.0998272502443 112.28536805021595;519.9288953478911 504.73984301691974;-608.4729296589877 766.1966404629267;-921.5369859739135 -279.91968266150946;874.1869953659152 -309.19971423120217;-246.95662964905705 968.9948426487714;-439.37076379743314 -784.2135091712572;647.9349862673965 -735.1626203474164;370.85150563501446 799.266717672098
1000,12,21,LXSSA_REPAIR,2527.842370772021,85256.69836544401,2.0371915931333207,,6030,6030,0,0,100,0.0,2,401.3934594938222 150.37151927223212;923.4167112672219 294.5721102786351;-79.64506126285305 -293.9239173094891;254.49416032384568 682.156024539633;-289.3944190218861 -658.8444997210082;-741.5082125733493 -656.6066286714668;-158.25132000426657 292.9562328754094;-239.63430280358907 962.7316923245704;-844.286106812607 -112.98369021868719;724.9349913742728 -669.007960785318;914.9918581333992 -318.02967184930566;-756.5763517209542 653.8942692229944
1000,12,22,LXSSA_REPAIR,2666.544387184665,85117.99634903137,2.0371915931333207,,6030,6030,0,0,100,0.0,2,-82.7948198406286 657.5179132102458;690.4131342620819 631.001072772337;662.9800183619406 -92.37774792806522;-871.9802934582029 226.68421432101323;495.7305853184541 334.9008507493087;770.1387761233802 -561.0162306880727;-360.5786688514775 -931.3338733651948;-727.8091086082845 -549.7452683814479;-336.09444479397087 366.60773539137006;-70.29610303026028 997.5259765164234;303.01138832402023 -306.7996680565993;-30.495570309108984 -737.4013182210894
1000,12,23,LXSSA_REPAIR,2814.306179171821,84970.23455704421,2.0371915931333207,,6030,6030,0,0,100,0.0,2,-109.92487155707659 -231.8661549112624;-112.6066854724085 -706.99823412051;992.322658832436 60.99683454477721;-517.7400333740715 -463.3531840082854;35.27644197739531 -999.3775926252376;452.1732889197345 891.9295920992146;848.2677063214487 333.23491682521467;833.9562457878761 -475.1553254806825;-579.7187034880413 677.2052054326202;432.91608578450507 -96.92809836329886;-982.6152817012934 -170.03325101750164;21.688116020942186 117.26809105152425
1000,12,24,LXSSA_REPAIR,2182.797956186696,85601.74278002934,2.0371915931333207,,6030,6030,0,0,100,0.0,2,-960.1192908185121 -170.82688506200054;18.699060986442657 -184.99440015694512;-58.342533560967524 -614.6588116560965;-944.1791797854153 329.4322063531266;109.03120680682449 994.0029336227769;-147.81352644512458 -972.539376641863;294.5612718088112 103.61348983294678;-731.6418783553157 -627.6060663049432;628.0121544389059 -777.4437392259113;797.8672233832895 -382.8605871002242;395.81087895724556 698.1274157731101;-369.49157643042736 491.0309043004801
1000,12,25,LXSSA_REPAIR,2420.708006656001,85363.83272956003,2.0371915931333207,,6030,6030,0,0,100,0.0,2,-920.2798808817327 96.40091794991677;-99.4005601138119 -465.0262223700536;535.731810517318 -305.58776607976574;163.4893773978603 344.708040620887;951.2869365366138 -308.30062771884053;-750.9634613544092 -640.2288096948548;-793.055777554362 570.5824877375446;-32.79405979144702 999.0664023077609;-590.5876231911715 -329.8438398453452;359.52512159707686 -923.7453755698849;843.9653556518244 516.7619420401691;512.4380345977613 849.5283382805959
1000,12,26,LXSSA_REPAIR,2171.1776226834045,85613.36311353263,2.0371915931333207,,6030,6030,0,0,100,0.0,2,-730.2257740152256 288.23672621682437;796.7962664361796 -603.7478103801332;933.5847029797292 358.35680872874565;348.54252433051676 -867.441373899384;-936.162770013228 -76.23738171015563;-526.8502429449413 -313.2658900290618;470.3613294144979 844.6926730685734;-720.9181898269445 601.0488877177593;-67.6134720910277 990.0744889673188;-741.4812065317237 -654.5130943915489;-107.2303556470565 -71.42551054907574;-370.42616273413256 -879.9752017744516
1000,12,27,LXSSA_REPAIR,2608.972030032455,85175.56870618358,2.0371915931333207,,6030,6030,0,0,100,0.0,2,783.3719233006634 549.718016982502;701.4154098646762 -657.9442184652855;-482.89739335104514 575.179846459092;-268.9279969563362 19.300132804694684;-2.6785263127040255 -243.53797988604092;487.88533402037325 842.1128348220221;185.3658682055617 -964.4728905845661;-750.0062764444255 -456.47651338615776;-672.1060429033375 262.34201301550905;243.1073467251289 551.196795811527;-221.88895109652373 975.071942669506;-114.78564643273333 -645.7176836551845
1000,12,28,LXSSA_REPAIR,2058.1415114975825,85726.39922471845,2.0371915931333207,,6030,6030,0,0,100,0.0,2,-604.096204367056 174.2308397932394;711.9345749544218 -701.9962787337906;411.27709406613195 189.57470271057;96.78037504198535 919.9790834509944;42.68568147779766 -882.6326504728198;982.0916964866263 187.20546883638735;-552.356896846377 727.6950450585548;520.1774174246309 680.7545994144377;-953.8012375056132 -191.99329294014296;-633.0821372770806 -709.0227452499928;-730.1139412876606 -414.10006489662277;916.6218114274448 -327.16824092877175
1000,12,29,LXSSA_REPAIR,2834.567871672043,84949.97286454399,2.0371915931333207,,6030,6030,0,0,100,0.0,2,761.3861208897281 -188.4903070725217;7.465854874013848 -734.2622553421952;230.61242575658926 -492.74980892639036;-902.1002800638902 431.5231767996295;-670.4249314377158 741.9773657644375;342.1511262317434 -939.2046114017593;-636.0927488260808 -500.0832889856005;764.97019909763 369.0675719468059;-93.95628776616722 -177.8292282996667;118.72922830735837 750.3028792845832;-362.02032852743986 94.29146755798804;672.6595060480385 -739.2352934720407
1000,12,30,LXSSA_REPAIR,2407.8294152424496,85376.71132097358,2.0371915931333207,,6030,6030,0,0,100,0.0,2,-348.7887113062305 236.38532956068101;925.9754372322521 377.4258829632497;835.2445014906131 -520.0505911758029;-357.36587303704096 693.9703571938202;-929.1956152848699 -367.0934946523512;-529.6089883683014 -841.3657801654242;362.5839534384004 695.405137142827;699.0230425568075 18.44462065697857;37.37215877061401 -991.8423973933076;-999.592759114166 11.20737432010452;-385.8735870313073 -362.5392393608216;324.55485921537564 -379.4805510433494
750,11,1,LXSSA_REPAIR,3408.9756516483467,77060.18668988302,1.855558238533316,,6030,6030,0,0,100,0.0,2,185.59501501808415 -354.607379102447;551.049716511005 -466.62880922070235;14.57202616222962 389.0400239631589;728.4566538382703 178.46786181014852;-291.1756620559576 -185.04925706633605;573.9171232330131 -141.74817767850072;-258.6329653315937 689.3890189738363;-529.1340957745132 -531.523307820042;-747.6143485051564 -59.772381127922166;426.2592314894434 505.4152985003289;46.634343368357136 -747.7408681237905
750,11,2,LXSSA_REPAIR,3100.671543325385,77368.49079820598,1.855558238533316,,6030,6030,0,0,100,0.0,2,113.7732022870038 -741.3202131611955;407.9640380893007 123.01399155060216;-626.0842765537157 343.9590047976676;-300.43693890062985 -509.89467804765144;575.2966240620135 -476.600202763512;-280.4150684342527 -60.00640188494213;208.02564663393213 -365.83616366363407;48.86691971836932 337.5927556664742;340.57452158287253 657.2462413519845;743.8759309246805 -70.69283949534997;-293.3297897394089 676.3698402403477
750,11,3,LXSSA_REPAIR,3439.94742572245,77029.21491580892,1.855558238533316,,6030,6030,0,0,100,0.0,2,622.429831506294 -273.00670681920195;-396.7304257189087 303.1057368556742;-744.4013281797852 91.46100652851737;199.9026575347526 125.01148767810251;-11.081106134038887 -99.37623993963065;-477.7283657576195 -82.06999669467722;283.6489810604187 690.7948328507262;-140.98395363402437 -488.2537976279844;-301.8835002478287 684.6119724042609;229.25409237375487 -714.098682781855;622.4746568520868 361.1506559067905
750,11,4,LXSSA_REPAIR,3494.607431788056,76974.55490974331,1.855558238533316,,6030,6030,0,0,100,0.0,2,265.9200040113763 -317.8662723160927;377.55374750005456 -632.2370872162061;-687.2828162448898 194.6322317712977;464.3087253237799 89.52060465853145;-228.77514527947426 -461.8515355480586;-360.98362933196097 -147.72424855446698;-253.35641901856044 661.2884044512298;-671.6118322446084 -332.18666575683966;-10.06771124170003 218.54762289777315;727.7490080130158 -181.33224020033362;636.9044393742695 393.7837941393121
750,11,5,LXSSA_REPAIR,2588.4846724951494,77880.67766903622,1.855558238533316,,6030,6030,0,0,100,0.0,2,-746.7093140705276 65.75732558886457;633.1006043109301 -402.09902365105927;-438.16081331735893 -120.93721554771085;-270.60777918233305 -642.9175357366244;453.968765690292 452.8331887739162;203.69806719210354 50.91939502020569;-19.545056984325004 743.9805104606464;222.1130076742002 -648.4125249856177;-502.1109508234694 469.09229747897353;741.0948487152054 -97.20996669876328;-611.2288894778374 -432.25263227561663
750,11,6,LXSSA_REPAIR,3041.019833250073,77428.1425082813,1.855558238533316,,6030,6030,0,0,100,0.0,2,491.9524632160737 354.80579967891083;-117.0154641490588 -373.4715662061324;555.6072268360623 -401.92998199559565;297.5800034664349 58.366833916634754;-744.1674353093409 -2.1424655720144714;-425.03110492688177 323.0707311345147;736.8291484056596 -67.93729813102338;-602.824733849855 -370.9922854100809;-58.73702304830269 701.8033111905162;33.83093894623949 -746.8147831978152;-334.5048945976175 -647.3462976871923
750,11,7,LXSSA_REPAIR,3046.5353728663176,77422.62696866505,1.855558238533316,,6030,6030,0,0,100,0.0,2,697.3851501138162 -144.38894128484424;-548.1735901074319 -390.6446165557617;83.58588077484774 12.938752696613697;-434.6318393077505 309.550403234713;74.3831389409466 -746.2602801385017;-21.555655713525788 731.2450845590156;463.4361617978922 589.683612154313;-181.8601825520538 -487.6390363454251;241.87424530025064 298.3146411198158;500.05548170950107 -493.9990078958607;-684.9288074926264 31.568160171530916
750,11,8,LXSSA_REPAIR,3015.5097906842275,77453.65255084714,1.855558238533316,,6030,6030,0,0,100,0.0,2,-203.75015551990603 703.9457908001827;-608.7073012653545 -371.26593446344384;737.9275807538465 -101.85597835146196;603.2050198909726 -379.5614687297534;550.2447779879806 490.84613588603344;-564.5106424710449 493.3251660855054;-150.21659820086523 92.61634312694845;20.732991046886944 -536.3321316638794;389.9655590488647 -640.6456608420182;-351.35563414892357 -639.5921772535273;-741.637250930231 111.68790459422861
750,11,9,LXSSA_REPAIR,2443.2850709007034,78025.87727063066,1.855558238533316,,6030,6030,0,0,100,0.0,2,-747.9580397624125 55.30615476390806;103.38857860013687 -144.52111536945202;-360.2286399856385 -634.5562366652321;377.23815356059526 -636.3098566085458;-118.68042821743101 468.7469340135085;676.1037017110642 -309.6536516843998;275.9174615743444 697.4019880476202;-654.7626050086964 -333.87379939939143;511.7242266155046 447.31895403907174;716.101688001636 24.99279350608622;-638.2138970749071 343.19217589948227
750,11,10,LXSSA_REPAIR,2389.495917612483,78079.66642391888,1.855558238533316,,6030,6030,0,0,100,0.0,2,192.32367434547277 -43.39892652607695;338.34086889648546 669.3465318589892;-748.8633966894753 -8.944252002305763;696.9134308626749 96.29040122649808;-36.27560523373644 -749.121533064044;-325.98715699157276 675.4403516897839;-518.8234249072883 357.422742761377;-621.792256813782 -360.1685593939422;614.559908390453 396.9668417441145;672.8497346610916 -331.3204409125683;386.0572726133129 -642.9862762028857
750,11,11,LXSSA_REPAIR,3546.2333874238398,76922.92895410753,1.855558238533316,,6030,6030,0,0,100,0.0,2,-510.6703187647093 546.0667194053179;-148.50891422251019 316.2065071136793;-380.49171517440647 -583.7575875904472;129.2111614394323 734.7663668480828;147.02763627369288 -725.1628048566132;606.0647346951425 276.95921320736585;264.96871024770115 70.8286919570275;430.92495722242626 -251.8261141847612;-338.23980139798925 -278.66944128805443;-729.4290166201794 -174.44276444659195;-669.8880648803048 185.50715091973373
750,11,12,LXSSA_REPAIR,3070.94444278827,77398.2178987431,1.855558238533316,,6030,6030,0,0,100,0.0,2,-93.39041125838457 -710.815699420646;519.6359318864068 -537.3563051092492;408.1495397608196 621.0185701247872;-627.7439149011187 89.58675146516887;-369.3240459076823 395.3771792144899;666.0826943263592 76.30680222127312;-34.25165614458068 749.2054515603759;-416.1816781709419 -528.126132144536;170.05091426377595 75.22277196369201;-377.23515466358384 -162.5332827546947;292.91833624306946 -328.87786319597507
750,11,13,LXSSA_REPAIR,2538.140323509753,77931.02201802161,1.855558238533316,,6030,6030,0,0,100,0.0,2,-500.06894285984976 458.9872433942751;-61.71213592276876 -415.9024629700787;-66.15292355881452 7.928876738041968;-196.664487256063 -721.079815637631;616.6611354818991 426.8829350874828;-655.2799267141048 157.13309253592092;747.5126282137328 61.031695837667;646.4166831863433 -229.90405502671038;437.6101043836598 -555.2080963822913;-154.22551537235063 663.60205660225;-676.8130322048111 -255.14840548713656
750,11,14,LXSSA_REPAIR,3608.5216309390817,76860.64071059228,1.855558238533316,,6030,6030,0,0,100,0.0,2,703.3887916662586 -248.22682151062884;508.3485167952808 537.3270936097238;103.90334509244356 68.65683310770136;19.75180186459827 405.4737745530282;-478.15617333935995 552.1482537059128;59.851138639711536 -665.5665237904814;-671.1131049923081 241.12521920821612;-403.0373230937862 -385.3271187250977;263.9480549811374 -237.6794898690033;440.72805673761314 -560.567604711807;135.98538045915726 737.5689637595783
750,11,15,LXSSA_REPAIR,3373.92875125134,77095.23359028003,1.855558238533316,,6030,6030,0,0,100,0.0,2,399.24365350720205 -163.63997267884722;-189.4231024475642 -15.136700251038791;-588.60116860094 -433.71733447724114;136.91962949884265 323.5925318171524;-500.3423316580619 503.19597961082894;-109.65522709353546 716.6769886368246;32.648390214839075 -749.0794655902428;-738.39656093066 127.05485093014661;557.0863262540508 -494.2558384435304;195.13788072105908 -405.28815856121963;273.7485219299645 697.0681910939998
750,11,16,LXSSA_REPAIR,2828.181095743581,77640.98124578779,1.855558238533316,,6030,6030,0,0,100,0.0,2,282.83773581972014 -225.1017872607609;36.153135614593374 -656.2182330103623;176.42981747264702 358.09555963522496;-732.9676281954722 87.69973521765262;-307.41504683948693 684.1023234697248;-304.0622212972483 350.3120921258241;660.7194257591451 354.89412565511054;740.6113652612383 29.087631732436858;303.90091470165487 685.6706454585157;-569.1598162610508 -487.95996160143585;552.9435884702888 -506.7083855331387
750,11,17,LXSSA_REPAIR,2582.3382021291764,77886.82413940219,1.855558238533316,,6030,6030,0,0,100,0.0,2,-29.858397953876917 -249.0910911626374;-86.31398586761314 701.2012130035755;364.46880736109773 -654.5711472231616;-522.3320139331411 -240.14912853543387;576.1812522228247 -404.66709267997476;545.0285155210869 345.1923498123222;-307.93586498083516 -644.7997707879413;-121.94313415010294 173.00976127996512;732.8724037636506 -39.99010611143858;-667.083413784774 339.1579298968651;-747.187672788488 -1.5334365534048302
750,11,18,LXSSA_REPAIR,2856.765808501703,77612.39653302966,1.855558238533316,,6030,6030,0,0,100,0.0,2,-392.31949452834084 -282.8561711706954;291.8386936538025 -690.0598673680498;515.4348867944269 -275.4232705637103;-350.93820863587405 662.8290682517203;45.51680749464861 544.215744408882;-533.4477566000027 375.4458438055657;290.3718807940168 92.83591286056743;-196.13150251719622 -689.9753263665775;743.3683514228526 90.31480078950251;574.9213217792621 398.3978342226918;-506.22479380182824 63.17985224405071
750,11,19,LXSSA_REPAIR,3328.1450994375336,77141.01724209383,1.855558238533316,,6030,6030,0,0,100,0.0,2,-388.0672010859113 69.24983342040453;-522.4936882860517 538.0523633450914;91.72870014688854 708.8620919865781;-120.24639717063775 -119.6212517730633;715.2157270244393 124.30888765710871;-84.44694096445369 417.7609859350687;-113.75026710120866 -739.5865772149533;-687.6073306823434 247.70518233182364;-728.9950455064937 -133.71851938321385;163.0614039451449 -421.4816903508792;693.6342335916706 -276.3858771249474
750,11,20,LXSSA_REPAIR,3250.948300353659,77218.2140411777,1.855558238533316,,6030,6030,0,0,100,0.0,2,427.26535657252344 609.2920969198434;-493.2478103251373 -335.6659390664625;-9.58129157780367 -53.82581571527792;343.290376316485 158.24344929594216;-636.508271168124 -54.05760637175691;739.9713297357383 -59.14977977035521;15.381600241142651 723.7104060341632;-296.7986531922447 -686.900091072096;-624.480635165301 345.33312171168075;309.882599646742 -682.9678056109302;702.110600319717 263.70571650741016
750,11,21,LXSSA_REPAIR,3199.7856985117837,77269.37664301958,1.855558238533316,,6030,6030,0,0,100,0.0,2,130.7387361392856 369.21472165851736;717.0510957038267 204.35463120364565;-398.591765446424 -635.3145713096017;-284.7922739215468 -52.0930063696551;33.93076941261369 -383.1525683137974;-464.0390441456829 544.3930773721413;659.0610708821453 -198.2093456345159;307.76981763233533 -651.371699233375;465.1593107028329 562.2362410938463;-658.6333304449428 179.73260035787484;170.39217746282927 729.6318691166904
750,11,22,LXSSA_REPAIR,3365.596917223418,77103.56542430795,1.855558238533316,,6030,6030,0,0,100,0.0,2,328.3680110412602 612.4906789454367;594.1326872285501 -133.53029073662;-56.282662831614836 63.178329828291446;-524.5788213587955 377.8440587620922;193.01650379897487 -380.85475986511716;420.5101994088065 188.08046595332053;-117.23976222898455 740.7627830761143;-645.5335155532081 -96.10355711790041;-556.5858292803925 -395.8807671685334;409.46573840224295 -628.359750042913;-199.64906204689188 -611.3772791576844
750,11,23,LXSSA_REPAIR,2896.928083818726,77572.23425771264,1.855558238533316,,6030,6030,0,0,100,0.0,2,-156.33889147642557 -729.7766379347277;-352.48684075034714 250.47304644348418;-519.975039571223 -386.76427164630826;618.5141343527324 204.73823557379833;-506.17185310327915 532.5682285285751;324.02348677329076 -438.3144123717541;136.2219325108696 724.7938753662128;502.05741302797327 -158.90114597596045;-143.84087134974905 -166.6876523459372;-713.4568838203057 152.43717739011328;531.4332352042394 506.0009261530316
750,11,24,LXSSA_REPAIR,2658.8806547986605,77810.2816867327,1.855558238533316,,6030,6030,0,0,100,0.0,2,360.60556703675826 -643.886981035182;-287.7269853694181 156.92323167509034;649.0388939822216 -328.5750987944456;-359.43425466854296 -634.9455534281849;488.8522801803616 -19.902107136963373;292.7826853568597 661.4780500242164;-11.333153789654212 -302.1708757857582;-400.4073076603404 631.2149333269834;-657.7500977988074 -310.8722124657338;602.2182375489763 360.6423989244867;-656.0528581873732 352.494345339475
750,11,25,LXSSA_REPAIR,2346.4333100105287,78122.72903152084,1.855558238533316,,6030,6030,0,0,100,0.0,2,158.64986693178238 693.4616616498391;554.378228637912 470.002065396864;-601.9196114574797 -310.13984183501185;-258.63865609908447 -638.5067136240511;-43.40183677858602 312.19631552938836;670.5467301185266 -314.63368184781865;746.5142658348777 72.22500193848003;-737.7881304069793 134.7704521458111;72.65162386887074 -307.2723853166403;-576.6311267304402 464.40043989704736;383.3096105471829 -629.7738420576234
750,11,26,LXSSA_REPAIR,2576.8378947968595,77892.3244467345,1.855558238533316,,6030,6030,0,0,100,0.0,2,-710.4466220925835 33.78238776921904;-692.262425670926 -288.5649861367302;281.4064712487673 695.2001237428974;-256.3036810100698 562.2452373650738;655.3940875809445 317.6859251433988;380.9501842478454 -569.1741394513379;478.60269845768363 -9.763390648919195;-410.6368613493733 -580.2311065226986;-646.4768795960313 347.97897042523823;624.3189162355868 -293.9044451026307;96.10392322012585 -738.8504335301225
750,11,27,LXSSA_REPAIR,3269.532011966221,77199.63032956515,1.855558238533316,,6030,6030,0,0,100,0.0,2,-490.9438659800269 258.98022422459326;317.5825617175518 -215.56321815101938;672.972756243836 -15.69607352705522;-16.944705416863272 131.18807785808522;-741.0654364361176 -115.421050591937;290.05728525930715 661.264464514905;527.2960790129711 -441.9888032385098;-355.65500573643226 -224.6259821179216;323.91069379199087 -676.447974678904;-379.65825336296865 643.5261840891372;664.7099565156424 305.49819192357796
750,11,28,LXSSA_REPAIR,3590.2963486638328,76878.86599286753,1.855558238533316,,6030,6030,0,0,100,0.0,2,-475.5073839817069 135.320696974032;185.315932842004 -46.96478137029297;364.578093845814 639.59885789703;-237.36874892355797 -693.1744279692864;638.4892236294693 -296.9289455027482;-229.56737289038426 -284.9441872618717;-380.87974992737645 630.26140450293;-24.867948037762435 418.10487001838965;330.85179390339715 314.6303545337359;232.02487820006323 -547.0670608106657;703.9242510732315 99.22065065095265
750,11,29,LXSSA_REPAIR,3364.587311962372,77104.575029569,1.855558238533316,,6030,6030,0,0,100,0.0,2,563.7260754744852 494.0343555984306;222.6437491948067 -280.5911899899619;94.0361343362778 -742.8106388541041;-546.1819908770051 159.20747774997824;53.40785608906216 501.53994674322286;-173.81976818439404 726.6060853834462;-74.23166970780366 -445.21266194476635;640.5772376658157 184.37690829821256;-650.4696057201558 -277.30159776262326;-87.77395971806875 32.13083362512183;708.9629257423143 -149.95292923621608
750,11,30,LXSSA_REPAIR,3089.897435334293,77379.26490619707,1.855558238533316,,6030,6030,0,0,100,0.0,2,336.4868088145229 581.3493972680911;-703.6298379829411 259.61360715460637;-251.54295699764057 -11.351396770691283;-479.33047778923043 576.8381789435582;646.5613276446766 260.732555705118;404.5477519367484 -365.2432080358142;-533.7848842643987 -505.66915678255094;721.2298865563255 -46.14438766202021;-218.73189881200415 -690.954380662661;288.6079005104078 -692.2466852162544;219.5655330985403 261.17992862169194
1000,11,1,LXSSA_REPAIR,1623.467309130254,78845.69503240111,1.890984896699956,,6030,6030,0,0,100,0.0,2,-780.1519070535231 -7.130240472377116;412.1054016401419 -831.9206759140244;409.1791776457903 733.9535012356876;-5.662648230867546 978.7663255336803;825.2568773483073 -411.1522464386399;-150.77053313803708 -985.002107809797;47.679346799319205 -629.0648341582834;-448.3064186223851 491.6061961234036;-663.1156459190123 -450.1273232109706;691.2995256889824 -30.773904453386585;875.5809815356575 454.1399317890247
1000,11,2,LXSSA_REPAIR,1802.0530567197711,78667.1092848116,1.890984896699956,,6030,6030,0,0,100,0.0,2,-276.4322928465436 957.926391819714;-884.5761316204852 -332.3025455224274;-317.53448972894233 -176.07428525917388;257.23005108657424 -316.2793034786108;939.082888032138 -305.99393436356814;286.3012652619989 363.8102922891304;399.1018797312574 -622.3442324041474;-857.6842227882787 346.5866032619139;-225.0565264762994 -970.8270878233837;641.5003722185318 738.6869771102602;219.83599557885557 -971.9925999942938
1000,11,3,LXSSA_REPAIR,1796.097040269844,78673.06530126152,1.890984896699956,,6030,6030,0,0,100,0.0,2,-197.29235208330846 613.5820769138427;812.7276276661764 -274.74530815495956;280.4376209022662 902.3362538930554;-662.1951019596602 -271.32471383354726;810.6578434956701 580.4364220850753;597.8196593661476 -668.2176362101666;-357.3233205720234 919.1740764031639;-671.3024097312411 -705.3943456038332;-377.7321504233872 -873.0289319649511;74.93237878580688 147.1558411633289;61.25013747779287 -994.0625652715099
1000,11,4,LXSSA_REPAIR,2079.9917122150077,78389.17062931636,1.890984896699956,,6030,6030,0,0,100,0.0,2,-703.7949594778106 -412.8855974762272;265.7958478057665 -442.19116838505096;433.1920428203891 884.9794864844721;156.37012845523276 508.35563287693645;41.272300659469735 -219.95910815475807;714.8610345680847 -699.2665160185428;-233.61225470918262 -967.046450391203;-973.3169520254778 169.97051899957685;967.5975057955446 -252.49745692375564;8.894261228473331 999.9594832862551;-485.39429753507534 685.6218397616573
1000,11,5,LXSSA_REPAIR,1428.091211915831,79041.07112961554,1.890984896699956,,6030,6030,0,0,100,0.0,2,923.4442923675149 -1.5625151344567836;-887.2254635451783 450.36986016834913;820.1991673553246 -383.2862235076095;405.8556995946893 -833.8205125521953;-383.06262858649325 -356.69654474404945;-772.0710053714869 11.436183863998645;-224.7708553984891 623.0999926258728;811.0797291218549 389.40346200126044;-567.4627384109396 821.2862317273691;-855.4607083153182 -492.4182550353588;106.06593656938992 994.3590986658985
1000,11,6,LXSSA_REPAIR,1451.009505539594,79018.15283599177,1.890984896699956,,6030,6030,0,0,100,0.0,2,264.9508024095396 515.0193687769729;-978.0245010411816 -195.09733744617182;-974.0089804168232 172.55085245049153;-405.175625390837 906.3291730292317;-60.96846389304066 -969.1599966814857;949.5908534256242 124.08445928771923;-848.5504249648229 -520.9710855306017;649.536005716164 -760.1453915836639;-797.1987279863622 507.8177934721906;847.7864093525602 526.4516664083635;465.71136373804575 -162.72858604877803
1000,11,7,LXSSA_REPAIR,1724.6285359828034,78744.53380554856,1.890984896699956,,6030,6030,0,0,100,0.0,2,-636.6300091329873 761.4528107301851;-99.32889690152092 279.44078605067415;-931.5098583877726 -157.10623877819984;116.57585354566235 -705.54179036061;652.9659071378661 -153.24885350436494;-366.5884833779701 -700.3070560209061;229.83902802433386 741.4857094252675;-923.5780435165487 286.40580775148123;-205.03184015176268 -160.31020641459054;675.238119274529 294.25982036267476;-58.764072329002396 -998.2718642002732
1000,11,8,LXSSA_REPAIR,1701.0204810272262,78768.14186050414,1.890984896699956,,6030,6030,0,0,100,0.0,2,80.38484956015367 -162.46600433604473;-644.590817553702 -379.19505316250576;557.5494921054029 -746.8786846818838;-471.8663230433058 364.71672355646535;637.7707320722684 -448.2895092862315;308.0252419542218 593.9246254159268;888.0623141332169 47.43662740376713;77.93721481390943 995.5854634076015;-694.7581951610923 592.5852768870268;-635.3748444734621 -772.2038636333825;-103.59594088694817 -920.6066204742684
1000,11,9,LXSSA_REPAIR,1432.4606322439067,79036.70170928746,1.890984896699956,,6030,6030,0,0,100,0.0,2,312.7694899748203 -949.6963151417837;86.70602161712603 219.78482882694564;-107.20827102671663 -704.9918279843762;-525.3965484136805 786.629799405628;712.8827962122016 -511.2385576441378;377.06316272837176 543.6899279490852;-992.2818351893092 -122.96116667207599;768.019355500904 -144.57117246758042;-672.789458294646 229.3576803069043;151.05455906655075 982.3840286430553;-86.14297152050574 -109.8540154682392
1000,11,10,LXSSA_REPAIR,1871.3580850127764,78597.80425651859,1.890984896699956,,6030,6030,0,0,100,0.0,2,570.6991565222007 -114.8602726909974;-173.30387030085728 -299.8473133962241;-948.2617778645327 233.69512695548102;594.7789712308952 -622.347145246596;-111.12319560523594 993.8064512261074;661.2359199628021 233.85802314412652;-425.7695563135569 -888.9272781769441;-141.23288128540145 251.03692666203486;771.7641913554465 522.0688860079648;416.1067747312561 -894.7028804199781;279.2017894362515 -437.20525887166383
1000,11,11,LXSSA_REPAIR,1632.6407832524274,78836.52155827894,1.890984896699956,,6030,6030,0,0,100,0.0,2,384.7410863181157 -913.5328690100495;738.1378870055846 661.8032911601292;590.6372352961632 -641.1012804577825;-996.964444904868 20.811635620716732;938.8188778736735 -208.22036826000536;-321.4842509992436 396.9113505681717;-338.4446607809344 -905.3446939727525;-577.2662613199215 -646.4506039649094;249.1671264988112 936.6484730533634;-917.6117450183476 -290.6788107521936;-321.30103193351187 938.5667262200102
1000,11,12,LXSSA_REPAIR,1628.4287493906158,78840.73359214075,1.890984896699956,,6030,6030,0,0,100,0.0,2,-700.0012831821285 714.1415850819593;614.4050002179009 409.3685857121967;269.6821006364944 -950.1314740656762;958.833125222175 210.7375140360401;-503.1156642567508 -226.4778059602073;-635.7916519757011 -718.800285406836;-107.45454714679845 566.2763238452303;196.6721629335239 -232.60612070194773;-842.2676301432825 356.78753699126145;957.5348663678848 -232.8520552911854;-92.35661836891548 881.7503663109011
1000,11,13,LXSSA_REPAIR,2014.3871525902505,78454.77518894112,1.890984896699956,,6030,6030,0,0,100,0.0,2,318.22715963653377 -947.6572013246066;511.3059383153901 734.2251574789624;-245.78662267157472 -69.40127770596925;-367.3964539824313 529.8994871617433;-99.6953593953495 -346.8632798217351;-373.62701053583214 927.5576053105119;927.9909374246773 -371.8048044247603;515.3444346516285 353.24803906192795;-361.1165266235979 -759.4171965763107;342.2359845175897 98.29587351564867;674.5795357015395 -105.35783555629925
1000,11,14,LXSSA_REPAIR,1537.4477958302596,78931.7145457011,1.890984896699956,,6030,6030,0,0,100,0.0,2,-485.9707651689677 -817.0922239705491;-20.139452914046537 -951.7154629668914;830.3571048512484 -428.5685492685692;-368.285229431451 394.4708565249384;-315.4648153375964 -404.1616106806705;974.214369393478 16.905466447721345;-767.4013447341887 500.4571085408719;-897.7222099520991 -406.1182752323741;-999.8158888068762 19.188238306736487;-493.24752389672886 869.5507586552912;347.201704131434 393.23740572530505
1000,11,15,LXSSA_REPAIR,1635.083572126459,78834.0787694049,1.890984896699956,,6030,6030,0,0,100,0.0,2,855.3202594236105 -252.7690859022849;386.25182339742855 589.9082490490615;-913.4012635194803 322.2390345358475;-118.43232283272364 75.90647846104872;-87.29579253239307 -883.7871935709196;-903.3114706477782 -355.6071591032699;-732.4219229561517 -680.8510312639711;-485.511439121729 796.0866074611118;189.7443984954653 981.8335211427618;692.6451310953182 73.07059272319525;113.517880623051 -650.2537442412021
1000,11,16,LXSSA_REPAIR,1649.2825821495207,78819.87975938185,1.890984896699956,,6030,6030,0,0,100,0.0,2,-46.266807573363344 924.0739799164118;-38.0594760755369 -574.8238229111505;484.9025072443237 364.82544598774587;756.3186035180103 -110.46566765710834;684.8289691754435 712.4274533808497;-896.7567670235179 -335.5973588358372;2.4486142127386605 -125.50534559451519;-536.3005738646009 372.74773550616965;-697.5897560350121 61.220959532609015;331.4333190436524 -942.4067081185981;-653.326967465282 752.2618429816785
1000,11,17,LXSSA_REPAIR,1870.023717744014,78599.13862378735,1.890984896699956,,6030,6030,0,0,100,0.0,2,138.88008888965172 -974.2947542004363;657.1542678139704 360.52845099149243;-892.4373799184682 -365.8911209284456;366.85919312917645 909.3321533727601;-465.13738480455464 -799.4181165591526;48.26060491369508 175.83114615989973;-589.6423251721827 -18.22570880675096;-817.553747783529 460.0001308997814;837.2447997775351 -344.9250157130849;-909.772059225113 163.06696504314343;-375.0903068949728 920.4796316972426
1000,11,18,LXSSA_REPAIR,1540.8433902458785,78928.31895128549,1.890984896699956,,6030,6030,0,0,100,0.0,2,-582.7178865338641 92.13964584943436;351.6291707120697 -933.8560798188898;357.978894057534 -147.1327632184775;897.8080358829886 399.7231716634469;852.8039078885516 -430.8903393106103;27.9335697047977 434.4668463343377;-448.3421150389452 720.9205394576396;-861.5332699756049 -450.9000614223898;-276.58968096454225 -769.4214047789048;-953.151677141628 -118.309287237462;548.4332867817288 749.7170414789551
1000,11,19,LXSSA_REPAIR,1648.966585839531,78820.19575569184,1.890984896699956,,6030,6030,0,0,100,0.0,2,-107.15966007915918 595.9478569877017;413.31610932607197 79.25020981080729;203.78439048179962 -643.4461962879898;950.4342037848437 230.30971041002095;276.2680956828851 -948.9167986127461;-711.4131631943534 -674.6154415636314;-458.4057321448256 -181.27256975032216;-956.2510575449905 117.71476498194143;240.35848268431943 -185.16811964486266;-780.2951476837197 411.973317931725;606.7970219332029 791.7990525856934
1000,11,20,LXSSA_REPAIR,1637.3425012400255,78831.81984029134,1.890984896699956,,6030,6030,0,0,100,0.0,2,-636.2142886739554 -571.3953759148725;-687.3738741567356 428.67558264171157;-514.3649592636665 779.2684147020146;26.068842121114606 -970.5308225318296;693.4035829711623 437.5984396473776;-968.0969984931421 102.85429823247007;911.0234322724309 -115.46914243013167;561.4732958283943 -827.4946655978819;491.1010525716534 804.3284348731788;-182.58813423439378 978.2481476984674;-510.05265362846933 -157.60039032520734
1000,11,21,LXSSA_REPAIR,1658.257817151054,78810.90452438031,1.890984896699956,,6030,6030,0,0,100,0.0,2,168.4904423152615 29.908929196472172;366.90194252847164 904.5053833542149;-663.3142281239601 319.2877328863724;498.48929920617246 -692.7298964247109;-675.7942277005857 668.8516384088031;638.0923164053906 -251.4489601238721;-956.3763320228704 -282.9741761443098;507.23410126127504 374.532304576785;-235.8993126189711 -479.26728528654377;-294.2144550856415 903.7201347797438;-357.54167778268476 -917.4883938676714
1000,11,22,LXSSA_REPAIR,1284.275079541825,79184.88726198954,1.890984896699956,,6030,6030,0,0,100,0.0,2,-986.1407858326581 -113.97395846976961;648.5149977848263 -463.2740031647271;-856.5903731222452 -515.9891493381036;-744.2000014794401 313.852876843959;971.3775622956522 237.53803351675646;883.2663277759883 -81.44511025628532;1.8261841336899682 995.6680789546269;501.96568682856275 691.2482281869599;-213.38298151508897 -906.8000859065401;-525.4461953631453 685.9841445720548;381.93110530705997 -910.6442477856918
1000,11,23,LXSSA_REPAIR,2571.34617206805,77897.81616946332,1.890984896699956,,6030,6030,0,0,100,0.0,2,-187.82826171906373 -971.8833231716832;-47.36661096202275 88.50185669617456;122.55009431351739 725.8123302177648;481.8711542102509 95.04563175531311;204.9222191597843 -376.36751274317805;-998.7399188999426 50.04347973037597;941.5507635229808 -170.14443966719054;-16.194856355893513 -668.9691572940167;-751.0502660675814 -656.9555315325133;971.3358392085559 237.45240068602592;-643.7623264824675 257.8732699784653
1000,11,24,LXSSA_REPAIR,1951.3201968689973,78517.84214466237,1.890984896699956,,6030,6030,0,0,100,0.0,2,371.9881425238943 85.92676418565759;133.70005331653908 -455.5475306331281;-438.09803231005066 -302.7493051504658;597.0851965559282 733.0585788454158;-363.61555226838334 95.88957948942472;-43.75800341978352 736.6341369992265;265.36913459584235 -964.1460354675377;914.8495831739393 403.793776653026;-669.8230234372352 742.5207568226441;-902.4816584032347 -43.355455982696625;-726.6816988928636 -686.973690755041
1000,11,25,LXSSA_REPAIR,1620.669487697538,78848.49285383383,1.890984896699956,,6030,6030,0,0,100,0.0,2,-404.0589171428096 -862.4947775105057;-555.9132919881367 -551.5800303094271;-628.7736443878922 130.7213283211365;840.8896612516714 -461.889736217906;-154.75226840262286 -137.26480130242425;533.7569034098134 47.79328166068816;-325.0701428418641 645.2936781181977;-119.81558571827938 972.6461229803991;996.6328465729861 -81.99295773738005;428.1101312776634 442.7898289043131;494.30788894022436 -856.3692660346755
1000,11,26,LXSSA_REPAIR,1642.1160602548916,78827.04628127647,1.890984896699956,,6030,6030,0,0,100,0.0,2,-972.3505206792034 -233.52615471266122;520.8581174267339 -802.6632022689696;-520.9909530825005 832.4044222523643;836.0851578874859 530.8978109668377;-496.2333835141737 -843.4504179415131;716.7284920626516 238.10121465451596;-569.4219733052184 -471.5046376919255;62.67706772868123 994.5710542659682;-679.0241978861192 219.30651412424672;-17.284406337028994 40.02109147060926;-789.271165872254 522.5688086453166
1000,11,27,LXSSA_REPAIR,1701.9285614688706,78767.2337800625,1.890984896699956,,6030,6030,0,0,100,0.0,2,427.6567891701542 785.7056487051356;997.1616536305451 -75.2903481782133;18.439761681212907 539.588899518405;-428.25806162971674 -883.0924447824904;-861.4265227041193 252.57386389555182;56.079304026275594 -379.05853526291753;-857.1067067369299 -121.35449795821683;-194.29717470380442 961.348698191915;222.31628401978833 177.73939605697112;-896.2881972757211 -426.8552741806302;680.6582745701332 -555.8242648048113
1000,11,28,LXSSA_REPAIR,1800.8151376066237,78668.34720392474,1.890984896699956,,6030,6030,0,0,100,0.0,2,-862.2949793181516 -295.0946297763589;344.967446984389 -867.3894936879972;-28.826199735061728 999.5821670682875;-119.24204873971344 -992.8646114704849;917.2055005288174 398.41444476785887;-842.7666570237728 517.5953589944459;67.72342380158824 -103.16291382152576;-501.22004027414675 865.3148909711342;985.1181425096896 97.9937665622505;-776.3779005163991 -612.3653246593313;-217.58731425571327 373.2290688159773
1000,11,29,LXSSA_REPAIR,1446.5667613729163,79022.59558015845,1.890984896699956,,6030,6030,0,0,100,0.0,2,-318.1701532332735 -414.69429775306355;737.0834730294274 -674.1946373448226;214.07323646536653 -971.6909796582605;-622.4631762627522 -732.9309347339141;-908.4575287555092 355.7692284682877;-986.059246369759 -39.82990428389027;673.3321765120044 739.3400977044373;-573.0848320159141 732.2201481782799;928.9162393072816 308.95774978790445;454.35723081815814 27.771003526925153;918.8107450175253 -101.96117415157109
1000,11,30,LXSSA_REPAIR,1934.41582787376,78534.7465136576,1.890984896699956,,6030,6030,0,0,100,0.0,2,-152.0166419506574 -988.3779220296296;518.0363708201926 -607.3962859189619;-742.7342964190555 -633.1781406804984;775.4127005040917 -19.144092138196218;-551.695276800901 -309.1177913685427;580.9774646722414 748.4823962550972;-602.4233963462626 489.1463617275707;214.68919725042912 529.380358904028;216.07327579397295 963.5118113989422;-950.2522070729474 284.468404575081;-462.87957965356554 763.7296778982558
500,10,1,LXSSA_REPAIR,5688.319803712642,67465.46414313406,1.490585061533299,,6030,6030,0,0,100,0.0,2,-303.7305122555422 -78.93364002015518;15.79595672275842 -163.86604368113274;-388.1559105818887 238.00038225935373;-216.39621327207075 -403.19066445482923;240.99406856723573 68.51685358325298;-69.92821906303594 151.680517529578;99.99747195911995 -489.8984645840248;-162.1704679716192 472.97012518537156;338.70635582746604 -251.19929606706341;160.06882904870005 386.48959625604516
500,10,2,LXSSA_REPAIR,5628.190968460869,67525.59297838583,1.490585061533299,,6030,6030,0,0,100,0.0,2,245.7081004619078 327.07115901196;-344.21960375772676 -12.519528367316033;-349.8002141759075 326.8567914966643;232.8941531032526 -9.3094644748595;-60.00137307310952 -496.386779869631;-53.111155742867616 157.30347841968876;224.48093642199726 -336.5275299023414;-354.20544790914477 -337.0113028558719;-66.60756089186033 -173.40640964547327;-43.63375757862819 498.0924564772784
500,10,3,LXSSA_REPAIR,5426.075899361444,67727.70804748526,1.490585061533299,,6030,6030,0,0,100,0.0,2,-460.9975539269978 190.0831531336713;-465.23649745921557 -130.34890987042195;103.9241563583698 -136.20837203465553;389.52453887790523 -309.94544605762474;368.4566099225304 337.9510878639887;89.89286031952852 -491.54603083958585;100.40017799154118 489.67023276471605;373.5040862097091 24.807295611315386;96.1452752320019 181.09212775656258;-196.78534417160222 -316.3871542828632
500,10,4,LXSSA_REPAIR,5538.945650334776,67614.83829651192,1.490585061533299,,6030,6030,0,0,100,0.0,2,430.0721831286923 228.9345864951536;209.38734603145102 454.0450851203054;-499.1865655533235 -28.36839051295504;-174.57600010612128 65.36033263444732;-285.6385571450329 -261.5192551102691;282.9544879996811 -405.10153241308944;51.79378440756231 -166.35759501039945;-409.29429311646135 286.69050349523957;369.7873717737376 -74.50450835857336;-44.21216801488875 -498.041448274562
500,10,5,LXSSA_REPAIR,6031.30888783242,67122.47505901428,1.490585061533299,,6030,6030,0,0,100,0.0,2,256.9436767429653 84.22585568174695;-283.556929980649 -56.74036626914926;-55.54308363466966 173.10297620526302;-354.9432797460348 256.7099134173858;168.77117669826265 398.3110327923662;131.08215154633822 -464.2368274762807;-132.11177000033513 480.8438551966892;346.26242858728506 -220.29976697526837;44.203865975283094 -138.66917566551473;-186.7844157119635 -368.501608987237
500,10,6,LXSSA_REPAIR,5675.401778073094,67478.3821687736,1.490585061533299,,6030,6030,0,0,100,0.0,2,497.9398184936695 2.0031710169561765;64.79118799957753 -482.1070626501179;276.96594365997197 -238.00392782652375;-424.784033376762 261.76903712760526;-125.83385396190143 179.0350151075133;-257.0987798539852 -386.3791764161466;-36.825102443980526 -145.01285947235306;-357.4123432195594 -49.253867877638996;83.81229330597706 415.5378223184341;185.47579772139562 89.37833063109456
500,10,7,LXSSA_REPAIR,5649.295663160956,67504.48828368574,1.490585061533299,,6030,6030,0,0,100,0.0,2,351.26112341141254 323.2133248851691;55.75373796390092 157.7782007649713;-242.89829669428244 -7.413660128204304;48.607616731227935 -172.20673756397844;326.6308250413444 -327.9635672475626;29.57711399754831 -499.081685622503;-256.39839823859984 328.7179882660311;-260.87359790342487 -332.88630827923174;351.08407974518894 -10.214031516744244;42.2889579780729 498.20843432556296
500,10,8,LXSSA_REPAIR,5765.27413651759,67388.50981032911,1.490585061533299,,6030,6030,0,0,100,0.0,2,-118.94726907240167 -372.8095485365357;-291.45324820899884 263.59783153532163;-73.01496010291484 494.6382071714838;199.13910970936948 -458.6323309407653;242.40971362495108 409.5736778149965;321.0783318292923 90.17158312604732;417.6536179082256 -227.24148881195592;108.62753697716133 -140.01835511623804;-201.274502721804 -54.78147364650622;22.77042116871107 175.5738102958822
500,10,9,LXSSA_REPAIR,5622.342137384767,67531.44180946193,1.490585061533299,,6030,6030,0,0,100,0.0,2,219.4107835923369 -334.8382393234243;-351.9201520021836 325.5531388410099;245.63911821979843 332.04177930215366;234.4324371221977 -4.291898852591644;-47.2482412016284 497.76259773445486;-57.121312883493374 157.87957010491067;-359.7200231491437 -9.013929716857206;-77.29672496339006 -493.9890852133618;-69.49617522731855 -176.1372685556389;-366.7318385399246 -338.9697885143664
500,10,10,LXSSA_REPAIR,5269.175653291197,67884.6082935555,1.490585061533299,,6030,6030,0,0,100,0.0,2,-89.73559063333987 -164.49522899094933;-89.04719333653644 -490.3851713510905;-374.1880060149411 -331.2567313544316;469.88870500008846 -163.25963348322563;-97.28667560867551 490.4439853326905;194.11933240692795 315.91163739351913;185.3852358005034 -328.7276665854417;-383.458568235941 320.7094867893267;-365.94041540119406 0.4247322828149763;474.4607971280725 154.52430218231217
500,10,11,LXSSA_REPAIR,5322.719634618974,67831.06431222773,1.490585061533299,,6030,6030,0,0,100,0.0,2,365.94974793326315 90.466693900209;-498.3218463683109 38.951062365661436;-53.15295075543179 497.166723881392;-177.8699526716356 -57.493714702589095;446.9415987277658 -217.48265761003086;54.07838416265791 182.16205325008303;-275.4338069116322 274.00801061288354;-95.84032155052395 -359.44360666939684;221.62968199910455 -448.19668232233676;267.75517814208456 413.10665320042654
500,10,12,LXSSA_REPAIR,4848.219847033455,68305.56409981324,1.490585061533299,,6030,6030,0,0,100,0.0,2,-255.07689173196314 230.7911728513323;-138.46260938724348 -128.16543241658707;316.52777975344605 387.05318064105086;453.20523234851083 21.088151407363295;-333.71707604073936 -372.3317177082415;232.7342514016069 -225.64877754132016;85.81632273701302 130.73765314028114;-16.498813419361905 -470.30120337354447;-10.614346123283582 494.1513128288545;-481.3789616076347 -22.159409986102823
500,10,13,LXSSA_REPAIR,5977.458835509155,67176.32511133754,1.490585061533299,,6030,6030,0,0,100,0.0,2,-420.0262527990666 204.17739912286382;-208.13576153936717 432.6975814692087;-322.05630454220017 -102.9630085065299;65.61038334511048 -495.6749195965025;-241.9151900607338 -416.9001423492697;409.76568575423374 255.43747496134654;-103.17859446396686 115.2924509402377;104.66161758503826 342.7545473337691;298.19034733094594 -268.71554719264583;-15.855735042467801 -181.25219712834644
500,10,14,LXSSA_REPAIR,5961.526524158602,67192.2574226881,1.490585061533299,,6030,6030,0,0,100,0.0,2,8.0933710877325 -245.21713624390864;69.38676578232744 94.1032384854884;253.9960356395108 -430.68083748496144;453.4404202636944 210.69355263786082;407.8540374463881 -140.67095577846138;-157.65746320170425 433.8555521530341;240.93152676243596 434.7121547513076;-283.38985060864184 -411.9346945475844;-438.8579263456522 239.5907353876483;-226.89842867048236 4.955491272104917
500,10,15,LXSSA_REPAIR,5734.369828618292,67419.41411822841,1.490585061533299,,6030,6030,0,0,100,0.0,2,-340.34247631920147 -0.9047754675952253;-39.86204493996853 -498.4084844514627;-345.5315003897491 326.84999149074156;-44.45366218316517 -172.35377412470655;-58.18822902153273 164.23111301495962;241.66962652118434 -3.929025467653824;-46.874258970435406 497.47989103982627;239.9823601338929 333.49254273066555;-326.8303334950428 -337.12090887143097;251.03395543573663 -336.39691104201324
500,10,16,LXSSA_REPAIR,5591.844875077717,67561.93907176898,1.490585061533299,,6030,6030,0,0,100,0.0,2,289.6142209214142 -327.3054149059178;8.041655555683631 -162.86407605266945;-287.1409058765519 -334.566558167436;-291.015847174511 331.20464294775314;9.76584779502528 165.56007261314465;306.66934386868127 332.66127601343214;-2.5840532457307845 -499.6805430572209;7.050666951045716 499.94871929440455;-283.2929188334158 1.8103258994831963;305.60978279067734 2.7980583767527216
500,10,17,LXSSA_REPAIR,5828.641129426003,67325.1428174207,1.490585061533299,,6030,6030,0,0,100,0.0,2,-219.2450386097884 -83.03086518997137;-88.91642763393678 492.0245188792168;-304.7918299985862 243.1980104684722;168.9207148808494 -470.40876161668047;396.46626564867813 -243.9413533074066;7.195476469878745 154.13776082025075;-129.33738207451444 -390.1680747416744;320.43364452804 64.85015755819978;233.2401164719096 401.414741057768;94.06413607969174 -166.8481975103955
500,10,18,LXSSA_REPAIR,5639.269045146313,67514.51490170039,1.490585061533299,,6030,6030,0,0,100,0.0,2,-10.397278311552846 147.38314068739072;242.61157927205213 -148.30269274684505;-381.163261408115 156.54410161552437;174.68046237357296 -453.5598880704064;-135.95341446087053 -144.7130474504725;-179.30226841898659 466.7300832232588;-232.0501478150906 -442.88652676178486;-481.5279912820031 -134.64477891188636;184.7756701921162 462.4378228770994;391.09736817947777 143.36203869511385
500,10,19,LXSSA_REPAIR,5634.988747286901,67518.7951995598,1.490585061533299,,6030,6030,0,0,100,0.0,2,54.63338693099007 497.0013036644667;-234.60364720592483 339.5190332882858;-235.86137173220627 7.19862545968061;58.41164172487068 174.57209340510022;336.0176626639272 -324.79785556847145;344.6092973392168 1.496409370497495;35.60209647071312 -498.7295242317206;357.64845859152143 343.6591327825981;51.73358124584916 -160.91937372893923;-256.1125267410429 -328.8660754003045
500,10,20,LXSSA_REPAIR,5190.588239330507,67963.19570751619,1.490585061533299,,6030,6030,0,0,100,0.0,2,-438.0750335997765 -228.09326444348218;102.63361323923586 -364.9828681047936;44.611122481243356 497.68356758257306;177.79654661540002 -65.40413471735792;-357.1324583059771 78.37335011085966;-298.2430921836298 394.8744153856775;412.38580961443273 -271.38760218858914;283.36440624433095 248.1313630197854;499.3083900555666 26.289074365641618;-216.7767818502858 -450.5637951295521
500,10,21,LXSSA_REPAIR,6188.739836478562,66965.04411036814,1.490585061533299,,6030,6030,0,0,100,0.0,2,-223.12012963239818 56.63895004535174;341.05417804777096 -86.57330360837909;23.818746395039867 -174.45450239505328;-70.37290018916583 -495.0228832275996;429.2502987469931 233.39644276071266;-309.53198611204914 -264.7141501648004;181.47130410961213 465.9049586645048;106.63546461633749 146.98339091356465;259.4128223449652 -401.23367821413086;-132.4377070912313 376.40754476710293
500,10,22,LXSSA_REPAIR,5291.899962283802,67861.8839845629,1.490585061533299,,6030,6030,0,0,100,0.0,2,-88.41369107129532 488.96351962845006;-364.26363525255664 320.8593267542359;-84.53343020763798 -492.8013324040457;-75.8988048378798 -160.36896815064392;-374.44094416111056 -328.91796364001505;203.31991693426568 -325.10965099455484;475.54162856865094 153.429596369453;470.176368276886 -161.64536009049473;-349.299755711157 -10.03372871757313;210.84647553901016 310.9112723120065
500,10,23,LXSSA_REPAIR,5722.516672228245,67431.26727461845,1.490585061533299,,6030,6030,0,0,100,0.0,2,-8.119424448627912 -156.86173870467923;-194.00370653623995 -460.8280634393831;-174.72807431270726 466.0186241016143;402.26901496950273 -254.24255618487396;-12.37667555661599 183.03535720655063;391.25609807243256 84.3233705426967;179.2322425022076 -466.6779330506956;-416.38342891986605 275.0560863574579;-415.2696527092979 -57.54701577326733;215.59611230971973 451.1300180316145
500,10,24,LXSSA_REPAIR,5726.017918819518,67427.76602802718,1.490585061533299,,6030,6030,0,0,100,0.0,2,-61.68326003084143 494.4125049666969;449.58243136867867 -172.43604875767844;248.63258639607116 423.7767433284639;55.15305958651195 -161.6811671268271;211.59872309663137 -450.8256390724993;-214.94586943901226 -451.44008669444554;-388.52060667341823 -148.04532767512907;115.16321739005633 144.41894112118325;481.7427329134798 133.8803170187898;-387.25584643144754 279.72857774597674
500,10,25,LXSSA_REPAIR,5427.304003999336,67726.47994284736,1.490585061533299,,6030,6030,0,0,100,0.0,2,-177.33045071658054 -467.49726181856647;-335.0203055452121 -197.63093370456767;350.6956684361975 352.46990238684265;5.397819031833133 361.4934370142298;153.55229526614647 -470.47778637494525;296.1125217552641 -187.66315866816;-325.5699133406605 370.4131743215966;-142.4189772022516 66.41748984987882;-486.7415040079067 73.95695384742217;493.9823776368073 62.445454733305695
500,10,26,LXSSA_REPAIR,6118.787952666884,67034.99599417982,1.490585061533299,,6030,6030,0,0,100,0.0,2,275.2358528406135 99.14582121244544;194.7220196365176 407.6237432809578;53.1515691441412 -120.64814030298812;157.67817504065778 -460.1060469658845;-29.04763017009533 181.43446437592627;-253.732596701309 -38.39750599113543;-186.1134002509895 -359.5135876359792;-328.95354932318696 262.00224939046143;-107.98572523363833 488.16733275597414;350.0611764299278 -205.31730147754064
500,10,27,LXSSA_REPAIR,5582.591113331626,67571.19283351507,1.490585061533299,,6030,6030,0,0,100,0.0,2,0.10962603889612844 -499.62143055057055;12.111332151861266 -167.85599603081118;-274.23071483609476 335.380692481901;42.12027816856759 498.2227234550854;322.00448089066856 343.0533360901345;-281.8720559586369 -332.9303243857369;-288.5666194300515 -0.9205372039600166;10.85683721467882 170.13352704874336;307.26911911762784 -332.6360803220843;308.5297639617171 3.4116153915737217
500,10,28,LXSSA_REPAIR,5718.336738675702,67435.447208171,1.490585061533299,,6030,6030,0,0,100,0.0,2,-303.7899250988804 302.10570617257497;-225.3886716646682 -17.125828770071024;-128.76561294565718 -346.9786798332155;109.6231397044517 -103.9625137560079;418.4988508409617 -199.4208458632588;-432.9201940693002 -245.76235464135388;224.34132049088868 446.313709770578;313.17765364608545 137.33424720766368;7.457445449145102 220.14947516602243;194.46467485220302 -434.3329934581344
500,10,29,LXSSA_REPAIR,5690.779813123474,67463.00413372323,1.490585061533299,,6030,6030,0,0,100,0.0,2,13.84951611547882 -158.93376871628655;101.3321245026201 -489.6240533048769;-384.5013835157427 239.7518659358951;-296.96057533680215 -76.59100530312676;147.27786801547276 387.45641630951525;234.33749316718388 70.81702679177202;-75.51833357905473 157.34771162815042;332.83653547782046 -246.453525587628;-212.99164264030134 -401.454932075604;-160.39040241020138 473.57672959584244
500,10,30,LXSSA_REPAIR,6280.390862576984,66873.39308426972,1.490585061533299,,6030,6030,0,0,100,0.0,2,-25.08443269487353 180.34163422270794;143.22430936798548 463.3732051312517;-73.34624059308229 -385.2111600495337;-187.88639106922662 463.35591509225566;459.87219705624307 -103.06768113880801;116.32718195716869 -100.8159782179744;-371.6556873700887 182.74508999659156;308.0077465991012 178.561924203894;288.4588036183009 -395.20312563276883;-232.1316991749584 -104.2304292099781
750,10,1,LXSSA_REPAIR,2588.5669331350077,70565.21701371169,1.5600128131999855,,6030,6030,0,0,100,0.0,2,-368.57849066715454 444.19598878865514;272.09361631767973 420.6232169965373;-680.0585050117301 -150.0341266473971;298.7099676397725 -174.4166557840216;421.58237869607615 -618.4574015516642;-217.64770185214775 118.86829429164284;-28.724142092803074 -745.6266231527666;681.2780766325118 313.2925488161227;-169.59711514280505 -451.30281784551084;104.10763699022787 723.6887259369549
750,10,2,LXSSA_REPAIR,1983.6257397601148,71170.15820708658,1.5600128131999855,,6030,6030,0,0,100,0.0,2,-667.3119977539221 -329.9080352334008;-78.39617938769408 -159.346628199126;398.34001451740954 -635.4724485249301;-415.5697907808834 624.3410518221052;726.655404884168 58.099765470425105;-749.709183385649 20.88397345390094;650.2870538969948 -359.3674213006033;-34.56504943366788 744.0140043871779;-143.1093239860222 -629.5628324947974;418.85648595211944 614.7679066009119
750,10,3,LXSSA_REPAIR,2550.9226236191757,70602.86132322752,1.5600128131999855,,6030,6030,0,0,100,0.0,2,-27.010169693412315 -437.5768726790502;389.2242204997273 -195.34862185300315;603.5933023699811 -428.24181792091224;-726.9816990721401 121.73138748247175;-86.13784779250452 -745.0170928688177;-456.9345394522245 594.7359301871575;323.16698635271393 105.62288211607405;-42.905960186659414 478.43922522194816;401.9935159176612 609.3238987423478;-610.6218048065584 -435.46630902527926
750,10,4,LXSSA_REPAIR,2038.9773024563328,71114.80664439037,1.5600128131999855,,6030,6030,0,0,100,0.0,2,-124.37209527904257 54.40540821081184;-82.70359442413995 -728.1437552769319;47.64909879471333 -435.9796776902689;694.7206060207411 267.75678630951086;-664.739165296902 209.5466317883142;494.54743117230134 -558.7024331334405;308.1064088474149 493.16201248658604;-608.657664830798 -420.7161835850054;361.90262441418065 -97.6278057828007;-123.91428188355759 739.6926731726375
750,10,5,LXSSA_REPAIR,1677.102028487032,71476.68191835967,1.5600128131999855,,6030,6030,0,0,100,0.0,2,-637.9093695781312 -304.1608744091673;-72.46802435117455 388.95649716369144;653.5566347855768 -313.54786414326037;-642.7744773575336 386.4345670594584;6.113851096277784 749.7689895967012;725.321505483669 -8.305994104565688;639.3882613593528 378.2570805031494;-52.62471342742497 -747.7241555253147;-442.2950245738102 3.0312419088984806;-359.16944561996587 -570.2876166351749
750,10,6,LXSSA_REPAIR,1892.6940997864149,71261.08984706028,1.5600128131999855,,6030,6030,0,0,100,0.0,2,-515.1970029823806 439.0223006207637;563.7068688544409 429.0860437102167;-704.0150469021108 -198.56636345041335;-296.84297046298 688.3031969407887;272.07869980413227 108.45784107613817;290.6819365453069 688.383467225059;152.9308953377808 -731.6438296439597;730.2366440700313 -171.0393044225168;-517.3151093286904 -539.7389639397137;558.2286236305281 -500.87598983621535
750,10,7,LXSSA_REPAIR,2267.72586249758,70886.05808434912,1.5600128131999855,,6030,6030,0,0,100,0.0,2,635.8592257139582 396.454757827136;-247.11839046223693 161.47738554069724;744.5716606077555 -48.93533443454774;-631.2551711372662 -351.59083545141135;-38.75194039960871 409.02429782839323;249.28505048033128 706.7424854872042;369.1831118929704 -652.8428794935631;211.39319996497568 -339.4942889013443;-97.16337104535081 -653.085431727831;-749.7272013452426 20.22647309647056
750,10,8,LXSSA_REPAIR,2050.298909304125,71103.48503754257,1.5600128131999855,,6030,6030,0,0,100,0.0,2,87.44208577212902 141.2087890318075;-85.63529822581036 -464.3629787318472;702.2974247962352 -247.49198374263582;-365.3855630790064 -622.9532004275233;-636.3244595173531 349.707185642982;357.52290113150536 644.5083714886292;-379.4612396575006 642.2342767510596;408.04701638429924 -613.1787240962778;680.8281349163212 314.08323674078133;-660.2095795550181 -301.707532035562
750,10,9,LXSSA_REPAIR,2175.5965835007228,70978.18736334598,1.5600128131999855,,6030,6030,0,0,100,0.0,2,624.7619350935538 377.6508849018144;397.0330934339568 -636.289810320944;-614.3280412498311 376.1752601253545;-179.6218681899343 630.6656261379233;-663.3736766518728 71.23920764987739;-225.4578223280252 -649.3849554812831;-175.40850831772417 -64.97160391345;610.6567082012263 -269.9430524406672;371.0027227879806 632.6733603493459;-418.0092627163631 -331.06032192296414
750,10,10,LXSSA_REPAIR,2651.217579465112,70502.56636738159,1.5600128131999855,,6030,6030,0,0,100,0.0,2,-553.1056185736333 228.88806732955902;130.31074209720572 -393.4947161092492;-375.92373664268075 648.9848181972123;-404.56116712358386 -46.88570516413565;109.86020173855968 636.5659862893168;606.8879512825023 175.4127038794461;508.09579292821303 522.0033206004415;634.2654302535956 -262.73665980258613;-50.87665633118034 -693.2804812430811;-570.8427419149399 -393.64625507026796
750,10,11,LXSSA_REPAIR,2145.748345124899,71008.0356017218,1.5600128131999855,,6030,6030,0,0,100,0.0,2,98.56040782965981 -197.37420771321578;735.4031041009081 147.24902199589934;-639.96464877505 273.00247956946873;-211.26959930470784 716.9526226541424;-445.8341851634629 -502.6730004098682;318.4437090307588 569.2855320211117;-100.65535950409259 -705.2485680175637;-62.4846540896432 142.17153289764326;711.332916535242 -194.88998023180892;491.8872567647662 -535.9703068591258
750,10,12,LXSSA_REPAIR,1810.4190927669697,71343.36485407973,1.5600128131999855,,6030,6030,0,0,100,0.0,2,58.735591007878924 229.37612596463924;510.86343063222455 499.01334970452064;-543.4343424017236 -515.408965490428;-506.6655316588966 552.4704188846473;134.99781660327866 -714.9871322119619;-649.0061731583116 -170.09272524281033;695.1960267052534 -164.3577612335966;77.65372713120135 740.2557982070814;20.71807979619735 -353.32477553156264;515.4967998331113 -491.80610057896376
750,10,13,LXSSA_REPAIR,2036.3661411404028,71117.4178057063,1.5600128131999855,,6030,6030,0,0,100,0.0,2,-60.81197832474763 442.1404926106716;-512.452012480965 -465.66594889805816;606.1172061102386 247.6447863988348;291.03735011973026 -646.987627222013;-676.0041654913637 269.6676901418895;-70.90494282586266 -746.626378139602;-675.0863948778826 -157.6959744656926;104.19111566184971 740.628795328631;-489.54110094247994 566.5761243784315;327.09309197832215 -239.69733933005853
750,10,14,LXSSA_REPAIR,2835.148964894601,70318.6349819521,1.5600128131999855,,6030,6030,0,0,100,0.0,2,93.68233736393043 201.5536074950557;435.5317393184709 516.4652100318953;-299.6152547950799 85.13391013481831;-403.1484268584374 -273.6384243030341;389.6806229566701 -303.57523721194195;575.5991611402695 60.390866632704835;-256.604361205354 -700.9960251267311;-424.70887915288273 491.8591817616373;-687.6028885420801 199.3506532548392;48.31091409445482 746.7539051020815
750,10,15,LXSSA_REPAIR,2258.666042194047,70895.11790465265,1.5600128131999855,,6030,6030,0,0,100,0.0,2,-21.887994561958916 -118.68605566931919;144.5132461284619 -612.6518161022557;560.7909481819767 37.991131815529485;675.3294273111421 -304.9409962401055;436.06922342856046 601.8424991567084;-488.49091473838575 569.1015956910112;-549.6700385779774 -265.8531399758553;-176.53807436852182 235.88017126254005;-451.3348029357525 -598.8859366336104;248.96988290838547 357.1838772528322
750,10,16,LXSSA_REPAIR,2604.566768227538,70549.21717861916,1.5600128131999855,,6030,6030,0,0,100,0.0,2,686.8639028822854 -224.47447521951418;219.2888460931299 34.29483120623659;522.6090507212905 527.873296513943;-608.5525264356154 -437.237557752866;-723.4331201668097 6.6733965964392405;139.45247972781723 -735.5258285375417;108.59646043831374 416.72096308507076;-594.3157630428161 452.43254554365495;-29.680797552390533 -423.20079953613515;-166.77426145516424 703.6275962067234
750,10,17,LXSSA_REPAIR,2086.6760628568154,71067.10788398988,1.5600128131999855,,6030,6030,0,0,100,0.0,2,-511.220980060163 524.0346876355982;-147.0237481514831 735.0961739077368;638.6977022234123 279.05009572711117;641.6520331916016 -139.50958579252935;-395.437178498228 -637.2828327430713;-270.7758862682932 -196.07193748023684;-705.6710211301807 -72.88450112108177;249.61554334629813 505.2448576804395;537.4467288341433 -430.777744566737;23.58225101499148 -749.3896870381127
750,10,18,LXSSA_REPAIR,2285.6498665688705,70868.13408027783,1.5600128131999855,,6030,6030,0,0,100,0.0,2,217.77839930110966 705.0780507095466;259.3109167190969 128.42314469982264;590.9572862976598 461.329024044434;-344.6420474564763 -208.60211330254066;-716.5363397653558 152.01008247224644;-221.54733060946828 438.724884752552;436.055038436686 -610.209802817015;-532.6490068970029 528.000980540412;-450.9099773608313 -599.1948999744676;730.3492472345321 -170.55654372681497
750,10,19,LXSSA_REPAIR,2460.040080576917,70693.74386626978,1.5600128131999855,,6030,6030,0,0,100,0.0,2,-494.95033536727027 562.100952804007;-736.1164185403239 113.58055359015273;-26.170140367773875 695.1428833832765;-480.6148652743493 -365.9402867070342;564.7672518910476 97.13580799894514;108.49031656394438 -366.68832766943933;40.604753485902755 -676.9467127120915;506.72907032539564 552.8784687630648;152.17019697680902 346.6736688802578;566.6084429746504 -369.52487692529223
750,10,20,LXSSA_REPAIR,2003.874444949208,71149.90950189749,1.5600128131999855,,6030,6030,0,0,100,0.0,2,518.1879105261444 82.32976638494027;139.93621217212814 736.8295302472792;-380.5289284479984 595.4921798765404;288.62625274533923 -664.0333884173075;-511.84972926236935 58.01268006736693;-345.5915993409243 -665.6323406770805;645.5856691380513 362.8108846385454;-610.7532529816492 -423.82726528383864;407.0750082255021 -204.96440073314858;49.783841674047366 360.7277485685228
750,10,21,LXSSA_REPAIR,2271.017762170799,70882.7661846759,1.5600128131999855,,6030,6030,0,0,100,0.0,2,694.6827896098671 268.35838400084316;-8.961387452313359 255.43491708437608;5.550258352135084 -333.32753738749403;-325.53885778830386 -675.6256754983646;-621.0641413337872 419.80164137103793;334.600137493849 -668.8655376110818;-150.0959381183041 700.6753612213504;273.8841094019548 697.9397015961405;679.7915099124136 -142.34042025012866;-731.430231525291 79.58398863410606
750,10,22,LXSSA_REPAIR,2292.4997730229225,70861.28417382378,1.5600128131999855,,6030,6030,0,0,100,0.0,2,-57.33047452168041 380.18240986243745;-71.32995186736201 -715.9340835649635;451.4149363901003 -180.51388062353237;-77.9494401129861 -40.906896823468024;-271.00309951986776 -375.968631073246;-557.9851543759557 397.85612142976345;654.4244728558026 164.3911702119163;-591.1828089866032 -185.349930296502;23.841591464868326 748.9736670463076;394.3937459725282 637.3186609086353
750,10,23,LXSSA_REPAIR,2045.0088906711755,71108.77505617552,1.5600128131999855,,6030,6030,0,0,100,0.0,2,109.25051824502789 291.2725311588892;554.2108274470673 171.51167337817841;406.2392769288726 -630.4354568513697;664.4969204164483 -298.7881820946923;-270.7249597608412 -615.9989356732253;-543.3301599394646 303.57554664228564;-703.6583680969192 -150.6786160695401;-239.07510509038246 -279.4030671979927;424.849930612303 618.0635375580098;-236.48114878396726 635.128052766107
750,10,24,LXSSA_REPAIR,2408.105172938784,70745.67877390792,1.5600128131999855,,6030,6030,0,0,100,0.0,2,660.8754505619817 -354.603495251383;-0.9991243266857972 -142.26789364030185;-515.6722518448854 -409.4272834242525;-687.8314665611838 298.9777800216977;1.9024916540194003 732.8382260534815;-133.6277756266146 456.15937970990683;709.9547803827318 18.13090150842025;43.937333421628814 -739.6915285050412;440.72785327820196 606.8434389072585;-303.90733242057996 -633.0797038193758
750,10,25,LXSSA_REPAIR,2279.8216128851345,70873.96233396156,1.5600128131999855,,6030,6030,0,0,100,0.0,2,42.46949773957474 739.8225417025691;-414.9305722802918 -49.35631916270251;-635.1928996604393 -374.5227250463896;743.9798616010396 -18.70410001981814;166.25689689135163 -366.0474142350186;336.11711932425743 121.55925720564522;-637.3603670992854 357.58230013383775;-443.4847234475416 601.728225477435;318.1185687977111 -634.0064294552668;-49.75008321895463 -736.6889030613708
750,10,26,LXSSA_REPAIR,1970.6840894352645,71183.09985741143,1.5600128131999855,,6030,6030,0,0,100,0.0,2,570.5835022944502 486.7591467136485;-116.51788075543608 286.8018901109545;-511.65860630965574 508.33608163311004;595.6787251187859 -455.5408764343041;-679.3505272800519 -287.0132251117412;741.4617751982987 83.5656995582387;-157.68479365632047 716.5038882583121;-288.9481096021877 -681.624393112014;60.04795171149018 -310.70197938168553;-740.1847652006088 110.73855467214054
750,10,27,LXSSA_REPAIR,2887.10830925878,70266.67563758792,1.5600128131999855,,6030,6030,0,0,100,0.0,2,-585.4793452595662 -65.9432821529928;423.5590672266425 614.5127324660135;-341.6034637280465 -516.9566267323077;590.5345287787537 56.603027896551566;189.49580605086052 -514.2347630311975;-439.2057642896655 607.945965209681;-245.20796397040877 268.6156444135662;648.3172093497008 -375.1621842891662;-695.4225035630013 280.86926057895204;7.320397946283527 732.8250783884491
750,10,28,LXSSA_REPAIR,2167.831543673805,70985.9524031729,1.5600128131999855,,6030,6030,0,0,100,0.0,2,-467.5080616295883 440.103750575048;-224.08511354046271 -111.48833932567804;-326.7662655771966 -485.87997370249985;-684.8785588578089 137.8591078851073;208.50571698563996 604.6810495130194;428.0614959185141 -295.6493167508804;94.6122529747335 -735.5325446593265;-227.48778699575522 714.6672699709801;675.7967516730196 132.49382875781353;-19.99519323987289 313.4431364700189
750,10,29,LXSSA_REPAIR,2585.455621805959,70568.32832504074,1.5600128131999855,,6030,6030,0,0,100,0.0,2,-453.3562801474048 -512.7570137153618;-441.0917015235203 438.4855404681562;116.26498087962975 -661.9949236041218;571.0307854183593 -145.22122454138866;404.8336741903162 631.355443661943;62.075127487948386 733.6035016503396;-10.780661251476175 7.232769422323473;370.44657805036326 223.8114870665797;-78.47864450246641 -302.501642037318;-641.953035245446 -157.79713468357386
750,10,30,LXSSA_REPAIR,2419.1902711176226,70734.59367572908,1.5600128131999855,,6030,6030,0,0,100,0.0,2,-335.90341144516333 620.2786944845761;124.56411764389256 -283.90394027499843;-463.9152319655346 51.45905381311435;-567.1311878009725 -486.27809964093336;445.5023789381565 -603.3470231636543;681.8275278030338 311.18199370978647;-100.05837699092706 -605.8477019821528;118.9401635781319 619.7382299825052;234.58412352892626 42.918234289327906;740.0565232487231 -101.60626363981012
1000,10,1,LXSSA_REPAIR,1414.3706290996342,71739.41331774706,1.5685868486000496,,6030,6030,0,0,100,0.0,2,890.8168984201756 -349.9111180934773;874.8841530286028 477.17084049897556;394.9370008096214 -57.61185345560822;-153.5649098328597 -988.13856238284;886.7137137170021 76.27715563023735;-853.8729507989472 520.4814923644246;-922.0675362754245 -311.1280655455488;66.29983587169106 270.41999309179675;-723.9701191359969 -673.5784998047765;427.4791837508447 904.0188275042156
1000,10,2,LXSSA_REPAIR,1252.4189485335664,71901.36499831313,1.5685868486000496,,6030,6030,0,0,100,0.0,2,609.922579230281 -68.04984634275645;436.33919892058606 -890.2913035466302;353.88640897736417 648.1161666872368;-759.0072418118226 650.0392048436488;198.92469082655242 937.1934357435684;-941.1578927856392 300.5108772373618;-985.6602785401708 -73.64925625538825;909.6173359735176 -370.2503338454515;-383.12505562250453 -669.4546776441271;863.9813012463696 503.5238069410597
1000,10,3,LXSSA_REPAIR,1160.480118349922,71993.30382849678,1.5685868486000496,,6030,6030,0,0,100,0.0,2,-921.6352298672184 220.45034522898538;-141.4353902919925 936.7820421875322;930.7070729776151 -92.81794608001606;253.4058007304438 545.5271263013464;369.41279907067434 928.5206887819735;-479.05343050432265 -871.2471082293289;-889.3715058842682 -457.0483251566299;215.04722834926864 -85.62594950585846;404.30483060873865 -879.9970786824747;833.7531690375979 -444.47521606900284
1000,10,4,LXSSA_REPAIR,1036.6882032680296,72117.09574357867,1.5685868486000496,,6030,6030,0,0,100,0.0,2,-483.8994193894593 -875.1236209328051;-965.7143540857533 -97.71059269140423;929.0231484460421 -230.86992864745437;875.3539799641786 483.48258475447926;818.2800924149051 -519.3883699911987;-858.9291105370183 -505.79317297797786;474.1816427959566 -878.2750966097141;-528.8504331055296 845.5690443637543;985.9006777117378 71.84990450629928;-731.4463695166146 497.34791519382713
1000,10,5,LXSSA_REPAIR,1273.4755102097988,71880.3084366369,1.5685868486000496,,6030,6030,0,0,100,0.0,2,-809.052354515835 271.5330074360519;-767.0096948979245 576.6839908939818;-785.8175602161566 -533.7061951288;-235.65930181294306 -854.253654025055;805.1606935710738 -531.630587749256;492.2675634455565 -867.3188430339119;-115.07945291312315 982.9017500077764;169.29917314703462 806.2695752958132;928.615755491896 -76.02090710937344;-907.5452327245303 -62.64711374068803
1000,10,6,LXSSA_REPAIR,960.0232442453124,72193.76070260139,1.5685868486000496,,6030,6030,0,0,100,0.0,2,752.4692597743741 -462.14110426644623;547.3179666152331 -809.2362233870044;-507.51781934647175 858.2291729216023;-861.9990183205854 -452.40996825115263;-84.84442534655368 420.7910111746601;399.4770614593047 885.4357136988923;-970.2719400939837 -8.259008082599598;-41.43968966633596 -965.8353040068436;-71.38006383644522 -229.5104725556666;896.2784799808863 411.0732133961276
1000,10,7,LXSSA_REPAIR,1155.3208470017707,71998.46309984493,1.5685868486000496,,6030,6030,0,0,100,0.0,2,840.1880515857123 -472.46359089246386;-37.216804889064235 -470.65790234680475;153.63703659317903 972.5991213295973;327.7449917871282 434.1215261003507;939.1750417467933 90.09780296256653;-347.2841238994707 -895.0288619349056;-846.1486626814763 54.19619303166352;-24.132291473499407 64.93064778062498;-702.3553846151772 710.2760453265831;580.3388089482946 721.1336110893429
1000,10,8,LXSSA_REPAIR,1240.500541238187,71913.28340560851,1.5685868486000496,,6030,6030,0,0,100,0.0,2,18.73607646488405 11.66031337060592;-48.85717292509386 -995.3171166519662;82.38462929584152 988.3495714685766;-976.6565668996021 -214.8067744087298;-648.8609352779824 -409.21090049942745;859.734660604745 489.49856599673853;521.3118205650508 -831.5297339033576;-830.6896840138245 470.8595085771368;-497.56379728975776 828.1495747576371;631.5670673089096 -348.2104475095206
1000,10,9,LXSSA_REPAIR,1101.7471546987072,72052.03679214799,1.5685868486000496,,6030,6030,0,0,100,0.0,2,970.8481335568151 -235.63751780698882;262.42380283749117 -928.9912928761221;987.8468622319803 144.91274658779233;-220.15230496829366 936.245826970989;-929.1631236780295 -337.242222974212;-542.0257192651604 -719.4599936494221;-424.2837736935897 -199.49427119080732;-913.8371134115029 276.40512259395655;-328.555989034569 121.80383806916782;686.905723268027 696.1332152097435
1000,10,10,LXSSA_REPAIR,1052.3743079363776,72101.40963891032,1.5685868486000496,,6030,6030,0,0,100,0.0,2,929.8667888508862 -81.88107296725005;733.336003475587 338.04338270765095;-479.24426222749713 677.9153133395702;-813.0816438137854 317.9836903530212;-697.5726105499527 -477.40663469507655;722.6799101330995 -468.07368322752046;-974.7143276170968 -0.1761193626863521;745.7885852952543 655.4588210625432;-256.0913221775057 942.5631648413608;640.6739834681512 -767.8129989613308
1000,10,11,LXSSA_REPAIR,1083.804553238646,72069.97939360805,1.5685868486000496,,6030,6030,0,0,100,0.0,2,-737.1078172509359 595.9150303753449;-818.4201504390201 -515.9507245501572;373.7341803336408 904.0709668315312;-48.20751723318611 -63.83904580262729;-63.09148105536959 -729.7832546663825;-717.670286065402 -75.58571521903627;-980.4977980674616 194.57169695820463;974.8494307540412 218.50162925986726;298.0973655412091 586.1697653880823;766.0489223408371 -494.6695753409126
1000,10,12,LXSSA_REPAIR,1221.9613073018118,71931.82263954489,1.5685868486000496,,6030,6030,0,0,100,0.0,2,713.5284000202038 -660.674703951828;-968.7385839777926 122.98237117499671;816.5582491958189 401.3741238072019;-156.54111424179249 972.967036831565;733.692643290168 88.71810183665127;481.5693344739302 -218.01501144705531;-269.99311582336617 -949.8556507970085;272.2043317262397 541.5432218298478;-344.38396403061387 701.0609356445976;-194.68602849389953 -651.1891348642081
1000,10,13,LXSSA_REPAIR,1350.7796911989426,71803.00425564776,1.5685868486000496,,6030,6030,0,0,100,0.0,2,757.5683330308377 97.07927771726084;-379.50935748110356 -243.52811556575034;16.163939270782915 345.9482404660803;708.6906741030522 -272.34040310846734;131.4954396068774 975.1979314678946;-471.1779077719553 73.90324727858318;-308.9888199081165 -553.2609211018497;80.96608111212836 -959.0239437095196;-648.757286801521 760.9717779244933;835.4189560585291 549.6136532675268
1000,10,14,LXSSA_REPAIR,863.3248562412919,72290.4590906054,1.5685868486000496,,6030,6030,0,0,100,0.0,2,41.81720746575756 969.3613539506064;-825.0698269694755 454.95613712483333;547.3088592047663 830.0055200535842;-831.8361167141961 -501.2409230538007;417.9066081630892 -867.6578169553704;966.1247867875555 16.63667469887247;-349.5037247078639 -13.575872147321864;617.2775385281271 -531.2905047635811;-975.3836506778683 -17.514438995288046;-606.4534610424234 795.1189845486433
1000,10,15,LXSSA_REPAIR,818.0543378333095,72335.72960901339,1.5685868486000496,,6030,6030,0,0,100,0.0,2,-551.6127829661955 -727.7020856030024;-517.2674288272947 855.8169139733684;493.6197975608372 858.3091852659481;627.5759826908449 -762.4504745639981;-134.09317925478578 -980.1968697151058;878.4068648084324 143.7660916517935;-837.5034717465385 106.67911422276151;-817.3083901812413 524.6355094948789;864.1674978182531 -368.1214004904461;-946.2956359544704 -323.30259722669143
1000,10,16,LXSSA_REPAIR,1609.3223520734027,71544.4615947733,1.5685868486000496,,6030,6030,0,0,100,0.0,2,566.7651069329436 -814.3138225422616;154.27829152018617 936.3089392571941;999.9999963979844 0.08487656297705043;-53.8933510539309 -978.5056236897545;-218.60903788943804 826.0874944484905;-886.4800616768784 418.36555499188216;-974.7026064592478 -30.277305785814097;16.92626321577528 -18.01205684645511;-729.4409358217542 684.0417239591959;-546.7670465117692 -837.2847764343962
1000,10,17,LXSSA_REPAIR,1425.5481666539708,71728.23578019273,1.5685868486000496,,6030,6030,0,0,100,0.0,2,-589.042495662321 -473.00361351614026;877.302392729891 -479.9380290312574;629.099168505976 746.9527688697844;887.6964223896327 291.46824854160343;-957.3556989935234 -253.13315756378304;288.7042646861474 126.68711872935991;-186.47338063224151 965.5234520580152;-71.99488218519868 -769.370514795435;-468.09120981388793 -883.6801566715022;-761.4592958186352 379.66486632549214
1000,10,18,LXSSA_REPAIR,949.9575056127214,72203.82644123398,1.5685868486000496,,6030,6030,0,0,100,0.0,2,-176.98329659281129 515.3966958605994;560.2550655027861 299.54528339404254;245.66080167576882 -878.1412025612264;989.1024232779583 -134.8689144974932;409.10602362207374 871.6220887439817;-902.8454734684731 297.69211002234294;-903.4727304233776 -160.59759232781042;-506.7184273837594 861.4550311315478;781.7192412710442 -569.4249052776449;-824.7101267681807 -563.502750644146
1000,10,19,LXSSA_REPAIR,1067.7349884942232,72086.04895835248,1.5685868486000496,,6030,6030,0,0,100,0.0,2,883.545468031669 28.259307468356972;-806.4374625932551 -417.1346722940652;278.5460179005911 191.37937933102475;755.840292758227 469.6618349791379;379.08151748932187 846.5132433540916;-443.74089410038454 866.4892335243841;435.30840127696257 -720.3741989471546;-312.89111513534044 -719.5334395021741;-928.1736511919394 144.30849375768832;-802.0214693504234 483.32916737851986
1000,10,20,LXSSA_REPAIR,1032.715876424918,72121.06807042178,1.5685868486000496,,6030,6030,0,0,100,0.0,2,458.47565658476753 693.6163369496314;-645.0127702655327 -727.7137170965268;-690.586705321285 14.718261182438352;632.4178482520283 372.3868826557861;294.42388079884745 -955.6749334451259;745.1877177843954 -343.332497785092;78.9438736769691 924.7063069440908;628.3748227228588 35.699077331117046;-761.9790327204903 -335.13781441478017;-794.4434931453128 388.86426547216536
1000,10,21,LXSSA_REPAIR,1243.4207185809355,71910.36322826576,1.5685868486000496,,6030,6030,0,0,100,0.0,2,-871.975152389758 471.0057629477967;-315.2220140276832 470.82805101679287;419.48933928528606 901.3935266579534;734.8928492195049 -164.74624534883216;-691.9099692330963 -160.90180126143125;-447.07697860227546 894.456024901171;-547.9744540755416 -545.3966508564274;829.1466556542555 -559.0311470905386;886.1948919843785 441.77633430590424;-517.0604771927659 119.85954406791826
1000,10,22,LXSSA_REPAIR,1261.0583183385752,71892.72562850812,1.5685868486000496,,6030,6030,0,0,100,0.0,2,-342.51763374201596 -440.1383496635518;-500.23612472644345 -734.2181295024016;-80.38484305412425 -987.4425040288816;370.3928154887089 -246.68974058463417;-258.31959126084325 535.9255358342471;-962.0382435176732 -267.28438157357687;-839.2101821493542 540.2522598395636;739.5850672894687 583.196142712695;-250.28786111707493 873.5695873735756;-937.5163948428019 134.85305221043075
1000,10,23,LXSSA_REPAIR,1209.3249386068492,71944.45900823985,1.5685868486000496,,6030,6030,0,0,100,0.0,2,-685.2657669842055 -511.0487641311202;-924.0540991053009 318.07355831676693;-821.0237947736613 -47.96280887926763;954.6026810564734 -29.195169756168305;699.9135439779621 -496.94363876281284;-395.6717380402259 803.478065022318;-150.11354315492795 551.1912406118073;213.96856572106162 -16.577238511762115;232.39964974338272 972.620379592754;475.27050223875676 -861.6182286472304
1000,10,24,LXSSA_REPAIR,1272.6152143488434,71881.16873249786,1.5685868486000496,,6030,6030,0,0,100,0.0,2,-168.42808637344345 -984.6764960454772;167.4684038314403 553.6318483836264;-161.75130787330684 -581.0204749245061;731.1143958263009 235.69377213145614;711.6732339437783 701.9547478219619;611.0710509960296 -140.12289416852434;-437.98262675018174 -102.49449383811704;-770.2048563877723 570.3516466616836;601.7214295062033 -777.4711765851396;-816.1787747987727 -575.8089197894828
1000,10,25,LXSSA_REPAIR,1938.6495182524668,71215.13442859423,1.5685868486000496,,6030,6030,0,0,100,0.0,2,-754.199595564375 -482.8463625734157;34.999345836747466 -37.976511324217995;694.6892188868301 709.3693173049951;772.5017555242736 411.36057519489094;160.9091092570229 986.9692287797586;242.10015038847186 -463.422158181813;-239.29023926469668 -191.7425384118087;364.5130080331881 -746.4747096039473;145.90251358630115 -989.2783024164974;-114.73010505430041 231.1803621946391
1000,10,26,LXSSA_REPAIR,1283.39145631461,71870.39249053209,1.5685868486000496,,6030,6030,0,0,100,0.0,2,172.9745050091261 801.8339156463721;172.6754361540186 -275.508308640879;-973.4077425964651 2.7663867243733082;-174.00997954956912 -707.7420496320821;486.84975798135565 -873.4857169257339;859.4431903666172 -469.26612983531845;-589.4523206868693 798.8116571433208;-819.8701061816339 -533.703007613844;-429.3784100726672 145.66546441438027;-94.10393446116164 501.7714152462013
1000,10,27,LXSSA_REPAIR,1027.0229315859033,72126.7610152608,1.5685868486000496,,6030,6030,0,0,100,0.0,2,706.2685673700561 692.8403263351478;-741.8969731384301 670.3895866732198;693.9184482708371 293.42938425144854;-536.832140549441 302.2661121254919;-739.7131005999527 -17.84764171584905;-924.1523729378839 -266.41266438626815;936.0400800251226 -162.00966055294998;483.5986023869791 -654.4822823537177;-112.93834907019375 -993.6019974362465;-732.659646493808 -653.3281869459695
1000,10,28,LXSSA_REPAIR,822.5328707903973,72331.2510760563,1.5685868486000496,,6030,6030,0,0,100,0.0,2,232.20731663743865 882.3393638772532;799.8649060613722 -333.5430451974392;179.89444371175813 -983.6859199569938;-743.1758299746754 575.1430335829108;-457.5519029781559 888.328965946103;932.8432405053829 141.44848179614226;-41.69430509597273 151.92306477046242;-465.92190990634634 -608.1146372586367;-923.8433108658413 -337.01521687786726;761.0077304119787 587.137658001925
1000,10,29,LXSSA_REPAIR,1220.9922350345005,71932.7917118122,1.5685868486000496,,6030,6030,0,0,100,0.0,2,-60.05107354921173 -959.1060747223742;-702.5854669838601 -378.50818864616116;1.8590910968897183 924.6580674641912;312.66243418821546 146.52333893976447;659.7808200782197 748.4976928265394;-870.9401190131554 428.98673106320086;-701.2573083314942 111.41383110817621;-587.4138490634548 -809.2833695028145;927.7441809710222 -26.192777043329027;-670.9962184683593 741.4594873019271
1000,10,30,LXSSA_REPAIR,994.3769540588692,72159.40699278783,1.5685868486000496,,6030,6030,0,0,100,0.0,2,-947.4045543412147 -260.18539470256417;-482.68504637818074 875.790933122493;-758.8650042628446 556.6200955010688;979.0208972863112 138.87394150191352;522.8255837709613 580.507156020833;697.3986764071324 -682.4403861000831;348.04828464479795 881.1966965663972;-954.1543803694848 213.9821768765589;-241.56746056122847 -949.9834211711217;-777.215669234471 -628.9756227502719
500,9,1,LXSSA_REPAIR,4340.066742553427,61498.338809608606,1.1251101516666795,,6030,6030,0,0,100,0.0,2,-404.36929379233976 -89.84595906672844;85.38270324677248 359.08098341851957;263.9933111995787 -259.9854527393616;-448.6480518401785 214.96072454961757;-220.4623228748928 448.77206262489926;-118.0398261048304 113.10601653621404;422.2479331553993 261.2197590696917;19.01696129132807 -499.63822430158814;486.5868067268356 -40.32343392378323
500,9,2,LXSSA_REPAIR,4048.8626147291134,61789.54293743292,1.1251101516666795,,6030,6030,0,0,100,0.0,2,90.55569799480882 -212.38716804824534;-362.61093688511465 230.5310969611271;340.30233260878134 46.688056601381355;-145.87948465179045 -469.7631567975802;-258.3618407615125 -118.16320681276282;398.2319150913063 -301.81690504781534;-110.60935034582539 487.6121083515921;-3.5559501307755443 135.3903307476015;249.58845840568006 394.50897226271013
500,9,3,LXSSA_REPAIR,3913.7701319941407,61924.63542016789,1.1251101516666795,,6030,6030,0,0,100,0.0,2,-404.2434172866032 222.3804913465748;386.8799873921139 -316.09748370385506;57.639444312478666 -227.15612886188217;-161.70548118874876 -473.12930299603636;306.98270699427803 32.66929169694012;-52.39950520705457 127.0750451795573;-306.7942391156084 -126.28859651961446;197.78938177228991 387.0166704323311;-141.49825992863626 479.5544519150261
500,9,4,LXSSA_REPAIR,3797.9410627686593,62040.46448939337,1.1251101516666795,,6030,6030,0,0,100,0.0,2,-417.9852127686526 -274.38546934377496;-303.0606798838631 396.980798372396;415.39172080416154 268.4868424461563;14.712190678471764 -158.00708973735868;355.0701964538722 -352.0300492716617;-63.03104324221097 -487.8037761834512;-349.18618899691853 46.06657555545662;498.3874981575727 -28.120138644914757;41.70592135101721 497.2749063286065
500,9,5,LXSSA_REPAIR,4087.136599938327,61751.268952223705,1.1251101516666795,,6030,6030,0,0,100,0.0,2,-293.0745541292996 -14.336798310196079;499.9992018592014 -0.03191942483544291;-7.091780968712 499.94771859811004;126.28012672850028 106.22985388152169;-29.54962030629376 -494.792430954071;324.1087435918661 -380.7273602815943;-389.5850715908275 284.69839549374166;344.20277045405743 327.0321121955111;-3.581890313426121 -177.0725499708509
500,9,6,LXSSA_REPAIR,4504.065745938467,61334.339806223565,1.1251101516666795,,6030,6030,0,0,100,0.0,2,293.31669923006956 -254.19418436293444;-263.006468008603 -406.20388518158074;175.781132047279 75.0591347915947;-207.92357494196742 454.7172553341185;-122.60270946292067 151.4206755067733;-44.319178421869175 -157.18637487762777;-425.87024752071585 231.64167994709135;498.0257068513426 -11.241985075737519;74.4512340395128 -494.4162187272176
500,9,7,LXSSA_REPAIR,4483.438118631631,61354.9674335304,1.1251101516666795,,6030,6030,0,0,100,0.0,2,-413.3511543592271 280.1058499866733;-56.91707546358997 176.46836324703776;470.8779554681123 -160.1502023205324;210.96416198559407 -449.9165645776296;-468.52271202181777 -173.56564283618732;39.64277628086361 -160.23937879156387;312.4536484933333 390.3494812897854;-213.96433551313643 -446.1072574874382;-48.76232366005061 497.6165549811144
500,9,8,LXSSA_REPAIR,4681.060272184164,61157.34527997787,1.1251101516666795,,6030,6030,0,0,100,0.0,2,-166.0172369856085 -332.22170252952895;115.79392413842476 162.10578830972153;-447.49393049527754 -180.43351424101155;107.00807391765132 -487.8482855873583;137.45329456708546 480.66983483687176;408.1937204346172 -12.62393326169876;-163.2326634621782 -6.926621782555035;-437.67074911515874 162.34354701574082;-147.83779148461846 326.7493233535809
500,9,9,LXSSA_REPAIR,4009.381749007924,61829.02380315411,1.1251101516666795,,6030,6030,0,0,100,0.0,2,-343.7907405460363 312.20349669370404;-23.528050884412377 -248.50963712212845;-39.63214397273961 138.02348158264505;-289.2652877222706 -407.83034869777896;-382.62638486123893 -52.791554260082485;288.23806590619847 322.2565717849555;302.85063262250736 -60.8789544393124;-9.51409047760609 499.90943139440816;274.1275958117563 -417.34222142348955
500,9,10,LXSSA_REPAIR,4205.430497084351,61632.97505507768,1.1251101516666795,,6030,6030,0,0,100,0.0,2,135.7004737027333 448.6178470650232;401.39990405598996 292.8356276058187;491.61130324317116 -70.26131711090547;-284.59337928648824 -408.17488478803693;-379.3541591704885 -108.63968703666583;-234.19982470548607 441.75738968425514;-192.04941180934946 136.47263210983596;157.7185994975594 34.39765694450665;32.396046115565305 -498.8039637963141
500,9,11,LXSSA_REPAIR,3673.175559300784,62165.22999286125,1.1251101516666795,,6030,6030,0,0,100,0.0,2,474.29646276396346 -144.31744218075914;-456.08538867679886 204.58092454921112;-473.4590455621459 -160.61854931611956;-112.33063336777863 -487.2070007573817;185.63959196217965 434.42060186111473;-140.40144131956177 20.950286670612133;-245.14456111270442 433.65626647094007;418.58950679754935 188.4285847994131;282.41677984678256 -385.24520835892736
500,9,12,LXSSA_REPAIR,4178.926855985766,61659.478696176266,1.1251101516666795,,6030,6030,0,0,100,0.0,2,283.32201976433896 -254.3976350794632;-199.70058605403676 458.29813843684826;198.62242253203559 64.93239826823765;107.02152770167123 377.95534394573394;-340.74547740357065 -79.29712867828401;497.9966057576291 -23.997742368904184;-116.24644623489884 158.26820777193012;60.76614484704639 -496.29206963303744;-279.3534223764474 -407.2502166302823
500,9,13,LXSSA_REPAIR,3979.5989887834,61858.80656337863,1.1251101516666795,,6030,6030,0,0,100,0.0,2,217.8404849106129 445.0780643866867;483.71820863416787 -89.99861216808262;-468.17459945117815 109.44630655819121;-3.5840538010603336 -216.3270993503819;-245.43810265894683 435.60045051373396;443.47687738404943 230.01868523291247;-205.9926371203268 -455.55146804286346;219.65403679687913 -449.1682358747502;81.03509979678958 126.51358514375951
500,9,14,LXSSA_REPAIR,4295.383036757805,61543.02251540423,1.1251101516666795,,6030,6030,0,0,100,0.0,2,281.89145404121564 412.9615092699672;-361.08832512182147 -169.69503294607748;126.97633282020318 -462.23991383808556;-204.46678773855734 -455.791747636963;270.81953343837256 -183.65299632266454;-246.65608168963732 116.26277378940947;-77.42025566442973 419.96418844714583;110.64151786905555 110.06948614384082;460.5852725098514 101.17434222855616
500,9,15,LXSSA_REPAIR,4876.3250345247,60962.08051763733,1.1251101516666795,,6030,6030,0,0,100,0.0,2,486.6063049153735 -114.9534638789908;-318.5016875565852 -385.43040823327686;-154.37836009305403 -114.5421543550381;-328.08666779581324 182.25524737177898;35.14429350874126 179.6870232475528;308.31008735652057 -391.8804979029157;163.62874030070128 -115.18075765284564;163.20154882384998 459.80406440514287;-486.06648248849507 -117.21165937286136
500,9,16,LXSSA_REPAIR,4487.269351303374,61351.13620085866,1.1251101516666795,,6030,6030,0,0,100,0.0,2,-1.3575583834996405 191.52515469011615;-3.2780707445298094 -164.87396527476218;-322.51678875922516 382.07711390298863;1.8608241408419928 -499.9965373215267;292.32001675439597 10.111237184998304;316.9122199831469 378.04403343344427;30.952520441669197 497.9284951360058;-325.2320272899995 6.935094739163522;300.8890653296836 -330.8262284223883
500,9,17,LXSSA_REPAIR,4099.529244148507,61738.876308013525,1.1251101516666795,,6030,6030,0,0,100,0.0,2,461.47829448663 192.45136691400913;-498.0577378092282 -29.245784447525665;98.46579611755683 -31.042024791185597;276.87307393135853 -382.22682573709454;243.20534437909328 411.8481078028214;-391.5099247086209 259.7477410499588;-376.0934659600161 -324.5156113530974;-67.20055133745467 491.73617572659435;-94.05758200112145 -491.07348587559096
500,9,18,LXSSA_REPAIR,4072.083494070037,61766.322058092,1.1251101516666795,,6030,6030,0,0,100,0.0,2,388.49308506806295 -304.4961030888045;-418.5462637646732 273.2273562133778;410.7558837378201 30.96359893919725;64.84525400876967 -493.3365741697617;-175.89706120276924 35.861584122915346;-95.8234379847588 475.8491513832282;-496.70929958736133 -57.18166590505607;-244.0191367480124 -310.3940117869471;193.8650901504662 276.19429535832637
500,9,19,LXSSA_REPAIR,3951.914839875666,61886.490712286366,1.1251101516666795,,6030,6030,0,0,100,0.0,2,480.41252383784246 138.57491798041949;124.81171241802978 -473.5541769563581;-363.71747415854765 -342.97257162255164;286.5838203184522 377.93769051399545;-371.27076708748285 334.8998066541278;167.7480514000605 -35.89354388365639;399.3343353509826 -297.87796072171017;-450.5172290507731 -47.45619859839302;-101.36821949810785 486.1569023610764
500,9,20,LXSSA_REPAIR,4329.142460219067,61509.263091942965,1.1251101516666795,,6030,6030,0,0,100,0.0,2,407.03141443905616 -289.3341994976145;-235.73803704545293 -107.37179536609447;-18.824974837181916 126.8395595259259;88.30977456028776 -194.46515309231117;-133.02743808693813 -454.0756747955298;-332.32338291688615 214.4876527870816;311.7069910045503 47.697726067483096;-106.80076180349931 488.44719198302295;256.2234668971538 385.3894533921167
500,9,21,LXSSA_REPAIR,3988.599215445087,61849.80633671695,1.1251101516666795,,6030,6030,0,0,100,0.0,2,278.69675109104685 123.30778775518408;158.44751254981085 470.8027784093548;-72.41605465864099 214.19090121808205;384.97140704466756 -229.71622089362535;28.204386824125 -134.8732624918782;142.9939849815198 -479.11660403194634;-318.2442831065883 -44.55074744627534;-396.2841354633172 304.88815171413046;-209.3394696728859 -386.8795627427611
500,9,22,LXSSA_REPAIR,4678.773324578564,61159.63222758347,1.1251101516666795,,6030,6030,0,0,100,0.0,2,-247.43534633479396 433.31772101607544;9.207822599250814 -499.82901991239726;-78.03783395408539 -201.36138270979063;466.54059093019896 -46.9026131745327;146.74178799667862 49.83014335283913;-398.2237777309226 -98.03210347070083;64.26223692404162 352.8943373452473;361.75979672635526 271.9367138236936;238.90171727106735 -289.90511266371675
500,9,23,LXSSA_REPAIR,4539.399600345751,61299.00595181628,1.1251101516666795,,6030,6030,0,0,100,0.0,2,-343.47460258949116 -334.8294678453381;-337.4395208060834 -10.303122029905266;-50.40139570711259 -497.437623544271;-45.03486264325705 497.96773102953466;259.22005085641115 328.9379317838127;242.6723422777143 -336.0547201463593;-53.72822767384827 -164.66184509056248;-354.05349962046347 328.80546327997416;-50.193084864552596 155.1888012076284
500,9,24,LXSSA_REPAIR,4118.705052636491,61719.70049952554,1.1251101516666795,,6030,6030,0,0,100,0.0,2,310.2749428573677 392.0834857971669;352.9057751837695 54.551268863342685;-245.25398063508214 402.3440700346716;43.22017094310414 235.7638942026603;371.06029811935593 -316.3417898148461;-276.12769046478354 58.11464386606153;34.03430355974368 -126.52599879794823;-297.34444176166596 -317.03973387876533;15.916645319852316 -499.7465961882702
500,9,25,LXSSA_REPAIR,4263.493229191234,61574.9123229708,1.1251101516666795,,6030,6030,0,0,100,0.0,2,-236.14521894060678 314.41449935993705;375.7678767707893 321.3521233028137;48.770170209422815 -208.28833042423722;367.9475184678103 -27.328869226978355;83.08190383140193 492.8845500846924;-254.54372519199717 -379.3405483892358;57.64543298137 145.28067743263878;330.5301115724424 -375.1664235294901;-257.51834006796093 -31.24788692973055
500,9,26,LXSSA_REPAIR,4683.807960705984,61154.59759145605,1.1251101516666795,,6030,6030,0,0,100,0.0,2,-201.94977597920322 -407.73464468575247;112.8819107751009 -486.895981031616;-157.18360789342933 474.6198293779173;26.204485489887343 -172.92305062749992;330.5713290625211 -256.8003135037443;-59.77757901511023 147.6640901008795;-273.8114823622928 -87.58235901933563;171.06868080787086 382.70613738102327;246.80634414405523 59.868755041843315
500,9,27,LXSSA_REPAIR,3472.3272016577976,62366.07835050424,1.1251101516666795,,6030,6030,0,0,100,0.0,2,61.86719122450516 135.5166656901084;-327.55894967468555 361.84366522494577;286.38412043814543 -226.32467146265083;59.25225831150732 -495.1780210113593;499.1266140412498 22.66623615584362;-419.18552981657047 -6.233952318955656;73.10465832787717 488.63034652176674;-312.84102148207063 -389.9923883879303;380.60523155838285 319.69444665646574
500,9,28,LXSSA_REPAIR,4003.3785999942775,61835.02695216776,1.1251101516666795,,6030,6030,0,0,100,0.0,2,-154.62751166061452 475.48858031526174;331.43751053553035 -247.6793428786479;-370.8871025309013 230.63034069887502;255.41221211573745 50.79550049173399;168.5275335423665 383.98943495314677;-276.87494406909383 -92.27746309119603;-212.93970529912485 -393.74667710406476;-60.49685764792813 140.31295213983313;120.85249406027224 -485.17486646620347
500,9,29,LXSSA_REPAIR,4696.238508494229,61142.1670436678,1.1251101516666795,,6030,6030,0,0,100,0.0,2,97.34519266563659 147.47847691773703;279.7044133557444 -401.2755248349778;-206.49111642338343 455.35728717497267;426.7147260552376 255.604100443516;-68.63540851743481 -495.26677730052194;10.025414825125852 -157.31571907727724;406.98492157265036 -51.76332796599996;-322.6381493139999 -252.59207356280382;192.69808315448785 457.0228868322556
500,9,30,LXSSA_REPAIR,4056.9154363280095,61781.49011583402,1.1251101516666795,,6030,6030,0,0,100,0.0,2,206.49309350334133 -455.36337555735406;437.4164160088378 -137.5277670008575;212.78165874901734 442.42827609168774;-196.75733681635245 -150.01937921872238;443.4948671286266 229.72859375018376;-463.34705401214484 112.24168037931614;-239.46003456577466 437.647068887416;-158.6877991282128 -457.2615471205336;47.52843575955246 120.19244379079585
750,9,1,LXSSA_REPAIR,1282.568677005067,64555.836875156965,1.1355158776666334,,6030,6030,0,0,100,0.0,2,246.08036999537865 100.21188363457222;664.4699721519535 347.82129519310587;-450.54841648389396 -596.6018075837252;672.0950821008099 -325.031927820961;-563.354903943429 331.4750342491853;51.55636114480866 -734.964850495991;-310.0809110632625 628.9937324016797;-407.8505963647688 -282.17265046624584;413.3811771032952 616.5818666317421
750,9,2,LXSSA_REPAIR,1840.673998869679,63997.73155329235,1.1355158776666334,,6030,6030,0,0,100,0.0,2,-641.4673214702497 61.96439293683271;-138.11725675791465 691.2852464227445;468.821933384075 -585.4109622974428;-224.14083431315814 300.7119489248922;650.1645895330266 -256.01570834099766;658.7610634572022 58.024192099621374;152.17610070170943 -404.09737424800807;-464.02984129402086 -574.2069763178891;277.1671254448253 445.6876303885971
750,9,3,LXSSA_REPAIR,1314.046195424482,64524.35935673755,1.1355158776666334,,6030,6030,0,0,100,0.0,2,-707.6692720275303 119.3624765444371;693.7272316023935 -281.17425113413634;670.6348197429909 139.75181721854528;383.46741206887316 -615.8368299209936;-702.3856929982583 -262.7050367318251;-148.67056103617148 712.2946375034568;-347.7908272463412 -610.097876597564;-542.1949245060548 478.7086038553482;549.6661428943345 510.199130869461
750,9,4,LXSSA_REPAIR,1876.2570616683731,63962.14849049366,1.1355158776666334,,6030,6030,0,0,100,0.0,2,-66.27675450507621 721.4388866520209;-592.9375134514515 98.93823059658536;-102.24373418221474 230.67654686863153;-515.5614289826556 460.12484696754706;467.81596821858005 -105.91515541537794;-112.05782567777744 -414.42654932767937;-333.9546454778319 -652.957931279494;478.6430540018796 398.91695188152374;495.2275833188856 -421.97857900704986
750,9,5,LXSSA_REPAIR,1836.4192050702404,64001.98634709179,1.1355158776666334,,6030,6030,0,0,100,0.0,2,-598.7272092485197 -404.8184079818746;144.1294290060127 -735.687615152045;542.2476982967172 -114.63061526420627;-358.5748697143351 401.49864028878324;-682.2329898144299 -108.31646787377;465.7786789375289 587.8071001903114;372.7016560337722 -396.5151784887562;-44.23577284838213 737.7848952368828;-65.54380941863528 233.3458371924209
750,9,6,LXSSA_REPAIR,1521.9404089379825,64316.46514322405,1.1355158776666334,,6030,6030,0,0,100,0.0,2,-593.8136812086202 -391.6557354707234;554.6055811825393 -59.38215113546306;-328.6843486325093 617.374589413228;-513.358339842139 317.2494811772285;436.95240992259875 608.0651243261825;-552.5136615886879 -86.43726977049833;-34.8018971780328 -394.67043341929184;171.30285488317818 316.28119990303276;124.45733547162546 -739.6013815575275
750,9,7,LXSSA_REPAIR,1849.5540239202676,63988.851528241765,1.1355158776666334,,6030,6030,0,0,100,0.0,2,633.5442479004457 -382.0302103393684;-110.00212872382218 -208.4891630092863;662.1669455815552 -42.074434739735196;204.08889119690866 373.98742726457317;-204.3132533571797 132.36367791906426;-18.556356283546883 747.7498858589354;-215.7970712564689 -609.484761571955;-654.2525980339416 -361.24686250307315;361.535395762569 648.4574530340439
750,9,8,LXSSA_REPAIR,1565.27813874164,64273.12741342039,1.1355158776666334,,6030,6030,0,0,100,0.0,2,-243.60688626891132 -72.29048856747278;-355.0478216398094 -655.9874651915324;-588.7658202648793 -419.1335972390142;362.5445659985097 -653.6497495020061;-747.3203343568986 61.529539659674;252.3682353456715 60.96803009627594;-649.6534685702372 353.63476158975664;-398.86048041801 631.0427331457734;523.7014889706649 370.88460561677044
750,9,9,LXSSA_REPAIR,1587.4685388895596,64250.93701327247,1.1355158776666334,,6030,6030,0,0,100,0.0,2,32.21168943680297 -358.7742307344967;675.155062928756 325.82016665316564;-623.8525560478193 360.66536573020977;10.578045739706196 725.5262004629444;748.638913338682 26.71461268554418;-132.64011798645436 66.23642654501991;-291.7818812453023 -681.5437404106033;-589.2302663520977 -187.02873904253755;321.997587465457 -677.3607263979993
750,9,10,LXSSA_REPAIR,1788.0687305364845,64050.33682162555,1.1355158776666334,,6030,6030,0,0,100,0.0,2,741.1448881933927 114.90976766490907;103.43226985240992 493.56672660695284;39.94172891720514 -718.524887929384;-744.2016150696669 48.91105013254966;-429.4534236642733 -586.1650810098973;677.6577366814046 -321.3495593637874;-639.0121753359584 -356.7372804685244;-569.0359935250269 488.5673321794913;198.07114405901874 -187.7153312081934
750,9,11,LXSSA_REPAIR,1382.6713161165608,64455.73423604547,1.1355158776666334,,6030,6030,0,0,100,0.0,2,-726.014488745564 83.71327194922365;181.56029603624387 692.4070628962579;509.7325522166842 119.92596603003511;613.9056386767552 -200.70233940846185;-43.46502519574275 443.43928123810593;175.15330500138782 -693.8900358587514;608.1291033626512 438.9486852355476;-598.4811168983003 452.0110373263275;-570.9207399076101 -486.30492881507615
750,9,12,LXSSA_REPAIR,1691.2001819130091,64147.20537024902,1.1355158776666334,,6030,6030,0,0,100,0.0,2,-672.302285035511 -293.19242061845176;401.02580132547234 514.9317563291847;215.65979770147993 199.3263141873085;-291.41000784501733 691.0715790808014;6.356963368770326 -699.5328231580743;20.047863739560416 -113.67037245579662;480.14205171104527 -564.7271383729264;-707.0308942322832 250.1997638826069;739.3780279278511 -109.36886018568762
750,9,13,LXSSA_REPAIR,1884.7877660339584,63953.61778612808,1.1355158776666334,,6030,6030,0,0,100,0.0,2,-389.0776071663277 -357.75503810320504;192.26723213073117 724.9367637585967;-20.662845417450917 444.29638148729947;-490.2834555297759 315.0826084706924;224.8931525692646 -513.1199305679623;-157.74663954274735 -733.2230204466922;-317.8093510592341 26.988143833345386;590.7498058605887 60.82036332756063;393.28933414363394 -176.89771411087938
750,9,14,LXSSA_REPAIR,1895.9333740011425,63942.47217816089,1.1355158776666334,,6030,6030,0,0,100,0.0,2,-575.8680567929107 -476.75734860752027;713.5000185333208 228.23862254556587;-315.58137858784613 417.6271536824013;-569.3450501220334 -95.88408491503473;233.74359157152054 99.28249224720572;353.65601807780536 592.2181045036772;233.6937427563306 -506.5723536833899;-165.3575491427643 731.0159019033637;511.91896765503157 -170.48460485119818
750,9,15,LXSSA_REPAIR,1533.6121286486668,64304.793423513365,1.1355158776666334,,6030,6030,0,0,100,0.0,2,-127.75029470247749 -690.2107205187527;169.71199600969376 728.623224419437;558.7040685679559 498.0283409000177;-639.9093837605284 -385.5436501747056;728.7250817378874 -177.36898050704707;54.27137711762464 -364.2154236339242;-734.7598303688155 150.42603390500432;-491.8235656668651 539.2594690716899;556.8340159359323 -501.99698690540805
750,9,16,LXSSA_REPAIR,1884.285824120554,63954.11972804148,1.1355158776666334,,6030,6030,0,0,100,0.0,2,-212.11337268799153 308.62118685401947;-192.88274437168803 -368.128642575127;409.2698837814277 306.5191599447952;-552.9421568335065 -153.1312595985035;414.3420155333645 -373.33008620182875;180.23239261861198 718.8675764433448;-724.5345167744997 180.38449636691027;-214.5785046775732 -718.6480894055027;-453.2559812245344 547.2372938071223
750,9,17,LXSSA_REPAIR,1545.8609786713496,64292.54457349068,1.1355158776666334,,6030,6030,0,0,100,0.0,2,-479.534693198978 335.31063152630423;81.10050467505876 -715.5399265343991;-215.9054893610677 -134.38655637739802;266.3286941465374 341.09586932478703;541.6921464988591 61.544038533408845;-666.1152043355866 -274.0465322454493;-505.1544791953407 -554.3635559349876;265.3589094354254 701.4874547582741;454.57982433184037 -314.3065009520833
750,9,18,LXSSA_REPAIR,1695.1421822844711,64143.26336987756,1.1355158776666334,,6030,6030,0,0,100,0.0,2,137.1066822242082 -326.5566680844865;639.8635747118387 -322.7637888742822;-630.9509081483296 306.03922912545477;167.2627858923059 505.8048008746969;-513.3180717589665 -508.45068870686487;-90.94551492946631 -740.0505794972682;-746.7967142176886 -61.1396867249408;699.7785570846562 2.6831915723563315;-382.22263351312546 645.2951715535232
750,9,19,LXSSA_REPAIR,1549.7807298040934,64288.62482235794,1.1355158776666334,,6030,6030,0,0,100,0.0,2,566.292197580824 446.99088567233457;-339.4984937569102 -207.21741048447493;530.1816083133456 -505.226346398021;700.5874703092936 -187.46827737145793;-541.5029558285089 498.60600737537004;-469.39806431566467 -548.17027223402;-92.4239659734744 63.183520687853616;-75.16087474976275 -663.1481228493315;153.23646421177887 699.29365691154
750,9,20,LXSSA_REPAIR,1665.3633354751,64173.04221668693,1.1355158776666334,,6030,6030,0,0,100,0.0,2,-0.12759410793257403 -202.26454768569974;-200.90399730083203 693.2486132818971;746.5943485113299 71.39242796643623;505.4582955619987 489.7425833449038;278.65049183159374 205.7321031652797;-625.3759907527734 -360.32369333099444;711.6422987671917 -234.61854894252875;-599.6105612818168 450.51294685547435;-41.38007911001817 -695.9343862458514
750,9,21,LXSSA_REPAIR,1135.099454726398,64703.306097435634,1.1355158776666334,,6030,6030,0,0,100,0.0,2,-355.33091929662356 642.3028538652019;-27.820464574997597 -66.92128588250037;-724.4641885648122 -45.79943947573152;384.5110028670029 633.9606422471334;-671.1026110718193 308.9949748788491;-374.83900121933584 -649.5791830615087;667.2047508878915 -294.3778576415373;318.4165700948359 -656.2688454930139;669.1868520210714 337.21726363246563
750,9,22,LXSSA_REPAIR,1888.473091344604,63949.93246081743,1.1355158776666334,,6030,6030,0,0,100,0.0,2,-378.5635818195824 478.7994226671883;544.6572674218238 -492.0086424429688;-353.9118512980114 85.19637311039311;-245.0407650867354 -503.17077470102754;402.9763776095953 282.7688627681478;-193.11437554740488 724.7111814853046;692.3588350266174 -212.70952952214577;-749.5827166121875 -24.99916735059066;-386.2349354830637 -227.42397714944383
750,9,23,LXSSA_REPAIR,1406.6408455602505,64431.76470660178,1.1355158776666334,,6030,6030,0,0,100,0.0,2,281.26195347247983 -690.8755168805158;-364.646080196818 246.00253775410349;-187.3088516918046 -560.3276303899348;123.95956003279791 -38.45602797956806;-478.8624547616683 577.2267746905277;125.96918489898036 739.3454973528185;649.9774116259971 261.40227336010685;617.1469670938944 -328.70830957456127;-699.498820244218 -268.1713768992525
750,9,24,LXSSA_REPAIR,820.6308319370219,65017.77472022501,1.1355158776666334,,6030,6030,0,0,100,0.0,2,-739.4684508929413 29.126644561501358;18.08352386310862 22.90767748356128;638.8079980007714 -358.4483811426965;621.364437934198 384.3366046821268;-586.0029472215972 384.2123283042426;-638.1442425401501 -357.1127945028507;-327.47625800502067 673.4872504274342;728.295160150765 19.518425963338416;13.03983479078867 -723.9357821114536
750,9,25,LXSSA_REPAIR,1503.433526986344,64334.97202517569,1.1355158776666334,,6030,6030,0,0,100,0.0,2,-746.9350586630956 -48.52908460521584;120.34046646702824 -697.0237722427293;336.8573128681225 -331.48538755679925;-315.25502223649397 416.2156325340789;-472.571746166633 -328.3866530746553;398.18243043442783 623.3718906329141;584.2330574805007 -40.93445765576463;-49.6780035455877 748.341219526571;647.2660596389235 374.6972409696773
750,9,26,LXSSA_REPAIR,1814.8448326204236,64023.56071954161,1.1355158776666334,,6030,6030,0,0,100,0.0,2,-649.1497261273354 291.1432058706843;-226.24384940833082 -179.87494635482477;-228.12872852606733 714.4629334129797;-113.14349548045631 -615.4971061390431;546.7655518754881 -211.3532669697528;-543.0627209987927 -502.33279115833903;-133.06879419092738 147.07755670251566;157.9548349149135 494.2359477614573;669.5891678894205 337.86143053795485
750,9,27,LXSSA_REPAIR,1571.3138734515087,64267.09167871052,1.1355158776666334,,6030,6030,0,0,100,0.0,2,688.3257970770542 265.1234562229539;-456.25376802111305 232.11160754678937;312.16890960568367 645.2072757010682;159.91258797858936 -732.6946479309273;-399.89185702885356 634.4148796131329;522.5634250853833 -370.0001249132205;-461.8104519544337 -368.7889952593478;297.71887730083677 -150.44629918146845;-692.1140645791244 -129.65690667468425
750,9,28,LXSSA_REPAIR,1526.5662863618927,64311.83926580014,1.1355158776666334,,6030,6030,0,0,100,0.0,2,-694.0608516074888 -228.20783192715015;-34.59815718768354 -49.12772506275608;-601.3105144931029 108.97659946691984;-560.6333909831388 464.1292105983887;150.59545498907886 273.82512913356743;-42.7759683974589 748.7791507031026;665.1539047933586 -226.48408490483047;490.4943028653027 472.4307751498004;491.7053294431362 -566.2844959006173
750,9,29,LXSSA_REPAIR,1919.183142714552,63919.22240944748,1.1355158776666334,,6030,6030,0,0,100,0.0,2,345.6801108582442 -20.063798454008523;-471.88879177563456 -245.22647400714158;-705.8537341966563 232.54723973971088;-182.70362224020602 521.5213351142312;580.1526758100806 310.6906559064624;511.40705374468837 -545.6266079871979;178.35328259124512 728.484801892893;44.46432217181079 -543.0229267629572;-354.76758084854526 -647.6736887241016
750,9,30,LXSSA_REPAIR,1175.2423113830591,64663.16324077897,1.1355158776666334,,6030,6030,0,0,100,0.0,2,-230.79484426653877 699.13992141927;-622.4788062907022 -227.22185169710053;-724.7751877829635 181.85731661763893;30.24794002594696 176.28370856603573;207.5758369949464 -718.5407954411244;687.7705180214398 -197.45571064180666;720.4403648602259 163.70131939856896;-517.7894309910731 -516.8839581787275;180.3988017079569 463.8868804301495
1000,9,1,LXSSA_REPAIR,844.402720742466,64994.002831419566,1.190026836433329,,6030,6030,0,0,100,0.0,2,176.42016213672727 -984.2224833011666;142.1279915114345 229.9887597689052;-842.6195094856408 -375.1181425698162;-288.53764884238166 669.0908864981894;993.2796125275362 -3.996437745528405;-96.65448287073629 995.3171364613672;-984.7094239356311 -47.2220005218942;-295.8421081678621 -702.378998171537;665.0818800324857 -698.753249437538
1000,9,2,LXSSA_REPAIR,690.4999344722673,65147.905617689765,1.190026836433329,,6030,6030,0,0,100,0.0,2,337.5716804023609 -771.0305562271144;-766.1876962954777 278.6309131120656;-416.32610955305296 903.9973468213782;297.0786719592529 894.989941152663;748.6508163560591 629.2602980361023;-119.78475279625812 -335.43173147677476;945.4592338558086 240.32559147492918;-937.8769911485109 -337.9092435545606;-301.3045034636957 -950.6268712624258
1000,9,3,LXSSA_REPAIR,1080.3749273899955,64758.03062477204,1.190026836433329,,6030,6030,0,0,100,0.0,2,699.0052172655797 713.3704615255409;-259.33496234482897 879.6964677852258;554.7065640433757 -731.5093986110854;184.94562641774914 871.4378429476976;966.6093609271078 137.74021313977144;-661.2210709116167 -348.93035286806736;943.9572321095278 -329.50681157204224;-679.5474997624585 -733.4123107019298;-245.6995068321627 436.61673860549627
1000,9,4,LXSSA_REPAIR,975.4615752867394,64862.94397687529,1.190026836433329,,6030,6030,0,0,100,0.0,2,-345.4089694373291 -153.35210282477797;409.72599152182096 266.4558733943242;974.0820341984452 -73.20497059741;-63.946363939109 -991.7960218352072;17.49707081149898 999.8461189202337;-788.5434195662168 -596.8794255293118;273.0210292002435 565.8925099424326;-777.099069925652 568.8533608671758;-941.6134727846161 -0.7245036822784832
1000,9,5,LXSSA_REPAIR,881.9449273547361,64956.460624807296,1.190026836433329,,6030,6030,0,0,100,0.0,2,196.99673667358823 980.3983653711991;701.7295119507305 207.84883678877816;-507.315384439935 566.2329663125893;805.594894910392 592.2501754281334;-324.6459566316993 839.9342772427533;-431.89682429698536 223.49037847379782;-204.69558382526773 -978.3000912448362;-452.497641035392 -132.37766174892064;-466.401710800723 -511.7149751822534
1000,9,6,LXSSA_REPAIR,851.1327415938867,64987.27281056815,1.190026836433329,,6030,6030,0,0,100,0.0,2,-154.33590390386246 -33.84382486154349;708.8903018740873 -279.06407216962856;-790.9108536630033 -400.3358954989028;-322.63055328740444 567.7557276529834;-943.960692936676 187.92508736057988;23.548265540031537 -655.7100821836574;127.33004768450436 -956.1452883722495;835.6504145565715 548.3735436692185;79.52115312165849 986.9261886953868
1000,9,7,LXSSA_REPAIR,612.6626676748492,65225.74288448718,1.190026836433329,,6030,6030,0,0,100,0.0,2,461.73682695847305 798.39388944678;-619.85222291864 -742.493551742334;-544.6905432457509 812.389544985569;-32.7045098301845 -910.9240904545392;795.426316080299 -390.48141562279284;569.0255174085116 -751.0969613520729;-884.0188200826049 51.177580269676426;802.7440541748015 93.8212624366884;-644.9197144685357 473.70367052288054
1000,9,8,LXSSA_REPAIR,503.6975288870017,65334.70802327503,1.190026836433329,,6030,6030,0,0,100,0.0,2,695.9608602062856 -718.0117653634017;-734.8046986081106 675.2648086617793;697.660390633757 700.1641779180898;-941.9782170193722 -237.51073488332352;-667.5141769062111 -718.6038154443846;217.73257431815256 -224.65030428397816;-237.93574176918386 -971.1074836785263;972.847817098749 200.33617225208857;-256.69431222753286 953.7697052747062
1000,9,9,LXSSA_REPAIR,759.5633309108089,65078.84222125122,1.190026836433329,,6030,6030,0,0,100,0.0,2,-784.00256072604 585.4335280676119;802.7632748496578 342.6605022602317;-120.60334448214792 -174.98689248369737;947.2552701071957 -193.86279363181268;267.0750395021723 884.0906330137642;-329.0008881671253 -944.3289668801303;-455.6139592189298 -524.9601370755952;4.280380995135879 348.2192080122098;310.8639547858537 -948.9838317534885
1000,9,10,LXSSA_REPAIR,745.9528435055399,65092.45270865649,1.190026836433329,,6030,6030,0,0,100,0.0,2,-306.130290670685 -255.22100829905753;-159.41998361871347 411.44242767163865;984.4658047223328 47.31936628062502;-670.0490038311098 -636.0753516355084;515.7179516738955 804.5467045281458;888.6113272377754 416.1376134931407;-995.6673602993706 -59.618655199792265;811.314929087215 -584.5564486867145;-33.221357142949316 956.383723134676
1000,9,11,LXSSA_REPAIR,1019.2976835604204,64819.10786860161,1.190026836433329,,6030,6030,0,0,100,0.0,2,-534.4475455379506 363.23174260553867;-232.39632277116644 865.9377664575892;-619.9175064766409 -784.5075762303262;-331.10222922648177 -473.7286685447505;757.9045068419828 -455.1383322008243;592.2834295744267 390.7420935154139;-80.38579017581428 -929.2396263930242;-648.8829648792632 74.86559732948385;-878.8041724882736 -328.31018894898466
1000,9,12,LXSSA_REPAIR,747.7415340292355,65090.6640181328,1.190026836433329,,6030,6030,0,0,100,0.0,2,633.6810569193915 -472.8044235214095;118.04237828187429 -993.0085491735751;-881.9806671230639 449.3308655473421;-524.2765481855739 -814.9243798086668;-0.26995131701280745 986.3446805256114;351.1994937321799 26.486872564513078;-909.5024056081473 -413.14535920127935;992.0719938415647 23.510084644884305;554.6211415966138 832.102991999229
1000,9,13,LXSSA_REPAIR,1028.3910425977592,64810.01450956427,1.190026836433329,,6030,6030,0,0,100,0.0,2,-876.7972089080457 376.995219606255;-311.7002149080512 -924.1538614826749;203.10046830158075 639.728960551059;894.3991584017745 447.26965630388725;-464.25981367086655 823.5265875266823;-500.78172052724943 -569.7605989978301;189.8037931324794 -168.72636090384836;-259.4506642784401 -292.90016370318307;825.4522420863326 -564.4719621333254
1000,9,14,LXSSA_REPAIR,968.8807391028022,64869.52481305923,1.190026836433329,,6030,6030,0,0,100,0.0,2,291.27351223019633 -32.55935449180726;397.01989953858816 -917.8100017816156;759.281389680687 -537.8808980850273;-435.03108344051634 -899.5943165526817;-400.6824473900661 -239.60322059767824;889.585246607372 316.2041049867002;-628.7228850546795 723.7487354497885;203.08839568957418 959.2124584144797;689.3044940379685 685.9438329125967
1000,9,15,LXSSA_REPAIR,888.7369156900677,64949.668636471964,1.190026836433329,,6030,6030,0,0,100,0.0,2,99.11995349340596 -994.7589429717355;-670.0309261039148 -377.88230976335905;585.4504633920161 682.6546383939332;124.90523665173248 418.89755649509374;-984.5937423596332 149.11376844375866;-137.61854802486144 -70.47662619466313;-248.3562082150263 -641.5500358344151;896.3714074983874 -336.55778404734764;-366.14413098744 929.4957900600359
1000,9,16,LXSSA_REPAIR,938.5319269623795,64899.87362519965,1.190026836433329,,6030,6030,0,0,100,0.0,2,-31.230532626450202 -268.08059656210975;-44.275440131557325 -999.0192076424855;377.73281998316156 794.9040192929008;119.24945784291704 8.002840442402361;849.2567741532038 -479.2319734157819;-644.8194265548493 -654.4576882954634;150.75699233637715 -657.4624266750355;-999.991587630758 -4.1017883558120625;-600.1064247833987 797.5393806966613
1000,9,17,LXSSA_REPAIR,814.8449535516775,65023.56059861036,1.190026836433329,,6030,6030,0,0,100,0.0,2,519.4618598734737 850.6286104533497;-986.1186803594538 -21.573786529233413;-113.89276004317402 -252.15448112816526;75.1638224770408 -997.0593343656896;57.83551493604057 578.3394967575308;373.7346035668594 258.9164573224089;997.0097496093558 76.57630178792925;-435.75703908807816 878.9941845212337;-863.5148620432922 -461.71334869145744
1000,9,18,LXSSA_REPAIR,860.9579540575069,64977.447598104525,1.190026836433329,,6030,6030,0,0,100,0.0,2,-340.91760051596526 927.1099137789843;-654.4275456152668 35.907690383967356;559.5444589698482 366.6863187450987;440.08199900282136 -253.43747133491266;99.85243730435353 -452.0308647751131;343.48968732653884 -911.3036630748946;-503.73784527803906 661.6118173768114;574.2142617726627 687.522347266543;525.3272841368959 54.26900535802192
1000,9,19,LXSSA_REPAIR,814.9169654100697,65023.48858675196,1.190026836433329,,6030,6030,0,0,100,0.0,2,907.5008598429763 -58.416089887169996;658.5683522645231 752.5124855815405;23.113662835214352 924.2998928131393;322.08151952740445 -943.7820197298445;-913.5668176187414 -333.9834253218813;-888.8150875171366 394.839063714525;-10.725645915384455 -602.1255829795;-693.1115471341926 35.001684987774254;-682.9013967013111 730.3946891657329
1000,9,20,LXSSA_REPAIR,1171.9616015379652,64666.44395062407,1.190026836433329,,6030,6030,0,0,100,0.0,2,523.8120144811407 -175.92452902498187;845.3311804621545 176.79923334512517;348.91949349159194 922.2588541853304;527.2136978668524 -823.7139935809228;427.3834508786981 624.4209643473274;-144.80990521199698 -819.4221854330717;19.633586775449245 -34.53222624931678;445.11340229565803 -474.31968083692874;-425.96407598433143 421.89845357948946
1000,9,21,LXSSA_REPAIR,992.19166614626,64846.21388601577,1.190026836433329,,6030,6030,0,0,100,0.0,2,-136.1159476176967 -573.824052754298;398.22633597375665 327.51116532099604;-233.54869778521223 962.6113831345574;518.3207449460778 748.0129768822636;-193.4481390946961 331.4842707375428;-886.6652593527335 -361.9327597589204;-686.7027968002511 -726.2733959639531;-60.09331805660823 -140.034886600593;-908.4366542165008 334.05240043122836
1000,9,22,LXSSA_REPAIR,569.4310570353409,65268.97449512669,1.190026836433329,,6030,6030,0,0,100,0.0,2,-720.3750875959918 665.6093668528056;727.8524755983134 684.4432432231177;-799.5544295679736 -170.43396380519678;-740.7478358053833 249.64884678188707;-807.6524118607518 -586.3747443304387;640.5817304726077 -584.6875883948902;620.8929240704044 239.25059228287026;-204.4839522083032 968.819233720559;732.4631725746667 -155.08251786194967
1000,9,23,LXSSA_REPAIR,905.0577542072642,64933.34779795477,1.190026836433329,,6030,6030,0,0,100,0.0,2,-868.4036346381182 482.6361705208502;-826.7281041385917 -547.3945256018702;-916.9933672738704 -207.6061209628962;802.228153314919 -597.0089313857973;785.1105638617352 577.2508923239442;-236.29796321370665 -885.8341785462741;978.4037645197261 206.7011583632035;956.0081025128106 -117.9370101890501;328.8517460548503 844.3578692630542
1000,9,24,LXSSA_REPAIR,514.5820641029568,65323.82348805908,1.190026836433329,,6030,6030,0,0,100,0.0,2,937.5124539950906 -277.9828122827594;-746.3164216645571 665.5791407217989;242.98348506883391 938.5579591958947;-985.4597511038542 169.90903140895634;-303.0475841354474 -220.89064373538588;965.4514995524121 178.16610256292597;695.6567749877241 666.5233644571509;-611.0731771384197 -766.1145894332457;644.2145162904043 -764.5886101743106
1000,9,25,LXSSA_REPAIR,1192.1724281721836,64646.23312398985,1.190026836433329,,6030,6030,0,0,100,0.0,2,-621.8358152948281 564.4288558453684;101.23457297598418 562.3211036215254;-132.33771131062105 77.5475431800854;326.2600326747432 837.4651769907001;581.6082738747368 282.3473876005048;994.6915390983445 40.54169940517931;-855.8675161570915 -385.18623086551736;-447.0189424465327 857.358461919806;-477.9702617340504 -762.9794194530577
1000,9,26,LXSSA_REPAIR,875.1282601080457,64963.27729205399,1.190026836433329,,6030,6030,0,0,100,0.0,2,-368.4449827638571 -12.1751795518289;199.3564897776089 -541.2877320700403;-392.0274098056603 -904.6971714249785;198.85026714708647 980.0298828380347;-837.0506772885309 420.7796352678366;846.5056129097933 402.0759938132084;714.5665853268782 -677.2800390903125;18.366761045706248 651.0927841754929;-554.353077349428 -338.85527404164026
1000,9,27,LXSSA_REPAIR,814.4712699857046,65023.93428217633,1.190026836433329,,6030,6030,0,0,100,0.0,2,314.7817611521984 -865.7688847054336;-382.69185070925926 902.3709676200701;-804.6259997658863 -447.3938614429156;816.5874964796881 514.5748378988214;-433.9954860982234 -661.5431073854076;803.7871388147092 40.549348573549956;326.0363920266856 -449.3934221825731;-998.4336583845964 -55.9484566789017;17.84702865846314 508.3433318193761
1000,9,28,LXSSA_REPAIR,783.8617949951877,65054.543757166844,1.190026836433329,,6030,6030,0,0,100,0.0,2,73.17935479819289 997.3187965897966;715.2247570257755 -32.31281541883292;-617.7966913663439 -56.8746664729021;-607.7893086981408 627.2862034233331;-529.861255834041 308.7056434472217;-173.78884458284526 -982.9340244946629;698.2285220815089 646.9606030250098;819.0600252532636 -398.9285154950385;222.06277104596492 -562.3411587036567
1000,9,29,LXSSA_REPAIR,836.2349724549276,65002.170579707104,1.190026836433329,,6030,6030,0,0,100,0.0,2,-581.8643421361013 813.2858583244406;917.9454595914325 -292.9333998744873;230.4882920370565 -969.8331170803294;466.7008595329897 840.2908872063434;89.25018126588152 187.3288491867384;-549.7367404885103 -736.0874958762478;913.1000507190454 401.39441612848015;671.9628658986996 -715.5950586146388;-938.6863649738923 -337.72769864150195
1000,9,30,LXSSA_REPAIR,1161.8725509400028,64676.53300122203,1.190026836433329,,6030,6030,0,0,100,0.0,2,-355.93233825343975 -719.3737195774579;339.582969242431 882.6923528559695;984.7760292918651 160.85844499255668;-447.952859008432 894.0571772018676;12.74251448109947 429.28697965964324;-651.0394018114815 639.5225950719293;835.5132945139356 -429.2968692480844;-217.84181307346185 -176.41023805749646;-851.6651549199986 405.82769050265904
500,8,1,LXSSA_REPAIR,2582.691074909111,55940.33608256825,0.8998441544667003,,6030,6030,0,0,100,0.0,2,126.58006656205256 294.49221305066675;304.7648081784891 -265.21874573324493;488.2230914742449 90.27018559906449;-393.525047247406 138.35699588164056;-433.4155700791871 -249.3009097715715;-70.29538016052173 -47.65777228811358;-68.85231189453587 -486.53654315284774;-183.33265809255346 465.1645781138686
500,8,2,LXSSA_REPAIR,2607.465392190068,55915.56176528729,0.8998441544667003,,6030,6030,0,0,100,0.0,2,-446.6955426094103 -174.0961952553151;263.5745212734528 419.5576714413862;304.19675078849167 -363.6624090782362;-4.641291704825606 -63.309992371920764;-462.046102114266 191.03574534719172;495.01595680826813 -70.39380553414829;-262.41154851004836 425.57795101441224;-136.33527864694767 -481.0537306749207
500,8,3,LXSSA_REPAIR,2870.381636152852,55652.645521324506,0.8998441544667003,,6030,6030,0,0,100,0.0,2,183.77862342634526 349.64537918887993;209.18634131123295 -39.31018776650793;-437.64909926049455 -241.78973251125433;2.4132372687660215 -499.8121656885083;371.1658977431498 -301.2770263742208;-400.1552621087833 186.24478171320737;-95.99509366486556 490.69661179012155;451.28818701389423 196.9933741933117
500,8,4,LXSSA_REPAIR,2964.221989485719,55558.80516799164,0.8998441544667003,,6030,6030,0,0,100,0.0,2,417.042537506034 -241.54049414063968;-9.719956632090462 -135.23163544367083;-288.2924599323434 -408.4950569537512;222.1177899671433 386.0730603094431;-296.10678101153337 398.64637251688396;474.30884198750675 158.2052118022207;27.663321027357913 -492.172253932792;-452.59755145484036 -14.501220826777198
500,8,5,LXSSA_REPAIR,3087.1458915294133,55435.88126594794,0.8998441544667003,,6030,6030,0,0,100,0.0,2,-435.7678868292689 199.07375727548677;291.3231107716194 -394.24775479854424;-77.67255323371599 -493.9301311664996;213.48289328638177 452.13388976505104;-193.29810589170492 461.1245409416844;406.76052806935394 -105.33056668368295;456.6139287659047 198.757597623605;-485.0572463206269 -121.32381378711555
500,8,6,LXSSA_REPAIR,3043.00119512462,55480.02596235274,0.8998441544667003,,6030,6030,0,0,100,0.0,2,210.30914770705309 -70.63895578283328;359.1555755848345 -347.8609959830596;459.0546653834587 197.08040234923996;-366.4203875323271 86.61837928326123;-348.052046188606 -343.23320185679165;49.34191160498383 497.5594120388956;-63.00920300026268 -495.8837575114846;-306.923821622903 394.12007658452796
500,8,7,LXSSA_REPAIR,3033.745263639328,55489.28189383803,0.8998441544667003,,6030,6030,0,0,100,0.0,2,475.71785587099754 153.92375257087775;463.2752559562234 -154.21740638192233;-379.00550464855695 -326.1123131078729;200.03632549887297 332.7427978894678;-103.07306549107648 -489.2462304467345;-84.45206677276211 -152.28102223257454;-370.1414242845491 336.1477740943786;-91.36569813037673 161.6558845198746
500,8,8,LXSSA_REPAIR,2592.6022629924337,55930.42489448493,0.8998441544667003,,6030,6030,0,0,100,0.0,2,-384.8528054284694 -86.94013627105777;418.8809580808625 232.3476969738312;237.40636740484456 -440.0431625005248;-444.77230388073144 228.4240377794639;185.33179314925732 464.38227476144135;495.30361133642185 -66.02713916886891;-33.74440888886111 104.40344635491341;-218.56482867928153 -440.2861528186619
500,8,9,LXSSA_REPAIR,3017.181581026336,55505.84557645102,0.8998441544667003,,6030,6030,0,0,100,0.0,2,341.99627941949586 163.60629736702217;40.39965082587046 498.36517831035434;26.502661148080225 -163.66716031572628;471.22149631789404 -158.7625962446476;-279.9807969501823 316.66132538019525;-145.97344295937543 -458.70074410469306;-497.9610117269164 -45.10581866149664;195.4411955211445 -460.1728918906323
500,8,10,LXSSA_REPAIR,2911.9050730427043,55611.12208443465,0.8998441544667003,,6030,6030,0,0,100,0.0,2,-291.6917703204859 -207.8114355370345;429.29329304884305 -198.0222539090387;170.4994661847636 -470.03184150726497;317.1399652697908 114.8003380382929;-108.94634283329499 119.17501319417009;-483.7030741808369 126.61230018976406;107.397234256767 488.32963669431024;-237.49605394471325 399.06601520239985
500,8,11,LXSSA_REPAIR,2828.6892291694385,55694.33792830792,0.8998441544667003,,6030,6030,0,0,100,0.0,2,-84.10020139419879 92.86890434794353;-461.8251829331081 -122.05670132978338;300.3623467142745 -297.1958512333761;295.6605034732121 357.90100853080196;-162.8613756712453 472.22835251273085;451.0265651627763 91.95855590791871;-65.2681677553407 -495.23348508178003;-426.60574675874204 184.22346024371888
500,8,12,LXSSA_REPAIR,2779.481055214237,55743.54610226312,0.8998441544667003,,6030,6030,0,0,100,0.0,2,153.0959494201797 -475.8336378977296;-378.37286563633063 -326.84813311938274;135.32013291026036 -166.91984309994308;326.7991416836421 311.6246535946112;-330.9421035637773 308.4260954940644;-442.06034021123105 -19.545905978395627;-4.644093849665364 499.9784266608193;495.8109606320381 -64.57119683878567
500,8,13,LXSSA_REPAIR,3205.0691100204203,55317.95804745694,0.8998441544667003,,6030,6030,0,0,100,0.0,2,-66.05447177399382 -145.24547877619148;-375.40836819344395 -324.2220878887166;227.31590838514038 27.12835211527316;-44.729914799955765 497.51275132682326;-64.3254236276788 -495.84433384424045;-352.1183720235228 29.09992697331734;227.0674019135459 339.82192582727237;229.9768747360526 -324.19079783430914
500,8,14,LXSSA_REPAIR,2524.9440745433603,55998.083082934,0.8998441544667003,,6030,6030,0,0,100,0.0,2,-231.95780585949325 101.42855734595356;-247.27088844875792 -392.3919579748632;321.94072587602165 378.32459434685603;205.85173746030966 -151.8811865739849;447.2777362726492 96.98024522002572;-474.6580138177646 -150.01582512901228;-112.81560834236492 487.1062953084986;117.01146340656663 -486.11553917916854
500,8,15,LXSSA_REPAIR,3095.061327722324,55427.96582975504,0.8998441544667003,,6030,6030,0,0,100,0.0,2,19.405537795884634 236.6108214629799;3.9501329274149657 -466.24044176709907;301.62876462935196 398.76537039085406;-278.581951866655 415.124280851449;-315.37957447735283 -258.62936282400375;320.80515529174056 -266.1725331420773;-293.644901793982 74.16854145584905;303.2931018492805 75.60636394250474
500,8,16,LXSSA_REPAIR,2675.5459843297795,55847.48117314758,0.8998441544667003,,6030,6030,0,0,100,0.0,2,285.14265065467436 410.2157122156043;-455.4661493500433 185.2854932345946;59.364357309992734 -131.23160917435501;-484.5093219278622 -123.49160513097665;491.2387575582941 -19.547227860727574;27.788751675843567 -498.99614707760526;366.6234627616801 -311.3256612180122;-261.601033051999 424.6189156517289
500,8,17,LXSSA_REPAIR,2604.648127517794,55918.37902995957,0.8998441544667003,,6030,6030,0,0,100,0.0,2,-405.3465850979012 33.91754114331122;408.7058574245525 283.12905788631525;353.07063126340944 -303.546846274224;-12.855438005652584 499.8347103930286;3.343930119114773 -499.9888180063215;-417.3150105593251 -273.86387246403785;-309.17149580035783 326.51684638959773;482.6978088486926 -24.153224186543735
500,8,18,LXSSA_REPAIR,2716.7278037555443,55806.29935372181,0.8998441544667003,,6030,6030,0,0,100,0.0,2,-140.55099433840104 238.13590060667573;-407.0441618498565 -284.87048940095946;485.7736927076035 72.17677890699314;66.48521530795283 488.3902801725071;19.563176270962398 -499.60047163976304;367.42243362309415 -297.38545905134026;82.22922683642781 -142.90308393302337;-499.70414337409704 16.887059512140713
500,8,19,LXSSA_REPAIR,3241.599370063639,55281.42778741372,0.8998441544667003,,6030,6030,0,0,100,0.0,2,-353.4133260874364 350.97991175222137;-85.05147327471428 -82.12692234091872;-460.3295683210188 -195.1837301861619;113.17490846390967 -429.64588846413506;313.0983917761946 150.61831788968354;101.21002800599092 489.6493952115396;-258.4383956880809 -428.01726812936903;447.320049076635 -223.3922538248208
500,8,20,LXSSA_REPAIR,3201.2645320270167,55321.76262545034,0.8998441544667003,,6030,6030,0,0,100,0.0,2,-209.41102053270993 225.48584773104824;248.00609514361668 96.59786125012974;215.25672838846424 -451.2920793493887;-117.07515191408615 -119.31377857955239;-205.295889415489 -455.1400555345285;10.789185403559442 499.40809862555255;-451.5342097306707 -214.74835841723836;457.7774091005915 -129.15208937699833
500,8,21,LXSSA_REPAIR,3115.4892959979697,55407.53786147939,0.8998441544667003,,6030,6030,0,0,100,0.0,2,-154.7282325018264 115.22362205865234;24.529750890422726 -498.97337893463;496.49291994864143 -53.213864550738435;-368.1172898327539 -115.85174642869671;-235.75707108089142 440.929249920392;-53.70737640532548 -201.07378335076282;-453.7889985281784 206.4050614625537;411.07758256118626 260.0752454199372
500,8,22,LXSSA_REPAIR,2751.401194210979,55771.62596326638,0.8998441544667003,,6030,6030,0,0,100,0.0,2,-68.8148900382945 112.31677198530123;335.55521361749067 363.8114011874796;-431.9053926728956 -250.286673170035;-43.11691703879538 -490.4905777515022;-113.41062596867259 486.0963638567491;450.6633118158775 -211.4539691312997;-465.7982282690177 114.22076693616866;490.3898481920965 97.55919633808234
500,8,23,LXSSA_REPAIR,2907.3751194629003,55615.65203801446,0.8998441544667003,,6030,6030,0,0,100,0.0,2,12.060746950870449 -496.88067036410484;399.51940135704444 -268.38254388330074;23.693162477160524 -53.44992069278077;-159.2005641856837 262.23377859633473;281.2475011726054 253.7065396059948;-350.79401208446916 -280.1088272966223;38.35916983061182 498.52640260061077;-494.03522114329934 58.85208675581993
500,8,24,LXSSA_REPAIR,3178.393438915264,55344.633718562094,0.8998441544667003,,6030,6030,0,0,100,0.0,2,-266.8777221138595 410.6097787541991;-465.0229359195927 -135.92204249382849;493.67186056962464 -71.00664163995881;262.4327537999731 -425.59255716772327;410.6321846217315 242.903301496508;-179.43237286544118 -424.986039823434;-467.6188041015431 177.0102782832704;29.06360446210991 495.94870572457677
500,8,25,LXSSA_REPAIR,2890.6031450015653,55632.42401247579,0.8998441544667003,,6030,6030,0,0,100,0.0,2,58.46701653455274 -478.47992440673903;-184.61979527755477 -241.26083221589232;-480.14726133953945 -139.49411252142508;-200.16116685624047 455.6830646428409;226.76722674358155 445.61937219450533;386.43610897058164 130.2220791513503;-276.67228031966334 138.6461991216075;202.70127310361084 -142.63316942100911
500,8,26,LXSSA_REPAIR,3010.4257541877087,55512.60140328965,0.8998441544667003,,6030,6030,0,0,100,0.0,2,212.42538704370745 -27.2939715971382;-279.11381564552755 -287.23471436084947;-75.47258242133411 462.06009046202854;223.35037392073073 285.7658909301353;-285.59044277713514 116.08650406153046;484.6910884587748 122.77806119578808;59.46497694025711 -495.3641921323889;386.73858909032333 -290.60480855286363
500,8,27,LXSSA_REPAIR,2708.145884646772,55814.881272830586,0.8998441544667003,,6030,6030,0,0,100,0.0,2,43.880633786762466 -58.217230292443375;-116.18242804700668 -474.62209101143105;291.18667738617506 386.2044689665721;-412.38592611561876 187.88519072335401;496.7385772270625 -57.015663588470716;346.68084156331065 -343.17390569915125;-391.3932558454274 -305.03641746301224;-77.54372950349845 493.9503720159427
500,8,28,LXSSA_REPAIR,2499.7431406178803,56023.28401685948,0.8998441544667003,,6030,6030,0,0,100,0.0,2,-218.94673144437178 145.12135400558654;-227.69451969798376 -276.6084463588819;5.867039588200802 -498.99331615792255;272.869450199295 0.7137614496459299;-206.6917005953942 452.96984441849037;335.5488246228174 302.27996570294255;-493.00445136345616 -12.221885347354911;421.33302377000564 -269.1428088884027
500,8,29,LXSSA_REPAIR,3307.991960064639,55215.03519741272,0.8998441544667003,,6030,6030,0,0,100,0.0,2,-202.00353959096668 -412.45270228653845;146.79051135322055 170.4535728493162;472.496702681518 163.51021806004016;163.52220800052604 -408.66007367013344;301.09707371909894 -124.54479786304032;-206.545320932306 178.05028174281327;-5.246142130601825 454.2861141245436;-358.4722981518229 -115.0705019058765
500,8,30,LXSSA_REPAIR,2928.4748620638347,55594.55229541352,0.8998441544667003,,6030,6030,0,0,100,0.0,2,428.0880214778294 252.06920783056748;247.7067413330241 -431.79328500805286;-461.22851342712227 41.441357073020065;34.19334539830994 489.6347609327996;-165.80682185653447 -431.71314071701556;-322.72092736088246 381.7495423977855;-424.36489731559806 -264.344638890477;484.9348454228434 -50.639298962902394
750,8,1,LXSSA_REPAIR,991.6164192145152,57531.41073826284,0.9275179911999658,,6030,6030,0,0,100,0.0,2,-374.84087052340084 212.44304713503664;547.8536117088554 499.3537837437767;-532.5332585166909 -440.801231351967;566.3639079586345 -405.30934619121916;-13.14606759360263 -744.6103228941844;142.2541025865388 732.1447970903981;-629.2581909018794 -104.86804883565459;-524.0953226288594 536.4923977080679
750,8,2,LXSSA_REPAIR,1033.2340023916768,57489.79315508568,0.9275179911999658,,6030,6030,0,0,100,0.0,2,-389.05921553445717 450.2146524533071;104.72286423448203 741.0032949582757;-560.701990667051 -497.9422751990179;547.6364966184424 470.4210236247016;29.58023634404571 -323.934914937986;737.15371607572 108.75694552944046;582.1035039385255 -472.9077659840825;-736.9845214890717 90.44945017130505
750,8,3,LXSSA_REPAIR,902.3072163901744,57620.71994108718,0.9275179911999658,,6030,6030,0,0,100,0.0,2,-676.2393263280555 -152.93722206986226;520.3366779940645 -513.6368349500217;-483.95650338351567 533.3007304431367;-671.0424585016106 193.30033624108728;717.9531384553763 207.37284927323384;-513.3023213696775 -546.8278768282578;-107.42048037295173 -676.2965316723835;717.1002722161447 -201.67759339570887
750,8,4,LXSSA_REPAIR,1101.6202335536582,57421.4069239237,0.9275179911999658,,6030,6030,0,0,100,0.0,2,-202.31462219301852 471.2360952680028;571.8319361697821 482.3494664754953;599.3843939130385 -331.36258787444723;-690.3530126916575 184.4044058489033;433.8365570277415 -591.2360207385532;-125.0195412205047 -739.5066695527596;14.032532458573643 -179.2466196949006;674.3664535725346 191.70460570432903
750,8,5,LXSSA_REPAIR,1211.5325705073992,57311.49458696996,0.9275179911999658,,6030,6030,0,0,100,0.0,2,561.7848612385715 496.8880856723765;-589.463971537949 442.0122397969006;513.6622318757609 -542.771386519169;-551.9199477629714 -507.8231221732507;-692.7584855068925 -230.58108175959887;-170.14760500252223 -730.4449277747814;-115.62005380473583 713.014432914612;254.88024093520994 -275.9576259318383
750,8,6,LXSSA_REPAIR,1105.5378271515656,57417.48933032579,0.9275179911999658,,6030,6030,0,0,100,0.0,2,17.20622580667059 731.029234449504;352.3239853636631 -463.7480789506422;94.73708543525397 -743.992529964672;-254.9035900908248 -115.5201687469569;133.80581887816035 276.3596735072535;360.46057741774314 534.8383566831939;730.0833467649104 -82.02909426453576;-664.7985423982245 287.031636304869
750,8,7,LXSSA_REPAIR,1088.4132958515547,57434.6138616258,0.9275179911999658,,6030,6030,0,0,100,0.0,2,-237.1805318693293 96.60841389701515;446.05349562004363 294.29322790486265;419.72012364191556 -322.77343955099195;-703.6356526022608 -32.265295892285636;121.37741187909603 -740.0495957776548;-500.1999253738468 558.8381027176965;43.37729439100285 712.3971725089299;-439.60799680970445 -565.9338860445229
750,8,8,LXSSA_REPAIR,945.3077502811576,57577.7194071962,0.9275179911999658,,6030,6030,0,0,100,0.0,2,-42.10526580059985 138.50920434459087;-146.1353163036501 688.793362330588;65.19396950072479 -331.9521637640269;570.4395664763458 -473.24487899976975;568.6645180265638 488.99608490664093;-709.9671093340702 136.3862146567021;-272.69659054283204 -698.0441166899963;-571.9072440676148 -166.5471537867803
750,8,9,LXSSA_REPAIR,1402.0773961844534,57120.9497612929,0.9275179911999658,,6030,6030,0,0,100,0.0,2,-28.322056431108397 250.46425243726603;101.04885282758195 -270.04743538897077;480.0329925446523 533.3098136216514;-507.52821260160374 552.1911928068224;185.87711149519058 26.071585797505268;111.57256003873573 -741.6546082232214;-458.8400179754441 -587.5439707747945;122.62388675536103 738.7243415281611
750,8,10,LXSSA_REPAIR,961.0550046689024,57561.972152808456,0.9275179911999658,,6030,6030,0,0,100,0.0,2,447.7562713603751 -356.2559317454674;-119.77033449537609 -22.728099218580528;257.7462434986196 -703.3434964967045;283.25172075902475 692.2107717599129;-284.085171153456 694.1149872540656;75.2602292598924 340.734672755409;704.9251588669746 -19.27181200872532;-279.854136504286 -558.3041517188311
750,8,11,LXSSA_REPAIR,1142.2882348382554,57380.7389226391,0.9275179911999658,,6030,6030,0,0,100,0.0,2,-8.024666320228572 -343.4107975991549;-115.21589690641852 -741.0973189745332;716.0222147122086 57.38219941759385;433.32342266669474 612.1525799095263;-655.5669679347809 35.10598280303013;9.88419648888942 735.8956071378831;609.4740322060701 -342.5559876180051;-421.76514677746525 616.0002104312656
750,8,12,LXSSA_REPAIR,849.0189933892907,57674.00816408807,0.9275179911999658,,6030,6030,0,0,100,0.0,2,714.6850736147865 227.42683320712163;62.674043997221915 665.3267026522549;680.3388520525563 -219.17036804084572;524.6871508855809 -532.7846411573488;-728.5502874504173 -152.48269181609118;-547.8763715360988 506.3344574451369;-534.5888599226225 -516.2850581204067;-170.21350473277556 -728.6139560459583
750,8,13,LXSSA_REPAIR,1217.0182497403512,57306.00890773701,0.9275179911999658,,6030,6030,0,0,100,0.0,2,-209.23883762090287 585.5936485130634;211.7804898389451 -559.1725641053216;691.7295025332099 289.2072285175769;-648.9925368234195 -340.7607746801218;65.22282569385777 109.57957888828524;690.2958901846533 -56.402907928799465;380.50513489869553 593.106813855896;-663.484455985249 309.1433342303356
750,8,14,LXSSA_REPAIR,690.9315072528261,57832.09565022453,0.9275179911999658,,6030,6030,0,0,100,0.0,2,-470.3324694628905 584.198055601813;474.9943374755792 580.4139724077424;745.1951045461124 -84.75999150842776;-604.2182325476883 -444.32007320955876;-504.8581189715611 -28.456197972514325;204.56780647901667 -677.1117254148099;-643.3265044930597 271.590432355062;569.7590874533602 273.26561951147073
750,8,15,LXSSA_REPAIR,1016.177975777544,57506.84918169981,0.9275179911999658,,6030,6030,0,0,100,0.0,2,593.1386590761069 -445.22320543560755;-449.5342841222377 583.3511518456069;-703.9296241163299 255.0722806205703;335.83697361264757 578.3106489423093;167.15448140990273 -26.321140264981025;-543.7704392363377 -421.65713332917676;712.9490821012542 -39.826720072446086;-165.49692744218365 -646.5607583017636
750,8,16,LXSSA_REPAIR,961.782332574534,57561.24482490282,0.9275179911999658,,6030,6030,0,0,100,0.0,2,413.50493126500135 -617.6192575213818;-569.6943991641507 -334.93679450317575;-291.5962178365751 -618.3065942495716;390.0131638629297 608.2164476259758;553.6414100694819 311.86070834713473;-550.5758240204923 338.17321941294523;35.55178959052064 4.869337064106707;-338.7605996587416 604.3411793576987
750,8,17,LXSSA_REPAIR,1116.3708983013275,57406.65625917603,0.9275179911999658,,6030,6030,0,0,100,0.0,2,683.3924102992636 289.3866444616853;-618.03880822533 4.257561731201638;120.64718120564777 429.55568340766126;-615.0270612976758 421.8327771326114;118.37763507890202 -397.53839839599334;-47.47298959226216 -734.4354649313613;-631.9215869298569 -391.8651503120962;-51.82439189035453 748.2073458642296
750,8,18,LXSSA_REPAIR,1049.6219585711297,57473.40519890623,0.9275179911999658,,6030,6030,0,0,100,0.0,2,-436.18295132956627 157.56396224773508;584.4908715263396 -459.6719860311514;734.4688927297256 151.76412539770905;344.72330240902505 378.5135226953688;-725.0076413881078 -190.08830617901836;-350.11180102514516 585.0978592192561;92.63911172595068 -741.9739195555325;161.9581935105934 732.3042697914475
750,8,19,LXSSA_REPAIR,1137.0752864284875,57385.95187104887,0.9275179911999658,,6030,6030,0,0,100,0.0,2,737.855599330553 134.2094468569723;-14.52022843804421 -70.98703412498926;-424.08798021389856 -547.1940114775906;340.41577616524364 361.46260068187183;-374.63426833689584 550.7080518571895;190.91863324470256 707.0790188617893;-703.5219744701274 -259.91697027638173;257.0083375364846 -547.5813692004992
750,8,20,LXSSA_REPAIR,991.7634167027354,57531.26374077462,0.9275179911999658,,6030,6030,0,0,100,0.0,2,616.6702915209061 411.81648825165877;208.5649260141684 647.0004178735675;-356.3492223060786 -655.1770137961621;749.1289481465285 36.13611834267314;-471.3410910945826 450.2341878453651;544.9117407514542 -404.89149870295887;-651.2516530938047 -357.4668903917028;-743.5099089688747 22.109860070836387
750,8,21,LXSSA_REPAIR,1250.5504876262205,57272.47666985114,0.9275179911999658,,6030,6030,0,0,100,0.0,2,7.8760620999595545 501.22898841252425;181.88918408653637 -727.4473270274295;-552.176118483402 -507.1658104703961;542.3148438160872 -517.9949651389253;-197.8135942436245 -132.14756968210213;-676.0865965974102 315.15118711176126;-420.43040050987645 620.7957246454362;678.8858485144661 314.86418226820797
750,8,22,LXSSA_REPAIR,826.2608869275209,57696.76627054984,0.9275179911999658,,6030,6030,0,0,100,0.0,2,-200.32104015226483 -702.4722020573275;731.2050158293459 -166.75243369249753;20.489056313689176 230.66784666822787;-520.79383751963 539.697858807664;518.2585136778067 530.0335312649623;-554.4419985319154 -491.9671810422198;527.632328748979 -492.08265986478307;-704.0997447317225 227.66721097049265
750,8,23,LXSSA_REPAIR,1121.014778242541,57402.01237923482,0.9275179911999658,,6030,6030,0,0,100,0.0,2,628.6659730106832 -307.30228551321494;-14.72978093080399 -133.31486043598787;737.2598061044187 74.19839022103184;431.47717505087854 -590.7802612620638;14.104398783084939 714.1158525102295;-694.9427693755065 282.05320238287675;-120.34186426564081 -740.1514755029848;107.72478376964271 254.61435888594193
750,8,24,LXSSA_REPAIR,1078.4816585949957,57444.54549888236,0.9275179911999658,,6030,6030,0,0,100,0.0,2,-378.87497738354546 370.6912230864326;505.19465584583 -554.2906927303252;-728.8416573994044 -16.453882226186323;-311.13145143634836 674.1534369300889;-631.8517716846402 -390.3210532426336;646.9911477200561 379.314456796106;371.52903863167154 -54.67826090830174;25.584193315520768 -416.2727992979669
750,8,25,LXSSA_REPAIR,1200.8096678977672,57322.21748957959,0.9275179911999658,,6030,6030,0,0,100,0.0,2,500.6093625047879 558.0473706974627;104.80687472812983 -742.640908521556;-74.13391645214199 -106.42525374695768;-511.73574572428583 544.0390946919844;713.6581765268647 -132.93629667131916;-399.01928042966824 95.966706097489;-703.4759751014624 -260.04144372589286;302.89313918854765 298.23541013119524
750,8,26,LXSSA_REPAIR,875.9773183259094,57647.04983915145,0.9275179911999658,,6030,6030,0,0,100,0.0,2,-600.696293729465 -67.70993918708722;449.35411557879246 -328.21132404356297;79.8578941795656 -735.612327592918;667.135800471168 -35.36519011427155;-472.2886211301543 -582.4203864032705;-532.1374615790255 296.2552903470867;78.74445647575057 300.74657898933907;-75.82110009470135 746.1575978172635
750,8,27,LXSSA_REPAIR,1395.4729626998233,57127.554194777535,0.9275179911999658,,6030,6030,0,0,100,0.0,2,74.55768247506288 -683.5535055835074;590.0113485919765 153.3401391507965;-306.0812166934047 682.2119464850297;613.1986102069523 -371.55724584441;-308.0703643367246 154.2448094489527;150.0239184564187 -97.88559474487383;9.860874316067017 497.1968841253799;-560.910699017647 -491.34325829344976
750,8,28,LXSSA_REPAIR,1133.1995525236853,57389.82760495367,0.9275179911999658,,6030,6030,0,0,100,0.0,2,144.31939002474368 -358.03206356705795;469.55377640966833 348.4026310504135;-428.8590130100488 615.2885070924426;65.57763826787014 -703.6216532599178;-161.734466927736 175.0073917919608;-273.64184470731357 -112.13980914093442;-526.2950413002338 -534.3330930223063;43.734577469847096 748.7212568489831
750,8,29,LXSSA_REPAIR,1395.289827803048,57127.73732967431,0.9275179911999658,,6030,6030,0,0,100,0.0,2,-508.544038693868 77.54771024189048;545.2355351214635 -81.26042456330484;14.333489481287057 63.60139831811872;-310.9505479774635 393.7181759407196;364.26673026847595 -654.527674886722;414.5248755907158 584.4470006200953;-230.4337522555085 -484.9986018650456;-171.4076719643099 730.1030316912744
750,8,30,LXSSA_REPAIR,976.5883666642984,57546.43879081306,0.9275179911999658,,6030,6030,0,0,100,0.0,2,-428.46649170806853 -615.3896720917662;408.744686697403 -627.3872481536948;694.0955592208477 -284.1326357001227;432.9764878554556 612.3980412806318;-1.3669683854216266 135.63920200114512;0.486273796852438 733.4797562473533;-637.8293060520466 -244.58291506708017;-664.252484707439 335.168510992003
1000,8,1,LXSSA_REPAIR,542.6627850721707,57980.36437240519,0.9842562831333757,,6030,6030,0,0,100,0.0,2,896.9921520228769 -32.206352769561406;-99.77596508328615 -922.5919893346096;-743.9788207274441 -546.5149938482932;128.60588265874776 -22.607437300082005;313.2609898384842 930.3477273850108;-601.0078843608075 -25.35191576716735;-575.8512125289101 686.6286207514439;726.88668723192 686.626527110817
1000,8,2,LXSSA_REPAIR,500.2853526320396,58022.74180484532,0.9842562831333757,,6030,6030,0,0,100,0.0,2,17.352347552507187 -261.8086786216862;216.96058771277168 -959.6143982410987;921.7071201039106 -260.1013350353908;-169.5269140116976 355.6757554151809;528.907508678158 761.8665912087939;-185.73486327976303 961.6608147415386;946.8253626622957 321.4588070069622;-875.5054471389615 -264.5615239627679
1000,8,3,LXSSA_REPAIR,670.4704737596112,57852.55668371775,0.9842562831333757,,6030,6030,0,0,100,0.0,2,-69.34428218339926 997.5927879292577;-979.7809952885054 -109.5772914474643;541.4892166907355 837.8569663135036;-804.3303653627277 565.1494734034296;545.3240448671271 273.27869297775777;853.0347655166473 -292.8601859917112;-877.0277889716942 -478.6132088937057;486.7050178295832 -873.5662191105438
1000,8,4,LXSSA_REPAIR,609.143277941359,57913.883879536,0.9842562831333757,,6030,6030,0,0,100,0.0,2,-991.6907884927642 -128.53447642684776;-208.00868375465203 -977.154396559048;-784.7853155406427 526.5826992496883;-115.51772987420499 124.26923084541761;541.8900532266767 -548.411227977008;559.2339364888733 521.0228040396665;467.66650004999167 852.2636570962935;-512.4319288125162 840.0891205268887
1000,8,5,LXSSA_REPAIR,395.0872800466677,58127.93987743069,0.9842562831333757,,6030,6030,0,0,100,0.0,2,-358.824592057472 -931.4202148544852;-718.2940773079882 673.9762527491755;-761.160632095217 -533.5843349902535;265.61317830729774 939.792578961839;772.5196607631632 -600.7863029774168;-949.2047857333946 270.1781264277447;517.8719341578771 -120.89198891580773;907.413034171844 287.71027347545225
1000,8,6,LXSSA_REPAIR,766.1097422167586,57756.9174152606,0.9842562831333757,,6030,6030,0,0,100,0.0,2,-741.3531456952778 671.1144665171213;166.53275811658204 174.14800157296477;672.9191749588846 698.4066394345632;207.20464106833913 969.7581713716438;616.4472592475108 -670.5525957415229;998.2247834156241 -59.19239626869069;-391.63734283307963 -920.1196616194247;624.9963336909952 -281.6293579159199
1000,8,7,LXSSA_REPAIR,390.75045582842,58132.27670164894,0.9842562831333757,,6030,6030,0,0,100,0.0,2,-509.30971792570494 -842.9361728101511;-519.9950268600703 799.7201542242784;848.6060568174892 -521.5867350376768;-949.7266939375795 -53.88901586624554;845.3287397451336 469.1359972858399;976.2284578263667 -38.49301632433695;44.94325131363454 956.1634560406164;40.90003931888727 -995.3514292675637
1000,8,8,LXSSA_REPAIR,438.9023387654961,58084.12481871186,0.9842562831333757,,6030,6030,0,0,100,0.0,2,-605.4566221060014 -303.92384553225037;576.4180041820998 -651.9438307055912;922.2584811947364 -270.9088766037336;646.1999331177332 729.846796466411;-258.8656901731579 955.7130411312316;-682.7020332562375 -660.7156097200408;805.5383561400347 200.6406651484993;-931.0714620691825 262.64353699453534
1000,8,9,LXSSA_REPAIR,619.7369244856673,57903.29023299169,0.9842562831333757,,6030,6030,0,0,100,0.0,2,175.23546406796385 980.4439279248655;67.27413758395465 -97.33334356080728;742.7170803286366 631.2767007755555;501.86816106759824 -834.030469896188;-211.16865587706798 -638.750750835051;-593.6010970597263 541.422487523318;939.0034315342128 -336.37561051509374;197.97595033952567 322.0777627465236
1000,8,10,LXSSA_REPAIR,473.76799900616606,58049.25915847119,0.9842562831333757,,6030,6030,0,0,100,0.0,2,621.4135365754437 -782.7156777406334;-26.657299012612715 451.2669559064864;-895.496491393363 -444.60981294070194;-903.2393498550521 185.49010123423272;-342.9623124698688 -768.9981093208831;853.4977299054443 -403.25851104593073;-19.582207818752103 999.8068563121658;879.1329369999698 468.9503951911797
1000,8,11,LXSSA_REPAIR,542.3743053488215,57980.652852128536,0.9842562831333757,,6030,6030,0,0,100,0.0,2,-963.9100027853137 -266.2233384867163;-923.8420547981572 256.7723071411687;301.6324113830842 -333.76228977696246;306.8352749234732 598.2005232020839;374.4175778120264 927.2601994183591;186.62522136952634 -941.3640651156554;986.6850302004475 -147.97326785634465;-711.322658885517 624.8201779991772
1000,8,12,LXSSA_REPAIR,619.3044422757011,57903.72271520166,0.9842562831333757,,6030,6030,0,0,100,0.0,2,-588.2836728730537 801.8969531825638;882.9893440432155 216.9975971583635;536.6168764064389 828.732274115715;-707.7864282273935 192.17502185964807;100.97958841470721 -994.8323779415635;-427.0237689957007 -850.2997113674704;779.8051396669563 -216.80293325071725;-592.7197257489502 -245.26522375044593
1000,8,13,LXSSA_REPAIR,453.4227965354585,58069.6043609419,0.9842562831333757,,6030,6030,0,0,100,0.0,2,-927.06614075242 356.4078678385664;-582.591421978691 -241.87303601467931;-224.27327201698606 -889.8264802032766;580.4304974125707 814.3064962690155;932.1153117440117 -236.1642867231494;740.9614171265162 -618.2251510766022;936.4463729927709 229.7475102821258;-529.8446031230008 779.8872100497232
1000,8,14,LXSSA_REPAIR,580.5334210617948,57942.49373641556,0.9842562831333757,,6030,6030,0,0,100,0.0,2,119.27167154415895 992.861656207481;14.661014275719513 -999.8925215543954;211.52091656167724 -644.8675314839743;-635.8511609095135 -640.940363083162;-479.12128073178843 14.632857346580582;-340.87727961078485 -323.8049900836846;-492.95921120984514 639.4422020595887;832.7423730532681 332.12198016348174
1000,8,15,LXSSA_REPAIR,516.1232341909999,58006.90392328636,0.9842562831333757,,6030,6030,0,0,100,0.0,2,-486.5253875425791 -368.95944436654315;-376.7450361519998 791.0045941709733;-370.14376493931536 -869.2805863207918;649.0232934912567 760.1681210369908;-662.4068384019283 320.095893287085;469.6010962265719 -882.7920430079719;879.5920608771232 -446.33599594974214;633.0680458686973 260.3440765726386
1000,8,16,LXSSA_REPAIR,363.93884560431616,58159.08831187304,0.9842562831333757,,6030,6030,0,0,100,0.0,2,653.7623291698146 24.116389776145965;-215.59908803694776 970.9156287912384;817.0853319576797 -544.7212813450184;-344.7149914678593 -883.5908885101716;-825.3632402914153 -7.474945361293507;-279.4438886328934 -540.7673996029608;621.042259035206 749.0695235584842;-735.2413741221254 390.06548936988486
1000,8,17,LXSSA_REPAIR,431.4440276480382,58091.58312982932,0.9842562831333757,,6030,6030,0,0,100,0.0,2,141.68497538858423 -741.5396505833041;-99.5872086173364 249.82449442041067;105.18789958243467 993.811788357186;867.7259820679402 -315.34127949878183;-835.9160361342093 -192.99431893589843;-677.5354258074415 -735.4644707314035;630.2747148796817 683.8490947959956;872.7163776504729 239.95182128767632
1000,8,18,LXSSA_REPAIR,620.3393476563288,57902.68780982103,0.9842562831333757,,6030,6030,0,0,100,0.0,2,-621.0162680309033 -782.7420495451844;-887.7199625145394 114.39972042901836;-44.93732901180281 -942.59838261606;378.94711314403037 871.5224914354054;734.8082644189725 508.9396782573212;932.1574367866141 -362.05318966865104;-16.52199050136039 -620.597149713361;-767.7261899087026 565.0107103961165
1000,8,19,LXSSA_REPAIR,430.0545257711128,58092.972631706245,0.9842562831333757,,6030,6030,0,0,100,0.0,2,-964.5807507516821 77.98925222894653;523.8516929502584 -804.9901546943995;845.7635261498443 -443.88218239566856;979.6587220987467 53.07270929857645;-852.9329491166848 507.6813759813874;-534.5960023202603 844.3062593752827;212.73386987324767 840.4149303674046;855.7399843988486 476.47036949495373
1000,8,20,LXSSA_REPAIR,515.4356417575545,58007.5915157198,0.9842562831333757,,6030,6030,0,0,100,0.0,2,963.5644628296434 267.4762157123893;-847.646905718994 291.83303352155013;764.5659385856372 -566.9526245076702;-224.7950692914993 927.7501797893636;-201.602513689874 291.099888784192;526.5042122037846 711.957199462465;-406.08875192024186 -551.0374646132946;22.27304976541584 -988.4308965956424
1000,8,21,LXSSA_REPAIR,425.7160724034839,58097.311085073874,0.9842562831333757,,6030,6030,0,0,100,0.0,2,-957.1665506605042 -59.075297145244996;-838.8670966707069 -532.5084179202607;517.3670222638791 -843.0368800573788;-622.7866856360919 765.268312443616;158.48758505982636 985.5664059464788;803.9489284894219 367.7475865186165;-63.57580813011303 -997.9770116756424;-826.6430512065444 394.87830917131555
1000,8,22,LXSSA_REPAIR,382.0168099328366,58141.01034754452,0.9842562831333757,,6030,6030,0,0,100,0.0,2,977.2647922348095 40.17446249283116;37.975161922850646 -989.8309616068315;-874.2569776496194 18.2010995120023;839.443230126541 -500.3144259034091;-519.903966814525 -836.6329698132236;-880.0260113047788 -467.7317811595124;-849.5198581952578 515.7939932311314;509.4494003894572 858.1103038036907
1000,8,23,LXSSA_REPAIR,487.5833803224887,58035.44377715487,0.9842562831333757,,6030,6030,0,0,100,0.0,2,-589.9499463033134 532.6526986887329;-498.5903319957437 866.6778432518628;-824.7128931207185 -301.5799024759033;666.1186583459901 -241.65481967626954;494.68995667645004 868.538890237031;842.2878059216204 522.0437444436768;965.5785429085709 94.02921379865809;-519.9508709962802 -854.1960690056292
1000,8,24,LXSSA_REPAIR,413.3771543259136,58109.65000315144,0.9842562831333757,,6030,6030,0,0,100,0.0,2,924.746968146328 340.2630297885833;209.83734647511503 -939.7521560144929;-949.1105789516031 -210.2327472401153;735.1947541239609 -646.5345866464384;-693.5362651123804 -674.2895738352925;-920.442157810234 382.88741449754053;-89.17474188747632 902.5748930569832;912.2570095480764 -214.62655308671154
1000,8,25,LXSSA_REPAIR,466.2777277699352,58056.74942970742,0.9842562831333757,,6030,6030,0,0,100,0.0,2,243.91962724320155 -956.5397019802698;991.4046107887099 109.96103344813051;-405.45333368320223 -312.54881332601826;757.6457408544334 -650.4712784968382;-964.8238416497708 256.8163491634021;216.37607383498502 309.9451959655773;237.36499294580383 903.3422221287819;-647.2535691276892 -715.345539337217
1000,8,26,LXSSA_REPAIR,490.4963764153727,58032.53078106199,0.9842562831333757,,6030,6030,0,0,100,0.0,2,591.4458543620412 -652.7482536084722;40.014008861898574 -806.8557713345523;-637.9088633076128 435.76593071162665;787.3924341246382 408.37333606297614;-159.33401280491722 980.5859017137368;438.5046612006305 -172.21147333010074;584.2585635130799 779.6262747531576;-984.9993959739651 -170.35467898017703
1000,8,27,LXSSA_REPAIR,450.184761617973,58072.842395859385,0.9842562831333757,,6030,6030,0,0,100,0.0,2,-431.7615565936564 -752.3069221033975;231.99874988855473 916.6005332540043;401.4613982240281 581.4146485823943;-952.3854033595563 235.72941609981;920.9281404716785 -333.75026852056527;-953.0233104014335 -250.85502388734483;551.6450878262452 -740.9363276582209;-729.571538849408 619.2551932259569
1000,8,28,LXSSA_REPAIR,549.5638102671801,57973.46334721018,0.9842562831333757,,6030,6030,0,0,100,0.0,2,692.0590160425768 721.8409231362409;201.66013916737145 -115.95159289888271;746.3803080527777 -445.3697829122538;928.9854355260895 -120.4331763069952;-575.3912991844962 715.4199643238111;226.06522280893032 -974.1016500207354;932.8929155998106 299.7855372673772;-946.4720804866242 315.4111376493246
1000,8,29,LXSSA_REPAIR,568.3215668028934,57954.705590674464,0.9842562831333757,,6030,6030,0,0,100,0.0,2,625.2877382299541 737.9943275037296;339.23607459277457 415.13980676041854;993.6892342398276 50.464081490035674;-630.3252178575474 -752.8211826949617;959.0664518878339 -255.58375401729623;-227.43867012435612 965.2796986584556;-738.1380600121273 418.5887111200768;221.2522678123413 -975.2166087530994
1000,8,30,LXSSA_REPAIR,466.94685124285024,58056.08030623451,0.9842562831333757,,6030,6030,0,0,100,0.0,2,-358.9827588210341 919.6764352802688;-444.6959723070422 -492.6841000158981;523.0195676769686 433.28278480458243;-525.1845374654366 -829.4599689115347;-981.921540935832 42.89857232782652;849.9541120513005 -490.6626010363985;396.67987387804004 917.9570129696173;41.681616196949236 -986.4882169102405
500,7,1,LXSSA_REPAIR,1745.7073347987316,49461.94142799396,0.7445419426333199,,6030,6030,0,0,100,0.0,2,198.29316291286057 458.9383578164684;-294.3327649903213 -219.50774709851385;-407.4481200026361 139.75156335998332;-19.148273384883503 -477.36891332955844;434.6105172438771 -219.25057732807548;-209.60368798954136 453.7216143380922;335.79891715757617 124.55767385885517
500,7,2,LXSSA_REPAIR,1588.5252431324843,49619.12351966021,0.7445419426333199,,6030,6030,0,0,100,0.0,2,-334.81013515296144 371.1022255490625;-459.26169422718004 -67.21951841164909;95.66254535333594 490.7240871232904;372.6203045355334 202.6045192315807;453.95387547977145 -94.49260186458379;199.49592470786908 -451.41169083555366;-224.50298072171714 -446.71899445821174
500,7,3,LXSSA_REPAIR,1472.0346447343036,49735.61411805839,0.7445419426333199,,6030,6030,0,0,100,0.0,2,354.0415138055813 -315.4597189044116;291.26336044182466 401.9670204054503;-497.2215491176782 -42.95026717294935;11.796947697053731 92.90175481322436;-368.8950207971368 -322.94367853316965;-291.8345095137198 404.6025445119885;498.16879986769 -42.7533254658098
500,7,4,LXSSA_REPAIR,1757.9040536031607,49449.74470918953,0.7445419426333199,,6030,6030,0,0,100,0.0,2,-4.07900557092149 -499.98336143671054;177.622281690816 62.539818256912284;-388.66492865571956 -272.33798853720896;16.195659925442133 499.73763176248735;-390.31528029255327 91.248131729551;358.28057704631505 312.8247653266089;373.54529527283506 -288.5037901188891
500,7,5,LXSSA_REPAIR,1541.389290921652,49666.25947187104,0.7445419426333199,,6030,6030,0,0,100,0.0,2,253.15788970087476 -204.10773126700067;-214.4589552585119 57.96182360965291;-451.1293282674785 -215.59579934417917;364.64054769808604 214.43176324547514;90.96579337261181 491.6555953470796;-5.741522986710427 -481.99494979986315;-320.9493880989903 376.33348897929375
500,7,6,LXSSA_REPAIR,1817.5564389500723,49390.09232384262,0.7445419426333199,,6030,6030,0,0,100,0.0,2,-110.40106018197247 426.65877182796834;-174.93857931067618 -468.39779404771133;315.42897652588636 -319.204901739392;-150.6242573005149 118.6772679374413;494.1961567174292 -63.55140854567956;417.3220342261766 275.39467169794335;-416.2542320512381 -277.0061629268093
500,7,7,LXSSA_REPAIR,1959.388489234494,49248.2602735582,0.7445419426333199,,6030,6030,0,0,100,0.0,2,-417.7841796529022 270.7308889570069;-123.0163034539362 -11.38150396432088;499.8187764194722 -13.20906927965646;-3.7561736130815784 499.97854932264374;385.299615272272 279.5250393335979;-260.74749223953785 -426.6192497438271;-455.37638147726307 -104.52587829201369
500,7,8,LXSSA_REPAIR,1479.0924408494466,49728.55632194325,0.7445419426333199,,6030,6030,0,0,100,0.0,2,-85.89453359209858 -486.7069434642585;-308.12165139095737 286.13740336236384;348.4206644493896 -53.1824769227389;-496.9616994553131 -55.03674750520792;49.35038543773196 496.9727309126591;423.1020270013243 266.42936435479646;345.7664539194569 -361.1710422924013
500,7,9,LXSSA_REPAIR,1721.0100595868862,49486.638703205805,0.7445419426333199,,6030,6030,0,0,100,0.0,2,-476.900627580781 150.15078867342325;499.76828475488 -14.286403912838798;-354.9578263158102 -247.35639202866324;13.951811790726788 133.07455769152222;274.7366941343505 415.4494001162736;-270.827359862415 420.29113696891574;287.03297344455365 -409.4027365664225
500,7,10,LXSSA_REPAIR,1504.544438991943,49703.10432380075,0.7445419426333199,,6030,6030,0,0,100,0.0,2,441.69772092570446 234.01575697869083;-384.08040010731776 8.313549637578983;121.04344681723737 -467.926490119377;-188.94980517997539 246.61598584579858;-13.5816120350523 499.81550577641076;-369.7620808472563 -331.0266552698079;402.6880226941108 -149.82380407681384
500,7,11,LXSSA_REPAIR,1655.4764988737295,49552.17226391896,0.7445419426333199,,6030,6030,0,0,100,0.0,2,289.98015185618186 -375.9961145592375;-124.75432461070004 484.1862849058491;366.27593065357297 210.0432637152956;-384.0272561316544 196.8970304340779;-410.6371013182869 -175.77590689628389;-113.20537073047244 -485.7901017829418;481.49279365229245 -134.77644327148158
500,7,12,LXSSA_REPAIR,1475.1668152051425,49732.48194758755,0.7445419426333199,,6030,6030,0,0,100,0.0,2,-432.0165088289562 189.49115527644025;231.76706070339128 -443.03953499988074;-230.70570458854576 422.59619882565033;-246.71933147262732 -434.8902982105945;-55.02286373312164 -171.07178855117482;498.9258063290158 -19.86559657898369;288.18430360198016 408.4207016304363
500,7,13,LXSSA_REPAIR,1754.5238200843887,49453.1249427083,0.7445419426333199,,6030,6030,0,0,100,0.0,2,-403.4608545421536 99.10328435564233;425.5544310804874 -252.04090083235516;9.348332606852212 499.8861981674813;-428.6085693161082 -257.4774795944916;-20.868537548269927 -499.56428887209626;3.0037111617962866 -134.8277190117727;428.05494665801007 106.61797086719
500,7,14,LXSSA_REPAIR,1659.3239079139894,49548.3248548787,0.7445419426333199,,6030,6030,0,0,100,0.0,2,488.26753426882294 -78.74454737346457;-496.8990923579494 -54.85393398573738;-57.58259686679895 73.54897257391075;372.8646357461781 333.10348908300625;-252.99825986166223 -280.9285230898595;-161.10213275814874 473.33508513607546;109.71474270360231 -487.570963777907
500,7,15,LXSSA_REPAIR,1637.7387858509535,49569.90997694174,0.7445419426333199,,6030,6030,0,0,100,0.0,2,149.71985779448903 472.8674091892851;-379.84702855170156 321.5376354724774;316.43175736835735 146.98627097661893;-383.21738072628045 -41.85956231584864;-295.8502666848187 -390.0030645824555;83.46392299794338 -163.35662223884634;66.00846559415938 -494.7660791433608
500,7,16,LXSSA_REPAIR,1853.4930290468253,49354.155733745865,0.7445419426333199,,6030,6030,0,0,100,0.0,2,486.0211474685201 -99.7682556425294;197.82883139781168 -459.19903469821907;-344.3327816680552 -331.750008345341;-92.22283716296596 491.4116348109422;-139.8561941314442 -101.41693129954919;322.43699143211813 379.91423581597627;-499.8732423731802 -9.78554133000187
500,7,17,LXSSA_REPAIR,1865.0209070553828,49342.62785573731,0.7445419426333199,,6030,6030,0,0,100,0.0,2,13.680395008272507 112.00697210695779;342.17238819057434 296.25702900946914;-106.93076612598624 -488.20420706930605;-432.1232666392498 251.53213989522268;453.1433074487314 -156.9272989106282;12.838448846775687 499.8343441595218;-459.22712666997603 -149.61964177531647
500,7,18,LXSSA_REPAIR,2082.848285256361,49124.80047753633,0.7445419426333199,,6030,6030,0,0,100,0.0,2,19.859959032659333 227.77182871429835;-168.4442773537518 -97.29585146037996;491.4755200230336 91.9337436314255;-73.6425468369695 -494.5470405283654;-489.8632872242635 89.52494039290865;221.383080468607 -323.46696065415557;-290.6223908925334 406.8643827025259
500,7,19,LXSSA_REPAIR,1922.3610888459152,49285.287673946776,0.7445419426333199,,6030,6030,0,0,100,0.0,2,-198.13731263410668 -347.28189319036807;-165.26944852586186 326.80826564935603;231.97896190567687 118.14227730004944;-498.63992433856816 -36.08597675223543;205.7910523798635 -455.6467041003368;242.8222566416645 437.0781985863051;366.86227301517874 -192.33144645474061
500,7,20,LXSSA_REPAIR,1666.8343310844357,49540.814431708255,0.7445419426333199,,6030,6030,0,0,100,0.0,2,-10.102585591725626 -81.20360582788935;-377.40501356995287 279.17594498902264;-453.5801139409323 -210.38643484943472;-2.7325528753321153 497.3077424556465;445.4397800507552 -201.5313535889703;342.1329631913516 277.197327996561;-53.35496055006053 -483.3254523950757
500,7,21,LXSSA_REPAIR,1725.673102026507,49481.97566076618,0.7445419426333199,,6030,6030,0,0,100,0.0,2,356.78900169093384 -268.75992828307074;-448.614505214258 -220.78275682527038;-230.26231019057502 -439.54861275745475;-124.19511279127533 464.37208506966687;-429.6614411362943 120.16869776569173;362.88235936155644 337.04212207700243;496.43247749358125 59.5022749974063
500,7,22,LXSSA_REPAIR,1653.4656497894248,49554.18311300327,0.7445419426333199,,6030,6030,0,0,100,0.0,2,250.82750246480194 -428.65424960066747;-339.8302158278335 -269.4048913943634;-73.14400323080832 494.5806324597114;445.32508396452056 -23.04390476367803;-494.88237996706516 11.084264786073991;328.86217129852764 376.62935664764353;-81.22586839570417 132.7286635185327
500,7,23,LXSSA_REPAIR,1438.058878521217,49769.589884271474,0.7445419426333199,,6030,6030,0,0,100,0.0,2,91.04742788932357 491.471590952278;87.13509565982982 -492.3233502826348;259.9328750427994 -215.75019998433064;-177.1962387552504 48.32179280193321;-328.61441495710767 375.31015043978846;-406.4655177518227 -216.30955270409336;383.4543200152904 203.0274378722003
500,7,24,LXSSA_REPAIR,1955.786730251326,49251.862032541365,0.7445419426333199,,6030,6030,0,0,100,0.0,2,113.40032302185149 486.3992988142048;229.67918595363378 -236.19701382526867;15.409395025467552 -499.70564975594425;-292.4269912969809 370.0487256395752;-448.42593978879745 -221.07668766447154;48.13997562533066 76.38540381964043;495.2507835315861 68.73871882437193
500,7,25,LXSSA_REPAIR,1335.7225323802777,49871.92623041241,0.7445419426333199,,6030,6030,0,0,100,0.0,2,134.66824487955216 -481.5230580453836;-472.0535054194522 -157.14349816000464;-413.4943895111779 152.1159541651181;-128.02163782192818 483.33266002763673;231.8960132137572 -177.15176291280565;485.71863700465724 101.19604356421007;332.47660788376 368.36805157587
500,7,26,LXSSA_REPAIR,1870.113229202194,49337.5355335905,0.7445419426333199,,6030,6030,0,0,100,0.0,2,-45.53481483494294 154.14773647799615;373.6298345832815 -260.9938497826699;-41.84610635869314 -498.2458262570966;-467.5795210836842 -87.09480959259929;473.1342753540365 159.03509077726648;-430.7395536672706 246.62696209250296;8.321645660248919 499.76633120932473
500,7,27,LXSSA_REPAIR,1711.2661435122282,49496.38261928046,0.7445419426333199,,6030,6030,0,0,100,0.0,2,440.8599902595063 -168.33885274620064;-459.71023706841333 -145.25582884867686;-337.0061821108883 339.6839635794427;217.59678741588192 48.11411099225249;391.7781309121585 310.6604193311012;119.77960565265857 474.40681475269236;-107.35913658225334 -486.0348241774358
500,7,28,LXSSA_REPAIR,1847.8317868894735,49359.81697590322,0.7445419426333199,,6030,6030,0,0,100,0.0,2,-92.73457576831535 -479.46615804875324;-372.6398527949416 324.5420392444615;-104.31955634650996 484.25509258563255;479.9812416375731 -140.06429836347897;372.38833033960157 332.35923251244606;93.86239804068131 -138.36009162488685;-434.8563521081947 -136.3152902119953
500,7,29,LXSSA_REPAIR,1717.2231742855656,49490.425588507125,0.7445419426333199,,6030,6030,0,0,100,0.0,2,251.88274539649558 -213.72745600819238;82.35754093593165 80.21781539988393;-437.9791306220872 -211.7815888658216;81.66239662866312 -493.2800670796607;66.03129585705463 495.5860378992585;-437.4510538697368 218.88866180507287;495.0816549514735 69.95823704546937
500,7,30,LXSSA_REPAIR,1858.6248732501845,49349.02388954251,0.7445419426333199,,6030,6030,0,0,100,0.0,2,-59.394742984721574 -129.0391356095532;100.18426099949885 489.8603003387642;211.616021554828 -409.28300436881494;186.2069492903719 137.67396264473666;-479.6389510850862 138.67603783765753;-295.5392496693673 -402.69866313487427;-266.59611682384974 388.71221509758817
750,7,1,LXSSA_REPAIR,684.7946591126602,50522.85410368003,0.7594361700999798,,6030,6030,0,0,100,0.0,2,748.0200037548552 54.461674437960006;29.567663433128832 -137.93840560536844;-255.6188706140733 -608.6949365217396;13.909249394515815 749.0981290545118;-545.9591834224724 420.84373079106325;150.50142987963017 227.96411472543548;502.15889815870077 -410.5744803764509
750,7,2,LXSSA_REPAIR,654.1773168794753,50553.471445913216,0.7594361700999798,,6030,6030,0,0,100,0.0,2,-417.13917782532184 208.32514233984284;-207.91019224450872 -706.2285436464753;-34.39855796340126 -446.1460188439673;601.3774282587389 -448.1575490616055;-224.37601826546057 707.2797612534301;540.0320099565505 492.75933120452237;622.9280198706132 193.705142964105
750,7,3,LXSSA_REPAIR,664.296516742259,50543.35224605043,0.7594361700999798,,6030,6030,0,0,100,0.0,2,-299.2485619994904 212.46242496608733;-538.5657813375788 -491.97439577404845;436.17103392957563 610.1187289065392;733.1166085794822 -111.3654442295916;506.56170437895224 -505.2278509470084;-646.6906270062887 -140.42801021273874;570.6018319508585 205.2735696954334
750,7,4,LXSSA_REPAIR,746.1557150807275,50461.49304771196,0.7594361700999798,,6030,6030,0,0,100,0.0,2,-548.8253475392709 478.607452767888;434.0789463425326 187.2514904404135;-96.29611097332534 743.7923493902132;-54.093894884332464 -298.37991092555876;354.08333007847347 484.68165469840096;436.58209818189 -579.4448368713834;-144.17752177561442 -736.0114416329695
750,7,5,LXSSA_REPAIR,610.7216647371897,50596.9270980555,0.7594361700999798,,6030,6030,0,0,100,0.0,2,481.43325189182474 -575.0843624833341;493.0745556980501 -180.65805498475896;490.99560859454266 306.15221836972205;40.22294590747987 748.8505264428766;-385.63371767546977 308.4393245568852;-49.27953944799713 -727.3724806322077;-220.0034525006192 -381.14509267038596
750,7,6,LXSSA_REPAIR,735.4500359765443,50472.19872681615,0.7594361700999798,,6030,6030,0,0,100,0.0,2,-188.0101476296556 -726.0524666911305;-696.2681363262134 162.30087311655052;-256.95352804229873 697.9987561771842;715.5257583791728 -189.21810703679392;213.40938550928206 693.9074900569128;576.9900392749133 475.2301223510306;502.46341706504677 -539.7574744963022
750,7,7,LXSSA_REPAIR,544.7966042784901,50662.8521585142,0.7594361700999798,,6030,6030,0,0,100,0.0,2,251.98748558774165 705.380719981087;460.2607932308848 35.72485329322975;-226.057658290025 426.6685623662002;213.9934733605504 -330.18373047651755;-442.9670007337363 46.91189353497693;-674.7299359954027 -323.00029238674716;43.46200682375794 -747.9210547326848
750,7,8,LXSSA_REPAIR,953.762702629312,50253.88606016338,0.7594361700999798,,6030,6030,0,0,100,0.0,2,229.3061331772577 -714.0859173007781;283.51583389609004 -152.56672938658915;523.5263292719046 534.4541097365924;520.99130958492 -386.5783629327954;-66.76871256122365 196.95207155225526;45.4048878742517 667.23099041039;-409.3746671059544 -354.19137034851866
750,7,9,LXSSA_REPAIR,598.6079209086674,50609.04084188402,0.7594361700999798,,6030,6030,0,0,100,0.0,2,513.7483885808708 -528.7024216384979;-462.7848256650035 -500.4838264528295;622.9794877402453 358.13834650956625;10.704103332495832 712.9739262767589;-668.7327925027842 314.02390832395196;740.6384956613798 -118.12901172425579;-226.23846000417336 -120.92643254497227
750,7,10,LXSSA_REPAIR,374.90945180807466,50832.739310984616,0.7594361700999798,,6030,6030,0,0,100,0.0,2,-695.9721287071646 -40.825130610595146;545.6286347715613 -34.625054152561674;111.68589184216722 741.6375540406646;-607.7386598587033 -368.58430830847203;569.8557382968025 291.2385672084309;388.502058109091 -638.561727698031;-608.5729554946893 308.26561831434026
750,7,11,LXSSA_REPAIR,397.82918240666186,50809.81958038603,0.7594361700999798,,6030,6030,0,0,100,0.0,2,-536.3639237223802 -511.11400998037834;-706.9829341530083 201.88815311372082;-522.738521876015 534.6882355401817;-718.3297035041726 -164.5505929846316;662.5602836625179 -143.51368259792088;173.1797519894531 728.5859213137309;152.35569423186533 -695.4825811346813
750,7,12,LXSSA_REPAIR,659.9259904866412,50547.72277230605,0.7594361700999798,,6030,6030,0,0,100,0.0,2,209.95855021294787 332.81224377471733;408.87186388115884 -322.3115793760268;-218.2517612867257 -494.7137026505609;-443.92422502895 -70.16613402094556;380.71717795867414 644.8178489906481;-666.8252591095682 337.59102147213156;580.6467338037879 -43.963879448478124
750,7,13,LXSSA_REPAIR,546.7143814423762,50660.93438135032,0.7594361700999798,,6030,6030,0,0,100,0.0,2,-666.3475647990792 -342.8171658413729;239.95194442261118 -363.0259193424876;567.1190293011557 0.7980410923251263;-274.27825317142555 503.04446918386355;552.8383020244937 506.82325500580043;33.0242242059626 -737.1536637601706;-398.2719875497432 0.22330415823916844
750,7,14,LXSSA_REPAIR,590.5069728866074,50617.14178990608,0.7594361700999798,,6030,6030,0,0,100,0.0,2,-201.08122135740072 346.3885713200447;-193.4797166327206 720.5370183104203;-196.1280519591079 -694.9811909624071;-700.5548731656002 -181.35954947387535;486.9928367422505 537.0772935800092;246.528336776648 -433.8526842771606;720.1645567084365 120.41516810221087
750,7,15,LXSSA_REPAIR,770.1904622931834,50437.45830049951,0.7594361700999798,,6030,6030,0,0,100,0.0,2,-53.544074859323366 -569.0632062006737;-737.0227823744735 138.9150042932412;-165.22063178595064 699.8310149324926;642.9772276831612 -185.94521364510928;472.90388994221024 -569.9781090302644;-645.6109054507874 -222.6747147354623;-603.4998509464972 445.29532886339115
750,7,16,LXSSA_REPAIR,420.5024336518618,50787.14632914083,0.7594361700999798,,6030,6030,0,0,100,0.0,2,-194.5728528310573 724.3213409400441;691.5019630675274 -290.3877323058877;500.7029640970587 350.3717982015862;-456.25918341951035 -595.2541957394014;-432.77196148160186 356.41437033329623;465.1118571611364 -588.3629494862153;-599.5448209045461 36.5370093567798
750,7,17,LXSSA_REPAIR,734.7279662301589,50472.92079656253,0.7594361700999798,,6030,6030,0,0,100,0.0,2,-716.4940911335311 -10.074238685432647;678.4945050798718 297.85439505109224;270.21074269304233 538.161328173359;-256.16567392609886 -276.409828144502;387.3768862951036 -642.2142539404668;-356.82720064771934 -644.0220305099281;-83.11863177063546 744.945022931511
750,7,18,LXSSA_REPAIR,528.0933428347271,50679.55541995797,0.7594361700999798,,6030,6030,0,0,100,0.0,2,-239.34971027601316 710.7251829667169;381.73133856955803 541.2646393823942;624.198736286496 -117.93394894430301;-267.20062503638405 -107.24284194613111;297.3352882601356 -688.4187178155153;-575.0265335378558 -460.63014131162385;724.9254523673233 185.31158437841407
750,7,19,LXSSA_REPAIR,551.1841205268865,50656.46464226581,0.7594361700999798,,6030,6030,0,0,100,0.0,2,-72.66698504667205 700.3803880585448;-599.5835860477054 -107.98409827769237;688.0082167653553 -101.52133423192818;-614.8611243055549 -428.4494984274496;629.1504263390395 -405.30269280399676;215.72239136375964 -645.9017596931727;706.6413777631926 251.08283813110938
750,7,20,LXSSA_REPAIR,718.0624808082357,50489.586281984455,0.7594361700999798,,6030,6030,0,0,100,0.0,2,-466.1769697313784 -471.2519087982991;620.2755866281378 153.91013085985114;38.62144973024468 738.057686925303;-501.33264735824616 426.15686719551434;586.616968201386 -209.81838631783663;-722.4088347546813 -201.55762319590775;-227.06622832337956 -714.8003463606867
750,7,21,LXSSA_REPAIR,849.3420520329382,50358.30671075975,0.7594361700999798,,6030,6030,0,0,100,0.0,2,-177.97459019415996 -220.51439156959373;382.4504888424525 -530.9612571310728;82.83778200133628 745.4112300422493;-262.916506481879 -702.4062173371568;332.31301780255137 321.15037627535185;237.1413623417804 18.172657699265454;-323.93321301405575 328.23304113868824
750,7,22,LXSSA_REPAIR,371.4689971900734,50836.17976560262,0.7594361700999798,,6030,6030,0,0,100,0.0,2,324.72083074972363 -673.4595409836857;-26.32654062577943 735.0414780525183;-656.2044597451053 363.17448562727316;668.2622199191629 340.4784948109238;-749.6104195853524 -24.17061954257362;664.9737499546845 -8.898615272822605;582.5115615351613 -369.5574476846985
750,7,23,LXSSA_REPAIR,533.5879292493482,50674.06083354334,0.7594361700999798,,6030,6030,0,0,100,0.0,2,-720.559771928654 208.0711779130549;701.4584645956526 -194.08202422301895;-120.94989394823105 -724.3532935563213;-54.21241165215616 17.32048840818812;702.4891295293166 219.07405242155087;-540.2248190311126 -480.4249126866069;169.31547258929967 730.6382625772223
750,7,24,LXSSA_REPAIR,555.2800314528722,50652.36873133982,0.7594361700999798,,6030,6030,0,0,100,0.0,2,581.5493881252007 410.9965808195518;-404.13309031382784 -531.8826083412046;-588.3484696911771 440.45444077053867;516.7503125129505 -542.1420959725737;604.285796599376 -221.57857408360263;306.33385113312534 684.5871541666176;-598.3959735589428 110.80046043859568
750,7,25,LXSSA_REPAIR,969.5694290735192,50238.07933371917,0.7594361700999798,,6030,6030,0,0,100,0.0,2,-314.6794319213879 190.64027058840523;-321.09641714249904 -479.82793916996064;-318.0473798182612 677.824046589611;589.9664510104038 431.8705337827478;114.05332799362711 -58.007599360623885;119.87456150610335 -606.0104768571977;174.21800611561585 678.4029554673436
750,7,26,LXSSA_REPAIR,558.561928302086,50649.086834490605,0.7594361700999798,,6030,6030,0,0,100,0.0,2,747.4145440319879 55.90170235492714;36.06477973072769 -360.3794023075513;-653.6640872094057 -355.69836497250697;22.674289311284166 -735.5040060504261;-412.57350385461774 56.24481577657348;-595.1463185563961 378.32577574769556;63.79666160139967 745.9798874025082
750,7,27,LXSSA_REPAIR,507.35075109556783,50700.29801169712,0.7594361700999798,,6030,6030,0,0,100,0.0,2,456.1086362660346 -595.3693075438078;-361.31292172607135 -598.3521457967149;-698.1421162931803 99.39041495929382;-187.44263229946839 655.1994828763029;744.8172960891662 87.9417875598004;-702.7172704446926 -258.20237737558733;602.3434072507782 446.1634905445701
750,7,28,LXSSA_REPAIR,504.2233055662218,50703.42545722647,0.7594361700999798,,6030,6030,0,0,100,0.0,2,170.10771503426758 612.3166910628069;673.4380950753381 -323.31232839260366;-324.4017539841508 -626.5698068027697;721.009009466057 35.410944787163714;-598.261566293103 401.5725639059901;-737.3895581094581 64.41675540131605;-629.1690269429901 -314.6294112284177
750,7,29,LXSSA_REPAIR,619.0983133049012,50588.55044948779,0.7594361700999798,,6030,6030,0,0,100,0.0,2,362.571412514701 632.5535815364628;220.57348259192688 270.34884158350627;-749.5178734212982 5.224706349263572;719.097547893125 -18.178406558405243;-672.7779646061297 -328.43893233359324;382.54478231658317 -645.1042470193155;-364.84178528896535 -645.9044334843213
750,7,30,LXSSA_REPAIR,516.3019794901847,50691.346783302506,0.7594361700999798,,6030,6030,0,0,100,0.0,2,197.04882313436116 -723.1488865857218;-183.9496471963583 -336.76318558835766;-219.29644008187694 701.22546922794;-668.9905203934306 148.07104385146738;582.4517469128637 472.4933102808095;681.1667522178102 155.75079099242413;-402.1127678666145 453.3501060978748
1000,7,1,LXSSA_REPAIR,167.76969298041513,51039.87906981228,0.7830861114666429,,6030,6030,0,0,100,0.0,2,-838.6138231834137 540.5113693780787;886.342154559282 92.19326684182434;-847.2213846724172 -356.06498079598754;-11.019953158507843 999.9392784726401;763.996925392333 553.5290424386546;-240.2690575636849 -969.2051602234467;768.203879566261 -376.52945166214903
1000,7,2,LXSSA_REPAIR,391.60761040478974,50816.0411523879,0.7830861114666429,,6030,6030,0,0,100,0.0,2,-215.2841583094113 56.335796609514674;347.54926757847113 -515.947398809566;889.3061332682631 28.322939119352903;-117.87036236398079 -993.0289913573439;-183.17780379984669 945.8538335328182;-958.0923875038969 -143.73898036629436;735.7254046258753 677.279948756858
1000,7,3,LXSSA_REPAIR,211.20722299415505,50996.441539798536,0.7830861114666429,,6030,6030,0,0,100,0.0,2,-980.6818304845303 -153.5932514247307;-288.5718461529932 -848.5860324217259;912.699439153245 378.3720412544673;-524.0663876589878 785.264744282821;-934.9992143451617 354.6497838346026;910.6266938849894 -146.24549488924973;655.9680213234702 -591.3152126620528
1000,7,4,LXSSA_REPAIR,212.157048354391,50995.4917144383,0.7830861114666429,,6030,6030,0,0,100,0.0,2,-882.4930274240999 -470.3254644856546;849.9554244015185 -479.48772991292554;-891.9805881855995 413.17585834753095;-463.7726382323974 885.9537992833446;-11.411324307121806 -978.583809263944;959.9726603169686 -18.235656658376513;261.42887431012696 685.9740555919979
1000,7,5,LXSSA_REPAIR,335.7927643565272,50871.85599843616,0.7830861114666429,,6030,6030,0,0,100,0.0,2,-344.65840055788766 909.6823942350373;901.4921260372307 -432.2105404061103;732.9156292549197 218.92219046197417;-351.8335500211539 228.3812854935013;-399.7014164516487 -841.8192826682499;477.03954654927253 690.2990099532223;-925.6060115934706 -319.1167150273878
1000,7,6,LXSSA_REPAIR,219.83794117857175,50987.81082161412,0.7830861114666429,,6030,6030,0,0,100,0.0,2,904.1354882180992 71.62570735974647;678.6831869543657 -347.763220593843;434.1363857855149 866.2007478035179;-654.6244750714524 -754.8421500635831;-765.0916581176173 -351.1290422965061;-501.9583325074036 864.8917559911317;-897.1577472244538 126.40843702278283
1000,7,7,LXSSA_REPAIR,186.3377781555901,51021.3109846371,0.7830861114666429,,6030,6030,0,0,100,0.0,2,-488.6499346207062 254.04898200970408;-929.024318753827 -212.1904881626635;227.33612432471156 -885.987470788408;930.208470476063 269.13884322422854;915.2100012952762 -162.61762345853336;-626.1696420627684 738.330174292847;228.08640615843336 973.6373546573788
1000,7,8,LXSSA_REPAIR,274.1101218934273,50933.53864089926,0.7830861114666429,,6030,6030,0,0,100,0.0,2,523.4828365672236 -828.7601328210338;-568.2387972547092 -822.8636986452146;-827.8364699449994 432.8274109152597;442.38582506240874 390.0574199967924;90.3847798471434 992.401881225678;-809.3711725884856 -386.5981099817645;885.3830998521048 -444.4336961506081
1000,7,9,LXSSA_REPAIR,376.95247151299554,50830.696291279695,0.7830861114666429,,6030,6030,0,0,100,0.0,2,-70.26674265568685 -557.2933856741247;298.75824053951146 47.201132949486286;-318.2791594190756 637.7517116156004;-669.0924730874959 45.97217499600408;-160.06836800296725 -870.7601475594664;-141.08104989829013 956.9239322981107;710.2443618240236 -357.9931029466327
1000,7,10,LXSSA_REPAIR,423.296013002524,50784.35274979017,0.7830861114666429,,6030,6030,0,0,100,0.0,2,-612.9630863195558 519.1373736389961;-204.6565344391577 -202.23445030497837;-420.5311660757144 855.8761674469674;-189.78524832208615 105.40915669879709;770.6913211172571 -467.707026476306;-134.42187974447745 -975.5637953455431;-830.7242431597992 -556.6840486368944
1000,7,11,LXSSA_REPAIR,362.794710770344,50844.85405202235,0.7830861114666429,,6030,6030,0,0,100,0.0,2,317.4801011176525 123.7058953589758;-962.6965633388603 111.17509736862891;-312.23430025788804 -518.3688777480457;-33.41728738948734 -998.353401439626;438.43199213096165 895.3674152584074;447.1776299218984 -306.9237421258918;323.58998505934017 466.56590219101355
1000,7,12,LXSSA_REPAIR,260.4577684533797,50947.19099433931,0.7830861114666429,,6030,6030,0,0,100,0.0,2,435.2133515732582 -884.9351309013603;-721.2588777707842 258.13240912265354;745.3896007682794 259.1512114328556;-741.6274025685019 -549.4198733770083;-349.28568028776544 899.5756054228757;403.8925010000883 899.0860226366178;721.126850667365 -550.7434771650369
1000,7,13,LXSSA_REPAIR,575.6387891954219,50632.00997359727,0.7830861114666429,,6030,6030,0,0,100,0.0,2,-190.96157820382268 -601.0361973313111;348.05546749266307 878.763579397495;49.46339228924685 363.4701458409611;857.8846309760611 363.823536222338;309.22935246644863 -893.5137560863966;-476.63124867240884 878.9032899268777;795.0259441818596 -606.5745387203466
1000,7,14,LXSSA_REPAIR,264.72631892836944,50942.92244386432,0.7830861114666429,,6030,6030,0,0,100,0.0,2,-723.3667243949852 -560.9296297853793;-723.0308812888984 230.51221617834548;877.0154853856832 -176.76264160964047;492.31753137722603 -862.9589956977293;-388.397938875642 886.7575514293202;466.10100508576585 883.7765558877012;756.3481254339517 254.17009342831477
1000,7,15,LXSSA_REPAIR,331.5442304163953,50876.104532376296,0.7830861114666429,,6030,6030,0,0,100,0.0,2,-767.2496089128498 -641.348608498591;135.56407901017494 266.22641421225757;-813.6158325652531 528.2824574167141;883.0915429498917 469.093742485284;660.2119252942387 -711.4929110182381;473.00146354752457 880.7892777787672;676.3804020578104 -263.5248882167395
1000,7,16,LXSSA_REPAIR,281.7950947610225,50925.85366803167,0.7830861114666429,,6030,6030,0,0,100,0.0,2,520.0204595601239 846.5166976688049;886.887581577713 -438.130376176305;312.0972354643084 118.58586554302126;-419.0136670454072 853.6418399517127;-469.02762945940714 -867.6796570096303;-43.202068603433844 -428.72878743953527;-431.54079206844807 322.17323133975435
1000,7,17,LXSSA_REPAIR,352.8899961857751,50854.75876660692,0.7830861114666429,,6030,6030,0,0,100,0.0,2,-684.7138800843256 689.7298272240042;-669.2425577593064 91.64544523401511;334.9294550018448 667.0423301868344;-59.701653826339644 -998.2155779797038;-480.2965204893018 -575.5266874496713;254.04506208976198 964.7667858701814;658.0436211514146 -583.2132082210766
1000,7,18,LXSSA_REPAIR,200.7545329206041,51006.89422987209,0.7830861114666429,,6030,6030,0,0,100,0.0,2,678.6716709653278 465.50191342323296;888.7800107242381 -325.1892684861265;-168.88468873622395 -30.873749064133435;-697.2556210522553 497.2156500988229;-602.5221922140026 -765.3037179307298;142.6788186630893 989.7690410923678;621.0380886898397 -781.8599798393659
1000,7,19,LXSSA_REPAIR,525.4103179857702,50682.23844480692,0.7830861114666429,,6030,6030,0,0,100,0.0,2,305.3692215632087 -378.23605875079727;467.30450879103313 884.0963115636754;426.51792202159857 83.60135872599894;-235.42854957765283 695.5321389619022;-360.9468866707857 -377.2364220650638;-172.45912704553703 -985.0165114379392;903.2256221627551 -381.59527662927644
1000,7,20,LXSSA_REPAIR,400.3741781225253,50807.274584670165,0.7830861114666429,,6030,6030,0,0,100,0.0,2,55.319663649206454 220.77441792671024;11.406061932242176 -965.3395458835423;-579.7072505243174 -802.6575614748784;601.4207711323602 -798.9324477392048;477.56770178543974 873.6976740412781;-882.020468774269 471.2110914051352;-144.7612477438798 -346.28949969681406
1000,7,21,LXSSA_REPAIR,145.99578178167576,51061.652981011015,0.7830861114666429,,6030,6030,0,0,100,0.0,2,-699.2140200122568 -714.9112222265962;-49.529005849332236 -41.1140223895487;616.1038675858216 651.3430126921509;-977.570460924647 210.6082742324706;878.8897588479769 -295.2980196756713;633.33369308934 -732.2714562801042;-728.1555881695627 657.7093441154043
1000,7,22,LXSSA_REPAIR,220.69759654083464,50986.951166251856,0.7830861114666429,,6030,6030,0,0,100,0.0,2,355.8491629796572 -869.3879223330272;921.202537515813 159.43048119735;915.2646793317679 -291.0094415461108;72.69074462771695 992.7745686930676;-727.5828865653581 -277.0288001957459;-624.1570418521086 580.8951307771335;-725.2150801101122 182.99404539354086
1000,7,23,LXSSA_REPAIR,275.82388234629616,50931.8248804464,0.7830861114666429,,6030,6030,0,0,100,0.0,2,-553.4166038053141 -717.2418704959168;319.0488699656587 896.7695401185915;285.70189928173727 -951.6177542876998;969.85554344007 207.88490006960575;-952.9827383008892 -303.0245872871358;-808.6441214676223 227.60624002987052;-417.5481185881112 900.5082441222705
1000,7,24,LXSSA_REPAIR,320.9670109387953,50886.681751853896,0.7830861114666429,,6030,6030,0,0,100,0.0,2,427.0161415937993 903.2271510251047;-533.1725491188589 325.89128520380046;413.2225833248482 330.0000018606262;873.232937489165 -460.97220974598775;58.62681190339155 -685.4425280645268;-903.5260682511837 -426.02850819284157;-621.5834407420812 625.9671534522998
1000,7,25,LXSSA_REPAIR,163.24096547233785,51044.40779732035,0.7830861114666429,,6030,6030,0,0,100,0.0,2,950.1374689731183 56.88115938452973;828.0710977988239 -379.59127959407346;-605.0765758826527 -796.1672797334267;586.7923974680282 -803.8302500915498;-860.026523587897 81.36574078169524;31.21612970494397 999.5126578719471;819.1575890287093 545.6014422589532
1000,7,26,LXSSA_REPAIR,442.1795339710661,50765.469228821625,0.7830861114666429,,6030,6030,0,0,100,0.0,2,-196.21144778077752 -757.743679106931;-949.7047089178452 -313.1468758574332;791.6004816958215 611.0390146127687;-827.7745918153494 342.2093984622701;245.6714363445386 -299.57940960145345;36.217229222419405 605.6384752150548;223.99848674778494 947.0496819865812
1000,7,27,LXSSA_REPAIR,358.74471713877574,50848.90404565392,0.7830861114666429,,6030,6030,0,0,100,0.0,2,-816.9597546942251 339.1847182022414;868.1474582135893 418.67970458881183;-814.1795189395816 -390.7351734774794;-127.37171562771283 985.6198712470808;-411.8960282163057 -791.651823121048;628.0841030687832 -778.1454616408696;444.69024698545695 -5.863985425357348
1000,7,28,LXSSA_REPAIR,132.9821243839906,51074.6666384087,0.7830861114666429,,6030,6030,0,0,100,0.0,2,252.3540196840489 967.3658034555202;704.332926593819 -708.2510757262991;-701.8796782262024 -712.2955266552518;-956.1723939340993 264.8598626863426;958.0335045862234 259.37789217153073;-704.1449569596967 707.774237187505;-966.2645339237674 -232.50654439389172
1000,7,29,LXSSA_REPAIR,328.9488373400018,50878.69992545269,0.7830861114666429,,6030,6030,0,0,100,0.0,2,79.41378695837857 584.3132773014098;-238.29377372731864 909.643051025093;-234.40376610525627 -855.3598122140579;857.0895055373943 -203.78618741694137;-829.7515365345855 -252.78575629872415;747.5063390227583 -599.7380432924427;-574.948036276861 203.43250012963014
1000,7,30,LXSSA_REPAIR,248.69364250043145,50958.95512029226,0.7830861114666429,,6030,6030,0,0,100,0.0,2,-833.0907797846294 -393.02522115797416;571.1355959320805 -778.8656120821468;-28.934647582162444 914.6956303211948;784.0154255617224 -408.0296173235448;803.7004406376095 33.407659970885625;-464.2781716141812 -768.8987898114993;-776.9794543877099 482.0850807240581
500,6,1,LXSSA_REPAIR,825.217039484909,43067.05332862311,0.5976982668666703,,6030,6030,0,0,100,0.0,2,-361.3662157274254 345.5639711122093;208.66039255482008 -246.9513997510611;-423.88125220465827 -74.09974622005865;25.577331220368233 -499.3453715892874;129.71312405973853 482.8813375321065;458.51857517078724 146.27551958101952
500,6,2,LXSSA_REPAIR,976.11092609333,42916.15944201469,0.5976982668666703,,6030,6030,0,0,100,0.0,2,312.4812198964799 -390.230672420559;-451.4316475503823 -213.90083253256202;-343.60196918887686 361.7653516998261;347.03650263361783 359.9523105076935;-491.54988578549563 91.48251517997988;494.0498841127593 63.82971304020129
500,6,3,LXSSA_REPAIR,681.7564613531213,43210.513906754895,0.5976982668666703,,6030,6030,0,0,100,0.0,2,-485.02611337580515 121.43748862797246;474.45835531379277 -98.88844442931295;339.86606220377314 366.7302274998626;139.04196796063084 -468.6868107747547;-310.6934505616953 376.3758051544813;-380.0315841677946 -322.87496220381996
500,6,4,LXSSA_REPAIR,1097.2048910966914,42795.065477011325,0.5976982668666703,,6030,6030,0,0,100,0.0,2,-312.0320204618919 330.30787211209594;-278.1497543769083 -415.4908987371786;22.00722558705605 19.175752608414598;433.58008374325266 -222.16063828797363;186.34937211925077 463.9757309173184;-499.611469606378 19.702794175020585
500,6,5,LXSSA_REPAIR,961.6439771206932,42930.62639098732,0.5976982668666703,,6030,6030,0,0,100,0.0,2,483.322278389958 -1.4246836878313223;-409.76220233297477 267.6937897384982;256.34366699129595 429.2839086263407;212.34666592770742 -415.2260388752129;-446.1626250770947 -38.151379688908406;-227.59689190142498 -415.3124634448675
500,6,6,LXSSA_REPAIR,972.5764857037866,42919.69388240423,0.5976982668666703,,6030,6030,0,0,100,0.0,2,-98.39899820186417 490.222028424743;333.19810754521126 -357.0806809661215;-115.85249981859715 -483.5371862923056;-368.51730764303704 26.041041656576457;382.31715944937366 21.7587299837457;298.3465449576714 376.67358209530965
500,6,7,LXSSA_REPAIR,688.2618206375118,43204.008547470505,0.5976982668666703,,6030,6030,0,0,100,0.0,2,-312.3008636934802 124.2981221470768;-465.02582374873526 -143.16979706590234;482.77422449133564 -130.08637472925716;-121.3323666844083 -485.0549819225525;374.832479316967 318.4095185663193;-130.13774242871884 462.81059910219994
500,6,8,LXSSA_REPAIR,1157.343358469785,42734.92700963823,0.5976982668666703,,6030,6030,0,0,100,0.0,2,177.8032941405637 -467.28743526206875;-385.97455405545315 208.7390129680516;-279.3603548903199 -203.03164026518897;174.59075376759233 212.50929658535375;-103.97142481537526 489.0704691315652;403.05866979954305 -206.96288036766612
500,6,9,LXSSA_REPAIR,875.7154870499508,43016.55488105807,0.5976982668666703,,6030,6030,0,0,100,0.0,2,-387.5843111968192 58.24560439658713;415.57388068281404 277.954396926099;424.1693576188613 -159.88934051740117;-286.2170365218079 -351.4714812427646;162.90632824725284 -472.7171757160917;40.826593183155865 498.33040173067616
500,6,10,LXSSA_REPAIR,816.1795007744076,43076.09086733361,0.5976982668666703,,6030,6030,0,0,100,0.0,2,264.35935589528293 422.55560599970164;-261.41563936739556 426.2101827498271;-1.6725932518419153 -499.9806813764019;482.6988015735205 31.607913992821217;-433.9690174507015 -246.69601569684153;409.89158451760494 -267.66317283523745
500,6,11,LXSSA_REPAIR,845.5861013627509,43046.68426674527,0.5976982668666703,,6030,6030,0,0,100,0.0,2,-273.9321059791362 210.9296558957748;-397.59157747798474 -178.35668666445065;403.374375918623 23.871042241203387;-88.3822826294649 492.12658139670265;-95.8125725726174 -490.7340939215625;336.0728624332434 -367.25149102754887
500,6,12,LXSSA_REPAIR,850.9193495652216,43041.3510185428,0.5976982668666703,,6030,6030,0,0,100,0.0,2,423.7177766406601 265.4490871920549;115.77903180510845 -471.70488894321994;-445.56399089379727 48.95806863685001;-235.80638733180535 440.8884789345513;308.80862683366155 -146.26717532120261;-377.37499136492704 -328.0062741660916
500,6,13,LXSSA_REPAIR,842.364118793128,43049.90624931489,0.5976982668666703,,6030,6030,0,0,100,0.0,2,327.68695467066294 189.85841277600366;-355.2772395528152 -198.2554235141367;440.29119962852434 -211.73766653471722;-338.51801696955425 197.27485851269304;-176.03712023212356 467.9855250344469;-51.566550336754254 -497.3337821688438
500,6,14,LXSSA_REPAIR,819.3880043956597,43072.88236371236,0.5976982668666703,,6030,6030,0,0,100,0.0,2,124.28931503137237 -484.29638077950386;338.9408190691214 367.58552905242755;-464.6173372601461 -163.86858207742998;480.6824184698938 -119.52792439214126;-292.84213383598626 389.2719330007626;-478.8747916775428 143.80125106442338
500,6,15,LXSSA_REPAIR,900.3252210143983,42991.94514709362,0.5976982668666703,,6030,6030,0,0,100,0.0,2,-371.0424995331147 -22.71508254301265;118.83516295234524 485.67293938008277;-119.04853340992437 -476.8252367062797;320.7909970282753 -217.07328998228397;-317.3042793679363 367.063269532266;430.2664283321822 175.25236138173997
500,6,16,LXSSA_REPAIR,901.8647182300627,42990.405649877954,0.5976982668666703,,6030,6030,0,0,100,0.0,2,-365.4919296481544 -121.12211632249132;246.1015495756981 435.2401949457796;368.33135850759794 -320.37695539714645;-260.8560255368173 291.3750309234337;426.3166071574179 101.68651316383252;-172.43189348198962 -469.31761918694673
500,6,17,LXSSA_REPAIR,1260.3326887817238,42631.93767932629,0.5976982668666703,,6030,6030,0,0,100,0.0,2,366.1000029087412 335.1329388117105;-200.18963877213454 6.325547644229218;-293.8002211343118 336.6204713808487;-379.7780863600768 -325.2208559128366;380.81280926331146 -324.00864849720404;-8.51961972108474 -435.3867085365002
500,6,18,LXSSA_REPAIR,752.5697071365285,43139.70066097149,0.5976982668666703,,6030,6030,0,0,100,0.0,2,-324.1070925933104 -380.72902769648556;497.2237125558485 52.61729442093018;-476.88608417780966 82.35895910225689;-162.00733870908638 461.3742252755429;356.49046559195534 326.58480621649096;324.8951100751121 -378.8253774780615
500,6,19,LXSSA_REPAIR,1090.15739598246,42802.11297212556,0.5976982668666703,,6030,6030,0,0,100,0.0,2,25.85439651058192 499.31754507691807;-83.95109392361957 -14.46063521073294;-204.50909515726494 -456.26311487776076;419.0049623378535 270.758947884755;248.99417251970848 -328.9388202046387;-368.8097000101175 272.3150464051284
500,6,20,LXSSA_REPAIR,892.9846486435563,42999.28571946446,0.5976982668666703,,6030,6030,0,0,100,0.0,2,237.06468051177518 -440.2275971061446;-387.06400072426766 168.69549360054995;452.17213816296675 -49.78172622989915;-98.98526659399562 490.10398590229363;339.52538206248545 367.0456578347212;-242.47440153888402 -437.1926816705888
500,6,21,LXSSA_REPAIR,832.8609593036235,43059.40940880439,0.5976982668666703,,6030,6030,0,0,100,0.0,2,-433.0575898268434 249.8642151704588;-13.471787869973985 499.81467200749006;-256.0623073283153 -429.4555795023502;498.62603709481687 -28.695886455490598;402.83888421122924 264.0851806218935;253.25024577382823 -430.658676257878
500,6,22,LXSSA_REPAIR,1066.849645631046,42825.42072247697,0.5976982668666703,,6030,6030,0,0,100,0.0,2,229.52742127060748 267.8845120417766;374.5151637761126 -278.7249989987549;-366.87642975104325 -286.179932633278;-288.0851942826207 408.6648025401071;-10.343114088675055 -499.89300854377694;-178.30284456249976 30.7172494876596
500,6,23,LXSSA_REPAIR,1031.182690205016,42861.087677903,0.5976982668666703,,6030,6030,0,0,100,0.0,2,-275.45689618253493 -380.0992352554692;323.1534829025516 252.13850816359658;-483.55999463896364 48.61979921703052;108.87907805078729 -487.92530682217966;1.4982693178476965 -88.9068603262374;-267.9316746164771 414.9095955446081
500,6,24,LXSSA_REPAIR,1123.018311969594,42769.25205613842,0.5976982668666703,,6030,6030,0,0,100,0.0,2,-129.68100319024998 -482.89008833436446;-162.55079949107932 472.8395473993381;328.2932558487661 -209.49069934306164;-446.4973826196906 38.19683611268924;103.49651075716584 191.77774245141393;494.1908029427866 75.98993104160428
500,6,25,LXSSA_REPAIR,639.0337598640763,43253.23660824394,0.5976982668666703,,6030,6030,0,0,100,0.0,2,-127.70000095749226 483.4177278290093;481.63340234028345 -119.79163812423769;-333.6476104130645 -342.98040460891764;154.96253716636713 -475.3804918956628;-460.7586394900877 123.11349769705419;358.9197441913966 348.1042153183572
500,6,26,LXSSA_REPAIR,728.9170083657227,43163.35335974229,0.5976982668666703,,6030,6030,0,0,100,0.0,2,-479.4809053796998 -138.16268497963725;360.51700196570806 -341.30678018403495;473.5490438901101 136.57056782019728;-442.7601290610593 167.96516189251125;109.63145238940955 487.80258326101057;-142.41205624305397 -479.2898979079626
500,6,27,LXSSA_REPAIR,939.8551778267793,42952.41519028124,0.5976982668666703,,6030,6030,0,0,100,0.0,2,-405.0861866815309 -164.42918821443257;456.1720734282907 -199.65485050582288;-240.6892993210168 438.25638750890784;-63.49680170827591 -495.9517679904165;-171.32316218887027 136.5216564858084;344.4628134881903 277.56942070594863
500,6,28,LXSSA_REPAIR,1086.774777213228,42805.49559089479,0.5976982668666703,,6030,6030,0,0,100,0.0,2,373.11048324415776 174.89206655845405;-352.22638677707283 354.87543231106866;270.6032587592036 -420.43575457966625;-214.05449383506428 -150.68649674740695;85.09742549261121 479.69486248944406;474.73048024227717 -156.9425727103289
500,6,29,LXSSA_REPAIR,1047.2586883689582,42845.01167973906,0.5976982668666703,,6030,6030,0,0,100,0.0,2,-70.49650193389267 -489.8518369367168;14.486306869088557 499.7901028564837;-499.7580956461104 -15.551393383653279;345.6426006119597 -39.767818188318984;421.9536740332797 259.86581011171467;325.11303875608206 -377.7563083928142
500,6,30,LXSSA_REPAIR,1024.8127160176227,42867.4576520904,0.5976982668666703,,6030,6030,0,0,100,0.0,2,407.89814618166497 -51.097252463404104;-84.20068693958166 81.25493695499183;-415.94526338492756 -271.50858953499016;-269.9361901404967 420.8734408969442;-19.764610108964558 -499.6092074684379;254.9935468570542 426.66753930877826
750,6,1,LXSSA_REPAIR,346.54927848843363,43545.72108961958,0.6358481059667004,,6030,6030,0,0,100,0.0,2,-258.2615779578492 698.707984669183;-112.86857245390105 -740.754939466183;554.3182715219693 176.53342449308838;-467.7636235267892 -115.78184640926469;-555.753435919115 186.94575491486808;572.4532264342197 484.55887521028035
750,6,2,LXSSA_REPAIR,256.07817300815805,43636.19219509986,0.6358481059667004,,6030,6030,0,0,100,0.0,2,170.58843740076807 -709.4467850274992;-364.829471368008 149.61334733435436;707.282629816642 -143.16361944172854;-552.342890483457 -506.61812910535883;-477.15781800019613 541.0977201903482;192.979971371044 724.747356428177
750,6,3,LXSSA_REPAIR,539.9319447051676,43352.33842340285,0.6358481059667004,,6030,6030,0,0,100,0.0,2,-207.2911653273552 -720.7845536477784;-459.3552417698475 592.8682500004237;199.6180796607156 -64.50196531589256;450.11844015421525 584.0525711356986;-624.9479129822171 -53.400732227257706;-112.9964348678572 247.89804757215475
750,6,4,LXSSA_REPAIR,386.491745454674,43505.77862265334,0.6358481059667004,,6030,6030,0,0,100,0.0,2,700.3114682545339 -108.5159819938624;-570.6721613190151 261.1269584346449;-465.13157401103257 550.4809742321265;-657.7593727564281 -89.45161732693128;168.2959675222615 722.3360148603917;-557.1677897651218 -436.5088473605185
750,6,5,LXSSA_REPAIR,215.1900620073502,43677.080306100666,0.6358481059667004,,6030,6030,0,0,100,0.0,2,527.058621885392 496.8695398807746;-699.217913405145 150.26034259918862;716.3445570527141 140.84844255602644;-500.89832393249696 -548.3833507758532;-503.5701663995276 500.9197524636662;519.7636897518804 -539.546606735895
750,6,6,LXSSA_REPAIR,387.94867341499776,43504.32169469302,0.6358481059667004,,6030,6030,0,0,100,0.0,2,531.7578187594244 202.11739505012744;-572.0458491837343 210.37274598229388;-151.1175174367999 -471.7402543392044;258.0964498877739 -704.1918932757801;-667.6177433175061 -167.94012425079924;260.75558798164366 700.0507779686332
750,6,7,LXSSA_REPAIR,401.13372950394114,43491.13663860408,0.6358481059667004,,6030,6030,0,0,100,0.0,2,-334.4021964979427 -641.7612768038032;-110.76870944109186 721.9594642853285;38.25160543594854 -238.86019479089222;-117.09404882151 318.2655023455352;581.9329116256539 -388.4656726704842;594.138867948673 317.1100916809182
750,6,8,LXSSA_REPAIR,249.23058005147325,43643.03978805654,0.6358481059667004,,6030,6030,0,0,100,0.0,2,676.5507721733293 -84.14394025881533;-127.02605456919102 725.407670489173;685.3935658155309 246.8194372652211;370.6211092373884 -652.0276017068969;-413.4805637625146 228.06348014928676;-541.3972872061743 -413.0694760686893
750,6,9,LXSSA_REPAIR,509.7483354332435,43382.52203267477,0.6358481059667004,,6030,6030,0,0,100,0.0,2,-0.5410960921621778 -398.2405683087211;-440.616231218658 387.4905919733139;517.8182798267088 -542.5534343060675;117.83884822315699 709.6964291338519;-517.498350123002 -542.8585981818569;-488.89637317006685 83.29766335659421
750,6,10,LXSSA_REPAIR,303.2246707754093,43589.04569733261,0.6358481059667004,,6030,6030,0,0,100,0.0,2,-615.1001655657692 418.3856311270008;-499.9682304774873 13.66390018314536;273.65152274582834 -425.82834220829614;691.4059521617627 10.011618461445439;-617.3412756239876 -415.5240488767135;-42.221126153678114 748.8106412881131
750,6,11,LXSSA_REPAIR,372.0975067183099,43520.17286138971,0.6358481059667004,,6030,6030,0,0,100,0.0,2,-711.1217161161469 185.65437033318454;175.5968923475025 -688.235621839108;-452.44860404395 598.1557160963029;453.95963029674704 -185.64887590585045;260.31254357051455 180.0313755092484;484.83332296750746 571.6561619905854
750,6,12,LXSSA_REPAIR,387.9422547695722,43504.328113338444,0.6358481059667004,,6030,6030,0,0,100,0.0,2,56.406949895194835 747.8758292681485;-637.1914722328305 -395.5844128801817;-438.35433909679915 608.3277699714205;746.2021835094075 -5.543701891894829;635.4217550861903 -398.4208744069336;-747.1375107173156 -6.531943856860276
750,6,13,LXSSA_REPAIR,332.1267430899097,43560.14362501811,0.6358481059667004,,6030,6030,0,0,100,0.0,2,-595.0560086629464 -334.8447889707541;69.12169980686566 -721.6409486186477;711.1755122196806 107.5497534484463;277.5533340277358 -351.6125980240256;-282.0788203449853 672.1779899856103;-730.1042652972087 171.6018139222354
750,6,14,LXSSA_REPAIR,318.1746189312544,43574.09574917676,0.6358481059667004,,6030,6030,0,0,100,0.0,2,-213.79219682672783 -718.8830896439292;15.356280999696637 748.4339463559327;646.2749821504187 -246.87221992682484;-251.9491089478223 258.26533104950335;-696.7974466000617 -234.14677926553915;498.0110049683514 462.5510732571722
750,6,15,LXSSA_REPAIR,347.58580951612385,43544.68455859189,0.6358481059667004,,6030,6030,0,0,100,0.0,2,-277.137910243259 -205.69601230326109;-148.12377845495695 -707.819117161565;334.31079459592496 151.72660091754636;-225.94902314292926 715.1552551304898;692.7397075486948 -213.74582009054288;445.4799660421294 537.1144823591161
750,6,16,LXSSA_REPAIR,409.32815089086944,43482.94221721715,0.6358481059667004,,6030,6030,0,0,100,0.0,2,100.02653734371393 742.7683983517483;-344.8081097718246 -666.0015960573127;468.3545789785245 -202.6572862820177;743.4485212812109 98.91437567947142;334.1810065075453 -670.8647603779021;-527.6223901318285 93.823618768444
750,6,17,LXSSA_REPAIR,233.00234413256112,43659.268023975455,0.6358481059667004,,6030,6030,0,0,100,0.0,2,710.2719355361588 200.19100880152604;-525.4828488877188 -516.1753483332632;220.57120834343795 -716.8044452504762;-699.9345599514569 210.69686596779226;-206.5155959934624 720.7296506224006;-715.0013636736959 -157.40391524674126
750,6,18,LXSSA_REPAIR,405.013398169991,43487.256969938026,0.6358481059667004,,6030,6030,0,0,100,0.0,2,354.73509321440844 108.26549710553162;3.730062590011161 749.7944631168743;-711.7502479704801 -205.50302654262316;500.8645920591792 -522.3586392143386;541.7518312421497 433.7729211715104;-613.1778617430193 392.32891973918413
750,6,19,LXSSA_REPAIR,354.55937629124674,43537.71099181677,0.6358481059667004,,6030,6030,0,0,100,0.0,2,729.5350096099803 165.36829597061768;194.91981957184512 -724.228046417134;554.2177547174067 500.74938889929774;152.78951355601012 734.271995929398;-522.1496862269377 -530.4529629074152;-726.3386351006101 186.5720357601282
750,6,20,LXSSA_REPAIR,458.6627151823632,43433.60765292565,0.6358481059667004,,6030,6030,0,0,100,0.0,2,361.2754304164893 605.0563132882711;166.71124779581223 248.92548413518958;-447.9153081309109 601.5578748067313;745.3663772742418 -83.24039661770313;-166.5017389140214 -713.4299744234297;52.286089009109055 -468.0008372294914
750,6,21,LXSSA_REPAIR,194.22929764226865,43698.04107046575,0.6358481059667004,,6030,6030,0,0,100,0.0,2,-635.7352358432308 372.1799510597675;-635.2830259827607 -398.4496790183205;-743.7859736127159 -21.80487650848803;741.1692812001353 -15.795840871631064;6.691736009742315 744.8311052490058;351.16791296143975 -662.7073991636933
750,6,22,LXSSA_REPAIR,308.6348649762076,43583.63550313181,0.6358481059667004,,6030,6030,0,0,100,0.0,2,3.3368980620702513 23.523083524744276;-651.3584117985224 -362.5492217628929;-368.85827328608286 653.0259385482908;657.4100266920125 -360.9872359995956;-749.6339946234376 23.428061955935352;366.7632163894513 651.5782122233056
750,6,23,LXSSA_REPAIR,304.3522468513256,43587.91812125669,0.6358481059667004,,6030,6030,0,0,100,0.0,2,683.4633029239797 218.92815308510671;506.34255286441567 549.8344357896793;-173.1596823192601 -708.1243823995828;333.5625467821013 -163.03041127071515;-734.2069775099396 -151.06567000374613;-397.5369616055434 553.0521318333697
750,6,24,LXSSA_REPAIR,313.7592221540981,43578.51114595392,0.6358481059667004,,6030,6030,0,0,100,0.0,2,-586.8545683292904 35.78318216421472;440.69057206724807 606.8705131171242;132.52721008508655 -697.9182615649158;395.37015355272365 -245.78660507845103;443.6263667400463 58.45298245232299;-528.4835716604114 338.20161959039206
750,6,25,LXSSA_REPAIR,343.90106897863006,43548.36929912939,0.6358481059667004,,6030,6030,0,0,100,0.0,2,-565.3346454122724 117.40702759414796;-204.62215318376494 721.5467776354008;-584.6133719036283 -417.5095189911199;-26.396063663943593 -749.5353479727282;292.2929643438608 -406.3717882891964;419.44461602824236 117.28219033119642
750,6,26,LXSSA_REPAIR,352.44343023697,43539.82693787105,0.6358481059667004,,6030,6030,0,0,100,0.0,2,568.0558283123918 -473.76642245881203;-582.5796780081139 -472.3325431521789;-143.25338901801373 735.6527745405325;-582.0564849409961 -127.0599778642399;715.5532047887788 217.39563884916544;-66.15223843420235 425.2783837870993
750,6,27,LXSSA_REPAIR,366.3529402879431,43525.91742782007,0.6358481059667004,,6030,6030,0,0,100,0.0,2,311.040075569983 241.441869224264;-467.16564944413807 447.14600584862495;-31.54462174338619 -749.336330921614;-742.7631829170895 -48.68557865826603;393.1898781807758 -55.410490713141584;50.99400814108639 748.2591030750374
750,6,28,LXSSA_REPAIR,338.1529825307298,43554.11738557729,0.6358481059667004,,6030,6030,0,0,100,0.0,2,343.8917405520633 -650.8414922925153;-491.3302525726296 -418.6700426824614;276.74699852587503 387.13463304237865;728.1563066129071 -70.64559462929832;-81.5613159135621 745.5519778972141;-584.3037936498956 -92.91615239695628
750,6,29,LXSSA_REPAIR,243.5975278134647,43648.67284029455,0.6358481059667004,,6030,6030,0,0,100,0.0,2,-709.3604648934103 -243.53178611057098;-21.32087694139894 -652.782666653304;738.2199420860048 132.40588018111413;-194.96979795316201 698.4253191436721;714.764600281835 -227.1817382305035;-347.5517767460738 408.1270297889291
750,6,30,LXSSA_REPAIR,322.93683751255594,43569.33353059546,0.6358481059667004,,6030,6030,0,0,100,0.0,2,-739.5479931407752 -23.62730972718752;3.3827100172503584 183.39629147853137;-124.03653457775307 739.6721828553118;586.1726544138392 -399.1897111961962;-364.5599759881123 -655.0146867875076;692.3187612522031 -11.710406895734156
1000,6,1,LXSSA_REPAIR,168.57749170411262,43723.692876403904,0.6060519937333689,,6030,6030,0,0,100,0.0,2,-651.179735771116 758.9235480080055;825.2617506065245 377.8669489890516;-384.5743979929457 -728.7619691100392;-750.0073625569634 -61.63266007138511;717.5280251775595 -60.540022522379815;-738.3307665789704 369.549494700122
1000,6,2,LXSSA_REPAIR,128.32054724495538,43763.94982086306,0.6060519937333689,,6030,6030,0,0,100,0.0,2,319.0652590448129 -128.8365991113834;-959.5922359583968 234.83398599673194;649.8765667724564 -729.7224167738511;338.788409554466 253.793328572384;331.0741834377189 943.6047292489835;-687.9551484815081 -725.7531954612559
1000,6,3,LXSSA_REPAIR,138.8119130444029,43753.458455063614,0.6060519937333689,,6030,6030,0,0,100,0.0,2,334.4685075353215 -58.56791373248724;678.4917499244012 548.8647646393632;916.8145748122431 -399.31320465500005;-746.1813860630804 564.7748999670458;-803.4602941930655 -385.10393715370424;89.41629269719049 -897.9786065756301
1000,6,4,LXSSA_REPAIR,82.73266360680282,43809.537704501214,0.6060519937333689,,6030,6030,0,0,100,0.0,2,12.967803100354642 -986.5587589785628;864.992403905113 -492.89088964353255;-849.0914952870903 502.79585590805345;-868.427541991689 -478.2461674141094;995.7064699959333 8.421399096774104;858.4382504118626 511.5374085664191
1000,6,5,LXSSA_REPAIR,205.3982263954604,43686.87214171256,0.6060519937333689,,6030,6030,0,0,100,0.0,2,-943.0262316957326 184.71722338315237;568.375790411765 -822.7690811362573;-948.1710390774606 -317.76041392025;362.32967470773104 931.7924372548707;777.3336908691845 198.10204620893987;-416.9356246824437 -839.4950787763714
1000,6,6,LXSSA_REPAIR,179.51298584417236,43712.75738226384,0.6060519937333689,,6030,6030,0,0,100,0.0,2,796.7522804640074 352.8777330281073;-451.39210198849065 385.0010259488013;646.5218523706556 -198.06526149045825;-317.61806558798145 948.2142083721145;-972.961542051289 -165.78203133808418;428.0536400555899 -903.7533298611737
1000,6,7,LXSSA_REPAIR,96.83907082289808,43795.43129728512,0.6060519937333689,,6030,6030,0,0,100,0.0,2,257.3272709724297 -966.323329720462;705.5083177238643 705.5315203932797;-672.8611717245878 704.7703674396381;-938.599716413587 237.3064994067851;974.0109794760937 216.90274477460844;-947.1985593782888 -286.19724580619555
1000,6,8,LXSSA_REPAIR,177.89686873812025,43714.373499369896,0.6060519937333689,,6030,6030,0,0,100,0.0,2,-182.24978855978688 469.4220731091234;-43.08174529615067 995.3442740051686;829.8881259912113 -555.2158578930852;-331.5762672906584 -905.5066025163339;-284.5702802509229 50.74305744703788;-766.1309517008382 -474.5670247060409
1000,6,9,LXSSA_REPAIR,193.79520094719192,43698.475167160825,0.6060519937333689,,6030,6030,0,0,100,0.0,2,-858.0850197510088 261.84366896544236;-635.3037921315849 -420.21405763147914;-344.4696193617329 -938.7705458662962;485.6895147000693 -107.65772597675512;-242.58589801310686 614.8543993722616;-138.67858159591853 990.3374051044989
1000,6,10,LXSSA_REPAIR,75.3984563350532,43816.87191177296,0.6060519937333689,,6030,6030,0,0,100,0.0,2,-458.5835569158086 845.361453990821;32.112819412469534 -993.4831928993241;-949.9399686844521 11.380358724337901;871.779408513927 489.89862236639124;-808.8284487049905 -510.57377738189376;866.550653981678 -499.0799551721964
1000,6,11,LXSSA_REPAIR,159.93815239590913,43732.33221571211,0.6060519937333689,,6030,6030,0,0,100,0.0,2,-219.26875052167267 -478.761026687769;-449.64025171044005 -893.2097424691315;282.5855997666564 894.6399031729183;-529.6274308447549 669.8597008420536;80.22493131775688 62.31905708768498;903.3511755300303 -164.57119497488986
1000,6,12,LXSSA_REPAIR,112.11664312962968,43780.15372497839,0.6060519937333689,,6030,6030,0,0,100,0.0,2,-169.54248711638073 762.7913027711332;-213.81989860380122 -936.343103872481;-747.0908932916013 151.40871963845504;872.8843089748319 165.26511935844263;-857.0549113309023 -299.31039564409537;861.3076272618716 -307.29246464081257
1000,6,13,LXSSA_REPAIR,132.33738207785063,43759.932986030166,0.6060519937333689,,6030,6030,0,0,100,0.0,2,517.3716455173726 -173.52438110289805;213.54798586197938 976.9324279502175;-968.4317648296251 249.27879346020927;294.8058987509649 -955.515293203573;-980.6817432855224 -194.88489726619918;323.15181180576224 576.249389045903
1000,6,14,LXSSA_REPAIR,146.4820951964139,43745.7882729116,0.6060519937333689,,6030,6030,0,0,100,0.0,2,-238.84585250429507 -32.40094625580264;-839.2678884432391 542.6924752803864;8.528497964839183 -999.6984194089499;-58.44353877879106 995.5842322534015;750.8105573099017 -573.8820649867752;753.2389794833434 524.8303125957335
1000,6,15,LXSSA_REPAIR,198.5056166028953,43693.76475150512,0.6060519937333689,,6030,6030,0,0,100,0.0,2,196.43473842514985 526.9096902163726;-886.545363214705 -462.6376491501624;802.9702229936562 -498.9106237278478;-488.7689803761181 -865.9527658622434;-82.43341318811433 16.394106015441047;63.27769190043768 997.9959587632374
1000,6,16,LXSSA_REPAIR,81.08490068029641,43811.18546742772,0.6060519937333689,,6030,6030,0,0,100,0.0,2,41.56085929201034 968.2503110105908;847.1028576503755 -531.3676528124911;-804.5066891666805 478.51756524764073;984.253277032396 -3.9538745069655414;-940.9085779830124 -49.29878368768317;39.47781729797787 -999.1885575271822
1000,6,17,LXSSA_REPAIR,248.9817349994701,43643.28863310855,0.6060519937333689,,6030,6030,0,0,100,0.0,2,-972.272221712241 3.62556196177637;563.8112641062785 -825.8598935812583;847.2657297767337 -493.46343765703796;540.7402372434769 830.5561133917062;338.5530005543546 16.999126319523327;-53.74998262980164 -998.5544248398761
1000,6,18,LXSSA_REPAIR,164.04337723034405,43728.22699087767,0.6060519937333689,,6030,6030,0,0,100,0.0,2,954.2350177787564 -273.65024788230266;-201.20130433391205 -979.5489299257632;-710.1513565134504 -682.2872576585642;-962.643964040829 -220.50549234798098;245.3181252175525 969.4426323613715;961.3529552495095 263.9651768043707
1000,6,19,LXSSA_REPAIR,73.29600754278363,43818.97436056523,0.6060519937333689,,6030,6030,0,0,100,0.0,2,-915.3893386603036 -260.35267165722223;-239.840171706404 963.1397425700768;964.837854947667 262.84579825438476;-198.2041037115316 -973.750096800325;959.2338396175778 -282.61358943355674;-906.0431986834437 276.0720731712858
1000,6,20,LXSSA_REPAIR,217.2291335253758,43675.04123458264,0.6060519937333689,,6030,6030,0,0,100,0.0,2,-297.5283349514978 954.7112819680492;-238.38660793521646 -966.9419037009892;-747.5528811853275 -664.1986640015873;721.2284182664511 -692.4402589873176;-304.85055954293847 309.7755574398119;440.4950728272257 518.8363629015315
1000,6,21,LXSSA_REPAIR,245.3938443326188,43646.8765237754,0.6060519937333689,,6030,6030,0,0,100,0.0,2,-98.53696772463319 -414.1668303842822;-639.1571143717257 750.4445634827675;-208.91007302420826 -10.823349423404649;-860.3786133182965 362.23746351756114;293.44992960644436 -813.9545671298099;565.4867573030392 748.9202315073176
1000,6,22,LXSSA_REPAIR,289.8062918626965,43602.46407624532,0.6060519937333689,,6030,6030,0,0,100,0.0,2,415.8542029910152 789.6540987089628;690.7331774172083 -204.8457282748785;-317.73820919646613 790.254388899316;52.74628129625322 -874.0443345091606;152.98788979447798 -512.5698694132693;563.677405450237 272.73780044975626
1000,6,23,LXSSA_REPAIR,97.91339928752132,43794.356968820495,0.6060519937333689,,6030,6030,0,0,100,0.0,2,-969.1052878247973 -213.73737172660339;-256.37445480463884 -913.3958432310288;690.0226214330353 723.7785185331321;710.080368238158 -647.9245813114958;-197.53381440951125 970.1235940655056;-849.131468258939 279.75574157727027
1000,6,24,LXSSA_REPAIR,118.7161795136126,43773.5541885944,0.6060519937333689,,6030,6030,0,0,100,0.0,2,-502.45184074353074 -808.4049032705706;-3.6136205844354796 999.9934604042334;-847.8480499086837 508.65113451232395;-976.4171709302211 32.15906830500403;866.7649410968218 -429.0855563322443;508.76261622909533 -814.9962304273736
1000,6,25,LXSSA_REPAIR,183.7072687922482,43708.56309931577,0.6060519937333689,,6030,6030,0,0,100,0.0,2,-508.6014823278807 844.5948222127533;810.4607614058809 -561.7524192250781;-294.2503847536196 -872.6905839312345;-636.6221645595105 306.62097184477443;-838.2373517477199 -544.7475034804809;-735.6838900812398 -132.63043114178092
1000,6,26,LXSSA_REPAIR,139.85969081569783,43752.41067729232,0.6060519937333689,,6030,6030,0,0,100,0.0,2,610.3342173627292 -789.1659796154486;890.5335536723398 -300.18143054943585;991.5275672654997 75.84933842209107;-304.01877556358 871.4165585515477;-988.4173626347193 146.44976295072166;683.647438735199 610.2821310255355
1000,6,27,LXSSA_REPAIR,323.97345993851195,43568.29690816951,0.6060519937333689,,6030,6030,0,0,100,0.0,2,901.4855092168206 -432.809211912399;943.0829703268187 268.02270331149214;-9.124900866991338 523.0264153517384;550.598109840912 -818.9683636891868;-548.9185646175238 833.262699594868;-83.95212944114894 -992.7684805513943
1000,6,28,LXSSA_REPAIR,214.28725553952245,43677.983112568494,0.6060519937333689,,6030,6030,0,0,100,0.0,2,-561.5947019040883 -813.4936426817629;873.8576017031729 -486.18115483286846;-74.4507590667437 966.7501185920245;639.660963120393 545.1208056571963;60.57089237230113 -981.7557861455944;-824.1563287034181 527.8829238389245
1000,6,29,LXSSA_REPAIR,158.11120160709106,43734.159166500925,0.6060519937333689,,6030,6030,0,0,100,0.0,2,-88.2140872525006 610.7692398257054;-528.6345008533593 -167.80525452243918;745.5236131719281 -179.00202995824196;781.942578220926 608.0229423580965;272.72692488456806 -962.0914844457398;126.90706264271023 991.8618759298531
1000,6,30,LXSSA_REPAIR,147.46556804069405,43744.80480006732,0.6060519937333689,,6030,6030,0,0,100,0.0,2,54.75614634298157 -998.4997564012583;850.7384357035552 445.7591102197861;440.5207355373915 860.166287877415;-522.3473955926545 852.7274253999168;986.1795962656552 -36.309357233468326;-860.6272567057251 -483.71500779852926
500,5,1,LXSSA_REPAIR,338.1529737313831,36238.73899969197,0.4471099309666291,,6030,6030,0,0,100,0.0,2,-228.5872054115023 444.68827804295205;263.9914328917549 -30.085981395006545;-496.04878375550305 -17.706978869151634;-3.5333104992945823 -499.987515453457;429.6826341575829 255.68099638048747
500,5,2,LXSSA_REPAIR,539.7031660459106,36037.18880737744,0.4471099309666291,,6030,6030,0,0,100,0.0,2,371.1151447191371 335.07245389630873;-145.99599922889809 478.2074622177225;-444.3087942808557 131.90962766036577;-152.90091751630393 -476.0475915522233;-468.31566723105715 -175.15334910460382
500,5,3,LXSSA_REPAIR,552.1232512458009,36024.76872217755,0.4471099309666291,,6030,6030,0,0,100,0.0,2,-114.77771185908942 486.45651818206136;-483.51941799964465 92.65289380355657;111.66489066591366 88.14524448192117;114.11597049683984 -486.80339489116585;465.9447471176934 -124.07956979458774
500,5,4,LXSSA_REPAIR,344.47110089449416,36232.420872528855,0.4471099309666291,,6030,6030,0,0,100,0.0,2,245.07040101484276 -435.821636161428;-423.8728213283055 208.96062763636408;-431.90439309205397 -251.90989505730914;379.6286517910721 -22.735670791942194;264.98229749663125 402.7019733656485
500,5,5,LXSSA_REPAIR,428.0168434501247,36148.875129973225,0.4471099309666291,,6030,6030,0,0,100,0.0,2,282.492314057753 382.6428562157861;198.90963819341636 4.49113208731651;-465.760681692307 181.46998393243197;-353.6511227754194 -318.2584322005781;180.10477708225147 -466.4356996368682
500,5,6,LXSSA_REPAIR,332.45221355211834,36244.43975987123,0.4471099309666291,,6030,6030,0,0,100,0.0,2,-475.2893630344403 -4.2468160994480195;431.8927348342722 240.18981726209185;-13.651736365065624 499.81358692928467;-228.04915631773187 -444.9646978163219;425.7175588755379 -262.2299465158345
500,5,7,LXSSA_REPAIR,439.70618089478376,36137.185792528566,0.4471099309666291,,6030,6030,0,0,100,0.0,2,-314.14004448015294 69.40624429225139;392.87782187644336 67.7203944837402;174.60500143342392 -218.1905897121743;7.044728755469622 -499.95033913746147;-36.27707655427963 498.6822283197919
500,5,8,LXSSA_REPAIR,339.2480200000209,36237.64395342333,0.4471099309666291,,6030,6030,0,0,100,0.0,2,381.744655873515 322.91023166200785;394.2146114597879 -146.80552545879215;-370.78188351608645 323.8483119604036;102.43353137358 -489.3949035802659;-477.39439109798207 -148.63311187458714
500,5,9,LXSSA_REPAIR,569.8387224211401,36007.05325100221,0.4471099309666291,,6030,6030,0,0,100,0.0,2,-14.436381701328948 499.70705531157165;-339.96860985510256 -366.6208554626592;275.0807909536786 -194.4855061973034;269.7301380135956 216.78084271572834;-461.8977529566095 18.905520460098135
500,5,10,LXSSA_REPAIR,468.10381179265096,36108.7881616307,0.4471099309666291,,6030,6030,0,0,100,0.0,2,472.8680177047905 13.486020040701737;-198.41729144546497 195.87036950573466;228.33404925198937 444.8151539660666;-428.2003154000751 -215.5561229080466;6.458875035887164 -468.74231615620204
500,5,11,LXSSA_REPAIR,396.59293901416095,36180.29903440919,0.4471099309666291,,6030,6030,0,0,100,0.0,2,160.96716967942612 -444.43292713733274;181.38809876578404 465.89539488312954;-412.759387738243 -282.1873275573351;355.68942290951907 -77.32278986480378;-408.24420993474615 129.78470672474583
500,5,12,LXSSA_REPAIR,375.027845268989,36201.86412815436,0.4471099309666291,,6030,6030,0,0,100,0.0,2,499.90810623584025 8.848877601801272;-410.4904606797698 247.32930647044668;22.976108169768008 -499.471819478708;22.83056358204877 498.969669930388;-425.510172576323 -237.15512482906516
500,5,13,LXSSA_REPAIR,340.90118720372266,36235.99078621963,0.4471099309666291,,6030,6030,0,0,100,0.0,2,53.16231765118039 -497.05848784976877;155.9501606128579 -149.86841384115672;415.79707660725313 277.6918995359077;-468.8567563777004 25.77420964458135;-207.8976519754755 454.72785309646
500,5,14,LXSSA_REPAIR,398.1587491640603,36178.73322425929,0.4471099309666291,,6030,6030,0,0,100,0.0,2,472.28736894278336 72.35699422811486;332.75205947445534 -373.14154911059944;-157.3642290958392 444.2400732993074;-494.163171695218 76.1758474854234;-277.6405900505325 -371.56427013402066
500,5,15,LXSSA_REPAIR,409.9629440912904,36166.92902933206,0.4471099309666291,,6030,6030,0,0,100,0.0,2,170.29649400767534 107.11036203672103;14.977173142729962 -499.7756339445258;-422.3306132022376 267.6505056421578;230.1858747652449 443.8631129735371;-438.38648203068925 -240.45226630821378
500,5,16,LXSSA_REPAIR,410.8955512784596,36165.99642214489,0.4471099309666291,,6030,6030,0,0,100,0.0,2,341.76303833318786 250.14558602505892;-499.81655716847274 13.54138195530146;-265.0792468416385 422.0975144857062;445.0617795439923 -227.8595878088269;-17.142734709577407 -496.32451167290066
500,5,17,LXSSA_REPAIR,422.468621477281,36154.42335194607,0.4471099309666291,,6030,6030,0,0,100,0.0,2,-498.0982419661104 -42.622845509374365;-123.32201288594062 -430.1711623623228;415.5965701455528 -277.9918896097063;-257.67517576638903 397.7988342703068;449.8300348439668 205.62719522022655
500,5,18,LXSSA_REPAIR,453.1984357509209,36123.69353767243,0.4471099309666291,,6030,6030,0,0,100,0.0,2,-186.16572425785114 -464.0499144613106;-81.96199748704015 493.23326909551326;-313.1955570665004 -25.103290391160847;291.2633291700676 -186.00166077057662;467.28956942120027 177.87764983310652
500,5,19,LXSSA_REPAIR,550.4537706928168,36026.43820273053,0.4471099309666291,,6030,6030,0,0,100,0.0,2,321.2021540789815 169.21208094679181;-281.52884797022455 -387.72742802113993;-289.8306161920636 -2.5843910336829112;-7.7484597654608685 499.9399577661932;320.58727325524916 -383.6960781664924
500,5,20,LXSSA_REPAIR,547.3979656881347,36029.494007735215,0.4471099309666291,,6030,6030,0,0,100,0.0,2,-332.59940274809543 -62.626789426075526;374.459170172138 136.06797669328122;-196.40257036131186 459.8106535627103;272.9536432119045 -418.9029773472674;-226.91449071228197 -420.2254699006542
500,5,21,LXSSA_REPAIR,285.9647693852821,36290.92720403807,0.4471099309666291,,6030,6030,0,0,100,0.0,2,-260.5385242811947 -426.75023575571726;421.9191842021806 253.98260890972185;415.46568275429564 -238.97406775932507;-498.08975859846777 5.973699197868122;-248.61557250746077 433.8077050281147
500,5,22,LXSSA_REPAIR,605.3566279081133,35971.53534551524,0.4471099309666291,,6030,6030,0,0,100,0.0,2,-429.29137766947576 256.3374983466982;375.19776317339193 265.12243258542867;-20.685056772302058 499.5719451954109;-93.69744567068841 -490.9645972380093;-419.71062357951024 -168.82647777705478
500,5,23,LXSSA_REPAIR,653.4058997718093,35923.48607365154,0.4471099309666291,,6030,6030,0,0,100,0.0,2,271.7709866431786 165.14836765258255;-354.167057444063 349.85678750297086;-429.51539486758855 -36.40161570255605;105.93348053187098 -355.56711938598175;113.48825553806338 486.9501163927648
500,5,24,LXSSA_REPAIR,436.1877657574878,36140.70420766586,0.4471099309666291,,6030,6030,0,0,100,0.0,2,-316.07569224878375 387.42058426726396;-474.32584594094163 123.18244940780993;-365.11468943288753 -333.5453806894476;483.23680713040835 -108.23386333669544;149.01083138810873 -477.27955343700256
500,5,25,LXSSA_REPAIR,572.6024334817921,36004.28953994156,0.4471099309666291,,6030,6030,0,0,100,0.0,2,274.6133294682343 -119.72226713077853;-20.88010369940638 -499.56379242226916;-82.17622856802782 493.20081668978867;-407.14654676197904 -112.85053970353862;173.50804044168433 231.49790734733938
500,5,26,LXSSA_REPAIR,409.7736938540038,36167.11827956935,0.4471099309666291,,6030,6030,0,0,100,0.0,2,-495.63441564103516 1.628009732582115;-8.059388794869118 499.9347878645196;407.52381181232204 -257.07375248111936;-246.81225433115947 -434.8375686529063;159.82377937138492 183.09804210828295
500,5,27,LXSSA_REPAIR,405.7092090814913,36171.18276434186,0.4471099309666291,,6030,6030,0,0,100,0.0,2,-334.7948464785451 -370.1203242330408;483.02859053891063 -113.79970123298308;326.23649395558675 -378.90483636727447;123.44243193014674 479.03576400723244;-484.81745043465 122.27853349646315
500,5,28,LXSSA_REPAIR,495.61005097429006,36081.28192244906,0.4471099309666291,,6030,6030,0,0,100,0.0,2,-131.77248279002126 -482.323553275407;-253.80080658929248 -48.84864323399734;338.01987028243644 -211.20009263220456;-95.32320981171159 225.17127159944414;107.6140369129388 488.2819044817258
500,5,29,LXSSA_REPAIR,403.5601351472578,36173.33183827609,0.4471099309666291,,6030,6030,0,0,100,0.0,2,-349.73670160270456 -357.32931479158026;-149.06377200690858 477.26302169251744;375.83820649133247 329.13747993567983;-355.4909637124026 118.54970060505548;484.2210080148178 -124.61948241392163
500,5,30,LXSSA_REPAIR,452.3104015124263,36124.58157191092,0.4471099309666291,,6030,6030,0,0,100,0.0,2,429.75246791481476 -227.0345925564095;-129.52978932688342 108.06290664665894;423.4118016947569 265.93692144115647;-228.96815506315983 444.49250158689154;-270.25976887240387 -420.6655786872466
750,5,1,LXSSA_REPAIR,213.1203404544358,36363.771632968914,0.4391529664000094,,6030,6030,0,0,100,0.0,2,136.66468471948815 158.72789662064943;-185.87137378220518 -652.2099480555945;-744.3367215642967 -85.13991656721106;-86.38950741041252 -265.3542816081442;135.48806262746612 737.6576749632737
750,5,2,LXSSA_REPAIR,187.2682067661226,36389.62376665723,0.4391529664000094,,6030,6030,0,0,100,0.0,2,-565.3303699766041 -5.442208853968441;665.9765793113854 -298.34937047838133;-401.2306745837352 -592.5607896165478;156.43826765745905 690.5232406026897;-571.9485800153359 485.15438849826967
750,5,3,LXSSA_REPAIR,108.84673104711692,36468.04524237623,0.4391529664000094,,6030,6030,0,0,100,0.0,2,209.0843143217636 712.0432760797509;-167.20124189176755 -723.5238773789936;-681.1338759644984 197.92649655953218;-695.7917314813119 -197.238147202304;724.6348804837843 -193.40188723549633
750,5,4,LXSSA_REPAIR,160.74438054173515,36416.147592881614,0.4391529664000094,,6030,6030,0,0,100,0.0,2,-2.0536252110343125 20.087679675861846;-203.4843627094571 720.7510758609247;490.88807538393263 526.1505826317269;-722.3963567206308 -178.24604582287697;178.203002828661 -691.1833392455104
750,5,5,LXSSA_REPAIR,192.96640788880904,36383.92556553454,0.4391529664000094,,6030,6030,0,0,100,0.0,2,672.7976737681739 -193.57514159588686;-716.0079333676704 -223.23225414452904;-217.0687774378385 706.8388555833886;-56.77468840130494 -615.1757503290276;350.79570508203636 379.0675575631688
750,5,6,LXSSA_REPAIR,197.7842056379959,36379.10776778536,0.4391529664000094,,6030,6030,0,0,100,0.0,2,393.02583563679053 598.7791507758931;-293.59673534273526 -689.9796482934406;378.157453635161 -310.34342192666253;-333.5780638454686 396.5994283930869;510.62425497242975 164.8437736930115
750,5,7,LXSSA_REPAIR,209.75037028027876,36367.14160314307,0.4391529664000094,,6030,6030,0,0,100,0.0,2,-471.4899907586134 -58.51015215208957;646.0417389340643 229.71082021291215;-177.86367036766035 727.4839129921756;-572.6851678666625 -434.70092782901384;-324.7944858588263 456.61025060601355
750,5,8,LXSSA_REPAIR,126.10741443618464,36450.784558987165,0.4391529664000094,,6030,6030,0,0,100,0.0,2,-499.3080218898001 559.6350335142497;716.3055264863493 222.2754883587345;546.3771810687538 -480.94514998899854;-207.22774544811776 -686.7978642344717;-697.2305106037101 209.73210075475018
750,5,9,LXSSA_REPAIR,154.59170357568655,36422.30026984766,0.4391529664000094,,6030,6030,0,0,100,0.0,2,-41.38901191724517 -748.8568243139089;-507.17283629716195 531.6692957001594;324.0164398367833 -359.45024715685753;527.5405900709427 533.0069791078165;-669.9536788704264 -105.9995727102712
750,5,10,LXSSA_REPAIR,171.62921168655157,36405.2627617368,0.4391529664000094,,6030,6030,0,0,100,0.0,2,37.50718493963816 -708.3951499391362;-18.19814037855419 749.7791500704793;-711.4241898091947 59.19615887138593;673.8961652660074 -329.18681389109423;-605.1831675515899 -330.8516370557561
750,5,11,LXSSA_REPAIR,191.3225307727771,36385.56944265057,0.4391529664000094,,6030,6030,0,0,100,0.0,2,-323.18745987512824 -581.542436359176;-548.5919891164624 -153.7865070332482;-524.6429306812107 193.0076996029976;-254.2907064374142 705.5543323789766;570.9731800022204 480.7167949321965
750,5,12,LXSSA_REPAIR,97.79389209855437,36479.0980813248,0.4391529664000094,,6030,6030,0,0,100,0.0,2,164.02126676713755 -730.9869565773114;-194.39830185434678 703.1734551320295;703.6302153822364 168.41998696462736;-702.5778198114567 168.59247640125042;-714.4779402876063 -228.08172404289581
750,5,13,LXSSA_REPAIR,103.89360582103836,36472.99836760231,0.4391529664000094,,6030,6030,0,0,100,0.0,2,-377.91104496749386 643.6271138331839;-748.4842464689879 1.1968714290938016;641.8155867574931 -388.0370505443197;653.5199210202067 362.30565546813375;-635.8385269832937 -397.70204430072266
750,5,14,LXSSA_REPAIR,139.85579407246405,36437.036179350886,0.4391529664000094,,6030,6030,0,0,100,0.0,2,702.2510569985358 -129.22349650720557;-554.0938818804044 -484.3213309597532;521.7299762374163 532.964869596627;-185.00333602992274 726.8243773797828;498.33461227127356 -488.5693850255395
750,5,15,LXSSA_REPAIR,105.3870411487078,36471.50493227464,0.4391529664000094,,6030,6030,0,0,100,0.0,2,-749.1823122881922 12.212065455418138;628.3938661824931 371.01657001321144;-380.50101129104974 646.2937818175773;365.746294103589 -654.7743371084862;-643.7372287450802 -383.2307645665624
750,5,16,LXSSA_REPAIR,202.59417808740545,36374.29779533594,0.4391529664000094,,6030,6030,0,0,100,0.0,2,68.81522140929269 -426.5120700913627;-140.20681588324513 244.17057837904454;-142.19033621531256 736.3947406213057;49.933377306879876 -748.3220910202442;705.658479979237 240.7450298804864
750,5,17,LXSSA_REPAIR,225.32385727154903,36351.5681161518,0.4391529664000094,,6030,6030,0,0,100,0.0,2,533.2523911290175 119.71485392716568;284.73708300272244 -334.3348228497551;279.0728975898659 -695.1739009340329;385.2880470568023 643.4692115748803;-360.51492346037077 646.190231707983
750,5,18,LXSSA_REPAIR,119.93876127032854,36456.95321215302,0.4391529664000094,,6030,6030,0,0,100,0.0,2,546.7674537015291 146.34887143582202;224.22766838428512 715.6968301808714;-232.26684562757373 -713.1281773040937;535.4170594859405 -504.36402633755046;-729.3885168706552 164.89612781455315
750,5,19,LXSSA_REPAIR,152.3566932965914,36424.53528012676,0.4391529664000094,,6030,6030,0,0,100,0.0,2,-631.2621846473065 -340.15431087999355;-746.2700314121711 74.70614013334743;38.80314808343815 -725.7172840344219;739.4489223134614 44.045985500053895;-245.53263266163165 615.9023634414108
750,5,20,LXSSA_REPAIR,82.58252650171198,36494.30944692164,0.4391529664000094,,6030,6030,0,0,100,0.0,2,649.3619427927492 363.6242555481426;-14.352923385667625 749.8619629886308;-373.79665846919676 -650.2099241373622;-738.3470116666205 1.6387310895668805;638.747319062378 -370.7983634191547
750,5,21,LXSSA_REPAIR,273.50844099515234,36303.3835324282,0.4391529664000094,,6030,6030,0,0,100,0.0,2,-78.76585248358901 -211.3662675642806;-434.94491888740936 -600.4436297516991;-472.68061329680734 469.9919929280698;-749.62783223033 -23.397443577417757;8.338356519479202 749.9530099314411
750,5,22,LXSSA_REPAIR,148.37058065897145,36428.52139276438,0.4391529664000094,,6030,6030,0,0,100,0.0,2,542.3337917620644 -201.09570425228594;550.1142133273075 509.7648025843807;-735.3114647073045 147.7059574627866;-548.4715735658341 -511.53763587771573;364.0569681452815 -516.4065669114366
750,5,23,LXSSA_REPAIR,131.75802526975167,36445.1339481536,0.4391529664000094,,6030,6030,0,0,100,0.0,2,-505.38251353439324 166.30291396333703;721.3991317033565 -147.25087792044394;544.2036898277998 -472.3761713558246;-179.90872285735148 727.9950396402928;-273.5244045145211 -698.1146032075732
750,5,24,LXSSA_REPAIR,104.79867236068094,36472.09330106267,0.4391529664000094,,6030,6030,0,0,100,0.0,2,-717.3402400192118 190.8215633932512;525.3663736316258 535.2184730424599;-516.6643252033318 543.6391341804856;-527.917206718876 -511.5642865089826;530.2695930931185 -514.4188622761394
750,5,25,LXSSA_REPAIR,103.81254280890424,36473.079430614445,0.4391529664000094,,6030,6030,0,0,100,0.0,2,-722.9875896354274 9.177165052713862;-3.1427479542317016 -733.3233467672952;637.995185155044 371.9098731469376;632.1715575013748 -365.65344304525115;-15.29806251496664 749.6118753883837
750,5,26,LXSSA_REPAIR,196.3805906913185,36380.51138273203,0.4391529664000094,,6030,6030,0,0,100,0.0,2,666.3962025043461 -344.11590760031896;-376.814984409492 -647.9470414060303;-339.04448524116503 -335.5561325209023;-324.31677011608195 253.89829596019723;746.2306799090011 -32.71639722533647
750,5,27,LXSSA_REPAIR,112.72541727168571,36464.166556151664,0.4391529664000094,,6030,6030,0,0,100,0.0,2,-561.7882933686287 -496.8842052570835;-110.89222394803765 714.5340619937209;-365.5081443385099 240.5896193119599;214.3426343076058 -713.0372119591124;712.2572369265961 234.9247293191817
750,5,28,LXSSA_REPAIR,234.1249793394818,36342.76699408387,0.4391529664000094,,6030,6030,0,0,100,0.0,2,488.7058780106946 -531.318723226527;328.10085987695334 56.76626441330836;204.78417302749958 533.2566658941176;-521.8807335470809 536.3490644945383;-254.5113408753665 -529.7902302733373
750,5,29,LXSSA_REPAIR,186.748517451917,36390.14345597143,0.4391529664000094,,6030,6030,0,0,100,0.0,2,-384.8623962486191 628.3470112675795;400.9155144562132 401.84907503553086;267.00365121445964 -8.395980846843699;-123.45077790750216 -739.7659533475946;-624.8803013772764 -238.56963728359872
750,5,30,LXSSA_REPAIR,191.94375578691688,36384.94821763643,0.4391529664000094,,6030,6030,0,0,100,0.0,2,-16.11111100964456 35.135973676359946;-85.37891914952553 -278.8247901657787;-101.5856108428285 -743.0883955961696;-522.8298101827958 537.725376694047;172.91084491354067 729.7714405258203
1000,5,1,LXSSA_REPAIR,55.31231620498875,36521.57965721836,0.4737008287333083,,6030,6030,0,0,100,0.0,2,-874.7452146250845 -104.71988450758904;-655.3686299375088 755.30916555044;652.3474528569662 757.919918724457;900.2323348618759 -135.60672671016323;-733.7485804646901 -618.093312385997
1000,5,2,LXSSA_REPAIR,109.1267568717376,36467.76521655161,0.4737008287333083,,6030,6030,0,0,100,0.0,2,-679.2064725056896 730.760346796648;-674.5982025003897 -727.7652083849114;-797.2472076398547 -277.1225946990133;-939.3365145801283 267.7306634106507;926.2606464018337 -262.5343876597159
1000,5,3,LXSSA_REPAIR,55.71774935331632,36521.17422407003,0.4737008287333083,,6030,6030,0,0,100,0.0,2,-950.7232087140819 259.41332378619524;691.1634357442953 -720.7989319883075;960.783964965696 276.61234767468943;-690.0607704364496 -713.2365205156358;951.2515669944341 -262.50752086219563
1000,5,4,LXSSA_REPAIR,116.81591823029156,36460.07605519306,0.4737008287333083,,6030,6030,0,0,100,0.0,2,838.3288195742463 -423.0552549762532;-51.33057862377245 998.6817169139268;-924.6420493689617 98.65554506993124;-461.56787593455124 -816.6481142178853;-930.2849619842734 -350.09632156614896
1000,5,5,LXSSA_REPAIR,74.39530159304559,36502.496671830304,0.4737008287333083,,6030,6030,0,0,100,0.0,2,-544.1154706338629 -788.1849269744228;-824.1795724111095 176.51380267350834;989.4659407229773 144.76585284242125;141.7856418301657 -87.15263403471818;-401.86314726070486 915.6845581017175
1000,5,6,LXSSA_REPAIR,58.088135146485,36518.80383827687,0.4737008287333083,,6030,6030,0,0,100,0.0,2,226.85826053493574 -973.8756169528741;-441.81246801332645 897.0937733972496;779.6804004761991 182.13505708565359;660.1580477955683 -252.19027279013278;-867.0297114589307 166.321959175415
1000,5,7,LXSSA_REPAIR,69.94155956765462,36506.950413855695,0.4737008287333083,,6030,6030,0,0,100,0.0,2,-263.63650735333766 964.6220980210506;372.81865006743664 -348.921483036298;672.587675103568 714.0682226625834;358.2042150703906 -931.2561689382752;-864.5371379845809 330.34326422918355
1000,5,8,LXSSA_REPAIR,83.00415569166216,36493.88781773169,0.4737008287333083,,6030,6030,0,0,100,0.0,2,-26.18772078417026 -30.631114263270973;809.6441510543575 -521.2059555370969;-18.769679188520104 -997.7087027358016;937.901789542781 -32.77617122123064;-1.8153391479027583 886.1314736828394
1000,5,9,LXSSA_REPAIR,125.11181384116936,36451.78015958218,0.4737008287333083,,6030,6030,0,0,100,0.0,2,481.87286394893937 -345.76665493851607;-339.1792459867095 939.5701398631693;788.9713285223447 611.3595461832224;-431.7053610879754 594.0918784632546;194.48154610297868 -848.6976233250451
1000,5,10,LXSSA_REPAIR,118.27219983800752,36458.61977358534,0.4737008287333083,,6030,6030,0,0,100,0.0,2,764.9168222971276 -65.99845060104491;-544.4887987598524 283.64274555928955;574.00997033512 572.2813086773444;-164.21076954002683 986.42527500418;96.1999796995407 -777.5334261637701
1000,5,11,LXSSA_REPAIR,73.59261490813515,36503.299358515214,0.4737008287333083,,6030,6030,0,0,100,0.0,2,398.8764555286299 916.4306800327806;-806.8701219175973 590.7288371685866;-854.611256242616 -420.885714065643;-378.83528468689366 -901.7844343297949;388.6441893023374 -89.65887088992625
1000,5,12,LXSSA_REPAIR,104.56474579210771,36472.32722763124,0.4737008287333083,,6030,6030,0,0,100,0.0,2,49.64744706367347 -279.9241844599057;29.370188064239063 -999.5686029748389;-571.3677086016829 819.1168550188055;-999.9789204700694 6.4929666189293584;102.5429157002875 633.2114045062413
1000,5,13,LXSSA_REPAIR,78.03331853842246,36498.85865488493,0.4737008287333083,,6030,6030,0,0,100,0.0,2,886.9509199673977 -440.3917980464455;522.1924303426238 852.823645429835;733.5444340135164 112.41654002769818;482.90425927005236 -870.5226405248914;-768.362746164788 501.8464922816054
1000,5,14,LXSSA_REPAIR,82.82349422533298,36494.06847919802,0.4737008287333083,,6030,6030,0,0,100,0.0,2,-332.73669744774384 623.7671054554221;673.3310488284053 357.17877789640704;443.00376143294227 -896.5196868333342;925.8995114967464 -105.33357153118565;-996.530992516304 -83.21408379053193
1000,5,15,LXSSA_REPAIR,99.57462507858872,36477.31734834476,0.4737008287333083,,6030,6030,0,0,100,0.0,2,739.8540536331781 -672.767403582066;266.98222186165157 933.981234878978;-162.38112918857206 -925.0098416327578;124.4352801401941 403.0493351248893;-144.4129868193843 -430.8842113117374
1000,5,16,LXSSA_REPAIR,145.33269618987106,36431.55927723348,0.4737008287333083,,6030,6030,0,0,100,0.0,2,13.414952552170218 248.13970160966934;875.7725121828655 482.724048401271;-723.2309612338465 -482.5254268930945;221.64359459047085 -486.71011027087945;-235.32040642445625 -971.9178495738355
1000,5,17,LXSSA_REPAIR,57.08389998145867,36519.80807344189,0.4737008287333083,,6030,6030,0,0,100,0.0,2,-400.93022777302787 -915.9497697058645;921.6281492010925 -136.97098842664425;-150.27408077555785 988.6443752164178;-762.589581655255 350.43917608763456;929.408524777449 368.32005652572394
1000,5,18,LXSSA_REPAIR,76.12503882998863,36500.76693459336,0.4737008287333083,,6030,6030,0,0,100,0.0,2,927.0980095468901 88.89328516547009;-815.2598094192813 559.568367220325;-124.68768524917547 -992.196039675226;793.4687561155472 578.343387462241;-803.2642278977049 -317.34024310414077
1000,5,19,LXSSA_REPAIR,40.79461508832901,36536.09735833502,0.4737008287333083,,6030,6030,0,0,100,0.0,2,-478.53523516191945 877.4284339891238;-858.0009781049916 -498.6912454319777;997.1709245820401 -10.888495830320363;850.993444343015 525.1762244736578;499.5567799376651 -866.2466662137927
1000,5,20,LXSSA_REPAIR,62.38885202330857,36514.50312140004,0.4737008287333083,,6030,6030,0,0,100,0.0,2,59.376925820441066 -998.2356338460944;994.3554622373082 -78.85621040591182;-195.03763676753425 -81.88610360270557;834.3355486616528 505.29296518372126;-455.12865649513463 840.0800146835549
1000,5,21,LXSSA_REPAIR,95.92995345730742,36480.96201996604,0.4737008287333083,,6030,6030,0,0,100,0.0,2,500.31308568685824 -865.8445682052261;-842.4779812896239 538.7307778864691;437.2840071119678 899.3234663479545;840.2535701769036 -497.27280116019915;-656.4731662093121 -146.69754107829874
1000,5,22,LXSSA_REPAIR,182.18759104837957,36394.70438237497,0.4737008287333083,,6030,6030,0,0,100,0.0,2,-418.04283826506287 202.1493501162467;-120.91599935768008 681.3938805098013;-25.29629852198437 999.1267628455961;-49.33366407563405 -473.9988699690439;-712.8966882240783 -291.6074367208872
1000,5,23,LXSSA_REPAIR,92.72717218180333,36484.164801241546,0.4737008287333083,,6030,6030,0,0,100,0.0,2,288.8403368627679 -405.84111395384167;641.6524290827456 766.9944532099267;-50.113278583401886 -998.1493889342637;-972.9565410337505 -77.15315599007573;-69.24092821626559 962.943443656827
1000,5,24,LXSSA_REPAIR,141.83527390423114,36435.05669951912,0.4737008287333083,,6030,6030,0,0,100,0.0,2,-736.2362464968191 -676.7140681740243;699.4566218462404 714.1883681297651;743.2680164297448 -646.5735298459692;225.26572526864348 -950.4566968526813;974.5241363488113 -224.272154459499
1000,5,25,LXSSA_REPAIR,138.50404558941227,36438.38792783394,0.4737008287333083,,6030,6030,0,0,100,0.0,2,482.5784647948179 243.29495615853205;-223.00499235100995 960.2166646155996;607.9434282805707 724.5551941597458;392.42978557764684 -88.48005297413299;-721.8659607750983 -85.5142155213639
1000,5,26,LXSSA_REPAIR,76.12621146527817,36500.76576195807,0.4737008287333083,,6030,6030,0,0,100,0.0,2,-121.82431955504207 348.20941668013467;189.58048873233318 -981.865183358698;-622.8243954502436 -508.7290398491331;937.2611558347495 348.62806221431674;29.750159104591354 887.223285566773
1000,5,27,LXSSA_REPAIR,102.79593353314704,36474.0960398902,0.4737008287333083,,6030,6030,0,0,100,0.0,2,-163.62922396346937 -936.098750062412;-113.97429895008035 991.7243163336726;579.8632517263557 -166.14336400057377;-378.0742801026947 -167.18066596517127;606.4696477663158 792.4193918801159
1000,5,28,LXSSA_REPAIR,99.5351566293466,36477.356816794,0.4737008287333083,,6030,6030,0,0,100,0.0,2,113.27093445906465 576.4339683677237;659.8168361345765 -431.21729913359974;-479.3156544986574 -737.9585506646279;320.88983240698815 947.1165268634135;-764.3448784756425 336.72519763479215
1000,5,29,LXSSA_REPAIR,73.25520251490525,36503.63677090845,0.4737008287333083,,6030,6030,0,0,100,0.0,2,592.7680754198108 537.5575046009393;-674.4427041416061 -677.2704232530511;-290.4886034624505 779.3869913638898;241.7200822201044 -923.2385763785496;-529.2240564792503 -128.05296841271328
1000,5,30,LXSSA_REPAIR,47.67463444195164,36529.2173389814,0.4737008287333083,,6030,6030,0,0,100,0.0,2,670.0924657301491 725.7020270716461;-819.5691697285157 -138.24600285908895;913.2749718843372 -164.77477146393997;-236.76284380289664 971.5674736189787;-372.5249337962623 -923.0238225439002
500,4,1,LXSSA_REPAIR,233.16993187182013,29028.34364686686,0.3265585096999833,,6030,6030,0,0,100,0.0,2,-373.55623693133117 288.6394139337634;-358.7758674318955 -348.2368059124541;213.3250568733638 452.20838129116544;377.811607800836 -146.6969117304638
500,4,2,LXSSA_REPAIR,155.03258946758797,29106.48098927109,0.3265585096999833,,6030,6030,0,0,100,0.0,2,-405.56291178845277 -32.7522855551268;49.48887814149149 -497.54482266043703;499.08165175041734 -30.107914681463093;-269.0567991865998 421.4361618706642
500,4,3,LXSSA_REPAIR,227.6608280054352,29033.852750733244,0.3265585096999833,,6030,6030,0,0,100,0.0,2,-360.6133090373827 172.06006673946604;354.1157191646136 -249.94495521496256;468.3990063542607 174.93531194218622;-68.3417835781931 495.0129362372913
500,4,4,LXSSA_REPAIR,118.17703200314644,29143.33654673553,0.3265585096999833,,6030,6030,0,0,100,0.0,2,-349.2920071475917 357.76401963138596;482.08801288527695 132.63162455585405;350.6803432293038 -356.40327842568684;-482.0459238073273 -130.67503261707014
500,4,5,LXSSA_REPAIR,122.34529509409548,29139.168283644583,0.3265585096999833,,6030,6030,0,0,100,0.0,2,-484.70039126474546 0.15228051221648586;-1.8448313926028748 499.99659658554964;12.401416486906358 -499.8461812088978;495.26888053236416 0.1975372633251418
500,4,6,LXSSA_REPAIR,146.25410308570645,29115.25947565297,0.3265585096999833,,6030,6030,0,0,100,0.0,2,-424.2345410128642 264.6224748799777;-438.23823263824255 -240.72228461198176;254.46829598922437 -430.40200549758185;499.7899919120041 14.490134043509796
500,4,7,LXSSA_REPAIR,143.6372951301637,29117.876283608515,0.3265585096999833,,6030,6030,0,0,100,0.0,2,-472.03139084283913 132.4351537291064;484.4889421544165 -123.56345055501889;-131.40296024525423 -482.4229270096458;350.04523982084453 357.0248985169027
500,4,8,LXSSA_REPAIR,167.8386158186404,29093.67496292004,0.3265585096999833,,6030,6030,0,0,100,0.0,2,17.723321185521858 -499.68578515518607;-413.6292615699293 237.6583154384552;499.9092892884725 -9.523785124322147;269.08110255702053 421.4206452544752
500,4,9,LXSSA_REPAIR,152.21303073875242,29109.300547999926,0.3265585096999833,,6030,6030,0,0,100,0.0,2,-195.35767502669657 -460.25577542075837;-122.34071738749425 -138.97178039632905;16.414722169026437 499.7304842573781;-37.756804464565654 196.47070518692777
500,4,10,LXSSA_REPAIR,285.64007776433937,28975.87350097434,0.3265585096999833,,6030,6030,0,0,100,0.0,2,-252.3786744385581 -431.63063455764615;436.63932480373063 -243.61035178287645;-274.059119331773 418.20042324062086;279.5195814820363 414.5704677982537
500,4,11,LXSSA_REPAIR,161.5956817657061,29099.917896972973,0.3265585096999833,,6030,6030,0,0,100,0.0,2,-435.1071813525633 -246.3345707642625;-14.112616536126438 499.1469269414638;-260.00132313723947 73.06110989448693;247.18671780178764 -434.57528574758607
500,4,12,LXSSA_REPAIR,158.73688940499778,29102.77668933368,0.3265585096999833,,6030,6030,0,0,100,0.0,2,428.35987681834035 -249.1454492331613;244.48522213533906 436.1501761520152;-433.35907037416314 249.21907300725348;-437.1962565791578 -242.60963136934856
500,4,13,LXSSA_REPAIR,187.69673102144225,29073.81684771724,0.3265585096999833,,6030,6030,0,0,100,0.0,2,106.79330574943967 -149.62744265427764;241.62535006055506 437.74100805481265;15.922904027562314 -499.74639681275244;-499.70584929226646 17.14829971439395
500,4,14,LXSSA_REPAIR,166.29115779923814,29095.22242093944,0.3265585096999833,,6030,6030,0,0,100,0.0,2,-490.39634393954225 -89.62298746059106;364.99001507348856 149.4884786584098;165.54268976543176 -471.80040045047224;-176.2510638171612 467.90550595533597
500,4,15,LXSSA_REPAIR,192.56110136923235,29068.952477369447,0.3265585096999833,,6030,6030,0,0,100,0.0,2,-133.74349015027954 -481.78073730943424;-352.81732068458433 354.28793124371475;355.26824803426825 351.83017485522987;-363.779229568739 -62.33338188540708
500,4,16,LXSSA_REPAIR,211.24324962215545,29050.270329116523,0.3265585096999833,,6030,6030,0,0,100,0.0,2,-7.267857504392148 499.9471754568635;-499.0607813037053 -0.3840470938325185;-13.039940822595987 -499.8299310198852;433.1871865231538 -240.9728294979649
500,4,17,LXSSA_REPAIR,175.7808410731086,29085.73273766557,0.3265585096999833,,6030,6030,0,0,100,0.0,2,-479.45828241042807 141.8156185075683;-129.3001238112604 -482.9922013463947;49.81159911628073 -166.36916541799044;342.9337830091729 363.86318913267445
500,4,18,LXSSA_REPAIR,114.13872380857356,29147.374854930105,0.3265585096999833,,6030,6030,0,0,100,0.0,2,240.27208284859773 -438.4852633824728;490.7657026992778 -7.706601655889007;-14.617880865615653 499.7862718792891;-499.9260665391524 -8.598139024868322
500,4,19,LXSSA_REPAIR,166.20391061966438,29095.30966811901,0.3265585096999833,,6030,6030,0,0,100,0.0,2,-333.4607316987361 64.44401294047793;78.3032685060482 493.8304956218299;436.761557784407 -143.69032272152623;-349.141148633948 -357.91116829064697
500,4,20,LXSSA_REPAIR,153.99148667075133,29107.522092067928,0.3265585096999833,,6030,6030,0,0,100,0.0,2,-233.79799008948237 -441.30886273089897;483.07373906115754 -16.67710669350146;-16.905378854176963 484.96526512729315;-470.5250739147451 -12.293792833145137
500,4,21,LXSSA_REPAIR,135.67397819303733,29125.83960054564,0.3265585096999833,,6030,6030,0,0,100,0.0,2,6.521051046708518 499.9570793796769;-437.26068260987535 -242.48913676560835;499.9250525086746 8.656897492691812;252.4149730590722 -431.60940834924793
500,4,22,LXSSA_REPAIR,260.1098779538479,29001.40370078483,0.3265585096999833,,6030,6030,0,0,100,0.0,2,-145.89823506271665 478.24021684252386;-470.4571770635848 -127.0538356427857;371.2633271889533 334.9082589077017;-112.10825001699511 -487.2696792107291
500,4,23,LXSSA_REPAIR,207.93168336044985,29053.58189537823,0.3265585096999833,,6030,6030,0,0,100,0.0,2,-202.0985604317901 457.3359506350444;-373.53556711573987 -155.87162676058372;406.6503485241035 290.85832592614935;168.42626180537917 -470.77871057883004
500,4,24,LXSSA_REPAIR,173.37691873335643,29088.13666000532,0.3265585096999833,,6030,6030,0,0,100,0.0,2,40.031135473391586 -498.3949319492634;195.12127226503944 -213.40965849065972;388.0967363672261 126.22008181746496;-189.9186759259251 462.5236233035039
500,4,25,LXSSA_REPAIR,200.8424495247928,29060.67112921389,0.3265585096999833,,6030,6030,0,0,100,0.0,2,-467.6938463148907 110.3080860350135;-128.0296968299745 -483.33052534432875;-322.6112575213494 381.99732700889564;483.97709767787643 -125.56340598796797
500,4,26,LXSSA_REPAIR,206.3125645125401,29055.20101422614,0.3265585096999833,,6030,6030,0,0,100,0.0,2,424.8937231865352 -263.2979269451089;215.3838312996816 121.2791470745956;246.32106118779396 433.9210968117053;-428.042294526294 -258.4178654480402
500,4,27,LXSSA_REPAIR,205.7484515496108,29055.765127189068,0.3265585096999833,,6030,6030,0,0,100,0.0,2,374.86090484645655 330.87656613561467;-478.2051883064858 -146.01300584796698;-150.4998112877519 476.81212946227686;339.16752830456807 -367.3763570832641
500,4,28,LXSSA_REPAIR,212.3602584794935,29049.153320259185,0.3265585096999833,,6030,6030,0,0,100,0.0,2,-481.40948827600386 -135.0737006150202;343.9178931707386 362.9331656889467;111.93959718274901 -487.30837104459135;-290.194709141581 190.8722289298965
500,4,29,LXSSA_REPAIR,156.45929293446534,29105.054285804214,0.3265585096999833,,6030,6030,0,0,100,0.0,2,236.47468874735526 440.5133164191823;483.1106203666119 -7.027081221340607;-430.871812767432 -253.67199483290815;238.44751370801748 -439.4801283408213
500,4,30,LXSSA_REPAIR,147.61324556211184,29113.900333176567,0.3265585096999833,,6030,6030,0,0,100,0.0,2,98.60177608145331 490.1784186920826;-126.24234349581612 -483.79039919600405;-46.43675616210439 -159.32179374202147;40.32673700187565 187.73824471009422
750,4,1,LXSSA_REPAIR,53.19204827860449,29208.321530460074,0.3362508170333361,,6030,6030,0,0,100,0.0,2,746.77714439486 -69.18133125658964;-297.41056829209265 -64.81645822848988;-73.14301882715057 746.4247770152458;-309.045328565193 -683.3672572207532
750,4,2,LXSSA_REPAIR,70.61399795416946,29190.89958078451,0.3362508170333361,,6030,6030,0,0,100,0.0,2,190.06560078001291 -725.5170355166988;-229.76237535661244 713.939248725329;527.7545315320536 505.1928590556266;707.4666665019239 -189.09458025716805
750,4,3,LXSSA_REPAIR,43.38386300384809,29218.12971573483,0.3362508170333361,,6030,6030,0,0,100,0.0,2,655.8495017903394 354.78780941740274;362.3750846781381 -656.6462502782699;-749.8036826476992 -17.159180864725858;-22.57176620112419 749.6602666345348
750,4,4,LXSSA_REPAIR,52.53948933604988,29208.97408940263,0.3362508170333361,,6030,6030,0,0,100,0.0,2,-746.0307478263511 -77.05890183603904;682.8657337171124 310.0583739187325;154.02549189214255 -604.2965509032975;-159.70034069603923 540.5991101913912
750,4,5,LXSSA_REPAIR,101.84811668908152,29159.6654620496,0.3362508170333361,,6030,6030,0,0,100,0.0,2,-55.214547996142144 -366.35914578551615;-690.348628282236 258.16091871275074;-276.9031549418441 697.0112214184597;-151.3034828697558 -734.5796458325547
750,4,6,LXSSA_REPAIR,84.51677099118024,29176.9968077475,0.3362508170333361,,6030,6030,0,0,100,0.0,2,310.4240783561629 -327.74582866575406;-234.68253051047847 712.3370760203335;-338.3308057370275 308.66337361319285;209.1616664635882 -720.2439845511899
750,4,7,LXSSA_REPAIR,58.45600504438698,29203.05757369429,0.3362508170333361,,6030,6030,0,0,100,0.0,2,205.87307169722618 704.1094605311547;-153.1878632326533 -720.7443278231203;729.2277806030141 173.75020632068964;-670.0682763639504 -202.81809307813737
750,4,8,LXSSA_REPAIR,92.60945722221368,29168.904121516465,0.3362508170333361,,6030,6030,0,0,100,0.0,2,550.6719033677771 143.3091387287027;229.6424070443836 713.9778462157363;330.4088352109541 -671.6742576470787;452.040486184415 -237.35161805995125
750,4,9,LXSSA_REPAIR,91.332372881443,29170.18120585724,0.3362508170333361,,6030,6030,0,0,100,0.0,2,338.1190544351943 669.459112377231;-625.930431619025 -351.09708734304763;59.7636410102369 -747.6150786363623;-739.6825552851947 65.69944638955657
750,4,10,LXSSA_REPAIR,48.49924647794978,29213.01433226073,0.3362508170333361,,6030,6030,0,0,100,0.0,2,22.347574090392026 -749.6537427538226;749.7578909166866 19.055314433557978;-651.5195980418441 -356.6679680708245;-636.6550831574268 396.4469935602808
750,4,11,LXSSA_REPAIR,81.30943238327018,29180.20414635541,0.3362508170333361,,6030,6030,0,0,100,0.0,2,22.78312208440181 749.6538730294716;-602.3303910870349 -268.0969505506389;644.0532171378529 -280.6387512299461;-135.17113405693 -737.718618103096
750,4,12,LXSSA_REPAIR,60.58044217873976,29200.93313655994,0.3362508170333361,,6030,6030,0,0,100,0.0,2,504.4979099231591 554.1494741227298;-10.202075741365007 -283.2764012205058;-129.93497407368335 -727.0223899101304;-480.9527278963424 557.9157151350305
750,4,13,LXSSA_REPAIR,30.105819814427377,29231.40775892425,0.3362508170333361,,6030,6030,0,0,100,0.0,2,653.3164271421626 368.34446653397595;-374.39382394963917 648.9399933485713;364.02168339094493 -655.7326705961339;-749.9264064722453 -10.41848892043235
750,4,14,LXSSA_REPAIR,79.10665858207358,29182.406920156605,0.3362508170333361,,6030,6030,0,0,100,0.0,2,-216.7368814154254 257.1408539746317;-99.65035648640578 743.3503927840035;-234.74992449676967 -712.3145249217795;-224.74173480188298 -245.41612613553568
750,4,15,LXSSA_REPAIR,99.34363271013352,29162.169946028545,0.3362508170333361,,6030,6030,0,0,100,0.0,2,135.3284522143748 213.45371300924077;-146.4783356188961 735.5569979235587;163.12570397080665 -732.0450735900231;274.81329603785565 -308.86818465573947
750,4,16,LXSSA_REPAIR,94.47084265887317,29167.04273607981,0.3362508170333361,,6030,6030,0,0,100,0.0,2,-657.8558444273962 263.6890085748476;-485.3163716971544 571.8111637757897;290.32056077506905 -691.5301670869097;480.13521166723905 -23.597588576615316
750,4,17,LXSSA_REPAIR,70.38815312512816,29191.12542561355,0.3362508170333361,,6030,6030,0,0,100,0.0,2,-120.516599108743 -275.0851310351181;-234.56583441559428 -704.56678996251;13.95951436319333 245.4177798358999;31.493858815386453 747.3817165189611
750,4,18,LXSSA_REPAIR,59.30429737797749,29202.2092813607,0.3362508170333361,,6030,6030,0,0,100,0.0,2,518.1593540401727 542.227701428291;506.37495525439044 -205.68271911374487;-370.19931707081804 300.48925614535517;207.84552820565932 -720.6248929482605
750,4,19,LXSSA_REPAIR,63.74953930376796,29197.76403943491,0.3362508170333361,,6030,6030,0,0,100,0.0,2,22.190914427042166 -749.6716369964197;-649.534020406527 -359.0129508974622;654.140249148754 361.32968451033497;-13.914306909617984 749.8709169338579
750,4,20,LXSSA_REPAIR,83.32961912248356,29178.183959616195,0.3362508170333361,,6030,6030,0,0,100,0.0,2,197.4332114873697 618.7315532480089;-62.794976260678894 -747.3665706709263;-641.2720955749927 388.9345696088964;680.4303059218705 -315.4593456898523
750,4,21,LXSSA_REPAIR,26.7803563441812,29234.733222394498,0.3362508170333361,,6030,6030,0,0,100,0.0,2,-18.323305654334337 749.7694398211393;-749.9512844874572 -8.548151590428237;360.8853307689354 -657.4660597076672;736.0589274680893 -9.38536713982215
750,4,22,LXSSA_REPAIR,36.42034509602309,29225.093233642656,0.3362508170333361,,6030,6030,0,0,100,0.0,2,357.8407307421076 -658.866160012766;632.4596975618701 350.13157272275197;-641.9997550056981 -386.3004531889765;-633.5965293640218 352.7755344365368
750,4,23,LXSSA_REPAIR,50.40267447010047,29211.11090426858,0.3362508170333361,,6030,6030,0,0,100,0.0,2,-515.1331092913967 61.49552253455468;698.3991724563343 53.99542562605421;-360.90434356132033 657.4557390938628;265.76894068275317 -701.3321998762435
750,4,24,LXSSA_REPAIR,63.74664500428844,29197.76693373439,0.3362508170333361,,6030,6030,0,0,100,0.0,2,-483.63673955175796 176.81916304051083;-353.2613684483409 661.5938362851037;-628.5269247120029 -356.6490459865804;44.939660981620435 -748.652407243079
750,4,25,LXSSA_REPAIR,69.04518576486225,29192.468392973817,0.3362508170333361,,6030,6030,0,0,100,0.0,2,277.51819950602555 70.51355007241486;264.82823381311755 -683.2724098411657;-605.1469303232924 -443.04627131313373;104.2653880085193 742.2030415654165
750,4,26,LXSSA_REPAIR,59.65368875717832,29201.8598899815,0.3362508170333361,,6030,6030,0,0,100,0.0,2,-50.88389887174606 748.2359302471658;623.612978875952 -413.3161010969554;-65.62919010936284 272.3823017971813;-328.90198477512354 -674.0352249037022
750,4,27,LXSSA_REPAIR,99.13372011511456,29162.379858623564,0.3362508170333361,,6030,6030,0,0,100,0.0,2,-63.710570733803685 -747.2890760453902;-332.68438523961515 -254.52326574156427;380.09846748922547 646.5486486045286;149.0506609616619 246.76639100366256
750,4,28,LXSSA_REPAIR,73.14322756277761,29188.3703511759,0.3362508170333361,,6030,6030,0,0,100,0.0,2,-263.956243994566 65.33131822555806;-404.8417838680036 631.3382132016554;-284.642164579475 -659.8120991275298;676.8510147914494 322.90260937434715
750,4,29,LXSSA_REPAIR,62.80007970949373,29198.713499029185,0.3362508170333361,,6030,6030,0,0,100,0.0,2,-331.9562855410508 283.3489068473483;452.2108713164644 -170.81157601404658;-347.85718307908917 -635.5735343527494;-63.1256652656564 747.3387119538023
750,4,30,LXSSA_REPAIR,67.79799875772369,29193.715579980955,0.3362508170333361,,6030,6030,0,0,100,0.0,2,425.0335683859445 -617.9372605981694;593.0044877428704 453.87339581087696;-583.6065029333784 454.1655253916759;441.81532662054593 -135.6652452394165
1000,4,1,LXSSA_REPAIR,28.28107451019241,29233.232504228487,0.3179022446999928,,6030,6030,0,0,100,0.0,2,499.76319822570895 -866.1620781927655;519.569270994943 843.757341006483;995.5703007185571 -16.18672178643873;-532.5599769070366 846.3922678030422
1000,4,2,LXSSA_REPAIR,12.897776920355682,29248.615801818323,0.3179022446999928,,6030,6030,0,0,100,0.0,2,-694.2908850593724 -719.3909116962815;963.3280966479308 -268.3262532975014;-257.6517275265206 966.1856680342668;-955.124200947361 245.14802220805635
1000,4,3,LXSSA_REPAIR,13.048805724789418,29248.46477301389,0.3179022446999928,,6030,6030,0,0,100,0.0,2,2.240367556460945 -999.9974903734569;493.5466064101948 869.7193497335679;984.3418125495369 -1.9119061881868689;-864.1980589871896 499.8340707127543
1000,4,4,LXSSA_REPAIR,27.86189012475006,29233.65168861393,0.3179022446999928,,6030,6030,0,0,100,0.0,2,-396.15151644117987 393.1006745439727;-888.1802827168896 -459.4949139571218;457.6586211387293 889.1279191010152;-0.31808427998456185 -977.8333905786452
1000,4,5,LXSSA_REPAIR,49.03100724871547,29212.482571489963,0.3179022446999928,,6030,6030,0,0,100,0.0,2,-653.494300823672 423.8747370653269;-97.35446858658767 995.2497713871745;-667.6460780072015 -735.186350494245;-336.6366514618449 -149.11229856393564
1000,4,6,LXSSA_REPAIR,19.023534000330983,29242.490044738348,0.3179022446999928,,6030,6030,0,0,100,0.0,2,-689.1803393395485 724.58985631033;-720.8827690522185 -680.4181503624695;961.0913321471016 276.23069463936946;292.15399175587413 -956.3712903998679
1000,4,7,LXSSA_REPAIR,9.640914806008368,29251.87266393267,0.3179022446999928,,6030,6030,0,0,100,0.0,2,-272.2546123307979 915.8288159154939;-956.6173728060878 -291.3407398501793;928.6140550701044 219.5476806315848;673.6405725457012 -738.3604774945178
1000,4,8,LXSSA_REPAIR,31.27370767793764,29230.23987106074,0.3179022446999928,,6030,6030,0,0,100,0.0,2,303.4526172387958 937.5204904284326;-951.3588592064394 -246.90769572904722;-251.05340599050186 -953.9174534592405;-725.1228904626226 652.52614900621
1000,4,9,LXSSA_REPAIR,29.58900967092632,29231.924569067756,0.3179022446999928,,6030,6030,0,0,100,0.0,2,-709.5306858123871 -704.674538982787;969.2322706953919 -232.7551444318898;705.6436158247967 708.5669251705916;694.0508520462039 -715.6862711147813
1000,4,10,LXSSA_REPAIR,24.77750085471416,29236.736077883965,0.3179022446999928,,6030,6030,0,0,100,0.0,2,-504.89252931062543 847.5175478850853;633.8060282384323 531.8720045696082;560.8499258758985 -827.5711405448646;-952.8705568880175 70.24044453063858
1000,4,11,LXSSA_REPAIR,19.116699566813622,29242.396879171865,0.3179022446999928,,6030,6030,0,0,100,0.0,2,40.0255888815143 997.5552211959567;-495.6557761992082 -868.51905650962;866.0063627294179 -500.0329786245742;-867.3446410134756 471.171900176106
1000,4,12,LXSSA_REPAIR,30.61244588073896,29230.90113285794,0.3179022446999928,,6030,6030,0,0,100,0.0,2,-282.8011450533722 959.1785612473318;299.17798738014295 -954.197323338924;-723.6048711828706 -676.0068923007997;714.3326364006199 687.800931408478
1000,4,13,LXSSA_REPAIR,9.150838621542787,29252.362740117136,0.3179022446999928,,6030,6030,0,0,100,0.0,2,3.192212124642984 999.9949048778955;20.51678154501735 -999.78950868422;-975.6267459341346 0.0017606576233056464;999.4413362282056 -0.27771666578226273
1000,4,14,LXSSA_REPAIR,19.64459479639845,29241.86898394228,0.3179022446999928,,6030,6030,0,0,100,0.0,2,-0.38241802500816763 986.5076294488175;-880.1061318196706 474.7729947090972;972.0647840295441 -5.453138749301921;467.86489130396797 -883.7989731437425
1000,4,15,LXSSA_REPAIR,22.57604328756861,29238.93753545111,0.3179022446999928,,6030,6030,0,0,100,0.0,2,721.2295261357424 691.8820009856724;-673.5910032903367 -703.140097423177;-268.1417798235648 963.3726359458678;967.1556125152428 -254.1850136815023
1000,4,16,LXSSA_REPAIR,25.245558937505848,29236.268019801173,0.3179022446999928,,6030,6030,0,0,100,0.0,2,-826.1965607542847 -563.3819690030837;789.2981674286274 -565.5563316599776;-416.5949083026219 135.08731415260445;361.1941486813322 932.4106356725077
1000,4,17,LXSSA_REPAIR,30.21137653931873,29231.30220219936,0.3179022446999928,,6030,6030,0,0,100,0.0,2,-856.1775492449112 478.1033821705125;42.17696389487772 999.1101559470858;-997.9009669179478 -64.72748351509038;468.5498928503725 -883.4370367546883
1000,4,18,LXSSA_REPAIR,15.189290464499209,29246.32428827418,0.3179022446999928,,6030,6030,0,0,100,0.0,2,999.8642475427841 16.47684695874882;28.890226556153124 -998.6533711757254;-484.6345121489949 874.6880212433715;-864.919170691187 -477.6001665356924
1000,4,19,LXSSA_REPAIR,12.13616740744692,29249.377411331232,0.3179022446999928,,6030,6030,0,0,100,0.0,2,965.158333304532 -261.6662918387766;698.2481498720795 707.1192310258834;-696.7471234554105 -717.2977016354382;-961.3407104812582 259.5247451326719
1000,4,20,LXSSA_REPAIR,18.25613645300109,29243.25744228568,0.3179022446999928,,6030,6030,0,0,100,0.0,2,-430.27724398711126 -52.03229496158121;478.47655680126496 877.9097676088677;998.5042558041771 -54.674044490475495;-441.00412041439125 -891.2891578323728
1000,4,21,LXSSA_REPAIR,25.31987000663139,29236.193708732048,0.3179022446999928,,6030,6030,0,0,100,0.0,2,-756.6761582074745 -653.7895434958539;677.8152222216795 735.2322929010771;676.1228627031195 -262.2769836703943;290.7807162242702 -940.6193417341455
1000,4,22,LXSSA_REPAIR,20.171970195166068,29241.341608543516,0.3179022446999928,,6030,6030,0,0,100,0.0,2,-14.583318593576408 999.8936577550626;847.1269016378016 498.2426503526513;-472.5911934942095 -837.4327648428749;-962.8099835851873 26.91252187512135
1000,4,23,LXSSA_REPAIR,30.74113035368282,29230.772448385,0.3179022446999928,,6030,6030,0,0,100,0.0,2,-874.3994701946082 -485.0079632581227;-508.2264860936963 856.3585831328368;11.632097976612283 -999.7758968823791;-303.7114497750003 110.55910041004748
1000,4,24,LXSSA_REPAIR,34.7945678075921,29226.719010931087,0.3179022446999928,,6030,6030,0,0,100,0.0,2,-330.23865399498226 -942.7863330327814;-186.47920501258966 -394.2339493496819;676.9545942211305 103.39346722100065;-185.62008342669554 969.6785726506813
1000,4,25,LXSSA_REPAIR,47.805145428905234,29213.708433309774,0.3179022446999928,,6030,6030,0,0,100,0.0,2,658.9328463494743 -752.1625331257612;923.8482913729641 -286.52639006285074;-265.1795195481082 964.1521168312064;-530.3324921166717 498.836808470857
1000,4,26,LXSSA_REPAIR,84.74287883777652,29176.770699900902,0.3179022446999928,,6030,6030,0,0,100,0.0,2,806.9857656889241 -576.1043929384339;-755.924935618218 643.463173658194;128.56561483383877 113.32403705446606;109.98074845297467 -980.5778790151198
1000,4,27,LXSSA_REPAIR,39.98163137440861,29221.53194736427,0.3179022446999928,,6030,6030,0,0,100,0.0,2,-909.2027911977418 -185.5260442025566;57.41429786830635 79.38825375967896;-636.6664940037815 771.1392710872225;764.5122577238434 -638.3813218789959
1000,4,28,LXSSA_REPAIR,21.62636066770574,29239.887218070973,0.3179022446999928,,6030,6030,0,0,100,0.0,2,-854.5848217055109 519.3118355194306;989.405946309387 -5.421760290877927;488.40653546328406 -872.4607539443074;-998.3756562944445 -25.49231592792045
1000,4,29,LXSSA_REPAIR,32.296807681992505,29229.216771056686,0.3179022446999928,,6030,6030,0,0,100,0.0,2,-835.3903718956667 535.2692691824442;838.510775329882 544.5300756874726;499.5496681425755 -837.103825339226;984.5645238216629 10.384628666562685
1000,4,30,LXSSA_REPAIR,29.675744404976285,29231.837834333703,0.3179022446999928,,6030,6030,0,0,100,0.0,2,-833.0327852778729 477.08358313120885;537.9228412995833 -295.4784371312978;532.6221479856341 846.3531458411254;403.0541487706688 -823.1705374923147
500,3,1,LXSSA_REPAIR,40.16747247211242,21905.967711581896,0.2353415432333349,,6030,6030,0,0,100,0.0,2,-349.13633174445636 357.9159424446261;482.7764055459936 130.10358276423537;127.54505808014399 -483.458641622355
500,3,2,LXSSA_REPAIR,62.19737889558746,21883.93780515842,0.2353415432333349,,6030,6030,0,0,100,0.0,2,-100.3648361311941 489.82333516111555;31.021724355781746 9.417485762457924;162.41455569048762 -472.8863627763667
500,3,3,LXSSA_REPAIR,47.18251628558573,21898.952667768423,0.2353415432333349,,6030,6030,0,0,100,0.0,2,80.49265253461698 493.47766492487017;69.24138414711108 2.602653920258289;59.10575860633383 -494.85073997343545
500,3,4,LXSSA_REPAIR,36.76987306368028,21909.365310990328,0.2353415432333349,,6030,6030,0,0,100,0.0,2,-22.818936976795786 -0.5238233052949635;-147.67701313832455 -477.69393945343614;105.57990143591898 488.7257762925766
500,3,5,LXSSA_REPAIR,47.63531680941742,21898.49986724459,0.2353415432333349,,6030,6030,0,0,100,0.0,2,-142.81990803486735 479.1685234538179;482.37193718052873 114.0790020121899;131.35285986733237 -482.4380024466076
500,3,6,LXSSA_REPAIR,43.06721569065485,21903.067968363357,0.2353415432333349,,6030,6030,0,0,100,0.0,2,158.13809449655213 474.3335778426397;-98.75102024864542 -490.1512378846468;151.2737757918723 -46.26728034248419
500,3,7,LXSSA_REPAIR,66.52808551513226,21879.60709853888,0.2353415432333349,,6030,6030,0,0,100,0.0,2,-343.0072663332874 -363.7939186442858;346.3606311596339 360.6027082298468;-481.4036887101602 135.09304640017268
500,3,8,LXSSA_REPAIR,46.57454333248461,21899.560640721524,0.2353415432333349,,6030,6030,0,0,100,0.0,2,22.900569802002252 499.47528858067005;26.262234959528843 -499.3098186646548;306.4051563571392 -14.549541406577868
500,3,9,LXSSA_REPAIR,46.06366341017565,21900.071520643836,0.2353415432333349,,6030,6030,0,0,100,0.0,2,7.4678821200547825 499.94422762608326;-125.0566956665768 10.834772052388061;12.331121897453276 -499.8479203045164
500,3,10,LXSSA_REPAIR,50.4885224143145,21895.646661639694,0.2353415432333349,,6030,6030,0,0,100,0.0,2,10.510844102690346 -499.8895099481974;9.781083702651882 499.90432124717796;498.25315230821303 8.295037378981991
500,3,11,LXSSA_REPAIR,50.50047554728371,21895.634708506725,0.2353415432333349,,6030,6030,0,0,100,0.0,2,-81.49103653631511 493.31451525800145;-341.7704131347547 47.30076312824457;174.1676978991343 -467.78032940217537
500,3,12,LXSSA_REPAIR,46.1337748806327,21900.001409173376,0.2353415432333349,,6030,6030,0,0,100,0.0,2,-23.808470518979536 16.29476934849381;220.9871051192475 448.5138786827166;-270.7073426822602 -420.3778474395497
500,3,13,LXSSA_REPAIR,45.57117801573986,21900.56400603827,0.2353415432333349,,6030,6030,0,0,100,0.0,2,-263.14081495936676 425.1551616792631;220.3639932636124 -448.82035434337706;475.9174955977805 -2.4548398471443247
500,3,14,LXSSA_REPAIR,36.95791460941109,21909.1772694446,0.2353415432333349,,6030,6030,0,0,100,0.0,2,-157.71160222228107 -474.47555313680914;96.22934594226318 490.65253793241936;-34.15168015008142 -2.8208983366459504
500,3,15,LXSSA_REPAIR,40.16640858738174,21905.968775466627,0.2353415432333349,,6030,6030,0,0,100,0.0,2,482.79941039551835 130.01818842661905;127.23116782426445 -483.54134252830323;-349.2187737600545 357.8355041824719
500,3,16,LXSSA_REPAIR,37.7790840280104,21908.356100026,0.2353415432333349,,6030,6030,0,0,100,0.0,2,57.643569205372266 -18.80395573413863;182.17211946205404 465.6321712368069;-63.12682007090498 -495.9989965592023
500,3,17,LXSSA_REPAIR,40.16674361845071,21905.96844043556,0.2353415432333349,,6030,6030,0,0,100,0.0,2,349.39515500116653 -357.6632844919835;-127.23041815158425 483.5415397843013;-482.83953894647993 -129.86908650618392
500,3,18,LXSSA_REPAIR,38.425158551286586,21907.71002550272,0.2353415432333349,,6030,6030,0,0,100,0.0,2,38.9016031967608 498.4618230068048;-210.34412492385005 -453.60263349105435;-84.63817700949271 31.039090266180423
500,3,19,LXSSA_REPAIR,37.10999003415782,21909.02519401985,0.2353415432333349,,6030,6030,0,0,100,0.0,2,-46.13174017340744 9.425660640988687;-171.70184440091944 -469.59394867195897;80.80318047791731 493.4276485781148
500,3,20,LXSSA_REPAIR,45.466975742212526,21900.6682083118,0.2353415432333349,,6030,6030,0,0,100,0.0,2,228.11371892231043 -444.9316028778279;-255.7848922254444 429.6208664732403;483.59788279292474 1.5965933765663143
500,3,21,LXSSA_REPAIR,40.55454633409681,21905.58063771991,0.2353415432333349,,6030,6030,0,0,100,0.0,2,-13.130387969319885 499.8275631773173;-499.88377311368464 -10.780230870730275;238.24477633252783 -439.59006648269906
500,3,22,LXSSA_REPAIR,48.7328485852413,21897.402335468767,0.2353415432333349,,6030,6030,0,0,100,0.0,2,4.74691891462004 499.97746625304825;-433.11460165763816 -249.82187167120833;431.54956433287356 -252.51724009542914
500,3,23,LXSSA_REPAIR,53.40542085443667,21892.72976319957,0.2353415432333349,,6030,6030,0,0,100,0.0,2,238.1379596624165 439.6479411618134;430.8515783244974 -253.70636069142904;-432.4975362306531 -250.8901774769487
500,3,24,LXSSA_REPAIR,52.36200027756422,21893.773183776444,0.2353415432333349,,6030,6030,0,0,100,0.0,2,-434.23219885789695 247.8757702459759;247.24077626010268 -434.5940618028528;435.51127178709993 245.62152215631014
500,3,25,LXSSA_REPAIR,44.06314712564199,21902.072036928366,0.2353415432333349,,6030,6030,0,0,100,0.0,2,-188.10614494674417 56.693720022147915;63.65527242293047 495.93145321986026;-198.91913330292374 -458.723420230763
500,3,26,LXSSA_REPAIR,38.76089611371208,21907.374287940296,0.2353415432333349,,6030,6030,0,0,100,0.0,2,-217.37995201106418 -450.2732020270221;-90.13567895740164 36.72783559588118;30.684495627395602 499.05757356049844
500,3,27,LXSSA_REPAIR,50.45853433146476,21895.676649722544,0.2353415432333349,,6030,6030,0,0,100,0.0,2,3.9296240600825394 499.98455781628536;4.567369218302128 -499.97913870323;492.4357018068292 8.518623656671558
500,3,28,LXSSA_REPAIR,40.55394685993451,21905.581237194077,0.2353415432333349,,6030,6030,0,0,100,0.0,2,-235.9125100633645 -438.7450310855949;-117.06850663528817 33.09510678675684;9.90515484040112 499.78236936629696
500,3,29,LXSSA_REPAIR,52.985821236488846,21893.14936281752,0.2353415432333349,,6030,6030,0,0,100,0.0,2,247.36494028017603 -113.3765577983154;75.8814401345435 494.20846516739033;31.745677094410294 -498.99119429687073
500,3,30,LXSSA_REPAIR,50.47078646957016,21895.66439758444,0.2353415432333349,,6030,6030,0,0,100,0.0,2,-499.99995326270715 0.21312811116345956;430.5832672897327 -254.16144063708512;246.24963139657405 435.1564305362514
750,3,1,LXSSA_REPAIR,10.048218884730886,21936.08696516928,0.2393390195666749,,6030,6030,0,0,100,0.0,2,645.43378877565 381.98851331775614;372.2913590223528 -651.0753750506078;-749.9978777547085 1.784198260652109
750,3,2,LXSSA_REPAIR,11.857349882098788,21934.27783417191,0.2393390195666749,,6030,6030,0,0,100,0.0,2,-386.2946660841262 14.498675528470459;37.118362818396236 749.0809216244143;41.88183333944891 -748.8296949481414
750,3,3,LXSSA_REPAIR,11.747719146773306,21934.387464907235,0.2393390195666749,,6030,6030,0,0,100,0.0,2,365.18935412041327 655.0851733732815;4.554029294416011 -749.986149906525;-749.9478671034547 8.84288567036223
750,3,4,LXSSA_REPAIR,17.98445460350922,21928.1507294505,0.2393390195666749,,6030,6030,0,0,100,0.0,2,-583.9453799680001 -470.630784286421;696.0310383128663 279.3578237764485;-576.4486950506938 282.825798945084
750,3,5,LXSSA_REPAIR,14.861726292889216,21931.27345776112,0.2393390195666749,,6030,6030,0,0,100,0.0,2,749.9089869832591 -11.683459950701241;-639.1519004586628 -392.4090315225417;-631.8812310778413 368.27893752294136
750,3,6,LXSSA_REPAIR,11.697462028707378,21934.4377220253,0.2393390195666749,,6030,6030,0,0,100,0.0,2,240.00375230605772 710.5618895486954;-146.5147711034148 -735.54974124699;232.50746454014396 -72.85394242400409
750,3,7,LXSSA_REPAIR,12.781051930891408,21933.35413212312,0.2393390195666749,,6030,6030,0,0,100,0.0,2,-335.93014628529403 -670.5601664405222;36.29692956731162 -18.333269455453017;406.83546819491823 630.0673787926349
750,3,8,LXSSA_REPAIR,11.65516307022699,21934.48002098378,0.2393390195666749,,6030,6030,0,0,100,0.0,2,749.8954869830511 12.036862948182653;10.631180829898751 -749.9246482108465;16.01013667149891 749.8290975440736
750,3,9,LXSSA_REPAIR,18.27980775076503,21927.855376303243,0.2393390195666749,,6030,6030,0,0,100,0.0,2,-231.48884334890576 713.3813253828458;-245.47649416750056 -702.9429101285051;-238.4500427760559 -103.56761883249219
750,3,10,LXSSA_REPAIR,16.33980829549546,21929.795375758516,0.2393390195666749,,6030,6030,0,0,100,0.0,2,-330.6055776267773 -673.2012715689602;252.42568880264352 -64.58537245739069;430.1914060318225 614.3576760946049
750,3,11,LXSSA_REPAIR,12.347331061348086,21933.78785299266,0.2393390195666749,,6030,6030,0,0,100,0.0,2,595.8959664407661 10.907103619407811;-129.45262939994024 738.7435392214552;-133.05259828652575 -738.1034796108072
750,3,12,LXSSA_REPAIR,11.643943639763163,21934.491240414245,0.2393390195666749,,6030,6030,0,0,100,0.0,2,215.18144556260162 -69.24247942612416;222.37490601622898 716.2746684853083;-163.63723822106226 -731.9309081241092
750,3,13,LXSSA_REPAIR,9.058651107137848,21937.07653294687,0.2393390195666749,,6030,6030,0,0,100,0.0,2,178.0663238193905 728.5546099482301;521.5480275078071 -538.9688702579979;-723.2603039540936 -198.40153308365188
750,3,14,LXSSA_REPAIR,11.63985318727282,21934.495330866732,0.2393390195666749,,6030,6030,0,0,100,0.0,2,-179.62244679297893 -728.172902961998;724.7873965356351 192.82953566063455;-190.29459621444786 725.4570742997687
750,3,15,LXSSA_REPAIR,14.798270154635247,21931.336913899373,0.2393390195666749,,6030,6030,0,0,100,0.0,2,749.9470441789852 8.912402998252569;374.7935116091998 -649.6382252112668;-749.9450706853331 9.076946335121702
750,3,16,LXSSA_REPAIR,9.604471405029471,21936.53071264898,0.2393390195666749,,6030,6030,0,0,100,0.0,2,722.3219472154547 201.8682849766343;-505.48028518345643 533.7522416509021;-172.17819775178515 -714.3151875792539
750,3,17,LXSSA_REPAIR,18.480845569509256,21927.6543384845,0.2393390195666749,,6030,6030,0,0,100,0.0,2,-497.8743388143096 100.02372697544074;-13.89875069387334 -749.8709885888925;-351.58879616686875 662.4842023851828
750,3,18,LXSSA_REPAIR,12.124299551265722,21934.010884502743,0.2393390195666749,,6030,6030,0,0,100,0.0,2,153.01389827701573 -734.225269502873;-616.6906298142559 37.836015919966854;-228.64125652101524 714.2990800430733
750,3,19,LXSSA_REPAIR,14.34536909075905,21931.78981496325,0.2393390195666749,,6030,6030,0,0,100,0.0,2,139.92830424882192 736.8310998254954;-251.77480945905583 -706.4721024396639;360.37094743871256 -70.0597850068555
750,3,20,LXSSA_REPAIR,10.20478565139274,21935.930398402616,0.2393390195666749,,6030,6030,0,0,100,0.0,2,-190.15088576102642 -725.4947557662268;1.829724967559041 -0.6997003763079448;193.9923600334227 724.4770101258506
750,3,21,LXSSA_REPAIR,11.611311911976372,21934.523872142032,0.2393390195666749,,6030,6030,0,0,100,0.0,2,-197.26532355969377 -723.592697669683;180.6054947807028 -62.362268769061714;187.74762648946395 726.1203954907014
750,3,22,LXSSA_REPAIR,18.76988423291914,21927.36529982109,0.2393390195666749,,6030,6030,0,0,100,0.0,2,-700.6551804979283 188.86479345321783;-496.7179819703617 -561.9352688586929;213.66153278034068 718.9219355465206
750,3,23,LXSSA_REPAIR,12.220343860797584,21933.91484019321,0.2393390195666749,,6030,6030,0,0,100,0.0,2,-634.5421258298592 36.81380416267294;-250.39596704986718 706.9666609431889;137.17661571713862 -737.3483410847226
750,3,24,LXSSA_REPAIR,11.757287774416907,21934.37789627959,0.2393390195666749,,6030,6030,0,0,100,0.0,2,362.6206201299566 656.5106846917839;645.5276024174211 -381.8299549763165;-647.2963851865129 -378.8236921372177
750,3,25,LXSSA_REPAIR,10.26305732617766,21935.87212672783,0.2393390195666749,,6030,6030,0,0,100,0.0,2,226.66718020103383 714.9279610000661;38.23601333614013 -0.30187237780789844;-155.99358716619395 -733.5979830690806
750,3,26,LXSSA_REPAIR,11.88717567542335,21934.248008378585,0.2393390195666749,,6030,6030,0,0,100,0.0,2,-223.74498037277735 -715.0761581499137;160.89291911838532 698.3902310895234;-44.79802721032651 -31.675605841667384
750,3,27,LXSSA_REPAIR,12.91130745508417,21933.223876598924,0.2393390195666749,,6030,6030,0,0,100,0.0,2,10.476249040083125 749.9268270989834;2.2217014743904153 1.5817145183264596;-5.993090383365504 -749.9760535694454
750,3,28,LXSSA_REPAIR,11.304362867951568,21934.830821186057,0.2393390195666749,,6030,6030,0,0,100,0.0,2,-298.5611386158413 688.0125336855516;425.80806425886425 -617.4038088705305;-680.1093345598914 21.553722943077567
750,3,29,LXSSA_REPAIR,14.486289301916258,21931.64889475209,0.2393390195666749,,6030,6030,0,0,100,0.0,2,-749.9569473448781 -8.035989618690719;640.5965981728898 -390.04614907638967;648.9043833191799 376.06262950359053
750,3,30,LXSSA_REPAIR,14.653660013980698,21931.481524040028,0.2393390195666749,,6030,6030,0,0,100,0.0,2,720.834467189304 207.11752922413945;526.8313942457895 -532.0117443980099;-725.8891585995922 -188.63968147655498
1000,3,1,LXSSA_REPAIR,3.687072297256236,21942.448111756752,0.2403228046333121,,6030,6030,0,0,100,0.0,2,857.7924938319576 -513.7598938040327;-999.9300549225977 -11.711745544521701;492.0537545444329 854.6995964373482
1000,3,2,LXSSA_REPAIR,5.79157946930718,21940.3436045847,0.2403228046333121,,6030,6030,0,0,100,0.0,2,509.7152576185673 860.343161855104;878.0907786151816 -472.723821125508;-519.6784918585923 -854.351983280997
1000,3,3,LXSSA_REPAIR,3.7345564368879423,21942.40062761712,0.2403228046333121,,6030,6030,0,0,100,0.0,2,-968.5429101224324 248.84660184854798;697.195429164663 -716.8811153544926;708.6348779340923 705.5751738900756
1000,3,4,LXSSA_REPAIR,4.892163764361612,21941.243020289647,0.2403228046333121,,6030,6030,0,0,100,0.0,2,-541.5118964004718 112.77907206659083;-248.45387206859868 -968.6437288570655;280.0331433788645 959.9903325603609
1000,3,5,LXSSA_REPAIR,5.731204605101084,21940.403979448907,0.2403228046333121,,6030,6030,0,0,100,0.0,2,870.6372182275362 -213.4444064398981;118.8808728841024 -992.9085245189075;182.64439235980484 983.1785896708832
1000,3,6,LXSSA_REPAIR,3.588760158556397,21942.54642389545,0.2403228046333121,,6030,6030,0,0,100,0.0,2,-965.2056177633361 -261.4920944084098;700.0556068251544 -714.0883330181671;706.8107773627896 707.4026611512068
1000,3,7,LXSSA_REPAIR,6.310949410555622,21939.824234643453,0.2403228046333121,,6030,6030,0,0,100,0.0,2,272.9791348406937 961.5078123658949;201.56668880806313 -969.9136728086047;935.0167008920358 -209.467594891241
1000,3,8,LXSSA_REPAIR,3.701136310133734,21942.434047743875,0.2403228046333121,,6030,6030,0,0,100,0.0,2,353.7768428038809 935.3298591917816;99.91173177489328 -20.687062611475554;-157.1937233798896 -987.5591193288489
1000,3,9,LXSSA_REPAIR,3.814582690494717,21942.320601363517,0.2403228046333121,,6030,6030,0,0,100,0.0,2,-488.7615667007988 872.4174063578629;-996.816167777362 -11.319969758541902;489.8039871716303 -871.8325837858857
1000,3,10,LXSSA_REPAIR,3.810387181267288,21942.32479687274,0.2403228046333121,,6030,6030,0,0,100,0.0,2,488.54137039969305 -872.5407320104805;997.5476710145853 14.440186177719747;-487.96188043014774 872.864939469155
1000,3,11,LXSSA_REPAIR,4.829904876751243,21941.305279177257,0.2403228046333121,,6030,6030,0,0,100,0.0,2,652.7379114498766 -757.58380325615;918.3974488851433 228.47749643396313;-317.76977002549825 945.9280500836913
1000,3,12,LXSSA_REPAIR,4.121207819945994,21942.013976234062,0.2403228046333121,,6030,6030,0,0,100,0.0,2,-697.9569706737469 -716.1396196023711;968.8343450361169 247.69845530880175;-264.0208628064012 964.2984767510017
1000,3,13,LXSSA_REPAIR,3.762856578505307,21942.372327475503,0.2403228046333121,,6030,6030,0,0,100,0.0,2,-382.67547214981016 -923.8469229473856;-126.39391158371208 34.8100174745112;125.93401634917085 992.0371151069779
1000,3,14,LXSSA_REPAIR,4.075073036812682,21942.0601110172,0.2403228046333121,,6030,6030,0,0,100,0.0,2,627.0407959858074 -12.336039729039234;56.774734741383824 998.3870002120016;58.98568102436574 -998.2588288786089
1000,3,15,LXSSA_REPAIR,2.9658873669723107,21943.16929668704,0.2403228046333121,,6030,6030,0,0,100,0.0,2,964.799021524569 262.9883040464621;-242.16688248922534 -970.2346113314293;-699.2504113781499 714.8768160931561
1000,3,16,LXSSA_REPAIR,4.667125234438572,21941.46805881957,0.2403228046333121,,6030,6030,0,0,100,0.0,2,-968.1769252020856 250.26674071125632;701.4472063327113 -712.7214139885456;262.7951224244809 964.8516588729597
1000,3,17,LXSSA_REPAIR,3.3140090143642738,21942.821175039644,0.2403228046333121,,6030,6030,0,0,100,0.0,2,964.9858487375604 262.3019476409775;-964.1887547720638 265.21697753178813;260.6295454841227 -965.4388846637262
1000,3,18,LXSSA_REPAIR,3.925342981747235,21942.20984107226,0.2403228046333121,,6030,6030,0,0,100,0.0,2,999.9767100190052 -6.824911689280397;-2.0382999916897715 999.9979226644142;-859.7424306715594 -510.727865798371
1000,3,19,LXSSA_REPAIR,4.407694012887077,21941.72749004112,0.2403228046333121,,6030,6030,0,0,100,0.0,2,66.27555621862501 -997.6831308810774;-434.27894209635764 900.7784413781606;-942.7284362112646 16.010990019006773
1000,3,20,LXSSA_REPAIR,4.145211642033246,21941.98997241197,0.2403228046333121,,6030,6030,0,0,100,0.0,2,245.99836636923305 -969.2595475511158;-791.024941871537 70.99894170376075;-279.2967836980737 960.2026757327613
1000,3,21,LXSSA_REPAIR,7.961139865179575,21938.17404418883,0.2403228046333121,,6030,6030,0,0,100,0.0,2,-999.2220572474267 -39.43461785785249;704.6034931152595 426.4792180542194;476.28360409295743 -439.7855988313335
1000,3,22,LXSSA_REPAIR,5.840680200588395,21940.29450385342,0.2403228046333121,,6030,6030,0,0,100,0.0,2,487.8073560068463 872.9513064459036;999.3873080064715 -35.00012279375815;-471.5993645956576 -881.8129230064787
1000,3,23,LXSSA_REPAIR,3.4748628624292905,21942.66032119158,0.2403228046333121,,6030,6030,0,0,100,0.0,2,865.0117510211609 501.7516024840431;-4.847551497705943 -999.9882504619432;-863.3735758371977 504.5652272462805
1000,3,24,LXSSA_REPAIR,4.571457653182733,21941.563726400826,0.2403228046333121,,6030,6030,0,0,100,0.0,2,-878.3159837397378 -478.08057135518123;-7.815663910210912 999.9694572323909;515.0208771785545 -857.1776339069004
1000,3,25,LXSSA_REPAIR,6.24015561795386,21939.89502843605,0.2403228046333121,,6030,6030,0,0,100,0.0,2,920.6822970354641 -228.23253869565855;653.2584647920738 757.1292536615297;-320.7978298678879 -947.1473804131067
1000,3,26,LXSSA_REPAIR,7.242403832682612,21938.89278022133,0.2403228046333121,,6030,6030,0,0,100,0.0,2,999.9136904889531 13.13817235242606;-999.7553229495956 22.119996246605815;-500.89786716471673 -865.4968763029161
1000,3,27,LXSSA_REPAIR,3.6928346350759966,21942.44234941893,0.2403228046333121,,6030,6030,0,0,100,0.0,2,-959.0939809074595 -243.1967447668483;276.94973393013294 -960.8844076557953;-257.7216425116731 966.2192064853012
1000,3,28,LXSSA_REPAIR,4.87041834982665,21941.26476570418,0.2403228046333121,,6030,6030,0,0,100,0.0,2,884.809745364747 299.9170921216944;-268.92692247347526 963.1603872983366;202.91877128719383 -888.8814401926378
1000,3,29,LXSSA_REPAIR,5.938330762433907,21940.19685329157,0.2403228046333121,,6030,6030,0,0,100,0.0,2,-865.0985929012546 500.70221096822655;-22.936091870478652 -964.2822658673524;492.59730396924135 870.2572555266041
1000,3,30,LXSSA_REPAIR,5.038537580734555,21941.096646473277,0.2403228046333121,,6030,6030,0,0,100,0.0,2,268.1521735534515 -963.3765680244458;-953.4378792296242 -252.85523538262527;-693.0542007750488 720.8854796623791
500,2,1,LXSSA_REPAIR,1.8123651489568149,14628.944424220384,0.1322248567000012,,6030,6030,0,0,100,0.0,2,-128.4471030395801 -483.2197654491582;128.4462257724942 483.21999863913067
500,2,2,LXSSA_REPAIR,1.8123651493533544,14628.944424219986,0.1322248567000012,,6030,6030,0,0,100,0.0,2,128.4501785369996 483.21894792507146;-128.44343463615826 -483.2207405512174
500,2,3,LXSSA_REPAIR,1.8123651489459007,14628.944424220394,0.1322248567000012,,6030,6030,0,0,100,0.0,2,128.44631531131571 483.21997483852635;-128.4469657399069 -483.21980194546165
500,2,4,LXSSA_REPAIR,2.2554769026464783,14628.501312466691,0.1322248567000012,,6030,6030,0,0,100,0.0,2,-248.5111652500918 -433.86887506024397;248.5119933247625 433.86840075505984
500,2,5,LXSSA_REPAIR,2.255476902861119,14628.501312466478,0.1322248567000012,,6030,6030,0,0,100,0.0,2,248.51465305566217 433.86687729835273;-248.50856244713117 -433.8703658818614
500,2,6,LXSSA_REPAIR,2.255476902671944,14628.501312466668,0.1322248567000012,,6030,6030,0,0,100,0.0,2,-248.51075401324965 -433.8691106079875;248.51244823159766 433.86814019231406
500,2,7,LXSSA_REPAIR,1.8123651491023336,14628.944424220235,0.1322248567000012,,6030,6030,0,0,100,0.0,2,128.4498865836024 483.21902553258354;-128.44336228388545 -483.220759782949
500,2,8,LXSSA_REPAIR,1.812365149047764,14628.944424220292,0.1322248567000012,,6030,6030,0,0,100,0.0,2,128.44572745391085 483.2201310984836;-128.44730397459622 -483.2197120375551
500,2,9,LXSSA_REPAIR,1.8123651489568149,14628.944424220384,0.1322248567000012,,6030,6030,0,0,100,0.0,2,-128.44689952267174 -483.2198195469766;128.4462797973996 483.2199842785976
500,2,10,LXSSA_REPAIR,1.8123651515579693,14628.94442421778,0.1322248567000012,,6030,6030,0,0,100,0.0,2,-128.4584238590848 -483.2167560625766;128.43543757151556 483.2228661557867
500,2,11,LXSSA_REPAIR,1.812365149398829,14628.94442421994,0.1322248567000012,,6030,6030,0,0,100,0.0,2,-128.45225189673715 -483.2183967758856;128.44105519119773 483.2213730179696
500,2,12,LXSSA_REPAIR,1.812365149069592,14628.94442422027,0.1322248567000012,,6030,6030,0,0,100,0.0,2,128.44887558961335 483.21929427513965;-128.4445499654262 -483.22044408756045
500,2,13,LXSSA_REPAIR,1.812365148953177,14628.944424220386,0.1322248567000012,,6030,6030,0,0,100,0.0,2,128.44727349714395 483.2197201389342;-128.44597128272937 -483.2200662857827
500,2,14,LXSSA_REPAIR,1.812365149120524,14628.94442422022,0.1322248567000012,,6030,6030,0,0,100,0.0,2,128.44409002446122 483.22056634397103;-128.44894631058338 -483.2192754761557
500,2,15,LXSSA_REPAIR,1.8123651489459007,14628.944424220394,0.1322248567000012,,6030,6030,0,0,100,0.0,2,-128.44632921355182 -483.2199711431263;128.44691453571906 483.2198155562887
500,2,16,LXSSA_REPAIR,1.8123651489422627,14628.944424220395,0.1322248567000012,,6030,6030,0,0,100,0.0,2,128.44635253430422 483.21996494415794;-128.44689898823316 -483.2198196890382
500,2,17,LXSSA_REPAIR,1.8123651489422627,14628.944424220395,0.1322248567000012,,6030,6030,0,0,100,0.0,2,-128.44644979559354 -483.2199390907913;128.44680300653562 483.2198452023677
500,2,18,LXSSA_REPAIR,2.2554769100333942,14628.501312459306,0.1322248567000012,,6030,6030,0,0,100,0.0,2,-248.50285078593478 -433.87363730844885;248.5188824965923 433.864454689071
500,2,19,LXSSA_REPAIR,1.8123653481579824,14628.94442402118,0.1322248567000012,,6030,6030,0,0,100,0.0,2,-128.50108894234333 -483.20541195296227;128.38333505067578 483.23671143784793
500,2,20,LXSSA_REPAIR,1.8123651489513577,14628.944424220388,0.1322248567000012,,6030,6030,0,0,100,0.0,2,128.44589076694757 483.22008768788305;-128.44736679823262 -483.2196953380525
500,2,21,LXSSA_REPAIR,1.812365153009523,14628.94442421633,0.1322248567000012,,6030,6030,0,0,100,0.0,2,128.43125609766503 483.22397752716694;-128.46252717531542 -483.21566521764515
500,2,22,LXSSA_REPAIR,1.812365149746256,14628.944424219591,0.1322248567000012,,6030,6030,0,0,100,0.0,2,-128.4527651544913 -483.2182603380848;128.4401503459493 483.2216135264543
500,2,23,LXSSA_REPAIR,1.8123651489950132,14628.944424220344,0.1322248567000012,,6030,6030,0,0,100,0.0,2,128.44780716431694 483.21957828163215;-128.44532811662427 -483.22023724696453
500,2,24,LXSSA_REPAIR,1.8123651613514085,14628.944424207988,0.1322248567000012,,6030,6030,0,0,100,0.0,2,128.4180663759662 483.2274828983322;-128.4745012677919 -483.21248175517167
500,2,25,LXSSA_REPAIR,1.8123651556379627,14628.9444242137,0.1322248567000012,,6030,6030,0,0,100,0.0,2,-128.46681967758377 -483.2145240386791;128.42586191628152 483.2254111603198
500,2,26,LXSSA_REPAIR,1.8123651489422627,14628.944424220395,0.1322248567000012,,6030,6030,0,0,100,0.0,2,-128.44647344841036 -483.2199328035494;128.446780102716 483.2198512905327
500,2,27,LXSSA_REPAIR,1.8123651489459007,14628.944424220394,0.1322248567000012,,6030,6030,0,0,100,0.0,2,-128.4464093500137 -483.21994984177616;128.4468767777353 483.21982559291297
500,2,28,LXSSA_REPAIR,2.301728280288444,14628.455061089053,0.1322248567000012,,6030,6030,0,0,100,0.0,2,4.062585892413486 499.9834951234558;-4.0671606368218995 -499.9834579307142
500,2,29,LXSSA_REPAIR,1.812365149562538,14628.944424219775,0.1322248567000012,,6030,6030,0,0,100,0.0,2,128.44657584890712 483.2199055840839;-128.44724932213975 -483.2197265650235
500,2,30,LXSSA_REPAIR,1.8123651489422627,14628.944424220395,0.1322248567000012,,6030,6030,0,0,100,0.0,2,128.44672131344933 483.2198669175607;-128.44655950007194 -483.2199099298315
750,2,1,LXSSA_REPAIR,0.6401068276391015,14630.1166825417,0.1189822627333342,,6030,6030,0,0,100,0.0,2,195.01615709481484 -724.2021116180002;-194.99755905679544 724.2071195189202
750,2,2,LXSSA_REPAIR,0.4899535017775633,14630.266835867562,0.1189822627333342,,6030,6030,0,0,100,0.0,2,-4.411822719604008 -749.9870237679388;4.417159519319654 749.9869923550547
750,2,3,LXSSA_REPAIR,0.3846837690289248,14630.37210560031,0.1189822627333342,,6030,6030,0,0,100,0.0,2,-193.07712567707247 -724.7214799771564;193.07747286946238 724.7213874795899
750,2,4,LXSSA_REPAIR,0.4785768051860941,14630.278212564152,0.1189822627333342,,6030,6030,0,0,100,0.0,2,-373.3767408508667 -650.4535413014405;373.3832709230838 650.4497928316828
750,2,5,LXSSA_REPAIR,0.6401068274390127,14630.1166825419,0.1189822627333342,,6030,6030,0,0,100,0.0,2,195.0055727470011 -724.2049617322529;-195.0081030377375 724.2042803999595
750,2,6,LXSSA_REPAIR,0.3846837690271059,14630.372105600312,0.1189822627333342,,6030,6030,0,0,100,0.0,2,-193.07697418745258 -724.7215203363412;193.07755649098306 724.7213652014623
750,2,7,LXSSA_REPAIR,0.3846837699547905,14630.372105599385,0.1189822627333342,,6030,6030,0,0,100,0.0,2,193.10260132495264 724.7146923869672;-193.05182351433334 -724.728220395612
750,2,8,LXSSA_REPAIR,0.3846837690525717,14630.372105600289,0.1189822627333342,,6030,6030,0,0,100,0.0,2,-193.08146588810607 -724.7203236632047;193.07310140086605 724.722552095249
750,2,9,LXSSA_REPAIR,0.3846837692490226,14630.37210560009,0.1189822627333342,,6030,6030,0,0,100,0.0,2,193.06520149388842 724.7246566608068;-193.08918305420087 -724.7182675960785
750,2,10,LXSSA_REPAIR,0.3846837690307438,14630.372105600309,0.1189822627333342,,6030,6030,0,0,100,0.0,2,-193.07841548760348 -724.7211363502491;193.07625068988096 724.7217130868497
750,2,11,LXSSA_REPAIR,0.3846837690289248,14630.37210560031,0.1189822627333342,,6030,6030,0,0,100,0.0,2,-193.07747708401658 -724.7213863567647;193.07705639366475 724.7214984353352
750,2,12,LXSSA_REPAIR,0.3846837690416578,14630.372105600298,0.1189822627333342,,6030,6030,0,0,100,0.0,2,193.07435901623953 724.7222170531743;-193.08027788096325 -724.7206401734463
750,2,13,LXSSA_REPAIR,0.3846837690362008,14630.372105600303,0.1189822627333342,,6030,6030,0,0,100,0.0,2,193.07482620180681 724.7220925893884;-193.07971604602906 -724.7207898574352
750,2,14,LXSSA_REPAIR,0.3846837691326072,14630.372105600209,0.1189822627333342,,6030,6030,0,0,100,0.0,2,-193.0826759483758 -724.7200012753991;193.0714652658465 724.722987975474
750,2,15,LXSSA_REPAIR,0.4785768051824561,14630.278212564155,0.1189822627333342,,6030,6030,0,0,100,0.0,2,-373.3771387075165 -650.4533129215255;373.38286748024285 650.450024423269
750,2,16,LXSSA_REPAIR,0.3846837690398388,14630.3721056003,0.1189822627333342,,6030,6030,0,0,100,0.0,2,-193.07960433836342 -724.7208196185211;193.0749208347533 724.7220673780079
750,2,17,LXSSA_REPAIR,0.3846837690307438,14630.372105600309,0.1189822627333342,,6030,6030,0,0,100,0.0,2,-193.07581679720502 -724.7218286819378;193.07877405904722 724.7210408204355
750,2,18,LXSSA_REPAIR,0.4785768051642662,14630.278212564175,0.1189822627333342,,6030,6030,0,0,100,0.0,2,-373.37967736506204 -650.451855659404;373.38029199625015 650.4515028415224
750,2,19,LXSSA_REPAIR,0.4785768051679042,14630.278212564172,0.1189822627333342,,6030,6030,0,0,100,0.0,2,373.37858491662996 650.4524827576992;-373.381346731831 -650.4508973878999
750,2,20,LXSSA_REPAIR,0.3846837690707616,14630.372105600269,0.1189822627333342,,6030,6030,0,0,100,0.0,2,-193.0828778276789 -724.7199474899126;193.07174816654108 724.722912608616
750,2,21,LXSSA_REPAIR,0.3846837690362008,14630.372105600303,0.1189822627333342,,6030,6030,0,0,100,0.0,2,193.07483620255144 724.7220899250677;-193.07974691910343 -724.7207816322469
750,2,22,LXSSA_REPAIR,0.4785768051679042,14630.278212564172,0.1189822627333342,,6030,6030,0,0,100,0.0,2,-373.3815911055782 -650.4507571088428;373.37837810062535 650.4526014760387
750,2,23,LXSSA_REPAIR,0.3846837690380198,14630.3721056003,0.1189822627333342,,6030,6030,0,0,100,0.0,2,193.0751466080504 724.7220072291718;-193.07932523973932 -724.7208939757201
750,2,24,LXSSA_REPAIR,0.4899535251297493,14630.26683584421,0.1189822627333342,,6030,6030,0,0,100,0.0,2,4.334943491067282 749.9874720719869;-4.48816521961834 -749.9865707950786
750,2,25,LXSSA_REPAIR,0.4785768051624472,14630.278212564175,0.1189822627333342,,6030,6030,0,0,100,0.0,2,-373.38003378947553 -650.4516510605305;373.3799260353163 650.4517129148494
750,2,26,LXSSA_REPAIR,0.3846837690289248,14630.37210560031,0.1189822627333342,,6030,6030,0,0,100,0.0,2,193.0766090879727 724.7216176043669;-193.07797741323617 -724.7212530607985
750,2,27,LXSSA_REPAIR,0.3846837690343818,14630.372105600303,0.1189822627333342,,6030,6030,0,0,100,0.0,2,-193.07918239421682 -724.7209320324484;193.07541304808595 724.7219362461102
750,2,28,LXSSA_REPAIR,0.489953501843047,14630.266835867496,0.1189822627333342,,6030,6030,0,0,100,0.0,2,-4.407970856252267 -749.9870464167567;4.421193084891153 749.9869685879256
750,2,29,LXSSA_REPAIR,0.4785768051642662,14630.278212564175,0.1189822627333342,,6030,6030,0,0,100,0.0,2,373.38049045413425 650.4513889202099;-373.379513169873 -650.4519499125424
750,2,30,LXSSA_REPAIR,0.3846837756518653,14630.372105593688,0.1189822627333342,,6030,6030,0,0,100,0.0,2,193.00899673027476 724.7396271635578;-193.14560300154542 -724.7032330831493
1000,2,1,LXSSA_REPAIR,0.1616381191470282,14630.595151250192,0.1306672388000151,,6030,6030,0,0,100,0.0,2,-5.015897290662379 -999.9874203080605;4.89783953746689 999.9880055119987
1000,2,2,LXSSA_REPAIR,0.161638116771428,14630.595151252568,0.1306672388000151,,6030,6030,0,0,100,0.0,2,5.00464493178212 999.9874766861367;-4.913369084455195 -999.9879293292694
1000,2,3,LXSSA_REPAIR,0.1267651123653195,14630.630024256974,0.1306672388000151,,6030,6030,0,0,100,0.0,2,257.65943888489977 966.2357960423111;-257.65226119533145 -966.2377100387527
1000,2,4,LXSSA_REPAIR,0.1267651123944233,14630.630024256943,0.1306672388000151,,6030,6030,0,0,100,0.0,2,257.6668908605598 966.233808844553;-257.64492569207954 -966.2396660586454
1000,2,5,LXSSA_REPAIR,0.1267651123671385,14630.630024256972,0.1306672388000151,,6030,6030,0,0,100,0.0,2,-257.6527143355876 -966.237589206456;257.6589629511307 966.2359229561628
1000,2,6,LXSSA_REPAIR,0.1267651124126132,14630.630024256929,0.1306672388000151,,6030,6030,0,0,100,0.0,2,-257.6598078401214 -966.2356976554901;257.65270443284544 966.2375918470782
1000,2,7,LXSSA_REPAIR,0.1616381161620665,14630.595151253176,0.1306672388000151,,6030,6030,0,0,100,0.0,2,4.9703303019886835 999.9876478320565;-4.94777294227464 -999.9877596965433
1000,2,8,LXSSA_REPAIR,0.1267651149992161,14630.63002425434,0.1306672388000151,,6030,6030,0,0,100,0.0,2,257.59436479615744 966.2531465538749;-257.72176935662213 -966.2191726516775
1000,2,9,LXSSA_REPAIR,0.126765118629919,14630.63002425071,0.1306672388000151,,6030,6030,0,0,100,0.0,2,-257.7126594346702 -966.2216025152354;257.59116329140943 966.2540000404543
1000,2,10,LXSSA_REPAIR,0.7648646093239222,14629.991924760016,0.1306672388000151,,6030,6030,0,0,100,0.0,2,-863.092796417908 505.0453690229381;866.5350924829405 -499.11615230884036
1000,2,11,LXSSA_REPAIR,0.1577101898237742,14630.599079179516,0.1306672388000151,,6030,6030,0,0,100,0.0,2,-499.7260311051978 -866.1835220297411;496.59296649008206 867.9835399548659
1000,2,12,LXSSA_REPAIR,0.1267651123635005,14630.630024256976,0.1306672388000151,,6030,6030,0,0,100,0.0,2,-257.6558574639763 -966.2367510680305;257.65601144522486 966.2367100075105
1000,2,13,LXSSA_REPAIR,0.1267651127345743,14630.630024256605,0.1306672388000151,,6030,6030,0,0,100,0.0,2,-257.64753341517894 -966.2389707132879;257.6622146855331 966.2350558344208
1000,2,14,LXSSA_REPAIR,0.1267651130183367,14630.63002425632,0.1306672388000151,,6030,6030,0,0,100,0.0,2,257.70510405467803 966.2236176704478;-257.60619031226526 -966.2499939005438
1000,2,15,LXSSA_REPAIR,0.3081820640636579,14630.448607305276,0.1306672388000151,,6030,6030,0,0,100,0.0,2,-493.9709882633981 869.4783854438716;493.97728547432496 -869.4748078210301
1000,2,16,LXSSA_REPAIR,0.1267651123653195,14630.630024256974,0.1306672388000151,,6030,6030,0,0,100,0.0,2,257.65297084222306 966.2375208074754;-257.65872075538033 -966.2359875406737
1000,2,17,LXSSA_REPAIR,0.1267651123616815,14630.630024256978,0.1306672388000151,,6030,6030,0,0,100,0.0,2,-257.65786920352195 -966.2362146170577;257.6538333789911 966.2372908065136
1000,2,18,LXSSA_REPAIR,0.1267651123944233,14630.630024256943,0.1306672388000151,,6030,6030,0,0,100,0.0,2,-257.6678001992437 -966.2335663495046;257.6440289019295 966.2399051846191
1000,2,19,LXSSA_REPAIR,0.1267651123635005,14630.630024256976,0.1306672388000151,,6030,6030,0,0,100,0.0,2,-257.65431031028567 -966.2371636293706;257.65733842379075 966.2363561553499
1000,2,20,LXSSA_REPAIR,0.1267651123616815,14630.630024256978,0.1306672388000151,,6030,6030,0,0,100,0.0,2,257.6546973422149 966.2370604243514;-257.6570366033917 -966.2364366389618
1000,2,21,LXSSA_REPAIR,0.1267651123653195,14630.630024256974,0.1306672388000151,,6030,6030,0,0,100,0.0,2,257.65825837214925 966.23611082837;-257.6535267042991 -966.2373725833818
1000,2,22,LXSSA_REPAIR,0.1616381161256868,14630.595151253214,0.1306672388000151,,6030,6030,0,0,100,0.0,2,4.957361025969732 999.9877122103342;-4.960859640287301 -999.9876948601064
1000,2,23,LXSSA_REPAIR,0.1267651123725954,14630.630024256969,0.1306672388000151,,6030,6030,0,0,100,0.0,2,-257.6558431078307 -966.2367548962278;257.65557284050595 966.2368269654344
1000,2,24,LXSSA_REPAIR,0.1577090147147828,14630.599080354625,0.1306672388000151,,6030,6030,0,0,100,0.0,2,498.1885963637081 867.0686953483895;-498.17053538200923 -867.0790723326231
1000,2,25,LXSSA_REPAIR,0.1267651137623033,14630.630024255575,0.1306672388000151,,6030,6030,0,0,100,0.0,2,-257.6552893463071 -966.2369025616185;257.66058523626776 966.2354903519658
1000,2,26,LXSSA_REPAIR,0.1592245166375505,14630.597564852702,0.1306672388000151,,6030,6030,0,0,100,0.0,2,511.6710995345107 859.181404536402;-487.94941272572794 -872.8719096297103
1000,2,27,LXSSA_REPAIR,0.1616381161275057,14630.595151253212,0.1306672388000151,,6030,6030,0,0,100,0.0,2,-4.955728379354562 -999.9877203027195;4.962484313195026 999.9876867989132
1000,2,28,LXSSA_REPAIR,0.1577090146874979,14630.599080354652,0.1306672388000151,,6030,6030,0,0,100,0.0,2,-498.17688122748405 -867.0754263675434;498.1821150742691 867.0724192477394
1000,2,29,LXSSA_REPAIR,0.1267651123725954,14630.630024256969,0.1306672388000151,,6030,6030,0,0,100,0.0,2,257.64969740866957 966.2383936820255;-257.66192268825046 -966.2351337001744
1000,2,30,LXSSA_REPAIR,0.2108946543885395,14630.545894714953,0.1306672388000151,,6030,6030,0,0,100,0.0,2,-259.8214929331231 965.6566635248798;259.8268193518948 -965.6552303723507
