Dataset,Radius,Turbines,Algorithm,Iteration,ExactEvaluations,MedianBestWakeLoss
1,1000,10,GNNLXSSA,0,30.0,2004.3297038945893
1,1000,10,GNNLXSSA,1,724.0,1558.6989480291813
1,1000,10,GNNLXSSA,2,738.0,1460.3273796981375
1,1000,10,GNNLXSSA,3,751.0,1376.5261590193113
1,1000,10,GNNLXSSA,4,764.0,1363.8323652572435
1,1000,10,GNNLXSSA,5,778.0,1347.7072381132893
1,1000,10,GNNLXSSA,6,792.0,1336.5455969847098
1,1000,10,GNNLXSSA,7,806.0,1322.5076781598473
1,1000,10,GNNLXSSA,8,819.0,1317.8517252636666
1,1000,10,GNNLXSSA,9,832.0,1307.4982832800306
1,1000,10,GNNLXSSA,10,846.0,1307.4982832800306
1,1000,10,GNNLXSSA,11,859.0,1307.4982832800306
1,1000,10,GNNLXSSA,12,873.0,1307.4982832800306
1,1000,10,GNNLXSSA,13,887.0,1272.126246552085
1,1000,10,GNNLXSSA,14,901.0,1241.1135928664735
1,1000,10,GNNLXSSA,15,915.0,1241.1135928664735
1,1000,10,GNNLXSSA,16,929.0,1235.3983859696891
1,1000,10,GNNLXSSA,17,943.0,1231.4661893663579
1,1000,10,GNNLXSSA,18,957.0,1231.4661893663579
1,1000,10,GNNLXSSA,19,971.0,1180.6847157486045
1,1000,10,GNNLXSSA,20,984.0,1180.6847157486045
1,1000,10,GNNLXSSA,21,998.0,1145.9531080825982
1,1000,10,GNNLXSSA,22,1012.0,1133.3966745341313
1,1000,10,GNNLXSSA,23,1026.0,1133.3966745341313
1,1000,10,GNNLXSSA,24,1040.0,1133.3966745341313
1,1000,10,GNNLXSSA,25,1054.0,1133.3966745341313
1,1000,10,GNNLXSSA,26,1068.0,1133.3966745341313
1,1000,10,GNNLXSSA,27,1082.0,1133.3966745341313
1,1000,10,GNNLXSSA,28,1096.0,1131.12040064967
1,1000,10,GNNLXSSA,29,1109.0,1124.820307903341
1,1000,10,GNNLXSSA,30,1122.0,1119.923472897426
1,1000,10,GNNLXSSA,31,1136.0,1119.923472897426
1,1000,10,GNNLXSSA,32,1150.0,1104.6677334334931
1,1000,10,GNNLXSSA,33,1164.0,1104.6677334334931
1,1000,10,GNNLXSSA,34,1177.0,1104.6677334334931
1,1000,10,GNNLXSSA,35,1191.0,1104.6677334334931
1,1000,10,GNNLXSSA,36,1205.0,1104.6677334334931
1,1000,10,GNNLXSSA,37,1219.0,1104.6677334334931
1,1000,10,GNNLXSSA,38,1233.0,1104.6677334334931
1,1000,10,GNNLXSSA,39,1247.0,1104.6677334334931
1,1000,10,GNNLXSSA,40,1261.0,1104.6677334334931
1,1000,10,GNNLXSSA,41,1275.0,1104.6677334334931
1,1000,10,GNNLXSSA,42,1288.0,1073.023613457463
1,1000,10,GNNLXSSA,43,1302.0,1073.023613457463
1,1000,10,GNNLXSSA,44,1316.0,1072.5119235407733
1,1000,10,GNNLXSSA,45,1330.0,1072.5119235407733
1,1000,10,GNNLXSSA,46,1344.0,1071.2775498416709
1,1000,10,GNNLXSSA,47,1358.0,1056.8111374558648
1,1000,10,GNNLXSSA,48,1372.0,1047.62524381018
1,1000,10,GNNLXSSA,49,1386.0,1044.524594772316
1,1000,10,GNNLXSSA,50,1400.0,1031.9294148598274
1,1000,10,GNNLXSSA,51,1414.0,1020.9102284719702
1,1000,10,GNNLXSSA,52,1427.0,1020.9102284719702
1,1000,10,GNNLXSSA,53,1440.0,1020.9102284719702
1,1000,10,GNNLXSSA,54,1453.0,1019.0563219259639
1,1000,10,GNNLXSSA,55,1466.0,1019.0563219259639
1,1000,10,GNNLXSSA,56,1479.0,1007.7573256044707
1,1000,10,GNNLXSSA,57,1493.0,1003.8050356622261
1,1000,10,GNNLXSSA,58,1506.0,1003.8050356622261
1,1000,10,GNNLXSSA,59,1519.0,992.5037839978031
1,1000,10,GNNLXSSA,60,1533.0,992.5037839978031
1,1000,10,GNNLXSSA,61,1546.0,992.5037839978031
1,1000,10,GNNLXSSA,62,1559.0,992.5037839978031
1,1000,10,GNNLXSSA,63,1573.0,989.1834900686663
1,1000,10,GNNLXSSA,64,1587.0,989.1834900686663
1,1000,10,GNNLXSSA,65,1600.0,989.1834900686663
1,1000,10,GNNLXSSA,66,1614.0,985.9175654427963
1,1000,10,GNNLXSSA,67,1627.0,985.9175654427963
1,1000,10,GNNLXSSA,68,1639.0,985.9175654427963
1,1000,10,GNNLXSSA,69,1652.0,985.9175654427963
1,1000,10,GNNLXSSA,70,1665.0,985.9175654427963
1,1000,10,GNNLXSSA,71,1678.0,984.7107954754756
1,1000,10,GNNLXSSA,72,1692.0,984.7107954754756
1,1000,10,GNNLXSSA,73,1706.0,984.7107954754756
1,1000,10,GNNLXSSA,74,1719.0,984.7107954754756
1,1000,10,GNNLXSSA,75,1732.0,979.5616123698273
1,1000,10,GNNLXSSA,76,1746.0,978.9421434285323
1,1000,10,GNNLXSSA,77,1760.0,978.9421434285323
1,1000,10,GNNLXSSA,78,1773.0,975.8609394902451
1,1000,10,GNNLXSSA,79,1787.0,975.7350556238525
1,1000,10,GNNLXSSA,80,1801.0,952.1322505603457
1,1000,10,GNNLXSSA,81,1815.0,952.1322505603457
1,1000,10,GNNLXSSA,82,1828.0,952.1322505603457
1,1000,10,GNNLXSSA,83,1841.0,952.0789470704767
1,1000,10,GNNLXSSA,84,1854.0,952.0789470704767
1,1000,10,GNNLXSSA,85,1868.0,952.0789470704767
1,1000,10,GNNLXSSA,86,1882.0,952.0494193182094
1,1000,10,GNNLXSSA,87,1896.0,952.0494193182094
1,1000,10,GNNLXSSA,88,1910.0,952.0430843367649
1,1000,10,GNNLXSSA,89,1924.0,952.0430843367649
1,1000,10,GNNLXSSA,90,1938.0,952.0384126426216
1,1000,10,GNNLXSSA,91,1952.0,946.6214444076468
1,1000,10,GNNLXSSA,92,1966.0,937.6539336059795
1,1000,10,GNNLXSSA,93,1980.0,937.6539336059795
1,1000,10,GNNLXSSA,94,1993.0,937.6539336059795
1,1000,10,GNNLXSSA,95,2006.0,937.6539336059795
1,1000,10,GNNLXSSA,96,2020.0,933.7177120591805
1,1000,10,GNNLXSSA,97,2034.0,933.7177120591805
1,1000,10,GNNLXSSA,98,2047.0,933.7177120591805
1,1000,10,GNNLXSSA,99,2060.0,933.7177120591805
1,1000,10,GNNLXSSA,100,2074.0,933.7177120591805
1,1000,10,LXSSA_REPAIR,0,30.0,1936.465901317104
1,1000,10,LXSSA_REPAIR,1,90.0,1573.8240568710607
1,1000,10,LXSSA_REPAIR,2,150.0,1454.54460414506
1,1000,10,LXSSA_REPAIR,3,210.0,1429.2747523400612
1,1000,10,LXSSA_REPAIR,4,270.0,1295.9634116006055
1,1000,10,LXSSA_REPAIR,5,330.0,1237.0819031946885
1,1000,10,LXSSA_REPAIR,6,390.0,1161.747090930614
1,1000,10,LXSSA_REPAIR,7,450.0,1119.0215588056162
1,1000,10,LXSSA_REPAIR,8,510.0,1097.2274502252985
1,1000,10,LXSSA_REPAIR,9,570.0,1060.69849789211
1,1000,10,LXSSA_REPAIR,10,630.0,1019.5291969244427
1,1000,10,LXSSA_REPAIR,11,690.0,1011.7476755329844
1,1000,10,LXSSA_REPAIR,12,750.0,1001.7590809906542
1,1000,10,LXSSA_REPAIR,13,810.0,1001.2501558134536
1,1000,10,LXSSA_REPAIR,14,870.0,985.5818957814336
1,1000,10,LXSSA_REPAIR,15,930.0,967.9824640807783
1,1000,10,LXSSA_REPAIR,16,990.0,962.349753938819
1,1000,10,LXSSA_REPAIR,17,1050.0,957.4120795702038
1,1000,10,LXSSA_REPAIR,18,1110.0,950.5403507008596
1,1000,10,LXSSA_REPAIR,19,1170.0,930.9390559004387
1,1000,10,LXSSA_REPAIR,20,1230.0,930.3132143626426
1,1000,10,LXSSA_REPAIR,21,1290.0,923.3186449661152
1,1000,10,LXSSA_REPAIR,22,1350.0,913.3604209924815
1,1000,10,LXSSA_REPAIR,23,1410.0,904.6064530459407
1,1000,10,LXSSA_REPAIR,24,1470.0,902.1673762066785
1,1000,10,LXSSA_REPAIR,25,1530.0,900.8251736448874
1,1000,10,LXSSA_REPAIR,26,1590.0,900.041289728164
1,1000,10,LXSSA_REPAIR,27,1650.0,897.8335473882034
1,1000,10,LXSSA_REPAIR,28,1710.0,885.1771714484203
1,1000,10,LXSSA_REPAIR,29,1770.0,868.4280555986479
1,1000,10,LXSSA_REPAIR,30,1830.0,865.1098689339997
1,1000,10,LXSSA_REPAIR,31,1890.0,861.4595827240119
1,1000,10,LXSSA_REPAIR,32,1950.0,856.3233355700359
1,1000,10,LXSSA_REPAIR,33,2010.0,854.9395138860127
1,1000,10,LXSSA_REPAIR,34,2070.0,851.9095941258856
1,1000,10,LXSSA_REPAIR,35,2130.0,848.2096570524882
1,1000,10,LXSSA_REPAIR,36,2190.0,844.0882528911461
1,1000,10,LXSSA_REPAIR,37,2250.0,838.2041794440447
1,1000,10,LXSSA_REPAIR,38,2310.0,831.075640028328
1,1000,10,LXSSA_REPAIR,39,2370.0,830.2462278425519
1,1000,10,LXSSA_REPAIR,40,2430.0,828.1622648065095
1,1000,10,LXSSA_REPAIR,41,2490.0,820.1916913494933
1,1000,10,LXSSA_REPAIR,42,2550.0,815.6437938034796
1,1000,10,LXSSA_REPAIR,43,2610.0,814.7005549784226
1,1000,10,LXSSA_REPAIR,44,2670.0,811.4285533504444
1,1000,10,LXSSA_REPAIR,45,2730.0,806.2902522764925
1,1000,10,LXSSA_REPAIR,46,2790.0,805.5018592065317
1,1000,10,LXSSA_REPAIR,47,2850.0,796.4100471683196
1,1000,10,LXSSA_REPAIR,48,2910.0,796.2286914693541
1,1000,10,LXSSA_REPAIR,49,2970.0,795.3775637903454
1,1000,10,LXSSA_REPAIR,50,3030.0,792.1562193194695
1,1000,10,LXSSA_REPAIR,51,3090.0,791.6734284839331
1,1000,10,LXSSA_REPAIR,52,3150.0,789.4762824067875
1,1000,10,LXSSA_REPAIR,53,3210.0,775.9179904388002
1,1000,10,LXSSA_REPAIR,54,3270.0,773.7476124898094
1,1000,10,LXSSA_REPAIR,55,3330.0,770.4861949269398
1,1000,10,LXSSA_REPAIR,56,3390.0,768.476127195885
1,1000,10,LXSSA_REPAIR,57,3450.0,761.5155665999046
1,1000,10,LXSSA_REPAIR,58,3510.0,757.4522486233764
1,1000,10,LXSSA_REPAIR,59,3570.0,752.3260438211728
1,1000,10,LXSSA_REPAIR,60,3630.0,750.5099085573311
1,1000,10,LXSSA_REPAIR,61,3690.0,748.0705129053822
1,1000,10,LXSSA_REPAIR,62,3750.0,746.4937365242076
1,1000,10,LXSSA_REPAIR,63,3810.0,746.1588085729309
1,1000,10,LXSSA_REPAIR,64,3870.0,742.4465220438142
1,1000,10,LXSSA_REPAIR,65,3930.0,742.1013534094673
1,1000,10,LXSSA_REPAIR,66,3990.0,741.4222701303224
1,1000,10,LXSSA_REPAIR,67,4050.0,741.3125632457231
1,1000,10,LXSSA_REPAIR,68,4110.0,740.0249596295762
1,1000,10,LXSSA_REPAIR,69,4170.0,737.3659233803482
1,1000,10,LXSSA_REPAIR,70,4230.0,736.0415777725866
1,1000,10,LXSSA_REPAIR,71,4290.0,735.4431117144559
1,1000,10,LXSSA_REPAIR,72,4350.0,734.997681542387
1,1000,10,LXSSA_REPAIR,73,4410.0,734.7052861088596
1,1000,10,LXSSA_REPAIR,74,4470.0,734.3240147868491
1,1000,10,LXSSA_REPAIR,75,4530.0,733.802949382196
1,1000,10,LXSSA_REPAIR,76,4590.0,733.4027186767344
1,1000,10,LXSSA_REPAIR,77,4650.0,732.6066755881475
1,1000,10,LXSSA_REPAIR,78,4710.0,731.1715202852502
1,1000,10,LXSSA_REPAIR,79,4770.0,730.9642799087596
1,1000,10,LXSSA_REPAIR,80,4830.0,730.5600416837988
1,1000,10,LXSSA_REPAIR,81,4890.0,729.7715687361924
1,1000,10,LXSSA_REPAIR,82,4950.0,728.8415778067865
1,1000,10,LXSSA_REPAIR,83,5010.0,728.5916431340302
1,1000,10,LXSSA_REPAIR,84,5070.0,728.1240635006397
1,1000,10,LXSSA_REPAIR,85,5130.0,727.995573106542
1,1000,10,LXSSA_REPAIR,86,5190.0,727.6329308617715
1,1000,10,LXSSA_REPAIR,87,5250.0,727.0982601213473
1,1000,10,LXSSA_REPAIR,88,5310.0,727.000704143662
1,1000,10,LXSSA_REPAIR,89,5370.0,726.9662072239298
1,1000,10,LXSSA_REPAIR,90,5430.0,726.9042710891808
1,1000,10,LXSSA_REPAIR,91,5490.0,726.8510298065812
1,1000,10,LXSSA_REPAIR,92,5550.0,726.7761508243857
1,1000,10,LXSSA_REPAIR,93,5610.0,726.734044149518
1,1000,10,LXSSA_REPAIR,94,5670.0,726.700760375883
1,1000,10,LXSSA_REPAIR,95,5730.0,726.6328207856714
1,1000,10,LXSSA_REPAIR,96,5790.0,726.5642688507069
1,1000,10,LXSSA_REPAIR,97,5850.0,726.5001208744943
1,1000,10,LXSSA_REPAIR,98,5910.0,726.1830407066736
1,1000,10,LXSSA_REPAIR,99,5970.0,725.7104226925294
1,1000,10,LXSSA_REPAIR,100,6030.0,725.6792804108991
1,1000,11,GNNLXSSA,0,30.0,2501.4170778611006
1,1000,11,GNNLXSSA,1,787.0,2228.0801972903573
1,1000,11,GNNLXSSA,2,801.0,2205.6382882035396
1,1000,11,GNNLXSSA,3,815.0,2178.870372576799
1,1000,11,GNNLXSSA,4,828.0,2020.7709063226648
1,1000,11,GNNLXSSA,5,840.0,1935.5140507433534
1,1000,11,GNNLXSSA,6,853.0,1935.5140507433534
1,1000,11,GNNLXSSA,7,867.0,1935.5140507433534
1,1000,11,GNNLXSSA,8,881.0,1935.5140507433534
1,1000,11,GNNLXSSA,9,895.0,1861.2669351312943
1,1000,11,GNNLXSSA,10,908.0,1848.7567207329412
1,1000,11,GNNLXSSA,11,921.0,1806.9070253230166
1,1000,11,GNNLXSSA,12,935.0,1806.9070253230166
1,1000,11,GNNLXSSA,13,949.0,1702.606446821941
1,1000,11,GNNLXSSA,14,963.0,1671.2827347686398
1,1000,11,GNNLXSSA,15,977.0,1671.2827347686398
1,1000,11,GNNLXSSA,16,990.0,1662.4922325730586
1,1000,11,GNNLXSSA,17,1004.0,1662.4922325730586
1,1000,11,GNNLXSSA,18,1018.0,1624.314415670262
1,1000,11,GNNLXSSA,19,1031.0,1624.314415670262
1,1000,11,GNNLXSSA,20,1044.0,1607.8390945581923
1,1000,11,GNNLXSSA,21,1058.0,1607.8390945581923
1,1000,11,GNNLXSSA,22,1072.0,1607.8390945581923
1,1000,11,GNNLXSSA,23,1086.0,1601.2599898106855
1,1000,11,GNNLXSSA,24,1100.0,1601.2599898106855
1,1000,11,GNNLXSSA,25,1114.0,1576.0514032096835
1,1000,11,GNNLXSSA,26,1128.0,1572.3788936285855
1,1000,11,GNNLXSSA,27,1142.0,1554.6767157684662
1,1000,11,GNNLXSSA,28,1156.0,1536.3980021740572
1,1000,11,GNNLXSSA,29,1169.0,1536.3980021740572
1,1000,11,GNNLXSSA,30,1182.0,1529.112973229072
1,1000,11,GNNLXSSA,31,1196.0,1529.112973229072
1,1000,11,GNNLXSSA,32,1210.0,1529.112973229072
1,1000,11,GNNLXSSA,33,1224.0,1526.1404807200306
1,1000,11,GNNLXSSA,34,1238.0,1526.1404807200306
1,1000,11,GNNLXSSA,35,1252.0,1512.1724926157913
1,1000,11,GNNLXSSA,36,1266.0,1511.038701586891
1,1000,11,GNNLXSSA,37,1280.0,1506.7094307002262
1,1000,11,GNNLXSSA,38,1294.0,1506.7094307002262
1,1000,11,GNNLXSSA,39,1307.0,1492.2291038912954
1,1000,11,GNNLXSSA,40,1320.0,1481.1188848150923
1,1000,11,GNNLXSSA,41,1334.0,1477.2806247310218
1,1000,11,GNNLXSSA,42,1348.0,1477.2806247310218
1,1000,11,GNNLXSSA,43,1362.0,1477.2806247310218
1,1000,11,GNNLXSSA,44,1376.0,1477.2806247310218
1,1000,11,GNNLXSSA,45,1389.0,1477.2806247310218
1,1000,11,GNNLXSSA,46,1402.0,1477.2806247310218
1,1000,11,GNNLXSSA,47,1416.0,1477.2806247310218
1,1000,11,GNNLXSSA,48,1430.0,1477.2806247310218
1,1000,11,GNNLXSSA,49,1444.0,1477.2806247310218
1,1000,11,GNNLXSSA,50,1458.0,1460.117117433896
1,1000,11,GNNLXSSA,51,1472.0,1460.117117433896
1,1000,11,GNNLXSSA,52,1486.0,1459.4241855540167
1,1000,11,GNNLXSSA,53,1500.0,1459.4241855540167
1,1000,11,GNNLXSSA,54,1513.0,1452.6050877838861
1,1000,11,GNNLXSSA,55,1526.0,1452.6050877838861
1,1000,11,GNNLXSSA,56,1540.0,1452.6050877838861
1,1000,11,GNNLXSSA,57,1553.0,1439.1731033559045
1,1000,11,GNNLXSSA,58,1566.0,1439.1731033559045
1,1000,11,GNNLXSSA,59,1579.0,1422.3017406581348
1,1000,11,GNNLXSSA,60,1591.0,1422.3017406581348
1,1000,11,GNNLXSSA,61,1604.0,1404.6640923654923
1,1000,11,GNNLXSSA,62,1617.0,1385.1356504713476
1,1000,11,GNNLXSSA,63,1631.0,1385.1356504713476
1,1000,11,GNNLXSSA,64,1645.0,1369.3880866739346
1,1000,11,GNNLXSSA,65,1658.0,1369.3880866739346
1,1000,11,GNNLXSSA,66,1671.0,1364.3423094115133
1,1000,11,GNNLXSSA,67,1685.0,1362.58763021091
1,1000,11,GNNLXSSA,68,1698.0,1359.8189767460572
1,1000,11,GNNLXSSA,69,1711.0,1356.9513463069743
1,1000,11,GNNLXSSA,70,1724.0,1356.9513463069743
1,1000,11,GNNLXSSA,71,1738.0,1356.9513463069743
1,1000,11,GNNLXSSA,72,1752.0,1356.9513463069743
1,1000,11,GNNLXSSA,73,1765.0,1356.9513463069743
1,1000,11,GNNLXSSA,74,1778.0,1356.9513463069743
1,1000,11,GNNLXSSA,75,1790.0,1356.683709334684
1,1000,11,GNNLXSSA,76,1804.0,1356.683709334684
1,1000,11,GNNLXSSA,77,1818.0,1356.683709334684
1,1000,11,GNNLXSSA,78,1832.0,1356.683709334684
1,1000,11,GNNLXSSA,79,1845.0,1356.683709334684
1,1000,11,GNNLXSSA,80,1859.0,1356.683709334684
1,1000,11,GNNLXSSA,81,1873.0,1326.6563991633884
1,1000,11,GNNLXSSA,82,1886.0,1326.431667219469
1,1000,11,GNNLXSSA,83,1899.0,1326.3757735428517
1,1000,11,GNNLXSSA,84,1913.0,1313.3250245717645
1,1000,11,GNNLXSSA,85,1926.0,1313.3250245717645
1,1000,11,GNNLXSSA,86,1940.0,1312.720183797297
1,1000,11,GNNLXSSA,87,1954.0,1312.720183797297
1,1000,11,GNNLXSSA,88,1968.0,1312.720183797297
1,1000,11,GNNLXSSA,89,1980.0,1312.720183797297
1,1000,11,GNNLXSSA,90,1994.0,1312.720183797297
1,1000,11,GNNLXSSA,91,2008.0,1312.720183797297
1,1000,11,GNNLXSSA,92,2022.0,1309.961976206745
1,1000,11,GNNLXSSA,93,2036.0,1309.961976206745
1,1000,11,GNNLXSSA,94,2050.0,1309.961976206745
1,1000,11,GNNLXSSA,95,2064.0,1309.961976206745
1,1000,11,GNNLXSSA,96,2078.0,1309.961976206745
1,1000,11,GNNLXSSA,97,2091.0,1309.961976206745
1,1000,11,GNNLXSSA,98,2105.0,1309.961976206745
1,1000,11,GNNLXSSA,99,2118.0,1309.961976206745
1,1000,11,GNNLXSSA,100,2132.0,1309.907468348145
1,1000,11,LXSSA_REPAIR,0,30.0,2590.391670697747
1,1000,11,LXSSA_REPAIR,1,90.0,2375.7514887939033
1,1000,11,LXSSA_REPAIR,2,150.0,2189.5421172987553
1,1000,11,LXSSA_REPAIR,3,210.0,1986.864452218957
1,1000,11,LXSSA_REPAIR,4,270.0,1811.717018663374
1,1000,11,LXSSA_REPAIR,5,330.0,1677.736909399464
1,1000,11,LXSSA_REPAIR,6,390.0,1599.092674966305
1,1000,11,LXSSA_REPAIR,7,450.0,1560.3755945385637
1,1000,11,LXSSA_REPAIR,8,510.0,1543.5171659078478
1,1000,11,LXSSA_REPAIR,9,570.0,1463.0142052578158
1,1000,11,LXSSA_REPAIR,10,630.0,1419.8474382724671
1,1000,11,LXSSA_REPAIR,11,690.0,1418.8254196868074
1,1000,11,LXSSA_REPAIR,12,750.0,1402.2035383004404
1,1000,11,LXSSA_REPAIR,13,810.0,1331.8711889379629
1,1000,11,LXSSA_REPAIR,14,870.0,1327.6123130414344
1,1000,11,LXSSA_REPAIR,15,930.0,1299.1087396249932
1,1000,11,LXSSA_REPAIR,16,990.0,1279.7569220251899
1,1000,11,LXSSA_REPAIR,17,1050.0,1272.67765901667
1,1000,11,LXSSA_REPAIR,18,1110.0,1248.3052369781653
1,1000,11,LXSSA_REPAIR,19,1170.0,1234.3041350953135
1,1000,11,LXSSA_REPAIR,20,1230.0,1233.167420073165
1,1000,11,LXSSA_REPAIR,21,1290.0,1214.0065239686373
1,1000,11,LXSSA_REPAIR,22,1350.0,1212.1592749377887
1,1000,11,LXSSA_REPAIR,23,1410.0,1198.2640637880977
1,1000,11,LXSSA_REPAIR,24,1470.0,1166.1325673460233
1,1000,11,LXSSA_REPAIR,25,1530.0,1148.5387185319705
1,1000,11,LXSSA_REPAIR,26,1590.0,1134.0043171738362
1,1000,11,LXSSA_REPAIR,27,1650.0,1120.3543410303973
1,1000,11,LXSSA_REPAIR,28,1710.0,1116.7702617160685
1,1000,11,LXSSA_REPAIR,29,1770.0,1116.652563206968
1,1000,11,LXSSA_REPAIR,30,1830.0,1105.9179509401874
1,1000,11,LXSSA_REPAIR,31,1890.0,1099.5823572918016
1,1000,11,LXSSA_REPAIR,32,1950.0,1097.8932721432648
1,1000,11,LXSSA_REPAIR,33,2010.0,1092.051938956647
1,1000,11,LXSSA_REPAIR,34,2070.0,1080.1459196437936
1,1000,11,LXSSA_REPAIR,35,2130.0,1076.975000039878
1,1000,11,LXSSA_REPAIR,36,2190.0,1074.0879766430735
1,1000,11,LXSSA_REPAIR,37,2250.0,1062.380284390456
1,1000,11,LXSSA_REPAIR,38,2310.0,1061.471767886571
1,1000,11,LXSSA_REPAIR,39,2370.0,1060.809880723944
1,1000,11,LXSSA_REPAIR,40,2430.0,1052.3134156221495
1,1000,11,LXSSA_REPAIR,41,2490.0,1048.6977329469664
1,1000,11,LXSSA_REPAIR,42,2550.0,1048.0686659880885
1,1000,11,LXSSA_REPAIR,43,2610.0,1047.5659310966003
1,1000,11,LXSSA_REPAIR,44,2670.0,1038.8259704215743
1,1000,11,LXSSA_REPAIR,45,2730.0,1034.5934698556375
1,1000,11,LXSSA_REPAIR,46,2790.0,1034.1485246288066
1,1000,11,LXSSA_REPAIR,47,2850.0,1025.1242436937027
1,1000,11,LXSSA_REPAIR,48,2910.0,1019.3934387170448
1,1000,11,LXSSA_REPAIR,49,2970.0,1016.9053911835072
1,1000,11,LXSSA_REPAIR,50,3030.0,1011.416315756971
1,1000,11,LXSSA_REPAIR,51,3090.0,1004.5661413097259
1,1000,11,LXSSA_REPAIR,52,3150.0,1004.3951866755233
1,1000,11,LXSSA_REPAIR,53,3210.0,1004.1146601774817
1,1000,11,LXSSA_REPAIR,54,3270.0,1002.3469973668689
1,1000,11,LXSSA_REPAIR,55,3330.0,1002.1423324816569
1,1000,11,LXSSA_REPAIR,56,3390.0,995.3707627455442
1,1000,11,LXSSA_REPAIR,57,3450.0,993.1472657706327
1,1000,11,LXSSA_REPAIR,58,3510.0,992.5463693886995
1,1000,11,LXSSA_REPAIR,59,3570.0,992.2862214617053
1,1000,11,LXSSA_REPAIR,60,3630.0,982.7528040220786
1,1000,11,LXSSA_REPAIR,61,3690.0,976.3410830904031
1,1000,11,LXSSA_REPAIR,62,3750.0,969.8606131653796
1,1000,11,LXSSA_REPAIR,63,3810.0,965.8742117729271
1,1000,11,LXSSA_REPAIR,64,3870.0,962.5919961360923
1,1000,11,LXSSA_REPAIR,65,3930.0,959.3634492197452
1,1000,11,LXSSA_REPAIR,66,3990.0,959.1707767617772
1,1000,11,LXSSA_REPAIR,67,4050.0,957.9667855959415
1,1000,11,LXSSA_REPAIR,68,4110.0,956.6747858579911
1,1000,11,LXSSA_REPAIR,69,4170.0,953.2484871776978
1,1000,11,LXSSA_REPAIR,70,4230.0,949.9059222522483
1,1000,11,LXSSA_REPAIR,71,4290.0,949.0778028905333
1,1000,11,LXSSA_REPAIR,72,4350.0,947.7745618618646
1,1000,11,LXSSA_REPAIR,73,4410.0,947.0346871912479
1,1000,11,LXSSA_REPAIR,74,4470.0,946.1543583371677
1,1000,11,LXSSA_REPAIR,75,4530.0,945.9403081930213
1,1000,11,LXSSA_REPAIR,76,4590.0,945.8256742292433
1,1000,11,LXSSA_REPAIR,77,4650.0,945.5366692363896
1,1000,11,LXSSA_REPAIR,78,4710.0,944.8943900275335
1,1000,11,LXSSA_REPAIR,79,4770.0,943.8420679785486
1,1000,11,LXSSA_REPAIR,80,4830.0,943.1962474094471
1,1000,11,LXSSA_REPAIR,81,4890.0,942.3662639448303
1,1000,11,LXSSA_REPAIR,82,4950.0,941.1169719175523
1,1000,11,LXSSA_REPAIR,83,5010.0,940.9287823902268
1,1000,11,LXSSA_REPAIR,84,5070.0,940.8198768907605
1,1000,11,LXSSA_REPAIR,85,5130.0,940.6360566209478
1,1000,11,LXSSA_REPAIR,86,5190.0,940.2288589524396
1,1000,11,LXSSA_REPAIR,87,5250.0,939.011944479309
1,1000,11,LXSSA_REPAIR,88,5310.0,938.2199758541392
1,1000,11,LXSSA_REPAIR,89,5370.0,938.0093828026875
1,1000,11,LXSSA_REPAIR,90,5430.0,937.8473231468815
1,1000,11,LXSSA_REPAIR,91,5490.0,937.7115365203645
1,1000,11,LXSSA_REPAIR,92,5550.0,937.7003221773921
1,1000,11,LXSSA_REPAIR,93,5610.0,937.6930710354791
1,1000,11,LXSSA_REPAIR,94,5670.0,937.6766472642048
1,1000,11,LXSSA_REPAIR,95,5730.0,937.6668989227474
1,1000,11,LXSSA_REPAIR,96,5790.0,937.6649310618232
1,1000,11,LXSSA_REPAIR,97,5850.0,937.6624273585621
1,1000,11,LXSSA_REPAIR,98,5910.0,937.6585325877386
1,1000,11,LXSSA_REPAIR,99,5970.0,937.6565528350329
1,1000,11,LXSSA_REPAIR,100,6030.0,937.654751336464
1,1000,12,GNNLXSSA,0,30.0,3648.525034458333
1,1000,12,GNNLXSSA,1,852.0,3052.6379671234317
1,1000,12,GNNLXSSA,2,865.0,2906.5004281820875
1,1000,12,GNNLXSSA,3,878.0,2848.9670770193334
1,1000,12,GNNLXSSA,4,891.0,2749.769043767432
1,1000,12,GNNLXSSA,5,904.0,2749.769043767432
1,1000,12,GNNLXSSA,6,918.0,2677.406784936975
1,1000,12,GNNLXSSA,7,932.0,2564.690832921362
1,1000,12,GNNLXSSA,8,945.0,2532.868421336185
1,1000,12,GNNLXSSA,9,959.0,2481.9142519795714
1,1000,12,GNNLXSSA,10,971.0,2481.9142519795714
1,1000,12,GNNLXSSA,11,985.0,2481.9142519795714
1,1000,12,GNNLXSSA,12,999.0,2481.9142519795714
1,1000,12,GNNLXSSA,13,1012.0,2481.9142519795714
1,1000,12,GNNLXSSA,14,1026.0,2426.2951276181993
1,1000,12,GNNLXSSA,15,1039.0,2387.5128293981397
1,1000,12,GNNLXSSA,16,1052.0,2380.7937026640866
1,1000,12,GNNLXSSA,17,1066.0,2380.7937026640866
1,1000,12,GNNLXSSA,18,1080.0,2378.7687891770765
1,1000,12,GNNLXSSA,19,1093.0,2378.7687891770765
1,1000,12,GNNLXSSA,20,1107.0,2334.1802748538903
1,1000,12,GNNLXSSA,21,1120.0,2298.5232870360487
1,1000,12,GNNLXSSA,22,1134.0,2291.545266500456
1,1000,12,GNNLXSSA,23,1148.0,2275.243272043881
1,1000,12,GNNLXSSA,24,1162.0,2275.243272043881
1,1000,12,GNNLXSSA,25,1176.0,2230.9735727917578
1,1000,12,GNNLXSSA,26,1189.0,2214.0021344895795
1,1000,12,GNNLXSSA,27,1203.0,2214.0021344895795
1,1000,12,GNNLXSSA,28,1217.0,2203.7294642009947
1,1000,12,GNNLXSSA,29,1231.0,2161.77676986446
1,1000,12,GNNLXSSA,30,1245.0,2161.77676986446
1,1000,12,GNNLXSSA,31,1257.0,2093.9228679251974
1,1000,12,GNNLXSSA,32,1270.0,2093.9228679251974
1,1000,12,GNNLXSSA,33,1284.0,2093.9228679251974
1,1000,12,GNNLXSSA,34,1297.0,2093.9228679251974
1,1000,12,GNNLXSSA,35,1311.0,2081.4192379824526
1,1000,12,GNNLXSSA,36,1324.0,2074.653939972777
1,1000,12,GNNLXSSA,37,1338.0,2074.653939972777
1,1000,12,GNNLXSSA,38,1351.0,2074.653939972777
1,1000,12,GNNLXSSA,39,1365.0,2061.297722478208
1,1000,12,GNNLXSSA,40,1379.0,2061.297722478208
1,1000,12,GNNLXSSA,41,1393.0,2061.297722478208
1,1000,12,GNNLXSSA,42,1407.0,2061.297722478208
1,1000,12,GNNLXSSA,43,1421.0,2061.297722478208
1,1000,12,GNNLXSSA,44,1434.0,2034.2277192900656
1,1000,12,GNNLXSSA,45,1448.0,2034.2277192900656
1,1000,12,GNNLXSSA,46,1462.0,1986.833885194137
1,1000,12,GNNLXSSA,47,1476.0,1986.833885194137
1,1000,12,GNNLXSSA,48,1489.0,1986.833885194137
1,1000,12,GNNLXSSA,49,1502.0,1986.456243491717
1,1000,12,GNNLXSSA,50,1515.0,1986.456243491717
1,1000,12,GNNLXSSA,51,1529.0,1981.4396059445862
1,1000,12,GNNLXSSA,52,1543.0,1972.3568770597194
1,1000,12,GNNLXSSA,53,1557.0,1963.7867570511444
1,1000,12,GNNLXSSA,54,1571.0,1946.309204549616
1,1000,12,GNNLXSSA,55,1584.0,1926.6093646829104
1,1000,12,GNNLXSSA,56,1598.0,1917.8303480988834
1,1000,12,GNNLXSSA,57,1611.0,1912.7234077117755
1,1000,12,GNNLXSSA,58,1625.0,1910.749871123946
1,1000,12,GNNLXSSA,59,1638.0,1910.749871123946
1,1000,12,GNNLXSSA,60,1651.0,1910.749871123946
1,1000,12,GNNLXSSA,61,1665.0,1910.749871123946
1,1000,12,GNNLXSSA,62,1677.0,1910.749871123946
1,1000,12,GNNLXSSA,63,1690.0,1908.9593753482768
1,1000,12,GNNLXSSA,64,1704.0,1899.9978470265196
1,1000,12,GNNLXSSA,65,1718.0,1899.486742701789
1,1000,12,GNNLXSSA,66,1732.0,1862.4762247525796
1,1000,12,GNNLXSSA,67,1744.0,1832.2363481525827
1,1000,12,GNNLXSSA,68,1758.0,1832.2363481525827
1,1000,12,GNNLXSSA,69,1771.0,1780.5024270749127
1,1000,12,GNNLXSSA,70,1784.0,1779.3775344214664
1,1000,12,GNNLXSSA,71,1798.0,1779.3775344214664
1,1000,12,GNNLXSSA,72,1811.0,1779.275346141556
1,1000,12,GNNLXSSA,73,1825.0,1777.4509691068088
1,1000,12,GNNLXSSA,74,1839.0,1777.4509691068088
1,1000,12,GNNLXSSA,75,1853.0,1776.9623339306418
1,1000,12,GNNLXSSA,76,1866.0,1765.5717532949056
1,1000,12,GNNLXSSA,77,1880.0,1765.5717532949056
1,1000,12,GNNLXSSA,78,1894.0,1765.5717532949056
1,1000,12,GNNLXSSA,79,1907.0,1765.5717532949056
1,1000,12,GNNLXSSA,80,1921.0,1765.5717532949056
1,1000,12,GNNLXSSA,81,1935.0,1765.5717532949056
1,1000,12,GNNLXSSA,82,1949.0,1765.186665725647
1,1000,12,GNNLXSSA,83,1963.0,1764.632398433052
1,1000,12,GNNLXSSA,84,1976.0,1762.9851410987612
1,1000,12,GNNLXSSA,85,1989.0,1762.8363511099305
1,1000,12,GNNLXSSA,86,2003.0,1762.7767298349208
1,1000,12,GNNLXSSA,87,2016.0,1762.7477183942538
1,1000,12,GNNLXSSA,88,2028.0,1762.7445082201448
1,1000,12,GNNLXSSA,89,2042.0,1762.7445082201448
1,1000,12,GNNLXSSA,90,2056.0,1762.7445082201448
1,1000,12,GNNLXSSA,91,2069.0,1762.7445082201448
1,1000,12,GNNLXSSA,92,2082.0,1762.7445082201448
1,1000,12,GNNLXSSA,93,2095.0,1762.7445082201448
1,1000,12,GNNLXSSA,94,2109.0,1762.7445082201448
1,1000,12,GNNLXSSA,95,2123.0,1762.7445082201448
1,1000,12,GNNLXSSA,96,2137.0,1760.476855310044
1,1000,12,GNNLXSSA,97,2150.0,1760.4767954568379
1,1000,12,GNNLXSSA,98,2164.0,1758.9260832855507
1,1000,12,GNNLXSSA,99,2177.0,1758.9260832855507
1,1000,12,GNNLXSSA,100,2191.0,1756.4488184131624
1,1000,12,LXSSA_REPAIR,0,30.0,3362.8817474286625
1,1000,12,LXSSA_REPAIR,1,90.0,3148.023042994915
1,1000,12,LXSSA_REPAIR,2,150.0,2787.48914426149
1,1000,12,LXSSA_REPAIR,3,210.0,2559.7773737507086
1,1000,12,LXSSA_REPAIR,4,270.0,2401.188542611766
1,1000,12,LXSSA_REPAIR,5,330.0,2242.2989875084313
1,1000,12,LXSSA_REPAIR,6,390.0,2186.041292582653
1,1000,12,LXSSA_REPAIR,7,450.0,2050.6346041055367
1,1000,12,LXSSA_REPAIR,8,510.0,2023.2169971695403
1,1000,12,LXSSA_REPAIR,9,570.0,1985.624855908769
1,1000,12,LXSSA_REPAIR,10,630.0,1958.5191052888986
1,1000,12,LXSSA_REPAIR,11,690.0,1923.874689932214
1,1000,12,LXSSA_REPAIR,12,750.0,1887.1251535285555
1,1000,12,LXSSA_REPAIR,13,810.0,1876.2245884230942
1,1000,12,LXSSA_REPAIR,14,870.0,1872.9929608468665
1,1000,12,LXSSA_REPAIR,15,930.0,1856.3930994242546
1,1000,12,LXSSA_REPAIR,16,990.0,1832.1473101280571
1,1000,12,LXSSA_REPAIR,17,1050.0,1825.3055192407337
1,1000,12,LXSSA_REPAIR,18,1110.0,1818.4230466351728
1,1000,12,LXSSA_REPAIR,19,1170.0,1804.3373254909093
1,1000,12,LXSSA_REPAIR,20,1230.0,1803.57998561587
1,1000,12,LXSSA_REPAIR,21,1290.0,1801.796810300264
1,1000,12,LXSSA_REPAIR,22,1350.0,1775.9342245423613
1,1000,12,LXSSA_REPAIR,23,1410.0,1772.7187916520925
1,1000,12,LXSSA_REPAIR,24,1470.0,1769.5163716025563
1,1000,12,LXSSA_REPAIR,25,1530.0,1751.7294477188552
1,1000,12,LXSSA_REPAIR,26,1590.0,1747.673610755708
1,1000,12,LXSSA_REPAIR,27,1650.0,1744.510465853702
1,1000,12,LXSSA_REPAIR,28,1710.0,1740.3494629955821
1,1000,12,LXSSA_REPAIR,29,1770.0,1727.7703058996558
1,1000,12,LXSSA_REPAIR,30,1830.0,1725.3851051446254
1,1000,12,LXSSA_REPAIR,31,1890.0,1722.0404916448751
1,1000,12,LXSSA_REPAIR,32,1950.0,1709.8200525117572
1,1000,12,LXSSA_REPAIR,33,2010.0,1695.3053924399865
1,1000,12,LXSSA_REPAIR,34,2070.0,1679.6068032104376
1,1000,12,LXSSA_REPAIR,35,2130.0,1672.7806736427156
1,1000,12,LXSSA_REPAIR,36,2190.0,1672.1403107588703
1,1000,12,LXSSA_REPAIR,37,2250.0,1656.9201316696563
1,1000,12,LXSSA_REPAIR,38,2310.0,1652.2090369237412
1,1000,12,LXSSA_REPAIR,39,2370.0,1640.7079257030418
1,1000,12,LXSSA_REPAIR,40,2430.0,1621.797917391421
1,1000,12,LXSSA_REPAIR,41,2490.0,1609.6432627045579
1,1000,12,LXSSA_REPAIR,42,2550.0,1595.6545692449727
1,1000,12,LXSSA_REPAIR,43,2610.0,1589.1709868772014
1,1000,12,LXSSA_REPAIR,44,2670.0,1578.760692527052
1,1000,12,LXSSA_REPAIR,45,2730.0,1576.8900466226332
1,1000,12,LXSSA_REPAIR,46,2790.0,1566.4472117256664
1,1000,12,LXSSA_REPAIR,47,2850.0,1559.6224042009562
1,1000,12,LXSSA_REPAIR,48,2910.0,1553.4073757451115
1,1000,12,LXSSA_REPAIR,49,2970.0,1550.358820192865
1,1000,12,LXSSA_REPAIR,50,3030.0,1548.75508449279
1,1000,12,LXSSA_REPAIR,51,3090.0,1544.9237748487503
1,1000,12,LXSSA_REPAIR,52,3150.0,1542.9526871084672
1,1000,12,LXSSA_REPAIR,53,3210.0,1540.0117461873742
1,1000,12,LXSSA_REPAIR,54,3270.0,1538.3810731351114
1,1000,12,LXSSA_REPAIR,55,3330.0,1535.830554178814
1,1000,12,LXSSA_REPAIR,56,3390.0,1533.9183199504769
1,1000,12,LXSSA_REPAIR,57,3450.0,1533.4766654415143
1,1000,12,LXSSA_REPAIR,58,3510.0,1532.4179735640791
1,1000,12,LXSSA_REPAIR,59,3570.0,1522.6381516031688
1,1000,12,LXSSA_REPAIR,60,3630.0,1514.446886475227
1,1000,12,LXSSA_REPAIR,61,3690.0,1514.2962299496576
1,1000,12,LXSSA_REPAIR,62,3750.0,1512.299758690744
1,1000,12,LXSSA_REPAIR,63,3810.0,1511.3873395145492
1,1000,12,LXSSA_REPAIR,64,3870.0,1509.529174137293
1,1000,12,LXSSA_REPAIR,65,3930.0,1505.7951950994611
1,1000,12,LXSSA_REPAIR,66,3990.0,1503.160615188899
1,1000,12,LXSSA_REPAIR,67,4050.0,1500.0615582013415
1,1000,12,LXSSA_REPAIR,68,4110.0,1498.6191163831973
1,1000,12,LXSSA_REPAIR,69,4170.0,1494.8856814074825
1,1000,12,LXSSA_REPAIR,70,4230.0,1488.0903825061978
1,1000,12,LXSSA_REPAIR,71,4290.0,1487.3195487117773
1,1000,12,LXSSA_REPAIR,72,4350.0,1484.9026633314206
1,1000,12,LXSSA_REPAIR,73,4410.0,1481.077347084487
1,1000,12,LXSSA_REPAIR,74,4470.0,1476.8360651219846
1,1000,12,LXSSA_REPAIR,75,4530.0,1476.6526487776573
1,1000,12,LXSSA_REPAIR,76,4590.0,1476.2128554752271
1,1000,12,LXSSA_REPAIR,77,4650.0,1475.1885361553577
1,1000,12,LXSSA_REPAIR,78,4710.0,1474.4776399445836
1,1000,12,LXSSA_REPAIR,79,4770.0,1474.286935066004
1,1000,12,LXSSA_REPAIR,80,4830.0,1474.2296898517525
1,1000,12,LXSSA_REPAIR,81,4890.0,1474.0054919696995
1,1000,12,LXSSA_REPAIR,82,4950.0,1473.6347048413008
1,1000,12,LXSSA_REPAIR,83,5010.0,1473.27989520751
1,1000,12,LXSSA_REPAIR,84,5070.0,1473.0029469871224
1,1000,12,LXSSA_REPAIR,85,5130.0,1472.8974990001443
1,1000,12,LXSSA_REPAIR,86,5190.0,1472.7731363194325
1,1000,12,LXSSA_REPAIR,87,5250.0,1472.4388746322657
1,1000,12,LXSSA_REPAIR,88,5310.0,1471.856025848334
1,1000,12,LXSSA_REPAIR,89,5370.0,1471.3269174630404
1,1000,12,LXSSA_REPAIR,90,5430.0,1471.1128277958342
1,1000,12,LXSSA_REPAIR,91,5490.0,1471.0839141037868
1,1000,12,LXSSA_REPAIR,92,5550.0,1471.0445475060114
1,1000,12,LXSSA_REPAIR,93,5610.0,1470.97420575867
1,1000,12,LXSSA_REPAIR,94,5670.0,1470.8759493799153
1,1000,12,LXSSA_REPAIR,95,5730.0,1470.862731891364
1,1000,12,LXSSA_REPAIR,96,5790.0,1470.8586282770993
1,1000,12,LXSSA_REPAIR,97,5850.0,1470.8496136391186
1,1000,12,LXSSA_REPAIR,98,5910.0,1470.831595765936
1,1000,12,LXSSA_REPAIR,99,5970.0,1470.8022138632514
1,1000,12,LXSSA_REPAIR,100,6030.0,1470.7540101218037
1,1000,13,GNNLXSSA,0,30.0,4257.550242830446
1,1000,13,GNNLXSSA,1,916.0,3735.082634157021
1,1000,13,GNNLXSSA,2,930.0,3735.082634157021
1,1000,13,GNNLXSSA,3,943.0,3678.88897006528
1,1000,13,GNNLXSSA,4,956.0,3655.5019932911964
1,1000,13,GNNLXSSA,5,969.0,3594.584058246415
1,1000,13,GNNLXSSA,6,982.0,3502.8265638570883
1,1000,13,GNNLXSSA,7,996.0,3502.8265638570883
1,1000,13,GNNLXSSA,8,1010.0,3460.664717993335
1,1000,13,GNNLXSSA,9,1024.0,3460.664717993335
1,1000,13,GNNLXSSA,10,1037.0,3284.7412602836557
1,1000,13,GNNLXSSA,11,1050.0,3284.7412602836557
1,1000,13,GNNLXSSA,12,1064.0,3189.192868531434
1,1000,13,GNNLXSSA,13,1078.0,3154.543744035458
1,1000,13,GNNLXSSA,14,1091.0,3070.643049328326
1,1000,13,GNNLXSSA,15,1105.0,3030.7862685645377
1,1000,13,GNNLXSSA,16,1118.0,3030.7862685645377
1,1000,13,GNNLXSSA,17,1132.0,3010.059502241129
1,1000,13,GNNLXSSA,18,1146.0,3010.059502241129
1,1000,13,GNNLXSSA,19,1160.0,2996.27284534763
1,1000,13,GNNLXSSA,20,1173.0,2940.231256523097
1,1000,13,GNNLXSSA,21,1187.0,2912.7488918920717
1,1000,13,GNNLXSSA,22,1200.0,2912.7488918920717
1,1000,13,GNNLXSSA,23,1212.0,2912.7488918920717
1,1000,13,GNNLXSSA,24,1226.0,2912.7488918920717
1,1000,13,GNNLXSSA,25,1240.0,2912.7488918920717
1,1000,13,GNNLXSSA,26,1253.0,2876.9247266387247
1,1000,13,GNNLXSSA,27,1267.0,2868.9386065753934
1,1000,13,GNNLXSSA,28,1281.0,2808.404872139654
1,1000,13,GNNLXSSA,29,1294.0,2808.404872139654
1,1000,13,GNNLXSSA,30,1308.0,2808.404872139654
1,1000,13,GNNLXSSA,31,1322.0,2808.404872139654
1,1000,13,GNNLXSSA,32,1336.0,2808.404872139654
1,1000,13,GNNLXSSA,33,1350.0,2808.404872139654
1,1000,13,GNNLXSSA,34,1364.0,2808.404872139654
1,1000,13,GNNLXSSA,35,1378.0,2808.404872139654
1,1000,13,GNNLXSSA,36,1392.0,2752.5672411930864
1,1000,13,GNNLXSSA,37,1405.0,2752.5672411930864
1,1000,13,GNNLXSSA,38,1417.0,2752.5672411930864
1,1000,13,GNNLXSSA,39,1430.0,2709.1547282470856
1,1000,13,GNNLXSSA,40,1443.0,2709.1547282470856
1,1000,13,GNNLXSSA,41,1457.0,2709.1547282470856
1,1000,13,GNNLXSSA,42,1470.0,2709.1547282470856
1,1000,13,GNNLXSSA,43,1482.0,2652.7223465213174
1,1000,13,GNNLXSSA,44,1496.0,2632.5031840932643
1,1000,13,GNNLXSSA,45,1509.0,2597.517206672419
1,1000,13,GNNLXSSA,46,1522.0,2597.517206672419
1,1000,13,GNNLXSSA,47,1536.0,2580.752951483737
1,1000,13,GNNLXSSA,48,1550.0,2580.752951483737
1,1000,13,GNNLXSSA,49,1564.0,2580.752951483737
1,1000,13,GNNLXSSA,50,1578.0,2580.752951483737
1,1000,13,GNNLXSSA,51,1592.0,2580.752951483737
1,1000,13,GNNLXSSA,52,1605.0,2580.752951483737
1,1000,13,GNNLXSSA,53,1619.0,2546.7185941398347
1,1000,13,GNNLXSSA,54,1633.0,2525.0275971803203
1,1000,13,GNNLXSSA,55,1646.0,2525.0275971803203
1,1000,13,GNNLXSSA,56,1659.0,2503.6027636124345
1,1000,13,GNNLXSSA,57,1673.0,2503.6027636124345
1,1000,13,GNNLXSSA,58,1687.0,2473.4577885384497
1,1000,13,GNNLXSSA,59,1700.0,2473.4577885384497
1,1000,13,GNNLXSSA,60,1713.0,2473.4577885384497
1,1000,13,GNNLXSSA,61,1726.0,2473.4577885384497
1,1000,13,GNNLXSSA,62,1739.0,2457.876353434898
1,1000,13,GNNLXSSA,63,1753.0,2456.9702273389994
1,1000,13,GNNLXSSA,64,1767.0,2452.562207019975
1,1000,13,GNNLXSSA,65,1780.0,2450.720141327649
1,1000,13,GNNLXSSA,66,1792.0,2448.191965359307
1,1000,13,GNNLXSSA,67,1806.0,2440.4080173485127
1,1000,13,GNNLXSSA,68,1820.0,2438.632689255799
1,1000,13,GNNLXSSA,69,1834.0,2438.632689255799
1,1000,13,GNNLXSSA,70,1848.0,2438.632689255799
1,1000,13,GNNLXSSA,71,1862.0,2435.987799762879
1,1000,13,GNNLXSSA,72,1876.0,2432.590763940243
1,1000,13,GNNLXSSA,73,1889.0,2432.590763940243
1,1000,13,GNNLXSSA,74,1903.0,2432.590763940243
1,1000,13,GNNLXSSA,75,1917.0,2432.590763940243
1,1000,13,GNNLXSSA,76,1931.0,2432.590763940243
1,1000,13,GNNLXSSA,77,1945.0,2426.7248582272296
1,1000,13,GNNLXSSA,78,1959.0,2426.7248582272296
1,1000,13,GNNLXSSA,79,1973.0,2426.7248582272296
1,1000,13,GNNLXSSA,80,1986.0,2426.7248582272296
1,1000,13,GNNLXSSA,81,2000.0,2426.7248582272296
1,1000,13,GNNLXSSA,82,2013.0,2426.7248582272296
1,1000,13,GNNLXSSA,83,2027.0,2426.7248582272296
1,1000,13,GNNLXSSA,84,2040.0,2426.7248582272296
1,1000,13,GNNLXSSA,85,2054.0,2426.7248582272296
1,1000,13,GNNLXSSA,86,2068.0,2426.7248582272296
1,1000,13,GNNLXSSA,87,2082.0,2426.7248582272296
1,1000,13,GNNLXSSA,88,2096.0,2426.7248582272296
1,1000,13,GNNLXSSA,89,2110.0,2404.439368016334
1,1000,13,GNNLXSSA,90,2123.0,2404.388268560244
1,1000,13,GNNLXSSA,91,2137.0,2404.388268560244
1,1000,13,GNNLXSSA,92,2151.0,2396.6690168166533
1,1000,13,GNNLXSSA,93,2165.0,2396.6690168166533
1,1000,13,GNNLXSSA,94,2179.0,2396.6690168166533
1,1000,13,GNNLXSSA,95,2192.0,2396.6690168166533
1,1000,13,GNNLXSSA,96,2205.0,2394.5806721021945
1,1000,13,GNNLXSSA,97,2219.0,2393.983250195568
1,1000,13,GNNLXSSA,98,2233.0,2384.0983211988787
1,1000,13,GNNLXSSA,99,2246.0,2383.9772495518846
1,1000,13,GNNLXSSA,100,2260.0,2383.734555028379
1,1000,13,LXSSA_REPAIR,0,30.0,4307.147447936964
1,1000,13,LXSSA_REPAIR,1,90.0,3736.427074289357
1,1000,13,LXSSA_REPAIR,2,150.0,3674.2934065900918
1,1000,13,LXSSA_REPAIR,3,210.0,3189.628206502355
1,1000,13,LXSSA_REPAIR,4,270.0,3108.875948320914
1,1000,13,LXSSA_REPAIR,5,330.0,2921.6188270237326
1,1000,13,LXSSA_REPAIR,6,390.0,2818.7839150759246
1,1000,13,LXSSA_REPAIR,7,450.0,2766.4455472127593
1,1000,13,LXSSA_REPAIR,8,510.0,2691.4222689821327
1,1000,13,LXSSA_REPAIR,9,570.0,2630.918665010293
1,1000,13,LXSSA_REPAIR,10,630.0,2593.447426566563
1,1000,13,LXSSA_REPAIR,11,690.0,2574.24619172806
1,1000,13,LXSSA_REPAIR,12,750.0,2560.1392544789414
1,1000,13,LXSSA_REPAIR,13,810.0,2539.947140650678
1,1000,13,LXSSA_REPAIR,14,870.0,2513.5391858527146
1,1000,13,LXSSA_REPAIR,15,930.0,2485.0250728496903
1,1000,13,LXSSA_REPAIR,16,990.0,2463.3151522879925
1,1000,13,LXSSA_REPAIR,17,1050.0,2453.2372947838303
1,1000,13,LXSSA_REPAIR,18,1110.0,2450.044401751962
1,1000,13,LXSSA_REPAIR,19,1170.0,2421.7623651275353
1,1000,13,LXSSA_REPAIR,20,1230.0,2387.616077318031
1,1000,13,LXSSA_REPAIR,21,1290.0,2373.366475712348
1,1000,13,LXSSA_REPAIR,22,1350.0,2344.4482522536855
1,1000,13,LXSSA_REPAIR,23,1410.0,2295.76296039352
1,1000,13,LXSSA_REPAIR,24,1470.0,2242.6067591950123
1,1000,13,LXSSA_REPAIR,25,1530.0,2241.504536815759
1,1000,13,LXSSA_REPAIR,26,1590.0,2239.8734206225636
1,1000,13,LXSSA_REPAIR,27,1650.0,2215.7203132152645
1,1000,13,LXSSA_REPAIR,28,1710.0,2195.9818389227876
1,1000,13,LXSSA_REPAIR,29,1770.0,2195.831886895554
1,1000,13,LXSSA_REPAIR,30,1830.0,2194.982506852786
1,1000,13,LXSSA_REPAIR,31,1890.0,2188.280870479066
1,1000,13,LXSSA_REPAIR,32,1950.0,2176.2151945554506
1,1000,13,LXSSA_REPAIR,33,2010.0,2174.7904454456875
1,1000,13,LXSSA_REPAIR,34,2070.0,2166.5871150164458
1,1000,13,LXSSA_REPAIR,35,2130.0,2166.035157275546
1,1000,13,LXSSA_REPAIR,36,2190.0,2131.0416791442112
1,1000,13,LXSSA_REPAIR,37,2250.0,2124.9469558413257
1,1000,13,LXSSA_REPAIR,38,2310.0,2106.308494647019
1,1000,13,LXSSA_REPAIR,39,2370.0,2103.4507782980218
1,1000,13,LXSSA_REPAIR,40,2430.0,2101.944019489514
1,1000,13,LXSSA_REPAIR,41,2490.0,2097.9105126106588
1,1000,13,LXSSA_REPAIR,42,2550.0,2081.996691014283
1,1000,13,LXSSA_REPAIR,43,2610.0,2059.4662993478123
1,1000,13,LXSSA_REPAIR,44,2670.0,2044.5875527677854
1,1000,13,LXSSA_REPAIR,45,2730.0,1999.7280046150117
1,1000,13,LXSSA_REPAIR,46,2790.0,1995.9036981895915
1,1000,13,LXSSA_REPAIR,47,2850.0,1988.1148749845015
1,1000,13,LXSSA_REPAIR,48,2910.0,1986.160161361302
1,1000,13,LXSSA_REPAIR,49,2970.0,1976.3085264406982
1,1000,13,LXSSA_REPAIR,50,3030.0,1972.387540184005
1,1000,13,LXSSA_REPAIR,51,3090.0,1971.1185690123239
1,1000,13,LXSSA_REPAIR,52,3150.0,1953.1295007034205
1,1000,13,LXSSA_REPAIR,53,3210.0,1946.2918976609653
1,1000,13,LXSSA_REPAIR,54,3270.0,1943.1694794784707
1,1000,13,LXSSA_REPAIR,55,3330.0,1934.3808262833045
1,1000,13,LXSSA_REPAIR,56,3390.0,1928.3725362610276
1,1000,13,LXSSA_REPAIR,57,3450.0,1928.3172801849287
1,1000,13,LXSSA_REPAIR,58,3510.0,1926.346199224281
1,1000,13,LXSSA_REPAIR,59,3570.0,1925.3472723634331
1,1000,13,LXSSA_REPAIR,60,3630.0,1924.1778953971225
1,1000,13,LXSSA_REPAIR,61,3690.0,1921.4793494722835
1,1000,13,LXSSA_REPAIR,62,3750.0,1913.1146219056827
1,1000,13,LXSSA_REPAIR,63,3810.0,1897.1756022259651
1,1000,13,LXSSA_REPAIR,64,3870.0,1892.2526965040888
1,1000,13,LXSSA_REPAIR,65,3930.0,1889.7629706796579
1,1000,13,LXSSA_REPAIR,66,3990.0,1882.689085145219
1,1000,13,LXSSA_REPAIR,67,4050.0,1872.4607454309298
1,1000,13,LXSSA_REPAIR,68,4110.0,1868.0876580049226
1,1000,13,LXSSA_REPAIR,69,4170.0,1865.5545743635012
1,1000,13,LXSSA_REPAIR,70,4230.0,1863.7292938716419
1,1000,13,LXSSA_REPAIR,71,4290.0,1862.1732567388826
1,1000,13,LXSSA_REPAIR,72,4350.0,1860.061139139667
1,1000,13,LXSSA_REPAIR,73,4410.0,1858.82823694947
1,1000,13,LXSSA_REPAIR,74,4470.0,1855.0524296708172
1,1000,13,LXSSA_REPAIR,75,4530.0,1844.4433188153344
1,1000,13,LXSSA_REPAIR,76,4590.0,1842.7729605880304
1,1000,13,LXSSA_REPAIR,77,4650.0,1842.1717812942225
1,1000,13,LXSSA_REPAIR,78,4710.0,1840.7549337660312
1,1000,13,LXSSA_REPAIR,79,4770.0,1838.8862742470665
1,1000,13,LXSSA_REPAIR,80,4830.0,1837.9542012279417
1,1000,13,LXSSA_REPAIR,81,4890.0,1837.0413893002114
1,1000,13,LXSSA_REPAIR,82,4950.0,1836.7781065961317
1,1000,13,LXSSA_REPAIR,83,5010.0,1836.646825998614
1,1000,13,LXSSA_REPAIR,84,5070.0,1836.2537261513353
1,1000,13,LXSSA_REPAIR,85,5130.0,1835.301280969259
1,1000,13,LXSSA_REPAIR,86,5190.0,1834.944658200504
1,1000,13,LXSSA_REPAIR,87,5250.0,1834.826431644411
1,1000,13,LXSSA_REPAIR,88,5310.0,1834.8002371522307
1,1000,13,LXSSA_REPAIR,89,5370.0,1834.7582031649945
1,1000,13,LXSSA_REPAIR,90,5430.0,1834.6686395884753
1,1000,13,LXSSA_REPAIR,91,5490.0,1834.6465963901865
1,1000,13,LXSSA_REPAIR,92,5550.0,1834.639779853329
1,1000,13,LXSSA_REPAIR,93,5610.0,1834.633479302589
1,1000,13,LXSSA_REPAIR,94,5670.0,1834.6220840261958
1,1000,13,LXSSA_REPAIR,95,5730.0,1834.6030257840175
1,1000,13,LXSSA_REPAIR,96,5790.0,1834.5357588281622
1,1000,13,LXSSA_REPAIR,97,5850.0,1834.361182977358
1,1000,13,LXSSA_REPAIR,98,5910.0,1833.7500003375753
1,1000,13,LXSSA_REPAIR,99,5970.0,1833.0457537344628
1,1000,13,LXSSA_REPAIR,100,6030.0,1832.844688643716
1,1000,14,GNNLXSSA,0,30.0,5266.854952932481
1,1000,14,GNNLXSSA,1,980.0,4627.233091412796
1,1000,14,GNNLXSSA,2,994.0,4584.487084773951
1,1000,14,GNNLXSSA,3,1008.0,4491.146663227264
1,1000,14,GNNLXSSA,4,1021.0,4491.146663227264
1,1000,14,GNNLXSSA,5,1035.0,4491.146663227264
1,1000,14,GNNLXSSA,6,1049.0,4327.052129380347
1,1000,14,GNNLXSSA,7,1062.0,4327.052129380347
1,1000,14,GNNLXSSA,8,1075.0,4098.024275333548
1,1000,14,GNNLXSSA,9,1089.0,3927.926822930822
1,1000,14,GNNLXSSA,10,1103.0,3927.926822930822
1,1000,14,GNNLXSSA,11,1117.0,3890.165599743981
1,1000,14,GNNLXSSA,12,1131.0,3888.181004393031
1,1000,14,GNNLXSSA,13,1145.0,3888.181004393031
1,1000,14,GNNLXSSA,14,1159.0,3888.181004393031
1,1000,14,GNNLXSSA,15,1172.0,3888.181004393031
1,1000,14,GNNLXSSA,16,1186.0,3860.082929979704
1,1000,14,GNNLXSSA,17,1200.0,3849.343705733947
1,1000,14,GNNLXSSA,18,1213.0,3847.370894968146
1,1000,14,GNNLXSSA,19,1226.0,3847.370894968146
1,1000,14,GNNLXSSA,20,1239.0,3806.780522122848
1,1000,14,GNNLXSSA,21,1253.0,3721.3387785605737
1,1000,14,GNNLXSSA,22,1266.0,3721.3387785605737
1,1000,14,GNNLXSSA,23,1280.0,3669.225962005669
1,1000,14,GNNLXSSA,24,1294.0,3608.9835802119164
1,1000,14,GNNLXSSA,25,1308.0,3608.9835802119164
1,1000,14,GNNLXSSA,26,1322.0,3608.9835802119164
1,1000,14,GNNLXSSA,27,1336.0,3608.9835802119164
1,1000,14,GNNLXSSA,28,1350.0,3608.9835802119164
1,1000,14,GNNLXSSA,29,1363.0,3489.2994126206904
1,1000,14,GNNLXSSA,30,1377.0,3489.2994126206904
1,1000,14,GNNLXSSA,31,1391.0,3460.521348892792
1,1000,14,GNNLXSSA,32,1405.0,3460.521348892792
1,1000,14,GNNLXSSA,33,1419.0,3460.521348892792
1,1000,14,GNNLXSSA,34,1432.0,3455.1327907853993
1,1000,14,GNNLXSSA,35,1445.0,3455.1327907853993
1,1000,14,GNNLXSSA,36,1458.0,3401.2782546513918
1,1000,14,GNNLXSSA,37,1472.0,3383.862016090934
1,1000,14,GNNLXSSA,38,1486.0,3383.862016090934
1,1000,14,GNNLXSSA,39,1500.0,3383.862016090934
1,1000,14,GNNLXSSA,40,1514.0,3382.1631330452656
1,1000,14,GNNLXSSA,41,1528.0,3382.1631330452656
1,1000,14,GNNLXSSA,42,1542.0,3382.1631330452656
1,1000,14,GNNLXSSA,43,1556.0,3382.1631330452656
1,1000,14,GNNLXSSA,44,1570.0,3382.1631330452656
1,1000,14,GNNLXSSA,45,1584.0,3333.682627914619
1,1000,14,GNNLXSSA,46,1597.0,3333.682627914619
1,1000,14,GNNLXSSA,47,1609.0,3305.629154128532
1,1000,14,GNNLXSSA,48,1623.0,3305.629154128532
1,1000,14,GNNLXSSA,49,1635.0,3293.233819050074
1,1000,14,GNNLXSSA,50,1649.0,3293.233819050074
1,1000,14,GNNLXSSA,51,1662.0,3293.233819050074
1,1000,14,GNNLXSSA,52,1676.0,3293.233819050074
1,1000,14,GNNLXSSA,53,1690.0,3232.997087472657
1,1000,14,GNNLXSSA,54,1704.0,3232.997087472657
1,1000,14,GNNLXSSA,55,1717.0,3232.997087472657
1,1000,14,GNNLXSSA,56,1730.0,3232.997087472657
1,1000,14,GNNLXSSA,57,1743.0,3222.426758772155
1,1000,14,GNNLXSSA,58,1756.0,3222.426758772155
1,1000,14,GNNLXSSA,59,1769.0,3222.426758772155
1,1000,14,GNNLXSSA,60,1783.0,3222.426758772155
1,1000,14,GNNLXSSA,61,1795.0,3222.426758772155
1,1000,14,GNNLXSSA,62,1809.0,3191.6662796804158
1,1000,14,GNNLXSSA,63,1823.0,3191.6662796804158
1,1000,14,GNNLXSSA,64,1837.0,3191.6662796804158
1,1000,14,GNNLXSSA,65,1851.0,3191.6662796804158
1,1000,14,GNNLXSSA,66,1864.0,3150.3823082322633
1,1000,14,GNNLXSSA,67,1877.0,3138.0205695219047
1,1000,14,GNNLXSSA,68,1891.0,3138.0205695219047
1,1000,14,GNNLXSSA,69,1904.0,3118.4151404854783
1,1000,14,GNNLXSSA,70,1917.0,3114.5219671360246
1,1000,14,GNNLXSSA,71,1930.0,3114.5219671360246
1,1000,14,GNNLXSSA,72,1944.0,3109.6157839296648
1,1000,14,GNNLXSSA,73,1958.0,3109.6157839296648
1,1000,14,GNNLXSSA,74,1972.0,3109.6157839296648
1,1000,14,GNNLXSSA,75,1985.0,3109.6157839296648
1,1000,14,GNNLXSSA,76,1999.0,3109.6157839296648
1,1000,14,GNNLXSSA,77,2012.0,3108.7205228253442
1,1000,14,GNNLXSSA,78,2026.0,3108.5023962705454
1,1000,14,GNNLXSSA,79,2040.0,3087.862417938217
1,1000,14,GNNLXSSA,80,2053.0,3087.862417938217
1,1000,14,GNNLXSSA,81,2067.0,3048.714173052518
1,1000,14,GNNLXSSA,82,2080.0,3048.714173052518
1,1000,14,GNNLXSSA,83,2093.0,3048.714173052518
1,1000,14,GNNLXSSA,84,2106.0,3048.614778335512
1,1000,14,GNNLXSSA,85,2119.0,3048.4923452883377
1,1000,14,GNNLXSSA,86,2133.0,3045.7633762476617
1,1000,14,GNNLXSSA,87,2146.0,3045.7633762476617
1,1000,14,GNNLXSSA,88,2159.0,3045.7633762476617
1,1000,14,GNNLXSSA,89,2173.0,3045.7633762476617
1,1000,14,GNNLXSSA,90,2187.0,3045.7633762476617
1,1000,14,GNNLXSSA,91,2200.0,3045.7633762476617
1,1000,14,GNNLXSSA,92,2214.0,3045.749656181899
1,1000,14,GNNLXSSA,93,2227.0,3045.749656181899
1,1000,14,GNNLXSSA,94,2241.0,3045.749656181899
1,1000,14,GNNLXSSA,95,2254.0,3045.746778087647
1,1000,14,GNNLXSSA,96,2267.0,3043.19120677546
1,1000,14,GNNLXSSA,97,2281.0,3043.1903742592403
1,1000,14,GNNLXSSA,98,2295.0,3043.183928458806
1,1000,14,GNNLXSSA,99,2308.0,3043.183928458806
1,1000,14,GNNLXSSA,100,2322.0,3037.947450123029
1,1000,14,LXSSA_REPAIR,0,30.0,5068.988430202313
1,1000,14,LXSSA_REPAIR,1,90.0,4908.323683135139
1,1000,14,LXSSA_REPAIR,2,150.0,4711.843897256476
1,1000,14,LXSSA_REPAIR,3,210.0,4092.27228167055
1,1000,14,LXSSA_REPAIR,4,270.0,3840.6057536646113
1,1000,14,LXSSA_REPAIR,5,330.0,3698.953841962284
1,1000,14,LXSSA_REPAIR,6,390.0,3532.6037697799475
1,1000,14,LXSSA_REPAIR,7,450.0,3520.986580621844
1,1000,14,LXSSA_REPAIR,8,510.0,3379.663013071695
1,1000,14,LXSSA_REPAIR,9,570.0,3341.5999701391847
1,1000,14,LXSSA_REPAIR,10,630.0,3258.538393214243
1,1000,14,LXSSA_REPAIR,11,690.0,3245.7162395777123
1,1000,14,LXSSA_REPAIR,12,750.0,3199.0633307398384
1,1000,14,LXSSA_REPAIR,13,810.0,3184.2386549452494
1,1000,14,LXSSA_REPAIR,14,870.0,3179.3820375516952
1,1000,14,LXSSA_REPAIR,15,930.0,3170.7198501083185
1,1000,14,LXSSA_REPAIR,16,990.0,3146.9870891830215
1,1000,14,LXSSA_REPAIR,17,1050.0,3127.1254471099965
1,1000,14,LXSSA_REPAIR,18,1110.0,3084.345698528239
1,1000,14,LXSSA_REPAIR,19,1170.0,3080.0307007096853
1,1000,14,LXSSA_REPAIR,20,1230.0,3074.4099210667046
1,1000,14,LXSSA_REPAIR,21,1290.0,3061.4616770662105
1,1000,14,LXSSA_REPAIR,22,1350.0,2994.2191886020446
1,1000,14,LXSSA_REPAIR,23,1410.0,2979.413626818641
1,1000,14,LXSSA_REPAIR,24,1470.0,2976.9997698240186
1,1000,14,LXSSA_REPAIR,25,1530.0,2971.605270977074
1,1000,14,LXSSA_REPAIR,26,1590.0,2941.3060056125687
1,1000,14,LXSSA_REPAIR,27,1650.0,2935.459024043099
1,1000,14,LXSSA_REPAIR,28,1710.0,2901.0743591690843
1,1000,14,LXSSA_REPAIR,29,1770.0,2885.268355404449
1,1000,14,LXSSA_REPAIR,30,1830.0,2880.8647552694165
1,1000,14,LXSSA_REPAIR,31,1890.0,2853.0037692035403
1,1000,14,LXSSA_REPAIR,32,1950.0,2820.34966915501
1,1000,14,LXSSA_REPAIR,33,2010.0,2799.7203602447407
1,1000,14,LXSSA_REPAIR,34,2070.0,2775.37498557198
1,1000,14,LXSSA_REPAIR,35,2130.0,2775.0493393187644
1,1000,14,LXSSA_REPAIR,36,2190.0,2740.1584001160663
1,1000,14,LXSSA_REPAIR,37,2250.0,2739.9056882716977
1,1000,14,LXSSA_REPAIR,38,2310.0,2736.3592130350735
1,1000,14,LXSSA_REPAIR,39,2370.0,2716.119440236973
1,1000,14,LXSSA_REPAIR,40,2430.0,2705.366673385215
1,1000,14,LXSSA_REPAIR,41,2490.0,2678.1125813709223
1,1000,14,LXSSA_REPAIR,42,2550.0,2623.2238299823075
1,1000,14,LXSSA_REPAIR,43,2610.0,2604.5770720423607
1,1000,14,LXSSA_REPAIR,44,2670.0,2603.5877694988885
1,1000,14,LXSSA_REPAIR,45,2730.0,2602.4304203803767
1,1000,14,LXSSA_REPAIR,46,2790.0,2598.276092724991
1,1000,14,LXSSA_REPAIR,47,2850.0,2586.8004998671386
1,1000,14,LXSSA_REPAIR,48,2910.0,2577.1123319830804
1,1000,14,LXSSA_REPAIR,49,2970.0,2573.469468833471
1,1000,14,LXSSA_REPAIR,50,3030.0,2568.4387921066955
1,1000,14,LXSSA_REPAIR,51,3090.0,2555.0133627853356
1,1000,14,LXSSA_REPAIR,52,3150.0,2547.079954965913
1,1000,14,LXSSA_REPAIR,53,3210.0,2545.4937045593833
1,1000,14,LXSSA_REPAIR,54,3270.0,2544.6826031767705
1,1000,14,LXSSA_REPAIR,55,3330.0,2538.703138977129
1,1000,14,LXSSA_REPAIR,56,3390.0,2538.703138977129
1,1000,14,LXSSA_REPAIR,57,3450.0,2532.519280081993
1,1000,14,LXSSA_REPAIR,58,3510.0,2508.2366194981296
1,1000,14,LXSSA_REPAIR,59,3570.0,2506.713696525476
1,1000,14,LXSSA_REPAIR,60,3630.0,2502.0125927178015
1,1000,14,LXSSA_REPAIR,61,3690.0,2500.0493597894238
1,1000,14,LXSSA_REPAIR,62,3750.0,2483.4823929198465
1,1000,14,LXSSA_REPAIR,63,3810.0,2473.8388433776854
1,1000,14,LXSSA_REPAIR,64,3870.0,2469.5513403208024
1,1000,14,LXSSA_REPAIR,65,3930.0,2467.562087189159
1,1000,14,LXSSA_REPAIR,66,3990.0,2461.1245970756863
1,1000,14,LXSSA_REPAIR,67,4050.0,2454.2682918700884
1,1000,14,LXSSA_REPAIR,68,4110.0,2449.3973747380805
1,1000,14,LXSSA_REPAIR,69,4170.0,2440.6997099694127
1,1000,14,LXSSA_REPAIR,70,4230.0,2437.281065969655
1,1000,14,LXSSA_REPAIR,71,4290.0,2436.649563287603
1,1000,14,LXSSA_REPAIR,72,4350.0,2434.6917223264463
1,1000,14,LXSSA_REPAIR,73,4410.0,2434.672612053153
1,1000,14,LXSSA_REPAIR,74,4470.0,2434.5260593933344
1,1000,14,LXSSA_REPAIR,75,4530.0,2433.763332647737
1,1000,14,LXSSA_REPAIR,76,4590.0,2430.6005901104218
1,1000,14,LXSSA_REPAIR,77,4650.0,2425.7322455613466
1,1000,14,LXSSA_REPAIR,78,4710.0,2422.0988833889132
1,1000,14,LXSSA_REPAIR,79,4770.0,2418.1151133588864
1,1000,14,LXSSA_REPAIR,80,4830.0,2411.7565597690264
1,1000,14,LXSSA_REPAIR,81,4890.0,2409.3218821386836
1,1000,14,LXSSA_REPAIR,82,4950.0,2403.4851315714623
1,1000,14,LXSSA_REPAIR,83,5010.0,2389.3719943506003
1,1000,14,LXSSA_REPAIR,84,5070.0,2388.7609947940946
1,1000,14,LXSSA_REPAIR,85,5130.0,2387.8875229916885
1,1000,14,LXSSA_REPAIR,86,5190.0,2386.986810573784
1,1000,14,LXSSA_REPAIR,87,5250.0,2385.806306731407
1,1000,14,LXSSA_REPAIR,88,5310.0,2385.4400712066126
1,1000,14,LXSSA_REPAIR,89,5370.0,2385.1687974452943
1,1000,14,LXSSA_REPAIR,90,5430.0,2385.06494652752
1,1000,14,LXSSA_REPAIR,91,5490.0,2384.734708284479
1,1000,14,LXSSA_REPAIR,92,5550.0,2384.5061532971013
1,1000,14,LXSSA_REPAIR,93,5610.0,2384.1950229432696
1,1000,14,LXSSA_REPAIR,94,5670.0,2383.901876674514
1,1000,14,LXSSA_REPAIR,95,5730.0,2383.157759627429
1,1000,14,LXSSA_REPAIR,96,5790.0,2382.3983336978563
1,1000,14,LXSSA_REPAIR,97,5850.0,2381.083315037511
1,1000,14,LXSSA_REPAIR,98,5910.0,2379.952907876592
1,1000,14,LXSSA_REPAIR,99,5970.0,2378.929826373671
1,1000,14,LXSSA_REPAIR,100,6030.0,2378.8751661396673
1,1000,15,GNNLXSSA,0,30.0,6177.840481590712
1,1000,15,GNNLXSSA,1,1043.0,5789.673362714209
1,1000,15,GNNLXSSA,2,1056.0,5789.673362714209
1,1000,15,GNNLXSSA,3,1069.0,5763.90842972869
1,1000,15,GNNLXSSA,4,1082.0,5742.0041545658605
1,1000,15,GNNLXSSA,5,1096.0,5672.037082488736
1,1000,15,GNNLXSSA,6,1110.0,5300.724798879237
1,1000,15,GNNLXSSA,7,1124.0,5272.476707268346
1,1000,15,GNNLXSSA,8,1138.0,5176.010230192376
1,1000,15,GNNLXSSA,9,1152.0,5131.6866063094785
1,1000,15,GNNLXSSA,10,1165.0,4977.582714309436
1,1000,15,GNNLXSSA,11,1179.0,4885.229490338374
1,1000,15,GNNLXSSA,12,1193.0,4885.229490338374
1,1000,15,GNNLXSSA,13,1206.0,4885.229490338374
1,1000,15,GNNLXSSA,14,1219.0,4885.229490338374
1,1000,15,GNNLXSSA,15,1232.0,4885.229490338374
1,1000,15,GNNLXSSA,16,1246.0,4871.590697063613
1,1000,15,GNNLXSSA,17,1259.0,4871.590697063613
1,1000,15,GNNLXSSA,18,1272.0,4828.926642053644
1,1000,15,GNNLXSSA,19,1286.0,4828.926642053644
1,1000,15,GNNLXSSA,20,1300.0,4828.926642053644
1,1000,15,GNNLXSSA,21,1314.0,4783.369288067159
1,1000,15,GNNLXSSA,22,1327.0,4783.369288067159
1,1000,15,GNNLXSSA,23,1341.0,4738.887329217192
1,1000,15,GNNLXSSA,24,1355.0,4716.917390505303
1,1000,15,GNNLXSSA,25,1368.0,4709.600778216409
1,1000,15,GNNLXSSA,26,1382.0,4663.2920099443145
1,1000,15,GNNLXSSA,27,1395.0,4622.20830870785
1,1000,15,GNNLXSSA,28,1409.0,4570.394240035239
1,1000,15,GNNLXSSA,29,1422.0,4569.135138900601
1,1000,15,GNNLXSSA,30,1436.0,4550.323805262975
1,1000,15,GNNLXSSA,31,1450.0,4550.323805262975
1,1000,15,GNNLXSSA,32,1463.0,4547.456695034547
1,1000,15,GNNLXSSA,33,1476.0,4532.010361643246
1,1000,15,GNNLXSSA,34,1490.0,4510.636504088703
1,1000,15,GNNLXSSA,35,1504.0,4463.879123452978
1,1000,15,GNNLXSSA,36,1517.0,4450.529121406944
1,1000,15,GNNLXSSA,37,1530.0,4450.529121406944
1,1000,15,GNNLXSSA,38,1544.0,4450.529121406944
1,1000,15,GNNLXSSA,39,1558.0,4450.529121406944
1,1000,15,GNNLXSSA,40,1571.0,4427.090792617877
1,1000,15,GNNLXSSA,41,1584.0,4414.715291318003
1,1000,15,GNNLXSSA,42,1597.0,4408.965387208416
1,1000,15,GNNLXSSA,43,1610.0,4408.965387208416
1,1000,15,GNNLXSSA,44,1623.0,4408.965387208416
1,1000,15,GNNLXSSA,45,1637.0,4374.7464260659035
1,1000,15,GNNLXSSA,46,1651.0,4372.679228538094
1,1000,15,GNNLXSSA,47,1665.0,4372.679228538094
1,1000,15,GNNLXSSA,48,1679.0,4372.679228538094
1,1000,15,GNNLXSSA,49,1693.0,4372.679228538094
1,1000,15,GNNLXSSA,50,1707.0,4372.679228538094
1,1000,15,GNNLXSSA,51,1721.0,4342.9107720363245
1,1000,15,GNNLXSSA,52,1735.0,4342.9107720363245
1,1000,15,GNNLXSSA,53,1748.0,4242.427798523582
1,1000,15,GNNLXSSA,54,1762.0,4240.988081138974
1,1000,15,GNNLXSSA,55,1775.0,4234.980937762026
1,1000,15,GNNLXSSA,56,1789.0,4148.63910255066
1,1000,15,GNNLXSSA,57,1803.0,4148.63910255066
1,1000,15,GNNLXSSA,58,1816.0,4094.109171776232
1,1000,15,GNNLXSSA,59,1830.0,4079.0238111607614
1,1000,15,GNNLXSSA,60,1844.0,4051.427775699878
1,1000,15,GNNLXSSA,61,1858.0,4034.8188053909107
1,1000,15,GNNLXSSA,62,1872.0,4009.783325529177
1,1000,15,GNNLXSSA,63,1885.0,3922.8620223096805
1,1000,15,GNNLXSSA,64,1899.0,3907.7351471879956
1,1000,15,GNNLXSSA,65,1913.0,3889.860455190006
1,1000,15,GNNLXSSA,66,1926.0,3887.2696540015604
1,1000,15,GNNLXSSA,67,1940.0,3881.957828863815
1,1000,15,GNNLXSSA,68,1953.0,3881.957828863815
1,1000,15,GNNLXSSA,69,1967.0,3879.2783348245284
1,1000,15,GNNLXSSA,70,1980.0,3878.8022352734843
1,1000,15,GNNLXSSA,71,1994.0,3877.184780879412
1,1000,15,GNNLXSSA,72,2008.0,3876.222744028055
1,1000,15,GNNLXSSA,73,2022.0,3872.5491554868495
1,1000,15,GNNLXSSA,74,2036.0,3870.479029863651
1,1000,15,GNNLXSSA,75,2048.0,3864.8839539837936
1,1000,15,GNNLXSSA,76,2062.0,3836.5673770947906
1,1000,15,GNNLXSSA,77,2075.0,3835.833203318354
1,1000,15,GNNLXSSA,78,2089.0,3835.833203318354
1,1000,15,GNNLXSSA,79,2103.0,3835.6376774998644
1,1000,15,GNNLXSSA,80,2117.0,3832.3992294577474
1,1000,15,GNNLXSSA,81,2131.0,3831.2502167311904
1,1000,15,GNNLXSSA,82,2145.0,3831.2502167311904
1,1000,15,GNNLXSSA,83,2157.0,3831.207440705024
1,1000,15,GNNLXSSA,84,2170.0,3831.207440705024
1,1000,15,GNNLXSSA,85,2183.0,3830.2330645499896
1,1000,15,GNNLXSSA,86,2197.0,3829.4700728015596
1,1000,15,GNNLXSSA,87,2210.0,3826.652291025719
1,1000,15,GNNLXSSA,88,2223.0,3824.444901233932
1,1000,15,GNNLXSSA,89,2236.0,3824.444901233932
1,1000,15,GNNLXSSA,90,2249.0,3819.036126701685
1,1000,15,GNNLXSSA,91,2263.0,3805.3641653147497
1,1000,15,GNNLXSSA,92,2277.0,3805.3641653147497
1,1000,15,GNNLXSSA,93,2290.0,3805.3641653147497
1,1000,15,GNNLXSSA,94,2303.0,3805.3641653147497
1,1000,15,GNNLXSSA,95,2317.0,3805.3641653147497
1,1000,15,GNNLXSSA,96,2331.0,3805.3641653147497
1,1000,15,GNNLXSSA,97,2345.0,3805.3641653147497
1,1000,15,GNNLXSSA,98,2359.0,3805.3641653147497
1,1000,15,GNNLXSSA,99,2373.0,3801.450600524142
1,1000,15,GNNLXSSA,100,2387.0,3801.450600524142
1,1000,15,LXSSA_REPAIR,0,30.0,6175.3718376245815
1,1000,15,LXSSA_REPAIR,1,90.0,5859.596617829287
1,1000,15,LXSSA_REPAIR,2,150.0,5748.474156923185
1,1000,15,LXSSA_REPAIR,3,210.0,5359.195313670352
1,1000,15,LXSSA_REPAIR,4,270.0,5183.621895923963
1,1000,15,LXSSA_REPAIR,5,330.0,4990.4574283355905
1,1000,15,LXSSA_REPAIR,6,390.0,4891.110984089624
1,1000,15,LXSSA_REPAIR,7,450.0,4636.530298201673
1,1000,15,LXSSA_REPAIR,8,510.0,4636.530298201673
1,1000,15,LXSSA_REPAIR,9,570.0,4486.831534030323
1,1000,15,LXSSA_REPAIR,10,630.0,4323.289938334216
1,1000,15,LXSSA_REPAIR,11,690.0,4239.361542478742
1,1000,15,LXSSA_REPAIR,12,750.0,4202.259307900531
1,1000,15,LXSSA_REPAIR,13,810.0,4166.805463622048
1,1000,15,LXSSA_REPAIR,14,870.0,4136.924014832461
1,1000,15,LXSSA_REPAIR,15,930.0,4128.605966892268
1,1000,15,LXSSA_REPAIR,16,990.0,4059.193995428068
1,1000,15,LXSSA_REPAIR,17,1050.0,4058.473633215195
1,1000,15,LXSSA_REPAIR,18,1110.0,4049.203447916225
1,1000,15,LXSSA_REPAIR,19,1170.0,4010.4795937472227
1,1000,15,LXSSA_REPAIR,20,1230.0,4006.142089478555
1,1000,15,LXSSA_REPAIR,21,1290.0,3963.6086102468544
1,1000,15,LXSSA_REPAIR,22,1350.0,3908.1055492890737
1,1000,15,LXSSA_REPAIR,23,1410.0,3867.992460286987
1,1000,15,LXSSA_REPAIR,24,1470.0,3823.8848640109063
1,1000,15,LXSSA_REPAIR,25,1530.0,3778.665360907864
1,1000,15,LXSSA_REPAIR,26,1590.0,3764.8301079255616
1,1000,15,LXSSA_REPAIR,27,1650.0,3747.19511398091
1,1000,15,LXSSA_REPAIR,28,1710.0,3733.3318219179055
1,1000,15,LXSSA_REPAIR,29,1770.0,3714.4583355374198
1,1000,15,LXSSA_REPAIR,30,1830.0,3695.7534009254887
1,1000,15,LXSSA_REPAIR,31,1890.0,3677.3849920464563
1,1000,15,LXSSA_REPAIR,32,1950.0,3661.6139078983542
1,1000,15,LXSSA_REPAIR,33,2010.0,3654.9239774932503
1,1000,15,LXSSA_REPAIR,34,2070.0,3600.1039564173407
1,1000,15,LXSSA_REPAIR,35,2130.0,3595.523947893118
1,1000,15,LXSSA_REPAIR,36,2190.0,3562.438886784934
1,1000,15,LXSSA_REPAIR,37,2250.0,3542.3651884686697
1,1000,15,LXSSA_REPAIR,38,2310.0,3528.891582233933
1,1000,15,LXSSA_REPAIR,39,2370.0,3506.200594055321
1,1000,15,LXSSA_REPAIR,40,2430.0,3499.314591177943
1,1000,15,LXSSA_REPAIR,41,2490.0,3484.567608366531
1,1000,15,LXSSA_REPAIR,42,2550.0,3467.3178191847255
1,1000,15,LXSSA_REPAIR,43,2610.0,3459.5399115498294
1,1000,15,LXSSA_REPAIR,44,2670.0,3446.4497515478142
1,1000,15,LXSSA_REPAIR,45,2730.0,3422.45989683512
1,1000,15,LXSSA_REPAIR,46,2790.0,3417.9248616676487
1,1000,15,LXSSA_REPAIR,47,2850.0,3379.2733571946155
1,1000,15,LXSSA_REPAIR,48,2910.0,3370.118605605472
1,1000,15,LXSSA_REPAIR,49,2970.0,3361.6279001613293
1,1000,15,LXSSA_REPAIR,50,3030.0,3356.3252646355977
1,1000,15,LXSSA_REPAIR,51,3090.0,3353.8209935823106
1,1000,15,LXSSA_REPAIR,52,3150.0,3349.0170807048125
1,1000,15,LXSSA_REPAIR,53,3210.0,3324.4914959016896
1,1000,15,LXSSA_REPAIR,54,3270.0,3317.8359961268143
1,1000,15,LXSSA_REPAIR,55,3330.0,3310.606055638942
1,1000,15,LXSSA_REPAIR,56,3390.0,3299.279120851672
1,1000,15,LXSSA_REPAIR,57,3450.0,3272.6609887593077
1,1000,15,LXSSA_REPAIR,58,3510.0,3268.9161815781263
1,1000,15,LXSSA_REPAIR,59,3570.0,3262.1557613855985
1,1000,15,LXSSA_REPAIR,60,3630.0,3261.1420247936767
1,1000,15,LXSSA_REPAIR,61,3690.0,3256.6595241814503
1,1000,15,LXSSA_REPAIR,62,3750.0,3252.342395914311
1,1000,15,LXSSA_REPAIR,63,3810.0,3239.861000041128
1,1000,15,LXSSA_REPAIR,64,3870.0,3237.2748984105274
1,1000,15,LXSSA_REPAIR,65,3930.0,3233.199787671474
1,1000,15,LXSSA_REPAIR,66,3990.0,3231.993048808363
1,1000,15,LXSSA_REPAIR,67,4050.0,3228.2856097735494
1,1000,15,LXSSA_REPAIR,68,4110.0,3220.3375727427774
1,1000,15,LXSSA_REPAIR,69,4170.0,3216.503889264932
1,1000,15,LXSSA_REPAIR,70,4230.0,3215.317170871087
1,1000,15,LXSSA_REPAIR,71,4290.0,3213.9680278083397
1,1000,15,LXSSA_REPAIR,72,4350.0,3210.26637685264
1,1000,15,LXSSA_REPAIR,73,4410.0,3208.112518644266
1,1000,15,LXSSA_REPAIR,74,4470.0,3207.001574791444
1,1000,15,LXSSA_REPAIR,75,4530.0,3204.206012567942
1,1000,15,LXSSA_REPAIR,76,4590.0,3203.156812166955
1,1000,15,LXSSA_REPAIR,77,4650.0,3202.7993787049636
1,1000,15,LXSSA_REPAIR,78,4710.0,3202.2908200983948
1,1000,15,LXSSA_REPAIR,79,4770.0,3201.53749070676
1,1000,15,LXSSA_REPAIR,80,4830.0,3200.9996990794607
1,1000,15,LXSSA_REPAIR,81,4890.0,3200.5624760255887
1,1000,15,LXSSA_REPAIR,82,4950.0,3200.440781880141
1,1000,15,LXSSA_REPAIR,83,5010.0,3200.1256713399634
1,1000,15,LXSSA_REPAIR,84,5070.0,3199.620239998738
1,1000,15,LXSSA_REPAIR,85,5130.0,3198.7924830346456
1,1000,15,LXSSA_REPAIR,86,5190.0,3196.9005758063868
1,1000,15,LXSSA_REPAIR,87,5250.0,3195.9226978387305
1,1000,15,LXSSA_REPAIR,88,5310.0,3195.4346809650597
1,1000,15,LXSSA_REPAIR,89,5370.0,3194.253908946863
1,1000,15,LXSSA_REPAIR,90,5430.0,3192.9483813439
1,1000,15,LXSSA_REPAIR,91,5490.0,3192.536096684562
1,1000,15,LXSSA_REPAIR,92,5550.0,3192.183048194129
1,1000,15,LXSSA_REPAIR,93,5610.0,3191.2794041599846
1,1000,15,LXSSA_REPAIR,94,5670.0,3191.238567884924
1,1000,15,LXSSA_REPAIR,95,5730.0,3191.189486559757
1,1000,15,LXSSA_REPAIR,96,5790.0,3191.0240932073357
1,1000,15,LXSSA_REPAIR,97,5850.0,3191.0092789426853
1,1000,15,LXSSA_REPAIR,98,5910.0,3190.9933447381336
1,1000,15,LXSSA_REPAIR,99,5970.0,3190.9693536226114
1,1000,15,LXSSA_REPAIR,100,6030.0,3190.9341537018336
1,1000,16,GNNLXSSA,0,30.0,7667.532475133572
1,1000,16,GNNLXSSA,1,1107.0,6741.149016290787
1,1000,16,GNNLXSSA,2,1121.0,6741.149016290787
1,1000,16,GNNLXSSA,3,1135.0,6685.882858777812
1,1000,16,GNNLXSSA,4,1148.0,6583.96156443884
1,1000,16,GNNLXSSA,5,1162.0,6456.690178768753
1,1000,16,GNNLXSSA,6,1176.0,6404.0705832563835
1,1000,16,GNNLXSSA,7,1189.0,6358.379561919166
1,1000,16,GNNLXSSA,8,1203.0,6292.209177909594
1,1000,16,GNNLXSSA,9,1217.0,6286.729629845824
1,1000,16,GNNLXSSA,10,1230.0,6173.725913682705
1,1000,16,GNNLXSSA,11,1244.0,6003.012085046634
1,1000,16,GNNLXSSA,12,1257.0,5942.586507431915
1,1000,16,GNNLXSSA,13,1271.0,5942.586507431915
1,1000,16,GNNLXSSA,14,1285.0,5942.586507431915
1,1000,16,GNNLXSSA,15,1299.0,5908.071142456814
1,1000,16,GNNLXSSA,16,1312.0,5829.1895649166545
1,1000,16,GNNLXSSA,17,1325.0,5829.1895649166545
1,1000,16,GNNLXSSA,18,1339.0,5829.1895649166545
1,1000,16,GNNLXSSA,19,1353.0,5829.1895649166545
1,1000,16,GNNLXSSA,20,1366.0,5809.790013524704
1,1000,16,GNNLXSSA,21,1380.0,5809.790013524704
1,1000,16,GNNLXSSA,22,1393.0,5809.790013524704
1,1000,16,GNNLXSSA,23,1407.0,5762.215212392781
1,1000,16,GNNLXSSA,24,1420.0,5762.215212392781
1,1000,16,GNNLXSSA,25,1433.0,5702.557112283481
1,1000,16,GNNLXSSA,26,1446.0,5702.557112283481
1,1000,16,GNNLXSSA,27,1458.0,5581.110760188996
1,1000,16,GNNLXSSA,28,1471.0,5581.110760188996
1,1000,16,GNNLXSSA,29,1484.0,5581.110760188996
1,1000,16,GNNLXSSA,30,1498.0,5522.6935446402495
1,1000,16,GNNLXSSA,31,1512.0,5522.6935446402495
1,1000,16,GNNLXSSA,32,1526.0,5522.6935446402495
1,1000,16,GNNLXSSA,33,1539.0,5522.6935446402495
1,1000,16,GNNLXSSA,34,1553.0,5522.6935446402495
1,1000,16,GNNLXSSA,35,1566.0,5522.6935446402495
1,1000,16,GNNLXSSA,36,1580.0,5493.032703687786
1,1000,16,GNNLXSSA,37,1594.0,5477.058921497868
1,1000,16,GNNLXSSA,38,1608.0,5403.873412297398
1,1000,16,GNNLXSSA,39,1621.0,5403.873412297398
1,1000,16,GNNLXSSA,40,1634.0,5356.096765394148
1,1000,16,GNNLXSSA,41,1647.0,5356.096765394148
1,1000,16,GNNLXSSA,42,1660.0,5352.0977242552035
1,1000,16,GNNLXSSA,43,1674.0,5345.631082893757
1,1000,16,GNNLXSSA,44,1688.0,5345.631082893757
1,1000,16,GNNLXSSA,45,1702.0,5240.55638229828
1,1000,16,GNNLXSSA,46,1716.0,5228.1907041568775
1,1000,16,GNNLXSSA,47,1729.0,5223.322116055657
1,1000,16,GNNLXSSA,48,1743.0,5207.156565838421
1,1000,16,GNNLXSSA,49,1757.0,5037.045257324542
1,1000,16,GNNLXSSA,50,1771.0,5037.045257324542
1,1000,16,GNNLXSSA,51,1785.0,5037.045257324542
1,1000,16,GNNLXSSA,52,1799.0,5037.045257324542
1,1000,16,GNNLXSSA,53,1813.0,5035.352032902112
1,1000,16,GNNLXSSA,54,1827.0,5014.506486620812
1,1000,16,GNNLXSSA,55,1840.0,5014.506486620812
1,1000,16,GNNLXSSA,56,1854.0,4992.039519130383
1,1000,16,GNNLXSSA,57,1867.0,4992.039519130383
1,1000,16,GNNLXSSA,58,1880.0,4992.039519130383
1,1000,16,GNNLXSSA,59,1894.0,4992.039519130383
1,1000,16,GNNLXSSA,60,1907.0,4992.039519130383
1,1000,16,GNNLXSSA,61,1920.0,4966.979191662147
1,1000,16,GNNLXSSA,62,1934.0,4944.6491421885585
1,1000,16,GNNLXSSA,63,1948.0,4944.6491421885585
1,1000,16,GNNLXSSA,64,1960.0,4944.6491421885585
1,1000,16,GNNLXSSA,65,1974.0,4944.6491421885585
1,1000,16,GNNLXSSA,66,1987.0,4935.168442451541
1,1000,16,GNNLXSSA,67,2001.0,4927.906873350948
1,1000,16,GNNLXSSA,68,2015.0,4927.906873350948
1,1000,16,GNNLXSSA,69,2029.0,4927.906873350948
1,1000,16,GNNLXSSA,70,2042.0,4913.742380573502
1,1000,16,GNNLXSSA,71,2056.0,4913.742380573502
1,1000,16,GNNLXSSA,72,2069.0,4913.742380573502
1,1000,16,GNNLXSSA,73,2083.0,4908.26910016255
1,1000,16,GNNLXSSA,74,2096.0,4908.26910016255
1,1000,16,GNNLXSSA,75,2109.0,4908.013986993712
1,1000,16,GNNLXSSA,76,2123.0,4895.221030213812
1,1000,16,GNNLXSSA,77,2137.0,4895.221030213812
1,1000,16,GNNLXSSA,78,2150.0,4895.221030213812
1,1000,16,GNNLXSSA,79,2164.0,4895.221030213812
1,1000,16,GNNLXSSA,80,2178.0,4893.606502689159
1,1000,16,GNNLXSSA,81,2192.0,4893.606502689159
1,1000,16,GNNLXSSA,82,2206.0,4893.606502689159
1,1000,16,GNNLXSSA,83,2220.0,4893.606502689159
1,1000,16,GNNLXSSA,84,2234.0,4893.606502689159
1,1000,16,GNNLXSSA,85,2248.0,4893.606502689159
1,1000,16,GNNLXSSA,86,2262.0,4893.606502689159
1,1000,16,GNNLXSSA,87,2275.0,4892.061832184176
1,1000,16,GNNLXSSA,88,2288.0,4892.061832184176
1,1000,16,GNNLXSSA,89,2302.0,4891.273770057131
1,1000,16,GNNLXSSA,90,2316.0,4891.244123289391
1,1000,16,GNNLXSSA,91,2330.0,4891.244123289391
1,1000,16,GNNLXSSA,92,2344.0,4891.244123289391
1,1000,16,GNNLXSSA,93,2358.0,4891.216786938894
1,1000,16,GNNLXSSA,94,2372.0,4891.216786938894
1,1000,16,GNNLXSSA,95,2386.0,4891.216786938894
1,1000,16,GNNLXSSA,96,2399.0,4891.216786938894
1,1000,16,GNNLXSSA,97,2412.0,4891.21598696975
1,1000,16,GNNLXSSA,98,2426.0,4890.37000339794
1,1000,16,GNNLXSSA,99,2439.0,4890.37000339794
1,1000,16,GNNLXSSA,100,2453.0,4890.2920239359955
1,1000,16,LXSSA_REPAIR,0,30.0,7516.584773214519
1,1000,16,LXSSA_REPAIR,1,90.0,7230.346984346106
1,1000,16,LXSSA_REPAIR,2,150.0,6886.906248088431
1,1000,16,LXSSA_REPAIR,3,210.0,6307.9402605953655
1,1000,16,LXSSA_REPAIR,4,270.0,5720.057049968993
1,1000,16,LXSSA_REPAIR,5,330.0,5711.502634278513
1,1000,16,LXSSA_REPAIR,6,390.0,5580.373252698017
1,1000,16,LXSSA_REPAIR,7,450.0,5434.723343344027
1,1000,16,LXSSA_REPAIR,8,510.0,5331.152001373004
1,1000,16,LXSSA_REPAIR,9,570.0,5298.889844432328
1,1000,16,LXSSA_REPAIR,10,630.0,5264.239533430766
1,1000,16,LXSSA_REPAIR,11,690.0,5121.675489349756
1,1000,16,LXSSA_REPAIR,12,750.0,5116.026972797961
1,1000,16,LXSSA_REPAIR,13,810.0,5039.249915024222
1,1000,16,LXSSA_REPAIR,14,870.0,4979.981131733468
1,1000,16,LXSSA_REPAIR,15,930.0,4899.727483411567
1,1000,16,LXSSA_REPAIR,16,990.0,4899.727483411567
1,1000,16,LXSSA_REPAIR,17,1050.0,4886.796650148492
1,1000,16,LXSSA_REPAIR,18,1110.0,4844.797325767693
1,1000,16,LXSSA_REPAIR,19,1170.0,4731.879537988949
1,1000,16,LXSSA_REPAIR,20,1230.0,4728.03006128862
1,1000,16,LXSSA_REPAIR,21,1290.0,4698.74304881315
1,1000,16,LXSSA_REPAIR,22,1350.0,4664.424133450826
1,1000,16,LXSSA_REPAIR,23,1410.0,4658.670899178294
1,1000,16,LXSSA_REPAIR,24,1470.0,4598.076561123162
1,1000,16,LXSSA_REPAIR,25,1530.0,4591.565257786744
1,1000,16,LXSSA_REPAIR,26,1590.0,4581.904035164931
1,1000,16,LXSSA_REPAIR,27,1650.0,4552.707402302403
1,1000,16,LXSSA_REPAIR,28,1710.0,4521.999198519756
1,1000,16,LXSSA_REPAIR,29,1770.0,4515.984984476716
1,1000,16,LXSSA_REPAIR,30,1830.0,4514.995963912399
1,1000,16,LXSSA_REPAIR,31,1890.0,4510.252402423634
1,1000,16,LXSSA_REPAIR,32,1950.0,4502.210496452317
1,1000,16,LXSSA_REPAIR,33,2010.0,4483.509678408736
1,1000,16,LXSSA_REPAIR,34,2070.0,4446.968333185738
1,1000,16,LXSSA_REPAIR,35,2130.0,4436.085701905889
1,1000,16,LXSSA_REPAIR,36,2190.0,4420.225540842599
1,1000,16,LXSSA_REPAIR,37,2250.0,4408.261411112559
1,1000,16,LXSSA_REPAIR,38,2310.0,4396.855232948918
1,1000,16,LXSSA_REPAIR,39,2370.0,4389.315806951985
1,1000,16,LXSSA_REPAIR,40,2430.0,4321.667114851414
1,1000,16,LXSSA_REPAIR,41,2490.0,4316.984695140738
1,1000,16,LXSSA_REPAIR,42,2550.0,4277.754979171732
1,1000,16,LXSSA_REPAIR,43,2610.0,4264.43242550439
1,1000,16,LXSSA_REPAIR,44,2670.0,4252.407568221446
1,1000,16,LXSSA_REPAIR,45,2730.0,4238.9279038295645
1,1000,16,LXSSA_REPAIR,46,2790.0,4210.884077440685
1,1000,16,LXSSA_REPAIR,47,2850.0,4204.843613322853
1,1000,16,LXSSA_REPAIR,48,2910.0,4196.864855398162
1,1000,16,LXSSA_REPAIR,49,2970.0,4174.104996718001
1,1000,16,LXSSA_REPAIR,50,3030.0,4120.798051703096
1,1000,16,LXSSA_REPAIR,51,3090.0,4117.126426044531
1,1000,16,LXSSA_REPAIR,52,3150.0,4054.3382657252514
1,1000,16,LXSSA_REPAIR,53,3210.0,4033.268418602558
1,1000,16,LXSSA_REPAIR,54,3270.0,4026.973815374775
1,1000,16,LXSSA_REPAIR,55,3330.0,3991.454340522978
1,1000,16,LXSSA_REPAIR,56,3390.0,3989.1623457087408
1,1000,16,LXSSA_REPAIR,57,3450.0,3983.053156201131
1,1000,16,LXSSA_REPAIR,58,3510.0,3970.2623406637576
1,1000,16,LXSSA_REPAIR,59,3570.0,3966.7497581422795
1,1000,16,LXSSA_REPAIR,60,3630.0,3965.9052047044825
1,1000,16,LXSSA_REPAIR,61,3690.0,3964.0291580329213
1,1000,16,LXSSA_REPAIR,62,3750.0,3961.106822420421
1,1000,16,LXSSA_REPAIR,63,3810.0,3950.579833796699
1,1000,16,LXSSA_REPAIR,64,3870.0,3948.0813479695207
1,1000,16,LXSSA_REPAIR,65,3930.0,3947.2790546061005
1,1000,16,LXSSA_REPAIR,66,3990.0,3937.618564788485
1,1000,16,LXSSA_REPAIR,67,4050.0,3932.806512903422
1,1000,16,LXSSA_REPAIR,68,4110.0,3928.122128213159
1,1000,16,LXSSA_REPAIR,69,4170.0,3921.3819504411513
1,1000,16,LXSSA_REPAIR,70,4230.0,3918.1335724784585
1,1000,16,LXSSA_REPAIR,71,4290.0,3917.180001132001
1,1000,16,LXSSA_REPAIR,72,4350.0,3915.7443235114624
1,1000,16,LXSSA_REPAIR,73,4410.0,3913.696255373361
1,1000,16,LXSSA_REPAIR,74,4470.0,3913.015185078504
1,1000,16,LXSSA_REPAIR,75,4530.0,3911.715864685946
1,1000,16,LXSSA_REPAIR,76,4590.0,3909.5479875878664
1,1000,16,LXSSA_REPAIR,77,4650.0,3907.065638875065
1,1000,16,LXSSA_REPAIR,78,4710.0,3901.525506597478
1,1000,16,LXSSA_REPAIR,79,4770.0,3894.4971988346515
1,1000,16,LXSSA_REPAIR,80,4830.0,3888.2400183967547
1,1000,16,LXSSA_REPAIR,81,4890.0,3886.5460099111515
1,1000,16,LXSSA_REPAIR,82,4950.0,3885.1321456306323
1,1000,16,LXSSA_REPAIR,83,5010.0,3882.953281214781
1,1000,16,LXSSA_REPAIR,84,5070.0,3878.1986184743437
1,1000,16,LXSSA_REPAIR,85,5130.0,3872.415400499871
1,1000,16,LXSSA_REPAIR,86,5190.0,3867.6966500366398
1,1000,16,LXSSA_REPAIR,87,5250.0,3866.073690153775
1,1000,16,LXSSA_REPAIR,88,5310.0,3862.502333935263
1,1000,16,LXSSA_REPAIR,89,5370.0,3853.1662654264073
1,1000,16,LXSSA_REPAIR,90,5430.0,3851.320506936463
1,1000,16,LXSSA_REPAIR,91,5490.0,3851.2527423947904
1,1000,16,LXSSA_REPAIR,92,5550.0,3851.130459521737
1,1000,16,LXSSA_REPAIR,93,5610.0,3851.099465989624
1,1000,16,LXSSA_REPAIR,94,5670.0,3851.0781151570554
1,1000,16,LXSSA_REPAIR,95,5730.0,3851.045802592518
1,1000,16,LXSSA_REPAIR,96,5790.0,3850.9964131473243
1,1000,16,LXSSA_REPAIR,97,5850.0,3850.9639191241877
1,1000,16,LXSSA_REPAIR,98,5910.0,3850.923460423306
1,1000,16,LXSSA_REPAIR,99,5970.0,3850.881497094262
1,1000,16,LXSSA_REPAIR,100,6030.0,3850.7881294759427
1,1000,17,GNNLXSSA,0,30.0,8900.210870337236
1,1000,17,GNNLXSSA,1,1172.0,8353.549627806744
1,1000,17,GNNLXSSA,2,1186.0,8228.286001478074
1,1000,17,GNNLXSSA,3,1200.0,8132.423693792574
1,1000,17,GNNLXSSA,4,1214.0,7996.125279832238
1,1000,17,GNNLXSSA,5,1228.0,7996.125279832238
1,1000,17,GNNLXSSA,6,1242.0,7838.309201112614
1,1000,17,GNNLXSSA,7,1256.0,7749.196519011064
1,1000,17,GNNLXSSA,8,1270.0,7697.989944566099
1,1000,17,GNNLXSSA,9,1283.0,7632.407827899588
1,1000,17,GNNLXSSA,10,1297.0,7548.330886582538
1,1000,17,GNNLXSSA,11,1310.0,7428.352135968642
1,1000,17,GNNLXSSA,12,1324.0,7356.8324900797015
1,1000,17,GNNLXSSA,13,1338.0,7116.159394293296
1,1000,17,GNNLXSSA,14,1352.0,7116.159394293296
1,1000,17,GNNLXSSA,15,1366.0,7116.159394293296
1,1000,17,GNNLXSSA,16,1379.0,7116.159394293296
1,1000,17,GNNLXSSA,17,1392.0,7107.806218737664
1,1000,17,GNNLXSSA,18,1406.0,7107.806218737664
1,1000,17,GNNLXSSA,19,1420.0,7061.224826632446
1,1000,17,GNNLXSSA,20,1434.0,7061.224826632446
1,1000,17,GNNLXSSA,21,1447.0,6940.481373250819
1,1000,17,GNNLXSSA,22,1461.0,6940.481373250819
1,1000,17,GNNLXSSA,23,1475.0,6940.481373250819
1,1000,17,GNNLXSSA,24,1489.0,6860.214373456707
1,1000,17,GNNLXSSA,25,1502.0,6860.214373456707
1,1000,17,GNNLXSSA,26,1516.0,6829.2729338834615
1,1000,17,GNNLXSSA,27,1529.0,6809.049072813752
1,1000,17,GNNLXSSA,28,1543.0,6781.03725984045
1,1000,17,GNNLXSSA,29,1557.0,6774.074409715249
1,1000,17,GNNLXSSA,30,1570.0,6774.074409715249
1,1000,17,GNNLXSSA,31,1583.0,6774.074409715249
1,1000,17,GNNLXSSA,32,1597.0,6731.924338299388
1,1000,17,GNNLXSSA,33,1610.0,6731.386797427927
1,1000,17,GNNLXSSA,34,1624.0,6731.386797427927
1,1000,17,GNNLXSSA,35,1638.0,6674.841254142491
1,1000,17,GNNLXSSA,36,1652.0,6674.841254142491
1,1000,17,GNNLXSSA,37,1665.0,6674.841254142491
1,1000,17,GNNLXSSA,38,1678.0,6553.468718935415
1,1000,17,GNNLXSSA,39,1690.0,6553.468718935415
1,1000,17,GNNLXSSA,40,1704.0,6553.468718935415
1,1000,17,GNNLXSSA,41,1718.0,6553.468718935415
1,1000,17,GNNLXSSA,42,1731.0,6553.468718935415
1,1000,17,GNNLXSSA,43,1744.0,6553.468718935415
1,1000,17,GNNLXSSA,44,1758.0,6553.468718935415
1,1000,17,GNNLXSSA,45,1771.0,6503.310894391179
1,1000,17,GNNLXSSA,46,1785.0,6410.331253935976
1,1000,17,GNNLXSSA,47,1798.0,6410.331253935976
1,1000,17,GNNLXSSA,48,1812.0,6329.756069384719
1,1000,17,GNNLXSSA,49,1826.0,6266.363698373869
1,1000,17,GNNLXSSA,50,1840.0,6180.862010021447
1,1000,17,GNNLXSSA,51,1854.0,6120.238725156887
1,1000,17,GNNLXSSA,52,1868.0,6120.238725156887
1,1000,17,GNNLXSSA,53,1881.0,6120.238725156887
1,1000,17,GNNLXSSA,54,1895.0,6120.238725156887
1,1000,17,GNNLXSSA,55,1909.0,6120.238725156887
1,1000,17,GNNLXSSA,56,1922.0,6120.238725156887
1,1000,17,GNNLXSSA,57,1935.0,6120.238725156887
1,1000,17,GNNLXSSA,58,1949.0,6120.238725156887
1,1000,17,GNNLXSSA,59,1963.0,6118.769858719927
1,1000,17,GNNLXSSA,60,1976.0,6118.769858719927
1,1000,17,GNNLXSSA,61,1990.0,6118.769858719927
1,1000,17,GNNLXSSA,62,2004.0,6118.769858719927
1,1000,17,GNNLXSSA,63,2017.0,6118.769858719927
1,1000,17,GNNLXSSA,64,2030.0,6118.769858719927
1,1000,17,GNNLXSSA,65,2043.0,6118.769858719927
1,1000,17,GNNLXSSA,66,2057.0,6118.769858719927
1,1000,17,GNNLXSSA,67,2071.0,6118.769858719927
1,1000,17,GNNLXSSA,68,2084.0,6095.0934096339915
1,1000,17,GNNLXSSA,69,2097.0,6072.216104165709
1,1000,17,GNNLXSSA,70,2111.0,6040.513085954735
1,1000,17,GNNLXSSA,71,2125.0,6040.5000115332805
1,1000,17,GNNLXSSA,72,2139.0,6030.553712549328
1,1000,17,GNNLXSSA,73,2153.0,6004.9177977414365
1,1000,17,GNNLXSSA,74,2167.0,6004.9177977414365
1,1000,17,GNNLXSSA,75,2181.0,6004.9177977414365
1,1000,17,GNNLXSSA,76,2194.0,5925.421337941327
1,1000,17,GNNLXSSA,77,2208.0,5924.367276503268
1,1000,17,GNNLXSSA,78,2222.0,5923.505468379226
1,1000,17,GNNLXSSA,79,2236.0,5923.505468379226
1,1000,17,GNNLXSSA,80,2250.0,5923.505468379226
1,1000,17,GNNLXSSA,81,2263.0,5913.912358042871
1,1000,17,GNNLXSSA,82,2277.0,5898.939985524499
1,1000,17,GNNLXSSA,83,2290.0,5898.939985524499
1,1000,17,GNNLXSSA,84,2304.0,5857.131695928052
1,1000,17,GNNLXSSA,85,2318.0,5857.131695928052
1,1000,17,GNNLXSSA,86,2331.0,5843.483513179075
1,1000,17,GNNLXSSA,87,2345.0,5843.483513179075
1,1000,17,GNNLXSSA,88,2358.0,5825.973756141888
1,1000,17,GNNLXSSA,89,2372.0,5823.083824708854
1,1000,17,GNNLXSSA,90,2386.0,5823.083824708854
1,1000,17,GNNLXSSA,91,2400.0,5823.051328091533
1,1000,17,GNNLXSSA,92,2413.0,5823.047930643952
1,1000,17,GNNLXSSA,93,2426.0,5823.036406274259
1,1000,17,GNNLXSSA,94,2439.0,5817.351284724558
1,1000,17,GNNLXSSA,95,2453.0,5774.487239819078
1,1000,17,GNNLXSSA,96,2466.0,5774.487239819078
1,1000,17,GNNLXSSA,97,2480.0,5774.48704640333
1,1000,17,GNNLXSSA,98,2494.0,5774.48704640333
1,1000,17,GNNLXSSA,99,2507.0,5774.485637165999
1,1000,17,GNNLXSSA,100,2521.0,5763.578243663505
1,1000,17,LXSSA_REPAIR,0,30.0,8591.900287070894
1,1000,17,LXSSA_REPAIR,1,90.0,8127.724721673338
1,1000,17,LXSSA_REPAIR,2,150.0,7613.8061521832715
1,1000,17,LXSSA_REPAIR,3,210.0,7069.117266767527
1,1000,17,LXSSA_REPAIR,4,270.0,6900.951226739664
1,1000,17,LXSSA_REPAIR,5,330.0,6688.500472313521
1,1000,17,LXSSA_REPAIR,6,390.0,6651.5986393006315
1,1000,17,LXSSA_REPAIR,7,450.0,6546.741680635314
1,1000,17,LXSSA_REPAIR,8,510.0,6434.843959907681
1,1000,17,LXSSA_REPAIR,9,570.0,6318.558374916596
1,1000,17,LXSSA_REPAIR,10,630.0,6229.405356226562
1,1000,17,LXSSA_REPAIR,11,690.0,6078.292098907172
1,1000,17,LXSSA_REPAIR,12,750.0,5953.884349104614
1,1000,17,LXSSA_REPAIR,13,810.0,5899.322513777064
1,1000,17,LXSSA_REPAIR,14,870.0,5791.117673279077
1,1000,17,LXSSA_REPAIR,15,930.0,5712.883669284638
1,1000,17,LXSSA_REPAIR,16,990.0,5674.799320268838
1,1000,17,LXSSA_REPAIR,17,1050.0,5596.865988211415
1,1000,17,LXSSA_REPAIR,18,1110.0,5577.342057773523
1,1000,17,LXSSA_REPAIR,19,1170.0,5558.775404626678
1,1000,17,LXSSA_REPAIR,20,1230.0,5518.49539004016
1,1000,17,LXSSA_REPAIR,21,1290.0,5503.748046966139
1,1000,17,LXSSA_REPAIR,22,1350.0,5469.725263788729
1,1000,17,LXSSA_REPAIR,23,1410.0,5448.878540962774
1,1000,17,LXSSA_REPAIR,24,1470.0,5411.658089789838
1,1000,17,LXSSA_REPAIR,25,1530.0,5373.777383509587
1,1000,17,LXSSA_REPAIR,26,1590.0,5347.848258789061
1,1000,17,LXSSA_REPAIR,27,1650.0,5289.373996230381
1,1000,17,LXSSA_REPAIR,28,1710.0,5223.074993625472
1,1000,17,LXSSA_REPAIR,29,1770.0,5179.2196685749805
1,1000,17,LXSSA_REPAIR,30,1830.0,5170.125322181935
1,1000,17,LXSSA_REPAIR,31,1890.0,5162.940356653577
1,1000,17,LXSSA_REPAIR,32,1950.0,5074.732698103035
1,1000,17,LXSSA_REPAIR,33,2010.0,5072.628151681318
1,1000,17,LXSSA_REPAIR,34,2070.0,5033.100518837702
1,1000,17,LXSSA_REPAIR,35,2130.0,5016.1084787557775
1,1000,17,LXSSA_REPAIR,36,2190.0,4976.653233733698
1,1000,17,LXSSA_REPAIR,37,2250.0,4972.6498359302495
1,1000,17,LXSSA_REPAIR,38,2310.0,4965.07114740237
1,1000,17,LXSSA_REPAIR,39,2370.0,4928.161572693934
1,1000,17,LXSSA_REPAIR,40,2430.0,4924.291305200124
1,1000,17,LXSSA_REPAIR,41,2490.0,4914.409381369129
1,1000,17,LXSSA_REPAIR,42,2550.0,4907.923649976961
1,1000,17,LXSSA_REPAIR,43,2610.0,4879.688466110223
1,1000,17,LXSSA_REPAIR,44,2670.0,4825.16296456632
1,1000,17,LXSSA_REPAIR,45,2730.0,4822.840718263586
1,1000,17,LXSSA_REPAIR,46,2790.0,4782.444512335147
1,1000,17,LXSSA_REPAIR,47,2850.0,4769.676109033826
1,1000,17,LXSSA_REPAIR,48,2910.0,4719.200390845843
1,1000,17,LXSSA_REPAIR,49,2970.0,4714.333151208848
1,1000,17,LXSSA_REPAIR,50,3030.0,4697.924115685033
1,1000,17,LXSSA_REPAIR,51,3090.0,4692.593225164965
1,1000,17,LXSSA_REPAIR,52,3150.0,4673.389064095594
1,1000,17,LXSSA_REPAIR,53,3210.0,4667.845875524945
1,1000,17,LXSSA_REPAIR,54,3270.0,4664.502186629907
1,1000,17,LXSSA_REPAIR,55,3330.0,4659.5948338597955
1,1000,17,LXSSA_REPAIR,56,3390.0,4653.549766308468
1,1000,17,LXSSA_REPAIR,57,3450.0,4640.687550178598
1,1000,17,LXSSA_REPAIR,58,3510.0,4621.190492237947
1,1000,17,LXSSA_REPAIR,59,3570.0,4613.89651785529
1,1000,17,LXSSA_REPAIR,60,3630.0,4601.051427640181
1,1000,17,LXSSA_REPAIR,61,3690.0,4597.587387116393
1,1000,17,LXSSA_REPAIR,62,3750.0,4593.732300602496
1,1000,17,LXSSA_REPAIR,63,3810.0,4588.341820733418
1,1000,17,LXSSA_REPAIR,64,3870.0,4572.785834586772
1,1000,17,LXSSA_REPAIR,65,3930.0,4562.554610628315
1,1000,17,LXSSA_REPAIR,66,3990.0,4560.736036597213
1,1000,17,LXSSA_REPAIR,67,4050.0,4559.419677990707
1,1000,17,LXSSA_REPAIR,68,4110.0,4558.997899406895
1,1000,17,LXSSA_REPAIR,69,4170.0,4556.182670785143
1,1000,17,LXSSA_REPAIR,70,4230.0,4554.140184626594
1,1000,17,LXSSA_REPAIR,71,4290.0,4545.080897950887
1,1000,17,LXSSA_REPAIR,72,4350.0,4524.777350911274
1,1000,17,LXSSA_REPAIR,73,4410.0,4510.740679385606
1,1000,17,LXSSA_REPAIR,74,4470.0,4508.583888231195
1,1000,17,LXSSA_REPAIR,75,4530.0,4505.659555899721
1,1000,17,LXSSA_REPAIR,76,4590.0,4492.0291602595535
1,1000,17,LXSSA_REPAIR,77,4650.0,4477.520489164046
1,1000,17,LXSSA_REPAIR,78,4710.0,4473.104063053295
1,1000,17,LXSSA_REPAIR,79,4770.0,4468.012977846025
1,1000,17,LXSSA_REPAIR,80,4830.0,4461.802130853612
1,1000,17,LXSSA_REPAIR,81,4890.0,4460.082317163062
1,1000,17,LXSSA_REPAIR,82,4950.0,4459.85429169648
1,1000,17,LXSSA_REPAIR,83,5010.0,4459.178105394851
1,1000,17,LXSSA_REPAIR,84,5070.0,4458.663564125454
1,1000,17,LXSSA_REPAIR,85,5130.0,4456.259450643673
1,1000,17,LXSSA_REPAIR,86,5190.0,4454.770354987006
1,1000,17,LXSSA_REPAIR,87,5250.0,4454.543288148023
1,1000,17,LXSSA_REPAIR,88,5310.0,4453.828724573439
1,1000,17,LXSSA_REPAIR,89,5370.0,4452.564564934277
1,1000,17,LXSSA_REPAIR,90,5430.0,4451.808171049677
1,1000,17,LXSSA_REPAIR,91,5490.0,4451.378459363623
1,1000,17,LXSSA_REPAIR,92,5550.0,4450.011200920286
1,1000,17,LXSSA_REPAIR,93,5610.0,4445.5019402849575
1,1000,17,LXSSA_REPAIR,94,5670.0,4436.802494427655
1,1000,17,LXSSA_REPAIR,95,5730.0,4435.842187704489
1,1000,17,LXSSA_REPAIR,96,5790.0,4435.80618205815
1,1000,17,LXSSA_REPAIR,97,5850.0,4435.675346130694
1,1000,17,LXSSA_REPAIR,98,5910.0,4435.535310864769
1,1000,17,LXSSA_REPAIR,99,5970.0,4435.51097371275
1,1000,17,LXSSA_REPAIR,100,6030.0,4435.46489824618
1,1000,18,GNNLXSSA,0,30.0,9938.87721298229
1,1000,18,GNNLXSSA,1,1236.0,9292.247399788102
1,1000,18,GNNLXSSA,2,1250.0,9226.414249078269
1,1000,18,GNNLXSSA,3,1264.0,9134.879988467423
1,1000,18,GNNLXSSA,4,1278.0,9052.097136753146
1,1000,18,GNNLXSSA,5,1292.0,8975.594792760618
1,1000,18,GNNLXSSA,6,1306.0,8975.594792760618
1,1000,18,GNNLXSSA,7,1319.0,8886.227456792854
1,1000,18,GNNLXSSA,8,1333.0,8886.227456792854
1,1000,18,GNNLXSSA,9,1347.0,8787.325368171252
1,1000,18,GNNLXSSA,10,1361.0,8537.419293119252
1,1000,18,GNNLXSSA,11,1375.0,8279.147858591445
1,1000,18,GNNLXSSA,12,1389.0,8181.23379752785
1,1000,18,GNNLXSSA,13,1403.0,8087.985193088738
1,1000,18,GNNLXSSA,14,1417.0,8047.76285510161
1,1000,18,GNNLXSSA,15,1430.0,7920.07373937167
1,1000,18,GNNLXSSA,16,1444.0,7764.91020029776
1,1000,18,GNNLXSSA,17,1457.0,7764.91020029776
1,1000,18,GNNLXSSA,18,1470.0,7764.91020029776
1,1000,18,GNNLXSSA,19,1484.0,7764.91020029776
1,1000,18,GNNLXSSA,20,1496.0,7715.364432778035
1,1000,18,GNNLXSSA,21,1509.0,7576.117897349992
1,1000,18,GNNLXSSA,22,1523.0,7576.117897349992
1,1000,18,GNNLXSSA,23,1536.0,7568.096084771911
1,1000,18,GNNLXSSA,24,1550.0,7568.096084771911
1,1000,18,GNNLXSSA,25,1562.0,7568.096084771911
1,1000,18,GNNLXSSA,26,1576.0,7510.525857903223
1,1000,18,GNNLXSSA,27,1589.0,7329.9568292291515
1,1000,18,GNNLXSSA,28,1602.0,7329.9568292291515
1,1000,18,GNNLXSSA,29,1615.0,7258.295603537277
1,1000,18,GNNLXSSA,30,1629.0,7153.377225440374
1,1000,18,GNNLXSSA,31,1643.0,7108.9551218831475
1,1000,18,GNNLXSSA,32,1656.0,7032.599141535538
1,1000,18,GNNLXSSA,33,1669.0,7032.599141535538
1,1000,18,GNNLXSSA,34,1683.0,7032.599141535538
1,1000,18,GNNLXSSA,35,1697.0,7032.599141535538
1,1000,18,GNNLXSSA,36,1710.0,6940.301541479304
1,1000,18,GNNLXSSA,37,1724.0,6940.301541479304
1,1000,18,GNNLXSSA,38,1738.0,6940.301541479304
1,1000,18,GNNLXSSA,39,1752.0,6940.301541479304
1,1000,18,GNNLXSSA,40,1766.0,6940.239660247433
1,1000,18,GNNLXSSA,41,1780.0,6940.239660247433
1,1000,18,GNNLXSSA,42,1794.0,6894.2288969972
1,1000,18,GNNLXSSA,43,1808.0,6850.900058950821
1,1000,18,GNNLXSSA,44,1821.0,6850.900058950821
1,1000,18,GNNLXSSA,45,1835.0,6701.136892420342
1,1000,18,GNNLXSSA,46,1849.0,6701.136892420342
1,1000,18,GNNLXSSA,47,1863.0,6701.136892420342
1,1000,18,GNNLXSSA,48,1876.0,6699.155998243179
1,1000,18,GNNLXSSA,49,1890.0,6699.155998243179
1,1000,18,GNNLXSSA,50,1904.0,6699.155998243179
1,1000,18,GNNLXSSA,51,1918.0,6699.155998243179
1,1000,18,GNNLXSSA,52,1932.0,6699.155998243179
1,1000,18,GNNLXSSA,53,1945.0,6699.155998243179
1,1000,18,GNNLXSSA,54,1958.0,6691.103416450744
1,1000,18,GNNLXSSA,55,1972.0,6691.103416450744
1,1000,18,GNNLXSSA,56,1984.0,6691.103416450744
1,1000,18,GNNLXSSA,57,1998.0,6691.103416450744
1,1000,18,GNNLXSSA,58,2012.0,6617.0069625416945
1,1000,18,GNNLXSSA,59,2025.0,6610.58567963868
1,1000,18,GNNLXSSA,60,2039.0,6610.58567963868
1,1000,18,GNNLXSSA,61,2053.0,6610.58567963868
1,1000,18,GNNLXSSA,62,2067.0,6610.58567963868
1,1000,18,GNNLXSSA,63,2081.0,6610.58567963868
1,1000,18,GNNLXSSA,64,2094.0,6532.551205405471
1,1000,18,GNNLXSSA,65,2108.0,6532.551205405471
1,1000,18,GNNLXSSA,66,2122.0,6513.295715115004
1,1000,18,GNNLXSSA,67,2136.0,6498.762705211295
1,1000,18,GNNLXSSA,68,2149.0,6498.762705211295
1,1000,18,GNNLXSSA,69,2163.0,6498.762705211295
1,1000,18,GNNLXSSA,70,2177.0,6498.026062272431
1,1000,18,GNNLXSSA,71,2191.0,6498.026062272431
1,1000,18,GNNLXSSA,72,2205.0,6497.308430445526
1,1000,18,GNNLXSSA,73,2219.0,6471.263552625736
1,1000,18,GNNLXSSA,74,2232.0,6470.852209474673
1,1000,18,GNNLXSSA,75,2246.0,6462.0578978309495
1,1000,18,GNNLXSSA,76,2260.0,6460.204534088043
1,1000,18,GNNLXSSA,77,2273.0,6460.204534088043
1,1000,18,GNNLXSSA,78,2287.0,6457.15377435628
1,1000,18,GNNLXSSA,79,2301.0,6457.15377435628
1,1000,18,GNNLXSSA,80,2314.0,6454.116440923113
1,1000,18,GNNLXSSA,81,2328.0,6451.8225820144
1,1000,18,GNNLXSSA,82,2342.0,6451.8225820144
1,1000,18,GNNLXSSA,83,2354.0,6446.6766559505195
1,1000,18,GNNLXSSA,84,2368.0,6440.828917336243
1,1000,18,GNNLXSSA,85,2381.0,6419.549554791622
1,1000,18,GNNLXSSA,86,2395.0,6419.381971088864
1,1000,18,GNNLXSSA,87,2408.0,6419.320208566816
1,1000,18,GNNLXSSA,88,2421.0,6414.344564933417
1,1000,18,GNNLXSSA,89,2435.0,6414.344564933417
1,1000,18,GNNLXSSA,90,2449.0,6414.334820357064
1,1000,18,GNNLXSSA,91,2462.0,6406.272472035649
1,1000,18,GNNLXSSA,92,2476.0,6406.272472035649
1,1000,18,GNNLXSSA,93,2489.0,6406.260185723862
1,1000,18,GNNLXSSA,94,2503.0,6394.328496637841
1,1000,18,GNNLXSSA,95,2517.0,6392.282869371251
1,1000,18,GNNLXSSA,96,2530.0,6382.09550034233
1,1000,18,GNNLXSSA,97,2544.0,6378.104659445045
1,1000,18,GNNLXSSA,98,2558.0,6378.104659445045
1,1000,18,GNNLXSSA,99,2571.0,6378.104659445045
1,1000,18,GNNLXSSA,100,2584.0,6378.102832376288
1,1000,18,LXSSA_REPAIR,0,30.0,9761.785399649685
1,1000,18,LXSSA_REPAIR,1,90.0,9607.36349656772
1,1000,18,LXSSA_REPAIR,2,150.0,9403.57245973764
1,1000,18,LXSSA_REPAIR,3,210.0,8828.613633924004
1,1000,18,LXSSA_REPAIR,4,270.0,8322.199756169532
1,1000,18,LXSSA_REPAIR,5,330.0,8007.527144373889
1,1000,18,LXSSA_REPAIR,6,390.0,7909.850848593516
1,1000,18,LXSSA_REPAIR,7,450.0,7723.886802942943
1,1000,18,LXSSA_REPAIR,8,510.0,7610.427453285927
1,1000,18,LXSSA_REPAIR,9,570.0,7479.070290363234
1,1000,18,LXSSA_REPAIR,10,630.0,7363.20008321364
1,1000,18,LXSSA_REPAIR,11,690.0,7283.714486517289
1,1000,18,LXSSA_REPAIR,12,750.0,7240.64702182691
1,1000,18,LXSSA_REPAIR,13,810.0,7214.88804053895
1,1000,18,LXSSA_REPAIR,14,870.0,7130.963072808256
1,1000,18,LXSSA_REPAIR,15,930.0,7117.643036272668
1,1000,18,LXSSA_REPAIR,16,990.0,7073.725109538558
1,1000,18,LXSSA_REPAIR,17,1050.0,7048.107651670682
1,1000,18,LXSSA_REPAIR,18,1110.0,6979.373250865727
1,1000,18,LXSSA_REPAIR,19,1170.0,6964.586629869023
1,1000,18,LXSSA_REPAIR,20,1230.0,6930.994923465492
1,1000,18,LXSSA_REPAIR,21,1290.0,6793.317472380673
1,1000,18,LXSSA_REPAIR,22,1350.0,6763.307695515061
1,1000,18,LXSSA_REPAIR,23,1410.0,6678.750027797549
1,1000,18,LXSSA_REPAIR,24,1470.0,6626.557034346217
1,1000,18,LXSSA_REPAIR,25,1530.0,6537.566990744468
1,1000,18,LXSSA_REPAIR,26,1590.0,6525.9513565541565
1,1000,18,LXSSA_REPAIR,27,1650.0,6447.300922388371
1,1000,18,LXSSA_REPAIR,28,1710.0,6439.046738638834
1,1000,18,LXSSA_REPAIR,29,1770.0,6387.251974640167
1,1000,18,LXSSA_REPAIR,30,1830.0,6382.373166248668
1,1000,18,LXSSA_REPAIR,31,1890.0,6331.169494867907
1,1000,18,LXSSA_REPAIR,32,1950.0,6317.76720050344
1,1000,18,LXSSA_REPAIR,33,2010.0,6297.485383740626
1,1000,18,LXSSA_REPAIR,34,2070.0,6288.790090612631
1,1000,18,LXSSA_REPAIR,35,2130.0,6286.532546578252
1,1000,18,LXSSA_REPAIR,36,2190.0,6221.848363336612
1,1000,18,LXSSA_REPAIR,37,2250.0,6201.9985345077
1,1000,18,LXSSA_REPAIR,38,2310.0,6169.1362758090545
1,1000,18,LXSSA_REPAIR,39,2370.0,6162.943605959372
1,1000,18,LXSSA_REPAIR,40,2430.0,6133.5416099065915
1,1000,18,LXSSA_REPAIR,41,2490.0,6128.301244517861
1,1000,18,LXSSA_REPAIR,42,2550.0,6090.680171689237
1,1000,18,LXSSA_REPAIR,43,2610.0,6081.050117399485
1,1000,18,LXSSA_REPAIR,44,2670.0,6045.952676588291
1,1000,18,LXSSA_REPAIR,45,2730.0,6037.2285646522505
1,1000,18,LXSSA_REPAIR,46,2790.0,5986.386610309448
1,1000,18,LXSSA_REPAIR,47,2850.0,5982.569521383179
1,1000,18,LXSSA_REPAIR,48,2910.0,5966.155274884164
1,1000,18,LXSSA_REPAIR,49,2970.0,5897.403888217741
1,1000,18,LXSSA_REPAIR,50,3030.0,5847.44497177747
1,1000,18,LXSSA_REPAIR,51,3090.0,5837.137571423838
1,1000,18,LXSSA_REPAIR,52,3150.0,5811.902892486527
1,1000,18,LXSSA_REPAIR,53,3210.0,5794.023175215392
1,1000,18,LXSSA_REPAIR,54,3270.0,5778.227649181514
1,1000,18,LXSSA_REPAIR,55,3330.0,5768.367747073746
1,1000,18,LXSSA_REPAIR,56,3390.0,5764.676085623811
1,1000,18,LXSSA_REPAIR,57,3450.0,5745.74970433276
1,1000,18,LXSSA_REPAIR,58,3510.0,5729.643033291839
1,1000,18,LXSSA_REPAIR,59,3570.0,5713.019656036937
1,1000,18,LXSSA_REPAIR,60,3630.0,5709.904331361497
1,1000,18,LXSSA_REPAIR,61,3690.0,5702.822889899355
1,1000,18,LXSSA_REPAIR,62,3750.0,5679.019490827603
1,1000,18,LXSSA_REPAIR,63,3810.0,5630.750894010605
1,1000,18,LXSSA_REPAIR,64,3870.0,5606.345638644692
1,1000,18,LXSSA_REPAIR,65,3930.0,5599.500114942639
1,1000,18,LXSSA_REPAIR,66,3990.0,5583.6736499686085
1,1000,18,LXSSA_REPAIR,67,4050.0,5570.631274406478
1,1000,18,LXSSA_REPAIR,68,4110.0,5569.680758316768
1,1000,18,LXSSA_REPAIR,69,4170.0,5567.273534011256
1,1000,18,LXSSA_REPAIR,70,4230.0,5564.280471555452
1,1000,18,LXSSA_REPAIR,71,4290.0,5562.675813701862
1,1000,18,LXSSA_REPAIR,72,4350.0,5553.804554881979
1,1000,18,LXSSA_REPAIR,73,4410.0,5537.1028591404465
1,1000,18,LXSSA_REPAIR,74,4470.0,5513.434182148791
1,1000,18,LXSSA_REPAIR,75,4530.0,5486.330934720492
1,1000,18,LXSSA_REPAIR,76,4590.0,5484.26829711537
1,1000,18,LXSSA_REPAIR,77,4650.0,5478.277398755221
1,1000,18,LXSSA_REPAIR,78,4710.0,5470.9095755376475
1,1000,18,LXSSA_REPAIR,79,4770.0,5468.594351176405
1,1000,18,LXSSA_REPAIR,80,4830.0,5467.80067902313
1,1000,18,LXSSA_REPAIR,81,4890.0,5466.24724381222
1,1000,18,LXSSA_REPAIR,82,4950.0,5465.08334940963
1,1000,18,LXSSA_REPAIR,83,5010.0,5464.2910287700215
1,1000,18,LXSSA_REPAIR,84,5070.0,5463.2763888867485
1,1000,18,LXSSA_REPAIR,85,5130.0,5463.011847476155
1,1000,18,LXSSA_REPAIR,86,5190.0,5462.259298549165
1,1000,18,LXSSA_REPAIR,87,5250.0,5461.177021224532
1,1000,18,LXSSA_REPAIR,88,5310.0,5460.467080169619
1,1000,18,LXSSA_REPAIR,89,5370.0,5458.758066178867
1,1000,18,LXSSA_REPAIR,90,5430.0,5453.915823525851
1,1000,18,LXSSA_REPAIR,91,5490.0,5444.771432500012
1,1000,18,LXSSA_REPAIR,92,5550.0,5444.603148590948
1,1000,18,LXSSA_REPAIR,93,5610.0,5444.050692460747
1,1000,18,LXSSA_REPAIR,94,5670.0,5440.92282596977
1,1000,18,LXSSA_REPAIR,95,5730.0,5435.331210576624
1,1000,18,LXSSA_REPAIR,96,5790.0,5434.283308916725
1,1000,18,LXSSA_REPAIR,97,5850.0,5433.575138650354
1,1000,18,LXSSA_REPAIR,98,5910.0,5432.951054631689
1,1000,18,LXSSA_REPAIR,99,5970.0,5432.729629517926
1,1000,18,LXSSA_REPAIR,100,6030.0,5432.380501275853
1,1000,2,GNNLXSSA,0,30.0,0.6974121448220103
1,1000,2,GNNLXSSA,1,212.0,0.2918079489554657
1,1000,2,GNNLXSSA,2,226.0,0.25319856550413533
1,1000,2,GNNLXSSA,3,240.0,0.2390870132476266
1,1000,2,GNNLXSSA,4,252.0,0.2301347660668398
1,1000,2,GNNLXSSA,5,266.0,0.22211308108489902
1,1000,2,GNNLXSSA,6,280.0,0.218290434582741
1,1000,2,GNNLXSSA,7,293.0,0.218290434582741
1,1000,2,GNNLXSSA,8,307.0,0.218290434582741
1,1000,2,GNNLXSSA,9,321.0,0.218290434582741
1,1000,2,GNNLXSSA,10,335.0,0.21809503691838472
1,1000,2,GNNLXSSA,11,349.0,0.21809503691838472
1,1000,2,GNNLXSSA,12,363.0,0.21809503691838472
1,1000,2,GNNLXSSA,13,377.0,0.21809503691838472
1,1000,2,GNNLXSSA,14,390.0,0.21809503691838472
1,1000,2,GNNLXSSA,15,404.0,0.1834289073740365
1,1000,2,GNNLXSSA,16,418.0,0.17422943751807907
1,1000,2,GNNLXSSA,17,431.0,0.17422943751807907
1,1000,2,GNNLXSSA,18,445.0,0.1741132868337445
1,1000,2,GNNLXSSA,19,458.0,0.1741132868337445
1,1000,2,GNNLXSSA,20,471.0,0.17100673756067408
1,1000,2,GNNLXSSA,21,485.0,0.17100673756067408
1,1000,2,GNNLXSSA,22,498.0,0.17100673756067408
1,1000,2,GNNLXSSA,23,512.0,0.17100673756067408
1,1000,2,GNNLXSSA,24,526.0,0.169626044225879
1,1000,2,GNNLXSSA,25,540.0,0.169626044225879
1,1000,2,GNNLXSSA,26,554.0,0.16801427053724183
1,1000,2,GNNLXSSA,27,568.0,0.16801427053724183
1,1000,2,GNNLXSSA,28,580.0,0.1669511815707665
1,1000,2,GNNLXSSA,29,593.0,0.16661733344517415
1,1000,2,GNNLXSSA,30,607.0,0.16661733344517415
1,1000,2,GNNLXSSA,31,621.0,0.16661733344517415
1,1000,2,GNNLXSSA,32,635.0,0.16661733344517415
1,1000,2,GNNLXSSA,33,649.0,0.16574550641598762
1,1000,2,GNNLXSSA,34,663.0,0.16574550641598762
1,1000,2,GNNLXSSA,35,677.0,0.16574550641598762
1,1000,2,GNNLXSSA,36,691.0,0.16574550641598762
1,1000,2,GNNLXSSA,37,704.0,0.16574550641598762
1,1000,2,GNNLXSSA,38,718.0,0.16574550641598762
1,1000,2,GNNLXSSA,39,732.0,0.16574550641598762
1,1000,2,GNNLXSSA,40,746.0,0.16574550641598762
1,1000,2,GNNLXSSA,41,760.0,0.16468714716029353
1,1000,2,GNNLXSSA,42,773.0,0.1641001661264454
1,1000,2,GNNLXSSA,43,786.0,0.1634253000775061
1,1000,2,GNNLXSSA,44,800.0,0.1634253000775061
1,1000,2,GNNLXSSA,45,813.0,0.16331050715052697
1,1000,2,GNNLXSSA,46,827.0,0.16331050715052697
1,1000,2,GNNLXSSA,47,841.0,0.16288527108372364
1,1000,2,GNNLXSSA,48,855.0,0.159022307028863
1,1000,2,GNNLXSSA,49,869.0,0.159022307028863
1,1000,2,GNNLXSSA,50,883.0,0.15810549891830306
1,1000,2,GNNLXSSA,51,897.0,0.15810549891830306
1,1000,2,GNNLXSSA,52,910.0,0.15810549891830306
1,1000,2,GNNLXSSA,53,924.0,0.15810549891830306
1,1000,2,GNNLXSSA,54,938.0,0.15810549891830306
1,1000,2,GNNLXSSA,55,950.0,0.15810549891830306
1,1000,2,GNNLXSSA,56,964.0,0.15810549891830306
1,1000,2,GNNLXSSA,57,978.0,0.15810549891830306
1,1000,2,GNNLXSSA,58,991.0,0.15810549891830306
1,1000,2,GNNLXSSA,59,1005.0,0.15810549891830306
1,1000,2,GNNLXSSA,60,1019.0,0.15810549891830306
1,1000,2,GNNLXSSA,61,1033.0,0.15810549891830306
1,1000,2,GNNLXSSA,62,1047.0,0.15781222109944792
1,1000,2,GNNLXSSA,63,1061.0,0.15781222109944792
1,1000,2,GNNLXSSA,64,1075.0,0.15781222109944792
1,1000,2,GNNLXSSA,65,1088.0,0.15781222109944792
1,1000,2,GNNLXSSA,66,1102.0,0.15767798059459892
1,1000,2,GNNLXSSA,67,1116.0,0.15767798059459892
1,1000,2,GNNLXSSA,68,1129.0,0.15767798059459892
1,1000,2,GNNLXSSA,69,1142.0,0.15767798059459892
1,1000,2,GNNLXSSA,70,1156.0,0.15767798059459892
1,1000,2,GNNLXSSA,71,1170.0,0.15767798059459892
1,1000,2,GNNLXSSA,72,1183.0,0.15767798059459892
1,1000,2,GNNLXSSA,73,1196.0,0.15767798059459892
1,1000,2,GNNLXSSA,74,1210.0,0.15767798059459892
1,1000,2,GNNLXSSA,75,1224.0,0.15767416384551325
1,1000,2,GNNLXSSA,76,1238.0,0.15767416384551325
1,1000,2,GNNLXSSA,77,1252.0,0.15767416384551325
1,1000,2,GNNLXSSA,78,1266.0,0.1576564952811168
1,1000,2,GNNLXSSA,79,1279.0,0.1576564952811168
1,1000,2,GNNLXSSA,80,1293.0,0.1576564952811168
1,1000,2,GNNLXSSA,81,1306.0,0.1576564952811168
1,1000,2,GNNLXSSA,82,1320.0,0.1576564952811168
1,1000,2,GNNLXSSA,83,1334.0,0.15765414884481288
1,1000,2,GNNLXSSA,84,1347.0,0.15765414884481288
1,1000,2,GNNLXSSA,85,1361.0,0.15654192818328738
1,1000,2,GNNLXSSA,86,1375.0,0.15501212116578245
1,1000,2,GNNLXSSA,87,1389.0,0.15501212116578245
1,1000,2,GNNLXSSA,88,1403.0,0.1550119438143156
1,1000,2,GNNLXSSA,89,1417.0,0.1550119438143156
1,1000,2,GNNLXSSA,90,1430.0,0.1550119438143156
1,1000,2,GNNLXSSA,91,1443.0,0.1550119438143156
1,1000,2,GNNLXSSA,92,1455.0,0.1550119438143156
1,1000,2,GNNLXSSA,93,1469.0,0.1550119438143156
1,1000,2,GNNLXSSA,94,1483.0,0.15501182528896607
1,1000,2,GNNLXSSA,95,1497.0,0.1549102553872217
1,1000,2,GNNLXSSA,96,1511.0,0.15486178756327718
1,1000,2,GNNLXSSA,97,1524.0,0.15486175404475944
1,1000,2,GNNLXSSA,98,1538.0,0.1548542083128268
1,1000,2,GNNLXSSA,99,1552.0,0.1548542083128268
1,1000,2,GNNLXSSA,100,1565.0,0.1548542083128268
1,1000,2,LXSSA_REPAIR,0,30.0,0.719771628786475
1,1000,2,LXSSA_REPAIR,1,90.0,0.26361732696022955
1,1000,2,LXSSA_REPAIR,2,150.0,0.19528283929139434
1,1000,2,LXSSA_REPAIR,3,210.0,0.17356185443713912
1,1000,2,LXSSA_REPAIR,4,270.0,0.16478300904782373
1,1000,2,LXSSA_REPAIR,5,330.0,0.16153810966716264
1,1000,2,LXSSA_REPAIR,6,390.0,0.15187779388907074
1,1000,2,LXSSA_REPAIR,7,450.0,0.15068395673370105
1,1000,2,LXSSA_REPAIR,8,510.0,0.13378150280368573
1,1000,2,LXSSA_REPAIR,9,570.0,0.12060708019998856
1,1000,2,LXSSA_REPAIR,10,630.0,0.11700077506066009
1,1000,2,LXSSA_REPAIR,11,690.0,0.11451820436195703
1,1000,2,LXSSA_REPAIR,12,750.0,0.11445404623736977
1,1000,2,LXSSA_REPAIR,13,810.0,0.11425217376017827
1,1000,2,LXSSA_REPAIR,14,870.0,0.11424735021137167
1,1000,2,LXSSA_REPAIR,15,930.0,0.11424602784609306
1,1000,2,LXSSA_REPAIR,16,990.0,0.11424602784609306
1,1000,2,LXSSA_REPAIR,17,1050.0,0.11424600454120082
1,1000,2,LXSSA_REPAIR,18,1110.0,0.11424577564866922
1,1000,2,LXSSA_REPAIR,19,1170.0,0.11424550592528249
1,1000,2,LXSSA_REPAIR,20,1230.0,0.11424460995476693
1,1000,2,LXSSA_REPAIR,21,1290.0,0.11424456336135336
1,1000,2,LXSSA_REPAIR,22,1350.0,0.11424456336135336
1,1000,2,LXSSA_REPAIR,23,1410.0,0.11424444023032265
1,1000,2,LXSSA_REPAIR,24,1470.0,0.11424444023032265
1,1000,2,LXSSA_REPAIR,25,1530.0,0.11424434084074164
1,1000,2,LXSSA_REPAIR,26,1590.0,0.11424423359676439
1,1000,2,LXSSA_REPAIR,27,1650.0,0.11424422323761974
1,1000,2,LXSSA_REPAIR,28,1710.0,0.11424422323761974
1,1000,2,LXSSA_REPAIR,29,1770.0,0.10966715146423667
1,1000,2,LXSSA_REPAIR,30,1830.0,0.10966715146423667
1,1000,2,LXSSA_REPAIR,31,1890.0,0.10966715133690741
1,1000,2,LXSSA_REPAIR,32,1950.0,0.10966714921960374
1,1000,2,LXSSA_REPAIR,33,2010.0,0.10966714921960374
1,1000,2,LXSSA_REPAIR,34,2070.0,0.10966714921960374
1,1000,2,LXSSA_REPAIR,35,2130.0,0.1096671458290075
1,1000,2,LXSSA_REPAIR,36,2190.0,0.1096671458290075
1,1000,2,LXSSA_REPAIR,37,2250.0,0.1096671458290075
1,1000,2,LXSSA_REPAIR,38,2310.0,0.10966154316702159
1,1000,2,LXSSA_REPAIR,39,2370.0,0.10966154316702159
1,1000,2,LXSSA_REPAIR,40,2430.0,0.10755228083507973
1,1000,2,LXSSA_REPAIR,41,2490.0,0.10673023220806499
1,1000,2,LXSSA_REPAIR,42,2550.0,0.10474495249218307
1,1000,2,LXSSA_REPAIR,43,2610.0,0.1026589668563247
1,1000,2,LXSSA_REPAIR,44,2670.0,0.10207456704483775
1,1000,2,LXSSA_REPAIR,45,2730.0,0.09936328126605076
1,1000,2,LXSSA_REPAIR,46,2790.0,0.09813797394417634
1,1000,2,LXSSA_REPAIR,47,2850.0,0.09785806224317639
1,1000,2,LXSSA_REPAIR,48,2910.0,0.09782954251204501
1,1000,2,LXSSA_REPAIR,49,2970.0,0.09782954251204501
1,1000,2,LXSSA_REPAIR,50,3030.0,0.097825543860381
1,1000,2,LXSSA_REPAIR,51,3090.0,0.0978223518559389
1,1000,2,LXSSA_REPAIR,52,3150.0,0.09781373770965729
1,1000,2,LXSSA_REPAIR,53,3210.0,0.09781373770965729
1,1000,2,LXSSA_REPAIR,54,3270.0,0.09781373770965729
1,1000,2,LXSSA_REPAIR,55,3330.0,0.09781373770965729
1,1000,2,LXSSA_REPAIR,56,3390.0,0.09781373770965729
1,1000,2,LXSSA_REPAIR,57,3450.0,0.09781373770965729
1,1000,2,LXSSA_REPAIR,58,3510.0,0.09781373735495436
1,1000,2,LXSSA_REPAIR,59,3570.0,0.097813318221597
1,1000,2,LXSSA_REPAIR,60,3630.0,0.0978124635439599
1,1000,2,LXSSA_REPAIR,61,3690.0,0.09781167354049103
1,1000,2,LXSSA_REPAIR,62,3750.0,0.09781074012425961
1,1000,2,LXSSA_REPAIR,63,3810.0,0.09781030360500154
1,1000,2,LXSSA_REPAIR,64,3870.0,0.09781002072668343
1,1000,2,LXSSA_REPAIR,65,3930.0,0.09781002072486444
1,1000,2,LXSSA_REPAIR,66,3990.0,0.09781001060036942
1,1000,2,LXSSA_REPAIR,67,4050.0,0.09781001060036942
1,1000,2,LXSSA_REPAIR,68,4110.0,0.09781001060036942
1,1000,2,LXSSA_REPAIR,69,4170.0,0.09781001029841718
1,1000,2,LXSSA_REPAIR,70,4230.0,0.09781001029841718
1,1000,2,LXSSA_REPAIR,71,4290.0,0.09781001029841718
1,1000,2,LXSSA_REPAIR,72,4350.0,0.09781001009287138
1,1000,2,LXSSA_REPAIR,73,4410.0,0.09781001009287138
1,1000,2,LXSSA_REPAIR,74,4470.0,0.0978100096945127
1,1000,2,LXSSA_REPAIR,75,4530.0,0.09781000969087472
1,1000,2,LXSSA_REPAIR,76,4590.0,0.09781000963084807
1,1000,2,LXSSA_REPAIR,77,4650.0,0.0978100095235277
1,1000,2,LXSSA_REPAIR,78,4710.0,0.09781000935618067
1,1000,2,LXSSA_REPAIR,79,4770.0,0.09781000935618067
1,1000,2,LXSSA_REPAIR,80,4830.0,0.09781000933799078
1,1000,2,LXSSA_REPAIR,81,4890.0,0.09781000933799078
1,1000,2,LXSSA_REPAIR,82,4950.0,0.09781000933799078
1,1000,2,LXSSA_REPAIR,83,5010.0,0.09781000933799078
1,1000,2,LXSSA_REPAIR,84,5070.0,0.09781000923248939
1,1000,2,LXSSA_REPAIR,85,5130.0,0.09781000922157546
1,1000,2,LXSSA_REPAIR,86,5190.0,0.09781000882139779
1,1000,2,LXSSA_REPAIR,87,5250.0,0.09781000882139779
1,1000,2,LXSSA_REPAIR,88,5310.0,0.09781000784823846
1,1000,2,LXSSA_REPAIR,89,5370.0,0.09781000603470602
1,1000,2,LXSSA_REPAIR,90,5430.0,0.09781000349175883
1,1000,2,LXSSA_REPAIR,91,5490.0,0.09781000337170553
1,1000,2,LXSSA_REPAIR,92,5550.0,0.09781000337170553
1,1000,2,LXSSA_REPAIR,93,5610.0,0.09781000334623968
1,1000,2,LXSSA_REPAIR,94,5670.0,0.09781000268958451
1,1000,2,LXSSA_REPAIR,95,5730.0,0.09781000118164229
1,1000,2,LXSSA_REPAIR,96,5790.0,0.09781000009388663
1,1000,2,LXSSA_REPAIR,97,5850.0,0.09780999862596218
1,1000,2,LXSSA_REPAIR,98,5910.0,0.09780999683061964
1,1000,2,LXSSA_REPAIR,99,5970.0,0.09780999683061964
1,1000,2,LXSSA_REPAIR,100,6030.0,0.09780999682334368
1,1000,3,GNNLXSSA,0,30.0,18.591585817415762
1,1000,3,GNNLXSSA,1,276.0,6.965479870494164
1,1000,3,GNNLXSSA,2,290.0,6.18509661205826
1,1000,3,GNNLXSSA,3,303.0,6.12698595096299
1,1000,3,GNNLXSSA,4,317.0,4.163504203370394
1,1000,3,GNNLXSSA,5,330.0,4.098191612967639
1,1000,3,GNNLXSSA,6,342.0,3.787476512556168
1,1000,3,GNNLXSSA,7,356.0,3.655188720284059
1,1000,3,GNNLXSSA,8,369.0,3.515898427405773
1,1000,3,GNNLXSSA,9,383.0,3.515898427405773
1,1000,3,GNNLXSSA,10,397.0,3.45852355867828
1,1000,3,GNNLXSSA,11,411.0,3.4555404657730833
1,1000,3,GNNLXSSA,12,425.0,3.4555404657730833
1,1000,3,GNNLXSSA,13,438.0,3.2214737274371146
1,1000,3,GNNLXSSA,14,452.0,3.2214737274371146
1,1000,3,GNNLXSSA,15,465.0,3.2214737274371146
1,1000,3,GNNLXSSA,16,479.0,3.2214737274371146
1,1000,3,GNNLXSSA,17,493.0,3.2214737274371146
1,1000,3,GNNLXSSA,18,507.0,3.2027750844681577
1,1000,3,GNNLXSSA,19,519.0,3.2027750844681577
1,1000,3,GNNLXSSA,20,532.0,3.2027750844681577
1,1000,3,GNNLXSSA,21,545.0,3.2027750844681577
1,1000,3,GNNLXSSA,22,559.0,3.2027750844681577
1,1000,3,GNNLXSSA,23,573.0,2.928765528151416
1,1000,3,GNNLXSSA,24,587.0,2.928765528151416
1,1000,3,GNNLXSSA,25,601.0,2.781116363432375
1,1000,3,GNNLXSSA,26,615.0,2.781116363432375
1,1000,3,GNNLXSSA,27,629.0,2.781116363432375
1,1000,3,GNNLXSSA,28,643.0,2.781116363432375
1,1000,3,GNNLXSSA,29,657.0,2.781116363432375
1,1000,3,GNNLXSSA,30,671.0,2.781116363432375
1,1000,3,GNNLXSSA,31,685.0,2.781116363432375
1,1000,3,GNNLXSSA,32,698.0,2.7554312346110237
1,1000,3,GNNLXSSA,33,712.0,2.723471750265162
1,1000,3,GNNLXSSA,34,725.0,2.723471750265162
1,1000,3,GNNLXSSA,35,739.0,2.722894725360675
1,1000,3,GNNLXSSA,36,753.0,2.722894725360675
1,1000,3,GNNLXSSA,37,767.0,2.722894725360675
1,1000,3,GNNLXSSA,38,781.0,2.6580355909027276
1,1000,3,GNNLXSSA,39,794.0,2.650464104117418
1,1000,3,GNNLXSSA,40,808.0,2.650464104117418
1,1000,3,GNNLXSSA,41,822.0,2.650464104117418
1,1000,3,GNNLXSSA,42,836.0,2.650464104117418
1,1000,3,GNNLXSSA,43,849.0,2.650464104117418
1,1000,3,GNNLXSSA,44,863.0,2.650464104117418
1,1000,3,GNNLXSSA,45,877.0,2.650464104117418
1,1000,3,GNNLXSSA,46,891.0,2.650464104117418
1,1000,3,GNNLXSSA,47,905.0,2.640165723663813
1,1000,3,GNNLXSSA,48,919.0,2.618540218245471
1,1000,3,GNNLXSSA,49,932.0,2.618540218245471
1,1000,3,GNNLXSSA,50,946.0,2.5947951615744387
1,1000,3,GNNLXSSA,51,960.0,2.5947951615744387
1,1000,3,GNNLXSSA,52,973.0,2.5947951615744387
1,1000,3,GNNLXSSA,53,986.0,2.5947951615744387
1,1000,3,GNNLXSSA,54,1000.0,2.5947951615744387
1,1000,3,GNNLXSSA,55,1014.0,2.523826272270526
1,1000,3,GNNLXSSA,56,1028.0,2.523826272270526
1,1000,3,GNNLXSSA,57,1040.0,2.523826272270526
1,1000,3,GNNLXSSA,58,1052.0,2.5196498340010294
1,1000,3,GNNLXSSA,59,1066.0,2.5196498340010294
1,1000,3,GNNLXSSA,60,1080.0,2.5196498340010294
1,1000,3,GNNLXSSA,61,1094.0,2.5174060137615015
1,1000,3,GNNLXSSA,62,1108.0,2.5174060137615015
1,1000,3,GNNLXSSA,63,1121.0,2.5076314990437822
1,1000,3,GNNLXSSA,64,1134.0,2.4278906574181747
1,1000,3,GNNLXSSA,65,1148.0,2.4278906574181747
1,1000,3,GNNLXSSA,66,1162.0,2.427833438174275
1,1000,3,GNNLXSSA,67,1175.0,2.42171714680444
1,1000,3,GNNLXSSA,68,1188.0,2.42171714680444
1,1000,3,GNNLXSSA,69,1202.0,2.4173356289829826
1,1000,3,GNNLXSSA,70,1215.0,2.4173356289829826
1,1000,3,GNNLXSSA,71,1228.0,2.4081421107184724
1,1000,3,GNNLXSSA,72,1242.0,2.4081421107184724
1,1000,3,GNNLXSSA,73,1256.0,2.4059646754103596
1,1000,3,GNNLXSSA,74,1269.0,2.4016272840381134
1,1000,3,GNNLXSSA,75,1283.0,2.398826628919778
1,1000,3,GNNLXSSA,76,1297.0,2.3976940596658096
1,1000,3,GNNLXSSA,77,1311.0,2.397480005693069
1,1000,3,GNNLXSSA,78,1324.0,2.397480005693069
1,1000,3,GNNLXSSA,79,1338.0,2.397480005693069
1,1000,3,GNNLXSSA,80,1352.0,2.397480005693069
1,1000,3,GNNLXSSA,81,1366.0,2.3750652611925034
1,1000,3,GNNLXSSA,82,1379.0,2.3750652611925034
1,1000,3,GNNLXSSA,83,1392.0,2.37409794488849
1,1000,3,GNNLXSSA,84,1405.0,2.3740267889224924
1,1000,3,GNNLXSSA,85,1419.0,2.373580960476829
1,1000,3,GNNLXSSA,86,1432.0,2.3722518296381168
1,1000,3,GNNLXSSA,87,1446.0,2.3722516570269363
1,1000,3,GNNLXSSA,88,1460.0,2.3715376656218723
1,1000,3,GNNLXSSA,89,1474.0,2.3704824694905255
1,1000,3,GNNLXSSA,90,1488.0,2.3615518288352177
1,1000,3,GNNLXSSA,91,1501.0,2.3615518288352177
1,1000,3,GNNLXSSA,92,1514.0,2.360699369401118
1,1000,3,GNNLXSSA,93,1528.0,2.3603976439080725
1,1000,3,GNNLXSSA,94,1542.0,2.3603976439080725
1,1000,3,GNNLXSSA,95,1556.0,2.3603976439080725
1,1000,3,GNNLXSSA,96,1569.0,2.3603976439080725
1,1000,3,GNNLXSSA,97,1583.0,2.3603976439080725
1,1000,3,GNNLXSSA,98,1597.0,2.3603976439080725
1,1000,3,GNNLXSSA,99,1611.0,2.3603976439080725
1,1000,3,GNNLXSSA,100,1625.0,2.3602659573516576
1,1000,3,LXSSA_REPAIR,0,30.0,17.176398928364506
1,1000,3,LXSSA_REPAIR,1,90.0,8.63955992834235
1,1000,3,LXSSA_REPAIR,2,150.0,5.3042988965898985
1,1000,3,LXSSA_REPAIR,3,210.0,3.9739041950124374
1,1000,3,LXSSA_REPAIR,4,270.0,3.0268121943081496
1,1000,3,LXSSA_REPAIR,5,330.0,2.7262621694026166
1,1000,3,LXSSA_REPAIR,6,390.0,2.6574353822616104
1,1000,3,LXSSA_REPAIR,7,450.0,2.2249626711491146
1,1000,3,LXSSA_REPAIR,8,510.0,2.1016441843967186
1,1000,3,LXSSA_REPAIR,9,570.0,2.083122489057132
1,1000,3,LXSSA_REPAIR,10,630.0,1.9709773304712144
1,1000,3,LXSSA_REPAIR,11,690.0,1.8710653866619396
1,1000,3,LXSSA_REPAIR,12,750.0,1.8464489287907782
1,1000,3,LXSSA_REPAIR,13,810.0,1.7369979819413857
1,1000,3,LXSSA_REPAIR,14,870.0,1.7237434349190153
1,1000,3,LXSSA_REPAIR,15,930.0,1.7153463650756748
1,1000,3,LXSSA_REPAIR,16,990.0,1.710685017726064
1,1000,3,LXSSA_REPAIR,17,1050.0,1.6769094582195976
1,1000,3,LXSSA_REPAIR,18,1110.0,1.5872421488202235
1,1000,3,LXSSA_REPAIR,19,1170.0,1.562399597161857
1,1000,3,LXSSA_REPAIR,20,1230.0,1.548187616353971
1,1000,3,LXSSA_REPAIR,21,1290.0,1.529385226273007
1,1000,3,LXSSA_REPAIR,22,1350.0,1.5281290044404159
1,1000,3,LXSSA_REPAIR,23,1410.0,1.5219365064804151
1,1000,3,LXSSA_REPAIR,24,1470.0,1.5143638220979483
1,1000,3,LXSSA_REPAIR,25,1530.0,1.5112297352170572
1,1000,3,LXSSA_REPAIR,26,1590.0,1.5064963879267452
1,1000,3,LXSSA_REPAIR,27,1650.0,1.4937874574134185
1,1000,3,LXSSA_REPAIR,28,1710.0,1.4925206254665682
1,1000,3,LXSSA_REPAIR,29,1770.0,1.4907079016084026
1,1000,3,LXSSA_REPAIR,30,1830.0,1.4892905289489136
1,1000,3,LXSSA_REPAIR,31,1890.0,1.486103693358018
1,1000,3,LXSSA_REPAIR,32,1950.0,1.4802649967641628
1,1000,3,LXSSA_REPAIR,33,2010.0,1.474612581776455
1,1000,3,LXSSA_REPAIR,34,2070.0,1.470792912030447
1,1000,3,LXSSA_REPAIR,35,2130.0,1.4703266400611028
1,1000,3,LXSSA_REPAIR,36,2190.0,1.4691353972848447
1,1000,3,LXSSA_REPAIR,37,2250.0,1.4643349118487095
1,1000,3,LXSSA_REPAIR,38,2310.0,1.449822611273703
1,1000,3,LXSSA_REPAIR,39,2370.0,1.4486291191387863
1,1000,3,LXSSA_REPAIR,40,2430.0,1.4225544736582378
1,1000,3,LXSSA_REPAIR,41,2490.0,1.4156208593121846
1,1000,3,LXSSA_REPAIR,42,2550.0,1.4066864126834844
1,1000,3,LXSSA_REPAIR,43,2610.0,1.4063899183602189
1,1000,3,LXSSA_REPAIR,44,2670.0,1.4039599507668754
1,1000,3,LXSSA_REPAIR,45,2730.0,1.4024689191937796
1,1000,3,LXSSA_REPAIR,46,2790.0,1.4018351318845816
1,1000,3,LXSSA_REPAIR,47,2850.0,1.4011078188559623
1,1000,3,LXSSA_REPAIR,48,2910.0,1.40015264183603
1,1000,3,LXSSA_REPAIR,49,2970.0,1.3885314984581782
1,1000,3,LXSSA_REPAIR,50,3030.0,1.3827287176973186
1,1000,3,LXSSA_REPAIR,51,3090.0,1.3821980833163252
1,1000,3,LXSSA_REPAIR,52,3150.0,1.38191155689492
1,1000,3,LXSSA_REPAIR,53,3210.0,1.3816720299109875
1,1000,3,LXSSA_REPAIR,54,3270.0,1.380933357453614
1,1000,3,LXSSA_REPAIR,55,3330.0,1.380545659132622
1,1000,3,LXSSA_REPAIR,56,3390.0,1.3797791866018088
1,1000,3,LXSSA_REPAIR,57,3450.0,1.379435329570697
1,1000,3,LXSSA_REPAIR,58,3510.0,1.378804230960668
1,1000,3,LXSSA_REPAIR,59,3570.0,1.3778257117664907
1,1000,3,LXSSA_REPAIR,60,3630.0,1.3774932126725616
1,1000,3,LXSSA_REPAIR,61,3690.0,1.3774630067018734
1,1000,3,LXSSA_REPAIR,62,3750.0,1.3762435383287084
1,1000,3,LXSSA_REPAIR,63,3810.0,1.37500216465196
1,1000,3,LXSSA_REPAIR,64,3870.0,1.3716772684419993
1,1000,3,LXSSA_REPAIR,65,3930.0,1.3683128301781835
1,1000,3,LXSSA_REPAIR,66,3990.0,1.367479234959319
1,1000,3,LXSSA_REPAIR,67,4050.0,1.367252627886046
1,1000,3,LXSSA_REPAIR,68,4110.0,1.3664120552530221
1,1000,3,LXSSA_REPAIR,69,4170.0,1.36452428542907
1,1000,3,LXSSA_REPAIR,70,4230.0,1.3644089590998192
1,1000,3,LXSSA_REPAIR,71,4290.0,1.3640000698142103
1,1000,3,LXSSA_REPAIR,72,4350.0,1.3634065188307432
1,1000,3,LXSSA_REPAIR,73,4410.0,1.3623575791534677
1,1000,3,LXSSA_REPAIR,74,4470.0,1.361168446837837
1,1000,3,LXSSA_REPAIR,75,4530.0,1.360146259125031
1,1000,3,LXSSA_REPAIR,76,4590.0,1.3600352292014577
1,1000,3,LXSSA_REPAIR,77,4650.0,1.3597940128966002
1,1000,3,LXSSA_REPAIR,78,4710.0,1.359091610476753
1,1000,3,LXSSA_REPAIR,79,4770.0,1.3587923728846363
1,1000,3,LXSSA_REPAIR,80,4830.0,1.3585998890121118
1,1000,3,LXSSA_REPAIR,81,4890.0,1.3581417265668279
1,1000,3,LXSSA_REPAIR,82,4950.0,1.3579572306043701
1,1000,3,LXSSA_REPAIR,83,5010.0,1.3578728669053817
1,1000,3,LXSSA_REPAIR,84,5070.0,1.3578199905678048
1,1000,3,LXSSA_REPAIR,85,5130.0,1.357624750056857
1,1000,3,LXSSA_REPAIR,86,5190.0,1.357358422370453
1,1000,3,LXSSA_REPAIR,87,5250.0,1.3573530482572096
1,1000,3,LXSSA_REPAIR,88,5310.0,1.3572915337063023
1,1000,3,LXSSA_REPAIR,89,5370.0,1.3571461017709225
1,1000,3,LXSSA_REPAIR,90,5430.0,1.356843999325065
1,1000,3,LXSSA_REPAIR,91,5490.0,1.3568000740197022
1,1000,3,LXSSA_REPAIR,92,5550.0,1.356788690220128
1,1000,3,LXSSA_REPAIR,93,5610.0,1.3567824296842446
1,1000,3,LXSSA_REPAIR,94,5670.0,1.3567765088519081
1,1000,3,LXSSA_REPAIR,95,5730.0,1.3567735848773737
1,1000,3,LXSSA_REPAIR,96,5790.0,1.356764508967899
1,1000,3,LXSSA_REPAIR,97,5850.0,1.356749144186324
1,1000,3,LXSSA_REPAIR,98,5910.0,1.3567053726401355
1,1000,3,LXSSA_REPAIR,99,5970.0,1.3566647675579588
1,1000,3,LXSSA_REPAIR,100,6030.0,1.356611048198829
1,1000,4,GNNLXSSA,0,30.0,73.66230550639739
1,1000,4,GNNLXSSA,1,339.0,36.77129213561784
1,1000,4,GNNLXSSA,2,352.0,31.981175020195224
1,1000,4,GNNLXSSA,3,365.0,29.31437838770944
1,1000,4,GNNLXSSA,4,379.0,28.021160706182854
1,1000,4,GNNLXSSA,5,393.0,25.54500956688571
1,1000,4,GNNLXSSA,6,407.0,23.68428701810626
1,1000,4,GNNLXSSA,7,421.0,23.68428701810626
1,1000,4,GNNLXSSA,8,435.0,23.68428701810626
1,1000,4,GNNLXSSA,9,449.0,23.68428701810626
1,1000,4,GNNLXSSA,10,461.0,23.68428701810626
1,1000,4,GNNLXSSA,11,475.0,21.0775274394764
1,1000,4,GNNLXSSA,12,488.0,21.0775274394764
1,1000,4,GNNLXSSA,13,502.0,21.0775274394764
1,1000,4,GNNLXSSA,14,516.0,21.0775274394764
1,1000,4,GNNLXSSA,15,530.0,21.0775274394764
1,1000,4,GNNLXSSA,16,543.0,20.591498823192524
1,1000,4,GNNLXSSA,17,556.0,20.591498823192524
1,1000,4,GNNLXSSA,18,570.0,20.591498823192524
1,1000,4,GNNLXSSA,19,584.0,20.264963038665883
1,1000,4,GNNLXSSA,20,598.0,19.661393802318344
1,1000,4,GNNLXSSA,21,612.0,19.661393802318344
1,1000,4,GNNLXSSA,22,625.0,19.661393802318344
1,1000,4,GNNLXSSA,23,639.0,19.661393802318344
1,1000,4,GNNLXSSA,24,653.0,19.661393802318344
1,1000,4,GNNLXSSA,25,666.0,19.661393802318344
1,1000,4,GNNLXSSA,26,680.0,19.661393802318344
1,1000,4,GNNLXSSA,27,693.0,19.661393802318344
1,1000,4,GNNLXSSA,28,706.0,19.661393802318344
1,1000,4,GNNLXSSA,29,719.0,19.661393802318344
1,1000,4,GNNLXSSA,30,733.0,19.661393802318344
1,1000,4,GNNLXSSA,31,747.0,19.661393802318344
1,1000,4,GNNLXSSA,32,761.0,19.459573183885368
1,1000,4,GNNLXSSA,33,775.0,18.597724841220042
1,1000,4,GNNLXSSA,34,789.0,18.597724841220042
1,1000,4,GNNLXSSA,35,801.0,18.354343011316814
1,1000,4,GNNLXSSA,36,815.0,18.354343011316814
1,1000,4,GNNLXSSA,37,828.0,17.868433524410648
1,1000,4,GNNLXSSA,38,840.0,17.47538965151398
1,1000,4,GNNLXSSA,39,854.0,17.47538965151398
1,1000,4,GNNLXSSA,40,868.0,17.448645477310492
1,1000,4,GNNLXSSA,41,881.0,17.14424544510257
1,1000,4,GNNLXSSA,42,895.0,17.14424544510257
1,1000,4,GNNLXSSA,43,909.0,17.08959819885058
1,1000,4,GNNLXSSA,44,922.0,16.745108547551354
1,1000,4,GNNLXSSA,45,936.0,16.1597324843533
1,1000,4,GNNLXSSA,46,949.0,16.1597324843533
1,1000,4,GNNLXSSA,47,963.0,16.01245508966531
1,1000,4,GNNLXSSA,48,976.0,15.117404166441702
1,1000,4,GNNLXSSA,49,990.0,15.087211079437111
1,1000,4,GNNLXSSA,50,1004.0,14.258259600526799
1,1000,4,GNNLXSSA,51,1017.0,14.258259600526799
1,1000,4,GNNLXSSA,52,1031.0,14.258259600526799
1,1000,4,GNNLXSSA,53,1043.0,14.258259600526799
1,1000,4,GNNLXSSA,54,1057.0,14.258259600526799
1,1000,4,GNNLXSSA,55,1071.0,14.258259600526799
1,1000,4,GNNLXSSA,56,1083.0,13.975442504259263
1,1000,4,GNNLXSSA,57,1097.0,13.975442504259263
1,1000,4,GNNLXSSA,58,1111.0,13.975442504259263
1,1000,4,GNNLXSSA,59,1124.0,13.975442504259263
1,1000,4,GNNLXSSA,60,1137.0,13.975442504259263
1,1000,4,GNNLXSSA,61,1151.0,13.945402212557383
1,1000,4,GNNLXSSA,62,1164.0,13.945402212557383
1,1000,4,GNNLXSSA,63,1177.0,13.945402212557383
1,1000,4,GNNLXSSA,64,1191.0,13.945402212557383
1,1000,4,GNNLXSSA,65,1204.0,13.945402212557383
1,1000,4,GNNLXSSA,66,1218.0,13.945402212557383
1,1000,4,GNNLXSSA,67,1232.0,13.883494095334754
1,1000,4,GNNLXSSA,68,1246.0,13.883494095334754
1,1000,4,GNNLXSSA,69,1259.0,13.838137706385169
1,1000,4,GNNLXSSA,70,1273.0,13.639845796889858
1,1000,4,GNNLXSSA,71,1287.0,13.639845796889858
1,1000,4,GNNLXSSA,72,1299.0,13.429101123041619
1,1000,4,GNNLXSSA,73,1313.0,13.429101123041619
1,1000,4,GNNLXSSA,74,1326.0,13.139278704136814
1,1000,4,GNNLXSSA,75,1340.0,13.139278704136814
1,1000,4,GNNLXSSA,76,1354.0,12.760893483431573
1,1000,4,GNNLXSSA,77,1368.0,12.757711994738202
1,1000,4,GNNLXSSA,78,1381.0,12.757711994738202
1,1000,4,GNNLXSSA,79,1395.0,12.727439577276527
1,1000,4,GNNLXSSA,80,1409.0,12.607759038924996
1,1000,4,GNNLXSSA,81,1423.0,12.490072019281797
1,1000,4,GNNLXSSA,82,1437.0,12.490072019281797
1,1000,4,GNNLXSSA,83,1451.0,12.47759268138907
1,1000,4,GNNLXSSA,84,1464.0,12.403729316818499
1,1000,4,GNNLXSSA,85,1478.0,12.367769931690418
1,1000,4,GNNLXSSA,86,1492.0,11.903663669629168
1,1000,4,GNNLXSSA,87,1506.0,11.903663669629168
1,1000,4,GNNLXSSA,88,1520.0,11.895404850602063
1,1000,4,GNNLXSSA,89,1534.0,11.895404850602063
1,1000,4,GNNLXSSA,90,1548.0,11.895404850602063
1,1000,4,GNNLXSSA,91,1561.0,11.895393118971697
1,1000,4,GNNLXSSA,92,1575.0,11.829068993771216
1,1000,4,GNNLXSSA,93,1589.0,11.745349606422678
1,1000,4,GNNLXSSA,94,1602.0,11.745349606422678
1,1000,4,GNNLXSSA,95,1616.0,11.708472265327146
1,1000,4,GNNLXSSA,96,1630.0,11.708472265327146
1,1000,4,GNNLXSSA,97,1643.0,11.708472265327146
1,1000,4,GNNLXSSA,98,1657.0,11.682277154202893
1,1000,4,GNNLXSSA,99,1670.0,11.660683216909092
1,1000,4,GNNLXSSA,100,1683.0,11.656222460031131
1,1000,4,LXSSA_REPAIR,0,30.0,62.12338255076611
1,1000,4,LXSSA_REPAIR,1,90.0,40.79180505742261
1,1000,4,LXSSA_REPAIR,2,150.0,30.146675181451428
1,1000,4,LXSSA_REPAIR,3,210.0,29.601158184294036
1,1000,4,LXSSA_REPAIR,4,270.0,24.937887932948797
1,1000,4,LXSSA_REPAIR,5,330.0,20.617121331742965
1,1000,4,LXSSA_REPAIR,6,390.0,19.869658784889907
1,1000,4,LXSSA_REPAIR,7,450.0,18.53129513123713
1,1000,4,LXSSA_REPAIR,8,510.0,17.417145018578594
1,1000,4,LXSSA_REPAIR,9,570.0,16.915801890361763
1,1000,4,LXSSA_REPAIR,10,630.0,16.11348646207989
1,1000,4,LXSSA_REPAIR,11,690.0,15.28648183295445
1,1000,4,LXSSA_REPAIR,12,750.0,14.561791031504981
1,1000,4,LXSSA_REPAIR,13,810.0,14.376773184572812
1,1000,4,LXSSA_REPAIR,14,870.0,13.535252609806776
1,1000,4,LXSSA_REPAIR,15,930.0,13.383045225171372
1,1000,4,LXSSA_REPAIR,16,990.0,13.247800078213913
1,1000,4,LXSSA_REPAIR,17,1050.0,13.23418781717919
1,1000,4,LXSSA_REPAIR,18,1110.0,13.208335767187236
1,1000,4,LXSSA_REPAIR,19,1170.0,13.196871635413117
1,1000,4,LXSSA_REPAIR,20,1230.0,13.042802442945685
1,1000,4,LXSSA_REPAIR,21,1290.0,12.886576428027183
1,1000,4,LXSSA_REPAIR,22,1350.0,12.873326337492472
1,1000,4,LXSSA_REPAIR,23,1410.0,12.818356330666575
1,1000,4,LXSSA_REPAIR,24,1470.0,12.70816239853957
1,1000,4,LXSSA_REPAIR,25,1530.0,12.514176793738443
1,1000,4,LXSSA_REPAIR,26,1590.0,12.514176793738443
1,1000,4,LXSSA_REPAIR,27,1650.0,12.405008237914444
1,1000,4,LXSSA_REPAIR,28,1710.0,11.953133168968634
1,1000,4,LXSSA_REPAIR,29,1770.0,11.951239637204708
1,1000,4,LXSSA_REPAIR,30,1830.0,11.909137955110054
1,1000,4,LXSSA_REPAIR,31,1890.0,11.88629849354038
1,1000,4,LXSSA_REPAIR,32,1950.0,11.862781757703488
1,1000,4,LXSSA_REPAIR,33,2010.0,11.802138480547
1,1000,4,LXSSA_REPAIR,34,2070.0,11.708158645717049
1,1000,4,LXSSA_REPAIR,35,2130.0,11.682073243777268
1,1000,4,LXSSA_REPAIR,36,2190.0,11.651438812128617
1,1000,4,LXSSA_REPAIR,37,2250.0,11.627867715724278
1,1000,4,LXSSA_REPAIR,38,2310.0,11.600027951379161
1,1000,4,LXSSA_REPAIR,39,2370.0,11.588282778822759
1,1000,4,LXSSA_REPAIR,40,2430.0,11.580861697599175
1,1000,4,LXSSA_REPAIR,41,2490.0,11.5534791770624
1,1000,4,LXSSA_REPAIR,42,2550.0,11.542466503298783
1,1000,4,LXSSA_REPAIR,43,2610.0,11.535822766512865
1,1000,4,LXSSA_REPAIR,44,2670.0,11.526258374520694
1,1000,4,LXSSA_REPAIR,45,2730.0,11.463389865948557
1,1000,4,LXSSA_REPAIR,46,2790.0,11.38348084318568
1,1000,4,LXSSA_REPAIR,47,2850.0,11.377588306437247
1,1000,4,LXSSA_REPAIR,48,2910.0,11.274422420901828
1,1000,4,LXSSA_REPAIR,49,2970.0,11.274334244721103
1,1000,4,LXSSA_REPAIR,50,3030.0,11.199915991077432
1,1000,4,LXSSA_REPAIR,51,3090.0,11.141255084919976
1,1000,4,LXSSA_REPAIR,52,3150.0,11.103492189118697
1,1000,4,LXSSA_REPAIR,53,3210.0,11.041100933853158
1,1000,4,LXSSA_REPAIR,54,3270.0,10.987688372606499
1,1000,4,LXSSA_REPAIR,55,3330.0,10.955242706389981
1,1000,4,LXSSA_REPAIR,56,3390.0,10.929639726909954
1,1000,4,LXSSA_REPAIR,57,3450.0,10.909122719484003
1,1000,4,LXSSA_REPAIR,58,3510.0,10.881492475054984
1,1000,4,LXSSA_REPAIR,59,3570.0,10.796736080497794
1,1000,4,LXSSA_REPAIR,60,3630.0,10.794366960373736
1,1000,4,LXSSA_REPAIR,61,3690.0,10.747823617086397
1,1000,4,LXSSA_REPAIR,62,3750.0,10.704985513944848
1,1000,4,LXSSA_REPAIR,63,3810.0,10.678596113139065
1,1000,4,LXSSA_REPAIR,64,3870.0,10.653939451425686
1,1000,4,LXSSA_REPAIR,65,3930.0,10.645188705817418
1,1000,4,LXSSA_REPAIR,66,3990.0,10.596450373890548
1,1000,4,LXSSA_REPAIR,67,4050.0,10.558067837115232
1,1000,4,LXSSA_REPAIR,68,4110.0,10.50907474216001
1,1000,4,LXSSA_REPAIR,69,4170.0,10.33569309988161
1,1000,4,LXSSA_REPAIR,70,4230.0,10.292776966307429
1,1000,4,LXSSA_REPAIR,71,4290.0,10.26941104251091
1,1000,4,LXSSA_REPAIR,72,4350.0,10.239551052614843
1,1000,4,LXSSA_REPAIR,73,4410.0,10.23891319964605
1,1000,4,LXSSA_REPAIR,74,4470.0,10.235993297294044
1,1000,4,LXSSA_REPAIR,75,4530.0,10.231637461070932
1,1000,4,LXSSA_REPAIR,76,4590.0,10.227382080709503
1,1000,4,LXSSA_REPAIR,77,4650.0,10.219718605399976
1,1000,4,LXSSA_REPAIR,78,4710.0,10.210070817312953
1,1000,4,LXSSA_REPAIR,79,4770.0,10.191126267200161
1,1000,4,LXSSA_REPAIR,80,4830.0,10.172177486514556
1,1000,4,LXSSA_REPAIR,81,4890.0,10.160717455724807
1,1000,4,LXSSA_REPAIR,82,4950.0,10.157395080783317
1,1000,4,LXSSA_REPAIR,83,5010.0,10.149156253413821
1,1000,4,LXSSA_REPAIR,84,5070.0,10.124081634399772
1,1000,4,LXSSA_REPAIR,85,5130.0,10.121691393313085
1,1000,4,LXSSA_REPAIR,86,5190.0,10.119054745049652
1,1000,4,LXSSA_REPAIR,87,5250.0,10.112331447264296
1,1000,4,LXSSA_REPAIR,88,5310.0,10.10268371940765
1,1000,4,LXSSA_REPAIR,89,5370.0,10.096140939996985
1,1000,4,LXSSA_REPAIR,90,5430.0,10.092051270548836
1,1000,4,LXSSA_REPAIR,91,5490.0,10.086861219744605
1,1000,4,LXSSA_REPAIR,92,5550.0,10.0750826007461
1,1000,4,LXSSA_REPAIR,93,5610.0,10.072826344818168
1,1000,4,LXSSA_REPAIR,94,5670.0,10.069389385545946
1,1000,4,LXSSA_REPAIR,95,5730.0,10.062560671420215
1,1000,4,LXSSA_REPAIR,96,5790.0,10.05867332046546
1,1000,4,LXSSA_REPAIR,97,5850.0,10.057434251772065
1,1000,4,LXSSA_REPAIR,98,5910.0,10.056690879504458
1,1000,4,LXSSA_REPAIR,99,5970.0,10.054629887472402
1,1000,4,LXSSA_REPAIR,100,6030.0,10.054470692601171
1,1000,5,GNNLXSSA,0,30.0,172.34894156135124
1,1000,5,GNNLXSSA,1,404.0,119.64505726395146
1,1000,5,GNNLXSSA,2,418.0,102.36773717401229
1,1000,5,GNNLXSSA,3,432.0,98.26907605989982
1,1000,5,GNNLXSSA,4,446.0,95.64342320172727
1,1000,5,GNNLXSSA,5,459.0,91.54870496457443
1,1000,5,GNNLXSSA,6,473.0,89.69636325971805
1,1000,5,GNNLXSSA,7,487.0,85.35323003931262
1,1000,5,GNNLXSSA,8,501.0,85.35323003931262
1,1000,5,GNNLXSSA,9,514.0,78.96332424519642
1,1000,5,GNNLXSSA,10,526.0,73.86663172942644
1,1000,5,GNNLXSSA,11,540.0,70.03508210216387
1,1000,5,GNNLXSSA,12,554.0,69.61068347474065
1,1000,5,GNNLXSSA,13,566.0,67.41295719004847
1,1000,5,GNNLXSSA,14,578.0,65.95325810660142
1,1000,5,GNNLXSSA,15,592.0,63.86435627958417
1,1000,5,GNNLXSSA,16,606.0,60.633927325841796
1,1000,5,GNNLXSSA,17,620.0,60.633927325841796
1,1000,5,GNNLXSSA,18,634.0,60.633927325841796
1,1000,5,GNNLXSSA,19,648.0,60.633927325841796
1,1000,5,GNNLXSSA,20,662.0,60.633927325841796
1,1000,5,GNNLXSSA,21,676.0,60.633927325841796
1,1000,5,GNNLXSSA,22,689.0,59.00303333215561
1,1000,5,GNNLXSSA,23,703.0,56.78556365905388
1,1000,5,GNNLXSSA,24,717.0,56.06111157905252
1,1000,5,GNNLXSSA,25,731.0,55.62459393957397
1,1000,5,GNNLXSSA,26,745.0,54.352006721368525
1,1000,5,GNNLXSSA,27,759.0,54.352006721368525
1,1000,5,GNNLXSSA,28,773.0,54.352006721368525
1,1000,5,GNNLXSSA,29,787.0,53.49524122929142
1,1000,5,GNNLXSSA,30,801.0,53.49524122929142
1,1000,5,GNNLXSSA,31,815.0,53.116423482504615
1,1000,5,GNNLXSSA,32,829.0,53.116423482504615
1,1000,5,GNNLXSSA,33,843.0,53.116423482504615
1,1000,5,GNNLXSSA,34,857.0,52.77069781168393
1,1000,5,GNNLXSSA,35,870.0,50.03159989281994
1,1000,5,GNNLXSSA,36,883.0,50.03159989281994
1,1000,5,GNNLXSSA,37,897.0,50.03159989281994
1,1000,5,GNNLXSSA,38,911.0,49.7609963056384
1,1000,5,GNNLXSSA,39,924.0,49.7609963056384
1,1000,5,GNNLXSSA,40,938.0,47.89583077526913
1,1000,5,GNNLXSSA,41,952.0,47.89583077526913
1,1000,5,GNNLXSSA,42,966.0,46.938770270011446
1,1000,5,GNNLXSSA,43,980.0,46.860606299676874
1,1000,5,GNNLXSSA,44,993.0,46.860606299676874
1,1000,5,GNNLXSSA,45,1007.0,44.36158826485189
1,1000,5,GNNLXSSA,46,1020.0,43.828024428010394
1,1000,5,GNNLXSSA,47,1034.0,43.828024428010394
1,1000,5,GNNLXSSA,48,1048.0,43.828024428010394
1,1000,5,GNNLXSSA,49,1061.0,43.139546398269886
1,1000,5,GNNLXSSA,50,1075.0,42.696058213296055
1,1000,5,GNNLXSSA,51,1089.0,42.696058213296055
1,1000,5,GNNLXSSA,52,1102.0,42.696058213296055
1,1000,5,GNNLXSSA,53,1116.0,42.68512185765576
1,1000,5,GNNLXSSA,54,1130.0,42.68512185765576
1,1000,5,GNNLXSSA,55,1144.0,42.68512185765576
1,1000,5,GNNLXSSA,56,1158.0,42.405211243654776
1,1000,5,GNNLXSSA,57,1171.0,42.405211243654776
1,1000,5,GNNLXSSA,58,1184.0,42.405211243654776
1,1000,5,GNNLXSSA,59,1197.0,42.405211243654776
1,1000,5,GNNLXSSA,60,1211.0,42.405211243654776
1,1000,5,GNNLXSSA,61,1225.0,42.300245786893356
1,1000,5,GNNLXSSA,62,1239.0,42.300245786893356
1,1000,5,GNNLXSSA,63,1253.0,42.300245786893356
1,1000,5,GNNLXSSA,64,1266.0,42.300245786893356
1,1000,5,GNNLXSSA,65,1280.0,42.300245786893356
1,1000,5,GNNLXSSA,66,1292.0,42.27968052466167
1,1000,5,GNNLXSSA,67,1306.0,42.27968052466167
1,1000,5,GNNLXSSA,68,1320.0,42.221220826490026
1,1000,5,GNNLXSSA,69,1334.0,42.179429411327874
1,1000,5,GNNLXSSA,70,1347.0,42.13970922653243
1,1000,5,GNNLXSSA,71,1361.0,42.099588106582814
1,1000,5,GNNLXSSA,72,1375.0,42.099588106582814
1,1000,5,GNNLXSSA,73,1389.0,42.08690418465267
1,1000,5,GNNLXSSA,74,1403.0,42.08690418465267
1,1000,5,GNNLXSSA,75,1417.0,42.08690418465267
1,1000,5,GNNLXSSA,76,1431.0,42.08690418465267
1,1000,5,GNNLXSSA,77,1444.0,42.08690418465267
1,1000,5,GNNLXSSA,78,1457.0,42.08690418465267
1,1000,5,GNNLXSSA,79,1471.0,42.08690418465267
1,1000,5,GNNLXSSA,80,1485.0,42.08690418465267
1,1000,5,GNNLXSSA,81,1499.0,42.08690418465267
1,1000,5,GNNLXSSA,82,1512.0,42.08690418465267
1,1000,5,GNNLXSSA,83,1526.0,42.08690418465267
1,1000,5,GNNLXSSA,84,1540.0,42.08690418465267
1,1000,5,GNNLXSSA,85,1554.0,42.0868082046145
1,1000,5,GNNLXSSA,86,1568.0,42.0867318378514
1,1000,5,GNNLXSSA,87,1581.0,41.95883581914677
1,1000,5,GNNLXSSA,88,1594.0,41.952763407367456
1,1000,5,GNNLXSSA,89,1608.0,41.95231307631184
1,1000,5,GNNLXSSA,90,1621.0,41.94505973398918
1,1000,5,GNNLXSSA,91,1635.0,41.94062352533365
1,1000,5,GNNLXSSA,92,1649.0,41.94062352533365
1,1000,5,GNNLXSSA,93,1663.0,41.90247667724179
1,1000,5,GNNLXSSA,94,1676.0,41.902331754070474
1,1000,5,GNNLXSSA,95,1690.0,41.88783974201942
1,1000,5,GNNLXSSA,96,1704.0,41.886978185590124
1,1000,5,GNNLXSSA,97,1718.0,41.85800179346552
1,1000,5,GNNLXSSA,98,1732.0,41.85800179346552
1,1000,5,GNNLXSSA,99,1744.0,41.857979837026505
1,1000,5,GNNLXSSA,100,1758.0,41.78333769355231
1,1000,5,LXSSA_REPAIR,0,30.0,155.81971566958237
1,1000,5,LXSSA_REPAIR,1,90.0,99.0990578627825
1,1000,5,LXSSA_REPAIR,2,150.0,87.08161075012322
1,1000,5,LXSSA_REPAIR,3,210.0,75.83978481383383
1,1000,5,LXSSA_REPAIR,4,270.0,64.20532340223144
1,1000,5,LXSSA_REPAIR,5,330.0,60.30453603815113
1,1000,5,LXSSA_REPAIR,6,390.0,57.888694027933525
1,1000,5,LXSSA_REPAIR,7,450.0,56.33754111093003
1,1000,5,LXSSA_REPAIR,8,510.0,55.33122993719735
1,1000,5,LXSSA_REPAIR,9,570.0,52.75776401384064
1,1000,5,LXSSA_REPAIR,10,630.0,52.25855461793253
1,1000,5,LXSSA_REPAIR,11,690.0,51.87363710298814
1,1000,5,LXSSA_REPAIR,12,750.0,51.60545175534935
1,1000,5,LXSSA_REPAIR,13,810.0,50.73971905341023
1,1000,5,LXSSA_REPAIR,14,870.0,48.165328828035854
1,1000,5,LXSSA_REPAIR,15,930.0,46.39120965636539
1,1000,5,LXSSA_REPAIR,16,990.0,45.389108055707766
1,1000,5,LXSSA_REPAIR,17,1050.0,45.36572740536212
1,1000,5,LXSSA_REPAIR,18,1110.0,45.22504639295221
1,1000,5,LXSSA_REPAIR,19,1170.0,42.980281908901816
1,1000,5,LXSSA_REPAIR,20,1230.0,42.78578644547815
1,1000,5,LXSSA_REPAIR,21,1290.0,41.26324226865836
1,1000,5,LXSSA_REPAIR,22,1350.0,40.97674176196597
1,1000,5,LXSSA_REPAIR,23,1410.0,40.596446543779166
1,1000,5,LXSSA_REPAIR,24,1470.0,40.50935461807967
1,1000,5,LXSSA_REPAIR,25,1530.0,39.705231213411025
1,1000,5,LXSSA_REPAIR,26,1590.0,39.04635627109383
1,1000,5,LXSSA_REPAIR,27,1650.0,38.90176605497254
1,1000,5,LXSSA_REPAIR,28,1710.0,38.65850102456898
1,1000,5,LXSSA_REPAIR,29,1770.0,38.471016698429594
1,1000,5,LXSSA_REPAIR,30,1830.0,38.38427221600432
1,1000,5,LXSSA_REPAIR,31,1890.0,38.24384709587321
1,1000,5,LXSSA_REPAIR,32,1950.0,38.199267427080486
1,1000,5,LXSSA_REPAIR,33,2010.0,38.160693049867405
1,1000,5,LXSSA_REPAIR,34,2070.0,38.13810685183125
1,1000,5,LXSSA_REPAIR,35,2130.0,38.11832513702393
1,1000,5,LXSSA_REPAIR,36,2190.0,37.89002180999523
1,1000,5,LXSSA_REPAIR,37,2250.0,37.8771247861514
1,1000,5,LXSSA_REPAIR,38,2310.0,37.77984750570613
1,1000,5,LXSSA_REPAIR,39,2370.0,37.757395838831144
1,1000,5,LXSSA_REPAIR,40,2430.0,37.675124983470596
1,1000,5,LXSSA_REPAIR,41,2490.0,37.5051440571915
1,1000,5,LXSSA_REPAIR,42,2550.0,37.41812866554392
1,1000,5,LXSSA_REPAIR,43,2610.0,36.56594418273744
1,1000,5,LXSSA_REPAIR,44,2670.0,36.52365954036941
1,1000,5,LXSSA_REPAIR,45,2730.0,36.15666028246051
1,1000,5,LXSSA_REPAIR,46,2790.0,35.84939669981395
1,1000,5,LXSSA_REPAIR,47,2850.0,35.69922002112435
1,1000,5,LXSSA_REPAIR,48,2910.0,35.615259172387596
1,1000,5,LXSSA_REPAIR,49,2970.0,35.2443907655761
1,1000,5,LXSSA_REPAIR,50,3030.0,35.180608766277146
1,1000,5,LXSSA_REPAIR,51,3090.0,35.16693064114952
1,1000,5,LXSSA_REPAIR,52,3150.0,35.1378393499981
1,1000,5,LXSSA_REPAIR,53,3210.0,34.92189313568815
1,1000,5,LXSSA_REPAIR,54,3270.0,34.8784352952498
1,1000,5,LXSSA_REPAIR,55,3330.0,34.85901282726263
1,1000,5,LXSSA_REPAIR,56,3390.0,34.78210042008868
1,1000,5,LXSSA_REPAIR,57,3450.0,34.73317839932133
1,1000,5,LXSSA_REPAIR,58,3510.0,34.706183636924834
1,1000,5,LXSSA_REPAIR,59,3570.0,34.69740728941542
1,1000,5,LXSSA_REPAIR,60,3630.0,34.688020381530805
1,1000,5,LXSSA_REPAIR,61,3690.0,34.684933236458164
1,1000,5,LXSSA_REPAIR,62,3750.0,34.67708203237271
1,1000,5,LXSSA_REPAIR,63,3810.0,34.656255564863386
1,1000,5,LXSSA_REPAIR,64,3870.0,34.62447409905144
1,1000,5,LXSSA_REPAIR,65,3930.0,34.54453316127183
1,1000,5,LXSSA_REPAIR,66,3990.0,34.5044487848063
1,1000,5,LXSSA_REPAIR,67,4050.0,34.49264443755965
1,1000,5,LXSSA_REPAIR,68,4110.0,34.49096926655329
1,1000,5,LXSSA_REPAIR,69,4170.0,34.469772716314765
1,1000,5,LXSSA_REPAIR,70,4230.0,34.43008716167242
1,1000,5,LXSSA_REPAIR,71,4290.0,34.36261849969742
1,1000,5,LXSSA_REPAIR,72,4350.0,34.32280788615026
1,1000,5,LXSSA_REPAIR,73,4410.0,34.26393583693425
1,1000,5,LXSSA_REPAIR,74,4470.0,34.23466458306211
1,1000,5,LXSSA_REPAIR,75,4530.0,34.21868841141986
1,1000,5,LXSSA_REPAIR,76,4590.0,34.20605136366794
1,1000,5,LXSSA_REPAIR,77,4650.0,34.199276696257584
1,1000,5,LXSSA_REPAIR,78,4710.0,34.18253733711026
1,1000,5,LXSSA_REPAIR,79,4770.0,34.16548677503306
1,1000,5,LXSSA_REPAIR,80,4830.0,34.15921059235552
1,1000,5,LXSSA_REPAIR,81,4890.0,34.153031260073476
1,1000,5,LXSSA_REPAIR,82,4950.0,34.136544560446055
1,1000,5,LXSSA_REPAIR,83,5010.0,34.09174445057579
1,1000,5,LXSSA_REPAIR,84,5070.0,34.003801084763836
1,1000,5,LXSSA_REPAIR,85,5130.0,33.98126827681699
1,1000,5,LXSSA_REPAIR,86,5190.0,33.97005570119654
1,1000,5,LXSSA_REPAIR,87,5250.0,33.959540317504434
1,1000,5,LXSSA_REPAIR,88,5310.0,33.95419583302282
1,1000,5,LXSSA_REPAIR,89,5370.0,33.94903065505787
1,1000,5,LXSSA_REPAIR,90,5430.0,33.94765625344735
1,1000,5,LXSSA_REPAIR,91,5490.0,33.94745655994484
1,1000,5,LXSSA_REPAIR,92,5550.0,33.946455010809586
1,1000,5,LXSSA_REPAIR,93,5610.0,33.94512535459944
1,1000,5,LXSSA_REPAIR,94,5670.0,33.94146705461026
1,1000,5,LXSSA_REPAIR,95,5730.0,33.93441864513443
1,1000,5,LXSSA_REPAIR,96,5790.0,33.932477079782984
1,1000,5,LXSSA_REPAIR,97,5850.0,33.93244751810562
1,1000,5,LXSSA_REPAIR,98,5910.0,33.93241887119075
1,1000,5,LXSSA_REPAIR,99,5970.0,33.93237094950018
1,1000,5,LXSSA_REPAIR,100,6030.0,33.93232499601436
1,1000,6,GNNLXSSA,0,30.0,288.8587481085706
1,1000,6,GNNLXSSA,1,467.0,239.99912665503507
1,1000,6,GNNLXSSA,2,480.0,214.77703049924457
1,1000,6,GNNLXSSA,3,493.0,198.8348636529263
1,1000,6,GNNLXSSA,4,507.0,196.1068702316519
1,1000,6,GNNLXSSA,5,521.0,180.79348508072871
1,1000,6,GNNLXSSA,6,535.0,179.87234208289738
1,1000,6,GNNLXSSA,7,548.0,178.24826734557428
1,1000,6,GNNLXSSA,8,562.0,178.07873796085914
1,1000,6,GNNLXSSA,9,576.0,178.07873796085914
1,1000,6,GNNLXSSA,10,590.0,176.85826149336935
1,1000,6,GNNLXSSA,11,602.0,174.05287062803836
1,1000,6,GNNLXSSA,12,615.0,173.36778319682344
1,1000,6,GNNLXSSA,13,629.0,166.10600271839212
1,1000,6,GNNLXSSA,14,642.0,166.10600271839212
1,1000,6,GNNLXSSA,15,656.0,166.10600271839212
1,1000,6,GNNLXSSA,16,668.0,166.10600271839212
1,1000,6,GNNLXSSA,17,681.0,166.10600271839212
1,1000,6,GNNLXSSA,18,693.0,165.72259587003646
1,1000,6,GNNLXSSA,19,707.0,162.9191217989137
1,1000,6,GNNLXSSA,20,721.0,160.22179822622275
1,1000,6,GNNLXSSA,21,735.0,156.280730572631
1,1000,6,GNNLXSSA,22,749.0,155.22012002544943
1,1000,6,GNNLXSSA,23,762.0,152.6387752995579
1,1000,6,GNNLXSSA,24,775.0,151.97544315333653
1,1000,6,GNNLXSSA,25,788.0,151.97544315333653
1,1000,6,GNNLXSSA,26,801.0,146.76799477167515
1,1000,6,GNNLXSSA,27,814.0,146.76799477167515
1,1000,6,GNNLXSSA,28,827.0,143.47587272758392
1,1000,6,GNNLXSSA,29,841.0,143.47587272758392
1,1000,6,GNNLXSSA,30,854.0,143.47587272758392
1,1000,6,GNNLXSSA,31,868.0,143.47587272758392
1,1000,6,GNNLXSSA,32,882.0,143.47587272758392
1,1000,6,GNNLXSSA,33,896.0,142.22997180395032
1,1000,6,GNNLXSSA,34,910.0,140.63385984393972
1,1000,6,GNNLXSSA,35,924.0,140.63385984393972
1,1000,6,GNNLXSSA,36,938.0,139.7854126727616
1,1000,6,GNNLXSSA,37,952.0,139.7854126727616
1,1000,6,GNNLXSSA,38,966.0,136.2250769390812
1,1000,6,GNNLXSSA,39,980.0,136.2250769390812
1,1000,6,GNNLXSSA,40,994.0,130.52172789761244
1,1000,6,GNNLXSSA,41,1007.0,128.6473281150029
1,1000,6,GNNLXSSA,42,1020.0,128.6473281150029
1,1000,6,GNNLXSSA,43,1034.0,121.82479702768615
1,1000,6,GNNLXSSA,44,1047.0,121.82479702768615
1,1000,6,GNNLXSSA,45,1061.0,121.82479702768615
1,1000,6,GNNLXSSA,46,1075.0,121.82479702768615
1,1000,6,GNNLXSSA,47,1089.0,121.82479702768615
1,1000,6,GNNLXSSA,48,1103.0,121.1237881128909
1,1000,6,GNNLXSSA,49,1117.0,119.03016946081334
1,1000,6,GNNLXSSA,50,1131.0,119.03016946081334
1,1000,6,GNNLXSSA,51,1145.0,118.1349106978596
1,1000,6,GNNLXSSA,52,1158.0,118.1349106978596
1,1000,6,GNNLXSSA,53,1172.0,118.1349106978596
1,1000,6,GNNLXSSA,54,1186.0,118.1349106978596
1,1000,6,GNNLXSSA,55,1200.0,118.1349106978596
1,1000,6,GNNLXSSA,56,1214.0,118.1349106978596
1,1000,6,GNNLXSSA,57,1228.0,117.66438578461384
1,1000,6,GNNLXSSA,58,1241.0,117.66438578461384
1,1000,6,GNNLXSSA,59,1255.0,117.66438578461384
1,1000,6,GNNLXSSA,60,1268.0,117.66438578461384
1,1000,6,GNNLXSSA,61,1281.0,117.66438578461384
1,1000,6,GNNLXSSA,62,1295.0,116.08283567953913
1,1000,6,GNNLXSSA,63,1309.0,116.08283567953913
1,1000,6,GNNLXSSA,64,1323.0,116.08283567953913
1,1000,6,GNNLXSSA,65,1337.0,116.08283567953913
1,1000,6,GNNLXSSA,66,1351.0,115.81384288059053
1,1000,6,GNNLXSSA,67,1365.0,115.81384288059053
1,1000,6,GNNLXSSA,68,1378.0,115.81384288059053
1,1000,6,GNNLXSSA,69,1392.0,115.81384288059053
1,1000,6,GNNLXSSA,70,1405.0,115.81384288059053
1,1000,6,GNNLXSSA,71,1418.0,112.52959165532957
1,1000,6,GNNLXSSA,72,1432.0,112.09178563253954
1,1000,6,GNNLXSSA,73,1445.0,112.09178563253954
1,1000,6,GNNLXSSA,74,1459.0,112.08131401731225
1,1000,6,GNNLXSSA,75,1472.0,112.08131401731225
1,1000,6,GNNLXSSA,76,1486.0,112.04484208290523
1,1000,6,GNNLXSSA,77,1500.0,112.04484208290523
1,1000,6,GNNLXSSA,78,1514.0,112.03119006627821
1,1000,6,GNNLXSSA,79,1528.0,112.00466283026617
1,1000,6,GNNLXSSA,80,1542.0,112.00466283026617
1,1000,6,GNNLXSSA,81,1556.0,111.99808789805684
1,1000,6,GNNLXSSA,82,1570.0,111.99232884818048
1,1000,6,GNNLXSSA,83,1584.0,111.98293966172787
1,1000,6,GNNLXSSA,84,1598.0,111.97997405484784
1,1000,6,GNNLXSSA,85,1612.0,111.7701565361931
1,1000,6,GNNLXSSA,86,1626.0,111.76527629672637
1,1000,6,GNNLXSSA,87,1640.0,111.76367980421492
1,1000,6,GNNLXSSA,88,1653.0,111.76144455443864
1,1000,6,GNNLXSSA,89,1667.0,111.759394423505
1,1000,6,GNNLXSSA,90,1681.0,111.759394423505
1,1000,6,GNNLXSSA,91,1695.0,111.519555799714
1,1000,6,GNNLXSSA,92,1709.0,111.15629281174915
1,1000,6,GNNLXSSA,93,1721.0,111.08654751937866
1,1000,6,GNNLXSSA,94,1735.0,111.08654751937866
1,1000,6,GNNLXSSA,95,1747.0,111.08654751937866
1,1000,6,GNNLXSSA,96,1761.0,111.08654167815985
1,1000,6,GNNLXSSA,97,1775.0,110.7551448507802
1,1000,6,GNNLXSSA,98,1788.0,110.75501766463276
1,1000,6,GNNLXSSA,99,1802.0,110.75501766463276
1,1000,6,GNNLXSSA,100,1816.0,110.75127104296553
1,1000,6,LXSSA_REPAIR,0,30.0,314.16078598272725
1,1000,6,LXSSA_REPAIR,1,90.0,253.90969617491646
1,1000,6,LXSSA_REPAIR,2,150.0,213.99259706570592
1,1000,6,LXSSA_REPAIR,3,210.0,196.33264649925695
1,1000,6,LXSSA_REPAIR,4,270.0,180.92070842773683
1,1000,6,LXSSA_REPAIR,5,330.0,168.44698245760083
1,1000,6,LXSSA_REPAIR,6,390.0,163.14394337474369
1,1000,6,LXSSA_REPAIR,7,450.0,151.41827991613536
1,1000,6,LXSSA_REPAIR,8,510.0,147.14065703441156
1,1000,6,LXSSA_REPAIR,9,570.0,145.10983255954488
1,1000,6,LXSSA_REPAIR,10,630.0,142.39603527666623
1,1000,6,LXSSA_REPAIR,11,690.0,138.86629299607011
1,1000,6,LXSSA_REPAIR,12,750.0,136.12338135729806
1,1000,6,LXSSA_REPAIR,13,810.0,133.47839297831524
1,1000,6,LXSSA_REPAIR,14,870.0,131.6295682443888
1,1000,6,LXSSA_REPAIR,15,930.0,131.00443869471928
1,1000,6,LXSSA_REPAIR,16,990.0,129.22061529484927
1,1000,6,LXSSA_REPAIR,17,1050.0,128.18017790983868
1,1000,6,LXSSA_REPAIR,18,1110.0,127.55559717051074
1,1000,6,LXSSA_REPAIR,19,1170.0,124.83860731436289
1,1000,6,LXSSA_REPAIR,20,1230.0,120.35807677048433
1,1000,6,LXSSA_REPAIR,21,1290.0,118.3041014992923
1,1000,6,LXSSA_REPAIR,22,1350.0,117.91792603186332
1,1000,6,LXSSA_REPAIR,23,1410.0,117.71060729441524
1,1000,6,LXSSA_REPAIR,24,1470.0,117.41325511933974
1,1000,6,LXSSA_REPAIR,25,1530.0,116.20942034843756
1,1000,6,LXSSA_REPAIR,26,1590.0,115.93456387668266
1,1000,6,LXSSA_REPAIR,27,1650.0,115.45260087562201
1,1000,6,LXSSA_REPAIR,28,1710.0,115.38218980491365
1,1000,6,LXSSA_REPAIR,29,1770.0,115.18649179772183
1,1000,6,LXSSA_REPAIR,30,1830.0,113.65397894909256
1,1000,6,LXSSA_REPAIR,31,1890.0,112.3085405213642
1,1000,6,LXSSA_REPAIR,32,1950.0,111.39814298437705
1,1000,6,LXSSA_REPAIR,33,2010.0,111.37075884365913
1,1000,6,LXSSA_REPAIR,34,2070.0,111.34975468594348
1,1000,6,LXSSA_REPAIR,35,2130.0,111.02965056664834
1,1000,6,LXSSA_REPAIR,36,2190.0,110.03536799481662
1,1000,6,LXSSA_REPAIR,37,2250.0,109.99366831409861
1,1000,6,LXSSA_REPAIR,38,2310.0,109.89330395143043
1,1000,6,LXSSA_REPAIR,39,2370.0,109.4923596723238
1,1000,6,LXSSA_REPAIR,40,2430.0,109.06080326317897
1,1000,6,LXSSA_REPAIR,41,2490.0,108.8287212819705
1,1000,6,LXSSA_REPAIR,42,2550.0,108.54399374083732
1,1000,6,LXSSA_REPAIR,43,2610.0,108.50577503609384
1,1000,6,LXSSA_REPAIR,44,2670.0,108.32109360675531
1,1000,6,LXSSA_REPAIR,45,2730.0,108.22827546393819
1,1000,6,LXSSA_REPAIR,46,2790.0,107.31398361508036
1,1000,6,LXSSA_REPAIR,47,2850.0,106.95928171667038
1,1000,6,LXSSA_REPAIR,48,2910.0,106.82709731409705
1,1000,6,LXSSA_REPAIR,49,2970.0,106.58592633714579
1,1000,6,LXSSA_REPAIR,50,3030.0,106.5782554489997
1,1000,6,LXSSA_REPAIR,51,3090.0,106.41077216609119
1,1000,6,LXSSA_REPAIR,52,3150.0,106.09749792387447
1,1000,6,LXSSA_REPAIR,53,3210.0,105.9737534530068
1,1000,6,LXSSA_REPAIR,54,3270.0,105.53860299875669
1,1000,6,LXSSA_REPAIR,55,3330.0,104.38143178676546
1,1000,6,LXSSA_REPAIR,56,3390.0,103.7740122233372
1,1000,6,LXSSA_REPAIR,57,3450.0,103.67887323952891
1,1000,6,LXSSA_REPAIR,58,3510.0,103.38933776845079
1,1000,6,LXSSA_REPAIR,59,3570.0,102.86332532810775
1,1000,6,LXSSA_REPAIR,60,3630.0,102.8321449709183
1,1000,6,LXSSA_REPAIR,61,3690.0,102.26024343394965
1,1000,6,LXSSA_REPAIR,62,3750.0,102.20587816061743
1,1000,6,LXSSA_REPAIR,63,3810.0,101.70150307921722
1,1000,6,LXSSA_REPAIR,64,3870.0,101.6402664279376
1,1000,6,LXSSA_REPAIR,65,3930.0,101.20852752951032
1,1000,6,LXSSA_REPAIR,66,3990.0,100.96186298326211
1,1000,6,LXSSA_REPAIR,67,4050.0,100.51839114388713
1,1000,6,LXSSA_REPAIR,68,4110.0,100.01754066981812
1,1000,6,LXSSA_REPAIR,69,4170.0,99.57832145813154
1,1000,6,LXSSA_REPAIR,70,4230.0,99.00288039042789
1,1000,6,LXSSA_REPAIR,71,4290.0,98.98498643051425
1,1000,6,LXSSA_REPAIR,72,4350.0,98.98323471777258
1,1000,6,LXSSA_REPAIR,73,4410.0,98.97233486209734
1,1000,6,LXSSA_REPAIR,74,4470.0,98.96883596027328
1,1000,6,LXSSA_REPAIR,75,4530.0,98.96842518008634
1,1000,6,LXSSA_REPAIR,76,4590.0,98.96067965873226
1,1000,6,LXSSA_REPAIR,77,4650.0,98.94919291453698
1,1000,6,LXSSA_REPAIR,78,4710.0,98.9429294316069
1,1000,6,LXSSA_REPAIR,79,4770.0,98.94125109177548
1,1000,6,LXSSA_REPAIR,80,4830.0,98.45460747736797
1,1000,6,LXSSA_REPAIR,81,4890.0,97.8600201627487
1,1000,6,LXSSA_REPAIR,82,4950.0,97.81647704438365
1,1000,6,LXSSA_REPAIR,83,5010.0,97.80399158738146
1,1000,6,LXSSA_REPAIR,84,5070.0,97.7945823776463
1,1000,6,LXSSA_REPAIR,85,5130.0,97.78762234655733
1,1000,6,LXSSA_REPAIR,86,5190.0,97.77266299937764
1,1000,6,LXSSA_REPAIR,87,5250.0,97.73520828503388
1,1000,6,LXSSA_REPAIR,88,5310.0,97.72675040576723
1,1000,6,LXSSA_REPAIR,89,5370.0,97.71790628031886
1,1000,6,LXSSA_REPAIR,90,5430.0,97.69708465182339
1,1000,6,LXSSA_REPAIR,91,5490.0,97.66430471921194
1,1000,6,LXSSA_REPAIR,92,5550.0,97.66157912819472
1,1000,6,LXSSA_REPAIR,93,5610.0,97.66037256205891
1,1000,6,LXSSA_REPAIR,94,5670.0,97.65588387377647
1,1000,6,LXSSA_REPAIR,95,5730.0,97.65180344889814
1,1000,6,LXSSA_REPAIR,96,5790.0,97.64787926268036
1,1000,6,LXSSA_REPAIR,97,5850.0,97.64650098625862
1,1000,6,LXSSA_REPAIR,98,5910.0,97.64619920992845
1,1000,6,LXSSA_REPAIR,99,5970.0,97.64601308772399
1,1000,6,LXSSA_REPAIR,100,6030.0,97.64566630365152
1,1000,7,GNNLXSSA,0,30.0,541.1378032866924
1,1000,7,GNNLXSSA,1,531.0,415.9737307923133
1,1000,7,GNNLXSSA,2,545.0,394.6018448155737
1,1000,7,GNNLXSSA,3,558.0,391.98400294046587
1,1000,7,GNNLXSSA,4,572.0,376.39007170803234
1,1000,7,GNNLXSSA,5,586.0,357.9373103503385
1,1000,7,GNNLXSSA,6,600.0,343.8182499379909
1,1000,7,GNNLXSSA,7,614.0,336.88723176818166
1,1000,7,GNNLXSSA,8,627.0,322.8312463084003
1,1000,7,GNNLXSSA,9,641.0,322.8312463084003
1,1000,7,GNNLXSSA,10,654.0,322.8312463084003
1,1000,7,GNNLXSSA,11,667.0,319.60854527564516
1,1000,7,GNNLXSSA,12,680.0,312.6742597668126
1,1000,7,GNNLXSSA,13,694.0,312.6742597668126
1,1000,7,GNNLXSSA,14,707.0,312.6742597668126
1,1000,7,GNNLXSSA,15,721.0,305.53863551383984
1,1000,7,GNNLXSSA,16,734.0,305.53863551383984
1,1000,7,GNNLXSSA,17,748.0,305.53863551383984
1,1000,7,GNNLXSSA,18,761.0,296.6472304772178
1,1000,7,GNNLXSSA,19,775.0,294.5594205578236
1,1000,7,GNNLXSSA,20,789.0,292.6553242352602
1,1000,7,GNNLXSSA,21,803.0,292.6553242352602
1,1000,7,GNNLXSSA,22,816.0,292.6553242352602
1,1000,7,GNNLXSSA,23,830.0,292.6553242352602
1,1000,7,GNNLXSSA,24,844.0,292.6553242352602
1,1000,7,GNNLXSSA,25,858.0,292.6553242352602
1,1000,7,GNNLXSSA,26,871.0,287.1515738580929
1,1000,7,GNNLXSSA,27,884.0,287.1515738580929
1,1000,7,GNNLXSSA,28,898.0,287.1515738580929
1,1000,7,GNNLXSSA,29,912.0,287.1515738580929
1,1000,7,GNNLXSSA,30,925.0,274.1581488394222
1,1000,7,GNNLXSSA,31,938.0,274.1581488394222
1,1000,7,GNNLXSSA,32,951.0,273.64634598608245
1,1000,7,GNNLXSSA,33,965.0,273.64634598608245
1,1000,7,GNNLXSSA,34,979.0,273.64634598608245
1,1000,7,GNNLXSSA,35,993.0,273.64634598608245
1,1000,7,GNNLXSSA,36,1006.0,273.64634598608245
1,1000,7,GNNLXSSA,37,1020.0,273.64634598608245
1,1000,7,GNNLXSSA,38,1034.0,271.9933811798619
1,1000,7,GNNLXSSA,39,1046.0,271.9933811798619
1,1000,7,GNNLXSSA,40,1060.0,269.61368194575334
1,1000,7,GNNLXSSA,41,1074.0,269.61368194575334
1,1000,7,GNNLXSSA,42,1088.0,269.61368194575334
1,1000,7,GNNLXSSA,43,1102.0,269.61368194575334
1,1000,7,GNNLXSSA,44,1115.0,264.7499254180948
1,1000,7,GNNLXSSA,45,1128.0,262.77732110079523
1,1000,7,GNNLXSSA,46,1141.0,262.77732110079523
1,1000,7,GNNLXSSA,47,1154.0,262.77732110079523
1,1000,7,GNNLXSSA,48,1168.0,262.77732110079523
1,1000,7,GNNLXSSA,49,1182.0,262.77732110079523
1,1000,7,GNNLXSSA,50,1196.0,262.77732110079523
1,1000,7,GNNLXSSA,51,1210.0,262.77732110079523
1,1000,7,GNNLXSSA,52,1224.0,262.77732110079523
1,1000,7,GNNLXSSA,53,1238.0,261.50720321110566
1,1000,7,GNNLXSSA,54,1251.0,261.50720321110566
1,1000,7,GNNLXSSA,55,1265.0,261.50720321110566
1,1000,7,GNNLXSSA,56,1279.0,259.6468580015935
1,1000,7,GNNLXSSA,57,1293.0,258.33438487388776
1,1000,7,GNNLXSSA,58,1306.0,258.33438487388776
1,1000,7,GNNLXSSA,59,1319.0,257.8968649836024
1,1000,7,GNNLXSSA,60,1333.0,252.77982360482565
1,1000,7,GNNLXSSA,61,1347.0,249.7864940947038
1,1000,7,GNNLXSSA,62,1361.0,245.7788592286961
1,1000,7,GNNLXSSA,63,1373.0,245.7788592286961
1,1000,7,GNNLXSSA,64,1387.0,245.7788592286961
1,1000,7,GNNLXSSA,65,1401.0,245.22168058571697
1,1000,7,GNNLXSSA,66,1414.0,245.22168058571697
1,1000,7,GNNLXSSA,67,1428.0,245.22168058571697
1,1000,7,GNNLXSSA,68,1442.0,243.8327451648729
1,1000,7,GNNLXSSA,69,1455.0,243.29326333907375
1,1000,7,GNNLXSSA,70,1469.0,243.20327921900753
1,1000,7,GNNLXSSA,71,1483.0,243.20327921900753
1,1000,7,GNNLXSSA,72,1497.0,243.20327921900753
1,1000,7,GNNLXSSA,73,1511.0,243.0945410998902
1,1000,7,GNNLXSSA,74,1524.0,243.0945410998902
1,1000,7,GNNLXSSA,75,1538.0,243.0945410998902
1,1000,7,GNNLXSSA,76,1552.0,243.0945410998902
1,1000,7,GNNLXSSA,77,1565.0,243.09383234194684
1,1000,7,GNNLXSSA,78,1579.0,242.0712464754979
1,1000,7,GNNLXSSA,79,1593.0,242.03726757368713
1,1000,7,GNNLXSSA,80,1607.0,242.03726757368713
1,1000,7,GNNLXSSA,81,1620.0,241.00725318340847
1,1000,7,GNNLXSSA,82,1634.0,240.4029462806575
1,1000,7,GNNLXSSA,83,1648.0,240.39858140322758
1,1000,7,GNNLXSSA,84,1662.0,240.09055281645124
1,1000,7,GNNLXSSA,85,1674.0,239.89041291682224
1,1000,7,GNNLXSSA,86,1688.0,238.62409216818924
1,1000,7,GNNLXSSA,87,1700.0,236.84219575594034
1,1000,7,GNNLXSSA,88,1713.0,236.29827907209255
1,1000,7,GNNLXSSA,89,1727.0,236.29827907209255
1,1000,7,GNNLXSSA,90,1741.0,235.91358161764947
1,1000,7,GNNLXSSA,91,1755.0,235.91358161764947
1,1000,7,GNNLXSSA,92,1769.0,235.91358161764947
1,1000,7,GNNLXSSA,93,1783.0,233.82958271222014
1,1000,7,GNNLXSSA,94,1797.0,233.82958271222014
1,1000,7,GNNLXSSA,95,1809.0,233.1976978619423
1,1000,7,GNNLXSSA,96,1823.0,232.8925426655478
1,1000,7,GNNLXSSA,97,1837.0,232.02246212648606
1,1000,7,GNNLXSSA,98,1851.0,232.02246212648606
1,1000,7,GNNLXSSA,99,1865.0,231.94206757540815
1,1000,7,GNNLXSSA,100,1879.0,231.28884652254783
1,1000,7,LXSSA_REPAIR,0,30.0,554.4754289041011
1,1000,7,LXSSA_REPAIR,1,90.0,448.6581706074139
1,1000,7,LXSSA_REPAIR,2,150.0,407.4381983998828
1,1000,7,LXSSA_REPAIR,3,210.0,348.20940647453244
1,1000,7,LXSSA_REPAIR,4,270.0,332.0671204134778
1,1000,7,LXSSA_REPAIR,5,330.0,326.42450136839034
1,1000,7,LXSSA_REPAIR,6,390.0,305.50732562962367
1,1000,7,LXSSA_REPAIR,7,450.0,300.56057632208103
1,1000,7,LXSSA_REPAIR,8,510.0,289.78064869056834
1,1000,7,LXSSA_REPAIR,9,570.0,284.668399455637
1,1000,7,LXSSA_REPAIR,10,630.0,283.47982356871216
1,1000,7,LXSSA_REPAIR,11,690.0,282.19766629190417
1,1000,7,LXSSA_REPAIR,12,750.0,280.3719042311059
1,1000,7,LXSSA_REPAIR,13,810.0,278.30383258286747
1,1000,7,LXSSA_REPAIR,14,870.0,272.09684170752735
1,1000,7,LXSSA_REPAIR,15,930.0,269.0621328718262
1,1000,7,LXSSA_REPAIR,16,990.0,268.4238533655953
1,1000,7,LXSSA_REPAIR,17,1050.0,267.80660311061365
1,1000,7,LXSSA_REPAIR,18,1110.0,264.32903629651264
1,1000,7,LXSSA_REPAIR,19,1170.0,249.83732045732904
1,1000,7,LXSSA_REPAIR,20,1230.0,249.83732045732904
1,1000,7,LXSSA_REPAIR,21,1290.0,246.64107724673522
1,1000,7,LXSSA_REPAIR,22,1350.0,243.42287932916952
1,1000,7,LXSSA_REPAIR,23,1410.0,243.39121629947476
1,1000,7,LXSSA_REPAIR,24,1470.0,240.66290696992655
1,1000,7,LXSSA_REPAIR,25,1530.0,240.03778399953444
1,1000,7,LXSSA_REPAIR,26,1590.0,239.61116740317084
1,1000,7,LXSSA_REPAIR,27,1650.0,237.9550331832288
1,1000,7,LXSSA_REPAIR,28,1710.0,232.8301324780332
1,1000,7,LXSSA_REPAIR,29,1770.0,231.65519204166048
1,1000,7,LXSSA_REPAIR,30,1830.0,230.6288609213152
1,1000,7,LXSSA_REPAIR,31,1890.0,229.4183439099943
1,1000,7,LXSSA_REPAIR,32,1950.0,228.16468528016412
1,1000,7,LXSSA_REPAIR,33,2010.0,224.52635826968617
1,1000,7,LXSSA_REPAIR,34,2070.0,223.60116596478474
1,1000,7,LXSSA_REPAIR,35,2130.0,221.2837971310655
1,1000,7,LXSSA_REPAIR,36,2190.0,219.98763864651846
1,1000,7,LXSSA_REPAIR,37,2250.0,219.4696121658926
1,1000,7,LXSSA_REPAIR,38,2310.0,219.41080972453346
1,1000,7,LXSSA_REPAIR,39,2370.0,217.53964309994626
1,1000,7,LXSSA_REPAIR,40,2430.0,216.02997593420878
1,1000,7,LXSSA_REPAIR,41,2490.0,215.74211237247073
1,1000,7,LXSSA_REPAIR,42,2550.0,215.33686865869095
1,1000,7,LXSSA_REPAIR,43,2610.0,215.3033039274087
1,1000,7,LXSSA_REPAIR,44,2670.0,214.67059119854093
1,1000,7,LXSSA_REPAIR,45,2730.0,212.36297294395627
1,1000,7,LXSSA_REPAIR,46,2790.0,212.11314483117167
1,1000,7,LXSSA_REPAIR,47,2850.0,211.62775190854154
1,1000,7,LXSSA_REPAIR,48,2910.0,210.09807089616515
1,1000,7,LXSSA_REPAIR,49,2970.0,209.9098655191483
1,1000,7,LXSSA_REPAIR,50,3030.0,209.74107790522976
1,1000,7,LXSSA_REPAIR,51,3090.0,209.63078040263645
1,1000,7,LXSSA_REPAIR,52,3150.0,209.3224295976106
1,1000,7,LXSSA_REPAIR,53,3210.0,209.30238955076493
1,1000,7,LXSSA_REPAIR,54,3270.0,209.27251383928524
1,1000,7,LXSSA_REPAIR,55,3330.0,209.16381285518582
1,1000,7,LXSSA_REPAIR,56,3390.0,209.08824555658066
1,1000,7,LXSSA_REPAIR,57,3450.0,208.2361860749661
1,1000,7,LXSSA_REPAIR,58,3510.0,207.6554348908394
1,1000,7,LXSSA_REPAIR,59,3570.0,207.65193847670162
1,1000,7,LXSSA_REPAIR,60,3630.0,207.57628645095974
1,1000,7,LXSSA_REPAIR,61,3690.0,207.50101620275382
1,1000,7,LXSSA_REPAIR,62,3750.0,207.47796744987136
1,1000,7,LXSSA_REPAIR,63,3810.0,207.40396825352218
1,1000,7,LXSSA_REPAIR,64,3870.0,207.40333454558277
1,1000,7,LXSSA_REPAIR,65,3930.0,207.02607990022807
1,1000,7,LXSSA_REPAIR,66,3990.0,206.85309368956223
1,1000,7,LXSSA_REPAIR,67,4050.0,206.455948001465
1,1000,7,LXSSA_REPAIR,68,4110.0,206.36808438871958
1,1000,7,LXSSA_REPAIR,69,4170.0,206.2442517320378
1,1000,7,LXSSA_REPAIR,70,4230.0,206.15907284121204
1,1000,7,LXSSA_REPAIR,71,4290.0,206.02229175206594
1,1000,7,LXSSA_REPAIR,72,4350.0,205.6223566004992
1,1000,7,LXSSA_REPAIR,73,4410.0,205.53589861326327
1,1000,7,LXSSA_REPAIR,74,4470.0,205.38672502619738
1,1000,7,LXSSA_REPAIR,75,4530.0,205.31043443238013
1,1000,7,LXSSA_REPAIR,76,4590.0,205.29718537145527
1,1000,7,LXSSA_REPAIR,77,4650.0,205.27430988181732
1,1000,7,LXSSA_REPAIR,78,4710.0,205.23187135415355
1,1000,7,LXSSA_REPAIR,79,4770.0,205.19571193547017
1,1000,7,LXSSA_REPAIR,80,4830.0,205.15758402262873
1,1000,7,LXSSA_REPAIR,81,4890.0,205.1352713836386
1,1000,7,LXSSA_REPAIR,82,4950.0,205.1182545670963
1,1000,7,LXSSA_REPAIR,83,5010.0,205.11147680879367
1,1000,7,LXSSA_REPAIR,84,5070.0,205.09798690496973
1,1000,7,LXSSA_REPAIR,85,5130.0,205.0787252162554
1,1000,7,LXSSA_REPAIR,86,5190.0,205.04031438500533
1,1000,7,LXSSA_REPAIR,87,5250.0,204.95705464977073
1,1000,7,LXSSA_REPAIR,88,5310.0,204.93219191189564
1,1000,7,LXSSA_REPAIR,89,5370.0,204.9208746214208
1,1000,7,LXSSA_REPAIR,90,5430.0,204.91570150849293
1,1000,7,LXSSA_REPAIR,91,5490.0,204.9064008188143
1,1000,7,LXSSA_REPAIR,92,5550.0,204.9026598854689
1,1000,7,LXSSA_REPAIR,93,5610.0,204.89711352034647
1,1000,7,LXSSA_REPAIR,94,5670.0,204.88993615208892
1,1000,7,LXSSA_REPAIR,95,5730.0,204.86572516849992
1,1000,7,LXSSA_REPAIR,96,5790.0,204.73472200184187
1,1000,7,LXSSA_REPAIR,97,5850.0,204.41851402444445
1,1000,7,LXSSA_REPAIR,98,5910.0,203.79860614414793
1,1000,7,LXSSA_REPAIR,99,5970.0,203.54193581505388
1,1000,7,LXSSA_REPAIR,100,6030.0,203.54153371975553
1,1000,8,GNNLXSSA,0,30.0,962.2017303741159
1,1000,8,GNNLXSSA,1,596.0,707.9636029441535
1,1000,8,GNNLXSSA,2,609.0,687.5239455716655
1,1000,8,GNNLXSSA,3,622.0,648.0074079241531
1,1000,8,GNNLXSSA,4,636.0,612.247632228653
1,1000,8,GNNLXSSA,5,650.0,589.2168392743624
1,1000,8,GNNLXSSA,6,663.0,589.2168392743624
1,1000,8,GNNLXSSA,7,677.0,577.9704854258744
1,1000,8,GNNLXSSA,8,691.0,577.9704854258744
1,1000,8,GNNLXSSA,9,705.0,572.7427627418365
1,1000,8,GNNLXSSA,10,718.0,549.9724837026006
1,1000,8,GNNLXSSA,11,731.0,549.9724837026006
1,1000,8,GNNLXSSA,12,744.0,544.7461808163207
1,1000,8,GNNLXSSA,13,758.0,541.4665323409426
1,1000,8,GNNLXSSA,14,771.0,533.2125859499938
1,1000,8,GNNLXSSA,15,785.0,524.2647190846474
1,1000,8,GNNLXSSA,16,799.0,498.68903162845527
1,1000,8,GNNLXSSA,17,812.0,492.19324779060116
1,1000,8,GNNLXSSA,18,826.0,492.19324779060116
1,1000,8,GNNLXSSA,19,840.0,492.19324779060116
1,1000,8,GNNLXSSA,20,853.0,471.90131550913065
1,1000,8,GNNLXSSA,21,866.0,471.90131550913065
1,1000,8,GNNLXSSA,22,880.0,471.90131550913065
1,1000,8,GNNLXSSA,23,894.0,471.90131550913065
1,1000,8,GNNLXSSA,24,908.0,471.90131550913065
1,1000,8,GNNLXSSA,25,920.0,460.99969617937313
1,1000,8,GNNLXSSA,26,934.0,447.60599313840794
1,1000,8,GNNLXSSA,27,948.0,447.42856273458165
1,1000,8,GNNLXSSA,28,962.0,442.0853486465203
1,1000,8,GNNLXSSA,29,976.0,442.0853486465203
1,1000,8,GNNLXSSA,30,990.0,438.3350490863668
1,1000,8,GNNLXSSA,31,1004.0,438.3350490863668
1,1000,8,GNNLXSSA,32,1018.0,431.77714779699454
1,1000,8,GNNLXSSA,33,1032.0,429.22383187040396
1,1000,8,GNNLXSSA,34,1046.0,429.22383187040396
1,1000,8,GNNLXSSA,35,1059.0,429.22383187040396
1,1000,8,GNNLXSSA,36,1072.0,429.22383187040396
1,1000,8,GNNLXSSA,37,1086.0,427.70586158654623
1,1000,8,GNNLXSSA,38,1100.0,421.7876855665818
1,1000,8,GNNLXSSA,39,1113.0,421.7876855665818
1,1000,8,GNNLXSSA,40,1127.0,421.7876855665818
1,1000,8,GNNLXSSA,41,1140.0,421.7876855665818
1,1000,8,GNNLXSSA,42,1154.0,421.7876855665818
1,1000,8,GNNLXSSA,43,1168.0,421.7876855665818
1,1000,8,GNNLXSSA,44,1182.0,421.7876855665818
1,1000,8,GNNLXSSA,45,1196.0,421.7876855665818
1,1000,8,GNNLXSSA,46,1210.0,421.7876855665818
1,1000,8,GNNLXSSA,47,1222.0,418.8123212677674
1,1000,8,GNNLXSSA,48,1236.0,413.9126855737559
1,1000,8,GNNLXSSA,49,1250.0,413.9126855737559
1,1000,8,GNNLXSSA,50,1264.0,413.9126855737559
1,1000,8,GNNLXSSA,51,1278.0,410.9413180695701
1,1000,8,GNNLXSSA,52,1292.0,400.4704334090857
1,1000,8,GNNLXSSA,53,1305.0,396.71804151759716
1,1000,8,GNNLXSSA,54,1319.0,396.71804151759716
1,1000,8,GNNLXSSA,55,1332.0,396.71804151759716
1,1000,8,GNNLXSSA,56,1346.0,395.9474924200549
1,1000,8,GNNLXSSA,57,1358.0,391.7416971563289
1,1000,8,GNNLXSSA,58,1372.0,389.68949774070643
1,1000,8,GNNLXSSA,59,1386.0,389.68949774070643
1,1000,8,GNNLXSSA,60,1400.0,380.0273113197327
1,1000,8,GNNLXSSA,61,1413.0,379.86315278551047
1,1000,8,GNNLXSSA,62,1426.0,379.86315278551047
1,1000,8,GNNLXSSA,63,1440.0,379.86315278551047
1,1000,8,GNNLXSSA,64,1454.0,378.9442975156926
1,1000,8,GNNLXSSA,65,1468.0,378.82012160646264
1,1000,8,GNNLXSSA,66,1482.0,370.5068715371308
1,1000,8,GNNLXSSA,67,1496.0,370.5068715371308
1,1000,8,GNNLXSSA,68,1510.0,370.1857896996371
1,1000,8,GNNLXSSA,69,1524.0,369.92126734845806
1,1000,8,GNNLXSSA,70,1538.0,369.92126734845806
1,1000,8,GNNLXSSA,71,1552.0,369.92126734845806
1,1000,8,GNNLXSSA,72,1566.0,369.7697731763619
1,1000,8,GNNLXSSA,73,1580.0,369.7165371532901
1,1000,8,GNNLXSSA,74,1594.0,369.7165371532901
1,1000,8,GNNLXSSA,75,1608.0,369.487299076427
1,1000,8,GNNLXSSA,76,1622.0,369.487299076427
1,1000,8,GNNLXSSA,77,1636.0,369.15278160411253
1,1000,8,GNNLXSSA,78,1649.0,369.13810461633693
1,1000,8,GNNLXSSA,79,1663.0,368.95169077362516
1,1000,8,GNNLXSSA,80,1677.0,368.8780425514269
1,1000,8,GNNLXSSA,81,1690.0,368.162483879707
1,1000,8,GNNLXSSA,82,1704.0,368.162483879707
1,1000,8,GNNLXSSA,83,1717.0,367.6208744486212
1,1000,8,GNNLXSSA,84,1731.0,367.3307823362993
1,1000,8,GNNLXSSA,85,1745.0,367.3307823362993
1,1000,8,GNNLXSSA,86,1759.0,365.3371385010105
1,1000,8,GNNLXSSA,87,1772.0,365.33556599037547
1,1000,8,GNNLXSSA,88,1786.0,365.33278050341323
1,1000,8,GNNLXSSA,89,1800.0,362.4848381148695
1,1000,8,GNNLXSSA,90,1814.0,362.459112018274
1,1000,8,GNNLXSSA,91,1828.0,362.459112018274
1,1000,8,GNNLXSSA,92,1842.0,362.1729447845137
1,1000,8,GNNLXSSA,93,1856.0,362.1729447845137
1,1000,8,GNNLXSSA,94,1869.0,362.1729447845137
1,1000,8,GNNLXSSA,95,1882.0,362.1729447845137
1,1000,8,GNNLXSSA,96,1896.0,361.25433429655095
1,1000,8,GNNLXSSA,97,1910.0,359.97975151628634
1,1000,8,GNNLXSSA,98,1923.0,359.3429316798429
1,1000,8,GNNLXSSA,99,1937.0,359.2418263758809
1,1000,8,GNNLXSSA,100,1951.0,359.21945555920684
1,1000,8,LXSSA_REPAIR,0,30.0,855.5735241306684
1,1000,8,LXSSA_REPAIR,1,90.0,694.0023674253607
1,1000,8,LXSSA_REPAIR,2,150.0,627.5689165464719
1,1000,8,LXSSA_REPAIR,3,210.0,563.3272698344954
1,1000,8,LXSSA_REPAIR,4,270.0,549.2544585430005
1,1000,8,LXSSA_REPAIR,5,330.0,529.9629080748491
1,1000,8,LXSSA_REPAIR,6,390.0,499.6626642950505
1,1000,8,LXSSA_REPAIR,7,450.0,498.1343684357853
1,1000,8,LXSSA_REPAIR,8,510.0,492.9848914735776
1,1000,8,LXSSA_REPAIR,9,570.0,473.0946180938481
1,1000,8,LXSSA_REPAIR,10,630.0,463.8148325304501
1,1000,8,LXSSA_REPAIR,11,690.0,452.54371036087105
1,1000,8,LXSSA_REPAIR,12,750.0,450.02374978360604
1,1000,8,LXSSA_REPAIR,13,810.0,440.5216273945407
1,1000,8,LXSSA_REPAIR,14,870.0,436.92419544605946
1,1000,8,LXSSA_REPAIR,15,930.0,435.3453281393595
1,1000,8,LXSSA_REPAIR,16,990.0,430.2932634008612
1,1000,8,LXSSA_REPAIR,17,1050.0,425.39949875685124
1,1000,8,LXSSA_REPAIR,18,1110.0,419.76528423948184
1,1000,8,LXSSA_REPAIR,19,1170.0,411.66850471408543
1,1000,8,LXSSA_REPAIR,20,1230.0,408.1713447348884
1,1000,8,LXSSA_REPAIR,21,1290.0,406.27491793906665
1,1000,8,LXSSA_REPAIR,22,1350.0,406.27049161787
1,1000,8,LXSSA_REPAIR,23,1410.0,403.3195162449556
1,1000,8,LXSSA_REPAIR,24,1470.0,400.0005111585997
1,1000,8,LXSSA_REPAIR,25,1530.0,399.06818916215707
1,1000,8,LXSSA_REPAIR,26,1590.0,395.74533714324934
1,1000,8,LXSSA_REPAIR,27,1650.0,388.97568811732344
1,1000,8,LXSSA_REPAIR,28,1710.0,387.58794292167295
1,1000,8,LXSSA_REPAIR,29,1770.0,387.32682174100773
1,1000,8,LXSSA_REPAIR,30,1830.0,386.68277330341516
1,1000,8,LXSSA_REPAIR,31,1890.0,386.0022576405827
1,1000,8,LXSSA_REPAIR,32,1950.0,385.66680278513377
1,1000,8,LXSSA_REPAIR,33,2010.0,384.27099686226575
1,1000,8,LXSSA_REPAIR,34,2070.0,380.6144551262769
1,1000,8,LXSSA_REPAIR,35,2130.0,379.4666792141579
1,1000,8,LXSSA_REPAIR,36,2190.0,377.6766853506051
1,1000,8,LXSSA_REPAIR,37,2250.0,376.80268113127386
1,1000,8,LXSSA_REPAIR,38,2310.0,375.15388447386795
1,1000,8,LXSSA_REPAIR,39,2370.0,372.7568868994131
1,1000,8,LXSSA_REPAIR,40,2430.0,372.415583664937
1,1000,8,LXSSA_REPAIR,41,2490.0,369.3550838739029
1,1000,8,LXSSA_REPAIR,42,2550.0,364.98808578640455
1,1000,8,LXSSA_REPAIR,43,2610.0,364.9624033805085
1,1000,8,LXSSA_REPAIR,44,2670.0,360.8312385455647
1,1000,8,LXSSA_REPAIR,45,2730.0,358.97735564452887
1,1000,8,LXSSA_REPAIR,46,2790.0,357.2743753238756
1,1000,8,LXSSA_REPAIR,47,2850.0,355.6486444357797
1,1000,8,LXSSA_REPAIR,48,2910.0,354.9273226371515
1,1000,8,LXSSA_REPAIR,49,2970.0,354.69370514532784
1,1000,8,LXSSA_REPAIR,50,3030.0,354.1426934894771
1,1000,8,LXSSA_REPAIR,51,3090.0,345.96020014595706
1,1000,8,LXSSA_REPAIR,52,3150.0,344.916443748094
1,1000,8,LXSSA_REPAIR,53,3210.0,344.325063045515
1,1000,8,LXSSA_REPAIR,54,3270.0,343.710451845247
1,1000,8,LXSSA_REPAIR,55,3330.0,343.6545468980985
1,1000,8,LXSSA_REPAIR,56,3390.0,342.7647315297072
1,1000,8,LXSSA_REPAIR,57,3450.0,342.756760644319
1,1000,8,LXSSA_REPAIR,58,3510.0,342.3858926578396
1,1000,8,LXSSA_REPAIR,59,3570.0,342.1637525859114
1,1000,8,LXSSA_REPAIR,60,3630.0,341.5078973021009
1,1000,8,LXSSA_REPAIR,61,3690.0,341.2955897510474
1,1000,8,LXSSA_REPAIR,62,3750.0,341.2509247600392
1,1000,8,LXSSA_REPAIR,63,3810.0,341.16672074675444
1,1000,8,LXSSA_REPAIR,64,3870.0,340.30757357048424
1,1000,8,LXSSA_REPAIR,65,3930.0,340.1917268708203
1,1000,8,LXSSA_REPAIR,66,3990.0,340.0832552199281
1,1000,8,LXSSA_REPAIR,67,4050.0,340.0598104775927
1,1000,8,LXSSA_REPAIR,68,4110.0,339.6349842939817
1,1000,8,LXSSA_REPAIR,69,4170.0,339.17096881516045
1,1000,8,LXSSA_REPAIR,70,4230.0,339.0614603863505
1,1000,8,LXSSA_REPAIR,71,4290.0,338.98262318399065
1,1000,8,LXSSA_REPAIR,72,4350.0,338.9389654996994
1,1000,8,LXSSA_REPAIR,73,4410.0,338.8694644995412
1,1000,8,LXSSA_REPAIR,74,4470.0,338.8394758986251
1,1000,8,LXSSA_REPAIR,75,4530.0,338.78986057217116
1,1000,8,LXSSA_REPAIR,76,4590.0,338.66962756047724
1,1000,8,LXSSA_REPAIR,77,4650.0,338.6244867375208
1,1000,8,LXSSA_REPAIR,78,4710.0,338.6056505624874
1,1000,8,LXSSA_REPAIR,79,4770.0,338.5903989302533
1,1000,8,LXSSA_REPAIR,80,4830.0,338.556809730384
1,1000,8,LXSSA_REPAIR,81,4890.0,338.52340914378146
1,1000,8,LXSSA_REPAIR,82,4950.0,338.47329355619877
1,1000,8,LXSSA_REPAIR,83,5010.0,338.4624816840078
1,1000,8,LXSSA_REPAIR,84,5070.0,338.44954538944876
1,1000,8,LXSSA_REPAIR,85,5130.0,338.42117202362715
1,1000,8,LXSSA_REPAIR,86,5190.0,338.40812045030907
1,1000,8,LXSSA_REPAIR,87,5250.0,338.3784936193624
1,1000,8,LXSSA_REPAIR,88,5310.0,338.3421484459177
1,1000,8,LXSSA_REPAIR,89,5370.0,338.29815324937226
1,1000,8,LXSSA_REPAIR,90,5430.0,338.29700391873484
1,1000,8,LXSSA_REPAIR,91,5490.0,338.29231023784087
1,1000,8,LXSSA_REPAIR,92,5550.0,338.27471677060385
1,1000,8,LXSSA_REPAIR,93,5610.0,338.2469071519736
1,1000,8,LXSSA_REPAIR,94,5670.0,338.2107060828275
1,1000,8,LXSSA_REPAIR,95,5730.0,338.189367275525
1,1000,8,LXSSA_REPAIR,96,5790.0,338.1642834059021
1,1000,8,LXSSA_REPAIR,97,5850.0,338.08577968816826
1,1000,8,LXSSA_REPAIR,98,5910.0,338.05001869105035
1,1000,8,LXSSA_REPAIR,99,5970.0,338.0248450071813
1,1000,8,LXSSA_REPAIR,100,6030.0,337.99734216182696
1,1000,9,GNNLXSSA,0,30.0,1422.9222322765054
1,1000,9,GNNLXSSA,1,660.0,1144.4481089305555
1,1000,9,GNNLXSSA,2,673.0,1072.1426610267517
1,1000,9,GNNLXSSA,3,687.0,1007.7376498745652
1,1000,9,GNNLXSSA,4,700.0,977.8960909255766
1,1000,9,GNNLXSSA,5,713.0,953.4053983546037
1,1000,9,GNNLXSSA,6,726.0,920.8973610059329
1,1000,9,GNNLXSSA,7,738.0,892.228334575906
1,1000,9,GNNLXSSA,8,752.0,878.6319418924031
1,1000,9,GNNLXSSA,9,765.0,865.4257419158675
1,1000,9,GNNLXSSA,10,779.0,855.6020283880935
1,1000,9,GNNLXSSA,11,792.0,847.3641705569025
1,1000,9,GNNLXSSA,12,805.0,847.3641705569025
1,1000,9,GNNLXSSA,13,819.0,819.9914372609855
1,1000,9,GNNLXSSA,14,833.0,819.9914372609855
1,1000,9,GNNLXSSA,15,847.0,805.1702751169505
1,1000,9,GNNLXSSA,16,861.0,799.5192980406864
1,1000,9,GNNLXSSA,17,874.0,786.5677101157999
1,1000,9,GNNLXSSA,18,887.0,786.5677101157999
1,1000,9,GNNLXSSA,19,900.0,771.4185293185365
1,1000,9,GNNLXSSA,20,913.0,771.4185293185365
1,1000,9,GNNLXSSA,21,927.0,768.588050046943
1,1000,9,GNNLXSSA,22,940.0,768.588050046943
1,1000,9,GNNLXSSA,23,953.0,768.588050046943
1,1000,9,GNNLXSSA,24,966.0,768.588050046943
1,1000,9,GNNLXSSA,25,980.0,768.588050046943
1,1000,9,GNNLXSSA,26,994.0,759.2969112908031
1,1000,9,GNNLXSSA,27,1008.0,753.9250901027845
1,1000,9,GNNLXSSA,28,1022.0,753.9250901027845
1,1000,9,GNNLXSSA,29,1036.0,753.9250901027845
1,1000,9,GNNLXSSA,30,1048.0,745.1438173318966
1,1000,9,GNNLXSSA,31,1062.0,745.1438173318966
1,1000,9,GNNLXSSA,32,1076.0,745.1438173318966
1,1000,9,GNNLXSSA,33,1089.0,732.9067810718843
1,1000,9,GNNLXSSA,34,1103.0,732.9067810718843
1,1000,9,GNNLXSSA,35,1116.0,732.9067810718843
1,1000,9,GNNLXSSA,36,1130.0,732.9067810718843
1,1000,9,GNNLXSSA,37,1143.0,713.3505330721309
1,1000,9,GNNLXSSA,38,1157.0,707.7064803393732
1,1000,9,GNNLXSSA,39,1171.0,707.7064803393732
1,1000,9,GNNLXSSA,40,1184.0,707.7064803393732
1,1000,9,GNNLXSSA,41,1198.0,707.7064803393732
1,1000,9,GNNLXSSA,42,1211.0,707.7064803393732
1,1000,9,GNNLXSSA,43,1225.0,707.7064803393732
1,1000,9,GNNLXSSA,44,1239.0,707.7064803393732
1,1000,9,GNNLXSSA,45,1252.0,706.55944655036
1,1000,9,GNNLXSSA,46,1266.0,706.55944655036
1,1000,9,GNNLXSSA,47,1278.0,706.55944655036
1,1000,9,GNNLXSSA,48,1291.0,706.55944655036
1,1000,9,GNNLXSSA,49,1305.0,706.55944655036
1,1000,9,GNNLXSSA,50,1319.0,706.55944655036
1,1000,9,GNNLXSSA,51,1333.0,677.1246916745731
1,1000,9,GNNLXSSA,52,1346.0,677.1246916745731
1,1000,9,GNNLXSSA,53,1360.0,677.1246916745731
1,1000,9,GNNLXSSA,54,1374.0,677.1246916745731
1,1000,9,GNNLXSSA,55,1388.0,672.1865577687277
1,1000,9,GNNLXSSA,56,1402.0,672.1865577687277
1,1000,9,GNNLXSSA,57,1416.0,667.8783539560973
1,1000,9,GNNLXSSA,58,1430.0,664.6328868805358
1,1000,9,GNNLXSSA,59,1444.0,664.6328868805358
1,1000,9,GNNLXSSA,60,1458.0,664.6328868805358
1,1000,9,GNNLXSSA,61,1471.0,663.5521523167918
1,1000,9,GNNLXSSA,62,1484.0,663.5521523167918
1,1000,9,GNNLXSSA,63,1497.0,658.8239250933984
1,1000,9,GNNLXSSA,64,1510.0,658.8239250933984
1,1000,9,GNNLXSSA,65,1524.0,658.8239250933984
1,1000,9,GNNLXSSA,66,1537.0,658.8239250933984
1,1000,9,GNNLXSSA,67,1551.0,658.8239250933984
1,1000,9,GNNLXSSA,68,1565.0,658.8239250933984
1,1000,9,GNNLXSSA,69,1578.0,658.8239250933984
1,1000,9,GNNLXSSA,70,1592.0,654.1826607192488
1,1000,9,GNNLXSSA,71,1606.0,654.1826607192488
1,1000,9,GNNLXSSA,72,1620.0,654.1826607192488
1,1000,9,GNNLXSSA,73,1632.0,654.1826607192488
1,1000,9,GNNLXSSA,74,1646.0,654.1826607192488
1,1000,9,GNNLXSSA,75,1660.0,653.9208186404285
1,1000,9,GNNLXSSA,76,1674.0,653.9208186404285
1,1000,9,GNNLXSSA,77,1688.0,653.9206926860134
1,1000,9,GNNLXSSA,78,1702.0,653.8664136535226
1,1000,9,GNNLXSSA,79,1716.0,653.8664136535226
1,1000,9,GNNLXSSA,80,1729.0,653.8664136535226
1,1000,9,GNNLXSSA,81,1743.0,653.8664136535226
1,1000,9,GNNLXSSA,82,1757.0,653.8664136535226
1,1000,9,GNNLXSSA,83,1771.0,653.8664136535226
1,1000,9,GNNLXSSA,84,1785.0,653.8294678243328
1,1000,9,GNNLXSSA,85,1799.0,653.8294678243328
1,1000,9,GNNLXSSA,86,1812.0,647.7066665877283
1,1000,9,GNNLXSSA,87,1825.0,647.7066665877283
1,1000,9,GNNLXSSA,88,1839.0,647.7066665877283
1,1000,9,GNNLXSSA,89,1853.0,647.7066665877283
1,1000,9,GNNLXSSA,90,1867.0,647.7066665877283
1,1000,9,GNNLXSSA,91,1881.0,647.7066665877283
1,1000,9,GNNLXSSA,92,1895.0,647.7066665877283
1,1000,9,GNNLXSSA,93,1909.0,647.7066665877283
1,1000,9,GNNLXSSA,94,1923.0,647.6572290822005
1,1000,9,GNNLXSSA,95,1936.0,646.8799531947006
1,1000,9,GNNLXSSA,96,1950.0,646.8799531947006
1,1000,9,GNNLXSSA,97,1962.0,643.5591264357718
1,1000,9,GNNLXSSA,98,1976.0,643.5591264357718
1,1000,9,GNNLXSSA,99,1990.0,643.413131793277
1,1000,9,GNNLXSSA,100,2004.0,643.3542396657795
1,1000,9,LXSSA_REPAIR,0,30.0,1361.2228767067136
1,1000,9,LXSSA_REPAIR,1,90.0,1087.0537997622669
1,1000,9,LXSSA_REPAIR,2,150.0,1010.0515200768132
1,1000,9,LXSSA_REPAIR,3,210.0,850.5717126533709
1,1000,9,LXSSA_REPAIR,4,270.0,814.715984782757
1,1000,9,LXSSA_REPAIR,5,330.0,797.7622720578729
1,1000,9,LXSSA_REPAIR,6,390.0,760.3124341857183
1,1000,9,LXSSA_REPAIR,7,450.0,743.1978218729128
1,1000,9,LXSSA_REPAIR,8,510.0,724.179327549813
1,1000,9,LXSSA_REPAIR,9,570.0,723.5175335346066
1,1000,9,LXSSA_REPAIR,10,630.0,702.4091386152431
1,1000,9,LXSSA_REPAIR,11,690.0,681.1545486355026
1,1000,9,LXSSA_REPAIR,12,750.0,675.3449086870387
1,1000,9,LXSSA_REPAIR,13,810.0,654.6126482318941
1,1000,9,LXSSA_REPAIR,14,870.0,647.3653530197917
1,1000,9,LXSSA_REPAIR,15,930.0,642.7767081582788
1,1000,9,LXSSA_REPAIR,16,990.0,633.661601069296
1,1000,9,LXSSA_REPAIR,17,1050.0,628.6202881684003
1,1000,9,LXSSA_REPAIR,18,1110.0,619.1071693179765
1,1000,9,LXSSA_REPAIR,19,1170.0,613.4261428082464
1,1000,9,LXSSA_REPAIR,20,1230.0,607.123648790388
1,1000,9,LXSSA_REPAIR,21,1290.0,605.2414774296631
1,1000,9,LXSSA_REPAIR,22,1350.0,603.8607838227545
1,1000,9,LXSSA_REPAIR,23,1410.0,603.5852511923367
1,1000,9,LXSSA_REPAIR,24,1470.0,596.2588003225392
1,1000,9,LXSSA_REPAIR,25,1530.0,596.1574981111044
1,1000,9,LXSSA_REPAIR,26,1590.0,586.4985856012208
1,1000,9,LXSSA_REPAIR,27,1650.0,584.3981019046987
1,1000,9,LXSSA_REPAIR,28,1710.0,583.7995018691581
1,1000,9,LXSSA_REPAIR,29,1770.0,580.7235554269791
1,1000,9,LXSSA_REPAIR,30,1830.0,579.5379032226265
1,1000,9,LXSSA_REPAIR,31,1890.0,565.7718622135726
1,1000,9,LXSSA_REPAIR,32,1950.0,560.357691341138
1,1000,9,LXSSA_REPAIR,33,2010.0,558.8275587372918
1,1000,9,LXSSA_REPAIR,34,2070.0,556.8441315127639
1,1000,9,LXSSA_REPAIR,35,2130.0,554.0673778023047
1,1000,9,LXSSA_REPAIR,36,2190.0,553.1622455863471
1,1000,9,LXSSA_REPAIR,37,2250.0,550.3517930910384
1,1000,9,LXSSA_REPAIR,38,2310.0,549.3534165743185
1,1000,9,LXSSA_REPAIR,39,2370.0,549.0132948561804
1,1000,9,LXSSA_REPAIR,40,2430.0,547.9431119162182
1,1000,9,LXSSA_REPAIR,41,2490.0,546.6300518450953
1,1000,9,LXSSA_REPAIR,42,2550.0,545.2782197498964
1,1000,9,LXSSA_REPAIR,43,2610.0,544.484847078922
1,1000,9,LXSSA_REPAIR,44,2670.0,542.1345109924732
1,1000,9,LXSSA_REPAIR,45,2730.0,534.2793716099186
1,1000,9,LXSSA_REPAIR,46,2790.0,532.1346335782291
1,1000,9,LXSSA_REPAIR,47,2850.0,530.5306587391678
1,1000,9,LXSSA_REPAIR,48,2910.0,529.8221314644907
1,1000,9,LXSSA_REPAIR,49,2970.0,527.3260708805828
1,1000,9,LXSSA_REPAIR,50,3030.0,522.5644409073648
1,1000,9,LXSSA_REPAIR,51,3090.0,522.4373148298182
1,1000,9,LXSSA_REPAIR,52,3150.0,520.7328235793175
1,1000,9,LXSSA_REPAIR,53,3210.0,514.2814658469506
1,1000,9,LXSSA_REPAIR,54,3270.0,504.14507243082335
1,1000,9,LXSSA_REPAIR,55,3330.0,503.3369046050284
1,1000,9,LXSSA_REPAIR,56,3390.0,502.45051235605933
1,1000,9,LXSSA_REPAIR,57,3450.0,502.06386213759106
1,1000,9,LXSSA_REPAIR,58,3510.0,501.495214434246
1,1000,9,LXSSA_REPAIR,59,3570.0,499.85850757369917
1,1000,9,LXSSA_REPAIR,60,3630.0,498.8230539757642
1,1000,9,LXSSA_REPAIR,61,3690.0,497.7247320056267
1,1000,9,LXSSA_REPAIR,62,3750.0,495.91109559826145
1,1000,9,LXSSA_REPAIR,63,3810.0,494.32761392334214
1,1000,9,LXSSA_REPAIR,64,3870.0,493.4258270969076
1,1000,9,LXSSA_REPAIR,65,3930.0,492.9168457600099
1,1000,9,LXSSA_REPAIR,66,3990.0,492.48490866823704
1,1000,9,LXSSA_REPAIR,67,4050.0,489.5791938510738
1,1000,9,LXSSA_REPAIR,68,4110.0,486.46238680490205
1,1000,9,LXSSA_REPAIR,69,4170.0,483.5838480930397
1,1000,9,LXSSA_REPAIR,70,4230.0,483.24208965100115
1,1000,9,LXSSA_REPAIR,71,4290.0,482.9565179029378
1,1000,9,LXSSA_REPAIR,72,4350.0,482.6651225194364
1,1000,9,LXSSA_REPAIR,73,4410.0,482.034027852249
1,1000,9,LXSSA_REPAIR,74,4470.0,481.3412913680295
1,1000,9,LXSSA_REPAIR,75,4530.0,481.2069617923553
1,1000,9,LXSSA_REPAIR,76,4590.0,480.86754533138446
1,1000,9,LXSSA_REPAIR,77,4650.0,480.53272906170605
1,1000,9,LXSSA_REPAIR,78,4710.0,479.5455441824233
1,1000,9,LXSSA_REPAIR,79,4770.0,478.4386559073246
1,1000,9,LXSSA_REPAIR,80,4830.0,478.05868072803423
1,1000,9,LXSSA_REPAIR,81,4890.0,478.0016365590418
1,1000,9,LXSSA_REPAIR,82,4950.0,477.92412583210535
1,1000,9,LXSSA_REPAIR,83,5010.0,477.8336804032733
1,1000,9,LXSSA_REPAIR,84,5070.0,477.6734127989257
1,1000,9,LXSSA_REPAIR,85,5130.0,477.5572327991322
1,1000,9,LXSSA_REPAIR,86,5190.0,477.147457414947
1,1000,9,LXSSA_REPAIR,87,5250.0,477.05541151805664
1,1000,9,LXSSA_REPAIR,88,5310.0,476.83612782329146
1,1000,9,LXSSA_REPAIR,89,5370.0,476.66008822874574
1,1000,9,LXSSA_REPAIR,90,5430.0,476.5871606194487
1,1000,9,LXSSA_REPAIR,91,5490.0,476.5652385545909
1,1000,9,LXSSA_REPAIR,92,5550.0,476.5615167549622
1,1000,9,LXSSA_REPAIR,93,5610.0,476.5494711033316
1,1000,9,LXSSA_REPAIR,94,5670.0,476.53502514894353
1,1000,9,LXSSA_REPAIR,95,5730.0,476.5246566227579
1,1000,9,LXSSA_REPAIR,96,5790.0,476.52237476689334
1,1000,9,LXSSA_REPAIR,97,5850.0,476.5158294106077
1,1000,9,LXSSA_REPAIR,98,5910.0,476.50534222109127
1,1000,9,LXSSA_REPAIR,99,5970.0,476.4841692872069
1,1000,9,LXSSA_REPAIR,100,6030.0,476.4753281883168
1,500,10,GNNLXSSA,0,30.0,3894.1491560152353
1,500,10,GNNLXSSA,1,724.0,3224.812886781365
1,500,10,GNNLXSSA,2,737.0,3192.180290559205
1,500,10,GNNLXSSA,3,750.0,3192.180290559205
1,500,10,GNNLXSSA,4,764.0,3192.180290559205
1,500,10,GNNLXSSA,5,778.0,3192.180290559205
1,500,10,GNNLXSSA,6,792.0,3192.180290559205
1,500,10,GNNLXSSA,7,806.0,3192.180290559205
1,500,10,GNNLXSSA,8,820.0,3192.180290559205
1,500,10,GNNLXSSA,9,833.0,3192.180290559205
1,500,10,GNNLXSSA,10,847.0,3192.180290559205
1,500,10,GNNLXSSA,11,861.0,3192.180290559205
1,500,10,GNNLXSSA,12,874.0,3192.180290559205
1,500,10,GNNLXSSA,13,888.0,3192.180290559205
1,500,10,GNNLXSSA,14,902.0,3192.180290559205
1,500,10,GNNLXSSA,15,916.0,3180.0034669959714
1,500,10,GNNLXSSA,16,930.0,3142.654181168662
1,500,10,GNNLXSSA,17,943.0,3142.654181168662
1,500,10,GNNLXSSA,18,956.0,3142.654181168662
1,500,10,GNNLXSSA,19,970.0,3142.654181168662
1,500,10,GNNLXSSA,20,983.0,3142.654181168662
1,500,10,GNNLXSSA,21,997.0,3076.3337960418285
1,500,10,GNNLXSSA,22,1010.0,3076.3337960418285
1,500,10,GNNLXSSA,23,1023.0,3043.1205277543922
1,500,10,GNNLXSSA,24,1037.0,2931.7218577294843
1,500,10,GNNLXSSA,25,1050.0,2927.4306883135578
1,500,10,GNNLXSSA,26,1063.0,2849.738989829202
1,500,10,GNNLXSSA,27,1077.0,2849.738989829202
1,500,10,GNNLXSSA,28,1089.0,2849.738989829202
1,500,10,GNNLXSSA,29,1103.0,2849.738989829202
1,500,10,GNNLXSSA,30,1117.0,2849.738989829202
1,500,10,GNNLXSSA,31,1131.0,2849.738989829202
1,500,10,GNNLXSSA,32,1145.0,2849.738989829202
1,500,10,GNNLXSSA,33,1159.0,2835.178797622226
1,500,10,GNNLXSSA,34,1172.0,2835.178797622226
1,500,10,GNNLXSSA,35,1185.0,2835.178797622226
1,500,10,GNNLXSSA,36,1199.0,2835.178797622226
1,500,10,GNNLXSSA,37,1212.0,2835.178797622226
1,500,10,GNNLXSSA,38,1226.0,2835.178797622226
1,500,10,GNNLXSSA,39,1240.0,2835.178797622226
1,500,10,GNNLXSSA,40,1254.0,2835.178797622226
1,500,10,GNNLXSSA,41,1268.0,2830.24577791545
1,500,10,GNNLXSSA,42,1281.0,2792.4625539131957
1,500,10,GNNLXSSA,43,1295.0,2756.6292831210303
1,500,10,GNNLXSSA,44,1308.0,2756.6292831210303
1,500,10,GNNLXSSA,45,1322.0,2752.6259990907856
1,500,10,GNNLXSSA,46,1336.0,2751.7781011228217
1,500,10,GNNLXSSA,47,1350.0,2722.5701874117076
1,500,10,GNNLXSSA,48,1364.0,2712.288178185292
1,500,10,GNNLXSSA,49,1377.0,2712.198205847759
1,500,10,GNNLXSSA,50,1390.0,2702.0355170739203
1,500,10,GNNLXSSA,51,1404.0,2671.9538175286143
1,500,10,GNNLXSSA,52,1418.0,2671.9538175286143
1,500,10,GNNLXSSA,53,1431.0,2671.9538175286143
1,500,10,GNNLXSSA,54,1444.0,2649.694220158519
1,500,10,GNNLXSSA,55,1458.0,2649.694220158519
1,500,10,GNNLXSSA,56,1471.0,2642.22987631915
1,500,10,GNNLXSSA,57,1484.0,2642.22987631915
1,500,10,GNNLXSSA,58,1498.0,2634.336483565625
1,500,10,GNNLXSSA,59,1511.0,2634.336483565625
1,500,10,GNNLXSSA,60,1525.0,2634.336483565625
1,500,10,GNNLXSSA,61,1539.0,2634.336483565625
1,500,10,GNNLXSSA,62,1553.0,2634.336483565625
1,500,10,GNNLXSSA,63,1567.0,2632.5889649120363
1,500,10,GNNLXSSA,64,1581.0,2632.5889649120363
1,500,10,GNNLXSSA,65,1595.0,2629.9231705211714
1,500,10,GNNLXSSA,66,1609.0,2625.805610766096
1,500,10,GNNLXSSA,67,1622.0,2625.805610766096
1,500,10,GNNLXSSA,68,1636.0,2625.805610766096
1,500,10,GNNLXSSA,69,1650.0,2619.08031596418
1,500,10,GNNLXSSA,70,1663.0,2619.08031596418
1,500,10,GNNLXSSA,71,1677.0,2618.7063171170303
1,500,10,GNNLXSSA,72,1691.0,2618.372967430332
1,500,10,GNNLXSSA,73,1705.0,2617.505411878956
1,500,10,GNNLXSSA,74,1719.0,2616.8003186665446
1,500,10,GNNLXSSA,75,1732.0,2616.8003186665446
1,500,10,GNNLXSSA,76,1745.0,2616.132965617435
1,500,10,GNNLXSSA,77,1759.0,2614.791866503583
1,500,10,GNNLXSSA,78,1772.0,2614.2335523255315
1,500,10,GNNLXSSA,79,1785.0,2614.2335523255315
1,500,10,GNNLXSSA,80,1799.0,2614.2335523255315
1,500,10,GNNLXSSA,81,1813.0,2605.613061702723
1,500,10,GNNLXSSA,82,1825.0,2605.613061702723
1,500,10,GNNLXSSA,83,1839.0,2605.613061702723
1,500,10,GNNLXSSA,84,1853.0,2605.613061702723
1,500,10,GNNLXSSA,85,1867.0,2600.0408053098217
1,500,10,GNNLXSSA,86,1881.0,2599.9563903385133
1,500,10,GNNLXSSA,87,1895.0,2599.9563903385133
1,500,10,GNNLXSSA,88,1908.0,2577.6918311441987
1,500,10,GNNLXSSA,89,1921.0,2570.5494314571115
1,500,10,GNNLXSSA,90,1934.0,2567.108770619976
1,500,10,GNNLXSSA,91,1947.0,2558.469419187153
1,500,10,GNNLXSSA,92,1961.0,2558.469419187153
1,500,10,GNNLXSSA,93,1975.0,2558.469419187153
1,500,10,GNNLXSSA,94,1988.0,2558.469419187153
1,500,10,GNNLXSSA,95,2002.0,2558.469419187153
1,500,10,GNNLXSSA,96,2016.0,2557.8754534629406
1,500,10,GNNLXSSA,97,2029.0,2557.8754534629406
1,500,10,GNNLXSSA,98,2042.0,2557.690677762497
1,500,10,GNNLXSSA,99,2056.0,2557.690677762497
1,500,10,GNNLXSSA,100,2070.0,2557.0317347170057
1,500,10,LXSSA_REPAIR,0,30.0,3275.589478486261
1,500,10,LXSSA_REPAIR,1,90.0,3180.1735831385304
1,500,10,LXSSA_REPAIR,2,150.0,3072.3321952067054
1,500,10,LXSSA_REPAIR,3,210.0,2980.1265396301314
1,500,10,LXSSA_REPAIR,4,270.0,2881.7161645266606
1,500,10,LXSSA_REPAIR,5,330.0,2831.9665879468957
1,500,10,LXSSA_REPAIR,6,390.0,2799.2170395746507
1,500,10,LXSSA_REPAIR,7,450.0,2775.991592268372
1,500,10,LXSSA_REPAIR,8,510.0,2728.745201542959
1,500,10,LXSSA_REPAIR,9,570.0,2714.6512989854236
1,500,10,LXSSA_REPAIR,10,630.0,2709.6282740586903
1,500,10,LXSSA_REPAIR,11,690.0,2651.954878967168
1,500,10,LXSSA_REPAIR,12,750.0,2636.386215109291
1,500,10,LXSSA_REPAIR,13,810.0,2635.7566512651683
1,500,10,LXSSA_REPAIR,14,870.0,2633.284115094255
1,500,10,LXSSA_REPAIR,15,930.0,2625.9229574734927
1,500,10,LXSSA_REPAIR,16,990.0,2599.4093348522147
1,500,10,LXSSA_REPAIR,17,1050.0,2597.7445890125673
1,500,10,LXSSA_REPAIR,18,1110.0,2575.107672764425
1,500,10,LXSSA_REPAIR,19,1170.0,2568.6302677667845
1,500,10,LXSSA_REPAIR,20,1230.0,2567.337472007246
1,500,10,LXSSA_REPAIR,21,1290.0,2553.899871777103
1,500,10,LXSSA_REPAIR,22,1350.0,2553.448489898641
1,500,10,LXSSA_REPAIR,23,1410.0,2550.8107019757153
1,500,10,LXSSA_REPAIR,24,1470.0,2549.087364541396
1,500,10,LXSSA_REPAIR,25,1530.0,2536.672664052996
1,500,10,LXSSA_REPAIR,26,1590.0,2526.1191905727173
1,500,10,LXSSA_REPAIR,27,1650.0,2523.5946946854383
1,500,10,LXSSA_REPAIR,28,1710.0,2521.982403308255
1,500,10,LXSSA_REPAIR,29,1770.0,2517.877132226873
1,500,10,LXSSA_REPAIR,30,1830.0,2496.765273697092
1,500,10,LXSSA_REPAIR,31,1890.0,2494.946937531713
1,500,10,LXSSA_REPAIR,32,1950.0,2494.664324321682
1,500,10,LXSSA_REPAIR,33,2010.0,2481.8425659373897
1,500,10,LXSSA_REPAIR,34,2070.0,2478.3699127599975
1,500,10,LXSSA_REPAIR,35,2130.0,2472.9241388496594
1,500,10,LXSSA_REPAIR,36,2190.0,2472.2803161678894
1,500,10,LXSSA_REPAIR,37,2250.0,2469.846766686911
1,500,10,LXSSA_REPAIR,38,2310.0,2449.6102244532376
1,500,10,LXSSA_REPAIR,39,2370.0,2446.3229911244125
1,500,10,LXSSA_REPAIR,40,2430.0,2444.8887911591446
1,500,10,LXSSA_REPAIR,41,2490.0,2443.955953962344
1,500,10,LXSSA_REPAIR,42,2550.0,2436.21479770774
1,500,10,LXSSA_REPAIR,43,2610.0,2435.5615590504603
1,500,10,LXSSA_REPAIR,44,2670.0,2431.6050511125504
1,500,10,LXSSA_REPAIR,45,2730.0,2429.038917599697
1,500,10,LXSSA_REPAIR,46,2790.0,2424.75598839295
1,500,10,LXSSA_REPAIR,47,2850.0,2421.6996744148055
1,500,10,LXSSA_REPAIR,48,2910.0,2418.0417410221708
1,500,10,LXSSA_REPAIR,49,2970.0,2416.6161423677986
1,500,10,LXSSA_REPAIR,50,3030.0,2416.088943642957
1,500,10,LXSSA_REPAIR,51,3090.0,2407.8922617485077
1,500,10,LXSSA_REPAIR,52,3150.0,2404.680821173082
1,500,10,LXSSA_REPAIR,53,3210.0,2404.0677558324387
1,500,10,LXSSA_REPAIR,54,3270.0,2401.5177772575407
1,500,10,LXSSA_REPAIR,55,3330.0,2398.9954724503186
1,500,10,LXSSA_REPAIR,56,3390.0,2395.5559886863193
1,500,10,LXSSA_REPAIR,57,3450.0,2393.9351924279763
1,500,10,LXSSA_REPAIR,58,3510.0,2393.1836789994413
1,500,10,LXSSA_REPAIR,59,3570.0,2391.8238966931676
1,500,10,LXSSA_REPAIR,60,3630.0,2388.1694447261107
1,500,10,LXSSA_REPAIR,61,3690.0,2383.63961641083
1,500,10,LXSSA_REPAIR,62,3750.0,2383.6308721397945
1,500,10,LXSSA_REPAIR,63,3810.0,2382.9100936092145
1,500,10,LXSSA_REPAIR,64,3870.0,2379.5711565587117
1,500,10,LXSSA_REPAIR,65,3930.0,2378.0891022395663
1,500,10,LXSSA_REPAIR,66,3990.0,2376.4783114526945
1,500,10,LXSSA_REPAIR,67,4050.0,2375.8789820062084
1,500,10,LXSSA_REPAIR,68,4110.0,2373.7613533709664
1,500,10,LXSSA_REPAIR,69,4170.0,2371.329183092981
1,500,10,LXSSA_REPAIR,70,4230.0,2367.295555121804
1,500,10,LXSSA_REPAIR,71,4290.0,2362.593494909568
1,500,10,LXSSA_REPAIR,72,4350.0,2357.233162105462
1,500,10,LXSSA_REPAIR,73,4410.0,2354.5327467873576
1,500,10,LXSSA_REPAIR,74,4470.0,2351.921704970635
1,500,10,LXSSA_REPAIR,75,4530.0,2348.8298773675197
1,500,10,LXSSA_REPAIR,76,4590.0,2346.4639472954004
1,500,10,LXSSA_REPAIR,77,4650.0,2344.272387950492
1,500,10,LXSSA_REPAIR,78,4710.0,2341.524019226985
1,500,10,LXSSA_REPAIR,79,4770.0,2340.8753019091528
1,500,10,LXSSA_REPAIR,80,4830.0,2340.63752995056
1,500,10,LXSSA_REPAIR,81,4890.0,2340.0406505947612
1,500,10,LXSSA_REPAIR,82,4950.0,2338.3696686598123
1,500,10,LXSSA_REPAIR,83,5010.0,2337.063107409849
1,500,10,LXSSA_REPAIR,84,5070.0,2337.0402491179557
1,500,10,LXSSA_REPAIR,85,5130.0,2336.992915565541
1,500,10,LXSSA_REPAIR,86,5190.0,2336.879203485383
1,500,10,LXSSA_REPAIR,87,5250.0,2336.721113197491
1,500,10,LXSSA_REPAIR,88,5310.0,2336.21301867938
1,500,10,LXSSA_REPAIR,89,5370.0,2335.209597418405
1,500,10,LXSSA_REPAIR,90,5430.0,2335.137393589801
1,500,10,LXSSA_REPAIR,91,5490.0,2335.0620059389184
1,500,10,LXSSA_REPAIR,92,5550.0,2335.023705019994
1,500,10,LXSSA_REPAIR,93,5610.0,2334.9997305081197
1,500,10,LXSSA_REPAIR,94,5670.0,2334.9313684266526
1,500,10,LXSSA_REPAIR,95,5730.0,2334.91789701207
1,500,10,LXSSA_REPAIR,96,5790.0,2334.91069003375
1,500,10,LXSSA_REPAIR,97,5850.0,2334.898994982097
1,500,10,LXSSA_REPAIR,98,5910.0,2334.8948520315316
1,500,10,LXSSA_REPAIR,99,5970.0,2334.886809884527
1,500,10,LXSSA_REPAIR,100,6030.0,2334.8670826740417
1,500,2,GNNLXSSA,0,30.0,6.607992350407585
1,500,2,GNNLXSSA,1,212.0,3.543913915187659
1,500,2,GNNLXSSA,2,225.0,3.450322869401134
1,500,2,GNNLXSSA,3,238.0,3.0601337086009153
1,500,2,GNNLXSSA,4,251.0,3.0601337086009153
1,500,2,GNNLXSSA,5,265.0,2.7490962834908714
1,500,2,GNNLXSSA,6,279.0,2.6014930590845324
1,500,2,GNNLXSSA,7,292.0,2.4634019412387715
1,500,2,GNNLXSSA,8,305.0,2.4634019412387715
1,500,2,GNNLXSSA,9,318.0,2.404084936644722
1,500,2,GNNLXSSA,10,331.0,2.3739683708772645
1,500,2,GNNLXSSA,11,344.0,2.2072903694242996
1,500,2,GNNLXSSA,12,356.0,2.1476846925543214
1,500,2,GNNLXSSA,13,370.0,2.1476846925543214
1,500,2,GNNLXSSA,14,384.0,2.028808134926294
1,500,2,GNNLXSSA,15,397.0,1.9416537724246155
1,500,2,GNNLXSSA,16,411.0,1.9416537724246155
1,500,2,GNNLXSSA,17,423.0,1.9190339026517904
1,500,2,GNNLXSSA,18,437.0,1.9190339026517904
1,500,2,GNNLXSSA,19,451.0,1.9190339026517904
1,500,2,GNNLXSSA,20,463.0,1.8299301513088722
1,500,2,GNNLXSSA,21,476.0,1.8299301513088722
1,500,2,GNNLXSSA,22,489.0,1.7904884235231293
1,500,2,GNNLXSSA,23,502.0,1.7904884235231293
1,500,2,GNNLXSSA,24,515.0,1.7863018107236712
1,500,2,GNNLXSSA,25,528.0,1.7834581156330387
1,500,2,GNNLXSSA,26,541.0,1.7834581156330387
1,500,2,GNNLXSSA,27,554.0,1.6886480019675219
1,500,2,GNNLXSSA,28,567.0,1.6631487415907031
1,500,2,GNNLXSSA,29,581.0,1.662929303238343
1,500,2,GNNLXSSA,30,594.0,1.662929303238343
1,500,2,GNNLXSSA,31,608.0,1.6521804253279697
1,500,2,GNNLXSSA,32,622.0,1.6515075149982295
1,500,2,GNNLXSSA,33,634.0,1.6515075149982295
1,500,2,GNNLXSSA,34,647.0,1.6512130408154917
1,500,2,GNNLXSSA,35,661.0,1.6512130408154917
1,500,2,GNNLXSSA,36,675.0,1.6512130408154917
1,500,2,GNNLXSSA,37,689.0,1.6512130408154917
1,500,2,GNNLXSSA,38,703.0,1.6512130408154917
1,500,2,GNNLXSSA,39,716.0,1.6462096829200163
1,500,2,GNNLXSSA,40,729.0,1.6462096829200163
1,500,2,GNNLXSSA,41,743.0,1.6405055534141866
1,500,2,GNNLXSSA,42,757.0,1.6405055534141866
1,500,2,GNNLXSSA,43,771.0,1.6395570248023432
1,500,2,GNNLXSSA,44,785.0,1.6395570248023432
1,500,2,GNNLXSSA,45,798.0,1.6395570248023432
1,500,2,GNNLXSSA,46,812.0,1.614647541911836
1,500,2,GNNLXSSA,47,826.0,1.604477005366789
1,500,2,GNNLXSSA,48,839.0,1.6034326608169067
1,500,2,GNNLXSSA,49,853.0,1.5734652399041806
1,500,2,GNNLXSSA,50,867.0,1.5497293795961014
1,500,2,GNNLXSSA,51,880.0,1.4886766289491788
1,500,2,GNNLXSSA,52,894.0,1.4886766289491788
1,500,2,GNNLXSSA,53,907.0,1.466002473833214
1,500,2,GNNLXSSA,54,921.0,1.4496650668315851
1,500,2,GNNLXSSA,55,934.0,1.4335852723215794
1,500,2,GNNLXSSA,56,948.0,1.4268932562026748
1,500,2,GNNLXSSA,57,962.0,1.413266045961791
1,500,2,GNNLXSSA,58,976.0,1.400652695532699
1,500,2,GNNLXSSA,59,990.0,1.400652695532699
1,500,2,GNNLXSSA,60,1003.0,1.400652695532699
1,500,2,GNNLXSSA,61,1016.0,1.4005912471093325
1,500,2,GNNLXSSA,62,1030.0,1.3868537866110273
1,500,2,GNNLXSSA,63,1044.0,1.3758113282601698
1,500,2,GNNLXSSA,64,1058.0,1.3737225323693565
1,500,2,GNNLXSSA,65,1072.0,1.3682963482442574
1,500,2,GNNLXSSA,66,1086.0,1.3407669559892383
1,500,2,GNNLXSSA,67,1099.0,1.3280229417723604
1,500,2,GNNLXSSA,68,1113.0,1.3257990609236003
1,500,2,GNNLXSSA,69,1126.0,1.3201566335956159
1,500,2,GNNLXSSA,70,1140.0,1.3201566335956159
1,500,2,GNNLXSSA,71,1153.0,1.3199288266569056
1,500,2,GNNLXSSA,72,1166.0,1.3199288266569056
1,500,2,GNNLXSSA,73,1180.0,1.3121681762240769
1,500,2,GNNLXSSA,74,1194.0,1.3121681762240769
1,500,2,GNNLXSSA,75,1208.0,1.3121681762240769
1,500,2,GNNLXSSA,76,1220.0,1.3076823431620141
1,500,2,GNNLXSSA,77,1233.0,1.3076823431620141
1,500,2,GNNLXSSA,78,1246.0,1.3076823431620141
1,500,2,GNNLXSSA,79,1260.0,1.3076823431620141
1,500,2,GNNLXSSA,80,1274.0,1.3049016250424756
1,500,2,GNNLXSSA,81,1288.0,1.2862391468152055
1,500,2,GNNLXSSA,82,1301.0,1.2862391468152055
1,500,2,GNNLXSSA,83,1315.0,1.2862391468152055
1,500,2,GNNLXSSA,84,1328.0,1.2862391468152055
1,500,2,GNNLXSSA,85,1342.0,1.2862391468152055
1,500,2,GNNLXSSA,86,1355.0,1.2826062430758611
1,500,2,GNNLXSSA,87,1369.0,1.2826062430758611
1,500,2,GNNLXSSA,88,1381.0,1.2826062430758611
1,500,2,GNNLXSSA,89,1394.0,1.2826062430758611
1,500,2,GNNLXSSA,90,1407.0,1.2824908026141202
1,500,2,GNNLXSSA,91,1420.0,1.2824908026141202
1,500,2,GNNLXSSA,92,1434.0,1.2824908026141202
1,500,2,GNNLXSSA,93,1448.0,1.2824908026141202
1,500,2,GNNLXSSA,94,1461.0,1.2804823997539643
1,500,2,GNNLXSSA,95,1474.0,1.2804823997539643
1,500,2,GNNLXSSA,96,1488.0,1.2804823997539643
1,500,2,GNNLXSSA,97,1501.0,1.2804823997539643
1,500,2,GNNLXSSA,98,1515.0,1.2804823997539643
1,500,2,GNNLXSSA,99,1528.0,1.2734045896231692
1,500,2,GNNLXSSA,100,1542.0,1.269505195419697
1,500,2,LXSSA_REPAIR,0,30.0,6.460158678606604
1,500,2,LXSSA_REPAIR,1,90.0,2.5293474556510773
1,500,2,LXSSA_REPAIR,2,150.0,2.264236993607483
1,500,2,LXSSA_REPAIR,3,210.0,1.987526298737066
1,500,2,LXSSA_REPAIR,4,270.0,1.961964280139
1,500,2,LXSSA_REPAIR,5,330.0,1.9468123889655544
1,500,2,LXSSA_REPAIR,6,390.0,1.7437705114098208
1,500,2,LXSSA_REPAIR,7,450.0,1.6630221137675107
1,500,2,LXSSA_REPAIR,8,510.0,1.487817169914706
1,500,2,LXSSA_REPAIR,9,570.0,1.3778763415793946
1,500,2,LXSSA_REPAIR,10,630.0,1.2666144617087411
1,500,2,LXSSA_REPAIR,11,690.0,1.2433694477931567
1,500,2,LXSSA_REPAIR,12,750.0,1.2304861500197148
1,500,2,LXSSA_REPAIR,13,810.0,1.227085645616171
1,500,2,LXSSA_REPAIR,14,870.0,1.2159480136579077
1,500,2,LXSSA_REPAIR,15,930.0,1.2013593089759524
1,500,2,LXSSA_REPAIR,16,990.0,1.1827406201427948
1,500,2,LXSSA_REPAIR,17,1050.0,1.1734414966940676
1,500,2,LXSSA_REPAIR,18,1110.0,1.1734414966940676
1,500,2,LXSSA_REPAIR,19,1170.0,1.1712225839874009
1,500,2,LXSSA_REPAIR,20,1230.0,1.171200246351873
1,500,2,LXSSA_REPAIR,21,1290.0,1.1704651175277831
1,500,2,LXSSA_REPAIR,22,1350.0,1.1704024685241166
1,500,2,LXSSA_REPAIR,23,1410.0,1.1702436495306756
1,500,2,LXSSA_REPAIR,24,1470.0,1.1702343513716187
1,500,2,LXSSA_REPAIR,25,1530.0,1.1700789862206875
1,500,2,LXSSA_REPAIR,26,1590.0,1.1700789862206875
1,500,2,LXSSA_REPAIR,27,1650.0,1.1700472318825632
1,500,2,LXSSA_REPAIR,28,1710.0,1.1699850220484223
1,500,2,LXSSA_REPAIR,29,1770.0,1.169953041617191
1,500,2,LXSSA_REPAIR,30,1830.0,1.169953041617191
1,500,2,LXSSA_REPAIR,31,1890.0,1.1699470978019235
1,500,2,LXSSA_REPAIR,32,1950.0,1.169939300913029
1,500,2,LXSSA_REPAIR,33,2010.0,1.1699227167900972
1,500,2,LXSSA_REPAIR,34,2070.0,1.1699227167900972
1,500,2,LXSSA_REPAIR,35,2130.0,1.1699227167900972
1,500,2,LXSSA_REPAIR,36,2190.0,1.1699227167900972
1,500,2,LXSSA_REPAIR,37,2250.0,1.1699227167900972
1,500,2,LXSSA_REPAIR,38,2310.0,1.1699227167900972
1,500,2,LXSSA_REPAIR,39,2370.0,1.1699227167900972
1,500,2,LXSSA_REPAIR,40,2430.0,1.1699227167900972
1,500,2,LXSSA_REPAIR,41,2490.0,1.1699227167900972
1,500,2,LXSSA_REPAIR,42,2550.0,1.1699220759746822
1,500,2,LXSSA_REPAIR,43,2610.0,1.1699068819216336
1,500,2,LXSSA_REPAIR,44,2670.0,1.1699021886197443
1,500,2,LXSSA_REPAIR,45,2730.0,1.1699021886197443
1,500,2,LXSSA_REPAIR,46,2790.0,1.1699021886197443
1,500,2,LXSSA_REPAIR,47,2850.0,1.169901436796863
1,500,2,LXSSA_REPAIR,48,2910.0,1.169899219623403
1,500,2,LXSSA_REPAIR,49,2970.0,1.169899099468239
1,500,2,LXSSA_REPAIR,50,3030.0,1.1698982023499411
1,500,2,LXSSA_REPAIR,51,3090.0,1.1698975559611426
1,500,2,LXSSA_REPAIR,52,3150.0,1.1698975559611426
1,500,2,LXSSA_REPAIR,53,3210.0,1.1698928626447014
1,500,2,LXSSA_REPAIR,54,3270.0,1.1698928626447014
1,500,2,LXSSA_REPAIR,55,3330.0,1.1698928626447014
1,500,2,LXSSA_REPAIR,56,3390.0,1.1698928626447014
1,500,2,LXSSA_REPAIR,57,3450.0,1.1698928626447014
1,500,2,LXSSA_REPAIR,58,3510.0,1.1698928626447014
1,500,2,LXSSA_REPAIR,59,3570.0,1.169892039928527
1,500,2,LXSSA_REPAIR,60,3630.0,1.1698919425089116
1,500,2,LXSSA_REPAIR,61,3690.0,1.1698910984359827
1,500,2,LXSSA_REPAIR,62,3750.0,1.1698903322976548
1,500,2,LXSSA_REPAIR,63,3810.0,1.1698903191263526
1,500,2,LXSSA_REPAIR,64,3870.0,1.1698902781354263
1,500,2,LXSSA_REPAIR,65,3930.0,1.1698902740117774
1,500,2,LXSSA_REPAIR,66,3990.0,1.1698902740117774
1,500,2,LXSSA_REPAIR,67,4050.0,1.1698900742139813
1,500,2,LXSSA_REPAIR,68,4110.0,1.1698900678020436
1,500,2,LXSSA_REPAIR,69,4170.0,1.169889877894093
1,500,2,LXSSA_REPAIR,70,4230.0,1.1698898574868508
1,500,2,LXSSA_REPAIR,71,4290.0,1.1698898574868508
1,500,2,LXSSA_REPAIR,72,4350.0,1.1698898561498936
1,500,2,LXSSA_REPAIR,73,4410.0,1.1698898487593397
1,500,2,LXSSA_REPAIR,74,4470.0,1.1698898487593397
1,500,2,LXSSA_REPAIR,75,4530.0,1.1698898477661714
1,500,2,LXSSA_REPAIR,76,4590.0,1.1698898475333408
1,500,2,LXSSA_REPAIR,77,4650.0,1.169889844733916
1,500,2,LXSSA_REPAIR,78,4710.0,1.1698898364593333
1,500,2,LXSSA_REPAIR,79,4770.0,1.169889833432535
1,500,2,LXSSA_REPAIR,80,4830.0,1.1698898303548049
1,500,2,LXSSA_REPAIR,81,4890.0,1.1698898263130104
1,500,2,LXSSA_REPAIR,82,4950.0,1.169889825876453
1,500,2,LXSSA_REPAIR,83,5010.0,1.169889825876453
1,500,2,LXSSA_REPAIR,84,5070.0,1.169889825876453
1,500,2,LXSSA_REPAIR,85,5130.0,1.1698898098056816
1,500,2,LXSSA_REPAIR,86,5190.0,1.1698898090762668
1,500,2,LXSSA_REPAIR,87,5250.0,1.169889804752529
1,500,2,LXSSA_REPAIR,88,5310.0,1.169889804752529
1,500,2,LXSSA_REPAIR,89,5370.0,1.169889804752529
1,500,2,LXSSA_REPAIR,90,5430.0,1.169889804752529
1,500,2,LXSSA_REPAIR,91,5490.0,1.169889804748891
1,500,2,LXSSA_REPAIR,92,5550.0,1.169889804748891
1,500,2,LXSSA_REPAIR,93,5610.0,1.169889804748891
1,500,2,LXSSA_REPAIR,94,5670.0,1.1698898047325201
1,500,2,LXSSA_REPAIR,95,5730.0,1.1698898047234252
1,500,2,LXSSA_REPAIR,96,5790.0,1.1698898047234252
1,500,2,LXSSA_REPAIR,97,5850.0,1.1698898047197872
1,500,2,LXSSA_REPAIR,98,5910.0,1.1698898047197872
1,500,2,LXSSA_REPAIR,99,5970.0,1.1698898047179682
1,500,2,LXSSA_REPAIR,100,6030.0,1.1698898047179682
1,500,3,GNNLXSSA,0,30.0,68.46190802141064
1,500,3,GNNLXSSA,1,275.0,37.604408859340765
1,500,3,GNNLXSSA,2,289.0,34.03414836781303
1,500,3,GNNLXSSA,3,302.0,29.40476049837889
1,500,3,GNNLXSSA,4,316.0,29.062883297716326
1,500,3,GNNLXSSA,5,329.0,28.058111751586694
1,500,3,GNNLXSSA,6,343.0,22.7785737916347
1,500,3,GNNLXSSA,7,357.0,22.7785737916347
1,500,3,GNNLXSSA,8,371.0,20.853214120299526
1,500,3,GNNLXSSA,9,385.0,20.853214120299526
1,500,3,GNNLXSSA,10,398.0,20.67951815280321
1,500,3,GNNLXSSA,11,412.0,20.422948896597518
1,500,3,GNNLXSSA,12,426.0,20.152837010529765
1,500,3,GNNLXSSA,13,440.0,19.494957356058876
1,500,3,GNNLXSSA,14,454.0,19.08957161426224
1,500,3,GNNLXSSA,15,467.0,19.08957161426224
1,500,3,GNNLXSSA,16,480.0,19.08957161426224
1,500,3,GNNLXSSA,17,493.0,19.08957161426224
1,500,3,GNNLXSSA,18,507.0,19.08957161426224
1,500,3,GNNLXSSA,19,521.0,18.995227038496523
1,500,3,GNNLXSSA,20,534.0,18.995227038496523
1,500,3,GNNLXSSA,21,547.0,18.995227038496523
1,500,3,GNNLXSSA,22,560.0,18.995227038496523
1,500,3,GNNLXSSA,23,573.0,18.960605986154405
1,500,3,GNNLXSSA,24,587.0,18.960605986154405
1,500,3,GNNLXSSA,25,600.0,18.960605986154405
1,500,3,GNNLXSSA,26,614.0,18.937169542143238
1,500,3,GNNLXSSA,27,628.0,18.937169542143238
1,500,3,GNNLXSSA,28,642.0,18.53546637121326
1,500,3,GNNLXSSA,29,655.0,18.53546637121326
1,500,3,GNNLXSSA,30,668.0,18.53546637121326
1,500,3,GNNLXSSA,31,682.0,18.53546637121326
1,500,3,GNNLXSSA,32,695.0,18.53546637121326
1,500,3,GNNLXSSA,33,707.0,18.53546637121326
1,500,3,GNNLXSSA,34,720.0,18.53546637121326
1,500,3,GNNLXSSA,35,733.0,18.53546637121326
1,500,3,GNNLXSSA,36,747.0,18.53546637121326
1,500,3,GNNLXSSA,37,760.0,17.943371342458704
1,500,3,GNNLXSSA,38,773.0,17.943371342458704
1,500,3,GNNLXSSA,39,786.0,17.814806044101715
1,500,3,GNNLXSSA,40,800.0,17.794375019588188
1,500,3,GNNLXSSA,41,813.0,17.6456749972167
1,500,3,GNNLXSSA,42,827.0,17.136684257664456
1,500,3,GNNLXSSA,43,840.0,16.802205079598934
1,500,3,GNNLXSSA,44,854.0,16.759507094342553
1,500,3,GNNLXSSA,45,868.0,16.237394874635356
1,500,3,GNNLXSSA,46,881.0,15.878550560824806
1,500,3,GNNLXSSA,47,895.0,15.639056410847843
1,500,3,GNNLXSSA,48,908.0,15.639056410847843
1,500,3,GNNLXSSA,49,922.0,15.504098513723875
1,500,3,GNNLXSSA,50,936.0,15.504098513723875
1,500,3,GNNLXSSA,51,949.0,15.484656896303932
1,500,3,GNNLXSSA,52,962.0,15.455805299494386
1,500,3,GNNLXSSA,53,976.0,15.237420290301088
1,500,3,GNNLXSSA,54,990.0,15.237420290301088
1,500,3,GNNLXSSA,55,1003.0,15.106964947477536
1,500,3,GNNLXSSA,56,1017.0,15.106964947477536
1,500,3,GNNLXSSA,57,1031.0,15.106964947477536
1,500,3,GNNLXSSA,58,1045.0,15.077551013164339
1,500,3,GNNLXSSA,59,1059.0,14.892309638660663
1,500,3,GNNLXSSA,60,1073.0,14.848406536304537
1,500,3,GNNLXSSA,61,1086.0,14.839369599092606
1,500,3,GNNLXSSA,62,1100.0,14.83296656476523
1,500,3,GNNLXSSA,63,1114.0,14.83296656476523
1,500,3,GNNLXSSA,64,1127.0,14.775224812441593
1,500,3,GNNLXSSA,65,1141.0,14.773274909519387
1,500,3,GNNLXSSA,66,1154.0,14.773274909519387
1,500,3,GNNLXSSA,67,1167.0,14.773274909519387
1,500,3,GNNLXSSA,68,1181.0,14.755232671184785
1,500,3,GNNLXSSA,69,1195.0,14.755232671184785
1,500,3,GNNLXSSA,70,1209.0,14.755232671184785
1,500,3,GNNLXSSA,71,1223.0,14.395705537659524
1,500,3,GNNLXSSA,72,1237.0,14.395705537659524
1,500,3,GNNLXSSA,73,1251.0,14.35008073777135
1,500,3,GNNLXSSA,74,1265.0,14.35008073777135
1,500,3,GNNLXSSA,75,1279.0,14.35008073777135
1,500,3,GNNLXSSA,76,1293.0,14.35008073777135
1,500,3,GNNLXSSA,77,1307.0,14.247966880669992
1,500,3,GNNLXSSA,78,1321.0,14.246726416167803
1,500,3,GNNLXSSA,79,1334.0,14.246726416167803
1,500,3,GNNLXSSA,80,1348.0,14.245786864070396
1,500,3,GNNLXSSA,81,1362.0,14.157239924854366
1,500,3,GNNLXSSA,82,1376.0,14.155965614110755
1,500,3,GNNLXSSA,83,1390.0,14.155965614110755
1,500,3,GNNLXSSA,84,1404.0,14.155965614110755
1,500,3,GNNLXSSA,85,1418.0,14.155965614110755
1,500,3,GNNLXSSA,86,1432.0,14.155965614110755
1,500,3,GNNLXSSA,87,1444.0,14.155965614110755
1,500,3,GNNLXSSA,88,1458.0,14.155965614110755
1,500,3,GNNLXSSA,89,1472.0,14.155965614110755
1,500,3,GNNLXSSA,90,1484.0,14.155965614110755
1,500,3,GNNLXSSA,91,1498.0,14.155965614110755
1,500,3,GNNLXSSA,92,1511.0,14.130775467216154
1,500,3,GNNLXSSA,93,1525.0,14.130775467216154
1,500,3,GNNLXSSA,94,1538.0,14.087855998623127
1,500,3,GNNLXSSA,95,1552.0,14.072407852872857
1,500,3,GNNLXSSA,96,1566.0,14.050215763036249
1,500,3,GNNLXSSA,97,1580.0,14.050206450243422
1,500,3,GNNLXSSA,98,1594.0,14.045723348292086
1,500,3,GNNLXSSA,99,1608.0,14.008787784026936
1,500,3,GNNLXSSA,100,1622.0,14.00659848057694
1,500,3,LXSSA_REPAIR,0,30.0,69.50766244177794
1,500,3,LXSSA_REPAIR,1,90.0,42.19160375417778
1,500,3,LXSSA_REPAIR,2,150.0,28.376853589925304
1,500,3,LXSSA_REPAIR,3,210.0,23.308323434634076
1,500,3,LXSSA_REPAIR,4,270.0,21.56229621605962
1,500,3,LXSSA_REPAIR,5,330.0,18.972450816250785
1,500,3,LXSSA_REPAIR,6,390.0,18.534217854394228
1,500,3,LXSSA_REPAIR,7,450.0,17.748417916867766
1,500,3,LXSSA_REPAIR,8,510.0,17.677504033483274
1,500,3,LXSSA_REPAIR,9,570.0,16.237708986380312
1,500,3,LXSSA_REPAIR,10,630.0,16.11546383136738
1,500,3,LXSSA_REPAIR,11,690.0,15.957850446102384
1,500,3,LXSSA_REPAIR,12,750.0,15.779076876773615
1,500,3,LXSSA_REPAIR,13,810.0,15.688144551637379
1,500,3,LXSSA_REPAIR,14,870.0,15.642961630430364
1,500,3,LXSSA_REPAIR,15,930.0,15.140783781767823
1,500,3,LXSSA_REPAIR,16,990.0,14.689003903433331
1,500,3,LXSSA_REPAIR,17,1050.0,14.430337303492706
1,500,3,LXSSA_REPAIR,18,1110.0,14.235750953950628
1,500,3,LXSSA_REPAIR,19,1170.0,14.170426642169332
1,500,3,LXSSA_REPAIR,20,1230.0,14.057873582074535
1,500,3,LXSSA_REPAIR,21,1290.0,14.017654019149631
1,500,3,LXSSA_REPAIR,22,1350.0,13.943538415198418
1,500,3,LXSSA_REPAIR,23,1410.0,13.860073336909409
1,500,3,LXSSA_REPAIR,24,1470.0,13.84059664006054
1,500,3,LXSSA_REPAIR,25,1530.0,13.84059664006054
1,500,3,LXSSA_REPAIR,26,1590.0,13.837190403079148
1,500,3,LXSSA_REPAIR,27,1650.0,13.837190403079148
1,500,3,LXSSA_REPAIR,28,1710.0,13.817241953183839
1,500,3,LXSSA_REPAIR,29,1770.0,13.790941989485873
1,500,3,LXSSA_REPAIR,30,1830.0,13.771637062447553
1,500,3,LXSSA_REPAIR,31,1890.0,13.737221827235771
1,500,3,LXSSA_REPAIR,32,1950.0,13.734340042403346
1,500,3,LXSSA_REPAIR,33,2010.0,13.727009111891675
1,500,3,LXSSA_REPAIR,34,2070.0,13.655067260624492
1,500,3,LXSSA_REPAIR,35,2130.0,13.585958806048438
1,500,3,LXSSA_REPAIR,36,2190.0,13.565322740672855
1,500,3,LXSSA_REPAIR,37,2250.0,13.503874181071296
1,500,3,LXSSA_REPAIR,38,2310.0,13.395952550672519
1,500,3,LXSSA_REPAIR,39,2370.0,13.381856138315925
1,500,3,LXSSA_REPAIR,40,2430.0,13.37948578349824
1,500,3,LXSSA_REPAIR,41,2490.0,13.379030618343677
1,500,3,LXSSA_REPAIR,42,2550.0,13.379030618343677
1,500,3,LXSSA_REPAIR,43,2610.0,13.377311162366823
1,500,3,LXSSA_REPAIR,44,2670.0,13.376681697183813
1,500,3,LXSSA_REPAIR,45,2730.0,13.376681697183813
1,500,3,LXSSA_REPAIR,46,2790.0,13.376675496376265
1,500,3,LXSSA_REPAIR,47,2850.0,13.375685078790411
1,500,3,LXSSA_REPAIR,48,2910.0,13.363818578196515
1,500,3,LXSSA_REPAIR,49,2970.0,13.362048697774298
1,500,3,LXSSA_REPAIR,50,3030.0,13.36195401893201
1,500,3,LXSSA_REPAIR,51,3090.0,13.36176847329989
1,500,3,LXSSA_REPAIR,52,3150.0,13.361693301601917
1,500,3,LXSSA_REPAIR,53,3210.0,13.361693301601917
1,500,3,LXSSA_REPAIR,54,3270.0,13.36062389491417
1,500,3,LXSSA_REPAIR,55,3330.0,13.360434943133441
1,500,3,LXSSA_REPAIR,56,3390.0,13.360434943133441
1,500,3,LXSSA_REPAIR,57,3450.0,13.360003513862466
1,500,3,LXSSA_REPAIR,58,3510.0,13.359250986537518
1,500,3,LXSSA_REPAIR,59,3570.0,13.359046057845262
1,500,3,LXSSA_REPAIR,60,3630.0,13.358701058004954
1,500,3,LXSSA_REPAIR,61,3690.0,13.358701058004954
1,500,3,LXSSA_REPAIR,62,3750.0,13.358701058004954
1,500,3,LXSSA_REPAIR,63,3810.0,13.358676089737855
1,500,3,LXSSA_REPAIR,64,3870.0,13.358515594412893
1,500,3,LXSSA_REPAIR,65,3930.0,13.358368595268985
1,500,3,LXSSA_REPAIR,66,3990.0,13.358214835549006
1,500,3,LXSSA_REPAIR,67,4050.0,13.357928047735186
1,500,3,LXSSA_REPAIR,68,4110.0,13.357432695294847
1,500,3,LXSSA_REPAIR,69,4170.0,13.357432695294847
1,500,3,LXSSA_REPAIR,70,4230.0,13.357402348683536
1,500,3,LXSSA_REPAIR,71,4290.0,13.357402348683536
1,500,3,LXSSA_REPAIR,72,4350.0,13.357402348683536
1,500,3,LXSSA_REPAIR,73,4410.0,13.357395257462485
1,500,3,LXSSA_REPAIR,74,4470.0,13.357362766088045
1,500,3,LXSSA_REPAIR,75,4530.0,13.357321870709711
1,500,3,LXSSA_REPAIR,76,4590.0,13.357258374380763
1,500,3,LXSSA_REPAIR,77,4650.0,13.35718514623295
1,500,3,LXSSA_REPAIR,78,4710.0,13.357036488658196
1,500,3,LXSSA_REPAIR,79,4770.0,13.356926238640881
1,500,3,LXSSA_REPAIR,80,4830.0,13.35688613014645
1,500,3,LXSSA_REPAIR,81,4890.0,13.356878028778738
1,500,3,LXSSA_REPAIR,82,4950.0,13.35686089997398
1,500,3,LXSSA_REPAIR,83,5010.0,13.356842170269374
1,500,3,LXSSA_REPAIR,84,5070.0,13.356787409524259
1,500,3,LXSSA_REPAIR,85,5130.0,13.356772562525293
1,500,3,LXSSA_REPAIR,86,5190.0,13.356761355982599
1,500,3,LXSSA_REPAIR,87,5250.0,13.356760831597057
1,500,3,LXSSA_REPAIR,88,5310.0,13.356753793210373
1,500,3,LXSSA_REPAIR,89,5370.0,13.35675009152692
1,500,3,LXSSA_REPAIR,90,5430.0,13.356747673096834
1,500,3,LXSSA_REPAIR,91,5490.0,13.356735866524104
1,500,3,LXSSA_REPAIR,92,5550.0,13.356734670043807
1,500,3,LXSSA_REPAIR,93,5610.0,13.35673398556537
1,500,3,LXSSA_REPAIR,94,5670.0,13.356724678280443
1,500,3,LXSSA_REPAIR,95,5730.0,13.356705039255758
1,500,3,LXSSA_REPAIR,96,5790.0,13.356691416047397
1,500,3,LXSSA_REPAIR,97,5850.0,13.356689874650328
1,500,3,LXSSA_REPAIR,98,5910.0,13.356688149899128
1,500,3,LXSSA_REPAIR,99,5970.0,13.356685679951624
1,500,3,LXSSA_REPAIR,100,6030.0,13.35667768284111
1,500,4,GNNLXSSA,0,30.0,243.87747631984166
1,500,4,GNNLXSSA,1,340.0,175.1913346787769
1,500,4,GNNLXSSA,2,354.0,159.4521782093907
1,500,4,GNNLXSSA,3,368.0,154.62596112200117
1,500,4,GNNLXSSA,4,382.0,142.8126150716489
1,500,4,GNNLXSSA,5,396.0,139.45403074716523
1,500,4,GNNLXSSA,6,410.0,134.36498404207305
1,500,4,GNNLXSSA,7,422.0,134.36498404207305
1,500,4,GNNLXSSA,8,436.0,128.95034089858382
1,500,4,GNNLXSSA,9,449.0,128.95034089858382
1,500,4,GNNLXSSA,10,462.0,128.16943064993757
1,500,4,GNNLXSSA,11,475.0,127.86426452671003
1,500,4,GNNLXSSA,12,489.0,127.07806274785253
1,500,4,GNNLXSSA,13,502.0,125.66238221553431
1,500,4,GNNLXSSA,14,516.0,122.0130614843074
1,500,4,GNNLXSSA,15,529.0,122.0130614843074
1,500,4,GNNLXSSA,16,543.0,119.44526663989745
1,500,4,GNNLXSSA,17,557.0,116.71662507966539
1,500,4,GNNLXSSA,18,571.0,116.71662507966539
1,500,4,GNNLXSSA,19,585.0,115.33673602929412
1,500,4,GNNLXSSA,20,599.0,115.33673602929412
1,500,4,GNNLXSSA,21,612.0,115.33673602929412
1,500,4,GNNLXSSA,22,625.0,114.34185497482031
1,500,4,GNNLXSSA,23,638.0,114.22739619797358
1,500,4,GNNLXSSA,24,652.0,114.22739619797358
1,500,4,GNNLXSSA,25,666.0,114.22739619797358
1,500,4,GNNLXSSA,26,678.0,114.22739619797358
1,500,4,GNNLXSSA,27,691.0,114.22739619797358
1,500,4,GNNLXSSA,28,704.0,110.15071328236809
1,500,4,GNNLXSSA,29,717.0,110.15071328236809
1,500,4,GNNLXSSA,30,731.0,110.15071328236809
1,500,4,GNNLXSSA,31,744.0,110.15071328236809
1,500,4,GNNLXSSA,32,757.0,103.5507917378527
1,500,4,GNNLXSSA,33,770.0,101.9775125897686
1,500,4,GNNLXSSA,34,784.0,101.70219464725596
1,500,4,GNNLXSSA,35,797.0,101.27256279018548
1,500,4,GNNLXSSA,36,811.0,101.00341351529278
1,500,4,GNNLXSSA,37,825.0,100.75436107733549
1,500,4,GNNLXSSA,38,837.0,98.39101079703323
1,500,4,GNNLXSSA,39,851.0,98.39101079703323
1,500,4,GNNLXSSA,40,865.0,98.39101079703323
1,500,4,GNNLXSSA,41,879.0,96.2571672172453
1,500,4,GNNLXSSA,42,893.0,95.6768439704756
1,500,4,GNNLXSSA,43,907.0,95.6768439704756
1,500,4,GNNLXSSA,44,921.0,95.5825962883755
1,500,4,GNNLXSSA,45,934.0,95.1173751895767
1,500,4,GNNLXSSA,46,947.0,94.21225245862297
1,500,4,GNNLXSSA,47,961.0,92.9656814937407
1,500,4,GNNLXSSA,48,974.0,92.32146796303277
1,500,4,GNNLXSSA,49,988.0,90.20740551859853
1,500,4,GNNLXSSA,50,1001.0,90.20740551859853
1,500,4,GNNLXSSA,51,1014.0,87.9936452906768
1,500,4,GNNLXSSA,52,1028.0,87.9936452906768
1,500,4,GNNLXSSA,53,1042.0,85.91543640618693
1,500,4,GNNLXSSA,54,1055.0,85.4595094433862
1,500,4,GNNLXSSA,55,1069.0,85.4595094433862
1,500,4,GNNLXSSA,56,1082.0,85.4595094433862
1,500,4,GNNLXSSA,57,1096.0,85.4595094433862
1,500,4,GNNLXSSA,58,1110.0,84.25963749854054
1,500,4,GNNLXSSA,59,1124.0,83.91470534526161
1,500,4,GNNLXSSA,60,1138.0,83.91470534526161
1,500,4,GNNLXSSA,61,1152.0,83.76016885321224
1,500,4,GNNLXSSA,62,1166.0,83.73567790031666
1,500,4,GNNLXSSA,63,1180.0,83.73567790031666
1,500,4,GNNLXSSA,64,1192.0,83.69980868424318
1,500,4,GNNLXSSA,65,1206.0,83.69980868424318
1,500,4,GNNLXSSA,66,1219.0,83.15581617472344
1,500,4,GNNLXSSA,67,1232.0,83.15581617472344
1,500,4,GNNLXSSA,68,1246.0,83.15581617472344
1,500,4,GNNLXSSA,69,1260.0,82.81207475417614
1,500,4,GNNLXSSA,70,1274.0,82.81207475417614
1,500,4,GNNLXSSA,71,1288.0,82.51535161049469
1,500,4,GNNLXSSA,72,1302.0,82.4722258227448
1,500,4,GNNLXSSA,73,1315.0,81.98853970102573
1,500,4,GNNLXSSA,74,1328.0,81.9862198829469
1,500,4,GNNLXSSA,75,1342.0,81.97919009793986
1,500,4,GNNLXSSA,76,1355.0,81.97919009793986
1,500,4,GNNLXSSA,77,1369.0,81.97919009793986
1,500,4,GNNLXSSA,78,1382.0,81.97676077002325
1,500,4,GNNLXSSA,79,1395.0,81.97275339972475
1,500,4,GNNLXSSA,80,1408.0,81.97275339972475
1,500,4,GNNLXSSA,81,1421.0,81.96308201050851
1,500,4,GNNLXSSA,82,1434.0,81.96025998302866
1,500,4,GNNLXSSA,83,1447.0,81.96025998302866
1,500,4,GNNLXSSA,84,1461.0,81.96025998302866
1,500,4,GNNLXSSA,85,1474.0,81.96025998302866
1,500,4,GNNLXSSA,86,1488.0,81.96025998302866
1,500,4,GNNLXSSA,87,1502.0,81.94905574101358
1,500,4,GNNLXSSA,88,1516.0,81.62570372689515
1,500,4,GNNLXSSA,89,1530.0,81.62489443257073
1,500,4,GNNLXSSA,90,1544.0,81.62435322459714
1,500,4,GNNLXSSA,91,1558.0,81.62435322459714
1,500,4,GNNLXSSA,92,1572.0,81.62435322459714
1,500,4,GNNLXSSA,93,1584.0,81.47910193809366
1,500,4,GNNLXSSA,94,1598.0,81.47910193809366
1,500,4,GNNLXSSA,95,1610.0,81.47910193809366
1,500,4,GNNLXSSA,96,1624.0,81.47910193809366
1,500,4,GNNLXSSA,97,1637.0,81.47910193809366
1,500,4,GNNLXSSA,98,1650.0,81.47910193809366
1,500,4,GNNLXSSA,99,1663.0,81.47197348770715
1,500,4,GNNLXSSA,100,1677.0,81.47197348770715
1,500,4,LXSSA_REPAIR,0,30.0,228.48446270293425
1,500,4,LXSSA_REPAIR,1,90.0,155.54163940812577
1,500,4,LXSSA_REPAIR,2,150.0,131.37715574452886
1,500,4,LXSSA_REPAIR,3,210.0,122.64871292923635
1,500,4,LXSSA_REPAIR,4,270.0,107.02895320185416
1,500,4,LXSSA_REPAIR,5,330.0,105.60173841438154
1,500,4,LXSSA_REPAIR,6,390.0,105.06846847157794
1,500,4,LXSSA_REPAIR,7,450.0,99.97696647103658
1,500,4,LXSSA_REPAIR,8,510.0,92.6248944697727
1,500,4,LXSSA_REPAIR,9,570.0,89.56851287406971
1,500,4,LXSSA_REPAIR,10,630.0,89.04399628520332
1,500,4,LXSSA_REPAIR,11,690.0,88.65904092965138
1,500,4,LXSSA_REPAIR,12,750.0,87.15426827424017
1,500,4,LXSSA_REPAIR,13,810.0,86.49923521055825
1,500,4,LXSSA_REPAIR,14,870.0,86.19974197520423
1,500,4,LXSSA_REPAIR,15,930.0,85.15200285841274
1,500,4,LXSSA_REPAIR,16,990.0,84.91773062522043
1,500,4,LXSSA_REPAIR,17,1050.0,84.82343047801623
1,500,4,LXSSA_REPAIR,18,1110.0,84.75374217171702
1,500,4,LXSSA_REPAIR,19,1170.0,84.72645683756127
1,500,4,LXSSA_REPAIR,20,1230.0,84.52940822282471
1,500,4,LXSSA_REPAIR,21,1290.0,84.48916977835688
1,500,4,LXSSA_REPAIR,22,1350.0,83.91007566601911
1,500,4,LXSSA_REPAIR,23,1410.0,83.5394732284476
1,500,4,LXSSA_REPAIR,24,1470.0,82.1971647328428
1,500,4,LXSSA_REPAIR,25,1530.0,82.06161929297377
1,500,4,LXSSA_REPAIR,26,1590.0,82.02837312375777
1,500,4,LXSSA_REPAIR,27,1650.0,81.60078565395452
1,500,4,LXSSA_REPAIR,28,1710.0,81.33032437370275
1,500,4,LXSSA_REPAIR,29,1770.0,81.18787011665336
1,500,4,LXSSA_REPAIR,30,1830.0,81.1354015267134
1,500,4,LXSSA_REPAIR,31,1890.0,80.73863490287476
1,500,4,LXSSA_REPAIR,32,1950.0,80.5969393693631
1,500,4,LXSSA_REPAIR,33,2010.0,80.4798094947655
1,500,4,LXSSA_REPAIR,34,2070.0,79.93855838437958
1,500,4,LXSSA_REPAIR,35,2130.0,79.8648249074322
1,500,4,LXSSA_REPAIR,36,2190.0,79.86244056352007
1,500,4,LXSSA_REPAIR,37,2250.0,78.5236003556056
1,500,4,LXSSA_REPAIR,38,2310.0,78.5236003556056
1,500,4,LXSSA_REPAIR,39,2370.0,78.28389194084593
1,500,4,LXSSA_REPAIR,40,2430.0,78.22097380993728
1,500,4,LXSSA_REPAIR,41,2490.0,78.21276368106192
1,500,4,LXSSA_REPAIR,42,2550.0,78.21192955806691
1,500,4,LXSSA_REPAIR,43,2610.0,78.18641461119842
1,500,4,LXSSA_REPAIR,44,2670.0,78.02797784455834
1,500,4,LXSSA_REPAIR,45,2730.0,77.95093237426772
1,500,4,LXSSA_REPAIR,46,2790.0,77.94438990300841
1,500,4,LXSSA_REPAIR,47,2850.0,77.88315902965405
1,500,4,LXSSA_REPAIR,48,2910.0,77.85877518185589
1,500,4,LXSSA_REPAIR,49,2970.0,77.8538358980586
1,500,4,LXSSA_REPAIR,50,3030.0,77.84366698825397
1,500,4,LXSSA_REPAIR,51,3090.0,77.8293662751712
1,500,4,LXSSA_REPAIR,52,3150.0,77.82827792550233
1,500,4,LXSSA_REPAIR,53,3210.0,77.82802429242656
1,500,4,LXSSA_REPAIR,54,3270.0,77.77251090914433
1,500,4,LXSSA_REPAIR,55,3330.0,77.77056948986865
1,500,4,LXSSA_REPAIR,56,3390.0,77.75332638850887
1,500,4,LXSSA_REPAIR,57,3450.0,77.74870029062731
1,500,4,LXSSA_REPAIR,58,3510.0,77.74339835338469
1,500,4,LXSSA_REPAIR,59,3570.0,77.73253184048008
1,500,4,LXSSA_REPAIR,60,3630.0,77.7306795866898
1,500,4,LXSSA_REPAIR,61,3690.0,77.73031991904645
1,500,4,LXSSA_REPAIR,62,3750.0,77.72953712334129
1,500,4,LXSSA_REPAIR,63,3810.0,77.72194203493564
1,500,4,LXSSA_REPAIR,64,3870.0,77.69939922185586
1,500,4,LXSSA_REPAIR,65,3930.0,77.68018367282275
1,500,4,LXSSA_REPAIR,66,3990.0,77.65034479070164
1,500,4,LXSSA_REPAIR,67,4050.0,77.62824222516429
1,500,4,LXSSA_REPAIR,68,4110.0,77.61666249064001
1,500,4,LXSSA_REPAIR,69,4170.0,77.59830466524
1,500,4,LXSSA_REPAIR,70,4230.0,77.58750933297779
1,500,4,LXSSA_REPAIR,71,4290.0,77.58106441720884
1,500,4,LXSSA_REPAIR,72,4350.0,77.55610843883915
1,500,4,LXSSA_REPAIR,73,4410.0,77.5178032666372
1,500,4,LXSSA_REPAIR,74,4470.0,77.50321175968566
1,500,4,LXSSA_REPAIR,75,4530.0,77.50033277045077
1,500,4,LXSSA_REPAIR,76,4590.0,77.48749886651058
1,500,4,LXSSA_REPAIR,77,4650.0,77.47302033945743
1,500,4,LXSSA_REPAIR,78,4710.0,77.46857158896455
1,500,4,LXSSA_REPAIR,79,4770.0,77.46822394716946
1,500,4,LXSSA_REPAIR,80,4830.0,77.46599317247455
1,500,4,LXSSA_REPAIR,81,4890.0,77.46443836568506
1,500,4,LXSSA_REPAIR,82,4950.0,77.46028487960939
1,500,4,LXSSA_REPAIR,83,5010.0,77.44641782620602
1,500,4,LXSSA_REPAIR,84,5070.0,77.43250934291427
1,500,4,LXSSA_REPAIR,85,5130.0,77.42989071421471
1,500,4,LXSSA_REPAIR,86,5190.0,77.42791388182377
1,500,4,LXSSA_REPAIR,87,5250.0,77.42727639662553
1,500,4,LXSSA_REPAIR,88,5310.0,77.42719052122266
1,500,4,LXSSA_REPAIR,89,5370.0,77.42635438646175
1,500,4,LXSSA_REPAIR,90,5430.0,77.42201980952814
1,500,4,LXSSA_REPAIR,91,5490.0,77.4211802069185
1,500,4,LXSSA_REPAIR,92,5550.0,77.42109353031265
1,500,4,LXSSA_REPAIR,93,5610.0,77.42062093249115
1,500,4,LXSSA_REPAIR,94,5670.0,77.42017048922571
1,500,4,LXSSA_REPAIR,95,5730.0,77.41999260317971
1,500,4,LXSSA_REPAIR,96,5790.0,77.4199395414762
1,500,4,LXSSA_REPAIR,97,5850.0,77.41986334296962
1,500,4,LXSSA_REPAIR,98,5910.0,77.41963522548758
1,500,4,LXSSA_REPAIR,99,5970.0,77.41935257749356
1,500,4,LXSSA_REPAIR,100,6030.0,77.41876438908002
1,500,5,GNNLXSSA,0,30.0,497.85244824217807
1,500,5,GNNLXSSA,1,404.0,392.71301364244573
1,500,5,GNNLXSSA,2,418.0,363.7108377141558
1,500,5,GNNLXSSA,3,432.0,357.8268156846025
1,500,5,GNNLXSSA,4,445.0,353.2944188751426
1,500,5,GNNLXSSA,5,458.0,349.6642718446965
1,500,5,GNNLXSSA,6,472.0,345.3507988653291
1,500,5,GNNLXSSA,7,485.0,345.3507988653291
1,500,5,GNNLXSSA,8,498.0,332.70713634436834
1,500,5,GNNLXSSA,9,512.0,321.0229416040311
1,500,5,GNNLXSSA,10,525.0,321.0229416040311
1,500,5,GNNLXSSA,11,537.0,321.0229416040311
1,500,5,GNNLXSSA,12,551.0,318.12801470871636
1,500,5,GNNLXSSA,13,564.0,317.1953807845275
1,500,5,GNNLXSSA,14,578.0,317.1953807845275
1,500,5,GNNLXSSA,15,592.0,317.1953807845275
1,500,5,GNNLXSSA,16,604.0,305.72976061976806
1,500,5,GNNLXSSA,17,617.0,297.71942170229886
1,500,5,GNNLXSSA,18,630.0,288.4438320474583
1,500,5,GNNLXSSA,19,644.0,287.65820148881903
1,500,5,GNNLXSSA,20,658.0,287.65820148881903
1,500,5,GNNLXSSA,21,671.0,287.65820148881903
1,500,5,GNNLXSSA,22,685.0,287.65820148881903
1,500,5,GNNLXSSA,23,699.0,281.78286632760137
1,500,5,GNNLXSSA,24,713.0,281.78286632760137
1,500,5,GNNLXSSA,25,727.0,281.78286632760137
1,500,5,GNNLXSSA,26,741.0,281.78286632760137
1,500,5,GNNLXSSA,27,755.0,281.78286632760137
1,500,5,GNNLXSSA,28,769.0,280.84955285690376
1,500,5,GNNLXSSA,29,782.0,280.801085115716
1,500,5,GNNLXSSA,30,795.0,280.801085115716
1,500,5,GNNLXSSA,31,808.0,280.801085115716
1,500,5,GNNLXSSA,32,821.0,280.801085115716
1,500,5,GNNLXSSA,33,835.0,275.48276081844233
1,500,5,GNNLXSSA,34,849.0,275.48276081844233
1,500,5,GNNLXSSA,35,863.0,275.48276081844233
1,500,5,GNNLXSSA,36,876.0,275.48276081844233
1,500,5,GNNLXSSA,37,889.0,275.48276081844233
1,500,5,GNNLXSSA,38,903.0,275.48276081844233
1,500,5,GNNLXSSA,39,917.0,275.48276081844233
1,500,5,GNNLXSSA,40,930.0,275.48276081844233
1,500,5,GNNLXSSA,41,943.0,275.48276081844233
1,500,5,GNNLXSSA,42,957.0,275.48276081844233
1,500,5,GNNLXSSA,43,970.0,273.36148964514723
1,500,5,GNNLXSSA,44,984.0,273.36148964514723
1,500,5,GNNLXSSA,45,996.0,273.36148964514723
1,500,5,GNNLXSSA,46,1010.0,273.36148964514723
1,500,5,GNNLXSSA,47,1023.0,273.36148964514723
1,500,5,GNNLXSSA,48,1037.0,273.36148964514723
1,500,5,GNNLXSSA,49,1051.0,273.36148964514723
1,500,5,GNNLXSSA,50,1065.0,268.8057877663159
1,500,5,GNNLXSSA,51,1079.0,265.04798548767576
1,500,5,GNNLXSSA,52,1092.0,265.04798548767576
1,500,5,GNNLXSSA,53,1106.0,265.04798548767576
1,500,5,GNNLXSSA,54,1120.0,264.75898885524657
1,500,5,GNNLXSSA,55,1134.0,264.75898885524657
1,500,5,GNNLXSSA,56,1148.0,264.75898885524657
1,500,5,GNNLXSSA,57,1162.0,259.9302788319692
1,500,5,GNNLXSSA,58,1175.0,259.9302788319692
1,500,5,GNNLXSSA,59,1188.0,259.89316294510354
1,500,5,GNNLXSSA,60,1202.0,259.7048015494074
1,500,5,GNNLXSSA,61,1215.0,258.1973782138448
1,500,5,GNNLXSSA,62,1228.0,256.22832416359597
1,500,5,GNNLXSSA,63,1242.0,256.1656369119082
1,500,5,GNNLXSSA,64,1256.0,256.1656369119082
1,500,5,GNNLXSSA,65,1269.0,256.1656369119082
1,500,5,GNNLXSSA,66,1283.0,256.1656369119082
1,500,5,GNNLXSSA,67,1297.0,255.9341731043096
1,500,5,GNNLXSSA,68,1311.0,255.9341731043096
1,500,5,GNNLXSSA,69,1325.0,255.85281264478544
1,500,5,GNNLXSSA,70,1339.0,255.85281264478544
1,500,5,GNNLXSSA,71,1353.0,255.84946238077828
1,500,5,GNNLXSSA,72,1366.0,255.72521992189286
1,500,5,GNNLXSSA,73,1379.0,255.4467148142212
1,500,5,GNNLXSSA,74,1393.0,255.4467148142212
1,500,5,GNNLXSSA,75,1407.0,255.4171907164491
1,500,5,GNNLXSSA,76,1421.0,255.41566228987358
1,500,5,GNNLXSSA,77,1435.0,255.41566228987358
1,500,5,GNNLXSSA,78,1448.0,255.41566228987358
1,500,5,GNNLXSSA,79,1462.0,255.41566228987358
1,500,5,GNNLXSSA,80,1475.0,255.41566228987358
1,500,5,GNNLXSSA,81,1489.0,255.35818741818366
1,500,5,GNNLXSSA,82,1503.0,255.35818741818366
1,500,5,GNNLXSSA,83,1517.0,255.3568471048129
1,500,5,GNNLXSSA,84,1531.0,255.35232495194214
1,500,5,GNNLXSSA,85,1545.0,255.35163234963693
1,500,5,GNNLXSSA,86,1558.0,255.35163234963693
1,500,5,GNNLXSSA,87,1572.0,255.35006568123208
1,500,5,GNNLXSSA,88,1586.0,255.3482285861537
1,500,5,GNNLXSSA,89,1599.0,255.34816379332187
1,500,5,GNNLXSSA,90,1611.0,255.34816379332187
1,500,5,GNNLXSSA,91,1625.0,255.31042024896306
1,500,5,GNNLXSSA,92,1638.0,255.30977935028932
1,500,5,GNNLXSSA,93,1652.0,255.30977935028932
1,500,5,GNNLXSSA,94,1665.0,255.2879510946441
1,500,5,GNNLXSSA,95,1679.0,255.27737733086542
1,500,5,GNNLXSSA,96,1692.0,255.22841909888666
1,500,5,GNNLXSSA,97,1706.0,255.21371009323047
1,500,5,GNNLXSSA,98,1720.0,255.21371009323047
1,500,5,GNNLXSSA,99,1734.0,255.21371009323047
1,500,5,GNNLXSSA,100,1748.0,255.1961464575652
1,500,5,LXSSA_REPAIR,0,30.0,546.15037016524
1,500,5,LXSSA_REPAIR,1,90.0,425.67815257014445
1,500,5,LXSSA_REPAIR,2,150.0,374.57475511397934
1,500,5,LXSSA_REPAIR,3,210.0,346.1276411463987
1,500,5,LXSSA_REPAIR,4,270.0,336.689396104397
1,500,5,LXSSA_REPAIR,5,330.0,321.38256782702956
1,500,5,LXSSA_REPAIR,6,390.0,304.133135058124
1,500,5,LXSSA_REPAIR,7,450.0,302.0777643612819
1,500,5,LXSSA_REPAIR,8,510.0,299.4573886846774
1,500,5,LXSSA_REPAIR,9,570.0,288.2858279806387
1,500,5,LXSSA_REPAIR,10,630.0,285.5910526776497
1,500,5,LXSSA_REPAIR,11,690.0,283.8077823097483
1,500,5,LXSSA_REPAIR,12,750.0,278.5975950569409
1,500,5,LXSSA_REPAIR,13,810.0,277.2197728968313
1,500,5,LXSSA_REPAIR,14,870.0,271.2409568644798
1,500,5,LXSSA_REPAIR,15,930.0,270.35196309316234
1,500,5,LXSSA_REPAIR,16,990.0,267.72917296328524
1,500,5,LXSSA_REPAIR,17,1050.0,266.74202115035587
1,500,5,LXSSA_REPAIR,18,1110.0,266.31986334101384
1,500,5,LXSSA_REPAIR,19,1170.0,262.20479319613514
1,500,5,LXSSA_REPAIR,20,1230.0,260.2915945814166
1,500,5,LXSSA_REPAIR,21,1290.0,259.5532661900652
1,500,5,LXSSA_REPAIR,22,1350.0,258.68687071858585
1,500,5,LXSSA_REPAIR,23,1410.0,257.03998542502086
1,500,5,LXSSA_REPAIR,24,1470.0,256.5380162254296
1,500,5,LXSSA_REPAIR,25,1530.0,255.7637976898477
1,500,5,LXSSA_REPAIR,26,1590.0,255.5836890037026
1,500,5,LXSSA_REPAIR,27,1650.0,255.10246459676273
1,500,5,LXSSA_REPAIR,28,1710.0,253.02249689089513
1,500,5,LXSSA_REPAIR,29,1770.0,250.95742434591375
1,500,5,LXSSA_REPAIR,30,1830.0,250.42418054141308
1,500,5,LXSSA_REPAIR,31,1890.0,250.1250591397984
1,500,5,LXSSA_REPAIR,32,1950.0,248.59993430780014
1,500,5,LXSSA_REPAIR,33,2010.0,247.2204344763668
1,500,5,LXSSA_REPAIR,34,2070.0,247.18603326273296
1,500,5,LXSSA_REPAIR,35,2130.0,244.6479249505428
1,500,5,LXSSA_REPAIR,36,2190.0,244.31531742778316
1,500,5,LXSSA_REPAIR,37,2250.0,243.47332353166712
1,500,5,LXSSA_REPAIR,38,2310.0,242.7116625268245
1,500,5,LXSSA_REPAIR,39,2370.0,242.29112600241206
1,500,5,LXSSA_REPAIR,40,2430.0,241.77407705796213
1,500,5,LXSSA_REPAIR,41,2490.0,241.51287028552179
1,500,5,LXSSA_REPAIR,42,2550.0,240.16662020324293
1,500,5,LXSSA_REPAIR,43,2610.0,238.13442037047935
1,500,5,LXSSA_REPAIR,44,2670.0,235.85613807265327
1,500,5,LXSSA_REPAIR,45,2730.0,235.2194755839664
1,500,5,LXSSA_REPAIR,46,2790.0,234.81252582267916
1,500,5,LXSSA_REPAIR,47,2850.0,234.66898524793214
1,500,5,LXSSA_REPAIR,48,2910.0,233.72922717860638
1,500,5,LXSSA_REPAIR,49,2970.0,233.69773147279193
1,500,5,LXSSA_REPAIR,50,3030.0,233.04547164099495
1,500,5,LXSSA_REPAIR,51,3090.0,232.17564433607185
1,500,5,LXSSA_REPAIR,52,3150.0,230.19352108325256
1,500,5,LXSSA_REPAIR,53,3210.0,227.49342623417033
1,500,5,LXSSA_REPAIR,54,3270.0,227.29823943557858
1,500,5,LXSSA_REPAIR,55,3330.0,227.09996564971516
1,500,5,LXSSA_REPAIR,56,3390.0,226.82428580566193
1,500,5,LXSSA_REPAIR,57,3450.0,226.77461361303722
1,500,5,LXSSA_REPAIR,58,3510.0,226.56365793229634
1,500,5,LXSSA_REPAIR,59,3570.0,225.1285262933452
1,500,5,LXSSA_REPAIR,60,3630.0,224.53266295372305
1,500,5,LXSSA_REPAIR,61,3690.0,224.50143572972593
1,500,5,LXSSA_REPAIR,62,3750.0,224.27734641369898
1,500,5,LXSSA_REPAIR,63,3810.0,224.1653853932512
1,500,5,LXSSA_REPAIR,64,3870.0,223.9988602078447
1,500,5,LXSSA_REPAIR,65,3930.0,223.90192243062484
1,500,5,LXSSA_REPAIR,66,3990.0,223.87867711619037
1,500,5,LXSSA_REPAIR,67,4050.0,223.87681749489275
1,500,5,LXSSA_REPAIR,68,4110.0,223.85935623235127
1,500,5,LXSSA_REPAIR,69,4170.0,223.8338452411408
1,500,5,LXSSA_REPAIR,70,4230.0,223.73732898063463
1,500,5,LXSSA_REPAIR,71,4290.0,223.58260519015312
1,500,5,LXSSA_REPAIR,72,4350.0,223.53818229457102
1,500,5,LXSSA_REPAIR,73,4410.0,223.52925889888866
1,500,5,LXSSA_REPAIR,74,4470.0,223.51355819801392
1,500,5,LXSSA_REPAIR,75,4530.0,223.47799809520075
1,500,5,LXSSA_REPAIR,76,4590.0,223.43244693918678
1,500,5,LXSSA_REPAIR,77,4650.0,223.4181016931907
1,500,5,LXSSA_REPAIR,78,4710.0,223.39659555427352
1,500,5,LXSSA_REPAIR,79,4770.0,223.35431976410473
1,500,5,LXSSA_REPAIR,80,4830.0,223.2916750815275
1,500,5,LXSSA_REPAIR,81,4890.0,223.27611398523732
1,500,5,LXSSA_REPAIR,82,4950.0,223.27229123879806
1,500,5,LXSSA_REPAIR,83,5010.0,223.26720257983834
1,500,5,LXSSA_REPAIR,84,5070.0,223.25836252600857
1,500,5,LXSSA_REPAIR,85,5130.0,223.25517483441945
1,500,5,LXSSA_REPAIR,86,5190.0,223.251218899175
1,500,5,LXSSA_REPAIR,87,5250.0,223.24022665857046
1,500,5,LXSSA_REPAIR,88,5310.0,223.23797729381477
1,500,5,LXSSA_REPAIR,89,5370.0,223.2323074923188
1,500,5,LXSSA_REPAIR,90,5430.0,223.21013113939262
1,500,5,LXSSA_REPAIR,91,5490.0,223.17456210425735
1,500,5,LXSSA_REPAIR,92,5550.0,223.0663669870264
1,500,5,LXSSA_REPAIR,93,5610.0,222.94827657950373
1,500,5,LXSSA_REPAIR,94,5670.0,222.7877812888546
1,500,5,LXSSA_REPAIR,95,5730.0,222.74134309498186
1,500,5,LXSSA_REPAIR,96,5790.0,222.6882451161582
1,500,5,LXSSA_REPAIR,97,5850.0,222.55973824723333
1,500,5,LXSSA_REPAIR,98,5910.0,222.32566458609654
1,500,5,LXSSA_REPAIR,99,5970.0,222.28863767545408
1,500,5,LXSSA_REPAIR,100,6030.0,222.23446210341353
1,500,6,GNNLXSSA,0,30.0,930.6436347450508
1,500,6,GNNLXSSA,1,468.0,800.2704076026348
1,500,6,GNNLXSSA,2,482.0,764.0775702842002
1,500,6,GNNLXSSA,3,495.0,749.8876098198671
1,500,6,GNNLXSSA,4,509.0,749.8876098198671
1,500,6,GNNLXSSA,5,523.0,713.1654002327705
1,500,6,GNNLXSSA,6,537.0,691.5299148297054
1,500,6,GNNLXSSA,7,551.0,684.8119503192647
1,500,6,GNNLXSSA,8,564.0,676.3357275206727
1,500,6,GNNLXSSA,9,578.0,673.1292790372972
1,500,6,GNNLXSSA,10,591.0,647.5136855073506
1,500,6,GNNLXSSA,11,604.0,647.5136855073506
1,500,6,GNNLXSSA,12,618.0,646.8993435436059
1,500,6,GNNLXSSA,13,631.0,643.7383242396463
1,500,6,GNNLXSSA,14,644.0,643.7383242396463
1,500,6,GNNLXSSA,15,657.0,610.9640212485392
1,500,6,GNNLXSSA,16,670.0,596.1526897651711
1,500,6,GNNLXSSA,17,684.0,590.35443796662
1,500,6,GNNLXSSA,18,697.0,590.35443796662
1,500,6,GNNLXSSA,19,711.0,590.35443796662
1,500,6,GNNLXSSA,20,725.0,590.35443796662
1,500,6,GNNLXSSA,21,739.0,584.6597192739137
1,500,6,GNNLXSSA,22,753.0,581.9118576534675
1,500,6,GNNLXSSA,23,766.0,581.9118576534675
1,500,6,GNNLXSSA,24,780.0,581.9118576534675
1,500,6,GNNLXSSA,25,794.0,581.9118576534675
1,500,6,GNNLXSSA,26,808.0,572.3946600596828
1,500,6,GNNLXSSA,27,822.0,572.3946600596828
1,500,6,GNNLXSSA,28,836.0,572.3946600596828
1,500,6,GNNLXSSA,29,849.0,572.3946600596828
1,500,6,GNNLXSSA,30,863.0,572.3946600596828
1,500,6,GNNLXSSA,31,877.0,572.3946600596828
1,500,6,GNNLXSSA,32,891.0,572.3946600596828
1,500,6,GNNLXSSA,33,904.0,572.3946600596828
1,500,6,GNNLXSSA,34,918.0,572.3946600596828
1,500,6,GNNLXSSA,35,932.0,572.3946600596828
1,500,6,GNNLXSSA,36,945.0,570.3365794578713
1,500,6,GNNLXSSA,37,958.0,570.3365794578713
1,500,6,GNNLXSSA,38,971.0,570.3365794578713
1,500,6,GNNLXSSA,39,984.0,570.3365794578713
1,500,6,GNNLXSSA,40,998.0,570.3365794578713
1,500,6,GNNLXSSA,41,1012.0,570.3365794578713
1,500,6,GNNLXSSA,42,1025.0,570.3365794578713
1,500,6,GNNLXSSA,43,1039.0,570.3365794578713
1,500,6,GNNLXSSA,44,1052.0,570.3365794578713
1,500,6,GNNLXSSA,45,1066.0,558.6918197258783
1,500,6,GNNLXSSA,46,1080.0,558.6918197258783
1,500,6,GNNLXSSA,47,1094.0,551.5539433563972
1,500,6,GNNLXSSA,48,1108.0,546.6969385279808
1,500,6,GNNLXSSA,49,1122.0,539.8548004149852
1,500,6,GNNLXSSA,50,1136.0,534.5979650760491
1,500,6,GNNLXSSA,51,1149.0,527.6402865408163
1,500,6,GNNLXSSA,52,1162.0,523.5760444559128
1,500,6,GNNLXSSA,53,1176.0,523.5760444559128
1,500,6,GNNLXSSA,54,1189.0,519.6865889498804
1,500,6,GNNLXSSA,55,1203.0,519.6865889498804
1,500,6,GNNLXSSA,56,1217.0,519.6865889498804
1,500,6,GNNLXSSA,57,1231.0,518.0501155241654
1,500,6,GNNLXSSA,58,1245.0,511.81011891859816
1,500,6,GNNLXSSA,59,1259.0,509.6997454679222
1,500,6,GNNLXSSA,60,1272.0,509.6997454679222
1,500,6,GNNLXSSA,61,1286.0,507.46773462352576
1,500,6,GNNLXSSA,62,1299.0,507.46773462352576
1,500,6,GNNLXSSA,63,1313.0,505.1812760524481
1,500,6,GNNLXSSA,64,1327.0,505.1812760524481
1,500,6,GNNLXSSA,65,1340.0,504.5349149727481
1,500,6,GNNLXSSA,66,1354.0,504.5349149727481
1,500,6,GNNLXSSA,67,1368.0,503.8537423053349
1,500,6,GNNLXSSA,68,1382.0,503.8537423053349
1,500,6,GNNLXSSA,69,1396.0,503.78304709115764
1,500,6,GNNLXSSA,70,1409.0,503.6953261762028
1,500,6,GNNLXSSA,71,1423.0,503.6953261762028
1,500,6,GNNLXSSA,72,1436.0,502.94123177555593
1,500,6,GNNLXSSA,73,1450.0,502.94123177555593
1,500,6,GNNLXSSA,74,1464.0,502.94123177555593
1,500,6,GNNLXSSA,75,1478.0,502.94123177555593
1,500,6,GNNLXSSA,76,1492.0,502.7749672821301
1,500,6,GNNLXSSA,77,1506.0,502.7749672821301
1,500,6,GNNLXSSA,78,1520.0,502.5741970388117
1,500,6,GNNLXSSA,79,1534.0,502.53703232979024
1,500,6,GNNLXSSA,80,1547.0,502.42117455622065
1,500,6,GNNLXSSA,81,1561.0,502.42117455622065
1,500,6,GNNLXSSA,82,1575.0,502.14217313301924
1,500,6,GNNLXSSA,83,1589.0,502.14217313301924
1,500,6,GNNLXSSA,84,1603.0,502.14217313301924
1,500,6,GNNLXSSA,85,1617.0,502.14217313301924
1,500,6,GNNLXSSA,86,1629.0,502.14217313301924
1,500,6,GNNLXSSA,87,1642.0,502.14217313301924
1,500,6,GNNLXSSA,88,1655.0,502.14217313301924
1,500,6,GNNLXSSA,89,1669.0,502.14217313301924
1,500,6,GNNLXSSA,90,1682.0,502.14217313301924
1,500,6,GNNLXSSA,91,1696.0,502.14217313301924
1,500,6,GNNLXSSA,92,1710.0,502.14217313301924
1,500,6,GNNLXSSA,93,1724.0,502.14217313301924
1,500,6,GNNLXSSA,94,1738.0,501.87523818508635
1,500,6,GNNLXSSA,95,1751.0,501.65331243994297
1,500,6,GNNLXSSA,96,1765.0,501.65331243994297
1,500,6,GNNLXSSA,97,1778.0,501.65331243994297
1,500,6,GNNLXSSA,98,1792.0,501.65331243994297
1,500,6,GNNLXSSA,99,1805.0,501.65331243994297
1,500,6,GNNLXSSA,100,1819.0,501.42624678229186
1,500,6,LXSSA_REPAIR,0,30.0,998.591378343408
1,500,6,LXSSA_REPAIR,1,90.0,886.3719441957655
1,500,6,LXSSA_REPAIR,2,150.0,733.4967096701585
1,500,6,LXSSA_REPAIR,3,210.0,690.215385738149
1,500,6,LXSSA_REPAIR,4,270.0,656.4191572818745
1,500,6,LXSSA_REPAIR,5,330.0,639.3998362450438
1,500,6,LXSSA_REPAIR,6,390.0,613.5860700272315
1,500,6,LXSSA_REPAIR,7,450.0,606.6765759973787
1,500,6,LXSSA_REPAIR,8,510.0,604.109466051872
1,500,6,LXSSA_REPAIR,9,570.0,600.0594844905136
1,500,6,LXSSA_REPAIR,10,630.0,597.3237438570795
1,500,6,LXSSA_REPAIR,11,690.0,578.0383159216872
1,500,6,LXSSA_REPAIR,12,750.0,576.5818943541963
1,500,6,LXSSA_REPAIR,13,810.0,575.2371776074506
1,500,6,LXSSA_REPAIR,14,870.0,572.7375407450818
1,500,6,LXSSA_REPAIR,15,930.0,569.7096851558017
1,500,6,LXSSA_REPAIR,16,990.0,566.3048460581849
1,500,6,LXSSA_REPAIR,17,1050.0,562.9967327927443
1,500,6,LXSSA_REPAIR,18,1110.0,562.0959653828468
1,500,6,LXSSA_REPAIR,19,1170.0,558.8894937721925
1,500,6,LXSSA_REPAIR,20,1230.0,555.3310909312568
1,500,6,LXSSA_REPAIR,21,1290.0,551.2387668150841
1,500,6,LXSSA_REPAIR,22,1350.0,547.7044818213108
1,500,6,LXSSA_REPAIR,23,1410.0,544.9106708936524
1,500,6,LXSSA_REPAIR,24,1470.0,542.2590145897266
1,500,6,LXSSA_REPAIR,25,1530.0,537.1567517496078
1,500,6,LXSSA_REPAIR,26,1590.0,534.4294839844515
1,500,6,LXSSA_REPAIR,27,1650.0,531.4620042449678
1,500,6,LXSSA_REPAIR,28,1710.0,530.2634152896208
1,500,6,LXSSA_REPAIR,29,1770.0,529.8623472185791
1,500,6,LXSSA_REPAIR,30,1830.0,528.4561489917323
1,500,6,LXSSA_REPAIR,31,1890.0,528.0323412647485
1,500,6,LXSSA_REPAIR,32,1950.0,527.5213170614879
1,500,6,LXSSA_REPAIR,33,2010.0,527.3225416329296
1,500,6,LXSSA_REPAIR,34,2070.0,521.1767231070553
1,500,6,LXSSA_REPAIR,35,2130.0,518.0605241203084
1,500,6,LXSSA_REPAIR,36,2190.0,516.4874905749457
1,500,6,LXSSA_REPAIR,37,2250.0,514.3851413166121
1,500,6,LXSSA_REPAIR,38,2310.0,510.5880228967144
1,500,6,LXSSA_REPAIR,39,2370.0,508.3960652473543
1,500,6,LXSSA_REPAIR,40,2430.0,506.63763009777904
1,500,6,LXSSA_REPAIR,41,2490.0,503.3263279581588
1,500,6,LXSSA_REPAIR,42,2550.0,502.6379405969783
1,500,6,LXSSA_REPAIR,43,2610.0,498.6887277663991
1,500,6,LXSSA_REPAIR,44,2670.0,496.4367127164005
1,500,6,LXSSA_REPAIR,45,2730.0,495.7130491308417
1,500,6,LXSSA_REPAIR,46,2790.0,495.2456692630076
1,500,6,LXSSA_REPAIR,47,2850.0,495.07846800827247
1,500,6,LXSSA_REPAIR,48,2910.0,494.4880981913375
1,500,6,LXSSA_REPAIR,49,2970.0,493.7964642310035
1,500,6,LXSSA_REPAIR,50,3030.0,493.72970745298517
1,500,6,LXSSA_REPAIR,51,3090.0,493.64130145181844
1,500,6,LXSSA_REPAIR,52,3150.0,493.4106903794964
1,500,6,LXSSA_REPAIR,53,3210.0,490.3442789877954
1,500,6,LXSSA_REPAIR,54,3270.0,489.8277105255693
1,500,6,LXSSA_REPAIR,55,3330.0,488.4884953829969
1,500,6,LXSSA_REPAIR,56,3390.0,488.4426986367471
1,500,6,LXSSA_REPAIR,57,3450.0,487.76628878690826
1,500,6,LXSSA_REPAIR,58,3510.0,486.1827785883943
1,500,6,LXSSA_REPAIR,59,3570.0,486.1736255470023
1,500,6,LXSSA_REPAIR,60,3630.0,483.77472868219047
1,500,6,LXSSA_REPAIR,61,3690.0,480.72714271797304
1,500,6,LXSSA_REPAIR,62,3750.0,479.7796213721376
1,500,6,LXSSA_REPAIR,63,3810.0,479.42425244181504
1,500,6,LXSSA_REPAIR,64,3870.0,479.32194814221293
1,500,6,LXSSA_REPAIR,65,3930.0,479.2229166160614
1,500,6,LXSSA_REPAIR,66,3990.0,479.1510263898017
1,500,6,LXSSA_REPAIR,67,4050.0,478.9555074998134
1,500,6,LXSSA_REPAIR,68,4110.0,478.74683256205753
1,500,6,LXSSA_REPAIR,69,4170.0,478.5500874463396
1,500,6,LXSSA_REPAIR,70,4230.0,476.03680261165573
1,500,6,LXSSA_REPAIR,71,4290.0,474.5432754186477
1,500,6,LXSSA_REPAIR,72,4350.0,474.218538661451
1,500,6,LXSSA_REPAIR,73,4410.0,474.1815187820903
1,500,6,LXSSA_REPAIR,74,4470.0,474.0669279419526
1,500,6,LXSSA_REPAIR,75,4530.0,474.04941516314284
1,500,6,LXSSA_REPAIR,76,4590.0,474.0081219052008
1,500,6,LXSSA_REPAIR,77,4650.0,473.8880394693042
1,500,6,LXSSA_REPAIR,78,4710.0,473.8835912408176
1,500,6,LXSSA_REPAIR,79,4770.0,473.877844926792
1,500,6,LXSSA_REPAIR,80,4830.0,473.86532214522595
1,500,6,LXSSA_REPAIR,81,4890.0,473.8580446479318
1,500,6,LXSSA_REPAIR,82,4950.0,473.8398175011753
1,500,6,LXSSA_REPAIR,83,5010.0,473.8255215090976
1,500,6,LXSSA_REPAIR,84,5070.0,473.8229036074554
1,500,6,LXSSA_REPAIR,85,5130.0,473.82155943436373
1,500,6,LXSSA_REPAIR,86,5190.0,473.8189856568715
1,500,6,LXSSA_REPAIR,87,5250.0,473.8168431907834
1,500,6,LXSSA_REPAIR,88,5310.0,473.5903241610649
1,500,6,LXSSA_REPAIR,89,5370.0,473.4141102161011
1,500,6,LXSSA_REPAIR,90,5430.0,473.1818083900944
1,500,6,LXSSA_REPAIR,91,5490.0,473.17717870484194
1,500,6,LXSSA_REPAIR,92,5550.0,473.1711207433691
1,500,6,LXSSA_REPAIR,93,5610.0,473.16929288804386
1,500,6,LXSSA_REPAIR,94,5670.0,473.1684327956318
1,500,6,LXSSA_REPAIR,95,5730.0,473.16784432139684
1,500,6,LXSSA_REPAIR,96,5790.0,473.1673468669833
1,500,6,LXSSA_REPAIR,97,5850.0,473.1645490293304
1,500,6,LXSSA_REPAIR,98,5910.0,473.16045175719773
1,500,6,LXSSA_REPAIR,99,5970.0,473.1599549332823
1,500,6,LXSSA_REPAIR,100,6030.0,473.159867576971
1,500,7,GNNLXSSA,0,30.0,1778.7829674360473
1,500,7,GNNLXSSA,1,532.0,1312.7191838047438
1,500,7,GNNLXSSA,2,546.0,1159.3808599126787
1,500,7,GNNLXSSA,3,560.0,1148.9042409874382
1,500,7,GNNLXSSA,4,574.0,1049.1967454789556
1,500,7,GNNLXSSA,5,588.0,1049.1967454789556
1,500,7,GNNLXSSA,6,601.0,1008.7097929115043
1,500,7,GNNLXSSA,7,613.0,994.6915025921699
1,500,7,GNNLXSSA,8,626.0,994.6915025921699
1,500,7,GNNLXSSA,9,639.0,976.438831869702
1,500,7,GNNLXSSA,10,653.0,968.5231214659725
1,500,7,GNNLXSSA,11,666.0,961.035111511701
1,500,7,GNNLXSSA,12,679.0,956.3021700391182
1,500,7,GNNLXSSA,13,693.0,956.3021700391182
1,500,7,GNNLXSSA,14,707.0,954.0773643903376
1,500,7,GNNLXSSA,15,721.0,954.0773643903376
1,500,7,GNNLXSSA,16,734.0,954.0773643903376
1,500,7,GNNLXSSA,17,747.0,950.8466403143975
1,500,7,GNNLXSSA,18,761.0,950.8466403143975
1,500,7,GNNLXSSA,19,775.0,947.1875785628654
1,500,7,GNNLXSSA,20,789.0,941.9478271615008
1,500,7,GNNLXSSA,21,802.0,936.8643213734395
1,500,7,GNNLXSSA,22,816.0,936.8643213734395
1,500,7,GNNLXSSA,23,829.0,923.1510233313165
1,500,7,GNNLXSSA,24,843.0,923.1510233313165
1,500,7,GNNLXSSA,25,856.0,923.1510233313165
1,500,7,GNNLXSSA,26,869.0,923.1510233313165
1,500,7,GNNLXSSA,27,883.0,912.7804706636889
1,500,7,GNNLXSSA,28,897.0,908.7414915973277
1,500,7,GNNLXSSA,29,910.0,908.7414915973277
1,500,7,GNNLXSSA,30,924.0,904.2695024216591
1,500,7,GNNLXSSA,31,938.0,904.2695024216591
1,500,7,GNNLXSSA,32,952.0,904.2695024216591
1,500,7,GNNLXSSA,33,965.0,904.2695024216591
1,500,7,GNNLXSSA,34,979.0,904.2695024216591
1,500,7,GNNLXSSA,35,993.0,904.2695024216591
1,500,7,GNNLXSSA,36,1007.0,896.7076793016895
1,500,7,GNNLXSSA,37,1021.0,891.4027491322413
1,500,7,GNNLXSSA,38,1035.0,891.0635820815587
1,500,7,GNNLXSSA,39,1048.0,891.0635820815587
1,500,7,GNNLXSSA,40,1062.0,890.112219981289
1,500,7,GNNLXSSA,41,1076.0,890.112219981289
1,500,7,GNNLXSSA,42,1090.0,890.112219981289
1,500,7,GNNLXSSA,43,1104.0,884.6009688649865
1,500,7,GNNLXSSA,44,1118.0,883.4007895051327
1,500,7,GNNLXSSA,45,1131.0,883.4007895051327
1,500,7,GNNLXSSA,46,1145.0,883.4007895051327
1,500,7,GNNLXSSA,47,1159.0,881.3058286774321
1,500,7,GNNLXSSA,48,1173.0,877.9440916669555
1,500,7,GNNLXSSA,49,1187.0,877.9440916669555
1,500,7,GNNLXSSA,50,1200.0,871.1182057537517
1,500,7,GNNLXSSA,51,1214.0,871.1182057537517
1,500,7,GNNLXSSA,52,1228.0,860.1672609057496
1,500,7,GNNLXSSA,53,1242.0,860.1672609057496
1,500,7,GNNLXSSA,54,1256.0,860.1672609057496
1,500,7,GNNLXSSA,55,1269.0,860.1672609057496
1,500,7,GNNLXSSA,56,1281.0,856.9668509335534
1,500,7,GNNLXSSA,57,1295.0,851.6757903121979
1,500,7,GNNLXSSA,58,1309.0,841.3970292492595
1,500,7,GNNLXSSA,59,1323.0,841.3970292492595
1,500,7,GNNLXSSA,60,1336.0,832.2069697512779
1,500,7,GNNLXSSA,61,1349.0,827.4245256138456
1,500,7,GNNLXSSA,62,1363.0,824.9186031342615
1,500,7,GNNLXSSA,63,1375.0,824.9186031342615
1,500,7,GNNLXSSA,64,1389.0,824.9186031342615
1,500,7,GNNLXSSA,65,1403.0,824.9186031342615
1,500,7,GNNLXSSA,66,1416.0,822.8229270275697
1,500,7,GNNLXSSA,67,1429.0,820.3241401684936
1,500,7,GNNLXSSA,68,1442.0,818.5219062592223
1,500,7,GNNLXSSA,69,1456.0,818.5219062592223
1,500,7,GNNLXSSA,70,1469.0,813.2694225517407
1,500,7,GNNLXSSA,71,1483.0,813.2694225517407
1,500,7,GNNLXSSA,72,1497.0,810.744406783786
1,500,7,GNNLXSSA,73,1511.0,810.744406783786
1,500,7,GNNLXSSA,74,1524.0,808.2970312754114
1,500,7,GNNLXSSA,75,1538.0,807.992925335755
1,500,7,GNNLXSSA,76,1552.0,803.491063698064
1,500,7,GNNLXSSA,77,1565.0,803.3598147910307
1,500,7,GNNLXSSA,78,1579.0,803.0897161417306
1,500,7,GNNLXSSA,79,1591.0,802.7537478954982
1,500,7,GNNLXSSA,80,1605.0,802.7537478954982
1,500,7,GNNLXSSA,81,1619.0,802.7537478954982
1,500,7,GNNLXSSA,82,1633.0,802.7537478954982
1,500,7,GNNLXSSA,83,1647.0,802.7537478954982
1,500,7,GNNLXSSA,84,1661.0,802.7537478954982
1,500,7,GNNLXSSA,85,1675.0,802.7537478954982
1,500,7,GNNLXSSA,86,1689.0,802.7537478954982
1,500,7,GNNLXSSA,87,1702.0,802.7537478954982
1,500,7,GNNLXSSA,88,1716.0,802.7537478954982
1,500,7,GNNLXSSA,89,1730.0,802.7537478954982
1,500,7,GNNLXSSA,90,1744.0,802.7537478954982
1,500,7,GNNLXSSA,91,1758.0,802.7537478954982
1,500,7,GNNLXSSA,92,1771.0,802.7537478954982
1,500,7,GNNLXSSA,93,1785.0,802.7537478954982
1,500,7,GNNLXSSA,94,1799.0,802.7037550087625
1,500,7,GNNLXSSA,95,1813.0,802.0434220538955
1,500,7,GNNLXSSA,96,1826.0,802.0434220538955
1,500,7,GNNLXSSA,97,1839.0,802.0434220538955
1,500,7,GNNLXSSA,98,1853.0,802.0434220538955
1,500,7,GNNLXSSA,99,1866.0,802.0434220538955
1,500,7,GNNLXSSA,100,1879.0,802.0434220538955
1,500,7,LXSSA_REPAIR,0,30.0,1734.0713988536008
1,500,7,LXSSA_REPAIR,1,90.0,1440.196478636688
1,500,7,LXSSA_REPAIR,2,150.0,1163.1780433950287
1,500,7,LXSSA_REPAIR,3,210.0,1100.3081734776642
1,500,7,LXSSA_REPAIR,4,270.0,1078.753919720235
1,500,7,LXSSA_REPAIR,5,330.0,1047.5881303684291
1,500,7,LXSSA_REPAIR,6,390.0,1027.2208030957117
1,500,7,LXSSA_REPAIR,7,450.0,1010.6160918642054
1,500,7,LXSSA_REPAIR,8,510.0,1005.9342092372899
1,500,7,LXSSA_REPAIR,9,570.0,963.7413773266817
1,500,7,LXSSA_REPAIR,10,630.0,961.9938483717633
1,500,7,LXSSA_REPAIR,11,690.0,956.7818297062186
1,500,7,LXSSA_REPAIR,12,750.0,954.222979735132
1,500,7,LXSSA_REPAIR,13,810.0,943.6931912308646
1,500,7,LXSSA_REPAIR,14,870.0,938.9715355372173
1,500,7,LXSSA_REPAIR,15,930.0,923.6698421290494
1,500,7,LXSSA_REPAIR,16,990.0,922.0195175353074
1,500,7,LXSSA_REPAIR,17,1050.0,919.2867343577745
1,500,7,LXSSA_REPAIR,18,1110.0,914.8145263028637
1,500,7,LXSSA_REPAIR,19,1170.0,904.5466806175828
1,500,7,LXSSA_REPAIR,20,1230.0,891.9977796299718
1,500,7,LXSSA_REPAIR,21,1290.0,887.2557786432444
1,500,7,LXSSA_REPAIR,22,1350.0,881.1538514577551
1,500,7,LXSSA_REPAIR,23,1410.0,879.8589454364192
1,500,7,LXSSA_REPAIR,24,1470.0,874.8033525989376
1,500,7,LXSSA_REPAIR,25,1530.0,873.1065568752674
1,500,7,LXSSA_REPAIR,26,1590.0,868.1790274786108
1,500,7,LXSSA_REPAIR,27,1650.0,867.2724965653761
1,500,7,LXSSA_REPAIR,28,1710.0,866.3298360303961
1,500,7,LXSSA_REPAIR,29,1770.0,865.7544740254016
1,500,7,LXSSA_REPAIR,30,1830.0,865.6693460082533
1,500,7,LXSSA_REPAIR,31,1890.0,858.1820969997716
1,500,7,LXSSA_REPAIR,32,1950.0,857.3313263754899
1,500,7,LXSSA_REPAIR,33,2010.0,857.0532779274727
1,500,7,LXSSA_REPAIR,34,2070.0,855.8965947834149
1,500,7,LXSSA_REPAIR,35,2130.0,855.7533629652753
1,500,7,LXSSA_REPAIR,36,2190.0,852.936829333179
1,500,7,LXSSA_REPAIR,37,2250.0,847.4008504978628
1,500,7,LXSSA_REPAIR,38,2310.0,840.2706299224665
1,500,7,LXSSA_REPAIR,39,2370.0,837.8613435799998
1,500,7,LXSSA_REPAIR,40,2430.0,837.4159381303107
1,500,7,LXSSA_REPAIR,41,2490.0,836.9920340589961
1,500,7,LXSSA_REPAIR,42,2550.0,835.1917565368858
1,500,7,LXSSA_REPAIR,43,2610.0,834.5140458498499
1,500,7,LXSSA_REPAIR,44,2670.0,834.5013341307131
1,500,7,LXSSA_REPAIR,45,2730.0,832.9422772147882
1,500,7,LXSSA_REPAIR,46,2790.0,831.3838276821916
1,500,7,LXSSA_REPAIR,47,2850.0,831.3699366717337
1,500,7,LXSSA_REPAIR,48,2910.0,829.5967940392802
1,500,7,LXSSA_REPAIR,49,2970.0,829.007450737532
1,500,7,LXSSA_REPAIR,50,3030.0,827.7962979084405
1,500,7,LXSSA_REPAIR,51,3090.0,827.2698777291298
1,500,7,LXSSA_REPAIR,52,3150.0,826.9155687553139
1,500,7,LXSSA_REPAIR,53,3210.0,826.3145111720733
1,500,7,LXSSA_REPAIR,54,3270.0,825.9954005285326
1,500,7,LXSSA_REPAIR,55,3330.0,825.6451808243
1,500,7,LXSSA_REPAIR,56,3390.0,824.41592612768
1,500,7,LXSSA_REPAIR,57,3450.0,823.7936867234093
1,500,7,LXSSA_REPAIR,58,3510.0,823.6566858386286
1,500,7,LXSSA_REPAIR,59,3570.0,823.4811065363465
1,500,7,LXSSA_REPAIR,60,3630.0,822.6348525122739
1,500,7,LXSSA_REPAIR,61,3690.0,822.565092862118
1,500,7,LXSSA_REPAIR,62,3750.0,821.2725166358796
1,500,7,LXSSA_REPAIR,63,3810.0,820.6460039316153
1,500,7,LXSSA_REPAIR,64,3870.0,819.2877144720042
1,500,7,LXSSA_REPAIR,65,3930.0,817.970379347571
1,500,7,LXSSA_REPAIR,66,3990.0,816.2522655475914
1,500,7,LXSSA_REPAIR,67,4050.0,814.9742113285829
1,500,7,LXSSA_REPAIR,68,4110.0,813.7673602336072
1,500,7,LXSSA_REPAIR,69,4170.0,812.3294603319155
1,500,7,LXSSA_REPAIR,70,4230.0,810.135954965277
1,500,7,LXSSA_REPAIR,71,4290.0,808.5992418960377
1,500,7,LXSSA_REPAIR,72,4350.0,807.1004847774384
1,500,7,LXSSA_REPAIR,73,4410.0,804.6931489953495
1,500,7,LXSSA_REPAIR,74,4470.0,801.8058258231467
1,500,7,LXSSA_REPAIR,75,4530.0,801.5816034131858
1,500,7,LXSSA_REPAIR,76,4590.0,801.2910871943386
1,500,7,LXSSA_REPAIR,77,4650.0,801.1677318412694
1,500,7,LXSSA_REPAIR,78,4710.0,800.9412939030663
1,500,7,LXSSA_REPAIR,79,4770.0,800.4124877092763
1,500,7,LXSSA_REPAIR,80,4830.0,799.9505981340699
1,500,7,LXSSA_REPAIR,81,4890.0,799.9030580856634
1,500,7,LXSSA_REPAIR,82,4950.0,799.8157653730595
1,500,7,LXSSA_REPAIR,83,5010.0,799.376769311777
1,500,7,LXSSA_REPAIR,84,5070.0,798.7259953422617
1,500,7,LXSSA_REPAIR,85,5130.0,798.3733600869455
1,500,7,LXSSA_REPAIR,86,5190.0,797.1912177854392
1,500,7,LXSSA_REPAIR,87,5250.0,795.5668613849411
1,500,7,LXSSA_REPAIR,88,5310.0,795.1997838107709
1,500,7,LXSSA_REPAIR,89,5370.0,794.7234929796323
1,500,7,LXSSA_REPAIR,90,5430.0,794.3499141703287
1,500,7,LXSSA_REPAIR,91,5490.0,793.5840873782145
1,500,7,LXSSA_REPAIR,92,5550.0,792.6106451743399
1,500,7,LXSSA_REPAIR,93,5610.0,792.581024084524
1,500,7,LXSSA_REPAIR,94,5670.0,792.5726423176166
1,500,7,LXSSA_REPAIR,95,5730.0,792.5592913630389
1,500,7,LXSSA_REPAIR,96,5790.0,792.5366784235885
1,500,7,LXSSA_REPAIR,97,5850.0,792.484314287547
1,500,7,LXSSA_REPAIR,98,5910.0,792.3170658211893
1,500,7,LXSSA_REPAIR,99,5970.0,792.0353876754816
1,500,7,LXSSA_REPAIR,100,6030.0,791.9602926337466
1,500,8,GNNLXSSA,0,30.0,2232.3648642078333
1,500,8,GNNLXSSA,1,595.0,1949.9440139417347
1,500,8,GNNLXSSA,2,609.0,1894.9722707242618
1,500,8,GNNLXSSA,3,622.0,1890.9936033778795
1,500,8,GNNLXSSA,4,635.0,1886.3659020272898
1,500,8,GNNLXSSA,5,649.0,1867.6216773273045
1,500,8,GNNLXSSA,6,662.0,1838.223337081392
1,500,8,GNNLXSSA,7,676.0,1838.223337081392
1,500,8,GNNLXSSA,8,690.0,1816.48006985127
1,500,8,GNNLXSSA,9,704.0,1816.48006985127
1,500,8,GNNLXSSA,10,718.0,1813.2497484137493
1,500,8,GNNLXSSA,11,730.0,1813.2497484137493
1,500,8,GNNLXSSA,12,744.0,1813.2497484137493
1,500,8,GNNLXSSA,13,757.0,1813.2497484137493
1,500,8,GNNLXSSA,14,771.0,1813.2497484137493
1,500,8,GNNLXSSA,15,785.0,1804.584962794892
1,500,8,GNNLXSSA,16,799.0,1804.584962794892
1,500,8,GNNLXSSA,17,813.0,1804.584962794892
1,500,8,GNNLXSSA,18,827.0,1796.1083266506903
1,500,8,GNNLXSSA,19,840.0,1796.1083266506903
1,500,8,GNNLXSSA,20,853.0,1787.2181211962888
1,500,8,GNNLXSSA,21,867.0,1787.2181211962888
1,500,8,GNNLXSSA,22,881.0,1787.2181211962888
1,500,8,GNNLXSSA,23,894.0,1776.3423183285995
1,500,8,GNNLXSSA,24,907.0,1769.1373598649152
1,500,8,GNNLXSSA,25,921.0,1769.1373598649152
1,500,8,GNNLXSSA,26,934.0,1769.1373598649152
1,500,8,GNNLXSSA,27,948.0,1769.1373598649152
1,500,8,GNNLXSSA,28,962.0,1769.1373598649152
1,500,8,GNNLXSSA,29,976.0,1747.071150688018
1,500,8,GNNLXSSA,30,990.0,1744.0855775864766
1,500,8,GNNLXSSA,31,1004.0,1744.0855775864766
1,500,8,GNNLXSSA,32,1018.0,1734.2685977549045
1,500,8,GNNLXSSA,33,1031.0,1732.4332154255462
1,500,8,GNNLXSSA,34,1045.0,1726.1842066138415
1,500,8,GNNLXSSA,35,1058.0,1717.8772072230786
1,500,8,GNNLXSSA,36,1072.0,1717.8772072230786
1,500,8,GNNLXSSA,37,1085.0,1714.6882425212534
1,500,8,GNNLXSSA,38,1099.0,1714.6882425212534
1,500,8,GNNLXSSA,39,1112.0,1711.1525858624082
1,500,8,GNNLXSSA,40,1126.0,1708.6485452385896
1,500,8,GNNLXSSA,41,1139.0,1708.5097337846018
1,500,8,GNNLXSSA,42,1153.0,1708.5097337846018
1,500,8,GNNLXSSA,43,1167.0,1708.5097337846018
1,500,8,GNNLXSSA,44,1181.0,1706.844195329184
1,500,8,GNNLXSSA,45,1195.0,1706.844195329184
1,500,8,GNNLXSSA,46,1209.0,1674.1936206678365
1,500,8,GNNLXSSA,47,1223.0,1670.555135368726
1,500,8,GNNLXSSA,48,1237.0,1668.7388437860282
1,500,8,GNNLXSSA,49,1251.0,1668.263261484317
1,500,8,GNNLXSSA,50,1265.0,1655.5902129148963
1,500,8,GNNLXSSA,51,1277.0,1645.1900800255025
1,500,8,GNNLXSSA,52,1290.0,1634.4798017833673
1,500,8,GNNLXSSA,53,1304.0,1634.3650082718013
1,500,8,GNNLXSSA,54,1318.0,1630.4629539468515
1,500,8,GNNLXSSA,55,1331.0,1613.7899349427244
1,500,8,GNNLXSSA,56,1344.0,1613.7899349427244
1,500,8,GNNLXSSA,57,1357.0,1613.7899349427244
1,500,8,GNNLXSSA,58,1371.0,1613.7899349427244
1,500,8,GNNLXSSA,59,1385.0,1605.5468609055752
1,500,8,GNNLXSSA,60,1399.0,1597.898674715383
1,500,8,GNNLXSSA,61,1413.0,1589.60609390046
1,500,8,GNNLXSSA,62,1427.0,1589.60609390046
1,500,8,GNNLXSSA,63,1440.0,1583.461229845685
1,500,8,GNNLXSSA,64,1454.0,1580.8283898524533
1,500,8,GNNLXSSA,65,1468.0,1579.9616334560706
1,500,8,GNNLXSSA,66,1482.0,1579.151156099877
1,500,8,GNNLXSSA,67,1496.0,1577.3756242199452
1,500,8,GNNLXSSA,68,1509.0,1577.3756242199452
1,500,8,GNNLXSSA,69,1522.0,1576.8849234670051
1,500,8,GNNLXSSA,70,1536.0,1576.1810807843794
1,500,8,GNNLXSSA,71,1550.0,1575.3664683813477
1,500,8,GNNLXSSA,72,1564.0,1575.3664683813477
1,500,8,GNNLXSSA,73,1576.0,1574.8931175773469
1,500,8,GNNLXSSA,74,1590.0,1574.8931175773469
1,500,8,GNNLXSSA,75,1604.0,1574.7772456216771
1,500,8,GNNLXSSA,76,1618.0,1574.7772456216771
1,500,8,GNNLXSSA,77,1632.0,1574.766714761121
1,500,8,GNNLXSSA,78,1645.0,1574.766714761121
1,500,8,GNNLXSSA,79,1659.0,1574.7487779593066
1,500,8,GNNLXSSA,80,1672.0,1574.7487779593066
1,500,8,GNNLXSSA,81,1686.0,1574.7487779593066
1,500,8,GNNLXSSA,82,1700.0,1563.0613516938174
1,500,8,GNNLXSSA,83,1713.0,1563.0613516938174
1,500,8,GNNLXSSA,84,1727.0,1562.5382419021626
1,500,8,GNNLXSSA,85,1740.0,1562.5382419021626
1,500,8,GNNLXSSA,86,1754.0,1562.5382419021626
1,500,8,GNNLXSSA,87,1767.0,1562.2631297838088
1,500,8,GNNLXSSA,88,1781.0,1562.2631297838088
1,500,8,GNNLXSSA,89,1795.0,1562.2631297838088
1,500,8,GNNLXSSA,90,1809.0,1562.2631297838088
1,500,8,GNNLXSSA,91,1822.0,1562.2631297838088
1,500,8,GNNLXSSA,92,1836.0,1562.2631297838088
1,500,8,GNNLXSSA,93,1850.0,1562.2631297838088
1,500,8,GNNLXSSA,94,1863.0,1562.1264105216178
1,500,8,GNNLXSSA,95,1877.0,1562.1264105216178
1,500,8,GNNLXSSA,96,1891.0,1562.1264105216178
1,500,8,GNNLXSSA,97,1904.0,1562.1264105216178
1,500,8,GNNLXSSA,98,1916.0,1561.8622944003873
1,500,8,GNNLXSSA,99,1929.0,1561.8622944003873
1,500,8,GNNLXSSA,100,1942.0,1561.8622944003873
1,500,8,LXSSA_REPAIR,0,30.0,2292.952244680382
1,500,8,LXSSA_REPAIR,1,90.0,2080.162162757777
1,500,8,LXSSA_REPAIR,2,150.0,1921.6959683415334
1,500,8,LXSSA_REPAIR,3,210.0,1848.1130451038698
1,500,8,LXSSA_REPAIR,4,270.0,1737.7497873414686
1,500,8,LXSSA_REPAIR,5,330.0,1695.1573165635127
1,500,8,LXSSA_REPAIR,6,390.0,1690.8750570682896
1,500,8,LXSSA_REPAIR,7,450.0,1674.3399367987222
1,500,8,LXSSA_REPAIR,8,510.0,1669.2024267341694
1,500,8,LXSSA_REPAIR,9,570.0,1664.6306624489225
1,500,8,LXSSA_REPAIR,10,630.0,1651.3240747072705
1,500,8,LXSSA_REPAIR,11,690.0,1629.6536120011442
1,500,8,LXSSA_REPAIR,12,750.0,1624.9915662774365
1,500,8,LXSSA_REPAIR,13,810.0,1621.8402291319944
1,500,8,LXSSA_REPAIR,14,870.0,1620.4728537970732
1,500,8,LXSSA_REPAIR,15,930.0,1554.558202308508
1,500,8,LXSSA_REPAIR,16,990.0,1550.0766696387582
1,500,8,LXSSA_REPAIR,17,1050.0,1541.0174393840425
1,500,8,LXSSA_REPAIR,18,1110.0,1534.9941120355215
1,500,8,LXSSA_REPAIR,19,1170.0,1518.3935179430337
1,500,8,LXSSA_REPAIR,20,1230.0,1517.2189349147375
1,500,8,LXSSA_REPAIR,21,1290.0,1517.057746374645
1,500,8,LXSSA_REPAIR,22,1350.0,1496.8017937917975
1,500,8,LXSSA_REPAIR,23,1410.0,1493.6564720286115
1,500,8,LXSSA_REPAIR,24,1470.0,1481.1186611439334
1,500,8,LXSSA_REPAIR,25,1530.0,1480.8478367889184
1,500,8,LXSSA_REPAIR,26,1590.0,1471.5891733526223
1,500,8,LXSSA_REPAIR,27,1650.0,1469.1075929147191
1,500,8,LXSSA_REPAIR,28,1710.0,1466.5015467297344
1,500,8,LXSSA_REPAIR,29,1770.0,1464.8360350853618
1,500,8,LXSSA_REPAIR,30,1830.0,1463.7591413295013
1,500,8,LXSSA_REPAIR,31,1890.0,1462.32196086771
1,500,8,LXSSA_REPAIR,32,1950.0,1453.09514403691
1,500,8,LXSSA_REPAIR,33,2010.0,1438.3430762823555
1,500,8,LXSSA_REPAIR,34,2070.0,1435.4320346581517
1,500,8,LXSSA_REPAIR,35,2130.0,1418.751088201694
1,500,8,LXSSA_REPAIR,36,2190.0,1418.5539970902682
1,500,8,LXSSA_REPAIR,37,2250.0,1418.5539970902682
1,500,8,LXSSA_REPAIR,38,2310.0,1415.2894337739563
1,500,8,LXSSA_REPAIR,39,2370.0,1408.6716025880014
1,500,8,LXSSA_REPAIR,40,2430.0,1403.281177157609
1,500,8,LXSSA_REPAIR,41,2490.0,1401.3712088237953
1,500,8,LXSSA_REPAIR,42,2550.0,1396.8188785224993
1,500,8,LXSSA_REPAIR,43,2610.0,1390.8888781009955
1,500,8,LXSSA_REPAIR,44,2670.0,1389.3735702132253
1,500,8,LXSSA_REPAIR,45,2730.0,1388.5636847355345
1,500,8,LXSSA_REPAIR,46,2790.0,1383.099978723607
1,500,8,LXSSA_REPAIR,47,2850.0,1382.8880468991847
1,500,8,LXSSA_REPAIR,48,2910.0,1381.2970545816788
1,500,8,LXSSA_REPAIR,49,2970.0,1376.9045732695377
1,500,8,LXSSA_REPAIR,50,3030.0,1374.0882235016252
1,500,8,LXSSA_REPAIR,51,3090.0,1372.000130827044
1,500,8,LXSSA_REPAIR,52,3150.0,1371.6517557264233
1,500,8,LXSSA_REPAIR,53,3210.0,1371.4657284221175
1,500,8,LXSSA_REPAIR,54,3270.0,1370.660924146825
1,500,8,LXSSA_REPAIR,55,3330.0,1367.7070730662672
1,500,8,LXSSA_REPAIR,56,3390.0,1367.706829144321
1,500,8,LXSSA_REPAIR,57,3450.0,1367.0621375228366
1,500,8,LXSSA_REPAIR,58,3510.0,1366.8224120753293
1,500,8,LXSSA_REPAIR,59,3570.0,1365.4997693371406
1,500,8,LXSSA_REPAIR,60,3630.0,1361.6516662134964
1,500,8,LXSSA_REPAIR,61,3690.0,1358.9449683420244
1,500,8,LXSSA_REPAIR,62,3750.0,1358.747524863109
1,500,8,LXSSA_REPAIR,63,3810.0,1357.8295827871334
1,500,8,LXSSA_REPAIR,64,3870.0,1357.1451930250041
1,500,8,LXSSA_REPAIR,65,3930.0,1356.487511286272
1,500,8,LXSSA_REPAIR,66,3990.0,1356.0158629652287
1,500,8,LXSSA_REPAIR,67,4050.0,1354.1545313843453
1,500,8,LXSSA_REPAIR,68,4110.0,1352.09514387534
1,500,8,LXSSA_REPAIR,69,4170.0,1351.9262833036846
1,500,8,LXSSA_REPAIR,70,4230.0,1351.4471073816676
1,500,8,LXSSA_REPAIR,71,4290.0,1351.0675205135703
1,500,8,LXSSA_REPAIR,72,4350.0,1349.2661001818415
1,500,8,LXSSA_REPAIR,73,4410.0,1346.898838812478
1,500,8,LXSSA_REPAIR,74,4470.0,1346.338394463637
1,500,8,LXSSA_REPAIR,75,4530.0,1344.473031782196
1,500,8,LXSSA_REPAIR,76,4590.0,1343.6485146759078
1,500,8,LXSSA_REPAIR,77,4650.0,1343.5723705673881
1,500,8,LXSSA_REPAIR,78,4710.0,1343.3304140944238
1,500,8,LXSSA_REPAIR,79,4770.0,1343.0525142594124
1,500,8,LXSSA_REPAIR,80,4830.0,1342.6280938028867
1,500,8,LXSSA_REPAIR,81,4890.0,1341.6026161169502
1,500,8,LXSSA_REPAIR,82,4950.0,1341.4793481782326
1,500,8,LXSSA_REPAIR,83,5010.0,1341.0313777568954
1,500,8,LXSSA_REPAIR,84,5070.0,1340.9298640488269
1,500,8,LXSSA_REPAIR,85,5130.0,1340.8935106613208
1,500,8,LXSSA_REPAIR,86,5190.0,1340.8699055324614
1,500,8,LXSSA_REPAIR,87,5250.0,1340.8209562436896
1,500,8,LXSSA_REPAIR,88,5310.0,1340.8024261190367
1,500,8,LXSSA_REPAIR,89,5370.0,1340.7707761083147
1,500,8,LXSSA_REPAIR,90,5430.0,1340.7217152887315
1,500,8,LXSSA_REPAIR,91,5490.0,1340.6977140899544
1,500,8,LXSSA_REPAIR,92,5550.0,1340.6883853663458
1,500,8,LXSSA_REPAIR,93,5610.0,1340.684436681251
1,500,8,LXSSA_REPAIR,94,5670.0,1340.669687741909
1,500,8,LXSSA_REPAIR,95,5730.0,1340.64369708515
1,500,8,LXSSA_REPAIR,96,5790.0,1340.5979293211421
1,500,8,LXSSA_REPAIR,97,5850.0,1340.3623482388866
1,500,8,LXSSA_REPAIR,98,5910.0,1339.9291019050288
1,500,8,LXSSA_REPAIR,99,5970.0,1339.5045436973742
1,500,8,LXSSA_REPAIR,100,6030.0,1339.3435150808
1,500,9,GNNLXSSA,0,30.0,2752.5158842899764
1,500,9,GNNLXSSA,1,659.0,2461.5131920990752
1,500,9,GNNLXSSA,2,673.0,2437.494138867143
1,500,9,GNNLXSSA,3,687.0,2430.5153665446705
1,500,9,GNNLXSSA,4,701.0,2422.4808661032876
1,500,9,GNNLXSSA,5,714.0,2382.592695960848
1,500,9,GNNLXSSA,6,727.0,2300.5724336524436
1,500,9,GNNLXSSA,7,740.0,2249.574117634118
1,500,9,GNNLXSSA,8,753.0,2190.8764360223213
1,500,9,GNNLXSSA,9,766.0,2186.4106757634945
1,500,9,GNNLXSSA,10,779.0,2174.5567278619055
1,500,9,GNNLXSSA,11,792.0,2142.0185466891926
1,500,9,GNNLXSSA,12,804.0,2142.0185466891926
1,500,9,GNNLXSSA,13,818.0,2142.0185466891926
1,500,9,GNNLXSSA,14,832.0,2142.0185466891926
1,500,9,GNNLXSSA,15,846.0,2125.8960667885913
1,500,9,GNNLXSSA,16,860.0,2123.908610382976
1,500,9,GNNLXSSA,17,874.0,2123.908610382976
1,500,9,GNNLXSSA,18,886.0,2123.908610382976
1,500,9,GNNLXSSA,19,900.0,2111.5285397989937
1,500,9,GNNLXSSA,20,913.0,2111.5285397989937
1,500,9,GNNLXSSA,21,926.0,2105.4450344257784
1,500,9,GNNLXSSA,22,940.0,2099.8708825157955
1,500,9,GNNLXSSA,23,953.0,2099.8708825157955
1,500,9,GNNLXSSA,24,967.0,2090.351815900569
1,500,9,GNNLXSSA,25,981.0,2087.5102445899392
1,500,9,GNNLXSSA,26,994.0,2063.7758001844413
1,500,9,GNNLXSSA,27,1008.0,2063.7758001844413
1,500,9,GNNLXSSA,28,1022.0,2063.7758001844413
1,500,9,GNNLXSSA,29,1035.0,2060.526595857453
1,500,9,GNNLXSSA,30,1049.0,2039.8749310273051
1,500,9,GNNLXSSA,31,1063.0,2039.8749310273051
1,500,9,GNNLXSSA,32,1077.0,2025.9669801966375
1,500,9,GNNLXSSA,33,1090.0,2024.2179521762446
1,500,9,GNNLXSSA,34,1104.0,2024.2179521762446
1,500,9,GNNLXSSA,35,1118.0,2019.0509498895626
1,500,9,GNNLXSSA,36,1132.0,2019.0509498895626
1,500,9,GNNLXSSA,37,1145.0,2018.2168607314597
1,500,9,GNNLXSSA,38,1159.0,2003.5846687717203
1,500,9,GNNLXSSA,39,1172.0,2003.5846687717203
1,500,9,GNNLXSSA,40,1186.0,2000.7005508230577
1,500,9,GNNLXSSA,41,1200.0,2000.7005508230577
1,500,9,GNNLXSSA,42,1214.0,1999.012472559647
1,500,9,GNNLXSSA,43,1228.0,1987.0202010162757
1,500,9,GNNLXSSA,44,1241.0,1986.8472846127988
1,500,9,GNNLXSSA,45,1254.0,1985.7039023064353
1,500,9,GNNLXSSA,46,1268.0,1985.7039023064353
1,500,9,GNNLXSSA,47,1282.0,1985.7039023064353
1,500,9,GNNLXSSA,48,1296.0,1985.7039023064353
1,500,9,GNNLXSSA,49,1310.0,1970.691124624517
1,500,9,GNNLXSSA,50,1324.0,1963.0688691612668
1,500,9,GNNLXSSA,51,1337.0,1963.0688691612668
1,500,9,GNNLXSSA,52,1350.0,1963.0688691612668
1,500,9,GNNLXSSA,53,1363.0,1963.0688691612668
1,500,9,GNNLXSSA,54,1376.0,1960.9805878651387
1,500,9,GNNLXSSA,55,1389.0,1956.2409676322277
1,500,9,GNNLXSSA,56,1403.0,1956.2409676322277
1,500,9,GNNLXSSA,57,1417.0,1956.2409676322277
1,500,9,GNNLXSSA,58,1431.0,1953.336401254368
1,500,9,GNNLXSSA,59,1445.0,1953.336401254368
1,500,9,GNNLXSSA,60,1459.0,1939.6903218421576
1,500,9,GNNLXSSA,61,1473.0,1937.5405681280681
1,500,9,GNNLXSSA,62,1487.0,1937.5405681280681
1,500,9,GNNLXSSA,63,1500.0,1937.5405681280681
1,500,9,GNNLXSSA,64,1513.0,1937.5405681280681
1,500,9,GNNLXSSA,65,1526.0,1937.5405681280681
1,500,9,GNNLXSSA,66,1540.0,1933.4537706143747
1,500,9,GNNLXSSA,67,1554.0,1926.0657913273026
1,500,9,GNNLXSSA,68,1567.0,1920.7236333946712
1,500,9,GNNLXSSA,69,1580.0,1917.9384431280632
1,500,9,GNNLXSSA,70,1594.0,1917.0983082227103
1,500,9,GNNLXSSA,71,1608.0,1917.0983082227103
1,500,9,GNNLXSSA,72,1622.0,1914.0592810853195
1,500,9,GNNLXSSA,73,1635.0,1913.766042190604
1,500,9,GNNLXSSA,74,1648.0,1913.2036133006986
1,500,9,GNNLXSSA,75,1661.0,1910.477896819175
1,500,9,GNNLXSSA,76,1675.0,1910.477896819175
1,500,9,GNNLXSSA,77,1689.0,1910.477896819175
1,500,9,GNNLXSSA,78,1703.0,1910.1914894880465
1,500,9,GNNLXSSA,79,1717.0,1910.1174374525363
1,500,9,GNNLXSSA,80,1731.0,1906.8695549559052
1,500,9,GNNLXSSA,81,1745.0,1902.9273974519674
1,500,9,GNNLXSSA,82,1759.0,1902.9273974519674
1,500,9,GNNLXSSA,83,1772.0,1902.9273974519674
1,500,9,GNNLXSSA,84,1785.0,1902.8933431405385
1,500,9,GNNLXSSA,85,1799.0,1902.8933431405385
1,500,9,GNNLXSSA,86,1812.0,1902.8933431405385
1,500,9,GNNLXSSA,87,1826.0,1902.409859661013
1,500,9,GNNLXSSA,88,1839.0,1901.6463353147265
1,500,9,GNNLXSSA,89,1853.0,1901.548256013899
1,500,9,GNNLXSSA,90,1867.0,1901.548256013899
1,500,9,GNNLXSSA,91,1881.0,1901.548256013899
1,500,9,GNNLXSSA,92,1893.0,1901.548256013899
1,500,9,GNNLXSSA,93,1907.0,1901.548256013899
1,500,9,GNNLXSSA,94,1921.0,1899.591420339726
1,500,9,GNNLXSSA,95,1935.0,1899.591241871669
1,500,9,GNNLXSSA,96,1948.0,1899.4933198321305
1,500,9,GNNLXSSA,97,1962.0,1899.4933198321305
1,500,9,GNNLXSSA,98,1976.0,1899.4933198321305
1,500,9,GNNLXSSA,99,1990.0,1899.4933198321305
1,500,9,GNNLXSSA,100,2004.0,1899.489838558955
1,500,9,LXSSA_REPAIR,0,30.0,2733.733722025172
1,500,9,LXSSA_REPAIR,1,90.0,2676.5851097375053
1,500,9,LXSSA_REPAIR,2,150.0,2556.355147954433
1,500,9,LXSSA_REPAIR,3,210.0,2373.488731124795
1,500,9,LXSSA_REPAIR,4,270.0,2299.151683860204
1,500,9,LXSSA_REPAIR,5,330.0,2263.4371844550114
1,500,9,LXSSA_REPAIR,6,390.0,2234.416237022044
1,500,9,LXSSA_REPAIR,7,450.0,2207.574256589207
1,500,9,LXSSA_REPAIR,8,510.0,2201.952785521389
1,500,9,LXSSA_REPAIR,9,570.0,2190.1990566836394
1,500,9,LXSSA_REPAIR,10,630.0,2186.382740494584
1,500,9,LXSSA_REPAIR,11,690.0,2149.35373482047
1,500,9,LXSSA_REPAIR,12,750.0,2146.174416325419
1,500,9,LXSSA_REPAIR,13,810.0,2144.4370542348406
1,500,9,LXSSA_REPAIR,14,870.0,2123.39724090683
1,500,9,LXSSA_REPAIR,15,930.0,2122.4579170219877
1,500,9,LXSSA_REPAIR,16,990.0,2114.3341507893274
1,500,9,LXSSA_REPAIR,17,1050.0,2109.9710136297
1,500,9,LXSSA_REPAIR,18,1110.0,2103.5369393229485
1,500,9,LXSSA_REPAIR,19,1170.0,2086.2284058002188
1,500,9,LXSSA_REPAIR,20,1230.0,2077.9076594085564
1,500,9,LXSSA_REPAIR,21,1290.0,2076.5441408774495
1,500,9,LXSSA_REPAIR,22,1350.0,2072.0249817854565
1,500,9,LXSSA_REPAIR,23,1410.0,2054.889117162362
1,500,9,LXSSA_REPAIR,24,1470.0,2054.0763618873825
1,500,9,LXSSA_REPAIR,25,1530.0,2045.4289685395415
1,500,9,LXSSA_REPAIR,26,1590.0,2041.949271874786
1,500,9,LXSSA_REPAIR,27,1650.0,2040.8408683712696
1,500,9,LXSSA_REPAIR,28,1710.0,2013.114863607021
1,500,9,LXSSA_REPAIR,29,1770.0,1993.1277249447521
1,500,9,LXSSA_REPAIR,30,1830.0,1987.0101606985045
1,500,9,LXSSA_REPAIR,31,1890.0,1986.0836656466854
1,500,9,LXSSA_REPAIR,32,1950.0,1981.7809707099295
1,500,9,LXSSA_REPAIR,33,2010.0,1967.9507564940868
1,500,9,LXSSA_REPAIR,34,2070.0,1957.3851623052396
1,500,9,LXSSA_REPAIR,35,2130.0,1956.7826681342194
1,500,9,LXSSA_REPAIR,36,2190.0,1956.3002113688199
1,500,9,LXSSA_REPAIR,37,2250.0,1955.2516802803948
1,500,9,LXSSA_REPAIR,38,2310.0,1942.5411304544323
1,500,9,LXSSA_REPAIR,39,2370.0,1941.4777106988113
1,500,9,LXSSA_REPAIR,40,2430.0,1936.4171160236583
1,500,9,LXSSA_REPAIR,41,2490.0,1933.706242218992
1,500,9,LXSSA_REPAIR,42,2550.0,1933.6314987965598
1,500,9,LXSSA_REPAIR,43,2610.0,1932.8105504158666
1,500,9,LXSSA_REPAIR,44,2670.0,1927.5276270598551
1,500,9,LXSSA_REPAIR,45,2730.0,1926.4580046384654
1,500,9,LXSSA_REPAIR,46,2790.0,1926.115030973051
1,500,9,LXSSA_REPAIR,47,2850.0,1922.6227915766358
1,500,9,LXSSA_REPAIR,48,2910.0,1922.425219925004
1,500,9,LXSSA_REPAIR,49,2970.0,1919.4239361184227
1,500,9,LXSSA_REPAIR,50,3030.0,1911.2515208772602
1,500,9,LXSSA_REPAIR,51,3090.0,1908.357942875802
1,500,9,LXSSA_REPAIR,52,3150.0,1907.2723548401264
1,500,9,LXSSA_REPAIR,53,3210.0,1906.665017333784
1,500,9,LXSSA_REPAIR,54,3270.0,1905.9807868122443
1,500,9,LXSSA_REPAIR,55,3330.0,1905.5781349742174
1,500,9,LXSSA_REPAIR,56,3390.0,1903.8938403745803
1,500,9,LXSSA_REPAIR,57,3450.0,1901.102294100201
1,500,9,LXSSA_REPAIR,58,3510.0,1900.8575363244745
1,500,9,LXSSA_REPAIR,59,3570.0,1899.636919803008
1,500,9,LXSSA_REPAIR,60,3630.0,1898.4006443765902
1,500,9,LXSSA_REPAIR,61,3690.0,1896.4149256566525
1,500,9,LXSSA_REPAIR,62,3750.0,1888.4306439317588
1,500,9,LXSSA_REPAIR,63,3810.0,1885.4546112973355
1,500,9,LXSSA_REPAIR,64,3870.0,1881.9136467692806
1,500,9,LXSSA_REPAIR,65,3930.0,1881.2427415822021
1,500,9,LXSSA_REPAIR,66,3990.0,1880.8988081143398
1,500,9,LXSSA_REPAIR,67,4050.0,1877.335258801635
1,500,9,LXSSA_REPAIR,68,4110.0,1867.407278033883
1,500,9,LXSSA_REPAIR,69,4170.0,1858.7014389410979
1,500,9,LXSSA_REPAIR,70,4230.0,1856.474980453393
1,500,9,LXSSA_REPAIR,71,4290.0,1854.3712404936741
1,500,9,LXSSA_REPAIR,72,4350.0,1850.75483419159
1,500,9,LXSSA_REPAIR,73,4410.0,1849.6322159443807
1,500,9,LXSSA_REPAIR,74,4470.0,1848.892424022837
1,500,9,LXSSA_REPAIR,75,4530.0,1847.996739307011
1,500,9,LXSSA_REPAIR,76,4590.0,1847.5235119112112
1,500,9,LXSSA_REPAIR,77,4650.0,1846.9184232820044
1,500,9,LXSSA_REPAIR,78,4710.0,1846.318926328524
1,500,9,LXSSA_REPAIR,79,4770.0,1845.7080452187147
1,500,9,LXSSA_REPAIR,80,4830.0,1845.5099929867356
1,500,9,LXSSA_REPAIR,81,4890.0,1844.9777345246694
1,500,9,LXSSA_REPAIR,82,4950.0,1844.6346538875514
1,500,9,LXSSA_REPAIR,83,5010.0,1844.1397035305563
1,500,9,LXSSA_REPAIR,84,5070.0,1843.370120622174
1,500,9,LXSSA_REPAIR,85,5130.0,1843.3056391151622
1,500,9,LXSSA_REPAIR,86,5190.0,1842.8126982004178
1,500,9,LXSSA_REPAIR,87,5250.0,1842.212276784121
1,500,9,LXSSA_REPAIR,88,5310.0,1841.6705042664908
1,500,9,LXSSA_REPAIR,89,5370.0,1839.7616566270954
1,500,9,LXSSA_REPAIR,90,5430.0,1838.5092693794577
1,500,9,LXSSA_REPAIR,91,5490.0,1837.280355109353
1,500,9,LXSSA_REPAIR,92,5550.0,1836.8279632996346
1,500,9,LXSSA_REPAIR,93,5610.0,1836.792412249095
1,500,9,LXSSA_REPAIR,94,5670.0,1836.7143929324957
1,500,9,LXSSA_REPAIR,95,5730.0,1836.633398801634
1,500,9,LXSSA_REPAIR,96,5790.0,1836.5814626490683
1,500,9,LXSSA_REPAIR,97,5850.0,1836.5787962014147
1,500,9,LXSSA_REPAIR,98,5910.0,1836.5721845953449
1,500,9,LXSSA_REPAIR,99,5970.0,1836.565854929344
1,500,9,LXSSA_REPAIR,100,6030.0,1836.5604361047735
1,750,10,GNNLXSSA,0,30.0,2939.727373629663
1,750,10,GNNLXSSA,1,724.0,2580.6194563165336
1,750,10,GNNLXSSA,2,738.0,2552.74388740609
1,750,10,GNNLXSSA,3,752.0,2543.516433367884
1,750,10,GNNLXSSA,4,766.0,2543.516433367884
1,750,10,GNNLXSSA,5,779.0,2543.516433367884
1,750,10,GNNLXSSA,6,793.0,2493.6651654513553
1,750,10,GNNLXSSA,7,806.0,2405.166358577728
1,750,10,GNNLXSSA,8,819.0,2397.3873509020486
1,750,10,GNNLXSSA,9,832.0,2361.0176258769643
1,750,10,GNNLXSSA,10,845.0,2356.4852109576022
1,750,10,GNNLXSSA,11,859.0,2310.696487729758
1,750,10,GNNLXSSA,12,873.0,2208.4014153645257
1,750,10,GNNLXSSA,13,887.0,2188.4029627259297
1,750,10,GNNLXSSA,14,901.0,2181.3352954554575
1,750,10,GNNLXSSA,15,915.0,2165.7237481105985
1,750,10,GNNLXSSA,16,928.0,2165.7237481105985
1,750,10,GNNLXSSA,17,942.0,2165.7237481105985
1,750,10,GNNLXSSA,18,955.0,2154.661759528317
1,750,10,GNNLXSSA,19,969.0,2146.394580134627
1,750,10,GNNLXSSA,20,983.0,2146.394580134627
1,750,10,GNNLXSSA,21,997.0,2146.394580134627
1,750,10,GNNLXSSA,22,1010.0,2125.8389969496056
1,750,10,GNNLXSSA,23,1024.0,2125.8389969496056
1,750,10,GNNLXSSA,24,1038.0,2123.0119615788863
1,750,10,GNNLXSSA,25,1052.0,2123.0119615788863
1,750,10,GNNLXSSA,26,1066.0,2112.945875637539
1,750,10,GNNLXSSA,27,1080.0,2112.945875637539
1,750,10,GNNLXSSA,28,1093.0,2101.2157452662505
1,750,10,GNNLXSSA,29,1107.0,2091.6405533622165
1,750,10,GNNLXSSA,30,1119.0,2076.1483877225546
1,750,10,GNNLXSSA,31,1133.0,2076.1483877225546
1,750,10,GNNLXSSA,32,1145.0,2064.83017476277
1,750,10,GNNLXSSA,33,1158.0,2045.7679250958608
1,750,10,GNNLXSSA,34,1172.0,1968.5188510929147
1,750,10,GNNLXSSA,35,1186.0,1968.5188510929147
1,750,10,GNNLXSSA,36,1200.0,1968.5188510929147
1,750,10,GNNLXSSA,37,1214.0,1968.5188510929147
1,750,10,GNNLXSSA,38,1227.0,1958.1935069269675
1,750,10,GNNLXSSA,39,1240.0,1891.905451724946
1,750,10,GNNLXSSA,40,1254.0,1889.5217330386076
1,750,10,GNNLXSSA,41,1267.0,1889.5217330386076
1,750,10,GNNLXSSA,42,1280.0,1889.5217330386076
1,750,10,GNNLXSSA,43,1294.0,1889.5217330386076
1,750,10,GNNLXSSA,44,1307.0,1863.9639621923561
1,750,10,GNNLXSSA,45,1321.0,1863.9639621923561
1,750,10,GNNLXSSA,46,1334.0,1863.9639621923561
1,750,10,GNNLXSSA,47,1348.0,1863.9639621923561
1,750,10,GNNLXSSA,48,1360.0,1859.1069216916949
1,750,10,GNNLXSSA,49,1373.0,1859.1069216916949
1,750,10,GNNLXSSA,50,1387.0,1810.592962692972
1,750,10,GNNLXSSA,51,1401.0,1810.592962692972
1,750,10,GNNLXSSA,52,1415.0,1810.592962692972
1,750,10,GNNLXSSA,53,1429.0,1810.592962692972
1,750,10,GNNLXSSA,54,1441.0,1810.592962692972
1,750,10,GNNLXSSA,55,1455.0,1802.496081455436
1,750,10,GNNLXSSA,56,1468.0,1802.496081455436
1,750,10,GNNLXSSA,57,1482.0,1802.496081455436
1,750,10,GNNLXSSA,58,1496.0,1797.1905570080125
1,750,10,GNNLXSSA,59,1510.0,1797.1905570080125
1,750,10,GNNLXSSA,60,1522.0,1796.9944760379149
1,750,10,GNNLXSSA,61,1536.0,1796.9944760379149
1,750,10,GNNLXSSA,62,1550.0,1793.0197776201676
1,750,10,GNNLXSSA,63,1564.0,1793.0197776201676
1,750,10,GNNLXSSA,64,1578.0,1790.1924022311869
1,750,10,GNNLXSSA,65,1591.0,1790.1924022311869
1,750,10,GNNLXSSA,66,1605.0,1790.1924022311869
1,750,10,GNNLXSSA,67,1619.0,1790.1924022311869
1,750,10,GNNLXSSA,68,1631.0,1790.1924022311869
1,750,10,GNNLXSSA,69,1643.0,1790.1924022311869
1,750,10,GNNLXSSA,70,1656.0,1790.1924022311869
1,750,10,GNNLXSSA,71,1670.0,1790.1924022311869
1,750,10,GNNLXSSA,72,1684.0,1781.676675682349
1,750,10,GNNLXSSA,73,1697.0,1781.676675682349
1,750,10,GNNLXSSA,74,1711.0,1780.7703229828476
1,750,10,GNNLXSSA,75,1724.0,1780.7703229828476
1,750,10,GNNLXSSA,76,1737.0,1780.7703229828476
1,750,10,GNNLXSSA,77,1751.0,1780.6508208204323
1,750,10,GNNLXSSA,78,1765.0,1780.4798657516803
1,750,10,GNNLXSSA,79,1779.0,1780.4798657516803
1,750,10,GNNLXSSA,80,1792.0,1780.4798657516803
1,750,10,GNNLXSSA,81,1805.0,1780.4798657516803
1,750,10,GNNLXSSA,82,1819.0,1780.4798657516803
1,750,10,GNNLXSSA,83,1832.0,1780.4798657516803
1,750,10,GNNLXSSA,84,1846.0,1780.451163894235
1,750,10,GNNLXSSA,85,1859.0,1780.451163894235
1,750,10,GNNLXSSA,86,1873.0,1779.8146643373912
1,750,10,GNNLXSSA,87,1887.0,1779.7308497232152
1,750,10,GNNLXSSA,88,1901.0,1779.7308497232152
1,750,10,GNNLXSSA,89,1913.0,1779.6964127314714
1,750,10,GNNLXSSA,90,1927.0,1779.5939087738661
1,750,10,GNNLXSSA,91,1941.0,1779.5872052166087
1,750,10,GNNLXSSA,92,1955.0,1775.2004087752139
1,750,10,GNNLXSSA,93,1969.0,1775.1949658980593
1,750,10,GNNLXSSA,94,1982.0,1773.7220214806584
1,750,10,GNNLXSSA,95,1995.0,1773.7220214806584
1,750,10,GNNLXSSA,96,2008.0,1768.5568221050344
1,750,10,GNNLXSSA,97,2022.0,1768.5568221050344
1,750,10,GNNLXSSA,98,2034.0,1768.5568221050344
1,750,10,GNNLXSSA,99,2047.0,1768.5568221050344
1,750,10,GNNLXSSA,100,2060.0,1767.3585943561484
1,750,10,LXSSA_REPAIR,0,30.0,3187.6674546002614
1,750,10,LXSSA_REPAIR,1,90.0,2814.6078789159656
1,750,10,LXSSA_REPAIR,2,150.0,2629.1190194217634
1,750,10,LXSSA_REPAIR,3,210.0,2217.378897196002
1,750,10,LXSSA_REPAIR,4,270.0,2044.939816771861
1,750,10,LXSSA_REPAIR,5,330.0,1926.585846587608
1,750,10,LXSSA_REPAIR,6,390.0,1894.3263097109157
1,750,10,LXSSA_REPAIR,7,450.0,1872.91943699299
1,750,10,LXSSA_REPAIR,8,510.0,1862.0686871764483
1,750,10,LXSSA_REPAIR,9,570.0,1834.1543922446144
1,750,10,LXSSA_REPAIR,10,630.0,1823.6145408122684
1,750,10,LXSSA_REPAIR,11,690.0,1815.2481710617722
1,750,10,LXSSA_REPAIR,12,750.0,1775.1790816394932
1,750,10,LXSSA_REPAIR,13,810.0,1765.1476300092181
1,750,10,LXSSA_REPAIR,14,870.0,1761.0110346470174
1,750,10,LXSSA_REPAIR,15,930.0,1753.7443539325031
1,750,10,LXSSA_REPAIR,16,990.0,1745.4998607443413
1,750,10,LXSSA_REPAIR,17,1050.0,1743.037414120452
1,750,10,LXSSA_REPAIR,18,1110.0,1699.8896287806565
1,750,10,LXSSA_REPAIR,19,1170.0,1647.195592185206
1,750,10,LXSSA_REPAIR,20,1230.0,1625.0449830804428
1,750,10,LXSSA_REPAIR,21,1290.0,1608.7418724246818
1,750,10,LXSSA_REPAIR,22,1350.0,1592.1174030027323
1,750,10,LXSSA_REPAIR,23,1410.0,1584.266974624028
1,750,10,LXSSA_REPAIR,24,1470.0,1576.3568715931324
1,750,10,LXSSA_REPAIR,25,1530.0,1567.8002509172657
1,750,10,LXSSA_REPAIR,26,1590.0,1565.1133476964023
1,750,10,LXSSA_REPAIR,27,1650.0,1543.173088174619
1,750,10,LXSSA_REPAIR,28,1710.0,1531.9566305584885
1,750,10,LXSSA_REPAIR,29,1770.0,1528.8088413932855
1,750,10,LXSSA_REPAIR,30,1830.0,1527.8087127451436
1,750,10,LXSSA_REPAIR,31,1890.0,1524.32737460926
1,750,10,LXSSA_REPAIR,32,1950.0,1521.51432161282
1,750,10,LXSSA_REPAIR,33,2010.0,1512.2078521261137
1,750,10,LXSSA_REPAIR,34,2070.0,1482.3626486323337
1,750,10,LXSSA_REPAIR,35,2130.0,1476.8599823630066
1,750,10,LXSSA_REPAIR,36,2190.0,1475.3899614411202
1,750,10,LXSSA_REPAIR,37,2250.0,1470.2947621278
1,750,10,LXSSA_REPAIR,38,2310.0,1468.694507482156
1,750,10,LXSSA_REPAIR,39,2370.0,1461.6125273148646
1,750,10,LXSSA_REPAIR,40,2430.0,1461.6041207808594
1,750,10,LXSSA_REPAIR,41,2490.0,1456.1715973752289
1,750,10,LXSSA_REPAIR,42,2550.0,1449.7075208228925
1,750,10,LXSSA_REPAIR,43,2610.0,1446.1549587690242
1,750,10,LXSSA_REPAIR,44,2670.0,1445.1614040889253
1,750,10,LXSSA_REPAIR,45,2730.0,1444.6937765846233
1,750,10,LXSSA_REPAIR,46,2790.0,1440.4120824836573
1,750,10,LXSSA_REPAIR,47,2850.0,1431.8338074490894
1,750,10,LXSSA_REPAIR,48,2910.0,1429.28025174074
1,750,10,LXSSA_REPAIR,49,2970.0,1423.9880123202602
1,750,10,LXSSA_REPAIR,50,3030.0,1423.2491401209409
1,750,10,LXSSA_REPAIR,51,3090.0,1420.37705195749
1,750,10,LXSSA_REPAIR,52,3150.0,1415.8546940066153
1,750,10,LXSSA_REPAIR,53,3210.0,1396.7957963498775
1,750,10,LXSSA_REPAIR,54,3270.0,1391.8236192927143
1,750,10,LXSSA_REPAIR,55,3330.0,1388.618256864036
1,750,10,LXSSA_REPAIR,56,3390.0,1382.879813006788
1,750,10,LXSSA_REPAIR,57,3450.0,1379.8535409358155
1,750,10,LXSSA_REPAIR,58,3510.0,1377.841099689802
1,750,10,LXSSA_REPAIR,59,3570.0,1371.4091165928548
1,750,10,LXSSA_REPAIR,60,3630.0,1369.757012605187
1,750,10,LXSSA_REPAIR,61,3690.0,1360.8802937678847
1,750,10,LXSSA_REPAIR,62,3750.0,1350.22221290991
1,750,10,LXSSA_REPAIR,63,3810.0,1348.91951609416
1,750,10,LXSSA_REPAIR,64,3870.0,1346.6434367398324
1,750,10,LXSSA_REPAIR,65,3930.0,1343.9068465555465
1,750,10,LXSSA_REPAIR,66,3990.0,1337.6425762872095
1,750,10,LXSSA_REPAIR,67,4050.0,1327.0763332707575
1,750,10,LXSSA_REPAIR,68,4110.0,1326.3216133853712
1,750,10,LXSSA_REPAIR,69,4170.0,1322.942085851697
1,750,10,LXSSA_REPAIR,70,4230.0,1318.0725900118414
1,750,10,LXSSA_REPAIR,71,4290.0,1316.1389049102581
1,750,10,LXSSA_REPAIR,72,4350.0,1315.8105023702665
1,750,10,LXSSA_REPAIR,73,4410.0,1315.0640664137172
1,750,10,LXSSA_REPAIR,74,4470.0,1313.6699374566524
1,750,10,LXSSA_REPAIR,75,4530.0,1312.6743704482215
1,750,10,LXSSA_REPAIR,76,4590.0,1312.2128810207068
1,750,10,LXSSA_REPAIR,77,4650.0,1311.6441013876029
1,750,10,LXSSA_REPAIR,78,4710.0,1310.8929864110978
1,750,10,LXSSA_REPAIR,79,4770.0,1310.3766952367441
1,750,10,LXSSA_REPAIR,80,4830.0,1309.688938791718
1,750,10,LXSSA_REPAIR,81,4890.0,1308.9214948870358
1,750,10,LXSSA_REPAIR,82,4950.0,1307.9927752411459
1,750,10,LXSSA_REPAIR,83,5010.0,1307.663480440242
1,750,10,LXSSA_REPAIR,84,5070.0,1307.5051815245097
1,750,10,LXSSA_REPAIR,85,5130.0,1307.4852924509323
1,750,10,LXSSA_REPAIR,86,5190.0,1307.4300976282975
1,750,10,LXSSA_REPAIR,87,5250.0,1307.328945922607
1,750,10,LXSSA_REPAIR,88,5310.0,1306.9153499769018
1,750,10,LXSSA_REPAIR,89,5370.0,1306.3714037814643
1,750,10,LXSSA_REPAIR,90,5430.0,1304.5727156650682
1,750,10,LXSSA_REPAIR,91,5490.0,1304.241292369712
1,750,10,LXSSA_REPAIR,92,5550.0,1304.196433326244
1,750,10,LXSSA_REPAIR,93,5610.0,1304.1895613831439
1,750,10,LXSSA_REPAIR,94,5670.0,1304.1724515377136
1,750,10,LXSSA_REPAIR,95,5730.0,1304.1508792174573
1,750,10,LXSSA_REPAIR,96,5790.0,1304.137122133965
1,750,10,LXSSA_REPAIR,97,5850.0,1304.1345047255454
1,750,10,LXSSA_REPAIR,98,5910.0,1304.1339189489954
1,750,10,LXSSA_REPAIR,99,5970.0,1304.1284625840053
1,750,10,LXSSA_REPAIR,100,6030.0,1304.113405576194
1,750,11,GNNLXSSA,0,30.0,4029.433290480287
1,750,11,GNNLXSSA,1,787.0,3355.6548597601795
1,750,11,GNNLXSSA,2,801.0,3339.791404507545
1,750,11,GNNLXSSA,3,815.0,3240.9409073680695
1,750,11,GNNLXSSA,4,829.0,3187.841381554492
1,750,11,GNNLXSSA,5,842.0,3134.7259086419654
1,750,11,GNNLXSSA,6,856.0,2960.694370060941
1,750,11,GNNLXSSA,7,870.0,2922.4341792635387
1,750,11,GNNLXSSA,8,884.0,2922.4341792635387
1,750,11,GNNLXSSA,9,898.0,2858.0456188321405
1,750,11,GNNLXSSA,10,912.0,2858.0456188321405
1,750,11,GNNLXSSA,11,926.0,2858.0456188321405
1,750,11,GNNLXSSA,12,940.0,2858.0456188321405
1,750,11,GNNLXSSA,13,954.0,2858.0456188321405
1,750,11,GNNLXSSA,14,968.0,2842.7510364253394
1,750,11,GNNLXSSA,15,982.0,2796.1493535332847
1,750,11,GNNLXSSA,16,996.0,2796.1493535332847
1,750,11,GNNLXSSA,17,1010.0,2796.1493535332847
1,750,11,GNNLXSSA,18,1023.0,2796.1493535332847
1,750,11,GNNLXSSA,19,1036.0,2796.1493535332847
1,750,11,GNNLXSSA,20,1050.0,2796.1493535332847
1,750,11,GNNLXSSA,21,1064.0,2796.1493535332847
1,750,11,GNNLXSSA,22,1077.0,2677.582072290941
1,750,11,GNNLXSSA,23,1091.0,2677.582072290941
1,750,11,GNNLXSSA,24,1105.0,2677.582072290941
1,750,11,GNNLXSSA,25,1118.0,2645.5264912290295
1,750,11,GNNLXSSA,26,1132.0,2570.050656372725
1,750,11,GNNLXSSA,27,1146.0,2565.7858507271885
1,750,11,GNNLXSSA,28,1159.0,2560.2532607022586
1,750,11,GNNLXSSA,29,1172.0,2558.4076025631657
1,750,11,GNNLXSSA,30,1185.0,2558.4076025631657
1,750,11,GNNLXSSA,31,1199.0,2558.4076025631657
1,750,11,GNNLXSSA,32,1213.0,2558.4076025631657
1,750,11,GNNLXSSA,33,1226.0,2558.4076025631657
1,750,11,GNNLXSSA,34,1239.0,2558.4076025631657
1,750,11,GNNLXSSA,35,1253.0,2513.3541216449375
1,750,11,GNNLXSSA,36,1267.0,2513.3541216449375
1,750,11,GNNLXSSA,37,1279.0,2513.3541216449375
1,750,11,GNNLXSSA,38,1293.0,2513.3541216449375
1,750,11,GNNLXSSA,39,1307.0,2476.0063073257334
1,750,11,GNNLXSSA,40,1321.0,2382.891636849541
1,750,11,GNNLXSSA,41,1335.0,2356.7433496237063
1,750,11,GNNLXSSA,42,1349.0,2335.8367947338265
1,750,11,GNNLXSSA,43,1362.0,2329.3734848057065
1,750,11,GNNLXSSA,44,1376.0,2324.9724818836985
1,750,11,GNNLXSSA,45,1390.0,2324.9724818836985
1,750,11,GNNLXSSA,46,1404.0,2324.9724818836985
1,750,11,GNNLXSSA,47,1418.0,2324.9724818836985
1,750,11,GNNLXSSA,48,1432.0,2324.9724818836985
1,750,11,GNNLXSSA,49,1446.0,2315.7383061437286
1,750,11,GNNLXSSA,50,1459.0,2315.7383061437286
1,750,11,GNNLXSSA,51,1472.0,2315.7383061437286
1,750,11,GNNLXSSA,52,1485.0,2301.3444987255207
1,750,11,GNNLXSSA,53,1499.0,2294.9932810281316
1,750,11,GNNLXSSA,54,1512.0,2269.8995215546456
1,750,11,GNNLXSSA,55,1526.0,2269.8995215546456
1,750,11,GNNLXSSA,56,1540.0,2269.8995215546456
1,750,11,GNNLXSSA,57,1554.0,2204.94842563766
1,750,11,GNNLXSSA,58,1567.0,2201.3806455517188
1,750,11,GNNLXSSA,59,1581.0,2175.299548788913
1,750,11,GNNLXSSA,60,1595.0,2175.299548788913
1,750,11,GNNLXSSA,61,1609.0,2175.299548788913
1,750,11,GNNLXSSA,62,1622.0,2175.299548788913
1,750,11,GNNLXSSA,63,1636.0,2170.317817300369
1,750,11,GNNLXSSA,64,1649.0,2170.317817300369
1,750,11,GNNLXSSA,65,1663.0,2170.317817300369
1,750,11,GNNLXSSA,66,1677.0,2165.345253377498
1,750,11,GNNLXSSA,67,1691.0,2156.2347085031506
1,750,11,GNNLXSSA,68,1705.0,2139.3904014496948
1,750,11,GNNLXSSA,69,1719.0,2126.8456985149096
1,750,11,GNNLXSSA,70,1733.0,2108.280934305236
1,750,11,GNNLXSSA,71,1747.0,2108.280934305236
1,750,11,GNNLXSSA,72,1761.0,2108.2483367506793
1,750,11,GNNLXSSA,73,1775.0,2108.2483367506793
1,750,11,GNNLXSSA,74,1789.0,2108.2483367506793
1,750,11,GNNLXSSA,75,1803.0,2107.8462752430496
1,750,11,GNNLXSSA,76,1817.0,2100.685113937201
1,750,11,GNNLXSSA,77,1831.0,2100.685113937201
1,750,11,GNNLXSSA,78,1845.0,2100.169132790019
1,750,11,GNNLXSSA,79,1858.0,2100.024265922184
1,750,11,GNNLXSSA,80,1872.0,2100.024265922184
1,750,11,GNNLXSSA,81,1886.0,2099.9532246385497
1,750,11,GNNLXSSA,82,1900.0,2099.9532246385497
1,750,11,GNNLXSSA,83,1914.0,2099.682019608139
1,750,11,GNNLXSSA,84,1926.0,2099.682019608139
1,750,11,GNNLXSSA,85,1938.0,2099.682019608139
1,750,11,GNNLXSSA,86,1952.0,2099.631718970035
1,750,11,GNNLXSSA,87,1966.0,2099.624822540791
1,750,11,GNNLXSSA,88,1980.0,2099.624822540791
1,750,11,GNNLXSSA,89,1993.0,2099.624822540791
1,750,11,GNNLXSSA,90,2005.0,2099.624822540791
1,750,11,GNNLXSSA,91,2019.0,2099.596139694142
1,750,11,GNNLXSSA,92,2033.0,2099.33370788685
1,750,11,GNNLXSSA,93,2047.0,2098.331576540193
1,750,11,GNNLXSSA,94,2060.0,2098.1200114035746
1,750,11,GNNLXSSA,95,2073.0,2097.164495822595
1,750,11,GNNLXSSA,96,2087.0,2097.164495822595
1,750,11,GNNLXSSA,97,2101.0,2097.164495822595
1,750,11,GNNLXSSA,98,2115.0,2097.164495822595
1,750,11,GNNLXSSA,99,2128.0,2097.1630739505636
1,750,11,GNNLXSSA,100,2141.0,2097.1630739505636
1,750,11,LXSSA_REPAIR,0,30.0,4110.316938489952
1,750,11,LXSSA_REPAIR,1,90.0,3907.496757232788
1,750,11,LXSSA_REPAIR,2,150.0,3407.86735141158
1,750,11,LXSSA_REPAIR,3,210.0,3105.6429941536917
1,750,11,LXSSA_REPAIR,4,270.0,2943.2246828447937
1,750,11,LXSSA_REPAIR,5,330.0,2891.1153688885242
1,750,11,LXSSA_REPAIR,6,390.0,2795.883255929395
1,750,11,LXSSA_REPAIR,7,450.0,2686.3706489575707
1,750,11,LXSSA_REPAIR,8,510.0,2583.0596093238128
1,750,11,LXSSA_REPAIR,9,570.0,2543.293057357587
1,750,11,LXSSA_REPAIR,10,630.0,2500.8049148691643
1,750,11,LXSSA_REPAIR,11,690.0,2476.123282356377
1,750,11,LXSSA_REPAIR,12,750.0,2441.834494966868
1,750,11,LXSSA_REPAIR,13,810.0,2383.243638712287
1,750,11,LXSSA_REPAIR,14,870.0,2335.4209560292948
1,750,11,LXSSA_REPAIR,15,930.0,2308.7408568968094
1,750,11,LXSSA_REPAIR,16,990.0,2301.715090311176
1,750,11,LXSSA_REPAIR,17,1050.0,2292.7017771648534
1,750,11,LXSSA_REPAIR,18,1110.0,2254.1862885949085
1,750,11,LXSSA_REPAIR,19,1170.0,2249.250916179648
1,750,11,LXSSA_REPAIR,20,1230.0,2235.540682259365
1,750,11,LXSSA_REPAIR,21,1290.0,2228.6355620016693
1,750,11,LXSSA_REPAIR,22,1350.0,2217.5349517058203
1,750,11,LXSSA_REPAIR,23,1410.0,2169.2930868511758
1,750,11,LXSSA_REPAIR,24,1470.0,2166.8362835716252
1,750,11,LXSSA_REPAIR,25,1530.0,2162.2712796471023
1,750,11,LXSSA_REPAIR,26,1590.0,2149.7229148279876
1,750,11,LXSSA_REPAIR,27,1650.0,2147.8129134437913
1,750,11,LXSSA_REPAIR,28,1710.0,2101.268672617938
1,750,11,LXSSA_REPAIR,29,1770.0,2090.404358504922
1,750,11,LXSSA_REPAIR,30,1830.0,2082.375852343277
1,750,11,LXSSA_REPAIR,31,1890.0,2060.7059007262287
1,750,11,LXSSA_REPAIR,32,1950.0,2049.7912071881437
1,750,11,LXSSA_REPAIR,33,2010.0,2028.7895042104647
1,750,11,LXSSA_REPAIR,34,2070.0,2026.548156708901
1,750,11,LXSSA_REPAIR,35,2130.0,2007.4121611358569
1,750,11,LXSSA_REPAIR,36,2190.0,1994.7246004285844
1,750,11,LXSSA_REPAIR,37,2250.0,1976.8461547184997
1,750,11,LXSSA_REPAIR,38,2310.0,1976.3932687222696
1,750,11,LXSSA_REPAIR,39,2370.0,1946.1962817967578
1,750,11,LXSSA_REPAIR,40,2430.0,1942.3274909668107
1,750,11,LXSSA_REPAIR,41,2490.0,1925.1498166577367
1,750,11,LXSSA_REPAIR,42,2550.0,1921.397187442417
1,750,11,LXSSA_REPAIR,43,2610.0,1916.6125129248976
1,750,11,LXSSA_REPAIR,44,2670.0,1909.3137100935419
1,750,11,LXSSA_REPAIR,45,2730.0,1908.4714196590794
1,750,11,LXSSA_REPAIR,46,2790.0,1885.243364947557
1,750,11,LXSSA_REPAIR,47,2850.0,1880.9332980512845
1,750,11,LXSSA_REPAIR,48,2910.0,1869.3182705284562
1,750,11,LXSSA_REPAIR,49,2970.0,1866.3234728458629
1,750,11,LXSSA_REPAIR,50,3030.0,1860.8704031940433
1,750,11,LXSSA_REPAIR,51,3090.0,1849.8896316649189
1,750,11,LXSSA_REPAIR,52,3150.0,1848.5877069219277
1,750,11,LXSSA_REPAIR,53,3210.0,1847.395898303701
1,750,11,LXSSA_REPAIR,54,3270.0,1846.7570684275706
1,750,11,LXSSA_REPAIR,55,3330.0,1846.192714003555
1,750,11,LXSSA_REPAIR,56,3390.0,1843.3592555990763
1,750,11,LXSSA_REPAIR,57,3450.0,1838.365710139784
1,750,11,LXSSA_REPAIR,58,3510.0,1832.4058374383603
1,750,11,LXSSA_REPAIR,59,3570.0,1831.4158968993288
1,750,11,LXSSA_REPAIR,60,3630.0,1831.3190347372001
1,750,11,LXSSA_REPAIR,61,3690.0,1830.1259961227915
1,750,11,LXSSA_REPAIR,62,3750.0,1827.8745066215633
1,750,11,LXSSA_REPAIR,63,3810.0,1827.2451535104774
1,750,11,LXSSA_REPAIR,64,3870.0,1823.286587806011
1,750,11,LXSSA_REPAIR,65,3930.0,1820.8111899791838
1,750,11,LXSSA_REPAIR,66,3990.0,1820.3875344512635
1,750,11,LXSSA_REPAIR,67,4050.0,1818.9200711814192
1,750,11,LXSSA_REPAIR,68,4110.0,1817.2122611151717
1,750,11,LXSSA_REPAIR,69,4170.0,1814.458294647775
1,750,11,LXSSA_REPAIR,70,4230.0,1814.1142787949648
1,750,11,LXSSA_REPAIR,71,4290.0,1813.178769008533
1,750,11,LXSSA_REPAIR,72,4350.0,1810.5262696355494
1,750,11,LXSSA_REPAIR,73,4410.0,1803.8532881182036
1,750,11,LXSSA_REPAIR,74,4470.0,1799.7656191992137
1,750,11,LXSSA_REPAIR,75,4530.0,1798.4079952774046
1,750,11,LXSSA_REPAIR,76,4590.0,1795.9145612623252
1,750,11,LXSSA_REPAIR,77,4650.0,1793.016389159602
1,750,11,LXSSA_REPAIR,78,4710.0,1791.1957660794142
1,750,11,LXSSA_REPAIR,79,4770.0,1789.7743322880851
1,750,11,LXSSA_REPAIR,80,4830.0,1789.0207797243638
1,750,11,LXSSA_REPAIR,81,4890.0,1788.2433108580299
1,750,11,LXSSA_REPAIR,82,4950.0,1787.124485144639
1,750,11,LXSSA_REPAIR,83,5010.0,1786.5471384193952
1,750,11,LXSSA_REPAIR,84,5070.0,1785.8892145396967
1,750,11,LXSSA_REPAIR,85,5130.0,1784.8168735398212
1,750,11,LXSSA_REPAIR,86,5190.0,1784.6341757565096
1,750,11,LXSSA_REPAIR,87,5250.0,1784.5512870226376
1,750,11,LXSSA_REPAIR,88,5310.0,1784.2053245640127
1,750,11,LXSSA_REPAIR,89,5370.0,1783.6025536648376
1,750,11,LXSSA_REPAIR,90,5430.0,1783.509974920773
1,750,11,LXSSA_REPAIR,91,5490.0,1783.483144094178
1,750,11,LXSSA_REPAIR,92,5550.0,1783.434386612833
1,750,11,LXSSA_REPAIR,93,5610.0,1783.4098945443693
1,750,11,LXSSA_REPAIR,94,5670.0,1783.3999775159027
1,750,11,LXSSA_REPAIR,95,5730.0,1783.3639858263632
1,750,11,LXSSA_REPAIR,96,5790.0,1783.3091879826534
1,750,11,LXSSA_REPAIR,97,5850.0,1783.2119321604405
1,750,11,LXSSA_REPAIR,98,5910.0,1783.1693089661276
1,750,11,LXSSA_REPAIR,99,5970.0,1783.1420805292728
1,750,11,LXSSA_REPAIR,100,6030.0,1783.1405205899064
1,750,12,GNNLXSSA,0,30.0,5440.340631394007
1,750,12,GNNLXSSA,1,850.0,4562.729323719555
1,750,12,GNNLXSSA,2,864.0,4534.209284680066
1,750,12,GNNLXSSA,3,876.0,4528.66911128744
1,750,12,GNNLXSSA,4,889.0,4513.415419266879
1,750,12,GNNLXSSA,5,902.0,4386.234867149062
1,750,12,GNNLXSSA,6,916.0,4386.234867149062
1,750,12,GNNLXSSA,7,930.0,4345.503951394974
1,750,12,GNNLXSSA,8,944.0,4326.768445536174
1,750,12,GNNLXSSA,9,957.0,4301.266052116611
1,750,12,GNNLXSSA,10,970.0,4267.1078025487805
1,750,12,GNNLXSSA,11,984.0,4164.935883834623
1,750,12,GNNLXSSA,12,997.0,4081.4047758623637
1,750,12,GNNLXSSA,13,1011.0,4013.4760451785405
1,750,12,GNNLXSSA,14,1025.0,3945.0718128809385
1,750,12,GNNLXSSA,15,1038.0,3939.5495648713986
1,750,12,GNNLXSSA,16,1052.0,3934.7067837016366
1,750,12,GNNLXSSA,17,1065.0,3904.2280536700564
1,750,12,GNNLXSSA,18,1077.0,3904.2280536700564
1,750,12,GNNLXSSA,19,1090.0,3904.2280536700564
1,750,12,GNNLXSSA,20,1103.0,3843.2858037265687
1,750,12,GNNLXSSA,21,1117.0,3843.2858037265687
1,750,12,GNNLXSSA,22,1131.0,3762.532230796336
1,750,12,GNNLXSSA,23,1145.0,3759.9772801194486
1,750,12,GNNLXSSA,24,1159.0,3759.9772801194486
1,750,12,GNNLXSSA,25,1173.0,3744.7969372597872
1,750,12,GNNLXSSA,26,1187.0,3690.1577344681427
1,750,12,GNNLXSSA,27,1201.0,3637.4800289927225
1,750,12,GNNLXSSA,28,1215.0,3600.2233894175006
1,750,12,GNNLXSSA,29,1229.0,3590.1166094069486
1,750,12,GNNLXSSA,30,1243.0,3590.1166094069486
1,750,12,GNNLXSSA,31,1256.0,3590.1166094069486
1,750,12,GNNLXSSA,32,1270.0,3555.3826922546286
1,750,12,GNNLXSSA,33,1284.0,3534.1182748919964
1,750,12,GNNLXSSA,34,1298.0,3534.1182748919964
1,750,12,GNNLXSSA,35,1312.0,3534.1182748919964
1,750,12,GNNLXSSA,36,1326.0,3534.1182748919964
1,750,12,GNNLXSSA,37,1338.0,3506.258232365857
1,750,12,GNNLXSSA,38,1352.0,3486.5241179558507
1,750,12,GNNLXSSA,39,1366.0,3461.901579775149
1,750,12,GNNLXSSA,40,1379.0,3461.901579775149
1,750,12,GNNLXSSA,41,1393.0,3431.041573762486
1,750,12,GNNLXSSA,42,1407.0,3425.194999854124
1,750,12,GNNLXSSA,43,1421.0,3425.194999854124
1,750,12,GNNLXSSA,44,1434.0,3425.194999854124
1,750,12,GNNLXSSA,45,1448.0,3388.787496742647
1,750,12,GNNLXSSA,46,1462.0,3388.787496742647
1,750,12,GNNLXSSA,47,1476.0,3361.1050542266166
1,750,12,GNNLXSSA,48,1489.0,3361.1050542266166
1,750,12,GNNLXSSA,49,1502.0,3361.1050542266166
1,750,12,GNNLXSSA,50,1516.0,3361.1050542266166
1,750,12,GNNLXSSA,51,1530.0,3347.4866229782783
1,750,12,GNNLXSSA,52,1543.0,3347.4866229782783
1,750,12,GNNLXSSA,53,1556.0,3347.4866229782783
1,750,12,GNNLXSSA,54,1569.0,3334.3022658070404
1,750,12,GNNLXSSA,55,1583.0,3332.9336354184197
1,750,12,GNNLXSSA,56,1597.0,3321.033758451842
1,750,12,GNNLXSSA,57,1611.0,3308.9248590105417
1,750,12,GNNLXSSA,58,1625.0,3283.3740141941526
1,750,12,GNNLXSSA,59,1638.0,3280.5023949897877
1,750,12,GNNLXSSA,60,1651.0,3260.088791057875
1,750,12,GNNLXSSA,61,1665.0,3255.477537593455
1,750,12,GNNLXSSA,62,1677.0,3221.531194457435
1,750,12,GNNLXSSA,63,1691.0,3221.531194457435
1,750,12,GNNLXSSA,64,1703.0,3209.6698432122503
1,750,12,GNNLXSSA,65,1717.0,3209.6698432122503
1,750,12,GNNLXSSA,66,1731.0,3209.6698432122503
1,750,12,GNNLXSSA,67,1744.0,3203.2408396523824
1,750,12,GNNLXSSA,68,1758.0,3203.2408396523824
1,750,12,GNNLXSSA,69,1771.0,3202.088797804783
1,750,12,GNNLXSSA,70,1783.0,3198.21005400359
1,750,12,GNNLXSSA,71,1797.0,3196.44877948708
1,750,12,GNNLXSSA,72,1810.0,3196.2844810894458
1,750,12,GNNLXSSA,73,1823.0,3196.268980608729
1,750,12,GNNLXSSA,74,1836.0,3196.158115629616
1,750,12,GNNLXSSA,75,1850.0,3195.3269965262734
1,750,12,GNNLXSSA,76,1864.0,3175.6541527328227
1,750,12,GNNLXSSA,77,1877.0,3175.004152005844
1,750,12,GNNLXSSA,78,1891.0,3175.004152005844
1,750,12,GNNLXSSA,79,1905.0,3175.004152005844
1,750,12,GNNLXSSA,80,1919.0,3173.455522222168
1,750,12,GNNLXSSA,81,1932.0,3165.5813421343482
1,750,12,GNNLXSSA,82,1945.0,3165.5813421343482
1,750,12,GNNLXSSA,83,1959.0,3165.5813421343482
1,750,12,GNNLXSSA,84,1971.0,3165.5813421343482
1,750,12,GNNLXSSA,85,1985.0,3165.573506572662
1,750,12,GNNLXSSA,86,1999.0,3165.573506572662
1,750,12,GNNLXSSA,87,2013.0,3165.573506572662
1,750,12,GNNLXSSA,88,2026.0,3165.573506572662
1,750,12,GNNLXSSA,89,2040.0,3158.650129833928
1,750,12,GNNLXSSA,90,2054.0,3146.663977315533
1,750,12,GNNLXSSA,91,2068.0,3143.8028335769195
1,750,12,GNNLXSSA,92,2082.0,3143.7758198901574
1,750,12,GNNLXSSA,93,2095.0,3143.6700072892127
1,750,12,GNNLXSSA,94,2109.0,3143.6700072892127
1,750,12,GNNLXSSA,95,2123.0,3143.6700072892127
1,750,12,GNNLXSSA,96,2136.0,3143.6596055226837
1,750,12,GNNLXSSA,97,2150.0,3143.6560351018124
1,750,12,GNNLXSSA,98,2164.0,3143.6554398657754
1,750,12,GNNLXSSA,99,2177.0,3143.6552821135847
1,750,12,GNNLXSSA,100,2191.0,3143.3999267498
1,750,12,LXSSA_REPAIR,0,30.0,5249.03469500113
1,750,12,LXSSA_REPAIR,1,90.0,4952.545739606168
1,750,12,LXSSA_REPAIR,2,150.0,4515.517564136782
1,750,12,LXSSA_REPAIR,3,210.0,4218.084651373021
1,750,12,LXSSA_REPAIR,4,270.0,3780.262647294774
1,750,12,LXSSA_REPAIR,5,330.0,3778.2859198073274
1,750,12,LXSSA_REPAIR,6,390.0,3664.8156926361407
1,750,12,LXSSA_REPAIR,7,450.0,3600.292856273809
1,750,12,LXSSA_REPAIR,8,510.0,3502.9966530211095
1,750,12,LXSSA_REPAIR,9,570.0,3483.1949347151967
1,750,12,LXSSA_REPAIR,10,630.0,3423.4498480426555
1,750,12,LXSSA_REPAIR,11,690.0,3386.367494046164
1,750,12,LXSSA_REPAIR,12,750.0,3368.700021956538
1,750,12,LXSSA_REPAIR,13,810.0,3262.8417631450575
1,750,12,LXSSA_REPAIR,14,870.0,3216.4707909937424
1,750,12,LXSSA_REPAIR,15,930.0,3201.3563197891053
1,750,12,LXSSA_REPAIR,16,990.0,3108.1776197250874
1,750,12,LXSSA_REPAIR,17,1050.0,3106.1320459801063
1,750,12,LXSSA_REPAIR,18,1110.0,3102.5450438111147
1,750,12,LXSSA_REPAIR,19,1170.0,3091.5657797936583
1,750,12,LXSSA_REPAIR,20,1230.0,3066.4872934445593
1,750,12,LXSSA_REPAIR,21,1290.0,3041.148806385885
1,750,12,LXSSA_REPAIR,22,1350.0,3008.790145742896
1,750,12,LXSSA_REPAIR,23,1410.0,2997.294872681421
1,750,12,LXSSA_REPAIR,24,1470.0,2982.2025020820874
1,750,12,LXSSA_REPAIR,25,1530.0,2963.9428745554033
1,750,12,LXSSA_REPAIR,26,1590.0,2913.5233902855107
1,750,12,LXSSA_REPAIR,27,1650.0,2909.690576590452
1,750,12,LXSSA_REPAIR,28,1710.0,2874.3422366202576
1,750,12,LXSSA_REPAIR,29,1770.0,2869.205660199761
1,750,12,LXSSA_REPAIR,30,1830.0,2864.724867158264
1,750,12,LXSSA_REPAIR,31,1890.0,2852.2530611157854
1,750,12,LXSSA_REPAIR,32,1950.0,2828.619944661332
1,750,12,LXSSA_REPAIR,33,2010.0,2821.704132620289
1,750,12,LXSSA_REPAIR,34,2070.0,2818.0998691081186
1,750,12,LXSSA_REPAIR,35,2130.0,2773.338806334039
1,750,12,LXSSA_REPAIR,36,2190.0,2756.2522166885756
1,750,12,LXSSA_REPAIR,37,2250.0,2746.624373650935
1,750,12,LXSSA_REPAIR,38,2310.0,2739.4632340584794
1,750,12,LXSSA_REPAIR,39,2370.0,2735.99851682219
1,750,12,LXSSA_REPAIR,40,2430.0,2719.1760127547022
1,750,12,LXSSA_REPAIR,41,2490.0,2705.8263274853525
1,750,12,LXSSA_REPAIR,42,2550.0,2678.3323926821467
1,750,12,LXSSA_REPAIR,43,2610.0,2674.5733463592624
1,750,12,LXSSA_REPAIR,44,2670.0,2669.6086338637397
1,750,12,LXSSA_REPAIR,45,2730.0,2663.140763808944
1,750,12,LXSSA_REPAIR,46,2790.0,2657.1058881187637
1,750,12,LXSSA_REPAIR,47,2850.0,2648.1011448354257
1,750,12,LXSSA_REPAIR,48,2910.0,2628.7919785478152
1,750,12,LXSSA_REPAIR,49,2970.0,2627.383753911956
1,750,12,LXSSA_REPAIR,50,3030.0,2595.8210749404243
1,750,12,LXSSA_REPAIR,51,3090.0,2595.777315043262
1,750,12,LXSSA_REPAIR,52,3150.0,2595.5620395697188
1,750,12,LXSSA_REPAIR,53,3210.0,2588.786331290874
1,750,12,LXSSA_REPAIR,54,3270.0,2556.422860549763
1,750,12,LXSSA_REPAIR,55,3330.0,2554.407762548013
1,750,12,LXSSA_REPAIR,56,3390.0,2552.7734629023907
1,750,12,LXSSA_REPAIR,57,3450.0,2552.099275073997
1,750,12,LXSSA_REPAIR,58,3510.0,2550.5032228987257
1,750,12,LXSSA_REPAIR,59,3570.0,2545.820748838043
1,750,12,LXSSA_REPAIR,60,3630.0,2545.601693174627
1,750,12,LXSSA_REPAIR,61,3690.0,2540.6797626756306
1,750,12,LXSSA_REPAIR,62,3750.0,2537.463614323002
1,750,12,LXSSA_REPAIR,63,3810.0,2529.562236944039
1,750,12,LXSSA_REPAIR,64,3870.0,2514.827264905194
1,750,12,LXSSA_REPAIR,65,3930.0,2507.422537269129
1,750,12,LXSSA_REPAIR,66,3990.0,2506.617091106411
1,750,12,LXSSA_REPAIR,67,4050.0,2499.2246556808386
1,750,12,LXSSA_REPAIR,68,4110.0,2494.7282399651885
1,750,12,LXSSA_REPAIR,69,4170.0,2492.995609980091
1,750,12,LXSSA_REPAIR,70,4230.0,2492.7031744972483
1,750,12,LXSSA_REPAIR,71,4290.0,2491.57688821436
1,750,12,LXSSA_REPAIR,72,4350.0,2491.387657890329
1,750,12,LXSSA_REPAIR,73,4410.0,2490.4707603608113
1,750,12,LXSSA_REPAIR,74,4470.0,2489.425952040241
1,750,12,LXSSA_REPAIR,75,4530.0,2488.0040849115467
1,750,12,LXSSA_REPAIR,76,4590.0,2486.5525313544204
1,750,12,LXSSA_REPAIR,77,4650.0,2486.2213431566925
1,750,12,LXSSA_REPAIR,78,4710.0,2485.8851738444937
1,750,12,LXSSA_REPAIR,79,4770.0,2485.3710560776963
1,750,12,LXSSA_REPAIR,80,4830.0,2484.6130419690307
1,750,12,LXSSA_REPAIR,81,4890.0,2484.3741367612674
1,750,12,LXSSA_REPAIR,82,4950.0,2484.2241450653964
1,750,12,LXSSA_REPAIR,83,5010.0,2484.083918906588
1,750,12,LXSSA_REPAIR,84,5070.0,2484.083918906588
1,750,12,LXSSA_REPAIR,85,5130.0,2484.0732480320003
1,750,12,LXSSA_REPAIR,86,5190.0,2484.045429577396
1,750,12,LXSSA_REPAIR,87,5250.0,2483.988396404253
1,750,12,LXSSA_REPAIR,88,5310.0,2483.930053883785
1,750,12,LXSSA_REPAIR,89,5370.0,2482.243088732692
1,750,12,LXSSA_REPAIR,90,5430.0,2477.4082959208463
1,750,12,LXSSA_REPAIR,91,5490.0,2467.4253607063
1,750,12,LXSSA_REPAIR,92,5550.0,2459.424347775115
1,750,12,LXSSA_REPAIR,93,5610.0,2458.5849231913744
1,750,12,LXSSA_REPAIR,94,5670.0,2458.2253970414895
1,750,12,LXSSA_REPAIR,95,5730.0,2457.988364323144
1,750,12,LXSSA_REPAIR,96,5790.0,2457.3831021009682
1,750,12,LXSSA_REPAIR,97,5850.0,2456.9567323170922
1,750,12,LXSSA_REPAIR,98,5910.0,2456.723366003047
1,750,12,LXSSA_REPAIR,99,5970.0,2456.443393524605
1,750,12,LXSSA_REPAIR,100,6030.0,2455.69480468618
1,750,13,GNNLXSSA,0,30.0,6718.7873249205295
1,750,13,GNNLXSSA,1,916.0,5868.914671213235
1,750,13,GNNLXSSA,2,930.0,5868.914671213235
1,750,13,GNNLXSSA,3,943.0,5725.611858209697
1,750,13,GNNLXSSA,4,956.0,5684.8835218276945
1,750,13,GNNLXSSA,5,969.0,5635.904466973909
1,750,13,GNNLXSSA,6,982.0,5575.639701086358
1,750,13,GNNLXSSA,7,996.0,5499.76929404035
1,750,13,GNNLXSSA,8,1009.0,5459.876494609503
1,750,13,GNNLXSSA,9,1023.0,5338.457182891318
1,750,13,GNNLXSSA,10,1037.0,5248.661930039525
1,750,13,GNNLXSSA,11,1051.0,5244.040183573918
1,750,13,GNNLXSSA,12,1064.0,5244.040183573918
1,750,13,GNNLXSSA,13,1077.0,5242.335795597901
1,750,13,GNNLXSSA,14,1091.0,5242.335795597901
1,750,13,GNNLXSSA,15,1105.0,5242.335795597901
1,750,13,GNNLXSSA,16,1119.0,5242.335795597901
1,750,13,GNNLXSSA,17,1132.0,5167.744207353971
1,750,13,GNNLXSSA,18,1145.0,4991.313833649649
1,750,13,GNNLXSSA,19,1159.0,4991.313833649649
1,750,13,GNNLXSSA,20,1173.0,4991.313833649649
1,750,13,GNNLXSSA,21,1187.0,4991.313833649649
1,750,13,GNNLXSSA,22,1201.0,4930.544837332738
1,750,13,GNNLXSSA,23,1215.0,4930.544837332738
1,750,13,GNNLXSSA,24,1229.0,4896.04650420502
1,750,13,GNNLXSSA,25,1242.0,4835.0951546260185
1,750,13,GNNLXSSA,26,1254.0,4741.897081345363
1,750,13,GNNLXSSA,27,1268.0,4741.897081345363
1,750,13,GNNLXSSA,28,1281.0,4741.897081345363
1,750,13,GNNLXSSA,29,1294.0,4670.3193243735295
1,750,13,GNNLXSSA,30,1308.0,4670.3193243735295
1,750,13,GNNLXSSA,31,1322.0,4670.3193243735295
1,750,13,GNNLXSSA,32,1336.0,4670.3193243735295
1,750,13,GNNLXSSA,33,1350.0,4670.3193243735295
1,750,13,GNNLXSSA,34,1364.0,4670.3193243735295
1,750,13,GNNLXSSA,35,1378.0,4670.3193243735295
1,750,13,GNNLXSSA,36,1392.0,4642.6015529481665
1,750,13,GNNLXSSA,37,1406.0,4600.084911162892
1,750,13,GNNLXSSA,38,1419.0,4600.084911162892
1,750,13,GNNLXSSA,39,1433.0,4558.6373617973
1,750,13,GNNLXSSA,40,1447.0,4535.592614519817
1,750,13,GNNLXSSA,41,1460.0,4535.592614519817
1,750,13,GNNLXSSA,42,1474.0,4535.592614519817
1,750,13,GNNLXSSA,43,1487.0,4499.437288685542
1,750,13,GNNLXSSA,44,1501.0,4496.05145600393
1,750,13,GNNLXSSA,45,1515.0,4496.05145600393
1,750,13,GNNLXSSA,46,1529.0,4496.05145600393
1,750,13,GNNLXSSA,47,1543.0,4426.675363774251
1,750,13,GNNLXSSA,48,1557.0,4350.454672310647
1,750,13,GNNLXSSA,49,1571.0,4350.454672310647
1,750,13,GNNLXSSA,50,1585.0,4350.454672310647
1,750,13,GNNLXSSA,51,1599.0,4324.218335357946
1,750,13,GNNLXSSA,52,1613.0,4324.218335357946
1,750,13,GNNLXSSA,53,1627.0,4324.218335357946
1,750,13,GNNLXSSA,54,1641.0,4324.218335357946
1,750,13,GNNLXSSA,55,1655.0,4324.218335357946
1,750,13,GNNLXSSA,56,1668.0,4305.807360946783
1,750,13,GNNLXSSA,57,1681.0,4237.998011541757
1,750,13,GNNLXSSA,58,1695.0,4237.998011541757
1,750,13,GNNLXSSA,59,1708.0,4237.998011541757
1,750,13,GNNLXSSA,60,1722.0,4237.998011541757
1,750,13,GNNLXSSA,61,1736.0,4237.998011541757
1,750,13,GNNLXSSA,62,1749.0,4237.998011541757
1,750,13,GNNLXSSA,63,1763.0,4237.998011541757
1,750,13,GNNLXSSA,64,1777.0,4237.998011541757
1,750,13,GNNLXSSA,65,1790.0,4218.567469061105
1,750,13,GNNLXSSA,66,1803.0,4218.567469061105
1,750,13,GNNLXSSA,67,1817.0,4218.567469061105
1,750,13,GNNLXSSA,68,1831.0,4208.703648657596
1,750,13,GNNLXSSA,69,1844.0,4208.687098668655
1,750,13,GNNLXSSA,70,1858.0,4199.000503472722
1,750,13,GNNLXSSA,71,1872.0,4196.131328941279
1,750,13,GNNLXSSA,72,1886.0,4196.131328941279
1,750,13,GNNLXSSA,73,1900.0,4196.131328941279
1,750,13,GNNLXSSA,74,1914.0,4196.131328941279
1,750,13,GNNLXSSA,75,1927.0,4194.284469327045
1,750,13,GNNLXSSA,76,1941.0,4194.284469327045
1,750,13,GNNLXSSA,77,1955.0,4194.284469327045
1,750,13,GNNLXSSA,78,1968.0,4194.284469327045
1,750,13,GNNLXSSA,79,1982.0,4173.593523564108
1,750,13,GNNLXSSA,80,1994.0,4144.316093594098
1,750,13,GNNLXSSA,81,2008.0,4085.3134027401975
1,750,13,GNNLXSSA,82,2020.0,4073.1140291466145
1,750,13,GNNLXSSA,83,2033.0,4069.384820792591
1,750,13,GNNLXSSA,84,2046.0,4069.384820792591
1,750,13,GNNLXSSA,85,2059.0,4066.3954705469514
1,750,13,GNNLXSSA,86,2072.0,4065.114237253656
1,750,13,GNNLXSSA,87,2086.0,4063.7225497542095
1,750,13,GNNLXSSA,88,2100.0,4063.7225497542095
1,750,13,GNNLXSSA,89,2112.0,4063.6577749612043
1,750,13,GNNLXSSA,90,2126.0,4063.4471797958104
1,750,13,GNNLXSSA,91,2139.0,4058.9659226016665
1,750,13,GNNLXSSA,92,2152.0,4058.9659226016665
1,750,13,GNNLXSSA,93,2166.0,4046.2459550259664
1,750,13,GNNLXSSA,94,2179.0,4044.119855820056
1,750,13,GNNLXSSA,95,2193.0,4044.1183387440105
1,750,13,GNNLXSSA,96,2207.0,4044.1183387440105
1,750,13,GNNLXSSA,97,2221.0,4037.7704283595813
1,750,13,GNNLXSSA,98,2235.0,4033.3793504631467
1,750,13,GNNLXSSA,99,2249.0,4028.354295325742
1,750,13,GNNLXSSA,100,2263.0,4028.354295325742
1,750,13,LXSSA_REPAIR,0,30.0,6530.677242056307
1,750,13,LXSSA_REPAIR,1,90.0,6345.574263462273
1,750,13,LXSSA_REPAIR,2,150.0,6056.078387193789
1,750,13,LXSSA_REPAIR,3,210.0,5651.932539719302
1,750,13,LXSSA_REPAIR,4,270.0,5314.86807742386
1,750,13,LXSSA_REPAIR,5,330.0,5094.919323444643
1,750,13,LXSSA_REPAIR,6,390.0,5007.478543436315
1,750,13,LXSSA_REPAIR,7,450.0,4942.555150121756
1,750,13,LXSSA_REPAIR,8,510.0,4782.706358509298
1,750,13,LXSSA_REPAIR,9,570.0,4756.072741421129
1,750,13,LXSSA_REPAIR,10,630.0,4713.655461032191
1,750,13,LXSSA_REPAIR,11,690.0,4492.626618048394
1,750,13,LXSSA_REPAIR,12,750.0,4472.9255689947895
1,750,13,LXSSA_REPAIR,13,810.0,4377.994995389279
1,750,13,LXSSA_REPAIR,14,870.0,4347.069429909854
1,750,13,LXSSA_REPAIR,15,930.0,4332.188914393802
1,750,13,LXSSA_REPAIR,16,990.0,4317.479066558459
1,750,13,LXSSA_REPAIR,17,1050.0,4275.358026587724
1,750,13,LXSSA_REPAIR,18,1110.0,4240.673560867552
1,750,13,LXSSA_REPAIR,19,1170.0,4228.907004600696
1,750,13,LXSSA_REPAIR,20,1230.0,4217.6582202336285
1,750,13,LXSSA_REPAIR,21,1290.0,4196.491574584827
1,750,13,LXSSA_REPAIR,22,1350.0,4132.285881240183
1,750,13,LXSSA_REPAIR,23,1410.0,4122.242382723372
1,750,13,LXSSA_REPAIR,24,1470.0,4099.745693606514
1,750,13,LXSSA_REPAIR,25,1530.0,4097.1289193378325
1,750,13,LXSSA_REPAIR,26,1590.0,4074.0131281728245
1,750,13,LXSSA_REPAIR,27,1650.0,4008.7246870710223
1,750,13,LXSSA_REPAIR,28,1710.0,3977.5466587943374
1,750,13,LXSSA_REPAIR,29,1770.0,3943.9755779530387
1,750,13,LXSSA_REPAIR,30,1830.0,3935.344036693714
1,750,13,LXSSA_REPAIR,31,1890.0,3909.492872373943
1,750,13,LXSSA_REPAIR,32,1950.0,3906.2254453235655
1,750,13,LXSSA_REPAIR,33,2010.0,3865.9360397490527
1,750,13,LXSSA_REPAIR,34,2070.0,3860.2304835880204
1,750,13,LXSSA_REPAIR,35,2130.0,3841.1568038418045
1,750,13,LXSSA_REPAIR,36,2190.0,3827.094081029645
1,750,13,LXSSA_REPAIR,37,2250.0,3817.052492415547
1,750,13,LXSSA_REPAIR,38,2310.0,3790.6422956777824
1,750,13,LXSSA_REPAIR,39,2370.0,3774.377881872613
1,750,13,LXSSA_REPAIR,40,2430.0,3752.19532220198
1,750,13,LXSSA_REPAIR,41,2490.0,3725.1288794559805
1,750,13,LXSSA_REPAIR,42,2550.0,3707.138539026768
1,750,13,LXSSA_REPAIR,43,2610.0,3687.8272248765134
1,750,13,LXSSA_REPAIR,44,2670.0,3668.8204763824324
1,750,13,LXSSA_REPAIR,45,2730.0,3639.7470620387176
1,750,13,LXSSA_REPAIR,46,2790.0,3636.8758551453648
1,750,13,LXSSA_REPAIR,47,2850.0,3569.9197935234115
1,750,13,LXSSA_REPAIR,48,2910.0,3561.4388778208086
1,750,13,LXSSA_REPAIR,49,2970.0,3560.649166969146
1,750,13,LXSSA_REPAIR,50,3030.0,3551.7104652979615
1,750,13,LXSSA_REPAIR,51,3090.0,3549.5221187501593
1,750,13,LXSSA_REPAIR,52,3150.0,3547.2342794526776
1,750,13,LXSSA_REPAIR,53,3210.0,3522.0333848734153
1,750,13,LXSSA_REPAIR,54,3270.0,3481.243118144819
1,750,13,LXSSA_REPAIR,55,3330.0,3473.166141668771
1,750,13,LXSSA_REPAIR,56,3390.0,3465.976463532468
1,750,13,LXSSA_REPAIR,57,3450.0,3453.8843006675306
1,750,13,LXSSA_REPAIR,58,3510.0,3441.280815857055
1,750,13,LXSSA_REPAIR,59,3570.0,3427.984698986402
1,750,13,LXSSA_REPAIR,60,3630.0,3425.7106639559497
1,750,13,LXSSA_REPAIR,61,3690.0,3410.28175335181
1,750,13,LXSSA_REPAIR,62,3750.0,3408.665279764944
1,750,13,LXSSA_REPAIR,63,3810.0,3396.9443764627067
1,750,13,LXSSA_REPAIR,64,3870.0,3385.4460615077987
1,750,13,LXSSA_REPAIR,65,3930.0,3383.724891509919
1,750,13,LXSSA_REPAIR,66,3990.0,3382.0360633183154
1,750,13,LXSSA_REPAIR,67,4050.0,3380.515905117456
1,750,13,LXSSA_REPAIR,68,4110.0,3369.8692673823825
1,750,13,LXSSA_REPAIR,69,4170.0,3353.577899018681
1,750,13,LXSSA_REPAIR,70,4230.0,3340.8021384939493
1,750,13,LXSSA_REPAIR,71,4290.0,3336.4281422834465
1,750,13,LXSSA_REPAIR,72,4350.0,3329.6813712448784
1,750,13,LXSSA_REPAIR,73,4410.0,3326.144370296126
1,750,13,LXSSA_REPAIR,74,4470.0,3317.0661525844043
1,750,13,LXSSA_REPAIR,75,4530.0,3288.0159984370694
1,750,13,LXSSA_REPAIR,76,4590.0,3284.793899811906
1,750,13,LXSSA_REPAIR,77,4650.0,3282.7497441377054
1,750,13,LXSSA_REPAIR,78,4710.0,3281.089797335706
1,750,13,LXSSA_REPAIR,79,4770.0,3279.843649058239
1,750,13,LXSSA_REPAIR,80,4830.0,3279.201874380713
1,750,13,LXSSA_REPAIR,81,4890.0,3277.9803312123695
1,750,13,LXSSA_REPAIR,82,4950.0,3275.9311344075395
1,750,13,LXSSA_REPAIR,83,5010.0,3274.7295760039706
1,750,13,LXSSA_REPAIR,84,5070.0,3274.5757595952746
1,750,13,LXSSA_REPAIR,85,5130.0,3274.4337288217794
1,750,13,LXSSA_REPAIR,86,5190.0,3274.2895738612424
1,750,13,LXSSA_REPAIR,87,5250.0,3274.101167105211
1,750,13,LXSSA_REPAIR,88,5310.0,3273.2487663751526
1,750,13,LXSSA_REPAIR,89,5370.0,3271.824688277775
1,750,13,LXSSA_REPAIR,90,5430.0,3271.4762681219872
1,750,13,LXSSA_REPAIR,91,5490.0,3271.386214438855
1,750,13,LXSSA_REPAIR,92,5550.0,3266.098725879172
1,750,13,LXSSA_REPAIR,93,5610.0,3244.1999679275614
1,750,13,LXSSA_REPAIR,94,5670.0,3243.0145931059815
1,750,13,LXSSA_REPAIR,95,5730.0,3242.720082608488
1,750,13,LXSSA_REPAIR,96,5790.0,3242.372702031076
1,750,13,LXSSA_REPAIR,97,5850.0,3242.1952760921413
1,750,13,LXSSA_REPAIR,98,5910.0,3241.4515971200453
1,750,13,LXSSA_REPAIR,99,5970.0,3240.1900440990285
1,750,13,LXSSA_REPAIR,100,6030.0,3239.746948804299
1,750,14,GNNLXSSA,0,30.0,7636.758496016453
1,750,14,GNNLXSSA,1,980.0,7186.945812573598
1,750,14,GNNLXSSA,2,993.0,6943.206172110484
1,750,14,GNNLXSSA,3,1006.0,6943.206172110484
1,750,14,GNNLXSSA,4,1020.0,6943.206172110484
1,750,14,GNNLXSSA,5,1034.0,6706.85264441141
1,750,14,GNNLXSSA,6,1047.0,6706.85264441141
1,750,14,GNNLXSSA,7,1060.0,6626.906890232727
1,750,14,GNNLXSSA,8,1073.0,6469.071974586099
1,750,14,GNNLXSSA,9,1086.0,6469.071974586099
1,750,14,GNNLXSSA,10,1099.0,6352.81949616877
1,750,14,GNNLXSSA,11,1113.0,6223.675208669287
1,750,14,GNNLXSSA,12,1127.0,5955.10476428234
1,750,14,GNNLXSSA,13,1141.0,5865.2601291488245
1,750,14,GNNLXSSA,14,1154.0,5858.736514173186
1,750,14,GNNLXSSA,15,1166.0,5858.736514173186
1,750,14,GNNLXSSA,16,1180.0,5858.736514173186
1,750,14,GNNLXSSA,17,1194.0,5841.096835185541
1,750,14,GNNLXSSA,18,1207.0,5841.096835185541
1,750,14,GNNLXSSA,19,1221.0,5824.8751143009285
1,750,14,GNNLXSSA,20,1235.0,5824.8751143009285
1,750,14,GNNLXSSA,21,1248.0,5824.8751143009285
1,750,14,GNNLXSSA,22,1262.0,5824.8751143009285
1,750,14,GNNLXSSA,23,1276.0,5785.456395407775
1,750,14,GNNLXSSA,24,1290.0,5782.957907808333
1,750,14,GNNLXSSA,25,1304.0,5741.437292597897
1,750,14,GNNLXSSA,26,1318.0,5707.387479387311
1,750,14,GNNLXSSA,27,1332.0,5707.387479387311
1,750,14,GNNLXSSA,28,1345.0,5678.690966994065
1,750,14,GNNLXSSA,29,1359.0,5678.690966994065
1,750,14,GNNLXSSA,30,1372.0,5678.690966994065
1,750,14,GNNLXSSA,31,1385.0,5678.690966994065
1,750,14,GNNLXSSA,32,1399.0,5669.591454177178
1,750,14,GNNLXSSA,33,1413.0,5669.591454177178
1,750,14,GNNLXSSA,34,1427.0,5669.591454177178
1,750,14,GNNLXSSA,35,1440.0,5588.156861980853
1,750,14,GNNLXSSA,36,1454.0,5588.156861980853
1,750,14,GNNLXSSA,37,1468.0,5541.116514061912
1,750,14,GNNLXSSA,38,1482.0,5541.116514061912
1,750,14,GNNLXSSA,39,1496.0,5541.116514061912
1,750,14,GNNLXSSA,40,1509.0,5541.116514061912
1,750,14,GNNLXSSA,41,1522.0,5541.116514061912
1,750,14,GNNLXSSA,42,1536.0,5541.116514061912
1,750,14,GNNLXSSA,43,1549.0,5541.116514061912
1,750,14,GNNLXSSA,44,1563.0,5541.116514061912
1,750,14,GNNLXSSA,45,1576.0,5541.116514061912
1,750,14,GNNLXSSA,46,1590.0,5541.116514061912
1,750,14,GNNLXSSA,47,1603.0,5482.013871181582
1,750,14,GNNLXSSA,48,1617.0,5482.013871181582
1,750,14,GNNLXSSA,49,1630.0,5482.013871181582
1,750,14,GNNLXSSA,50,1644.0,5482.013871181582
1,750,14,GNNLXSSA,51,1658.0,5482.013871181582
1,750,14,GNNLXSSA,52,1672.0,5459.011981408621
1,750,14,GNNLXSSA,53,1686.0,5332.455050295845
1,750,14,GNNLXSSA,54,1700.0,5332.455050295845
1,750,14,GNNLXSSA,55,1714.0,5329.948434820617
1,750,14,GNNLXSSA,56,1728.0,5141.265385186547
1,750,14,GNNLXSSA,57,1741.0,5130.24939981541
1,750,14,GNNLXSSA,58,1754.0,5130.24939981541
1,750,14,GNNLXSSA,59,1768.0,5130.24939981541
1,750,14,GNNLXSSA,60,1782.0,5094.07021258735
1,750,14,GNNLXSSA,61,1796.0,5094.07021258735
1,750,14,GNNLXSSA,62,1809.0,5087.195390678229
1,750,14,GNNLXSSA,63,1823.0,5023.528288083704
1,750,14,GNNLXSSA,64,1836.0,5016.375453683184
1,750,14,GNNLXSSA,65,1850.0,5016.375453683184
1,750,14,GNNLXSSA,66,1864.0,5016.375453683184
1,750,14,GNNLXSSA,67,1877.0,5016.375453683184
1,750,14,GNNLXSSA,68,1891.0,5016.375453683184
1,750,14,GNNLXSSA,69,1904.0,5016.375453683184
1,750,14,GNNLXSSA,70,1918.0,5016.375453683184
1,750,14,GNNLXSSA,71,1931.0,5016.375453683184
1,750,14,GNNLXSSA,72,1944.0,5016.375453683184
1,750,14,GNNLXSSA,73,1958.0,5016.375453683184
1,750,14,GNNLXSSA,74,1972.0,5016.375453683184
1,750,14,GNNLXSSA,75,1985.0,5016.375453683184
1,750,14,GNNLXSSA,76,1999.0,5016.375453683184
1,750,14,GNNLXSSA,77,2013.0,5016.375453683184
1,750,14,GNNLXSSA,78,2027.0,5016.375453683184
1,750,14,GNNLXSSA,79,2041.0,5016.375453683184
1,750,14,GNNLXSSA,80,2054.0,5015.613481169858
1,750,14,GNNLXSSA,81,2066.0,5015.613481169858
1,750,14,GNNLXSSA,82,2080.0,5015.613481169858
1,750,14,GNNLXSSA,83,2094.0,5015.613481169858
1,750,14,GNNLXSSA,84,2108.0,5015.613481169858
1,750,14,GNNLXSSA,85,2121.0,4996.243472305519
1,750,14,GNNLXSSA,86,2135.0,4996.243472305519
1,750,14,GNNLXSSA,87,2149.0,4996.243472305519
1,750,14,GNNLXSSA,88,2162.0,4996.243472305519
1,750,14,GNNLXSSA,89,2175.0,4992.021604935828
1,750,14,GNNLXSSA,90,2189.0,4992.021604935828
1,750,14,GNNLXSSA,91,2202.0,4988.010572616346
1,750,14,GNNLXSSA,92,2216.0,4988.010572616346
1,750,14,GNNLXSSA,93,2229.0,4982.835298101942
1,750,14,GNNLXSSA,94,2243.0,4973.611815302473
1,750,14,GNNLXSSA,95,2257.0,4971.145527571702
1,750,14,GNNLXSSA,96,2271.0,4963.90632277682
1,750,14,GNNLXSSA,97,2284.0,4962.2242812693585
1,750,14,GNNLXSSA,98,2298.0,4951.3771234046435
1,750,14,GNNLXSSA,99,2311.0,4949.846653990651
1,750,14,GNNLXSSA,100,2325.0,4949.845669721399
1,750,14,LXSSA_REPAIR,0,30.0,7814.982463941284
1,750,14,LXSSA_REPAIR,1,90.0,7558.1728851797525
1,750,14,LXSSA_REPAIR,2,150.0,7399.5523786045815
1,750,14,LXSSA_REPAIR,3,210.0,7055.464287231502
1,750,14,LXSSA_REPAIR,4,270.0,6935.626504143933
1,750,14,LXSSA_REPAIR,5,330.0,6727.30117310342
1,750,14,LXSSA_REPAIR,6,390.0,6543.691506064482
1,750,14,LXSSA_REPAIR,7,450.0,6493.494833881414
1,750,14,LXSSA_REPAIR,8,510.0,6270.923854278721
1,750,14,LXSSA_REPAIR,9,570.0,6249.4981328507565
1,750,14,LXSSA_REPAIR,10,630.0,6173.967818344128
1,750,14,LXSSA_REPAIR,11,690.0,6134.754315940139
1,750,14,LXSSA_REPAIR,12,750.0,6053.10908154858
1,750,14,LXSSA_REPAIR,13,810.0,6037.79555279926
1,750,14,LXSSA_REPAIR,14,870.0,6013.377433178277
1,750,14,LXSSA_REPAIR,15,930.0,5975.0231241661095
1,750,14,LXSSA_REPAIR,16,990.0,5763.998230177429
1,750,14,LXSSA_REPAIR,17,1050.0,5721.910026908314
1,750,14,LXSSA_REPAIR,18,1110.0,5672.887523848229
1,750,14,LXSSA_REPAIR,19,1170.0,5561.3219902777055
1,750,14,LXSSA_REPAIR,20,1230.0,5500.269951436159
1,750,14,LXSSA_REPAIR,21,1290.0,5400.071181345804
1,750,14,LXSSA_REPAIR,22,1350.0,5387.319070863799
1,750,14,LXSSA_REPAIR,23,1410.0,5386.0781625298405
1,750,14,LXSSA_REPAIR,24,1470.0,5385.431262097205
1,750,14,LXSSA_REPAIR,25,1530.0,5309.522800458173
1,750,14,LXSSA_REPAIR,26,1590.0,5307.582392636003
1,750,14,LXSSA_REPAIR,27,1650.0,5195.908173247604
1,750,14,LXSSA_REPAIR,28,1710.0,5170.990344352991
1,750,14,LXSSA_REPAIR,29,1770.0,5164.783331200728
1,750,14,LXSSA_REPAIR,30,1830.0,5147.765196377106
1,750,14,LXSSA_REPAIR,31,1890.0,5147.13838534939
1,750,14,LXSSA_REPAIR,32,1950.0,5141.880730147415
1,750,14,LXSSA_REPAIR,33,2010.0,5140.012838785231
1,750,14,LXSSA_REPAIR,34,2070.0,5074.162331059037
1,750,14,LXSSA_REPAIR,35,2130.0,5073.468710091867
1,750,14,LXSSA_REPAIR,36,2190.0,5073.018663471026
1,750,14,LXSSA_REPAIR,37,2250.0,5029.28439774194
1,750,14,LXSSA_REPAIR,38,2310.0,5004.100961520933
1,750,14,LXSSA_REPAIR,39,2370.0,4991.120668234362
1,750,14,LXSSA_REPAIR,40,2430.0,4975.1118317442015
1,750,14,LXSSA_REPAIR,41,2490.0,4966.914015846807
1,750,14,LXSSA_REPAIR,42,2550.0,4963.335543689842
1,750,14,LXSSA_REPAIR,43,2610.0,4945.598444755029
1,750,14,LXSSA_REPAIR,44,2670.0,4939.344634242836
1,750,14,LXSSA_REPAIR,45,2730.0,4934.645449503048
1,750,14,LXSSA_REPAIR,46,2790.0,4926.973677200964
1,750,14,LXSSA_REPAIR,47,2850.0,4898.071837975178
1,750,14,LXSSA_REPAIR,48,2910.0,4845.171343674971
1,750,14,LXSSA_REPAIR,49,2970.0,4834.911060992003
1,750,14,LXSSA_REPAIR,50,3030.0,4811.606018290273
1,750,14,LXSSA_REPAIR,51,3090.0,4788.429603516837
1,750,14,LXSSA_REPAIR,52,3150.0,4758.34185432487
1,750,14,LXSSA_REPAIR,53,3210.0,4755.194712583543
1,750,14,LXSSA_REPAIR,54,3270.0,4750.207794430447
1,750,14,LXSSA_REPAIR,55,3330.0,4746.600542775181
1,750,14,LXSSA_REPAIR,56,3390.0,4744.918793615783
1,750,14,LXSSA_REPAIR,57,3450.0,4732.029172775161
1,750,14,LXSSA_REPAIR,58,3510.0,4728.306602413213
1,750,14,LXSSA_REPAIR,59,3570.0,4725.226064988907
1,750,14,LXSSA_REPAIR,60,3630.0,4723.078127246263
1,750,14,LXSSA_REPAIR,61,3690.0,4714.803308412884
1,750,14,LXSSA_REPAIR,62,3750.0,4706.680653478528
1,750,14,LXSSA_REPAIR,63,3810.0,4700.608382894803
1,750,14,LXSSA_REPAIR,64,3870.0,4666.446477391437
1,750,14,LXSSA_REPAIR,65,3930.0,4653.397767372589
1,750,14,LXSSA_REPAIR,66,3990.0,4637.464019100575
1,750,14,LXSSA_REPAIR,67,4050.0,4635.462476784902
1,750,14,LXSSA_REPAIR,68,4110.0,4623.76346599478
1,750,14,LXSSA_REPAIR,69,4170.0,4610.417166739135
1,750,14,LXSSA_REPAIR,70,4230.0,4606.9237767628365
1,750,14,LXSSA_REPAIR,71,4290.0,4605.892311947537
1,750,14,LXSSA_REPAIR,72,4350.0,4602.0389316514775
1,750,14,LXSSA_REPAIR,73,4410.0,4598.6443451170635
1,750,14,LXSSA_REPAIR,74,4470.0,4597.01539256578
1,750,14,LXSSA_REPAIR,75,4530.0,4594.984157798695
1,750,14,LXSSA_REPAIR,76,4590.0,4594.0559242442105
1,750,14,LXSSA_REPAIR,77,4650.0,4593.119322054306
1,750,14,LXSSA_REPAIR,78,4710.0,4591.248783098621
1,750,14,LXSSA_REPAIR,79,4770.0,4585.237904014226
1,750,14,LXSSA_REPAIR,80,4830.0,4582.492831886222
1,750,14,LXSSA_REPAIR,81,4890.0,4580.480445923764
1,750,14,LXSSA_REPAIR,82,4950.0,4578.785470754374
1,750,14,LXSSA_REPAIR,83,5010.0,4572.589392378257
1,750,14,LXSSA_REPAIR,84,5070.0,4571.988841720289
1,750,14,LXSSA_REPAIR,85,5130.0,4569.040682084436
1,750,14,LXSSA_REPAIR,86,5190.0,4566.942973618614
1,750,14,LXSSA_REPAIR,87,5250.0,4562.859749666284
1,750,14,LXSSA_REPAIR,88,5310.0,4556.3923590395425
1,750,14,LXSSA_REPAIR,89,5370.0,4554.524807437207
1,750,14,LXSSA_REPAIR,90,5430.0,4554.336647573058
1,750,14,LXSSA_REPAIR,91,5490.0,4554.096253687734
1,750,14,LXSSA_REPAIR,92,5550.0,4554.044538621631
1,750,14,LXSSA_REPAIR,93,5610.0,4553.9412205417175
1,750,14,LXSSA_REPAIR,94,5670.0,4553.854698345254
1,750,14,LXSSA_REPAIR,95,5730.0,4553.6578807777405
1,750,14,LXSSA_REPAIR,96,5790.0,4553.309922822504
1,750,14,LXSSA_REPAIR,97,5850.0,4552.733731614251
1,750,14,LXSSA_REPAIR,98,5910.0,4551.310786142407
1,750,14,LXSSA_REPAIR,99,5970.0,4551.104253444559
1,750,14,LXSSA_REPAIR,100,6030.0,4551.101998336773
1,750,2,GNNLXSSA,0,30.0,1.5401362555330707
1,750,2,GNNLXSSA,1,212.0,0.7046627914533019
1,750,2,GNNLXSSA,2,225.0,0.572395358742142
1,750,2,GNNLXSSA,3,238.0,0.5625324923039443
1,750,2,GNNLXSSA,4,252.0,0.5516698710362107
1,750,2,GNNLXSSA,5,266.0,0.5516698710362107
1,750,2,GNNLXSSA,6,280.0,0.5470864304497809
1,750,2,GNNLXSSA,7,293.0,0.5254659900729166
1,750,2,GNNLXSSA,8,307.0,0.5146150418768229
1,750,2,GNNLXSSA,9,320.0,0.5020422358356882
1,750,2,GNNLXSSA,10,334.0,0.4968873863435874
1,750,2,GNNLXSSA,11,348.0,0.4968873863435874
1,750,2,GNNLXSSA,12,361.0,0.4968873863435874
1,750,2,GNNLXSSA,13,375.0,0.4968873863435874
1,750,2,GNNLXSSA,14,389.0,0.4968873863435874
1,750,2,GNNLXSSA,15,403.0,0.4968873863435874
1,750,2,GNNLXSSA,16,415.0,0.44036867755312414
1,750,2,GNNLXSSA,17,428.0,0.4282856925383385
1,750,2,GNNLXSSA,18,441.0,0.4282856925383385
1,750,2,GNNLXSSA,19,455.0,0.4282856925383385
1,750,2,GNNLXSSA,20,468.0,0.40815523792116437
1,750,2,GNNLXSSA,21,482.0,0.3951889739055332
1,750,2,GNNLXSSA,22,496.0,0.3951889739055332
1,750,2,GNNLXSSA,23,510.0,0.3951889739055332
1,750,2,GNNLXSSA,24,523.0,0.3951889739055332
1,750,2,GNNLXSSA,25,537.0,0.3951889739055332
1,750,2,GNNLXSSA,26,550.0,0.3951889739055332
1,750,2,GNNLXSSA,27,563.0,0.3951889739055332
1,750,2,GNNLXSSA,28,576.0,0.3951889739055332
1,750,2,GNNLXSSA,29,590.0,0.3951889739055332
1,750,2,GNNLXSSA,30,604.0,0.3951889739055332
1,750,2,GNNLXSSA,31,618.0,0.3951889739055332
1,750,2,GNNLXSSA,32,632.0,0.3951889739055332
1,750,2,GNNLXSSA,33,646.0,0.3951889739055332
1,750,2,GNNLXSSA,34,659.0,0.3951889739055332
1,750,2,GNNLXSSA,35,672.0,0.3951889739055332
1,750,2,GNNLXSSA,36,686.0,0.3951889739055332
1,750,2,GNNLXSSA,37,699.0,0.3951889739055332
1,750,2,GNNLXSSA,38,713.0,0.39429280479089357
1,750,2,GNNLXSSA,39,727.0,0.39429280479089357
1,750,2,GNNLXSSA,40,741.0,0.39429280479089357
1,750,2,GNNLXSSA,41,755.0,0.39429280479089357
1,750,2,GNNLXSSA,42,769.0,0.39429280479089357
1,750,2,GNNLXSSA,43,783.0,0.39429280479089357
1,750,2,GNNLXSSA,44,796.0,0.39429280479089357
1,750,2,GNNLXSSA,45,810.0,0.39429280479089357
1,750,2,GNNLXSSA,46,824.0,0.39429280479089357
1,750,2,GNNLXSSA,47,838.0,0.39429280479089357
1,750,2,GNNLXSSA,48,851.0,0.39429280479089357
1,750,2,GNNLXSSA,49,865.0,0.39013559428349254
1,750,2,GNNLXSSA,50,878.0,0.39013559428349254
1,750,2,GNNLXSSA,51,891.0,0.39013559428349254
1,750,2,GNNLXSSA,52,904.0,0.39013559428349254
1,750,2,GNNLXSSA,53,918.0,0.39013559428349254
1,750,2,GNNLXSSA,54,932.0,0.39013559428349254
1,750,2,GNNLXSSA,55,946.0,0.39013559428349254
1,750,2,GNNLXSSA,56,960.0,0.39013559428349254
1,750,2,GNNLXSSA,57,974.0,0.3894350062801095
1,750,2,GNNLXSSA,58,988.0,0.3894350062801095
1,750,2,GNNLXSSA,59,1001.0,0.3894350062801095
1,750,2,GNNLXSSA,60,1014.0,0.3894350062801095
1,750,2,GNNLXSSA,61,1028.0,0.3894350062801095
1,750,2,GNNLXSSA,62,1042.0,0.3894350062801095
1,750,2,GNNLXSSA,63,1056.0,0.3894350062801095
1,750,2,GNNLXSSA,64,1069.0,0.3894350062801095
1,750,2,GNNLXSSA,65,1082.0,0.3894350062801095
1,750,2,GNNLXSSA,66,1094.0,0.3894350062801095
1,750,2,GNNLXSSA,67,1107.0,0.3880445785689517
1,750,2,GNNLXSSA,68,1121.0,0.3872649368859129
1,750,2,GNNLXSSA,69,1135.0,0.3872649368859129
1,750,2,GNNLXSSA,70,1149.0,0.3872649368859129
1,750,2,GNNLXSSA,71,1162.0,0.3872649368859129
1,750,2,GNNLXSSA,72,1176.0,0.3872649368859129
1,750,2,GNNLXSSA,73,1190.0,0.3871405246845825
1,750,2,GNNLXSSA,74,1204.0,0.3862675437667349
1,750,2,GNNLXSSA,75,1216.0,0.3862675437667349
1,750,2,GNNLXSSA,76,1229.0,0.3847037159521278
1,750,2,GNNLXSSA,77,1242.0,0.3844684634168516
1,750,2,GNNLXSSA,78,1255.0,0.3840015824407601
1,750,2,GNNLXSSA,79,1268.0,0.3820744345011917
1,750,2,GNNLXSSA,80,1282.0,0.3820744345011917
1,750,2,GNNLXSSA,81,1295.0,0.38103504211176187
1,750,2,GNNLXSSA,82,1309.0,0.3800893683473987
1,750,2,GNNLXSSA,83,1323.0,0.38007848182496673
1,750,2,GNNLXSSA,84,1337.0,0.37672331235989986
1,750,2,GNNLXSSA,85,1351.0,0.37589740219846135
1,750,2,GNNLXSSA,86,1364.0,0.37433297321695136
1,750,2,GNNLXSSA,87,1378.0,0.37271955918185995
1,750,2,GNNLXSSA,88,1391.0,0.36360664305357204
1,750,2,GNNLXSSA,89,1405.0,0.36360664305357204
1,750,2,GNNLXSSA,90,1419.0,0.36360664305357204
1,750,2,GNNLXSSA,91,1433.0,0.36360664305357204
1,750,2,GNNLXSSA,92,1447.0,0.36360664305357204
1,750,2,GNNLXSSA,93,1460.0,0.36360664305357204
1,750,2,GNNLXSSA,94,1473.0,0.3634015992156492
1,750,2,GNNLXSSA,95,1487.0,0.3634015992156492
1,750,2,GNNLXSSA,96,1501.0,0.3625033480584534
1,750,2,GNNLXSSA,97,1514.0,0.3625033480584534
1,750,2,GNNLXSSA,98,1527.0,0.3625033480584534
1,750,2,GNNLXSSA,99,1541.0,0.3625033480584534
1,750,2,GNNLXSSA,100,1555.0,0.3625033480584534
1,750,2,LXSSA_REPAIR,0,30.0,1.5566110939726059
1,750,2,LXSSA_REPAIR,1,90.0,0.5781783949205419
1,750,2,LXSSA_REPAIR,2,150.0,0.4579190333297447
1,750,2,LXSSA_REPAIR,3,210.0,0.38058189200091874
1,750,2,LXSSA_REPAIR,4,270.0,0.36744596454082057
1,750,2,LXSSA_REPAIR,5,330.0,0.3636129820115457
1,750,2,LXSSA_REPAIR,6,390.0,0.3470809436366835
1,750,2,LXSSA_REPAIR,7,450.0,0.3468593450343178
1,750,2,LXSSA_REPAIR,8,510.0,0.3466166635189438
1,750,2,LXSSA_REPAIR,9,570.0,0.32799004716434865
1,750,2,LXSSA_REPAIR,10,630.0,0.3279684123626794
1,750,2,LXSSA_REPAIR,11,690.0,0.3276308489366784
1,750,2,LXSSA_REPAIR,12,750.0,0.32638987887185067
1,750,2,LXSSA_REPAIR,13,810.0,0.32391837243812915
1,750,2,LXSSA_REPAIR,14,870.0,0.2922547603411658
1,750,2,LXSSA_REPAIR,15,930.0,0.26902243243421253
1,750,2,LXSSA_REPAIR,16,990.0,0.2621406084217597
1,750,2,LXSSA_REPAIR,17,1050.0,0.2574455592348386
1,750,2,LXSSA_REPAIR,18,1110.0,0.2574455592348386
1,750,2,LXSSA_REPAIR,19,1170.0,0.25637911409103253
1,750,2,LXSSA_REPAIR,20,1230.0,0.2559751691896963
1,750,2,LXSSA_REPAIR,21,1290.0,0.25586457665303897
1,750,2,LXSSA_REPAIR,22,1350.0,0.2555447515405831
1,750,2,LXSSA_REPAIR,23,1410.0,0.25108684893530153
1,750,2,LXSSA_REPAIR,24,1470.0,0.24878869083113386
1,750,2,LXSSA_REPAIR,25,1530.0,0.24772918723829207
1,750,2,LXSSA_REPAIR,26,1590.0,0.24765743935859064
1,750,2,LXSSA_REPAIR,27,1650.0,0.2475758159198449
1,750,2,LXSSA_REPAIR,28,1710.0,0.2475758159198449
1,750,2,LXSSA_REPAIR,29,1770.0,0.2475758159198449
1,750,2,LXSSA_REPAIR,30,1830.0,0.2474817576658097
1,750,2,LXSSA_REPAIR,31,1890.0,0.24730047876983008
1,750,2,LXSSA_REPAIR,32,1950.0,0.24727530949530774
1,750,2,LXSSA_REPAIR,33,2010.0,0.24725557374040363
1,750,2,LXSSA_REPAIR,34,2070.0,0.24725557374040363
1,750,2,LXSSA_REPAIR,35,2130.0,0.24724333879930782
1,750,2,LXSSA_REPAIR,36,2190.0,0.24724333879930782
1,750,2,LXSSA_REPAIR,37,2250.0,0.24723671281208226
1,750,2,LXSSA_REPAIR,38,2310.0,0.2472361809141148
1,750,2,LXSSA_REPAIR,39,2370.0,0.24720950985829404
1,750,2,LXSSA_REPAIR,40,2430.0,0.2470718806835066
1,750,2,LXSSA_REPAIR,41,2490.0,0.24706826269175508
1,750,2,LXSSA_REPAIR,42,2550.0,0.24706826269175508
1,750,2,LXSSA_REPAIR,43,2610.0,0.24706743028582423
1,750,2,LXSSA_REPAIR,44,2670.0,0.24706686198260286
1,750,2,LXSSA_REPAIR,45,2730.0,0.24706601856451016
1,750,2,LXSSA_REPAIR,46,2790.0,0.24706584080740868
1,750,2,LXSSA_REPAIR,47,2850.0,0.24706533218704863
1,750,2,LXSSA_REPAIR,48,2910.0,0.2470646647780086
1,750,2,LXSSA_REPAIR,49,2970.0,0.2470643400793051
1,750,2,LXSSA_REPAIR,50,3030.0,0.24706430327387352
1,750,2,LXSSA_REPAIR,51,3090.0,0.2470640796564112
1,750,2,LXSSA_REPAIR,52,3150.0,0.2470638742979645
1,750,2,LXSSA_REPAIR,53,3210.0,0.24706383744887717
1,750,2,LXSSA_REPAIR,54,3270.0,0.24706370920466725
1,750,2,LXSSA_REPAIR,55,3330.0,0.24706370920466725
1,750,2,LXSSA_REPAIR,56,3390.0,0.24706352202883863
1,750,2,LXSSA_REPAIR,57,3450.0,0.24706351189706766
1,750,2,LXSSA_REPAIR,58,3510.0,0.24706342577883333
1,750,2,LXSSA_REPAIR,59,3570.0,0.2470634249111754
1,750,2,LXSSA_REPAIR,60,3630.0,0.2470633792145236
1,750,2,LXSSA_REPAIR,61,3690.0,0.2470633305492811
1,750,2,LXSSA_REPAIR,62,3750.0,0.24706325189799827
1,750,2,LXSSA_REPAIR,63,3810.0,0.24706325054103218
1,750,2,LXSSA_REPAIR,64,3870.0,0.2470632410622784
1,750,2,LXSSA_REPAIR,65,3930.0,0.24706323609279934
1,750,2,LXSSA_REPAIR,66,3990.0,0.24706322130805347
1,750,2,LXSSA_REPAIR,67,4050.0,0.24706322130805347
1,750,2,LXSSA_REPAIR,68,4110.0,0.24706321180747182
1,750,2,LXSSA_REPAIR,69,4170.0,0.24706321180747182
1,750,2,LXSSA_REPAIR,70,4230.0,0.24706321180747182
1,750,2,LXSSA_REPAIR,71,4290.0,0.24706320983023033
1,750,2,LXSSA_REPAIR,72,4350.0,0.24706320725272235
1,750,2,LXSSA_REPAIR,73,4410.0,0.24706320640871127
1,750,2,LXSSA_REPAIR,74,4470.0,0.2470632054573798
1,750,2,LXSSA_REPAIR,75,4530.0,0.2470632049280539
1,750,2,LXSSA_REPAIR,76,4590.0,0.24706320428231265
1,750,2,LXSSA_REPAIR,77,4650.0,0.24706320364384737
1,750,2,LXSSA_REPAIR,78,4710.0,0.24706320361110556
1,750,2,LXSSA_REPAIR,79,4770.0,0.24706320198492904
1,750,2,LXSSA_REPAIR,80,4830.0,0.2470632017357275
1,750,2,LXSSA_REPAIR,81,4890.0,0.2470632017357275
1,750,2,LXSSA_REPAIR,82,4950.0,0.2470632017357275
1,750,2,LXSSA_REPAIR,83,5010.0,0.24706320171935658
1,750,2,LXSSA_REPAIR,84,5070.0,0.24706320167751983
1,750,2,LXSSA_REPAIR,85,5130.0,0.24706320136829163
1,750,2,LXSSA_REPAIR,86,5190.0,0.2470632013228169
1,750,2,LXSSA_REPAIR,87,5250.0,0.247063201302808
1,750,2,LXSSA_REPAIR,88,5310.0,0.24706320119912561
1,750,2,LXSSA_REPAIR,89,5370.0,0.24706320105906343
1,750,2,LXSSA_REPAIR,90,5430.0,0.24706320104269253
1,750,2,LXSSA_REPAIR,91,5490.0,0.24706320103541657
1,750,2,LXSSA_REPAIR,92,5550.0,0.24706320097357093
1,750,2,LXSSA_REPAIR,93,5610.0,0.24706320094992407
1,750,2,LXSSA_REPAIR,94,5670.0,0.2470632009462861
1,750,2,LXSSA_REPAIR,95,5730.0,0.2470632009462861
1,750,2,LXSSA_REPAIR,96,5790.0,0.2470632009462861
1,750,2,LXSSA_REPAIR,97,5850.0,0.2470632009462861
1,750,2,LXSSA_REPAIR,98,5910.0,0.2470632009462861
1,750,2,LXSSA_REPAIR,99,5970.0,0.2470632009462861
1,750,2,LXSSA_REPAIR,100,6030.0,0.2470632009462861
1,750,3,GNNLXSSA,0,30.0,30.967336874811735
1,750,3,GNNLXSSA,1,276.0,19.00614613298967
1,750,3,GNNLXSSA,2,290.0,16.343808576097217
1,750,3,GNNLXSSA,3,303.0,14.392145811398223
1,750,3,GNNLXSSA,4,316.0,13.262246213747858
1,750,3,GNNLXSSA,5,329.0,12.861040771662374
1,750,3,GNNLXSSA,6,343.0,12.861040771662374
1,750,3,GNNLXSSA,7,357.0,12.21243512910587
1,750,3,GNNLXSSA,8,371.0,11.596895921135001
1,750,3,GNNLXSSA,9,385.0,10.76759984490127
1,750,3,GNNLXSSA,10,398.0,10.226139704987872
1,750,3,GNNLXSSA,11,411.0,10.189206806320726
1,750,3,GNNLXSSA,12,423.0,9.481167737849319
1,750,3,GNNLXSSA,13,436.0,8.805672974081972
1,750,3,GNNLXSSA,14,450.0,8.805672974081972
1,750,3,GNNLXSSA,15,464.0,8.690554798980884
1,750,3,GNNLXSSA,16,477.0,8.336418084239995
1,750,3,GNNLXSSA,17,491.0,8.134823742642766
1,750,3,GNNLXSSA,18,505.0,7.983292451470334
1,750,3,GNNLXSSA,19,519.0,7.957210549051524
1,750,3,GNNLXSSA,20,532.0,7.957210549051524
1,750,3,GNNLXSSA,21,546.0,7.516031059945817
1,750,3,GNNLXSSA,22,559.0,7.2974150051268225
1,750,3,GNNLXSSA,23,573.0,7.2974150051268225
1,750,3,GNNLXSSA,24,586.0,7.2974150051268225
1,750,3,GNNLXSSA,25,599.0,7.2974150051268225
1,750,3,GNNLXSSA,26,613.0,7.2974150051268225
1,750,3,GNNLXSSA,27,627.0,7.288193734228116
1,750,3,GNNLXSSA,28,641.0,7.237574522427167
1,750,3,GNNLXSSA,29,654.0,7.08238879624696
1,750,3,GNNLXSSA,30,668.0,7.08238879624696
1,750,3,GNNLXSSA,31,681.0,6.936256138262252
1,750,3,GNNLXSSA,32,695.0,6.722082542844873
1,750,3,GNNLXSSA,33,709.0,6.597364510886109
1,750,3,GNNLXSSA,34,722.0,6.597364510886109
1,750,3,GNNLXSSA,35,736.0,6.597364510886109
1,750,3,GNNLXSSA,36,749.0,6.597364510886109
1,750,3,GNNLXSSA,37,762.0,6.597364510886109
1,750,3,GNNLXSSA,38,775.0,6.537211795006442
1,750,3,GNNLXSSA,39,788.0,6.331177256608498
1,750,3,GNNLXSSA,40,802.0,6.088403400619427
1,750,3,GNNLXSSA,41,816.0,6.0656037347216625
1,750,3,GNNLXSSA,42,830.0,6.0656037347216625
1,750,3,GNNLXSSA,43,844.0,6.0656037347216625
1,750,3,GNNLXSSA,44,858.0,6.0656037347216625
1,750,3,GNNLXSSA,45,872.0,6.0656037347216625
1,750,3,GNNLXSSA,46,885.0,6.052700058127812
1,750,3,GNNLXSSA,47,898.0,6.052700058127812
1,750,3,GNNLXSSA,48,912.0,6.052700058127812
1,750,3,GNNLXSSA,49,926.0,6.040451325112372
1,750,3,GNNLXSSA,50,940.0,6.038187235713849
1,750,3,GNNLXSSA,51,954.0,6.038187235713849
1,750,3,GNNLXSSA,52,968.0,6.038187235713849
1,750,3,GNNLXSSA,53,981.0,6.038187235713849
1,750,3,GNNLXSSA,54,995.0,6.038187235713849
1,750,3,GNNLXSSA,55,1008.0,6.038187235713849
1,750,3,GNNLXSSA,56,1021.0,6.038187235713849
1,750,3,GNNLXSSA,57,1035.0,6.038187235713849
1,750,3,GNNLXSSA,58,1049.0,6.038187235713849
1,750,3,GNNLXSSA,59,1063.0,6.038187235713849
1,750,3,GNNLXSSA,60,1077.0,6.038187235713849
1,750,3,GNNLXSSA,61,1091.0,6.038187235713849
1,750,3,GNNLXSSA,62,1104.0,6.038187235713849
1,750,3,GNNLXSSA,63,1118.0,6.036874151999655
1,750,3,GNNLXSSA,64,1131.0,6.03458993172535
1,750,3,GNNLXSSA,65,1143.0,6.005622058790323
1,750,3,GNNLXSSA,66,1157.0,5.990601138513739
1,750,3,GNNLXSSA,67,1171.0,5.964383961752901
1,750,3,GNNLXSSA,68,1185.0,5.964383961752901
1,750,3,GNNLXSSA,69,1199.0,5.935872504505824
1,750,3,GNNLXSSA,70,1212.0,5.88731839963657
1,750,3,GNNLXSSA,71,1225.0,5.88731839963657
1,750,3,GNNLXSSA,72,1239.0,5.88731839963657
1,750,3,GNNLXSSA,73,1253.0,5.88731839963657
1,750,3,GNNLXSSA,74,1267.0,5.88731839963657
1,750,3,GNNLXSSA,75,1281.0,5.88731839963657
1,750,3,GNNLXSSA,76,1295.0,5.881333847570204
1,750,3,GNNLXSSA,77,1308.0,5.881333847570204
1,750,3,GNNLXSSA,78,1322.0,5.880825033837027
1,750,3,GNNLXSSA,79,1336.0,5.873090663910261
1,750,3,GNNLXSSA,80,1349.0,5.873090663910261
1,750,3,GNNLXSSA,81,1363.0,5.87308612058041
1,750,3,GNNLXSSA,82,1377.0,5.873070450808882
1,750,3,GNNLXSSA,83,1391.0,5.873070450808882
1,750,3,GNNLXSSA,84,1405.0,5.873070450808882
1,750,3,GNNLXSSA,85,1419.0,5.873070450808882
1,750,3,GNNLXSSA,86,1433.0,5.873070450808882
1,750,3,GNNLXSSA,87,1447.0,5.873070450808882
1,750,3,GNNLXSSA,88,1461.0,5.873070450808882
1,750,3,GNNLXSSA,89,1475.0,5.873070450808882
1,750,3,GNNLXSSA,90,1489.0,5.872083479571302
1,750,3,GNNLXSSA,91,1502.0,5.872083479571302
1,750,3,GNNLXSSA,92,1515.0,5.863578560689348
1,750,3,GNNLXSSA,93,1529.0,5.863449216078152
1,750,3,GNNLXSSA,94,1543.0,5.861358277325053
1,750,3,GNNLXSSA,95,1556.0,5.860753192770062
1,750,3,GNNLXSSA,96,1570.0,5.821851831708045
1,750,3,GNNLXSSA,97,1584.0,5.794827196623373
1,750,3,GNNLXSSA,98,1597.0,5.7790650402748724
1,750,3,GNNLXSSA,99,1610.0,5.750254407852481
1,750,3,GNNLXSSA,100,1624.0,5.748047498007509
1,750,3,LXSSA_REPAIR,0,30.0,36.2435853634488
1,750,3,LXSSA_REPAIR,1,90.0,20.31599702256426
1,750,3,LXSSA_REPAIR,2,150.0,12.819514375383733
1,750,3,LXSSA_REPAIR,3,210.0,10.664384276380588
1,750,3,LXSSA_REPAIR,4,270.0,9.460460811871599
1,750,3,LXSSA_REPAIR,5,330.0,8.533492531176307
1,750,3,LXSSA_REPAIR,6,390.0,8.19383426913555
1,750,3,LXSSA_REPAIR,7,450.0,8.19383426913555
1,750,3,LXSSA_REPAIR,8,510.0,8.021124219194462
1,750,3,LXSSA_REPAIR,9,570.0,7.653104910008551
1,750,3,LXSSA_REPAIR,10,630.0,7.5385159170728
1,750,3,LXSSA_REPAIR,11,690.0,7.288430059219536
1,750,3,LXSSA_REPAIR,12,750.0,7.259632927227358
1,750,3,LXSSA_REPAIR,13,810.0,7.1325202254301985
1,750,3,LXSSA_REPAIR,14,870.0,6.244520858268515
1,750,3,LXSSA_REPAIR,15,930.0,6.222254261814669
1,750,3,LXSSA_REPAIR,16,990.0,5.773855135936174
1,750,3,LXSSA_REPAIR,17,1050.0,5.769636181768874
1,750,3,LXSSA_REPAIR,18,1110.0,5.447494262934924
1,750,3,LXSSA_REPAIR,19,1170.0,5.276356695103459
1,750,3,LXSSA_REPAIR,20,1230.0,5.013358047384827
1,750,3,LXSSA_REPAIR,21,1290.0,4.717673666680639
1,750,3,LXSSA_REPAIR,22,1350.0,4.7124357631983
1,750,3,LXSSA_REPAIR,23,1410.0,4.456717836910684
1,750,3,LXSSA_REPAIR,24,1470.0,4.357428384297236
1,750,3,LXSSA_REPAIR,25,1530.0,4.0673008724879764
1,750,3,LXSSA_REPAIR,26,1590.0,4.066127830057667
1,750,3,LXSSA_REPAIR,27,1650.0,4.064445368392626
1,750,3,LXSSA_REPAIR,28,1710.0,4.06404745281543
1,750,3,LXSSA_REPAIR,29,1770.0,4.016513222664798
1,750,3,LXSSA_REPAIR,30,1830.0,3.9962502841190144
1,750,3,LXSSA_REPAIR,31,1890.0,3.988113939707546
1,750,3,LXSSA_REPAIR,32,1950.0,3.983466766647325
1,750,3,LXSSA_REPAIR,33,2010.0,3.9746105344311218
1,750,3,LXSSA_REPAIR,34,2070.0,3.9583774057391565
1,750,3,LXSSA_REPAIR,35,2130.0,3.955546361867164
1,750,3,LXSSA_REPAIR,36,2190.0,3.9400313214136986
1,750,3,LXSSA_REPAIR,37,2250.0,3.9185413060513383
1,750,3,LXSSA_REPAIR,38,2310.0,3.8970485055651807
1,750,3,LXSSA_REPAIR,39,2370.0,3.8895776191347977
1,750,3,LXSSA_REPAIR,40,2430.0,3.880767316753918
1,750,3,LXSSA_REPAIR,41,2490.0,3.8764530870321323
1,750,3,LXSSA_REPAIR,42,2550.0,3.863137545904465
1,750,3,LXSSA_REPAIR,43,2610.0,3.860921371542645
1,750,3,LXSSA_REPAIR,44,2670.0,3.8554842561134137
1,750,3,LXSSA_REPAIR,45,2730.0,3.8464734888548264
1,750,3,LXSSA_REPAIR,46,2790.0,3.8407753690262325
1,750,3,LXSSA_REPAIR,47,2850.0,3.8386791777775215
1,750,3,LXSSA_REPAIR,48,2910.0,3.8367027866770513
1,750,3,LXSSA_REPAIR,49,2970.0,3.834411582676694
1,750,3,LXSSA_REPAIR,50,3030.0,3.831031216577685
1,750,3,LXSSA_REPAIR,51,3090.0,3.8290758478979114
1,750,3,LXSSA_REPAIR,52,3150.0,3.8146272135963954
1,750,3,LXSSA_REPAIR,53,3210.0,3.8116732212729403
1,750,3,LXSSA_REPAIR,54,3270.0,3.7985415579896653
1,750,3,LXSSA_REPAIR,55,3330.0,3.793292140835547
1,750,3,LXSSA_REPAIR,56,3390.0,3.791939068090869
1,750,3,LXSSA_REPAIR,57,3450.0,3.790773434429866
1,750,3,LXSSA_REPAIR,58,3510.0,3.787043366322905
1,750,3,LXSSA_REPAIR,59,3570.0,3.780705491641129
1,750,3,LXSSA_REPAIR,60,3630.0,3.7801632122136652
1,750,3,LXSSA_REPAIR,61,3690.0,3.7791391986320377
1,750,3,LXSSA_REPAIR,62,3750.0,3.7718896268343087
1,750,3,LXSSA_REPAIR,63,3810.0,3.7656817222668906
1,750,3,LXSSA_REPAIR,64,3870.0,3.763864257856767
1,750,3,LXSSA_REPAIR,65,3930.0,3.7614343438144715
1,750,3,LXSSA_REPAIR,66,3990.0,3.7608051227070973
1,750,3,LXSSA_REPAIR,67,4050.0,3.7600818439859722
1,750,3,LXSSA_REPAIR,68,4110.0,3.7598654963367153
1,750,3,LXSSA_REPAIR,69,4170.0,3.7593847072894278
1,750,3,LXSSA_REPAIR,70,4230.0,3.757607798652316
1,750,3,LXSSA_REPAIR,71,4290.0,3.750641438506136
1,750,3,LXSSA_REPAIR,72,4350.0,3.7464507316908566
1,750,3,LXSSA_REPAIR,73,4410.0,3.7419118468023953
1,750,3,LXSSA_REPAIR,74,4470.0,3.7387203812540974
1,750,3,LXSSA_REPAIR,75,4530.0,3.7366787852879497
1,750,3,LXSSA_REPAIR,76,4590.0,3.7363146093848627
1,750,3,LXSSA_REPAIR,77,4650.0,3.7344475268400856
1,750,3,LXSSA_REPAIR,78,4710.0,3.7321816383919213
1,750,3,LXSSA_REPAIR,79,4770.0,3.72790902489578
1,750,3,LXSSA_REPAIR,80,4830.0,3.7240642793331062
1,750,3,LXSSA_REPAIR,81,4890.0,3.7228935313651164
1,750,3,LXSSA_REPAIR,82,4950.0,3.7222451354537043
1,750,3,LXSSA_REPAIR,83,5010.0,3.720545951917302
1,750,3,LXSSA_REPAIR,84,5070.0,3.7183466532114835
1,750,3,LXSSA_REPAIR,85,5130.0,3.7170279587298864
1,750,3,LXSSA_REPAIR,86,5190.0,3.7165833098588337
1,750,3,LXSSA_REPAIR,87,5250.0,3.716549802957161
1,750,3,LXSSA_REPAIR,88,5310.0,3.7161983945588872
1,750,3,LXSSA_REPAIR,89,5370.0,3.715413355599594
1,750,3,LXSSA_REPAIR,90,5430.0,3.713870885265351
1,750,3,LXSSA_REPAIR,91,5490.0,3.713856086957094
1,750,3,LXSSA_REPAIR,92,5550.0,3.7138213505604654
1,750,3,LXSSA_REPAIR,93,5610.0,3.713444429995434
1,750,3,LXSSA_REPAIR,94,5670.0,3.712078414122516
1,750,3,LXSSA_REPAIR,95,5730.0,3.7115228133188793
1,750,3,LXSSA_REPAIR,96,5790.0,3.7115089332146454
1,750,3,LXSSA_REPAIR,97,5850.0,3.711471841088496
1,750,3,LXSSA_REPAIR,98,5910.0,3.7113346677288064
1,750,3,LXSSA_REPAIR,99,5970.0,3.711257344173646
1,750,3,LXSSA_REPAIR,100,6030.0,3.7112458274241362
1,750,4,GNNLXSSA,0,30.0,114.53107518223987
1,750,4,GNNLXSSA,1,340.0,72.78385220947894
1,750,4,GNNLXSSA,2,354.0,68.0992706328907
1,750,4,GNNLXSSA,3,368.0,59.096036274251674
1,750,4,GNNLXSSA,4,381.0,52.41737639661005
1,750,4,GNNLXSSA,5,394.0,50.67055856785737
1,750,4,GNNLXSSA,6,408.0,49.83682639877952
1,750,4,GNNLXSSA,7,422.0,48.0999409616561
1,750,4,GNNLXSSA,8,436.0,48.0999409616561
1,750,4,GNNLXSSA,9,450.0,47.13489566578937
1,750,4,GNNLXSSA,10,463.0,47.13489566578937
1,750,4,GNNLXSSA,11,477.0,43.53849469387933
1,750,4,GNNLXSSA,12,490.0,43.53849469387933
1,750,4,GNNLXSSA,13,503.0,43.53849469387933
1,750,4,GNNLXSSA,14,517.0,40.03324561115005
1,750,4,GNNLXSSA,15,531.0,40.03324561115005
1,750,4,GNNLXSSA,16,545.0,40.03324561115005
1,750,4,GNNLXSSA,17,559.0,40.03324561115005
1,750,4,GNNLXSSA,18,573.0,40.03324561115005
1,750,4,GNNLXSSA,19,586.0,39.85361326066413
1,750,4,GNNLXSSA,20,600.0,39.85361326066413
1,750,4,GNNLXSSA,21,614.0,39.85361326066413
1,750,4,GNNLXSSA,22,628.0,38.72705918100837
1,750,4,GNNLXSSA,23,642.0,38.10003295549541
1,750,4,GNNLXSSA,24,656.0,38.10003295549541
1,750,4,GNNLXSSA,25,669.0,38.10003295549541
1,750,4,GNNLXSSA,26,683.0,37.39211422502558
1,750,4,GNNLXSSA,27,697.0,35.43175244449958
1,750,4,GNNLXSSA,28,710.0,35.143321282143006
1,750,4,GNNLXSSA,29,724.0,35.143321282143006
1,750,4,GNNLXSSA,30,738.0,35.143321282143006
1,750,4,GNNLXSSA,31,752.0,35.143321282143006
1,750,4,GNNLXSSA,32,765.0,34.03026615047929
1,750,4,GNNLXSSA,33,777.0,34.03026615047929
1,750,4,GNNLXSSA,34,790.0,34.03026615047929
1,750,4,GNNLXSSA,35,804.0,34.03026615047929
1,750,4,GNNLXSSA,36,817.0,32.966727500675916
1,750,4,GNNLXSSA,37,830.0,32.966727500675916
1,750,4,GNNLXSSA,38,844.0,32.966727500675916
1,750,4,GNNLXSSA,39,857.0,32.05310379470757
1,750,4,GNNLXSSA,40,871.0,32.05310379470757
1,750,4,GNNLXSSA,41,885.0,32.05310379470757
1,750,4,GNNLXSSA,42,899.0,32.05310379470757
1,750,4,GNNLXSSA,43,912.0,32.05310379470757
1,750,4,GNNLXSSA,44,926.0,32.05310379470757
1,750,4,GNNLXSSA,45,940.0,32.05310379470757
1,750,4,GNNLXSSA,46,953.0,32.05310379470757
1,750,4,GNNLXSSA,47,967.0,32.05310379470757
1,750,4,GNNLXSSA,48,981.0,31.87978076647414
1,750,4,GNNLXSSA,49,995.0,31.87978076647414
1,750,4,GNNLXSSA,50,1009.0,31.87978076647414
1,750,4,GNNLXSSA,51,1022.0,30.617627752420958
1,750,4,GNNLXSSA,52,1036.0,30.617627752420958
1,750,4,GNNLXSSA,53,1049.0,30.617627752420958
1,750,4,GNNLXSSA,54,1063.0,30.617627752420958
1,750,4,GNNLXSSA,55,1077.0,30.617627752420958
1,750,4,GNNLXSSA,56,1090.0,30.617627752420958
1,750,4,GNNLXSSA,57,1103.0,30.617627752420958
1,750,4,GNNLXSSA,58,1117.0,30.617627752420958
1,750,4,GNNLXSSA,59,1131.0,30.60867687485006
1,750,4,GNNLXSSA,60,1144.0,30.317434000360663
1,750,4,GNNLXSSA,61,1158.0,30.317434000360663
1,750,4,GNNLXSSA,62,1172.0,30.317434000360663
1,750,4,GNNLXSSA,63,1186.0,30.317434000360663
1,750,4,GNNLXSSA,64,1199.0,30.110233900333697
1,750,4,GNNLXSSA,65,1213.0,29.987489512022876
1,750,4,GNNLXSSA,66,1226.0,29.972684408989153
1,750,4,GNNLXSSA,67,1239.0,29.972684408989153
1,750,4,GNNLXSSA,68,1253.0,29.903083705401514
1,750,4,GNNLXSSA,69,1267.0,29.88764044979689
1,750,4,GNNLXSSA,70,1281.0,29.760326863870432
1,750,4,GNNLXSSA,71,1294.0,29.760326863870432
1,750,4,GNNLXSSA,72,1308.0,29.75995370713281
1,750,4,GNNLXSSA,73,1321.0,29.725881486956496
1,750,4,GNNLXSSA,74,1334.0,29.702437872474547
1,750,4,GNNLXSSA,75,1348.0,29.702437872474547
1,750,4,GNNLXSSA,76,1361.0,29.698212799226894
1,750,4,GNNLXSSA,77,1374.0,29.137383193337882
1,750,4,GNNLXSSA,78,1388.0,29.137383193337882
1,750,4,GNNLXSSA,79,1402.0,28.980024273114395
1,750,4,GNNLXSSA,80,1416.0,28.980024273114395
1,750,4,GNNLXSSA,81,1429.0,28.980024273114395
1,750,4,GNNLXSSA,82,1443.0,28.980024273114395
1,750,4,GNNLXSSA,83,1456.0,28.980024273114395
1,750,4,GNNLXSSA,84,1470.0,28.980024273114395
1,750,4,GNNLXSSA,85,1484.0,28.980024273114395
1,750,4,GNNLXSSA,86,1497.0,28.980024273114395
1,750,4,GNNLXSSA,87,1511.0,28.980024273114395
1,750,4,GNNLXSSA,88,1525.0,28.980024273114395
1,750,4,GNNLXSSA,89,1539.0,28.965501315989968
1,750,4,GNNLXSSA,90,1553.0,28.965501315989968
1,750,4,GNNLXSSA,91,1567.0,28.965251579596952
1,750,4,GNNLXSSA,92,1581.0,28.965107879877905
1,750,4,GNNLXSSA,93,1595.0,28.776997173663403
1,750,4,GNNLXSSA,94,1608.0,28.77692849473533
1,750,4,GNNLXSSA,95,1622.0,28.681758392165648
1,750,4,GNNLXSSA,96,1636.0,28.638504506106983
1,750,4,GNNLXSSA,97,1650.0,28.606621312319476
1,750,4,GNNLXSSA,98,1664.0,28.56750865406866
1,750,4,GNNLXSSA,99,1678.0,28.555415949289454
1,750,4,GNNLXSSA,100,1691.0,28.51753612327957
1,750,4,LXSSA_REPAIR,0,30.0,114.1557506435056
1,750,4,LXSSA_REPAIR,1,90.0,77.0235410010282
1,750,4,LXSSA_REPAIR,2,150.0,59.379842932961765
1,750,4,LXSSA_REPAIR,3,210.0,52.41520491563642
1,750,4,LXSSA_REPAIR,4,270.0,50.76434923210036
1,750,4,LXSSA_REPAIR,5,330.0,44.34780996045447
1,750,4,LXSSA_REPAIR,6,390.0,40.478436149831396
1,750,4,LXSSA_REPAIR,7,450.0,38.82538239353016
1,750,4,LXSSA_REPAIR,8,510.0,37.88864744404418
1,750,4,LXSSA_REPAIR,9,570.0,35.36341800864466
1,750,4,LXSSA_REPAIR,10,630.0,34.49941493263759
1,750,4,LXSSA_REPAIR,11,690.0,33.820111581666424
1,750,4,LXSSA_REPAIR,12,750.0,32.95928843263755
1,750,4,LXSSA_REPAIR,13,810.0,32.78681164543741
1,750,4,LXSSA_REPAIR,14,870.0,32.61090243381477
1,750,4,LXSSA_REPAIR,15,930.0,31.098152967286296
1,750,4,LXSSA_REPAIR,16,990.0,29.014532304910972
1,750,4,LXSSA_REPAIR,17,1050.0,28.94987244288859
1,750,4,LXSSA_REPAIR,18,1110.0,28.37559725441679
1,750,4,LXSSA_REPAIR,19,1170.0,28.33892577471488
1,750,4,LXSSA_REPAIR,20,1230.0,28.02632590290159
1,750,4,LXSSA_REPAIR,21,1290.0,27.12581519715968
1,750,4,LXSSA_REPAIR,22,1350.0,27.03642801753449
1,750,4,LXSSA_REPAIR,23,1410.0,27.018210311704024
1,750,4,LXSSA_REPAIR,24,1470.0,25.67375921324856
1,750,4,LXSSA_REPAIR,25,1530.0,25.586472923994734
1,750,4,LXSSA_REPAIR,26,1590.0,25.537784783555253
1,750,4,LXSSA_REPAIR,27,1650.0,25.51292406515131
1,750,4,LXSSA_REPAIR,28,1710.0,25.51196146530492
1,750,4,LXSSA_REPAIR,29,1770.0,25.275378383612406
1,750,4,LXSSA_REPAIR,30,1830.0,25.267672864400083
1,750,4,LXSSA_REPAIR,31,1890.0,25.261438456127507
1,750,4,LXSSA_REPAIR,32,1950.0,25.232387820284202
1,750,4,LXSSA_REPAIR,33,2010.0,25.082029945282557
1,750,4,LXSSA_REPAIR,34,2070.0,25.0681984261646
1,750,4,LXSSA_REPAIR,35,2130.0,24.87152137832163
1,750,4,LXSSA_REPAIR,36,2190.0,24.769989157794043
1,750,4,LXSSA_REPAIR,37,2250.0,24.680628811856877
1,750,4,LXSSA_REPAIR,38,2310.0,24.62767374887335
1,750,4,LXSSA_REPAIR,39,2370.0,24.59544414418997
1,750,4,LXSSA_REPAIR,40,2430.0,24.57919211045737
1,750,4,LXSSA_REPAIR,41,2490.0,24.541055426729145
1,750,4,LXSSA_REPAIR,42,2550.0,24.507701767925028
1,750,4,LXSSA_REPAIR,43,2610.0,24.503457368991803
1,750,4,LXSSA_REPAIR,44,2670.0,24.480080713474308
1,750,4,LXSSA_REPAIR,45,2730.0,24.423397716898762
1,750,4,LXSSA_REPAIR,46,2790.0,24.20961156543126
1,750,4,LXSSA_REPAIR,47,2850.0,24.04280467121498
1,750,4,LXSSA_REPAIR,48,2910.0,24.011005748045136
1,750,4,LXSSA_REPAIR,49,2970.0,23.90662157103725
1,750,4,LXSSA_REPAIR,50,3030.0,23.783007373465807
1,750,4,LXSSA_REPAIR,51,3090.0,23.710174143776385
1,750,4,LXSSA_REPAIR,52,3150.0,23.70060676625144
1,750,4,LXSSA_REPAIR,53,3210.0,23.660938984681707
1,750,4,LXSSA_REPAIR,54,3270.0,23.660149442690454
1,750,4,LXSSA_REPAIR,55,3330.0,23.64228539378746
1,750,4,LXSSA_REPAIR,56,3390.0,23.6263496904794
1,750,4,LXSSA_REPAIR,57,3450.0,23.614052137090766
1,750,4,LXSSA_REPAIR,58,3510.0,23.612965127118514
1,750,4,LXSSA_REPAIR,59,3570.0,23.604633750652283
1,750,4,LXSSA_REPAIR,60,3630.0,23.594128255052055
1,750,4,LXSSA_REPAIR,61,3690.0,23.546343369293027
1,750,4,LXSSA_REPAIR,62,3750.0,23.52169546319419
1,750,4,LXSSA_REPAIR,63,3810.0,23.512804989259166
1,750,4,LXSSA_REPAIR,64,3870.0,23.447926622109662
1,750,4,LXSSA_REPAIR,65,3930.0,23.341006984857813
1,750,4,LXSSA_REPAIR,66,3990.0,23.303872578253504
1,750,4,LXSSA_REPAIR,67,4050.0,23.216213298881485
1,750,4,LXSSA_REPAIR,68,4110.0,23.139990176292486
1,750,4,LXSSA_REPAIR,69,4170.0,23.113476119066036
1,750,4,LXSSA_REPAIR,70,4230.0,23.11044197861702
1,750,4,LXSSA_REPAIR,71,4290.0,23.10697756683294
1,750,4,LXSSA_REPAIR,72,4350.0,23.09888170587874
1,750,4,LXSSA_REPAIR,73,4410.0,23.082207824052603
1,750,4,LXSSA_REPAIR,74,4470.0,23.03020771503361
1,750,4,LXSSA_REPAIR,75,4530.0,23.028938718896825
1,750,4,LXSSA_REPAIR,76,4590.0,23.02890922550432
1,750,4,LXSSA_REPAIR,77,4650.0,23.028663997098192
1,750,4,LXSSA_REPAIR,78,4710.0,23.027732185164496
1,750,4,LXSSA_REPAIR,79,4770.0,23.027189833657758
1,750,4,LXSSA_REPAIR,80,4830.0,23.026560883747152
1,750,4,LXSSA_REPAIR,81,4890.0,23.0261212829937
1,750,4,LXSSA_REPAIR,82,4950.0,23.025088765160035
1,750,4,LXSSA_REPAIR,83,5010.0,23.02301552003337
1,750,4,LXSSA_REPAIR,84,5070.0,23.02105510855108
1,750,4,LXSSA_REPAIR,85,5130.0,23.020635062799556
1,750,4,LXSSA_REPAIR,86,5190.0,23.01981690273169
1,750,4,LXSSA_REPAIR,87,5250.0,23.01879153720074
1,750,4,LXSSA_REPAIR,88,5310.0,23.01790994581097
1,750,4,LXSSA_REPAIR,89,5370.0,23.017468470177846
1,750,4,LXSSA_REPAIR,90,5430.0,23.01740498343497
1,750,4,LXSSA_REPAIR,91,5490.0,23.017340437552775
1,750,4,LXSSA_REPAIR,92,5550.0,23.01724262807329
1,750,4,LXSSA_REPAIR,93,5610.0,23.01692010796978
1,750,4,LXSSA_REPAIR,94,5670.0,23.01545750678997
1,750,4,LXSSA_REPAIR,95,5730.0,23.01290228106518
1,750,4,LXSSA_REPAIR,96,5790.0,23.010858503072086
1,750,4,LXSSA_REPAIR,97,5850.0,23.010616537194437
1,750,4,LXSSA_REPAIR,98,5910.0,23.01057441350349
1,750,4,LXSSA_REPAIR,99,5970.0,23.010327470423363
1,750,4,LXSSA_REPAIR,100,6030.0,23.009935810478055
1,750,5,GNNLXSSA,0,30.0,277.5620592546984
1,750,5,GNNLXSSA,1,404.0,212.34007267606648
1,750,5,GNNLXSSA,2,417.0,184.1022124824667
1,750,5,GNNLXSSA,3,431.0,176.6541519591774
1,750,5,GNNLXSSA,4,444.0,167.72022027745697
1,750,5,GNNLXSSA,5,458.0,164.60098683153774
1,750,5,GNNLXSSA,6,472.0,164.60098683153774
1,750,5,GNNLXSSA,7,486.0,164.60098683153774
1,750,5,GNNLXSSA,8,499.0,153.2713683062102
1,750,5,GNNLXSSA,9,512.0,153.2713683062102
1,750,5,GNNLXSSA,10,525.0,152.41330198239302
1,750,5,GNNLXSSA,11,539.0,150.1785061007613
1,750,5,GNNLXSSA,12,553.0,149.19947806685377
1,750,5,GNNLXSSA,13,566.0,149.19947806685377
1,750,5,GNNLXSSA,14,580.0,148.6784609724782
1,750,5,GNNLXSSA,15,593.0,147.92457819441915
1,750,5,GNNLXSSA,16,607.0,140.90615465832525
1,750,5,GNNLXSSA,17,620.0,137.68934602630907
1,750,5,GNNLXSSA,18,633.0,134.24231598502956
1,750,5,GNNLXSSA,19,647.0,134.24231598502956
1,750,5,GNNLXSSA,20,661.0,134.24231598502956
1,750,5,GNNLXSSA,21,675.0,133.4508464800747
1,750,5,GNNLXSSA,22,689.0,133.4508464800747
1,750,5,GNNLXSSA,23,702.0,133.4508464800747
1,750,5,GNNLXSSA,24,715.0,132.16412397021486
1,750,5,GNNLXSSA,25,728.0,127.96931479956402
1,750,5,GNNLXSSA,26,742.0,127.96931479956402
1,750,5,GNNLXSSA,27,756.0,127.96931479956402
1,750,5,GNNLXSSA,28,769.0,127.433523978827
1,750,5,GNNLXSSA,29,782.0,127.433523978827
1,750,5,GNNLXSSA,30,796.0,127.433523978827
1,750,5,GNNLXSSA,31,809.0,125.15572281846835
1,750,5,GNNLXSSA,32,823.0,122.4446203776024
1,750,5,GNNLXSSA,33,837.0,122.4446203776024
1,750,5,GNNLXSSA,34,851.0,122.4446203776024
1,750,5,GNNLXSSA,35,865.0,122.4446203776024
1,750,5,GNNLXSSA,36,879.0,122.4446203776024
1,750,5,GNNLXSSA,37,893.0,119.59560239128041
1,750,5,GNNLXSSA,38,907.0,117.84997349279001
1,750,5,GNNLXSSA,39,920.0,117.51450630196632
1,750,5,GNNLXSSA,40,934.0,117.51450630196632
1,750,5,GNNLXSSA,41,948.0,115.05295825624489
1,750,5,GNNLXSSA,42,961.0,112.27136366279592
1,750,5,GNNLXSSA,43,975.0,112.27136366279592
1,750,5,GNNLXSSA,44,989.0,112.27136366279592
1,750,5,GNNLXSSA,45,1002.0,112.27136366279592
1,750,5,GNNLXSSA,46,1016.0,112.27136366279592
1,750,5,GNNLXSSA,47,1030.0,112.27136366279592
1,750,5,GNNLXSSA,48,1044.0,110.80580568846926
1,750,5,GNNLXSSA,49,1057.0,110.24226438564074
1,750,5,GNNLXSSA,50,1070.0,110.24226438564074
1,750,5,GNNLXSSA,51,1084.0,110.24226438564074
1,750,5,GNNLXSSA,52,1098.0,110.24226438564074
1,750,5,GNNLXSSA,53,1111.0,110.24226438564074
1,750,5,GNNLXSSA,54,1125.0,110.02587357893935
1,750,5,GNNLXSSA,55,1139.0,110.02587357893935
1,750,5,GNNLXSSA,56,1153.0,110.0134725650787
1,750,5,GNNLXSSA,57,1167.0,110.0134725650787
1,750,5,GNNLXSSA,58,1181.0,108.68060922770383
1,750,5,GNNLXSSA,59,1194.0,108.68060922770383
1,750,5,GNNLXSSA,60,1207.0,108.68060922770383
1,750,5,GNNLXSSA,61,1221.0,108.68060922770383
1,750,5,GNNLXSSA,62,1235.0,108.08408023998345
1,750,5,GNNLXSSA,63,1249.0,107.66675115341059
1,750,5,GNNLXSSA,64,1261.0,107.66675115341059
1,750,5,GNNLXSSA,65,1274.0,107.66675115341059
1,750,5,GNNLXSSA,66,1287.0,107.66675115341059
1,750,5,GNNLXSSA,67,1300.0,107.66675115341059
1,750,5,GNNLXSSA,68,1313.0,107.52793243362248
1,750,5,GNNLXSSA,69,1327.0,107.28183818994876
1,750,5,GNNLXSSA,70,1341.0,107.28183818994876
1,750,5,GNNLXSSA,71,1355.0,107.28183818994876
1,750,5,GNNLXSSA,72,1369.0,107.28183818994876
1,750,5,GNNLXSSA,73,1382.0,107.28183818994876
1,750,5,GNNLXSSA,74,1396.0,107.28183818994876
1,750,5,GNNLXSSA,75,1410.0,106.97425940649555
1,750,5,GNNLXSSA,76,1424.0,106.97425940649555
1,750,5,GNNLXSSA,77,1438.0,106.97425940649555
1,750,5,GNNLXSSA,78,1452.0,106.0393325066616
1,750,5,GNNLXSSA,79,1465.0,106.0393325066616
1,750,5,GNNLXSSA,80,1479.0,106.0393325066616
1,750,5,GNNLXSSA,81,1492.0,106.0393325066616
1,750,5,GNNLXSSA,82,1504.0,106.0393325066616
1,750,5,GNNLXSSA,83,1518.0,106.0393325066616
1,750,5,GNNLXSSA,84,1532.0,106.0393325066616
1,750,5,GNNLXSSA,85,1546.0,106.0393325066616
1,750,5,GNNLXSSA,86,1560.0,105.79087879937288
1,750,5,GNNLXSSA,87,1574.0,105.40269560847082
1,750,5,GNNLXSSA,88,1587.0,105.40269560847082
1,750,5,GNNLXSSA,89,1600.0,105.40269560847082
1,750,5,GNNLXSSA,90,1614.0,105.40269560847082
1,750,5,GNNLXSSA,91,1627.0,105.40269560847082
1,750,5,GNNLXSSA,92,1640.0,105.40269560847082
1,750,5,GNNLXSSA,93,1654.0,105.40269560847082
1,750,5,GNNLXSSA,94,1668.0,105.37759545993322
1,750,5,GNNLXSSA,95,1680.0,105.37759545993322
1,750,5,GNNLXSSA,96,1693.0,105.37759545993322
1,750,5,GNNLXSSA,97,1707.0,105.37759545993322
1,750,5,GNNLXSSA,98,1720.0,105.37759545993322
1,750,5,GNNLXSSA,99,1734.0,105.37759545993322
1,750,5,GNNLXSSA,100,1748.0,105.33751091984595
1,750,5,LXSSA_REPAIR,0,30.0,282.7972635868937
1,750,5,LXSSA_REPAIR,1,90.0,206.12279351767938
1,750,5,LXSSA_REPAIR,2,150.0,161.3026205666829
1,750,5,LXSSA_REPAIR,3,210.0,152.12628154200502
1,750,5,LXSSA_REPAIR,4,270.0,139.59434132802562
1,750,5,LXSSA_REPAIR,5,330.0,121.19815751134593
1,750,5,LXSSA_REPAIR,6,390.0,119.50326208379556
1,750,5,LXSSA_REPAIR,7,450.0,115.60542107540095
1,750,5,LXSSA_REPAIR,8,510.0,112.33053831080178
1,750,5,LXSSA_REPAIR,9,570.0,109.63108581115375
1,750,5,LXSSA_REPAIR,10,630.0,108.61495108292729
1,750,5,LXSSA_REPAIR,11,690.0,105.06253822644067
1,750,5,LXSSA_REPAIR,12,750.0,103.11357978492015
1,750,5,LXSSA_REPAIR,13,810.0,102.03570081186626
1,750,5,LXSSA_REPAIR,14,870.0,101.57487566942291
1,750,5,LXSSA_REPAIR,15,930.0,100.9262903013805
1,750,5,LXSSA_REPAIR,16,990.0,96.9208635576797
1,750,5,LXSSA_REPAIR,17,1050.0,96.74039464514499
1,750,5,LXSSA_REPAIR,18,1110.0,96.67486412783182
1,750,5,LXSSA_REPAIR,19,1170.0,95.88997251787805
1,750,5,LXSSA_REPAIR,20,1230.0,95.65909718395415
1,750,5,LXSSA_REPAIR,21,1290.0,95.21823639316426
1,750,5,LXSSA_REPAIR,22,1350.0,95.20246855023288
1,750,5,LXSSA_REPAIR,23,1410.0,95.0614723908584
1,750,5,LXSSA_REPAIR,24,1470.0,94.5267280914195
1,750,5,LXSSA_REPAIR,25,1530.0,94.1032430419582
1,750,5,LXSSA_REPAIR,26,1590.0,92.91816471145285
1,750,5,LXSSA_REPAIR,27,1650.0,92.75452405098622
1,750,5,LXSSA_REPAIR,28,1710.0,92.58705802709301
1,750,5,LXSSA_REPAIR,29,1770.0,91.69878267956665
1,750,5,LXSSA_REPAIR,30,1830.0,91.6030908636385
1,750,5,LXSSA_REPAIR,31,1890.0,88.12462718371535
1,750,5,LXSSA_REPAIR,32,1950.0,87.2938670855583
1,750,5,LXSSA_REPAIR,33,2010.0,87.06262248485291
1,750,5,LXSSA_REPAIR,34,2070.0,87.04750212281942
1,750,5,LXSSA_REPAIR,35,2130.0,86.97569341186318
1,750,5,LXSSA_REPAIR,36,2190.0,86.90693804924376
1,750,5,LXSSA_REPAIR,37,2250.0,86.86562786145805
1,750,5,LXSSA_REPAIR,38,2310.0,86.86308289461886
1,750,5,LXSSA_REPAIR,39,2370.0,86.86308289461886
1,750,5,LXSSA_REPAIR,40,2430.0,86.7672135305911
1,750,5,LXSSA_REPAIR,41,2490.0,86.76651009833586
1,750,5,LXSSA_REPAIR,42,2550.0,86.61615112661093
1,750,5,LXSSA_REPAIR,43,2610.0,86.53072344546672
1,750,5,LXSSA_REPAIR,44,2670.0,86.50261445917567
1,750,5,LXSSA_REPAIR,45,2730.0,86.42843783694843
1,750,5,LXSSA_REPAIR,46,2790.0,86.39866192414047
1,750,5,LXSSA_REPAIR,47,2850.0,86.18818507577089
1,750,5,LXSSA_REPAIR,48,2910.0,86.05383121555496
1,750,5,LXSSA_REPAIR,49,2970.0,85.85848277579498
1,750,5,LXSSA_REPAIR,50,3030.0,85.63790660132508
1,750,5,LXSSA_REPAIR,51,3090.0,85.62911907891248
1,750,5,LXSSA_REPAIR,52,3150.0,85.60858026189089
1,750,5,LXSSA_REPAIR,53,3210.0,85.5903677099559
1,750,5,LXSSA_REPAIR,54,3270.0,85.2719093006308
1,750,5,LXSSA_REPAIR,55,3330.0,84.96941893564508
1,750,5,LXSSA_REPAIR,56,3390.0,84.63631702712155
1,750,5,LXSSA_REPAIR,57,3450.0,84.43448463338427
1,750,5,LXSSA_REPAIR,58,3510.0,83.90835213688115
1,750,5,LXSSA_REPAIR,59,3570.0,83.72932333649078
1,750,5,LXSSA_REPAIR,60,3630.0,83.67925162742904
1,750,5,LXSSA_REPAIR,61,3690.0,83.28410578380135
1,750,5,LXSSA_REPAIR,62,3750.0,83.2450864055063
1,750,5,LXSSA_REPAIR,63,3810.0,83.11688970005343
1,750,5,LXSSA_REPAIR,64,3870.0,83.05420712989144
1,750,5,LXSSA_REPAIR,65,3930.0,83.02541808249953
1,750,5,LXSSA_REPAIR,66,3990.0,82.94172020597034
1,750,5,LXSSA_REPAIR,67,4050.0,82.88990198593092
1,750,5,LXSSA_REPAIR,68,4110.0,82.76720308962831
1,750,5,LXSSA_REPAIR,69,4170.0,82.73815970877331
1,750,5,LXSSA_REPAIR,70,4230.0,82.60335523548565
1,750,5,LXSSA_REPAIR,71,4290.0,82.55802232368296
1,750,5,LXSSA_REPAIR,72,4350.0,82.43978556054208
1,750,5,LXSSA_REPAIR,73,4410.0,82.3389676943334
1,750,5,LXSSA_REPAIR,74,4470.0,82.25853632349754
1,750,5,LXSSA_REPAIR,75,4530.0,82.23817283123208
1,750,5,LXSSA_REPAIR,76,4590.0,82.22235369856207
1,750,5,LXSSA_REPAIR,77,4650.0,82.20649921926815
1,750,5,LXSSA_REPAIR,78,4710.0,82.1788553430888
1,750,5,LXSSA_REPAIR,79,4770.0,82.12372358793073
1,750,5,LXSSA_REPAIR,80,4830.0,81.92903230918455
1,750,5,LXSSA_REPAIR,81,4890.0,81.6959099003725
1,750,5,LXSSA_REPAIR,82,4950.0,81.51768338390684
1,750,5,LXSSA_REPAIR,83,5010.0,81.5106686306317
1,750,5,LXSSA_REPAIR,84,5070.0,81.50785530125722
1,750,5,LXSSA_REPAIR,85,5130.0,81.50110868756747
1,750,5,LXSSA_REPAIR,86,5190.0,81.48080952915188
1,750,5,LXSSA_REPAIR,87,5250.0,81.44740574686875
1,750,5,LXSSA_REPAIR,88,5310.0,81.44014654372586
1,750,5,LXSSA_REPAIR,89,5370.0,81.43390200055
1,750,5,LXSSA_REPAIR,90,5430.0,81.43275609129341
1,750,5,LXSSA_REPAIR,91,5490.0,81.43070070779504
1,750,5,LXSSA_REPAIR,92,5550.0,81.42903142153227
1,750,5,LXSSA_REPAIR,93,5610.0,81.42809632576245
1,750,5,LXSSA_REPAIR,94,5670.0,81.42763598621968
1,750,5,LXSSA_REPAIR,95,5730.0,81.42699545449432
1,750,5,LXSSA_REPAIR,96,5790.0,81.42636971970933
1,750,5,LXSSA_REPAIR,97,5850.0,81.4262624270632
1,750,5,LXSSA_REPAIR,98,5910.0,81.42607190793933
1,750,5,LXSSA_REPAIR,99,5970.0,81.42551251821715
1,750,5,LXSSA_REPAIR,100,6030.0,81.42468219642615
1,750,6,GNNLXSSA,0,30.0,527.5204523116117
1,750,6,GNNLXSSA,1,467.0,422.31261674932466
1,750,6,GNNLXSSA,2,481.0,370.74679044733057
1,750,6,GNNLXSSA,3,495.0,335.5071905656732
1,750,6,GNNLXSSA,4,509.0,323.55041654957313
1,750,6,GNNLXSSA,5,523.0,310.97025739360106
1,750,6,GNNLXSSA,6,537.0,310.9431900109412
1,750,6,GNNLXSSA,7,550.0,289.12689964177116
1,750,6,GNNLXSSA,8,564.0,289.12689964177116
1,750,6,GNNLXSSA,9,578.0,289.12689964177116
1,750,6,GNNLXSSA,10,591.0,277.43388908512134
1,750,6,GNNLXSSA,11,605.0,277.43388908512134
1,750,6,GNNLXSSA,12,618.0,270.4429026705475
1,750,6,GNNLXSSA,13,632.0,266.975730775368
1,750,6,GNNLXSSA,14,645.0,259.4960439718343
1,750,6,GNNLXSSA,15,658.0,259.4960439718343
1,750,6,GNNLXSSA,16,672.0,259.4960439718343
1,750,6,GNNLXSSA,17,685.0,259.4960439718343
1,750,6,GNNLXSSA,18,698.0,259.4960439718343
1,750,6,GNNLXSSA,19,712.0,259.4960439718343
1,750,6,GNNLXSSA,20,725.0,259.4960439718343
1,750,6,GNNLXSSA,21,739.0,259.4960439718343
1,750,6,GNNLXSSA,22,752.0,259.4960439718343
1,750,6,GNNLXSSA,23,765.0,258.46080304540374
1,750,6,GNNLXSSA,24,779.0,258.46080304540374
1,750,6,GNNLXSSA,25,792.0,255.98708454675943
1,750,6,GNNLXSSA,26,806.0,253.24033649187913
1,750,6,GNNLXSSA,27,820.0,250.23289488162118
1,750,6,GNNLXSSA,28,834.0,248.29811143269035
1,750,6,GNNLXSSA,29,848.0,246.8369182730312
1,750,6,GNNLXSSA,30,862.0,246.8369182730312
1,750,6,GNNLXSSA,31,876.0,246.8369182730312
1,750,6,GNNLXSSA,32,889.0,246.8369182730312
1,750,6,GNNLXSSA,33,902.0,246.8369182730312
1,750,6,GNNLXSSA,34,916.0,246.8369182730312
1,750,6,GNNLXSSA,35,930.0,246.8369182730312
1,750,6,GNNLXSSA,36,944.0,246.8369182730312
1,750,6,GNNLXSSA,37,958.0,246.8369182730312
1,750,6,GNNLXSSA,38,971.0,246.8369182730312
1,750,6,GNNLXSSA,39,985.0,239.05062653646746
1,750,6,GNNLXSSA,40,998.0,239.05062653646746
1,750,6,GNNLXSSA,41,1011.0,239.05062653646746
1,750,6,GNNLXSSA,42,1025.0,239.05062653646746
1,750,6,GNNLXSSA,43,1039.0,239.05062653646746
1,750,6,GNNLXSSA,44,1052.0,239.05062653646746
1,750,6,GNNLXSSA,45,1066.0,239.05062653646746
1,750,6,GNNLXSSA,46,1080.0,237.69130940996547
1,750,6,GNNLXSSA,47,1093.0,237.69130940996547
1,750,6,GNNLXSSA,48,1107.0,237.69130940996547
1,750,6,GNNLXSSA,49,1121.0,237.69130940996547
1,750,6,GNNLXSSA,50,1135.0,237.69130940996547
1,750,6,GNNLXSSA,51,1149.0,237.69130940996547
1,750,6,GNNLXSSA,52,1162.0,237.69130940996547
1,750,6,GNNLXSSA,53,1176.0,237.69130940996547
1,750,6,GNNLXSSA,54,1190.0,236.33910408833617
1,750,6,GNNLXSSA,55,1203.0,236.33910408833617
1,750,6,GNNLXSSA,56,1217.0,233.83996471659339
1,750,6,GNNLXSSA,57,1231.0,233.83996471659339
1,750,6,GNNLXSSA,58,1245.0,233.83996471659339
1,750,6,GNNLXSSA,59,1259.0,231.83305964597093
1,750,6,GNNLXSSA,60,1273.0,229.30660625145538
1,750,6,GNNLXSSA,61,1287.0,229.30660625145538
1,750,6,GNNLXSSA,62,1301.0,229.30660625145538
1,750,6,GNNLXSSA,63,1314.0,229.30660625145538
1,750,6,GNNLXSSA,64,1327.0,228.4075874769842
1,750,6,GNNLXSSA,65,1341.0,226.32231014950958
1,750,6,GNNLXSSA,66,1355.0,224.67084063892253
1,750,6,GNNLXSSA,67,1369.0,224.67084063892253
1,750,6,GNNLXSSA,68,1383.0,224.67084063892253
1,750,6,GNNLXSSA,69,1397.0,224.67084063892253
1,750,6,GNNLXSSA,70,1411.0,224.67084063892253
1,750,6,GNNLXSSA,71,1425.0,224.67084063892253
1,750,6,GNNLXSSA,72,1439.0,224.132596002004
1,750,6,GNNLXSSA,73,1453.0,224.132596002004
1,750,6,GNNLXSSA,74,1466.0,224.02922504546586
1,750,6,GNNLXSSA,75,1480.0,224.02922504546586
1,750,6,GNNLXSSA,76,1494.0,224.02922504546586
1,750,6,GNNLXSSA,77,1507.0,224.02922504546586
1,750,6,GNNLXSSA,78,1520.0,224.02922504546586
1,750,6,GNNLXSSA,79,1533.0,224.02922504546586
1,750,6,GNNLXSSA,80,1546.0,224.02922504546586
1,750,6,GNNLXSSA,81,1559.0,224.02737488199637
1,750,6,GNNLXSSA,82,1573.0,224.02191983759258
1,750,6,GNNLXSSA,83,1586.0,224.02191983759258
1,750,6,GNNLXSSA,84,1600.0,223.94592890711647
1,750,6,GNNLXSSA,85,1614.0,223.94181140739238
1,750,6,GNNLXSSA,86,1628.0,223.94181140739238
1,750,6,GNNLXSSA,87,1640.0,223.45661350416776
1,750,6,GNNLXSSA,88,1653.0,223.45661350416776
1,750,6,GNNLXSSA,89,1666.0,223.45661350416776
1,750,6,GNNLXSSA,90,1679.0,223.45661350416776
1,750,6,GNNLXSSA,91,1693.0,223.3592432755031
1,750,6,GNNLXSSA,92,1707.0,223.3389390900411
1,750,6,GNNLXSSA,93,1721.0,223.30255769876385
1,750,6,GNNLXSSA,94,1735.0,222.9496388989719
1,750,6,GNNLXSSA,95,1748.0,222.9496388989719
1,750,6,GNNLXSSA,96,1761.0,222.61153669064515
1,750,6,GNNLXSSA,97,1775.0,222.61143955917942
1,750,6,GNNLXSSA,98,1787.0,222.61143955917942
1,750,6,GNNLXSSA,99,1801.0,222.45497099738714
1,750,6,GNNLXSSA,100,1814.0,221.8129666222594
1,750,6,LXSSA_REPAIR,0,30.0,537.6594741020162
1,750,6,LXSSA_REPAIR,1,90.0,426.7957628425138
1,750,6,LXSSA_REPAIR,2,150.0,388.6584333920182
1,750,6,LXSSA_REPAIR,3,210.0,329.8317383414105
1,750,6,LXSSA_REPAIR,4,270.0,313.08514832143555
1,750,6,LXSSA_REPAIR,5,330.0,304.3089698350668
1,750,6,LXSSA_REPAIR,6,390.0,285.3294118251215
1,750,6,LXSSA_REPAIR,7,450.0,276.60257662942604
1,750,6,LXSSA_REPAIR,8,510.0,265.9133318773456
1,750,6,LXSSA_REPAIR,9,570.0,261.45846245296707
1,750,6,LXSSA_REPAIR,10,630.0,260.5539763325505
1,750,6,LXSSA_REPAIR,11,690.0,254.9983004468304
1,750,6,LXSSA_REPAIR,12,750.0,245.92647759486863
1,750,6,LXSSA_REPAIR,13,810.0,245.19516081023176
1,750,6,LXSSA_REPAIR,14,870.0,240.31909164254466
1,750,6,LXSSA_REPAIR,15,930.0,239.63174865852488
1,750,6,LXSSA_REPAIR,16,990.0,238.30124748851813
1,750,6,LXSSA_REPAIR,17,1050.0,235.69501501884952
1,750,6,LXSSA_REPAIR,18,1110.0,234.15390334702533
1,750,6,LXSSA_REPAIR,19,1170.0,231.690329557292
1,750,6,LXSSA_REPAIR,20,1230.0,230.4993109523857
1,750,6,LXSSA_REPAIR,21,1290.0,228.84114886981115
1,750,6,LXSSA_REPAIR,22,1350.0,226.87607448155904
1,750,6,LXSSA_REPAIR,23,1410.0,226.74008128290006
1,750,6,LXSSA_REPAIR,24,1470.0,226.65393872406275
1,750,6,LXSSA_REPAIR,25,1530.0,224.19981597736478
1,750,6,LXSSA_REPAIR,26,1590.0,223.1872215649273
1,750,6,LXSSA_REPAIR,27,1650.0,222.41047046711174
1,750,6,LXSSA_REPAIR,28,1710.0,219.83940473207622
1,750,6,LXSSA_REPAIR,29,1770.0,217.42238888634893
1,750,6,LXSSA_REPAIR,30,1830.0,216.62115088340215
1,750,6,LXSSA_REPAIR,31,1890.0,215.646020539265
1,750,6,LXSSA_REPAIR,32,1950.0,213.55834397146828
1,750,6,LXSSA_REPAIR,33,2010.0,213.29077639253956
1,750,6,LXSSA_REPAIR,34,2070.0,212.74540477156552
1,750,6,LXSSA_REPAIR,35,2130.0,212.66355280356947
1,750,6,LXSSA_REPAIR,36,2190.0,211.4915600087843
1,750,6,LXSSA_REPAIR,37,2250.0,211.14841265402356
1,750,6,LXSSA_REPAIR,38,2310.0,208.13285084540257
1,750,6,LXSSA_REPAIR,39,2370.0,208.1022571350113
1,750,6,LXSSA_REPAIR,40,2430.0,207.4448286081024
1,750,6,LXSSA_REPAIR,41,2490.0,206.78639220359037
1,750,6,LXSSA_REPAIR,42,2550.0,205.5709485854095
1,750,6,LXSSA_REPAIR,43,2610.0,204.66728351693746
1,750,6,LXSSA_REPAIR,44,2670.0,204.337847528368
1,750,6,LXSSA_REPAIR,45,2730.0,204.1497990167627
1,750,6,LXSSA_REPAIR,46,2790.0,203.62994768634235
1,750,6,LXSSA_REPAIR,47,2850.0,203.5174786935968
1,750,6,LXSSA_REPAIR,48,2910.0,203.45555335254903
1,750,6,LXSSA_REPAIR,49,2970.0,203.44550422344764
1,750,6,LXSSA_REPAIR,50,3030.0,203.12646425548155
1,750,6,LXSSA_REPAIR,51,3090.0,203.05459527947824
1,750,6,LXSSA_REPAIR,52,3150.0,202.03942768076377
1,750,6,LXSSA_REPAIR,53,3210.0,201.2154441718958
1,750,6,LXSSA_REPAIR,54,3270.0,200.55387028205587
1,750,6,LXSSA_REPAIR,55,3330.0,200.35753568892687
1,750,6,LXSSA_REPAIR,56,3390.0,200.25729820172273
1,750,6,LXSSA_REPAIR,57,3450.0,199.98167635795835
1,750,6,LXSSA_REPAIR,58,3510.0,199.78742596999655
1,750,6,LXSSA_REPAIR,59,3570.0,199.75819612051419
1,750,6,LXSSA_REPAIR,60,3630.0,199.68882612562447
1,750,6,LXSSA_REPAIR,61,3690.0,199.4072543404036
1,750,6,LXSSA_REPAIR,62,3750.0,198.60850101897813
1,750,6,LXSSA_REPAIR,63,3810.0,198.2330815042369
1,750,6,LXSSA_REPAIR,64,3870.0,196.6751456106358
1,750,6,LXSSA_REPAIR,65,3930.0,196.5849035335341
1,750,6,LXSSA_REPAIR,66,3990.0,196.5593286598014
1,750,6,LXSSA_REPAIR,67,4050.0,196.48779504129197
1,750,6,LXSSA_REPAIR,68,4110.0,195.4182672119423
1,750,6,LXSSA_REPAIR,69,4170.0,195.06646947834088
1,750,6,LXSSA_REPAIR,70,4230.0,194.96598991825158
1,750,6,LXSSA_REPAIR,71,4290.0,194.8144799563015
1,750,6,LXSSA_REPAIR,72,4350.0,194.71626125504554
1,750,6,LXSSA_REPAIR,73,4410.0,194.59818166145124
1,750,6,LXSSA_REPAIR,74,4470.0,194.52609507430316
1,750,6,LXSSA_REPAIR,75,4530.0,194.4533250204695
1,750,6,LXSSA_REPAIR,76,4590.0,194.37352028978057
1,750,6,LXSSA_REPAIR,77,4650.0,194.24852717928297
1,750,6,LXSSA_REPAIR,78,4710.0,194.01990952570486
1,750,6,LXSSA_REPAIR,79,4770.0,194.0127906718626
1,750,6,LXSSA_REPAIR,80,4830.0,193.7153663080244
1,750,6,LXSSA_REPAIR,81,4890.0,193.59146504104865
1,750,6,LXSSA_REPAIR,82,4950.0,193.58241422153515
1,750,6,LXSSA_REPAIR,83,5010.0,193.57745201236685
1,750,6,LXSSA_REPAIR,84,5070.0,193.57299840244377
1,750,6,LXSSA_REPAIR,85,5130.0,193.56857148147537
1,750,6,LXSSA_REPAIR,86,5190.0,193.56163469939202
1,750,6,LXSSA_REPAIR,87,5250.0,193.5483387163622
1,750,6,LXSSA_REPAIR,88,5310.0,193.54142593689903
1,750,6,LXSSA_REPAIR,89,5370.0,193.508704730717
1,750,6,LXSSA_REPAIR,90,5430.0,193.46856742671662
1,750,6,LXSSA_REPAIR,91,5490.0,193.4258805800855
1,750,6,LXSSA_REPAIR,92,5550.0,193.36092687569908
1,750,6,LXSSA_REPAIR,93,5610.0,193.32579923090816
1,750,6,LXSSA_REPAIR,94,5670.0,193.32228079804918
1,750,6,LXSSA_REPAIR,95,5730.0,193.31441567449656
1,750,6,LXSSA_REPAIR,96,5790.0,193.29750920402148
1,750,6,LXSSA_REPAIR,97,5850.0,193.2840997870444
1,750,6,LXSSA_REPAIR,98,5910.0,193.21036900899344
1,750,6,LXSSA_REPAIR,99,5970.0,193.13795114523236
1,750,6,LXSSA_REPAIR,100,6030.0,193.09990179675515
1,750,7,GNNLXSSA,0,30.0,931.8391199323232
1,750,7,GNNLXSSA,1,532.0,671.6308921728123
1,750,7,GNNLXSSA,2,545.0,618.490152092716
1,750,7,GNNLXSSA,3,557.0,579.2288704888197
1,750,7,GNNLXSSA,4,571.0,544.2456186236595
1,750,7,GNNLXSSA,5,585.0,531.7165242612828
1,750,7,GNNLXSSA,6,599.0,522.3025131796021
1,750,7,GNNLXSSA,7,613.0,512.2225321963924
1,750,7,GNNLXSSA,8,627.0,505.6609257072705
1,750,7,GNNLXSSA,9,641.0,505.54595025502203
1,750,7,GNNLXSSA,10,655.0,504.2469101128154
1,750,7,GNNLXSSA,11,669.0,476.5018444248635
1,750,7,GNNLXSSA,12,683.0,476.5018444248635
1,750,7,GNNLXSSA,13,696.0,476.5018444248635
1,750,7,GNNLXSSA,14,710.0,472.4475162404415
1,750,7,GNNLXSSA,15,723.0,472.4475162404415
1,750,7,GNNLXSSA,16,737.0,470.97400705450855
1,750,7,GNNLXSSA,17,751.0,470.97400705450855
1,750,7,GNNLXSSA,18,765.0,450.9074394560157
1,750,7,GNNLXSSA,19,778.0,450.9074394560157
1,750,7,GNNLXSSA,20,791.0,443.3509415866356
1,750,7,GNNLXSSA,21,805.0,440.18912078399444
1,750,7,GNNLXSSA,22,817.0,439.13582740640413
1,750,7,GNNLXSSA,23,831.0,439.13582740640413
1,750,7,GNNLXSSA,24,845.0,439.13582740640413
1,750,7,GNNLXSSA,25,859.0,439.13582740640413
1,750,7,GNNLXSSA,26,873.0,439.13582740640413
1,750,7,GNNLXSSA,27,887.0,439.13582740640413
1,750,7,GNNLXSSA,28,901.0,439.13582740640413
1,750,7,GNNLXSSA,29,915.0,439.13582740640413
1,750,7,GNNLXSSA,30,928.0,435.5378954060143
1,750,7,GNNLXSSA,31,942.0,435.5378954060143
1,750,7,GNNLXSSA,32,956.0,435.5378954060143
1,750,7,GNNLXSSA,33,970.0,427.12752814876876
1,750,7,GNNLXSSA,34,982.0,427.12752814876876
1,750,7,GNNLXSSA,35,995.0,426.00621726059035
1,750,7,GNNLXSSA,36,1009.0,426.00621726059035
1,750,7,GNNLXSSA,37,1023.0,426.00621726059035
1,750,7,GNNLXSSA,38,1036.0,426.00621726059035
1,750,7,GNNLXSSA,39,1049.0,417.8947137925643
1,750,7,GNNLXSSA,40,1063.0,415.6580605902054
1,750,7,GNNLXSSA,41,1077.0,414.9295326391948
1,750,7,GNNLXSSA,42,1090.0,412.93811685643595
1,750,7,GNNLXSSA,43,1103.0,412.93811685643595
1,750,7,GNNLXSSA,44,1116.0,412.93811685643595
1,750,7,GNNLXSSA,45,1130.0,410.911974488321
1,750,7,GNNLXSSA,46,1143.0,410.911974488321
1,750,7,GNNLXSSA,47,1156.0,410.911974488321
1,750,7,GNNLXSSA,48,1170.0,410.911974488321
1,750,7,GNNLXSSA,49,1184.0,410.911974488321
1,750,7,GNNLXSSA,50,1197.0,410.911974488321
1,750,7,GNNLXSSA,51,1211.0,409.39716940523795
1,750,7,GNNLXSSA,52,1225.0,409.39716940523795
1,750,7,GNNLXSSA,53,1239.0,407.7453685507717
1,750,7,GNNLXSSA,54,1252.0,407.7453685507717
1,750,7,GNNLXSSA,55,1266.0,407.7453685507717
1,750,7,GNNLXSSA,56,1279.0,407.7453685507717
1,750,7,GNNLXSSA,57,1293.0,407.7453685507717
1,750,7,GNNLXSSA,58,1306.0,407.7453685507717
1,750,7,GNNLXSSA,59,1320.0,407.7453685507717
1,750,7,GNNLXSSA,60,1334.0,407.7453685507717
1,750,7,GNNLXSSA,61,1348.0,407.7453685507717
1,750,7,GNNLXSSA,62,1362.0,407.1541521588297
1,750,7,GNNLXSSA,63,1376.0,405.5513900563601
1,750,7,GNNLXSSA,64,1390.0,403.1485906967573
1,750,7,GNNLXSSA,65,1403.0,400.8448401467831
1,750,7,GNNLXSSA,66,1416.0,400.42180961299164
1,750,7,GNNLXSSA,67,1429.0,400.42180961299164
1,750,7,GNNLXSSA,68,1442.0,400.3368712045849
1,750,7,GNNLXSSA,69,1455.0,399.2614972602387
1,750,7,GNNLXSSA,70,1469.0,399.2614972602387
1,750,7,GNNLXSSA,71,1482.0,394.25770570076565
1,750,7,GNNLXSSA,72,1495.0,394.25770570076565
1,750,7,GNNLXSSA,73,1509.0,394.25770570076565
1,750,7,GNNLXSSA,74,1523.0,394.0183562679813
1,750,7,GNNLXSSA,75,1537.0,393.94082050721045
1,750,7,GNNLXSSA,76,1551.0,389.6596867533008
1,750,7,GNNLXSSA,77,1565.0,388.19850352073263
1,750,7,GNNLXSSA,78,1579.0,388.19850352073263
1,750,7,GNNLXSSA,79,1593.0,388.19850352073263
1,750,7,GNNLXSSA,80,1606.0,388.19850352073263
1,750,7,GNNLXSSA,81,1620.0,388.19850352073263
1,750,7,GNNLXSSA,82,1633.0,388.19850352073263
1,750,7,GNNLXSSA,83,1645.0,388.19850352073263
1,750,7,GNNLXSSA,84,1659.0,388.19850352073263
1,750,7,GNNLXSSA,85,1673.0,388.19850352073263
1,750,7,GNNLXSSA,86,1686.0,384.7109150328033
1,750,7,GNNLXSSA,87,1700.0,384.0110684354149
1,750,7,GNNLXSSA,88,1713.0,384.0069806337342
1,750,7,GNNLXSSA,89,1727.0,384.0069806337342
1,750,7,GNNLXSSA,90,1741.0,384.0069806337342
1,750,7,GNNLXSSA,91,1754.0,384.0069806337342
1,750,7,GNNLXSSA,92,1768.0,384.0069806337342
1,750,7,GNNLXSSA,93,1782.0,384.0069806337342
1,750,7,GNNLXSSA,94,1795.0,384.0069806337342
1,750,7,GNNLXSSA,95,1807.0,384.0069806337342
1,750,7,GNNLXSSA,96,1820.0,384.0069806337342
1,750,7,GNNLXSSA,97,1833.0,384.0069806337342
1,750,7,GNNLXSSA,98,1847.0,384.0069806337342
1,750,7,GNNLXSSA,99,1859.0,384.0069806337342
1,750,7,GNNLXSSA,100,1873.0,384.0069806337342
1,750,7,LXSSA_REPAIR,0,30.0,904.6205155284406
1,750,7,LXSSA_REPAIR,1,90.0,781.0802822491096
1,750,7,LXSSA_REPAIR,2,150.0,668.5358835929583
1,750,7,LXSSA_REPAIR,3,210.0,598.0248799932233
1,750,7,LXSSA_REPAIR,4,270.0,515.196548740023
1,750,7,LXSSA_REPAIR,5,330.0,491.0580550623563
1,750,7,LXSSA_REPAIR,6,390.0,479.7978142080028
1,750,7,LXSSA_REPAIR,7,450.0,472.95982337703026
1,750,7,LXSSA_REPAIR,8,510.0,462.0172715115041
1,750,7,LXSSA_REPAIR,9,570.0,451.84833524914575
1,750,7,LXSSA_REPAIR,10,630.0,445.7052191677212
1,750,7,LXSSA_REPAIR,11,690.0,443.38000770455983
1,750,7,LXSSA_REPAIR,12,750.0,442.48608707851963
1,750,7,LXSSA_REPAIR,13,810.0,439.04362368149305
1,750,7,LXSSA_REPAIR,14,870.0,437.73263225061237
1,750,7,LXSSA_REPAIR,15,930.0,437.42004941791674
1,750,7,LXSSA_REPAIR,16,990.0,437.1463636357148
1,750,7,LXSSA_REPAIR,17,1050.0,414.4843369303635
1,750,7,LXSSA_REPAIR,18,1110.0,413.0845515135443
1,750,7,LXSSA_REPAIR,19,1170.0,413.0081335238574
1,750,7,LXSSA_REPAIR,20,1230.0,412.58848928663065
1,750,7,LXSSA_REPAIR,21,1290.0,405.5416574438641
1,750,7,LXSSA_REPAIR,22,1350.0,405.10861370553175
1,750,7,LXSSA_REPAIR,23,1410.0,401.71290544322255
1,750,7,LXSSA_REPAIR,24,1470.0,401.71290544322255
1,750,7,LXSSA_REPAIR,25,1530.0,401.1468135145333
1,750,7,LXSSA_REPAIR,26,1590.0,400.13623719887255
1,750,7,LXSSA_REPAIR,27,1650.0,395.6737901370143
1,750,7,LXSSA_REPAIR,28,1710.0,393.92888419878
1,750,7,LXSSA_REPAIR,29,1770.0,388.9105178719692
1,750,7,LXSSA_REPAIR,30,1830.0,386.6518172045835
1,750,7,LXSSA_REPAIR,31,1890.0,383.3145356447858
1,750,7,LXSSA_REPAIR,32,1950.0,381.30177733587334
1,750,7,LXSSA_REPAIR,33,2010.0,381.16660072918603
1,750,7,LXSSA_REPAIR,34,2070.0,380.8429913003929
1,750,7,LXSSA_REPAIR,35,2130.0,379.903118842165
1,750,7,LXSSA_REPAIR,36,2190.0,376.05937881061254
1,750,7,LXSSA_REPAIR,37,2250.0,374.1822132038069
1,750,7,LXSSA_REPAIR,38,2310.0,374.0611326625585
1,750,7,LXSSA_REPAIR,39,2370.0,373.68085141036136
1,750,7,LXSSA_REPAIR,40,2430.0,368.60895418547443
1,750,7,LXSSA_REPAIR,41,2490.0,367.5449679177109
1,750,7,LXSSA_REPAIR,42,2550.0,367.06875731061155
1,750,7,LXSSA_REPAIR,43,2610.0,365.12852738419315
1,750,7,LXSSA_REPAIR,44,2670.0,364.6034847964256
1,750,7,LXSSA_REPAIR,45,2730.0,364.53554588984116
1,750,7,LXSSA_REPAIR,46,2790.0,363.7720260958231
1,750,7,LXSSA_REPAIR,47,2850.0,362.802212758761
1,750,7,LXSSA_REPAIR,48,2910.0,362.68468850303907
1,750,7,LXSSA_REPAIR,49,2970.0,362.4209483215236
1,750,7,LXSSA_REPAIR,50,3030.0,362.15267143194797
1,750,7,LXSSA_REPAIR,51,3090.0,361.7388385002487
1,750,7,LXSSA_REPAIR,52,3150.0,358.0250220236194
1,750,7,LXSSA_REPAIR,53,3210.0,357.7021167711937
1,750,7,LXSSA_REPAIR,54,3270.0,357.65048885491706
1,750,7,LXSSA_REPAIR,55,3330.0,357.043295579344
1,750,7,LXSSA_REPAIR,56,3390.0,356.9791977469649
1,750,7,LXSSA_REPAIR,57,3450.0,356.5851541228476
1,750,7,LXSSA_REPAIR,58,3510.0,356.52986711639824
1,750,7,LXSSA_REPAIR,59,3570.0,356.40554935936234
1,750,7,LXSSA_REPAIR,60,3630.0,356.3139959800392
1,750,7,LXSSA_REPAIR,61,3690.0,356.31332098971325
1,750,7,LXSSA_REPAIR,62,3750.0,356.234357707217
1,750,7,LXSSA_REPAIR,63,3810.0,355.7785256828138
1,750,7,LXSSA_REPAIR,64,3870.0,355.27727979537303
1,750,7,LXSSA_REPAIR,65,3930.0,354.32161599707615
1,750,7,LXSSA_REPAIR,66,3990.0,354.27961164362205
1,750,7,LXSSA_REPAIR,67,4050.0,354.25080013184197
1,750,7,LXSSA_REPAIR,68,4110.0,353.588833004178
1,750,7,LXSSA_REPAIR,69,4170.0,352.9080216052098
1,750,7,LXSSA_REPAIR,70,4230.0,352.90323825037194
1,750,7,LXSSA_REPAIR,71,4290.0,352.80105822568294
1,750,7,LXSSA_REPAIR,72,4350.0,352.7071149400872
1,750,7,LXSSA_REPAIR,73,4410.0,352.6078970609087
1,750,7,LXSSA_REPAIR,74,4470.0,352.5403686281934
1,750,7,LXSSA_REPAIR,75,4530.0,352.3868664931506
1,750,7,LXSSA_REPAIR,76,4590.0,352.07206867820787
1,750,7,LXSSA_REPAIR,77,4650.0,351.65791327142506
1,750,7,LXSSA_REPAIR,78,4710.0,351.59352949748427
1,750,7,LXSSA_REPAIR,79,4770.0,351.5803545946692
1,750,7,LXSSA_REPAIR,80,4830.0,351.5744040863792
1,750,7,LXSSA_REPAIR,81,4890.0,351.5601703224529
1,750,7,LXSSA_REPAIR,82,4950.0,351.5553377241231
1,750,7,LXSSA_REPAIR,83,5010.0,351.55211085733754
1,750,7,LXSSA_REPAIR,84,5070.0,351.54867143823503
1,750,7,LXSSA_REPAIR,85,5130.0,351.54441402447264
1,750,7,LXSSA_REPAIR,86,5190.0,351.5371346522952
1,750,7,LXSSA_REPAIR,87,5250.0,351.53512701800355
1,750,7,LXSSA_REPAIR,88,5310.0,351.5293103403237
1,750,7,LXSSA_REPAIR,89,5370.0,351.5275265984528
1,750,7,LXSSA_REPAIR,90,5430.0,351.52641907168436
1,750,7,LXSSA_REPAIR,91,5490.0,351.5260339578308
1,750,7,LXSSA_REPAIR,92,5550.0,351.52560162927693
1,750,7,LXSSA_REPAIR,93,5610.0,351.5241912826241
1,750,7,LXSSA_REPAIR,94,5670.0,351.52226567918115
1,750,7,LXSSA_REPAIR,95,5730.0,351.5215573144742
1,750,7,LXSSA_REPAIR,96,5790.0,351.51809491107997
1,750,7,LXSSA_REPAIR,97,5850.0,351.51346343833575
1,750,7,LXSSA_REPAIR,98,5910.0,351.5062243169232
1,750,7,LXSSA_REPAIR,99,5970.0,351.4933234392738
1,750,7,LXSSA_REPAIR,100,6030.0,351.48329032782203
1,750,8,GNNLXSSA,0,30.0,1504.7875414901282
1,750,8,GNNLXSSA,1,596.0,1194.1512881564486
1,750,8,GNNLXSSA,2,609.0,1140.7948509435664
1,750,8,GNNLXSSA,3,623.0,1019.5741104744666
1,750,8,GNNLXSSA,4,637.0,987.8897323053025
1,750,8,GNNLXSSA,5,651.0,987.8897323053025
1,750,8,GNNLXSSA,6,664.0,978.1033567505874
1,750,8,GNNLXSSA,7,677.0,925.1894718332915
1,750,8,GNNLXSSA,8,691.0,925.1894718332915
1,750,8,GNNLXSSA,9,705.0,925.1894718332915
1,750,8,GNNLXSSA,10,719.0,902.1987275329011
1,750,8,GNNLXSSA,11,733.0,873.0278539136852
1,750,8,GNNLXSSA,12,746.0,866.7095269277779
1,750,8,GNNLXSSA,13,759.0,858.7569610389983
1,750,8,GNNLXSSA,14,773.0,846.1622669232092
1,750,8,GNNLXSSA,15,787.0,842.8908816078474
1,750,8,GNNLXSSA,16,801.0,819.763597997262
1,750,8,GNNLXSSA,17,815.0,819.763597997262
1,750,8,GNNLXSSA,18,829.0,816.6404485974344
1,750,8,GNNLXSSA,19,842.0,799.0263106763668
1,750,8,GNNLXSSA,20,856.0,798.8535817124066
1,750,8,GNNLXSSA,21,870.0,798.8535817124066
1,750,8,GNNLXSSA,22,884.0,792.4747475751574
1,750,8,GNNLXSSA,23,897.0,792.4747475751574
1,750,8,GNNLXSSA,24,911.0,791.0175731037962
1,750,8,GNNLXSSA,25,924.0,791.0175731037962
1,750,8,GNNLXSSA,26,938.0,785.6158121199987
1,750,8,GNNLXSSA,27,951.0,780.9850833954697
1,750,8,GNNLXSSA,28,965.0,771.8717558757344
1,750,8,GNNLXSSA,29,979.0,771.8717558757344
1,750,8,GNNLXSSA,30,993.0,770.6635917099993
1,750,8,GNNLXSSA,31,1007.0,770.6635917099993
1,750,8,GNNLXSSA,32,1020.0,770.6635917099993
1,750,8,GNNLXSSA,33,1033.0,763.7319183974541
1,750,8,GNNLXSSA,34,1047.0,756.643332255524
1,750,8,GNNLXSSA,35,1061.0,740.704423594485
1,750,8,GNNLXSSA,36,1075.0,740.704423594485
1,750,8,GNNLXSSA,37,1089.0,740.704423594485
1,750,8,GNNLXSSA,38,1103.0,720.4466532934457
1,750,8,GNNLXSSA,39,1117.0,719.317321561779
1,750,8,GNNLXSSA,40,1131.0,719.317321561779
1,750,8,GNNLXSSA,41,1145.0,719.317321561779
1,750,8,GNNLXSSA,42,1159.0,719.317321561779
1,750,8,GNNLXSSA,43,1173.0,719.317321561779
1,750,8,GNNLXSSA,44,1187.0,716.4041918494258
1,750,8,GNNLXSSA,45,1201.0,716.4041918494258
1,750,8,GNNLXSSA,46,1214.0,716.4041918494258
1,750,8,GNNLXSSA,47,1228.0,716.4041918494258
1,750,8,GNNLXSSA,48,1241.0,713.5885265000106
1,750,8,GNNLXSSA,49,1255.0,713.5885265000106
1,750,8,GNNLXSSA,50,1268.0,713.5885265000106
1,750,8,GNNLXSSA,51,1282.0,713.5885265000106
1,750,8,GNNLXSSA,52,1296.0,713.5885265000106
1,750,8,GNNLXSSA,53,1310.0,713.5885265000106
1,750,8,GNNLXSSA,54,1323.0,711.400630237782
1,750,8,GNNLXSSA,55,1337.0,711.400630237782
1,750,8,GNNLXSSA,56,1350.0,711.400630237782
1,750,8,GNNLXSSA,57,1364.0,711.400630237782
1,750,8,GNNLXSSA,58,1378.0,711.400630237782
1,750,8,GNNLXSSA,59,1391.0,711.400630237782
1,750,8,GNNLXSSA,60,1404.0,711.400630237782
1,750,8,GNNLXSSA,61,1417.0,711.400630237782
1,750,8,GNNLXSSA,62,1430.0,711.400630237782
1,750,8,GNNLXSSA,63,1444.0,707.737319859596
1,750,8,GNNLXSSA,64,1458.0,707.737319859596
1,750,8,GNNLXSSA,65,1472.0,692.2389825069258
1,750,8,GNNLXSSA,66,1485.0,692.2389825069258
1,750,8,GNNLXSSA,67,1498.0,687.5839595306461
1,750,8,GNNLXSSA,68,1511.0,675.4095130813948
1,750,8,GNNLXSSA,69,1525.0,675.4095130813948
1,750,8,GNNLXSSA,70,1537.0,675.4095130813948
1,750,8,GNNLXSSA,71,1551.0,675.4095130813948
1,750,8,GNNLXSSA,72,1564.0,675.4095130813948
1,750,8,GNNLXSSA,73,1578.0,674.4065520746735
1,750,8,GNNLXSSA,74,1592.0,669.8381650072697
1,750,8,GNNLXSSA,75,1605.0,668.4503607509978
1,750,8,GNNLXSSA,76,1619.0,667.6992446976292
1,750,8,GNNLXSSA,77,1633.0,667.6992446976292
1,750,8,GNNLXSSA,78,1646.0,667.5972857898523
1,750,8,GNNLXSSA,79,1659.0,666.682388423651
1,750,8,GNNLXSSA,80,1673.0,666.6474225786224
1,750,8,GNNLXSSA,81,1687.0,666.6474225786224
1,750,8,GNNLXSSA,82,1701.0,666.6474225786224
1,750,8,GNNLXSSA,83,1714.0,665.8258579872927
1,750,8,GNNLXSSA,84,1728.0,665.8258579872927
1,750,8,GNNLXSSA,85,1742.0,662.9463370170924
1,750,8,GNNLXSSA,86,1755.0,662.9463370170924
1,750,8,GNNLXSSA,87,1769.0,662.9463370170924
1,750,8,GNNLXSSA,88,1782.0,662.3975276295241
1,750,8,GNNLXSSA,89,1796.0,662.202357031616
1,750,8,GNNLXSSA,90,1810.0,662.202357031616
1,750,8,GNNLXSSA,91,1824.0,662.202357031616
1,750,8,GNNLXSSA,92,1837.0,662.202357031616
1,750,8,GNNLXSSA,93,1851.0,661.5824014153841
1,750,8,GNNLXSSA,94,1865.0,661.5824014153841
1,750,8,GNNLXSSA,95,1879.0,661.5824014153841
1,750,8,GNNLXSSA,96,1893.0,660.8531885663906
1,750,8,GNNLXSSA,97,1906.0,660.3994533689838
1,750,8,GNNLXSSA,98,1920.0,660.2205989496215
1,750,8,GNNLXSSA,99,1934.0,659.8728556962888
1,750,8,GNNLXSSA,100,1947.0,659.5538373371601
1,750,8,LXSSA_REPAIR,0,30.0,1525.8758189856235
1,750,8,LXSSA_REPAIR,1,90.0,1269.0950099120455
1,750,8,LXSSA_REPAIR,2,150.0,1179.9172891903186
1,750,8,LXSSA_REPAIR,3,210.0,1105.6663096319317
1,750,8,LXSSA_REPAIR,4,270.0,1017.2654976968042
1,750,8,LXSSA_REPAIR,5,330.0,953.7317657955791
1,750,8,LXSSA_REPAIR,6,390.0,927.6999578542091
1,750,8,LXSSA_REPAIR,7,450.0,891.4108623200809
1,750,8,LXSSA_REPAIR,8,510.0,878.91609761976
1,750,8,LXSSA_REPAIR,9,570.0,863.1067228433021
1,750,8,LXSSA_REPAIR,10,630.0,820.7276725155898
1,750,8,LXSSA_REPAIR,11,690.0,809.4436657036713
1,750,8,LXSSA_REPAIR,12,750.0,785.7115955167246
1,750,8,LXSSA_REPAIR,13,810.0,768.9908512165057
1,750,8,LXSSA_REPAIR,14,870.0,763.7836918210814
1,750,8,LXSSA_REPAIR,15,930.0,761.2060361854819
1,750,8,LXSSA_REPAIR,16,990.0,759.6728939569075
1,750,8,LXSSA_REPAIR,17,1050.0,743.3445734850902
1,750,8,LXSSA_REPAIR,18,1110.0,740.0331738332752
1,750,8,LXSSA_REPAIR,19,1170.0,738.1310141022332
1,750,8,LXSSA_REPAIR,20,1230.0,737.149265111635
1,750,8,LXSSA_REPAIR,21,1290.0,732.4538985518011
1,750,8,LXSSA_REPAIR,22,1350.0,723.5851279796843
1,750,8,LXSSA_REPAIR,23,1410.0,721.3155117818897
1,750,8,LXSSA_REPAIR,24,1470.0,720.0396883909198
1,750,8,LXSSA_REPAIR,25,1530.0,716.227147872647
1,750,8,LXSSA_REPAIR,26,1590.0,713.5863369890867
1,750,8,LXSSA_REPAIR,27,1650.0,703.8048564199562
1,750,8,LXSSA_REPAIR,28,1710.0,696.4209116099228
1,750,8,LXSSA_REPAIR,29,1770.0,693.9245151181894
1,750,8,LXSSA_REPAIR,30,1830.0,693.8817651791469
1,750,8,LXSSA_REPAIR,31,1890.0,689.2529324181087
1,750,8,LXSSA_REPAIR,32,1950.0,688.6713387115815
1,750,8,LXSSA_REPAIR,33,2010.0,688.4901747668482
1,750,8,LXSSA_REPAIR,34,2070.0,681.4638507275813
1,750,8,LXSSA_REPAIR,35,2130.0,677.7529283199328
1,750,8,LXSSA_REPAIR,36,2190.0,672.3924285438334
1,750,8,LXSSA_REPAIR,37,2250.0,667.496280223626
1,750,8,LXSSA_REPAIR,38,2310.0,665.4615591455513
1,750,8,LXSSA_REPAIR,39,2370.0,664.1282987368613
1,750,8,LXSSA_REPAIR,40,2430.0,663.6995971784781
1,750,8,LXSSA_REPAIR,41,2490.0,661.3350885177133
1,750,8,LXSSA_REPAIR,42,2550.0,657.1130891377979
1,750,8,LXSSA_REPAIR,43,2610.0,657.0595206804865
1,750,8,LXSSA_REPAIR,44,2670.0,653.6558928943195
1,750,8,LXSSA_REPAIR,45,2730.0,653.2895361035116
1,750,8,LXSSA_REPAIR,46,2790.0,642.9161284102738
1,750,8,LXSSA_REPAIR,47,2850.0,641.2881634049336
1,750,8,LXSSA_REPAIR,48,2910.0,641.0133218512055
1,750,8,LXSSA_REPAIR,49,2970.0,638.2603787834887
1,750,8,LXSSA_REPAIR,50,3030.0,630.1756113550946
1,750,8,LXSSA_REPAIR,51,3090.0,629.676125994185
1,750,8,LXSSA_REPAIR,52,3150.0,628.9979043713829
1,750,8,LXSSA_REPAIR,53,3210.0,626.0063744567378
1,750,8,LXSSA_REPAIR,54,3270.0,625.1489406264518
1,750,8,LXSSA_REPAIR,55,3330.0,623.365592716349
1,750,8,LXSSA_REPAIR,56,3390.0,622.8529975966885
1,750,8,LXSSA_REPAIR,57,3450.0,622.7121233669022
1,750,8,LXSSA_REPAIR,58,3510.0,622.558779328072
1,750,8,LXSSA_REPAIR,59,3570.0,622.5134950898137
1,750,8,LXSSA_REPAIR,60,3630.0,622.16333721923
1,750,8,LXSSA_REPAIR,61,3690.0,622.1102091168796
1,750,8,LXSSA_REPAIR,62,3750.0,621.3431548591034
1,750,8,LXSSA_REPAIR,63,3810.0,621.0651199497297
1,750,8,LXSSA_REPAIR,64,3870.0,620.6757781112174
1,750,8,LXSSA_REPAIR,65,3930.0,620.0583347489301
1,750,8,LXSSA_REPAIR,66,3990.0,617.8122757090678
1,750,8,LXSSA_REPAIR,67,4050.0,617.0563189959212
1,750,8,LXSSA_REPAIR,68,4110.0,616.1529018105357
1,750,8,LXSSA_REPAIR,69,4170.0,615.3128834259769
1,750,8,LXSSA_REPAIR,70,4230.0,614.5684097568374
1,750,8,LXSSA_REPAIR,71,4290.0,613.7051584660221
1,750,8,LXSSA_REPAIR,72,4350.0,612.6456641947007
1,750,8,LXSSA_REPAIR,73,4410.0,611.6548703571898
1,750,8,LXSSA_REPAIR,74,4470.0,611.3851782177153
1,750,8,LXSSA_REPAIR,75,4530.0,610.9323014946422
1,750,8,LXSSA_REPAIR,76,4590.0,610.6900737616088
1,750,8,LXSSA_REPAIR,77,4650.0,610.4497528642969
1,750,8,LXSSA_REPAIR,78,4710.0,610.0619952550114
1,750,8,LXSSA_REPAIR,79,4770.0,609.9978757466015
1,750,8,LXSSA_REPAIR,80,4830.0,609.9215746171831
1,750,8,LXSSA_REPAIR,81,4890.0,609.7954093775916
1,750,8,LXSSA_REPAIR,82,4950.0,609.739942119013
1,750,8,LXSSA_REPAIR,83,5010.0,609.7204018593693
1,750,8,LXSSA_REPAIR,84,5070.0,609.687636361341
1,750,8,LXSSA_REPAIR,85,5130.0,609.6771709366003
1,750,8,LXSSA_REPAIR,86,5190.0,609.6645683285824
1,750,8,LXSSA_REPAIR,87,5250.0,609.6295305634412
1,750,8,LXSSA_REPAIR,88,5310.0,609.6128271459966
1,750,8,LXSSA_REPAIR,89,5370.0,609.5924744893782
1,750,8,LXSSA_REPAIR,90,5430.0,609.5753818314915
1,750,8,LXSSA_REPAIR,91,5490.0,609.5627113062073
1,750,8,LXSSA_REPAIR,92,5550.0,609.5386186075484
1,750,8,LXSSA_REPAIR,93,5610.0,609.5230942282433
1,750,8,LXSSA_REPAIR,94,5670.0,609.5147880207078
1,750,8,LXSSA_REPAIR,95,5730.0,609.5127317623774
1,750,8,LXSSA_REPAIR,96,5790.0,609.511311681068
1,750,8,LXSSA_REPAIR,97,5850.0,609.5101187676919
1,750,8,LXSSA_REPAIR,98,5910.0,609.5090431787248
1,750,8,LXSSA_REPAIR,99,5970.0,609.5057302273053
1,750,8,LXSSA_REPAIR,100,6030.0,609.5034137179537
1,750,9,GNNLXSSA,0,30.0,2248.6024884586222
1,750,9,GNNLXSSA,1,660.0,1874.7424361639132
1,750,9,GNNLXSSA,2,674.0,1801.6009978230795
1,750,9,GNNLXSSA,3,687.0,1608.50157178074
1,750,9,GNNLXSSA,4,701.0,1486.2554134230886
1,750,9,GNNLXSSA,5,715.0,1482.3730008728453
1,750,9,GNNLXSSA,6,729.0,1475.1911100717116
1,750,9,GNNLXSSA,7,743.0,1445.6757373417713
1,750,9,GNNLXSSA,8,757.0,1409.3319200165497
1,750,9,GNNLXSSA,9,770.0,1400.0256535599765
1,750,9,GNNLXSSA,10,784.0,1382.9618998554142
1,750,9,GNNLXSSA,11,798.0,1377.2640897184538
1,750,9,GNNLXSSA,12,811.0,1355.0556996750893
1,750,9,GNNLXSSA,13,825.0,1329.2798054535815
1,750,9,GNNLXSSA,14,838.0,1320.7758016982552
1,750,9,GNNLXSSA,15,852.0,1320.2429749447838
1,750,9,GNNLXSSA,16,865.0,1320.2429749447838
1,750,9,GNNLXSSA,17,879.0,1317.7017627085806
1,750,9,GNNLXSSA,18,893.0,1290.1272999450084
1,750,9,GNNLXSSA,19,906.0,1290.1272999450084
1,750,9,GNNLXSSA,20,919.0,1290.1272999450084
1,750,9,GNNLXSSA,21,933.0,1283.1030293699514
1,750,9,GNNLXSSA,22,947.0,1283.1030293699514
1,750,9,GNNLXSSA,23,961.0,1262.8890519777342
1,750,9,GNNLXSSA,24,975.0,1262.8890519777342
1,750,9,GNNLXSSA,25,989.0,1241.117960458214
1,750,9,GNNLXSSA,26,1002.0,1235.6118169812107
1,750,9,GNNLXSSA,27,1016.0,1235.6118169812107
1,750,9,GNNLXSSA,28,1029.0,1235.6118169812107
1,750,9,GNNLXSSA,29,1042.0,1233.7317526704355
1,750,9,GNNLXSSA,30,1055.0,1212.4461751198614
1,750,9,GNNLXSSA,31,1069.0,1212.4461751198614
1,750,9,GNNLXSSA,32,1082.0,1212.4461751198614
1,750,9,GNNLXSSA,33,1095.0,1212.4461751198614
1,750,9,GNNLXSSA,34,1109.0,1192.640777672983
1,750,9,GNNLXSSA,35,1122.0,1192.640777672983
1,750,9,GNNLXSSA,36,1135.0,1192.640777672983
1,750,9,GNNLXSSA,37,1148.0,1185.72988138441
1,750,9,GNNLXSSA,38,1162.0,1185.6083259635561
1,750,9,GNNLXSSA,39,1176.0,1181.968249263853
1,750,9,GNNLXSSA,40,1190.0,1181.968249263853
1,750,9,GNNLXSSA,41,1204.0,1179.2222981413652
1,750,9,GNNLXSSA,42,1217.0,1172.4555940210994
1,750,9,GNNLXSSA,43,1231.0,1170.5869463753334
1,750,9,GNNLXSSA,44,1245.0,1170.5869463753334
1,750,9,GNNLXSSA,45,1259.0,1161.5248011059884
1,750,9,GNNLXSSA,46,1273.0,1161.5248011059884
1,750,9,GNNLXSSA,47,1287.0,1142.93957686035
1,750,9,GNNLXSSA,48,1301.0,1142.93957686035
1,750,9,GNNLXSSA,49,1314.0,1126.59734839062
1,750,9,GNNLXSSA,50,1327.0,1117.7038107268454
1,750,9,GNNLXSSA,51,1341.0,1117.7038107268454
1,750,9,GNNLXSSA,52,1355.0,1117.7038107268454
1,750,9,GNNLXSSA,53,1368.0,1096.3129434795555
1,750,9,GNNLXSSA,54,1382.0,1093.4978125760317
1,750,9,GNNLXSSA,55,1395.0,1080.67070283043
1,750,9,GNNLXSSA,56,1407.0,1071.4675839783085
1,750,9,GNNLXSSA,57,1421.0,1071.4111351242973
1,750,9,GNNLXSSA,58,1435.0,1071.4111351242973
1,750,9,GNNLXSSA,59,1449.0,1051.449415439136
1,750,9,GNNLXSSA,60,1462.0,1045.3503046828118
1,750,9,GNNLXSSA,61,1475.0,1044.9739881721398
1,750,9,GNNLXSSA,62,1489.0,1044.9739881721398
1,750,9,GNNLXSSA,63,1503.0,1043.0760630881123
1,750,9,GNNLXSSA,64,1517.0,1040.6054991520505
1,750,9,GNNLXSSA,65,1531.0,1040.6054991520505
1,750,9,GNNLXSSA,66,1545.0,1040.6054991520505
1,750,9,GNNLXSSA,67,1559.0,1038.3575224851666
1,750,9,GNNLXSSA,68,1572.0,1038.3575224851666
1,750,9,GNNLXSSA,69,1585.0,1038.3575224851666
1,750,9,GNNLXSSA,70,1599.0,1037.9462115119968
1,750,9,GNNLXSSA,71,1613.0,1036.4554750073075
1,750,9,GNNLXSSA,72,1627.0,1035.5277326379728
1,750,9,GNNLXSSA,73,1641.0,1035.0010758416029
1,750,9,GNNLXSSA,74,1655.0,1035.0010758416029
1,750,9,GNNLXSSA,75,1668.0,1035.0010758416029
1,750,9,GNNLXSSA,76,1681.0,1035.0010758416029
1,750,9,GNNLXSSA,77,1695.0,1028.371642220205
1,750,9,GNNLXSSA,78,1709.0,1025.1977924885214
1,750,9,GNNLXSSA,79,1723.0,1024.8498893136348
1,750,9,GNNLXSSA,80,1736.0,1024.7572115524526
1,750,9,GNNLXSSA,81,1750.0,1024.7572115524526
1,750,9,GNNLXSSA,82,1764.0,1024.7344747719471
1,750,9,GNNLXSSA,83,1777.0,1024.7344747719471
1,750,9,GNNLXSSA,84,1790.0,1024.4695522876646
1,750,9,GNNLXSSA,85,1804.0,1024.4497364836134
1,750,9,GNNLXSSA,86,1818.0,1024.4463342932286
1,750,9,GNNLXSSA,87,1831.0,1024.442626052405
1,750,9,GNNLXSSA,88,1845.0,1024.4376846978557
1,750,9,GNNLXSSA,89,1858.0,1024.4376846978557
1,750,9,GNNLXSSA,90,1872.0,1024.3948033274064
1,750,9,GNNLXSSA,91,1886.0,1024.3948033274064
1,750,9,GNNLXSSA,92,1900.0,1024.3948033274064
1,750,9,GNNLXSSA,93,1914.0,1023.0590873243709
1,750,9,GNNLXSSA,94,1928.0,1013.9875261034904
1,750,9,GNNLXSSA,95,1942.0,1013.2814612339425
1,750,9,GNNLXSSA,96,1956.0,1013.2808274992276
1,750,9,GNNLXSSA,97,1970.0,1011.9501041300537
1,750,9,GNNLXSSA,98,1984.0,1010.0262113527642
1,750,9,GNNLXSSA,99,1998.0,1009.9545090187094
1,750,9,GNNLXSSA,100,2011.0,1009.8462273196419
1,750,9,LXSSA_REPAIR,0,30.0,2311.1977738279675
1,750,9,LXSSA_REPAIR,1,90.0,1998.8345100618462
1,750,9,LXSSA_REPAIR,2,150.0,1610.042657765065
1,750,9,LXSSA_REPAIR,3,210.0,1533.7566370502536
1,750,9,LXSSA_REPAIR,4,270.0,1485.7765148486578
1,750,9,LXSSA_REPAIR,5,330.0,1416.4513150518032
1,750,9,LXSSA_REPAIR,6,390.0,1332.527807148952
1,750,9,LXSSA_REPAIR,7,450.0,1296.5595465573715
1,750,9,LXSSA_REPAIR,8,510.0,1265.8537089234233
1,750,9,LXSSA_REPAIR,9,570.0,1248.1250509200254
1,750,9,LXSSA_REPAIR,10,630.0,1229.7878212491487
1,750,9,LXSSA_REPAIR,11,690.0,1221.7567606033117
1,750,9,LXSSA_REPAIR,12,750.0,1220.8518259751872
1,750,9,LXSSA_REPAIR,13,810.0,1209.9712286865106
1,750,9,LXSSA_REPAIR,14,870.0,1190.6954616785588
1,750,9,LXSSA_REPAIR,15,930.0,1183.9660285379941
1,750,9,LXSSA_REPAIR,16,990.0,1179.6202098657595
1,750,9,LXSSA_REPAIR,17,1050.0,1136.628155155413
1,750,9,LXSSA_REPAIR,18,1110.0,1096.1857439978776
1,750,9,LXSSA_REPAIR,19,1170.0,1091.8940902192408
1,750,9,LXSSA_REPAIR,20,1230.0,1087.7824672853021
1,750,9,LXSSA_REPAIR,21,1290.0,1066.5642373731826
1,750,9,LXSSA_REPAIR,22,1350.0,1046.6949149984575
1,750,9,LXSSA_REPAIR,23,1410.0,1035.124163241875
1,750,9,LXSSA_REPAIR,24,1470.0,1030.5742888697205
1,750,9,LXSSA_REPAIR,25,1530.0,1030.5388915029544
1,750,9,LXSSA_REPAIR,26,1590.0,1005.941676186354
1,750,9,LXSSA_REPAIR,27,1650.0,1001.3644763433913
1,750,9,LXSSA_REPAIR,28,1710.0,997.9637163849911
1,750,9,LXSSA_REPAIR,29,1770.0,985.2138681977376
1,750,9,LXSSA_REPAIR,30,1830.0,982.9848649484047
1,750,9,LXSSA_REPAIR,31,1890.0,980.2685994670028
1,750,9,LXSSA_REPAIR,32,1950.0,979.5921480233155
1,750,9,LXSSA_REPAIR,33,2010.0,976.6453064982488
1,750,9,LXSSA_REPAIR,34,2070.0,974.6917071502612
1,750,9,LXSSA_REPAIR,35,2130.0,969.6408713496203
1,750,9,LXSSA_REPAIR,36,2190.0,969.1707264791257
1,750,9,LXSSA_REPAIR,37,2250.0,967.3233769342987
1,750,9,LXSSA_REPAIR,38,2310.0,966.4639998103812
1,750,9,LXSSA_REPAIR,39,2370.0,964.6421221635101
1,750,9,LXSSA_REPAIR,40,2430.0,951.4043054141293
1,750,9,LXSSA_REPAIR,41,2490.0,941.379164655802
1,750,9,LXSSA_REPAIR,42,2550.0,928.4882311846086
1,750,9,LXSSA_REPAIR,43,2610.0,927.5795677623828
1,750,9,LXSSA_REPAIR,44,2670.0,922.778023117382
1,750,9,LXSSA_REPAIR,45,2730.0,921.7848392964297
1,750,9,LXSSA_REPAIR,46,2790.0,920.9138515116429
1,750,9,LXSSA_REPAIR,47,2850.0,909.2934913119097
1,750,9,LXSSA_REPAIR,48,2910.0,905.2552979590619
1,750,9,LXSSA_REPAIR,49,2970.0,903.2552276829738
1,750,9,LXSSA_REPAIR,50,3030.0,894.8460731467349
1,750,9,LXSSA_REPAIR,51,3090.0,889.143227713008
1,750,9,LXSSA_REPAIR,52,3150.0,888.236001203637
1,750,9,LXSSA_REPAIR,53,3210.0,879.0715061507071
1,750,9,LXSSA_REPAIR,54,3270.0,878.8052896789814
1,750,9,LXSSA_REPAIR,55,3330.0,872.6205078681596
1,750,9,LXSSA_REPAIR,56,3390.0,872.2555335780198
1,750,9,LXSSA_REPAIR,57,3450.0,870.5835098462485
1,750,9,LXSSA_REPAIR,58,3510.0,870.5341100490114
1,750,9,LXSSA_REPAIR,59,3570.0,868.7216625349683
1,750,9,LXSSA_REPAIR,60,3630.0,867.36207604019
1,750,9,LXSSA_REPAIR,61,3690.0,866.7801970349319
1,750,9,LXSSA_REPAIR,62,3750.0,866.6910334416098
1,750,9,LXSSA_REPAIR,63,3810.0,865.7594639258459
1,750,9,LXSSA_REPAIR,64,3870.0,865.0849996788966
1,750,9,LXSSA_REPAIR,65,3930.0,864.2033294692592
1,750,9,LXSSA_REPAIR,66,3990.0,863.6562495162434
1,750,9,LXSSA_REPAIR,67,4050.0,862.7698590649889
1,750,9,LXSSA_REPAIR,68,4110.0,862.4481715417423
1,750,9,LXSSA_REPAIR,69,4170.0,862.0507770613258
1,750,9,LXSSA_REPAIR,70,4230.0,861.6002306702503
1,750,9,LXSSA_REPAIR,71,4290.0,860.9447449490544
1,750,9,LXSSA_REPAIR,72,4350.0,860.0903571961535
1,750,9,LXSSA_REPAIR,73,4410.0,859.8560931210595
1,750,9,LXSSA_REPAIR,74,4470.0,859.5702611677625
1,750,9,LXSSA_REPAIR,75,4530.0,859.3026558704878
1,750,9,LXSSA_REPAIR,76,4590.0,859.267972020949
1,750,9,LXSSA_REPAIR,77,4650.0,859.1741496273462
1,750,9,LXSSA_REPAIR,78,4710.0,858.8450819942227
1,750,9,LXSSA_REPAIR,79,4770.0,858.1396483294957
1,750,9,LXSSA_REPAIR,80,4830.0,858.1026250808791
1,750,9,LXSSA_REPAIR,81,4890.0,858.0439278019767
1,750,9,LXSSA_REPAIR,82,4950.0,857.8811764957136
1,750,9,LXSSA_REPAIR,83,5010.0,857.7748662234444
1,750,9,LXSSA_REPAIR,84,5070.0,857.6430650843467
1,750,9,LXSSA_REPAIR,85,5130.0,857.5216038905637
1,750,9,LXSSA_REPAIR,86,5190.0,857.4721801415799
1,750,9,LXSSA_REPAIR,87,5250.0,857.4598146673598
1,750,9,LXSSA_REPAIR,88,5310.0,857.447486227793
1,750,9,LXSSA_REPAIR,89,5370.0,857.4347009316116
1,750,9,LXSSA_REPAIR,90,5430.0,857.4202697596484
1,750,9,LXSSA_REPAIR,91,5490.0,857.3915367514055
1,750,9,LXSSA_REPAIR,92,5550.0,857.3725196391242
1,750,9,LXSSA_REPAIR,93,5610.0,857.3335756797678
1,750,9,LXSSA_REPAIR,94,5670.0,857.2673471466405
1,750,9,LXSSA_REPAIR,95,5730.0,857.2418257322352
1,750,9,LXSSA_REPAIR,96,5790.0,857.2192566996455
1,750,9,LXSSA_REPAIR,97,5850.0,857.1369206882082
1,750,9,LXSSA_REPAIR,98,5910.0,857.1147855786694
1,750,9,LXSSA_REPAIR,99,5970.0,857.0865819268292
1,750,9,LXSSA_REPAIR,100,6030.0,857.0619811707293
2,1000,10,GNNLXSSA,0,30.0,2616.801891160634
2,1000,10,GNNLXSSA,1,724.0,2396.295099355433
2,1000,10,GNNLXSSA,2,736.0,2223.254634661651
2,1000,10,GNNLXSSA,3,749.0,2150.9316365706327
2,1000,10,GNNLXSSA,4,763.0,2150.9316365706327
2,1000,10,GNNLXSSA,5,776.0,2142.5370597339206
2,1000,10,GNNLXSSA,6,790.0,2077.1009631858687
2,1000,10,GNNLXSSA,7,804.0,2056.852608183406
2,1000,10,GNNLXSSA,8,817.0,2025.2353110717158
2,1000,10,GNNLXSSA,9,831.0,1970.468022583671
2,1000,10,GNNLXSSA,10,845.0,1917.9878776262267
2,1000,10,GNNLXSSA,11,859.0,1893.0419249535116
2,1000,10,GNNLXSSA,12,873.0,1867.4533646807176
2,1000,10,GNNLXSSA,13,887.0,1867.4533646807176
2,1000,10,GNNLXSSA,14,901.0,1867.4533646807176
2,1000,10,GNNLXSSA,15,915.0,1848.5614524731427
2,1000,10,GNNLXSSA,16,929.0,1840.4046687275695
2,1000,10,GNNLXSSA,17,942.0,1813.8559749233464
2,1000,10,GNNLXSSA,18,955.0,1810.9179691464524
2,1000,10,GNNLXSSA,19,969.0,1808.7059948004535
2,1000,10,GNNLXSSA,20,983.0,1796.4917504768237
2,1000,10,GNNLXSSA,21,997.0,1775.2828223599427
2,1000,10,GNNLXSSA,22,1010.0,1775.2828223599427
2,1000,10,GNNLXSSA,23,1023.0,1762.5022365058103
2,1000,10,GNNLXSSA,24,1037.0,1762.5022365058103
2,1000,10,GNNLXSSA,25,1050.0,1762.5022365058103
2,1000,10,GNNLXSSA,26,1063.0,1739.352731373845
2,1000,10,GNNLXSSA,27,1076.0,1739.352731373845
2,1000,10,GNNLXSSA,28,1089.0,1704.0601852491309
2,1000,10,GNNLXSSA,29,1102.0,1704.0601852491309
2,1000,10,GNNLXSSA,30,1114.0,1704.0601852491309
2,1000,10,GNNLXSSA,31,1128.0,1688.976820986456
2,1000,10,GNNLXSSA,32,1142.0,1688.976820986456
2,1000,10,GNNLXSSA,33,1154.0,1688.976820986456
2,1000,10,GNNLXSSA,34,1168.0,1687.8435477126986
2,1000,10,GNNLXSSA,35,1182.0,1687.8435477126986
2,1000,10,GNNLXSSA,36,1195.0,1679.4468974524716
2,1000,10,GNNLXSSA,37,1209.0,1667.268947792043
2,1000,10,GNNLXSSA,38,1222.0,1658.5672962081662
2,1000,10,GNNLXSSA,39,1235.0,1638.9801673623151
2,1000,10,GNNLXSSA,40,1248.0,1632.6660807396183
2,1000,10,GNNLXSSA,41,1262.0,1623.9875020511827
2,1000,10,GNNLXSSA,42,1276.0,1610.8456974440269
2,1000,10,GNNLXSSA,43,1290.0,1610.8456974440269
2,1000,10,GNNLXSSA,44,1303.0,1607.3592026466722
2,1000,10,GNNLXSSA,45,1316.0,1607.3592026466722
2,1000,10,GNNLXSSA,46,1330.0,1607.3592026466722
2,1000,10,GNNLXSSA,47,1344.0,1600.0301884698492
2,1000,10,GNNLXSSA,48,1357.0,1600.0301884698492
2,1000,10,GNNLXSSA,49,1371.0,1593.619622436112
2,1000,10,GNNLXSSA,50,1384.0,1586.134385413774
2,1000,10,GNNLXSSA,51,1398.0,1586.022542997831
2,1000,10,GNNLXSSA,52,1412.0,1585.6190054555118
2,1000,10,GNNLXSSA,53,1426.0,1571.504643589673
2,1000,10,GNNLXSSA,54,1440.0,1564.9970579657165
2,1000,10,GNNLXSSA,55,1453.0,1564.9970579657165
2,1000,10,GNNLXSSA,56,1467.0,1551.7589914197015
2,1000,10,GNNLXSSA,57,1481.0,1551.7589914197015
2,1000,10,GNNLXSSA,58,1495.0,1551.7589914197015
2,1000,10,GNNLXSSA,59,1509.0,1539.3443277994738
2,1000,10,GNNLXSSA,60,1523.0,1539.3443277994738
2,1000,10,GNNLXSSA,61,1537.0,1534.6034091453766
2,1000,10,GNNLXSSA,62,1551.0,1529.5181794758755
2,1000,10,GNNLXSSA,63,1565.0,1529.5181794758755
2,1000,10,GNNLXSSA,64,1577.0,1525.5699769165003
2,1000,10,GNNLXSSA,65,1591.0,1524.8021674118354
2,1000,10,GNNLXSSA,66,1605.0,1500.5905527869763
2,1000,10,GNNLXSSA,67,1618.0,1500.534528847078
2,1000,10,GNNLXSSA,68,1632.0,1500.534528847078
2,1000,10,GNNLXSSA,69,1646.0,1470.5293623340767
2,1000,10,GNNLXSSA,70,1659.0,1470.5293623340767
2,1000,10,GNNLXSSA,71,1673.0,1470.5293623340767
2,1000,10,GNNLXSSA,72,1687.0,1470.5293623340767
2,1000,10,GNNLXSSA,73,1699.0,1464.2273894519967
2,1000,10,GNNLXSSA,74,1713.0,1464.2273894519967
2,1000,10,GNNLXSSA,75,1727.0,1464.2273894519967
2,1000,10,GNNLXSSA,76,1740.0,1464.2273894519967
2,1000,10,GNNLXSSA,77,1753.0,1454.0714670123489
2,1000,10,GNNLXSSA,78,1766.0,1454.0714670123489
2,1000,10,GNNLXSSA,79,1780.0,1454.0714670123489
2,1000,10,GNNLXSSA,80,1794.0,1454.0714670123489
2,1000,10,GNNLXSSA,81,1808.0,1454.0714670123489
2,1000,10,GNNLXSSA,82,1821.0,1454.0714670123489
2,1000,10,GNNLXSSA,83,1834.0,1454.0714670123489
2,1000,10,GNNLXSSA,84,1847.0,1454.0714670123489
2,1000,10,GNNLXSSA,85,1860.0,1454.0714670123489
2,1000,10,GNNLXSSA,86,1873.0,1454.0714670123489
2,1000,10,GNNLXSSA,87,1887.0,1454.0714670123489
2,1000,10,GNNLXSSA,88,1900.0,1454.0714670123489
2,1000,10,GNNLXSSA,89,1914.0,1454.0714670123489
2,1000,10,GNNLXSSA,90,1927.0,1454.0714670123489
2,1000,10,GNNLXSSA,91,1940.0,1453.89604246636
2,1000,10,GNNLXSSA,92,1954.0,1453.89604246636
2,1000,10,GNNLXSSA,93,1967.0,1453.89604246636
2,1000,10,GNNLXSSA,94,1981.0,1453.89604246636
2,1000,10,GNNLXSSA,95,1994.0,1453.89604246636
2,1000,10,GNNLXSSA,96,2008.0,1452.2896452145433
2,1000,10,GNNLXSSA,97,2021.0,1452.2896452145433
2,1000,10,GNNLXSSA,98,2034.0,1450.5563422959895
2,1000,10,GNNLXSSA,99,2048.0,1450.3250533641913
2,1000,10,GNNLXSSA,100,2061.0,1447.1483397177435
2,1000,10,LXSSA_REPAIR,0,30.0,2678.2533639477406
2,1000,10,LXSSA_REPAIR,1,90.0,2341.5167846263357
2,1000,10,LXSSA_REPAIR,2,150.0,2202.9060870870526
2,1000,10,LXSSA_REPAIR,3,210.0,1921.8499622982636
2,1000,10,LXSSA_REPAIR,4,270.0,1873.8058665565331
2,1000,10,LXSSA_REPAIR,5,330.0,1765.5925328989324
2,1000,10,LXSSA_REPAIR,6,390.0,1722.2722232824963
2,1000,10,LXSSA_REPAIR,7,450.0,1705.0045952394867
2,1000,10,LXSSA_REPAIR,8,510.0,1683.843187048049
2,1000,10,LXSSA_REPAIR,9,570.0,1634.5533461308587
2,1000,10,LXSSA_REPAIR,10,630.0,1596.561929352065
2,1000,10,LXSSA_REPAIR,11,690.0,1589.1887803801364
2,1000,10,LXSSA_REPAIR,12,750.0,1558.2724113203003
2,1000,10,LXSSA_REPAIR,13,810.0,1553.5703593740473
2,1000,10,LXSSA_REPAIR,14,870.0,1534.0540600021704
2,1000,10,LXSSA_REPAIR,15,930.0,1505.4823998161664
2,1000,10,LXSSA_REPAIR,16,990.0,1491.9169354121113
2,1000,10,LXSSA_REPAIR,17,1050.0,1472.1802280818229
2,1000,10,LXSSA_REPAIR,18,1110.0,1469.5823523586878
2,1000,10,LXSSA_REPAIR,19,1170.0,1463.4001484211622
2,1000,10,LXSSA_REPAIR,20,1230.0,1448.4763010404713
2,1000,10,LXSSA_REPAIR,21,1290.0,1444.0074549029887
2,1000,10,LXSSA_REPAIR,22,1350.0,1437.336294300665
2,1000,10,LXSSA_REPAIR,23,1410.0,1418.1151717046887
2,1000,10,LXSSA_REPAIR,24,1470.0,1414.3868688760704
2,1000,10,LXSSA_REPAIR,25,1530.0,1410.5383662624808
2,1000,10,LXSSA_REPAIR,26,1590.0,1400.5109807993576
2,1000,10,LXSSA_REPAIR,27,1650.0,1399.0389397897598
2,1000,10,LXSSA_REPAIR,28,1710.0,1390.1128623745826
2,1000,10,LXSSA_REPAIR,29,1770.0,1384.817181324659
2,1000,10,LXSSA_REPAIR,30,1830.0,1376.0901626205741
2,1000,10,LXSSA_REPAIR,31,1890.0,1368.9650081442305
2,1000,10,LXSSA_REPAIR,32,1950.0,1365.639789000641
2,1000,10,LXSSA_REPAIR,33,2010.0,1350.7868421945095
2,1000,10,LXSSA_REPAIR,34,2070.0,1347.2171264642675
2,1000,10,LXSSA_REPAIR,35,2130.0,1345.6511547765476
2,1000,10,LXSSA_REPAIR,36,2190.0,1334.6552797393524
2,1000,10,LXSSA_REPAIR,37,2250.0,1333.524978585956
2,1000,10,LXSSA_REPAIR,38,2310.0,1327.7629148349952
2,1000,10,LXSSA_REPAIR,39,2370.0,1312.5509532307187
2,1000,10,LXSSA_REPAIR,40,2430.0,1300.6824105231572
2,1000,10,LXSSA_REPAIR,41,2490.0,1300.1916670071805
2,1000,10,LXSSA_REPAIR,42,2550.0,1287.8403859397295
2,1000,10,LXSSA_REPAIR,43,2610.0,1286.4436389107432
2,1000,10,LXSSA_REPAIR,44,2670.0,1276.6537951733553
2,1000,10,LXSSA_REPAIR,45,2730.0,1272.448339790477
2,1000,10,LXSSA_REPAIR,46,2790.0,1272.1386348995802
2,1000,10,LXSSA_REPAIR,47,2850.0,1271.3410931010148
2,1000,10,LXSSA_REPAIR,48,2910.0,1269.0337817441468
2,1000,10,LXSSA_REPAIR,49,2970.0,1268.4391603578842
2,1000,10,LXSSA_REPAIR,50,3030.0,1267.8561689160124
2,1000,10,LXSSA_REPAIR,51,3090.0,1265.6542546406272
2,1000,10,LXSSA_REPAIR,52,3150.0,1265.5142045642133
2,1000,10,LXSSA_REPAIR,53,3210.0,1262.8848165120362
2,1000,10,LXSSA_REPAIR,54,3270.0,1260.9341976267388
2,1000,10,LXSSA_REPAIR,55,3330.0,1259.5049307166119
2,1000,10,LXSSA_REPAIR,56,3390.0,1248.6018123167887
2,1000,10,LXSSA_REPAIR,57,3450.0,1248.247477140234
2,1000,10,LXSSA_REPAIR,58,3510.0,1239.0468426260777
2,1000,10,LXSSA_REPAIR,59,3570.0,1237.5831174869963
2,1000,10,LXSSA_REPAIR,60,3630.0,1235.422445709577
2,1000,10,LXSSA_REPAIR,61,3690.0,1226.0358881933716
2,1000,10,LXSSA_REPAIR,62,3750.0,1222.5230453942786
2,1000,10,LXSSA_REPAIR,63,3810.0,1220.1423936223582
2,1000,10,LXSSA_REPAIR,64,3870.0,1218.276602170612
2,1000,10,LXSSA_REPAIR,65,3930.0,1215.2883678692451
2,1000,10,LXSSA_REPAIR,66,3990.0,1214.1775447808395
2,1000,10,LXSSA_REPAIR,67,4050.0,1213.3726014804197
2,1000,10,LXSSA_REPAIR,68,4110.0,1209.2660902423231
2,1000,10,LXSSA_REPAIR,69,4170.0,1203.8915250007267
2,1000,10,LXSSA_REPAIR,70,4230.0,1200.783489043708
2,1000,10,LXSSA_REPAIR,71,4290.0,1200.1592957119283
2,1000,10,LXSSA_REPAIR,72,4350.0,1199.1319997590617
2,1000,10,LXSSA_REPAIR,73,4410.0,1198.0095927479051
2,1000,10,LXSSA_REPAIR,74,4470.0,1196.8961130616808
2,1000,10,LXSSA_REPAIR,75,4530.0,1195.8036597430037
2,1000,10,LXSSA_REPAIR,76,4590.0,1193.47168231869
2,1000,10,LXSSA_REPAIR,77,4650.0,1192.5324143344114
2,1000,10,LXSSA_REPAIR,78,4710.0,1190.837485233118
2,1000,10,LXSSA_REPAIR,79,4770.0,1189.4469487929891
2,1000,10,LXSSA_REPAIR,80,4830.0,1189.33990466682
2,1000,10,LXSSA_REPAIR,81,4890.0,1189.0626124213886
2,1000,10,LXSSA_REPAIR,82,4950.0,1188.4520805884313
2,1000,10,LXSSA_REPAIR,83,5010.0,1187.6270692900434
2,1000,10,LXSSA_REPAIR,84,5070.0,1187.3623538124448
2,1000,10,LXSSA_REPAIR,85,5130.0,1187.0979104948638
2,1000,10,LXSSA_REPAIR,86,5190.0,1186.8876598534407
2,1000,10,LXSSA_REPAIR,87,5250.0,1186.6252335420068
2,1000,10,LXSSA_REPAIR,88,5310.0,1186.3917718247394
2,1000,10,LXSSA_REPAIR,89,5370.0,1186.2045326248772
2,1000,10,LXSSA_REPAIR,90,5430.0,1185.9209408654933
2,1000,10,LXSSA_REPAIR,91,5490.0,1185.747195005577
2,1000,10,LXSSA_REPAIR,92,5550.0,1185.7324701421894
2,1000,10,LXSSA_REPAIR,93,5610.0,1185.7233514837862
2,1000,10,LXSSA_REPAIR,94,5670.0,1185.7054064036201
2,1000,10,LXSSA_REPAIR,95,5730.0,1185.6496341685197
2,1000,10,LXSSA_REPAIR,96,5790.0,1185.534241011468
2,1000,10,LXSSA_REPAIR,97,5850.0,1185.233579856169
2,1000,10,LXSSA_REPAIR,98,5910.0,1185.0132583047744
2,1000,10,LXSSA_REPAIR,99,5970.0,1184.9488660849165
2,1000,10,LXSSA_REPAIR,100,6030.0,1184.9025284783856
2,1000,11,GNNLXSSA,0,30.0,3315.3852948074928
2,1000,11,GNNLXSSA,1,787.0,3174.935678937356
2,1000,11,GNNLXSSA,2,801.0,2880.8989182860387
2,1000,11,GNNLXSSA,3,815.0,2876.777871714781
2,1000,11,GNNLXSSA,4,828.0,2770.0231756963112
2,1000,11,GNNLXSSA,5,842.0,2744.5202639873096
2,1000,11,GNNLXSSA,6,856.0,2695.983619725288
2,1000,11,GNNLXSSA,7,870.0,2599.2210112341127
2,1000,11,GNNLXSSA,8,884.0,2599.2210112341127
2,1000,11,GNNLXSSA,9,898.0,2558.6267528232347
2,1000,11,GNNLXSSA,10,911.0,2558.6267528232347
2,1000,11,GNNLXSSA,11,925.0,2487.187853520605
2,1000,11,GNNLXSSA,12,938.0,2458.852336729811
2,1000,11,GNNLXSSA,13,952.0,2458.852336729811
2,1000,11,GNNLXSSA,14,966.0,2413.953001935799
2,1000,11,GNNLXSSA,15,980.0,2413.953001935799
2,1000,11,GNNLXSSA,16,993.0,2364.9953551734143
2,1000,11,GNNLXSSA,17,1006.0,2364.9953551734143
2,1000,11,GNNLXSSA,18,1020.0,2359.2162088585465
2,1000,11,GNNLXSSA,19,1034.0,2348.4619900223624
2,1000,11,GNNLXSSA,20,1047.0,2344.4892419373573
2,1000,11,GNNLXSSA,21,1059.0,2337.6531990214135
2,1000,11,GNNLXSSA,22,1073.0,2322.8625215641077
2,1000,11,GNNLXSSA,23,1086.0,2306.883649374686
2,1000,11,GNNLXSSA,24,1099.0,2271.5548227252366
2,1000,11,GNNLXSSA,25,1113.0,2271.5548227252366
2,1000,11,GNNLXSSA,26,1126.0,2242.009815322992
2,1000,11,GNNLXSSA,27,1139.0,2242.009815322992
2,1000,11,GNNLXSSA,28,1152.0,2230.2734751519674
2,1000,11,GNNLXSSA,29,1166.0,2230.2734751519674
2,1000,11,GNNLXSSA,30,1180.0,2230.2734751519674
2,1000,11,GNNLXSSA,31,1194.0,2206.050318299247
2,1000,11,GNNLXSSA,32,1208.0,2180.545557716774
2,1000,11,GNNLXSSA,33,1222.0,2175.1371374166556
2,1000,11,GNNLXSSA,34,1236.0,2165.4334496119554
2,1000,11,GNNLXSSA,35,1249.0,2146.5457760317804
2,1000,11,GNNLXSSA,36,1263.0,2146.5457760317804
2,1000,11,GNNLXSSA,37,1276.0,2146.5457760317804
2,1000,11,GNNLXSSA,38,1290.0,2146.345789354622
2,1000,11,GNNLXSSA,39,1304.0,2140.662185201654
2,1000,11,GNNLXSSA,40,1318.0,2140.662185201654
2,1000,11,GNNLXSSA,41,1331.0,2140.662185201654
2,1000,11,GNNLXSSA,42,1345.0,2140.662185201654
2,1000,11,GNNLXSSA,43,1359.0,2140.662185201654
2,1000,11,GNNLXSSA,44,1373.0,2140.662185201654
2,1000,11,GNNLXSSA,45,1387.0,2140.662185201654
2,1000,11,GNNLXSSA,46,1400.0,2140.662185201654
2,1000,11,GNNLXSSA,47,1414.0,2130.809940779225
2,1000,11,GNNLXSSA,48,1428.0,2130.809940779225
2,1000,11,GNNLXSSA,49,1442.0,2130.809940779225
2,1000,11,GNNLXSSA,50,1455.0,2126.6400018863496
2,1000,11,GNNLXSSA,51,1469.0,2121.8561587408403
2,1000,11,GNNLXSSA,52,1482.0,2121.8561587408403
2,1000,11,GNNLXSSA,53,1496.0,2112.311083481014
2,1000,11,GNNLXSSA,54,1509.0,2083.3803749866056
2,1000,11,GNNLXSSA,55,1522.0,2083.3803749866056
2,1000,11,GNNLXSSA,56,1535.0,2066.5627048168462
2,1000,11,GNNLXSSA,57,1549.0,2066.5627048168462
2,1000,11,GNNLXSSA,58,1562.0,2066.5627048168462
2,1000,11,GNNLXSSA,59,1576.0,2066.5187273827323
2,1000,11,GNNLXSSA,60,1590.0,2066.5187273827323
2,1000,11,GNNLXSSA,61,1604.0,2063.501812686867
2,1000,11,GNNLXSSA,62,1617.0,2047.3294791205772
2,1000,11,GNNLXSSA,63,1630.0,2034.4258732981834
2,1000,11,GNNLXSSA,64,1644.0,2032.7578355579244
2,1000,11,GNNLXSSA,65,1658.0,2026.2572147697792
2,1000,11,GNNLXSSA,66,1671.0,2026.2572147697792
2,1000,11,GNNLXSSA,67,1684.0,2010.2007528655158
2,1000,11,GNNLXSSA,68,1697.0,1984.90100500251
2,1000,11,GNNLXSSA,69,1711.0,1984.90100500251
2,1000,11,GNNLXSSA,70,1724.0,1984.90100500251
2,1000,11,GNNLXSSA,71,1738.0,1984.90100500251
2,1000,11,GNNLXSSA,72,1752.0,1984.0765417568036
2,1000,11,GNNLXSSA,73,1765.0,1983.3675403559755
2,1000,11,GNNLXSSA,74,1779.0,1982.8140544949274
2,1000,11,GNNLXSSA,75,1793.0,1982.8140544949274
2,1000,11,GNNLXSSA,76,1807.0,1982.8040414595816
2,1000,11,GNNLXSSA,77,1821.0,1982.1214547578056
2,1000,11,GNNLXSSA,78,1834.0,1982.1214547578056
2,1000,11,GNNLXSSA,79,1848.0,1981.7387797734918
2,1000,11,GNNLXSSA,80,1862.0,1977.699788111815
2,1000,11,GNNLXSSA,81,1876.0,1977.686977453166
2,1000,11,GNNLXSSA,82,1890.0,1977.2976326968273
2,1000,11,GNNLXSSA,83,1902.0,1977.063169951034
2,1000,11,GNNLXSSA,84,1916.0,1977.036295823942
2,1000,11,GNNLXSSA,85,1930.0,1977.036295823942
2,1000,11,GNNLXSSA,86,1944.0,1977.036295823942
2,1000,11,GNNLXSSA,87,1958.0,1976.9852660240504
2,1000,11,GNNLXSSA,88,1972.0,1976.9328768428968
2,1000,11,GNNLXSSA,89,1986.0,1976.9328768428968
2,1000,11,GNNLXSSA,90,2000.0,1976.7338604659963
2,1000,11,GNNLXSSA,91,2014.0,1976.7320278583575
2,1000,11,GNNLXSSA,92,2027.0,1976.7300416859289
2,1000,11,GNNLXSSA,93,2039.0,1974.9688138740603
2,1000,11,GNNLXSSA,94,2053.0,1974.9538762057055
2,1000,11,GNNLXSSA,95,2066.0,1974.9538762057055
2,1000,11,GNNLXSSA,96,2080.0,1974.9030835067533
2,1000,11,GNNLXSSA,97,2094.0,1974.9027941759705
2,1000,11,GNNLXSSA,98,2108.0,1974.9013182906638
2,1000,11,GNNLXSSA,99,2122.0,1974.880630449974
2,1000,11,GNNLXSSA,100,2136.0,1974.8398662721738
2,1000,11,LXSSA_REPAIR,0,30.0,3417.4586641299684
2,1000,11,LXSSA_REPAIR,1,90.0,3086.0942956216895
2,1000,11,LXSSA_REPAIR,2,150.0,2797.9586722529784
2,1000,11,LXSSA_REPAIR,3,210.0,2664.1525382379114
2,1000,11,LXSSA_REPAIR,4,270.0,2571.491968360475
2,1000,11,LXSSA_REPAIR,5,330.0,2469.673362807953
2,1000,11,LXSSA_REPAIR,6,390.0,2409.0629343351757
2,1000,11,LXSSA_REPAIR,7,450.0,2358.003095302258
2,1000,11,LXSSA_REPAIR,8,510.0,2290.0012983193956
2,1000,11,LXSSA_REPAIR,9,570.0,2255.9619664105267
2,1000,11,LXSSA_REPAIR,10,630.0,2206.7027322954746
2,1000,11,LXSSA_REPAIR,11,690.0,2181.8719557623917
2,1000,11,LXSSA_REPAIR,12,750.0,2166.3884824468114
2,1000,11,LXSSA_REPAIR,13,810.0,2157.5384635576556
2,1000,11,LXSSA_REPAIR,14,870.0,2155.317905106902
2,1000,11,LXSSA_REPAIR,15,930.0,2124.594020577708
2,1000,11,LXSSA_REPAIR,16,990.0,2114.7661404703686
2,1000,11,LXSSA_REPAIR,17,1050.0,2111.568473276464
2,1000,11,LXSSA_REPAIR,18,1110.0,2088.9645206961286
2,1000,11,LXSSA_REPAIR,19,1170.0,2046.7445852323435
2,1000,11,LXSSA_REPAIR,20,1230.0,2043.2081306023974
2,1000,11,LXSSA_REPAIR,21,1290.0,2038.3793660140218
2,1000,11,LXSSA_REPAIR,22,1350.0,2001.3470564817762
2,1000,11,LXSSA_REPAIR,23,1410.0,2000.6729312746102
2,1000,11,LXSSA_REPAIR,24,1470.0,1987.2042833891974
2,1000,11,LXSSA_REPAIR,25,1530.0,1980.3571652155806
2,1000,11,LXSSA_REPAIR,26,1590.0,1970.6313739398756
2,1000,11,LXSSA_REPAIR,27,1650.0,1960.624791047514
2,1000,11,LXSSA_REPAIR,28,1710.0,1941.731820238645
2,1000,11,LXSSA_REPAIR,29,1770.0,1935.8363527172041
2,1000,11,LXSSA_REPAIR,30,1830.0,1913.447324253866
2,1000,11,LXSSA_REPAIR,31,1890.0,1912.4065592032857
2,1000,11,LXSSA_REPAIR,32,1950.0,1911.103942537331
2,1000,11,LXSSA_REPAIR,33,2010.0,1881.9187617587013
2,1000,11,LXSSA_REPAIR,34,2070.0,1873.4464129324697
2,1000,11,LXSSA_REPAIR,35,2130.0,1870.841184533725
2,1000,11,LXSSA_REPAIR,36,2190.0,1856.0759964338067
2,1000,11,LXSSA_REPAIR,37,2250.0,1838.6535637036795
2,1000,11,LXSSA_REPAIR,38,2310.0,1823.3132050703643
2,1000,11,LXSSA_REPAIR,39,2370.0,1821.072347498448
2,1000,11,LXSSA_REPAIR,40,2430.0,1818.1700502990643
2,1000,11,LXSSA_REPAIR,41,2490.0,1814.2601355801962
2,1000,11,LXSSA_REPAIR,42,2550.0,1810.2461769939036
2,1000,11,LXSSA_REPAIR,43,2610.0,1807.7540908478986
2,1000,11,LXSSA_REPAIR,44,2670.0,1803.5659954899966
2,1000,11,LXSSA_REPAIR,45,2730.0,1799.6119670721455
2,1000,11,LXSSA_REPAIR,46,2790.0,1793.172405268182
2,1000,11,LXSSA_REPAIR,47,2850.0,1789.875967615386
2,1000,11,LXSSA_REPAIR,48,2910.0,1788.612796848378
2,1000,11,LXSSA_REPAIR,49,2970.0,1784.4361268227585
2,1000,11,LXSSA_REPAIR,50,3030.0,1782.5326427594555
2,1000,11,LXSSA_REPAIR,51,3090.0,1772.8738962687494
2,1000,11,LXSSA_REPAIR,52,3150.0,1770.0732740602107
2,1000,11,LXSSA_REPAIR,53,3210.0,1759.898758057614
2,1000,11,LXSSA_REPAIR,54,3270.0,1757.350562558975
2,1000,11,LXSSA_REPAIR,55,3330.0,1755.4751102064474
2,1000,11,LXSSA_REPAIR,56,3390.0,1752.0952987237615
2,1000,11,LXSSA_REPAIR,57,3450.0,1750.34269585344
2,1000,11,LXSSA_REPAIR,58,3510.0,1739.4338805623556
2,1000,11,LXSSA_REPAIR,59,3570.0,1738.438650018783
2,1000,11,LXSSA_REPAIR,60,3630.0,1737.1825824780826
2,1000,11,LXSSA_REPAIR,61,3690.0,1731.8189525047055
2,1000,11,LXSSA_REPAIR,62,3750.0,1727.4463310203573
2,1000,11,LXSSA_REPAIR,63,3810.0,1725.6265906771441
2,1000,11,LXSSA_REPAIR,64,3870.0,1724.134444470721
2,1000,11,LXSSA_REPAIR,65,3930.0,1714.303806070675
2,1000,11,LXSSA_REPAIR,66,3990.0,1706.4206313910472
2,1000,11,LXSSA_REPAIR,67,4050.0,1703.9843783626857
2,1000,11,LXSSA_REPAIR,68,4110.0,1698.3542816994886
2,1000,11,LXSSA_REPAIR,69,4170.0,1692.0836494399337
2,1000,11,LXSSA_REPAIR,70,4230.0,1686.8595641099892
2,1000,11,LXSSA_REPAIR,71,4290.0,1680.8042320738314
2,1000,11,LXSSA_REPAIR,72,4350.0,1675.6971889036286
2,1000,11,LXSSA_REPAIR,73,4410.0,1672.2404089390839
2,1000,11,LXSSA_REPAIR,74,4470.0,1668.5778591155176
2,1000,11,LXSSA_REPAIR,75,4530.0,1666.4610867691808
2,1000,11,LXSSA_REPAIR,76,4590.0,1665.7355711937125
2,1000,11,LXSSA_REPAIR,77,4650.0,1665.1132226817717
2,1000,11,LXSSA_REPAIR,78,4710.0,1664.1499695069215
2,1000,11,LXSSA_REPAIR,79,4770.0,1663.745409939802
2,1000,11,LXSSA_REPAIR,80,4830.0,1662.2099879172456
2,1000,11,LXSSA_REPAIR,81,4890.0,1659.0122686608083
2,1000,11,LXSSA_REPAIR,82,4950.0,1658.3144448203966
2,1000,11,LXSSA_REPAIR,83,5010.0,1658.1714270338634
2,1000,11,LXSSA_REPAIR,84,5070.0,1653.7735373636824
2,1000,11,LXSSA_REPAIR,85,5130.0,1652.1434014536426
2,1000,11,LXSSA_REPAIR,86,5190.0,1651.5195852592587
2,1000,11,LXSSA_REPAIR,87,5250.0,1651.270750514239
2,1000,11,LXSSA_REPAIR,88,5310.0,1651.0697817166147
2,1000,11,LXSSA_REPAIR,89,5370.0,1650.8990927344712
2,1000,11,LXSSA_REPAIR,90,5430.0,1650.6108609522053
2,1000,11,LXSSA_REPAIR,91,5490.0,1649.7032713386288
2,1000,11,LXSSA_REPAIR,92,5550.0,1649.3890328870184
2,1000,11,LXSSA_REPAIR,93,5610.0,1649.3499935326836
2,1000,11,LXSSA_REPAIR,94,5670.0,1649.3348634442154
2,1000,11,LXSSA_REPAIR,95,5730.0,1649.273229590086
2,1000,11,LXSSA_REPAIR,96,5790.0,1649.2438776387717
2,1000,11,LXSSA_REPAIR,97,5850.0,1649.2043500065847
2,1000,11,LXSSA_REPAIR,98,5910.0,1649.1714973289781
2,1000,11,LXSSA_REPAIR,99,5970.0,1649.1535095973159
2,1000,11,LXSSA_REPAIR,100,6030.0,1649.124583994526
2,1000,12,GNNLXSSA,0,30.0,4180.5262724385975
2,1000,12,GNNLXSSA,1,851.0,3838.4422057375486
2,1000,12,GNNLXSSA,2,865.0,3693.256786402657
2,1000,12,GNNLXSSA,3,879.0,3528.9757587403874
2,1000,12,GNNLXSSA,4,892.0,3528.9757587403874
2,1000,12,GNNLXSSA,5,905.0,3397.132475186372
2,1000,12,GNNLXSSA,6,918.0,3369.8773334357174
2,1000,12,GNNLXSSA,7,932.0,3342.8377473811634
2,1000,12,GNNLXSSA,8,946.0,3318.5068373171453
2,1000,12,GNNLXSSA,9,960.0,3307.1822032151467
2,1000,12,GNNLXSSA,10,974.0,3276.9304383130875
2,1000,12,GNNLXSSA,11,987.0,3239.4410071367456
2,1000,12,GNNLXSSA,12,1000.0,3231.033544499034
2,1000,12,GNNLXSSA,13,1013.0,3231.033544499034
2,1000,12,GNNLXSSA,14,1027.0,3231.033544499034
2,1000,12,GNNLXSSA,15,1041.0,3231.033544499034
2,1000,12,GNNLXSSA,16,1055.0,3184.1609542428923
2,1000,12,GNNLXSSA,17,1068.0,3151.508302321221
2,1000,12,GNNLXSSA,18,1081.0,3151.508302321221
2,1000,12,GNNLXSSA,19,1095.0,3128.8461856322538
2,1000,12,GNNLXSSA,20,1109.0,3127.7389846151636
2,1000,12,GNNLXSSA,21,1123.0,3082.803638842623
2,1000,12,GNNLXSSA,22,1136.0,3072.5997834217965
2,1000,12,GNNLXSSA,23,1150.0,3072.5997834217965
2,1000,12,GNNLXSSA,24,1163.0,3047.9286559053435
2,1000,12,GNNLXSSA,25,1177.0,3047.9286559053435
2,1000,12,GNNLXSSA,26,1190.0,3047.9286559053435
2,1000,12,GNNLXSSA,27,1204.0,3047.9286559053435
2,1000,12,GNNLXSSA,28,1218.0,3047.9286559053435
2,1000,12,GNNLXSSA,29,1231.0,3047.9286559053435
2,1000,12,GNNLXSSA,30,1244.0,3047.9286559053435
2,1000,12,GNNLXSSA,31,1258.0,3025.535593923487
2,1000,12,GNNLXSSA,32,1271.0,3025.535593923487
2,1000,12,GNNLXSSA,33,1283.0,3025.535593923487
2,1000,12,GNNLXSSA,34,1297.0,3025.535593923487
2,1000,12,GNNLXSSA,35,1311.0,3025.535593923487
2,1000,12,GNNLXSSA,36,1325.0,2986.061689985472
2,1000,12,GNNLXSSA,37,1339.0,2986.061689985472
2,1000,12,GNNLXSSA,38,1353.0,2986.061689985472
2,1000,12,GNNLXSSA,39,1367.0,2978.0207082561683
2,1000,12,GNNLXSSA,40,1380.0,2978.0207082561683
2,1000,12,GNNLXSSA,41,1393.0,2978.0207082561683
2,1000,12,GNNLXSSA,42,1406.0,2978.0207082561683
2,1000,12,GNNLXSSA,43,1419.0,2978.0207082561683
2,1000,12,GNNLXSSA,44,1433.0,2946.3504729958513
2,1000,12,GNNLXSSA,45,1447.0,2946.3504729958513
2,1000,12,GNNLXSSA,46,1460.0,2936.232001023469
2,1000,12,GNNLXSSA,47,1473.0,2926.214677223892
2,1000,12,GNNLXSSA,48,1487.0,2926.214677223892
2,1000,12,GNNLXSSA,49,1501.0,2926.214677223892
2,1000,12,GNNLXSSA,50,1515.0,2889.288540155845
2,1000,12,GNNLXSSA,51,1529.0,2889.288540155845
2,1000,12,GNNLXSSA,52,1543.0,2889.288540155845
2,1000,12,GNNLXSSA,53,1557.0,2889.288540155845
2,1000,12,GNNLXSSA,54,1571.0,2889.288540155845
2,1000,12,GNNLXSSA,55,1585.0,2875.6617564983026
2,1000,12,GNNLXSSA,56,1597.0,2853.5806167035116
2,1000,12,GNNLXSSA,57,1611.0,2830.6630518130332
2,1000,12,GNNLXSSA,58,1624.0,2818.7607322046606
2,1000,12,GNNLXSSA,59,1638.0,2818.7607322046606
2,1000,12,GNNLXSSA,60,1652.0,2796.1895196565383
2,1000,12,GNNLXSSA,61,1666.0,2790.525622735913
2,1000,12,GNNLXSSA,62,1679.0,2790.525622735913
2,1000,12,GNNLXSSA,63,1691.0,2790.525622735913
2,1000,12,GNNLXSSA,64,1705.0,2790.525622735913
2,1000,12,GNNLXSSA,65,1719.0,2790.2106584603316
2,1000,12,GNNLXSSA,66,1733.0,2790.2106584603316
2,1000,12,GNNLXSSA,67,1747.0,2790.2106584603316
2,1000,12,GNNLXSSA,68,1761.0,2790.2106584603316
2,1000,12,GNNLXSSA,69,1775.0,2766.169446895816
2,1000,12,GNNLXSSA,70,1789.0,2766.169446895816
2,1000,12,GNNLXSSA,71,1802.0,2766.169446895816
2,1000,12,GNNLXSSA,72,1815.0,2765.779100507156
2,1000,12,GNNLXSSA,73,1829.0,2765.779100507156
2,1000,12,GNNLXSSA,74,1842.0,2765.354531635159
2,1000,12,GNNLXSSA,75,1856.0,2765.354531635159
2,1000,12,GNNLXSSA,76,1870.0,2765.354531635159
2,1000,12,GNNLXSSA,77,1883.0,2734.2352145030673
2,1000,12,GNNLXSSA,78,1897.0,2732.405500445835
2,1000,12,GNNLXSSA,79,1910.0,2729.58374749832
2,1000,12,GNNLXSSA,80,1924.0,2727.478439426617
2,1000,12,GNNLXSSA,81,1937.0,2727.2798384226044
2,1000,12,GNNLXSSA,82,1951.0,2725.9616286680975
2,1000,12,GNNLXSSA,83,1964.0,2725.9132094274537
2,1000,12,GNNLXSSA,84,1977.0,2725.778441302442
2,1000,12,GNNLXSSA,85,1991.0,2720.5489287563105
2,1000,12,GNNLXSSA,86,2005.0,2694.992109293824
2,1000,12,GNNLXSSA,87,2017.0,2694.983497526351
2,1000,12,GNNLXSSA,88,2031.0,2694.9516942301634
2,1000,12,GNNLXSSA,89,2045.0,2694.7898564823845
2,1000,12,GNNLXSSA,90,2059.0,2694.7880236939673
2,1000,12,GNNLXSSA,91,2072.0,2694.7880236939673
2,1000,12,GNNLXSSA,92,2086.0,2694.780212862024
2,1000,12,GNNLXSSA,93,2100.0,2693.783439309569
2,1000,12,GNNLXSSA,94,2113.0,2693.385047667871
2,1000,12,GNNLXSSA,95,2127.0,2693.385047667871
2,1000,12,GNNLXSSA,96,2140.0,2692.804246008156
2,1000,12,GNNLXSSA,97,2153.0,2692.319737771839
2,1000,12,GNNLXSSA,98,2166.0,2692.319737771839
2,1000,12,GNNLXSSA,99,2180.0,2692.319737771839
2,1000,12,GNNLXSSA,100,2194.0,2692.3195940041987
2,1000,12,LXSSA_REPAIR,0,30.0,4270.0259615628165
2,1000,12,LXSSA_REPAIR,1,90.0,4080.758612196558
2,1000,12,LXSSA_REPAIR,2,150.0,3712.838590933963
2,1000,12,LXSSA_REPAIR,3,210.0,3562.2712521205976
2,1000,12,LXSSA_REPAIR,4,270.0,3483.8915163480997
2,1000,12,LXSSA_REPAIR,5,330.0,3430.445587532151
2,1000,12,LXSSA_REPAIR,6,390.0,3224.3355502300838
2,1000,12,LXSSA_REPAIR,7,450.0,3183.767735364796
2,1000,12,LXSSA_REPAIR,8,510.0,3148.324877094383
2,1000,12,LXSSA_REPAIR,9,570.0,3122.90153672445
2,1000,12,LXSSA_REPAIR,10,630.0,3092.2611407675504
2,1000,12,LXSSA_REPAIR,11,690.0,3063.2106053914977
2,1000,12,LXSSA_REPAIR,12,750.0,3022.738172232483
2,1000,12,LXSSA_REPAIR,13,810.0,3022.738172232483
2,1000,12,LXSSA_REPAIR,14,870.0,2995.649699448244
2,1000,12,LXSSA_REPAIR,15,930.0,2947.9814970181324
2,1000,12,LXSSA_REPAIR,16,990.0,2840.340666610966
2,1000,12,LXSSA_REPAIR,17,1050.0,2772.3049693744906
2,1000,12,LXSSA_REPAIR,18,1110.0,2771.808261687409
2,1000,12,LXSSA_REPAIR,19,1170.0,2758.9502552732374
2,1000,12,LXSSA_REPAIR,20,1230.0,2705.7559119939324
2,1000,12,LXSSA_REPAIR,21,1290.0,2672.3402264582473
2,1000,12,LXSSA_REPAIR,22,1350.0,2658.370929459059
2,1000,12,LXSSA_REPAIR,23,1410.0,2656.4782392647903
2,1000,12,LXSSA_REPAIR,24,1470.0,2647.8277610838777
2,1000,12,LXSSA_REPAIR,25,1530.0,2640.6399844681437
2,1000,12,LXSSA_REPAIR,26,1590.0,2640.4667917527113
2,1000,12,LXSSA_REPAIR,27,1650.0,2632.055603478504
2,1000,12,LXSSA_REPAIR,28,1710.0,2598.2940364316964
2,1000,12,LXSSA_REPAIR,29,1770.0,2558.0900325952534
2,1000,12,LXSSA_REPAIR,30,1830.0,2538.7285045729877
2,1000,12,LXSSA_REPAIR,31,1890.0,2523.986544786385
2,1000,12,LXSSA_REPAIR,32,1950.0,2497.1431691379257
2,1000,12,LXSSA_REPAIR,33,2010.0,2489.10983659287
2,1000,12,LXSSA_REPAIR,34,2070.0,2487.497299789953
2,1000,12,LXSSA_REPAIR,35,2130.0,2484.8159730855696
2,1000,12,LXSSA_REPAIR,36,2190.0,2449.3417188676394
2,1000,12,LXSSA_REPAIR,37,2250.0,2432.51308003367
2,1000,12,LXSSA_REPAIR,38,2310.0,2429.530122926888
2,1000,12,LXSSA_REPAIR,39,2370.0,2429.2989019977176
2,1000,12,LXSSA_REPAIR,40,2430.0,2411.489090414143
2,1000,12,LXSSA_REPAIR,41,2490.0,2408.3301871140357
2,1000,12,LXSSA_REPAIR,42,2550.0,2399.5276691287218
2,1000,12,LXSSA_REPAIR,43,2610.0,2398.0747697295883
2,1000,12,LXSSA_REPAIR,44,2670.0,2389.815872435167
2,1000,12,LXSSA_REPAIR,45,2730.0,2379.416760215674
2,1000,12,LXSSA_REPAIR,46,2790.0,2369.79722345544
2,1000,12,LXSSA_REPAIR,47,2850.0,2363.3579118200723
2,1000,12,LXSSA_REPAIR,48,2910.0,2359.118810631706
2,1000,12,LXSSA_REPAIR,49,2970.0,2355.7676678879798
2,1000,12,LXSSA_REPAIR,50,3030.0,2348.0211923895185
2,1000,12,LXSSA_REPAIR,51,3090.0,2342.117923913749
2,1000,12,LXSSA_REPAIR,52,3150.0,2337.650633864192
2,1000,12,LXSSA_REPAIR,53,3210.0,2336.6194116532424
2,1000,12,LXSSA_REPAIR,54,3270.0,2334.1464005732123
2,1000,12,LXSSA_REPAIR,55,3330.0,2332.610767768718
2,1000,12,LXSSA_REPAIR,56,3390.0,2329.8251087973185
2,1000,12,LXSSA_REPAIR,57,3450.0,2329.6627328436007
2,1000,12,LXSSA_REPAIR,58,3510.0,2318.1275314497107
2,1000,12,LXSSA_REPAIR,59,3570.0,2316.800954334278
2,1000,12,LXSSA_REPAIR,60,3630.0,2313.26840386392
2,1000,12,LXSSA_REPAIR,61,3690.0,2312.122156773112
2,1000,12,LXSSA_REPAIR,62,3750.0,2310.5865422597853
2,1000,12,LXSSA_REPAIR,63,3810.0,2308.527679006642
2,1000,12,LXSSA_REPAIR,64,3870.0,2304.7571162782115
2,1000,12,LXSSA_REPAIR,65,3930.0,2302.72683646065
2,1000,12,LXSSA_REPAIR,66,3990.0,2300.850186715965
2,1000,12,LXSSA_REPAIR,67,4050.0,2299.962389606102
2,1000,12,LXSSA_REPAIR,68,4110.0,2290.0797732730134
2,1000,12,LXSSA_REPAIR,69,4170.0,2284.430403086182
2,1000,12,LXSSA_REPAIR,70,4230.0,2282.936980257473
2,1000,12,LXSSA_REPAIR,71,4290.0,2282.8430746993254
2,1000,12,LXSSA_REPAIR,72,4350.0,2279.7247404877417
2,1000,12,LXSSA_REPAIR,73,4410.0,2272.68089721632
2,1000,12,LXSSA_REPAIR,74,4470.0,2264.6406329601887
2,1000,12,LXSSA_REPAIR,75,4530.0,2262.8774634298024
2,1000,12,LXSSA_REPAIR,76,4590.0,2258.772631803913
2,1000,12,LXSSA_REPAIR,77,4650.0,2255.5331367112667
2,1000,12,LXSSA_REPAIR,78,4710.0,2253.8170355871844
2,1000,12,LXSSA_REPAIR,79,4770.0,2252.983452126231
2,1000,12,LXSSA_REPAIR,80,4830.0,2251.197147717219
2,1000,12,LXSSA_REPAIR,81,4890.0,2248.0052518373777
2,1000,12,LXSSA_REPAIR,82,4950.0,2247.3170456213556
2,1000,12,LXSSA_REPAIR,83,5010.0,2246.574723553007
2,1000,12,LXSSA_REPAIR,84,5070.0,2245.3632702801697
2,1000,12,LXSSA_REPAIR,85,5130.0,2243.297345703664
2,1000,12,LXSSA_REPAIR,86,5190.0,2243.054389121622
2,1000,12,LXSSA_REPAIR,87,5250.0,2242.9530002765605
2,1000,12,LXSSA_REPAIR,88,5310.0,2242.8609308724845
2,1000,12,LXSSA_REPAIR,89,5370.0,2242.5772800489212
2,1000,12,LXSSA_REPAIR,90,5430.0,2242.5432507607184
2,1000,12,LXSSA_REPAIR,91,5490.0,2242.5336946619936
2,1000,12,LXSSA_REPAIR,92,5550.0,2242.4892693094807
2,1000,12,LXSSA_REPAIR,93,5610.0,2242.391752503325
2,1000,12,LXSSA_REPAIR,94,5670.0,2242.2717767258364
2,1000,12,LXSSA_REPAIR,95,5730.0,2242.1673867474237
2,1000,12,LXSSA_REPAIR,96,5790.0,2242.1415780347743
2,1000,12,LXSSA_REPAIR,97,5850.0,2242.0939193124505
2,1000,12,LXSSA_REPAIR,98,5910.0,2242.0856945587075
2,1000,12,LXSSA_REPAIR,99,5970.0,2242.073875586808
2,1000,12,LXSSA_REPAIR,100,6030.0,2242.0589974991017
2,1000,13,GNNLXSSA,0,30.0,5060.862493387482
2,1000,13,GNNLXSSA,1,916.0,4761.451549775127
2,1000,13,GNNLXSSA,2,930.0,4703.846788938303
2,1000,13,GNNLXSSA,3,944.0,4673.078117662721
2,1000,13,GNNLXSSA,4,957.0,4542.409245519353
2,1000,13,GNNLXSSA,5,971.0,4384.26898209934
2,1000,13,GNNLXSSA,6,983.0,4384.26898209934
2,1000,13,GNNLXSSA,7,995.0,4361.762416145502
2,1000,13,GNNLXSSA,8,1008.0,4271.096262683852
2,1000,13,GNNLXSSA,9,1020.0,4207.068009690651
2,1000,13,GNNLXSSA,10,1034.0,4207.068009690651
2,1000,13,GNNLXSSA,11,1048.0,4030.1136444176955
2,1000,13,GNNLXSSA,12,1061.0,4013.3794747895226
2,1000,13,GNNLXSSA,13,1075.0,3987.978673284073
2,1000,13,GNNLXSSA,14,1089.0,3987.978673284073
2,1000,13,GNNLXSSA,15,1103.0,3976.0106148514533
2,1000,13,GNNLXSSA,16,1116.0,3976.0106148514533
2,1000,13,GNNLXSSA,17,1130.0,3948.7113595036353
2,1000,13,GNNLXSSA,18,1143.0,3947.1543432331673
2,1000,13,GNNLXSSA,19,1157.0,3901.9852997675334
2,1000,13,GNNLXSSA,20,1171.0,3897.157605097891
2,1000,13,GNNLXSSA,21,1184.0,3828.5442460795894
2,1000,13,GNNLXSSA,22,1198.0,3797.9561111116054
2,1000,13,GNNLXSSA,23,1211.0,3788.5002016319995
2,1000,13,GNNLXSSA,24,1223.0,3788.5002016319995
2,1000,13,GNNLXSSA,25,1237.0,3759.6250658852878
2,1000,13,GNNLXSSA,26,1251.0,3754.5184199523283
2,1000,13,GNNLXSSA,27,1264.0,3754.5184199523283
2,1000,13,GNNLXSSA,28,1277.0,3738.3495916691463
2,1000,13,GNNLXSSA,29,1290.0,3716.286894978228
2,1000,13,GNNLXSSA,30,1302.0,3678.335712571039
2,1000,13,GNNLXSSA,31,1316.0,3623.5185087479986
2,1000,13,GNNLXSSA,32,1330.0,3622.478585834506
2,1000,13,GNNLXSSA,33,1343.0,3622.478585834506
2,1000,13,GNNLXSSA,34,1356.0,3622.478585834506
2,1000,13,GNNLXSSA,35,1369.0,3584.7233638067264
2,1000,13,GNNLXSSA,36,1383.0,3580.44597717742
2,1000,13,GNNLXSSA,37,1396.0,3580.44597717742
2,1000,13,GNNLXSSA,38,1410.0,3580.44597717742
2,1000,13,GNNLXSSA,39,1424.0,3580.44597717742
2,1000,13,GNNLXSSA,40,1438.0,3549.1876655989836
2,1000,13,GNNLXSSA,41,1452.0,3525.69219057179
2,1000,13,GNNLXSSA,42,1465.0,3525.69219057179
2,1000,13,GNNLXSSA,43,1479.0,3525.69219057179
2,1000,13,GNNLXSSA,44,1493.0,3523.3507892875787
2,1000,13,GNNLXSSA,45,1507.0,3523.3507892875787
2,1000,13,GNNLXSSA,46,1521.0,3514.9134379235547
2,1000,13,GNNLXSSA,47,1535.0,3507.127765757308
2,1000,13,GNNLXSSA,48,1548.0,3507.127765757308
2,1000,13,GNNLXSSA,49,1562.0,3493.9601340920635
2,1000,13,GNNLXSSA,50,1574.0,3479.3327279936493
2,1000,13,GNNLXSSA,51,1587.0,3459.468990478541
2,1000,13,GNNLXSSA,52,1601.0,3459.468990478541
2,1000,13,GNNLXSSA,53,1615.0,3459.468990478541
2,1000,13,GNNLXSSA,54,1628.0,3449.053925404136
2,1000,13,GNNLXSSA,55,1642.0,3445.359804329564
2,1000,13,GNNLXSSA,56,1656.0,3435.4674912814226
2,1000,13,GNNLXSSA,57,1670.0,3432.5874867324746
2,1000,13,GNNLXSSA,58,1684.0,3432.5874867324746
2,1000,13,GNNLXSSA,59,1697.0,3432.5874867324746
2,1000,13,GNNLXSSA,60,1711.0,3432.5874867324746
2,1000,13,GNNLXSSA,61,1724.0,3432.5874867324746
2,1000,13,GNNLXSSA,62,1737.0,3415.838912210893
2,1000,13,GNNLXSSA,63,1751.0,3415.626395572377
2,1000,13,GNNLXSSA,64,1765.0,3395.21450120151
2,1000,13,GNNLXSSA,65,1778.0,3391.009396598798
2,1000,13,GNNLXSSA,66,1792.0,3391.009396598798
2,1000,13,GNNLXSSA,67,1805.0,3391.009396598798
2,1000,13,GNNLXSSA,68,1819.0,3389.997306848789
2,1000,13,GNNLXSSA,69,1833.0,3389.6852572290736
2,1000,13,GNNLXSSA,70,1847.0,3385.1642753657943
2,1000,13,GNNLXSSA,71,1861.0,3385.1642753657943
2,1000,13,GNNLXSSA,72,1875.0,3385.1642753657943
2,1000,13,GNNLXSSA,73,1889.0,3383.508018575958
2,1000,13,GNNLXSSA,74,1902.0,3380.9254498847367
2,1000,13,GNNLXSSA,75,1916.0,3380.9254498847367
2,1000,13,GNNLXSSA,76,1930.0,3380.4123317504273
2,1000,13,GNNLXSSA,77,1944.0,3376.846880515259
2,1000,13,GNNLXSSA,78,1958.0,3365.1091629830407
2,1000,13,GNNLXSSA,79,1972.0,3365.1091629830407
2,1000,13,GNNLXSSA,80,1985.0,3365.1091629830407
2,1000,13,GNNLXSSA,81,1999.0,3365.1091629830407
2,1000,13,GNNLXSSA,82,2013.0,3363.838095330495
2,1000,13,GNNLXSSA,83,2026.0,3356.3729201167516
2,1000,13,GNNLXSSA,84,2039.0,3347.9812482818525
2,1000,13,GNNLXSSA,85,2052.0,3341.217509624832
2,1000,13,GNNLXSSA,86,2066.0,3341.217509624832
2,1000,13,GNNLXSSA,87,2079.0,3341.217509624832
2,1000,13,GNNLXSSA,88,2093.0,3341.217509624832
2,1000,13,GNNLXSSA,89,2107.0,3341.217509624832
2,1000,13,GNNLXSSA,90,2121.0,3341.217509624832
2,1000,13,GNNLXSSA,91,2134.0,3335.8408098109285
2,1000,13,GNNLXSSA,92,2147.0,3335.8408098109285
2,1000,13,GNNLXSSA,93,2161.0,3334.974146647066
2,1000,13,GNNLXSSA,94,2174.0,3334.974146647066
2,1000,13,GNNLXSSA,95,2188.0,3334.974146647066
2,1000,13,GNNLXSSA,96,2202.0,3330.168451737918
2,1000,13,GNNLXSSA,97,2216.0,3328.734439779044
2,1000,13,GNNLXSSA,98,2230.0,3328.650131135728
2,1000,13,GNNLXSSA,99,2244.0,3328.3152792737164
2,1000,13,GNNLXSSA,100,2258.0,3328.3152792737164
2,1000,13,LXSSA_REPAIR,0,30.0,5019.167071233242
2,1000,13,LXSSA_REPAIR,1,90.0,4786.9536603594825
2,1000,13,LXSSA_REPAIR,2,150.0,4464.388005958601
2,1000,13,LXSSA_REPAIR,3,210.0,4293.199038762483
2,1000,13,LXSSA_REPAIR,4,270.0,4273.76152604368
2,1000,13,LXSSA_REPAIR,5,330.0,4134.74165097627
2,1000,13,LXSSA_REPAIR,6,390.0,4071.5084860539864
2,1000,13,LXSSA_REPAIR,7,450.0,4015.697653971234
2,1000,13,LXSSA_REPAIR,8,510.0,3970.103680559492
2,1000,13,LXSSA_REPAIR,9,570.0,3929.621154098124
2,1000,13,LXSSA_REPAIR,10,630.0,3913.274804138542
2,1000,13,LXSSA_REPAIR,11,690.0,3893.3901460127745
2,1000,13,LXSSA_REPAIR,12,750.0,3885.7123525668285
2,1000,13,LXSSA_REPAIR,13,810.0,3869.658380465771
2,1000,13,LXSSA_REPAIR,14,870.0,3849.8271395263873
2,1000,13,LXSSA_REPAIR,15,930.0,3819.4805680018617
2,1000,13,LXSSA_REPAIR,16,990.0,3796.361553754323
2,1000,13,LXSSA_REPAIR,17,1050.0,3795.991159127756
2,1000,13,LXSSA_REPAIR,18,1110.0,3736.957842511467
2,1000,13,LXSSA_REPAIR,19,1170.0,3730.6544074404883
2,1000,13,LXSSA_REPAIR,20,1230.0,3727.214022585773
2,1000,13,LXSSA_REPAIR,21,1290.0,3723.323878327843
2,1000,13,LXSSA_REPAIR,22,1350.0,3675.6001090020363
2,1000,13,LXSSA_REPAIR,23,1410.0,3663.535103502494
2,1000,13,LXSSA_REPAIR,24,1470.0,3656.5339846224088
2,1000,13,LXSSA_REPAIR,25,1530.0,3631.2234660482573
2,1000,13,LXSSA_REPAIR,26,1590.0,3630.5266979771914
2,1000,13,LXSSA_REPAIR,27,1650.0,3629.3845293893683
2,1000,13,LXSSA_REPAIR,28,1710.0,3624.3839227667704
2,1000,13,LXSSA_REPAIR,29,1770.0,3607.3521531841398
2,1000,13,LXSSA_REPAIR,30,1830.0,3573.3186544024065
2,1000,13,LXSSA_REPAIR,31,1890.0,3539.5007914019006
2,1000,13,LXSSA_REPAIR,32,1950.0,3514.2231337571357
2,1000,13,LXSSA_REPAIR,33,2010.0,3490.3087477615045
2,1000,13,LXSSA_REPAIR,34,2070.0,3475.7249512532653
2,1000,13,LXSSA_REPAIR,35,2130.0,3464.774449306882
2,1000,13,LXSSA_REPAIR,36,2190.0,3446.7931263101636
2,1000,13,LXSSA_REPAIR,37,2250.0,3433.7319483600586
2,1000,13,LXSSA_REPAIR,38,2310.0,3421.683622254539
2,1000,13,LXSSA_REPAIR,39,2370.0,3377.242738144021
2,1000,13,LXSSA_REPAIR,40,2430.0,3342.7377235686945
2,1000,13,LXSSA_REPAIR,41,2490.0,3321.562078580013
2,1000,13,LXSSA_REPAIR,42,2550.0,3313.628733751815
2,1000,13,LXSSA_REPAIR,43,2610.0,3307.7663257672975
2,1000,13,LXSSA_REPAIR,44,2670.0,3275.94709112696
2,1000,13,LXSSA_REPAIR,45,2730.0,3274.0062278351543
2,1000,13,LXSSA_REPAIR,46,2790.0,3272.203378576145
2,1000,13,LXSSA_REPAIR,47,2850.0,3269.5177302870143
2,1000,13,LXSSA_REPAIR,48,2910.0,3269.4341464519384
2,1000,13,LXSSA_REPAIR,49,2970.0,3268.4750749894665
2,1000,13,LXSSA_REPAIR,50,3030.0,3252.910293859619
2,1000,13,LXSSA_REPAIR,51,3090.0,3241.4327329314037
2,1000,13,LXSSA_REPAIR,52,3150.0,3235.9830283440824
2,1000,13,LXSSA_REPAIR,53,3210.0,3235.5766852458764
2,1000,13,LXSSA_REPAIR,54,3270.0,3231.394233365354
2,1000,13,LXSSA_REPAIR,55,3330.0,3226.8158985877017
2,1000,13,LXSSA_REPAIR,56,3390.0,3223.8749554888855
2,1000,13,LXSSA_REPAIR,57,3450.0,3210.457998864098
2,1000,13,LXSSA_REPAIR,58,3510.0,3206.50680048325
2,1000,13,LXSSA_REPAIR,59,3570.0,3203.9025781621676
2,1000,13,LXSSA_REPAIR,60,3630.0,3200.551882556756
2,1000,13,LXSSA_REPAIR,61,3690.0,3198.1936959710074
2,1000,13,LXSSA_REPAIR,62,3750.0,3188.526469635166
2,1000,13,LXSSA_REPAIR,63,3810.0,3184.878238538775
2,1000,13,LXSSA_REPAIR,64,3870.0,3167.1780371363857
2,1000,13,LXSSA_REPAIR,65,3930.0,3166.5278757240376
2,1000,13,LXSSA_REPAIR,66,3990.0,3156.8005744458715
2,1000,13,LXSSA_REPAIR,67,4050.0,3151.935945856021
2,1000,13,LXSSA_REPAIR,68,4110.0,3150.642864322188
2,1000,13,LXSSA_REPAIR,69,4170.0,3145.817031027589
2,1000,13,LXSSA_REPAIR,70,4230.0,3140.337543342692
2,1000,13,LXSSA_REPAIR,71,4290.0,3138.763033665404
2,1000,13,LXSSA_REPAIR,72,4350.0,3136.0121440605653
2,1000,13,LXSSA_REPAIR,73,4410.0,3133.8530288663387
2,1000,13,LXSSA_REPAIR,74,4470.0,3131.799209720957
2,1000,13,LXSSA_REPAIR,75,4530.0,3125.2649933646826
2,1000,13,LXSSA_REPAIR,76,4590.0,3121.513409970299
2,1000,13,LXSSA_REPAIR,77,4650.0,3119.7039746033333
2,1000,13,LXSSA_REPAIR,78,4710.0,3117.869931678826
2,1000,13,LXSSA_REPAIR,79,4770.0,3117.054797414705
2,1000,13,LXSSA_REPAIR,80,4830.0,3116.6059834775806
2,1000,13,LXSSA_REPAIR,81,4890.0,3116.1789159946056
2,1000,13,LXSSA_REPAIR,82,4950.0,3115.4788909532726
2,1000,13,LXSSA_REPAIR,83,5010.0,3114.5076136555654
2,1000,13,LXSSA_REPAIR,84,5070.0,3109.3022920398726
2,1000,13,LXSSA_REPAIR,85,5130.0,3102.3678655834083
2,1000,13,LXSSA_REPAIR,86,5190.0,3102.25530632741
2,1000,13,LXSSA_REPAIR,87,5250.0,3102.0868945290276
2,1000,13,LXSSA_REPAIR,88,5310.0,3101.9497439209226
2,1000,13,LXSSA_REPAIR,89,5370.0,3101.8986490241005
2,1000,13,LXSSA_REPAIR,90,5430.0,3101.7482886336875
2,1000,13,LXSSA_REPAIR,91,5490.0,3101.412106837248
2,1000,13,LXSSA_REPAIR,92,5550.0,3101.0131922825385
2,1000,13,LXSSA_REPAIR,93,5610.0,3100.7760361716937
2,1000,13,LXSSA_REPAIR,94,5670.0,3100.4316903111685
2,1000,13,LXSSA_REPAIR,95,5730.0,3100.3139448371658
2,1000,13,LXSSA_REPAIR,96,5790.0,3100.1365893171387
2,1000,13,LXSSA_REPAIR,97,5850.0,3099.806942762916
2,1000,13,LXSSA_REPAIR,98,5910.0,3098.6369533170437
2,1000,13,LXSSA_REPAIR,99,5970.0,3098.095169502267
2,1000,13,LXSSA_REPAIR,100,6030.0,3097.8875748529754
2,1000,14,GNNLXSSA,0,30.0,5984.687157215543
2,1000,14,GNNLXSSA,1,979.0,5763.792146293723
2,1000,14,GNNLXSSA,2,993.0,5672.901665650439
2,1000,14,GNNLXSSA,3,1007.0,5539.163809716541
2,1000,14,GNNLXSSA,4,1020.0,5358.195441044394
2,1000,14,GNNLXSSA,5,1034.0,5358.195441044394
2,1000,14,GNNLXSSA,6,1047.0,5288.155224281501
2,1000,14,GNNLXSSA,7,1060.0,5251.549990807442
2,1000,14,GNNLXSSA,8,1074.0,5251.549990807442
2,1000,14,GNNLXSSA,9,1088.0,5229.432255463587
2,1000,14,GNNLXSSA,10,1102.0,5068.946509167865
2,1000,14,GNNLXSSA,11,1116.0,5031.449645117493
2,1000,14,GNNLXSSA,12,1130.0,5031.449645117493
2,1000,14,GNNLXSSA,13,1143.0,5031.449645117493
2,1000,14,GNNLXSSA,14,1156.0,5031.449645117493
2,1000,14,GNNLXSSA,15,1170.0,5019.990799097111
2,1000,14,GNNLXSSA,16,1184.0,4970.441131033382
2,1000,14,GNNLXSSA,17,1198.0,4960.314001411163
2,1000,14,GNNLXSSA,18,1211.0,4923.37667124192
2,1000,14,GNNLXSSA,19,1223.0,4923.37667124192
2,1000,14,GNNLXSSA,20,1237.0,4923.37667124192
2,1000,14,GNNLXSSA,21,1251.0,4902.574729986103
2,1000,14,GNNLXSSA,22,1264.0,4902.574729986103
2,1000,14,GNNLXSSA,23,1278.0,4902.574729986103
2,1000,14,GNNLXSSA,24,1292.0,4844.266790028254
2,1000,14,GNNLXSSA,25,1306.0,4796.201159175449
2,1000,14,GNNLXSSA,26,1319.0,4796.201159175449
2,1000,14,GNNLXSSA,27,1333.0,4796.201159175449
2,1000,14,GNNLXSSA,28,1347.0,4796.201159175449
2,1000,14,GNNLXSSA,29,1361.0,4796.201159175449
2,1000,14,GNNLXSSA,30,1374.0,4796.201159175449
2,1000,14,GNNLXSSA,31,1388.0,4796.201159175449
2,1000,14,GNNLXSSA,32,1402.0,4795.8333790322795
2,1000,14,GNNLXSSA,33,1415.0,4770.946417772793
2,1000,14,GNNLXSSA,34,1429.0,4731.247976522012
2,1000,14,GNNLXSSA,35,1443.0,4669.877940954277
2,1000,14,GNNLXSSA,36,1456.0,4645.757498394363
2,1000,14,GNNLXSSA,37,1470.0,4645.757498394363
2,1000,14,GNNLXSSA,38,1483.0,4645.757498394363
2,1000,14,GNNLXSSA,39,1497.0,4645.757498394363
2,1000,14,GNNLXSSA,40,1511.0,4645.757498394363
2,1000,14,GNNLXSSA,41,1524.0,4645.757498394363
2,1000,14,GNNLXSSA,42,1538.0,4645.757498394363
2,1000,14,GNNLXSSA,43,1552.0,4566.798456126227
2,1000,14,GNNLXSSA,44,1565.0,4566.798456126227
2,1000,14,GNNLXSSA,45,1578.0,4566.798456126227
2,1000,14,GNNLXSSA,46,1592.0,4566.798456126227
2,1000,14,GNNLXSSA,47,1606.0,4566.798456126227
2,1000,14,GNNLXSSA,48,1620.0,4566.798456126227
2,1000,14,GNNLXSSA,49,1634.0,4566.798456126227
2,1000,14,GNNLXSSA,50,1648.0,4566.798456126227
2,1000,14,GNNLXSSA,51,1661.0,4531.788996191877
2,1000,14,GNNLXSSA,52,1675.0,4524.093070737777
2,1000,14,GNNLXSSA,53,1689.0,4518.5345179167925
2,1000,14,GNNLXSSA,54,1703.0,4498.877943156331
2,1000,14,GNNLXSSA,55,1717.0,4486.517472806852
2,1000,14,GNNLXSSA,56,1730.0,4486.517472806852
2,1000,14,GNNLXSSA,57,1744.0,4486.517472806852
2,1000,14,GNNLXSSA,58,1757.0,4486.517472806852
2,1000,14,GNNLXSSA,59,1769.0,4484.140979801159
2,1000,14,GNNLXSSA,60,1783.0,4484.140979801159
2,1000,14,GNNLXSSA,61,1797.0,4484.140979801159
2,1000,14,GNNLXSSA,62,1810.0,4482.475994319058
2,1000,14,GNNLXSSA,63,1824.0,4453.633431862181
2,1000,14,GNNLXSSA,64,1837.0,4453.633431862181
2,1000,14,GNNLXSSA,65,1851.0,4453.633431862181
2,1000,14,GNNLXSSA,66,1865.0,4449.710423447548
2,1000,14,GNNLXSSA,67,1879.0,4449.710423447548
2,1000,14,GNNLXSSA,68,1893.0,4449.710423447548
2,1000,14,GNNLXSSA,69,1906.0,4448.8076433609385
2,1000,14,GNNLXSSA,70,1919.0,4442.0302653484105
2,1000,14,GNNLXSSA,71,1932.0,4442.0302653484105
2,1000,14,GNNLXSSA,72,1946.0,4441.068031776216
2,1000,14,GNNLXSSA,73,1958.0,4441.068031776216
2,1000,14,GNNLXSSA,74,1972.0,4439.11689053673
2,1000,14,GNNLXSSA,75,1986.0,4425.803535024665
2,1000,14,GNNLXSSA,76,2000.0,4425.595225722442
2,1000,14,GNNLXSSA,77,2013.0,4425.595225722442
2,1000,14,GNNLXSSA,78,2027.0,4425.595225722442
2,1000,14,GNNLXSSA,79,2041.0,4425.168549270464
2,1000,14,GNNLXSSA,80,2055.0,4370.4524949454135
2,1000,14,GNNLXSSA,81,2069.0,4366.130062752942
2,1000,14,GNNLXSSA,82,2083.0,4330.838041391318
2,1000,14,GNNLXSSA,83,2097.0,4330.838041391318
2,1000,14,GNNLXSSA,84,2111.0,4330.838041391318
2,1000,14,GNNLXSSA,85,2125.0,4325.593683065068
2,1000,14,GNNLXSSA,86,2139.0,4325.593683065068
2,1000,14,GNNLXSSA,87,2153.0,4323.764813181238
2,1000,14,GNNLXSSA,88,2166.0,4323.298533050038
2,1000,14,GNNLXSSA,89,2180.0,4323.298533050038
2,1000,14,GNNLXSSA,90,2194.0,4323.285521049678
2,1000,14,GNNLXSSA,91,2206.0,4321.84451888359
2,1000,14,GNNLXSSA,92,2220.0,4321.84451888359
2,1000,14,GNNLXSSA,93,2234.0,4321.84451888359
2,1000,14,GNNLXSSA,94,2247.0,4321.84451888359
2,1000,14,GNNLXSSA,95,2260.0,4321.237269349032
2,1000,14,GNNLXSSA,96,2274.0,4321.237269349032
2,1000,14,GNNLXSSA,97,2288.0,4312.267283062734
2,1000,14,GNNLXSSA,98,2301.0,4312.267283062734
2,1000,14,GNNLXSSA,99,2314.0,4312.267283062734
2,1000,14,GNNLXSSA,100,2326.0,4311.744553133176
2,1000,14,LXSSA_REPAIR,0,30.0,5919.79500287144
2,1000,14,LXSSA_REPAIR,1,90.0,5573.686367591377
2,1000,14,LXSSA_REPAIR,2,150.0,5355.8510950412965
2,1000,14,LXSSA_REPAIR,3,210.0,5184.561041044784
2,1000,14,LXSSA_REPAIR,4,270.0,5001.2086575444555
2,1000,14,LXSSA_REPAIR,5,330.0,4910.068056064905
2,1000,14,LXSSA_REPAIR,6,390.0,4816.883560496492
2,1000,14,LXSSA_REPAIR,7,450.0,4765.982084037809
2,1000,14,LXSSA_REPAIR,8,510.0,4731.701236727255
2,1000,14,LXSSA_REPAIR,9,570.0,4714.7488423042305
2,1000,14,LXSSA_REPAIR,10,630.0,4683.300339105983
2,1000,14,LXSSA_REPAIR,11,690.0,4628.853407571456
2,1000,14,LXSSA_REPAIR,12,750.0,4574.535394732469
2,1000,14,LXSSA_REPAIR,13,810.0,4572.937831559888
2,1000,14,LXSSA_REPAIR,14,870.0,4543.524850686539
2,1000,14,LXSSA_REPAIR,15,930.0,4513.040738781834
2,1000,14,LXSSA_REPAIR,16,990.0,4481.1709641840425
2,1000,14,LXSSA_REPAIR,17,1050.0,4472.181858026335
2,1000,14,LXSSA_REPAIR,18,1110.0,4438.178560173772
2,1000,14,LXSSA_REPAIR,19,1170.0,4433.2626819292345
2,1000,14,LXSSA_REPAIR,20,1230.0,4431.137384197777
2,1000,14,LXSSA_REPAIR,21,1290.0,4404.193204758318
2,1000,14,LXSSA_REPAIR,22,1350.0,4378.508598231747
2,1000,14,LXSSA_REPAIR,23,1410.0,4325.44990364703
2,1000,14,LXSSA_REPAIR,24,1470.0,4292.655874309428
2,1000,14,LXSSA_REPAIR,25,1530.0,4278.301547084666
2,1000,14,LXSSA_REPAIR,26,1590.0,4259.900342714005
2,1000,14,LXSSA_REPAIR,27,1650.0,4240.8849944013855
2,1000,14,LXSSA_REPAIR,28,1710.0,4201.310817594916
2,1000,14,LXSSA_REPAIR,29,1770.0,4146.461441760468
2,1000,14,LXSSA_REPAIR,30,1830.0,4133.040813415442
2,1000,14,LXSSA_REPAIR,31,1890.0,4122.123479883936
2,1000,14,LXSSA_REPAIR,32,1950.0,4101.323244098312
2,1000,14,LXSSA_REPAIR,33,2010.0,4100.705418413549
2,1000,14,LXSSA_REPAIR,34,2070.0,4075.192368608048
2,1000,14,LXSSA_REPAIR,35,2130.0,4068.1446941817776
2,1000,14,LXSSA_REPAIR,36,2190.0,4066.103371807025
2,1000,14,LXSSA_REPAIR,37,2250.0,4048.4121171034494
2,1000,14,LXSSA_REPAIR,38,2310.0,4032.599850681894
2,1000,14,LXSSA_REPAIR,39,2370.0,4027.7373319415638
2,1000,14,LXSSA_REPAIR,40,2430.0,4012.342906544909
2,1000,14,LXSSA_REPAIR,41,2490.0,3979.443754607266
2,1000,14,LXSSA_REPAIR,42,2550.0,3958.562479777698
2,1000,14,LXSSA_REPAIR,43,2610.0,3956.1855005402977
2,1000,14,LXSSA_REPAIR,44,2670.0,3947.896121847938
2,1000,14,LXSSA_REPAIR,45,2730.0,3928.5953283859926
2,1000,14,LXSSA_REPAIR,46,2790.0,3927.484236458309
2,1000,14,LXSSA_REPAIR,47,2850.0,3924.1210736198555
2,1000,14,LXSSA_REPAIR,48,2910.0,3918.1288774703717
2,1000,14,LXSSA_REPAIR,49,2970.0,3915.28107805732
2,1000,14,LXSSA_REPAIR,50,3030.0,3910.5920374994676
2,1000,14,LXSSA_REPAIR,51,3090.0,3888.2740376138972
2,1000,14,LXSSA_REPAIR,52,3150.0,3880.431723835245
2,1000,14,LXSSA_REPAIR,53,3210.0,3874.9405268532137
2,1000,14,LXSSA_REPAIR,54,3270.0,3849.1641125099704
2,1000,14,LXSSA_REPAIR,55,3330.0,3844.856494058564
2,1000,14,LXSSA_REPAIR,56,3390.0,3833.5095178452684
2,1000,14,LXSSA_REPAIR,57,3450.0,3818.040610044496
2,1000,14,LXSSA_REPAIR,58,3510.0,3809.6945286313494
2,1000,14,LXSSA_REPAIR,59,3570.0,3803.605438983657
2,1000,14,LXSSA_REPAIR,60,3630.0,3802.4368948988777
2,1000,14,LXSSA_REPAIR,61,3690.0,3784.2186789313855
2,1000,14,LXSSA_REPAIR,62,3750.0,3767.6632771895893
2,1000,14,LXSSA_REPAIR,63,3810.0,3764.975853295502
2,1000,14,LXSSA_REPAIR,64,3870.0,3759.557697956261
2,1000,14,LXSSA_REPAIR,65,3930.0,3750.1540603608737
2,1000,14,LXSSA_REPAIR,66,3990.0,3744.9351754767486
2,1000,14,LXSSA_REPAIR,67,4050.0,3741.119067466141
2,1000,14,LXSSA_REPAIR,68,4110.0,3734.6018861401026
2,1000,14,LXSSA_REPAIR,69,4170.0,3726.1415524211043
2,1000,14,LXSSA_REPAIR,70,4230.0,3723.916048706262
2,1000,14,LXSSA_REPAIR,71,4290.0,3722.7752931739888
2,1000,14,LXSSA_REPAIR,72,4350.0,3721.542946998037
2,1000,14,LXSSA_REPAIR,73,4410.0,3718.3308826658467
2,1000,14,LXSSA_REPAIR,74,4470.0,3712.7491861632807
2,1000,14,LXSSA_REPAIR,75,4530.0,3708.8428476059053
2,1000,14,LXSSA_REPAIR,76,4590.0,3706.225549280207
2,1000,14,LXSSA_REPAIR,77,4650.0,3704.648705117943
2,1000,14,LXSSA_REPAIR,78,4710.0,3703.403816031663
2,1000,14,LXSSA_REPAIR,79,4770.0,3701.4267237783715
2,1000,14,LXSSA_REPAIR,80,4830.0,3700.7496822540925
2,1000,14,LXSSA_REPAIR,81,4890.0,3700.567990728334
2,1000,14,LXSSA_REPAIR,82,4950.0,3699.901308160668
2,1000,14,LXSSA_REPAIR,83,5010.0,3699.3027617655316
2,1000,14,LXSSA_REPAIR,84,5070.0,3698.4702932419823
2,1000,14,LXSSA_REPAIR,85,5130.0,3698.396149996115
2,1000,14,LXSSA_REPAIR,86,5190.0,3698.21738601767
2,1000,14,LXSSA_REPAIR,87,5250.0,3698.0157639329846
2,1000,14,LXSSA_REPAIR,88,5310.0,3697.3155766586788
2,1000,14,LXSSA_REPAIR,89,5370.0,3695.9347297846252
2,1000,14,LXSSA_REPAIR,90,5430.0,3694.789094121945
2,1000,14,LXSSA_REPAIR,91,5490.0,3693.311917582847
2,1000,14,LXSSA_REPAIR,92,5550.0,3690.2599857801542
2,1000,14,LXSSA_REPAIR,93,5610.0,3687.8860150569963
2,1000,14,LXSSA_REPAIR,94,5670.0,3686.55192069419
2,1000,14,LXSSA_REPAIR,95,5730.0,3685.175585681689
2,1000,14,LXSSA_REPAIR,96,5790.0,3683.2123775138316
2,1000,14,LXSSA_REPAIR,97,5850.0,3683.0610490489416
2,1000,14,LXSSA_REPAIR,98,5910.0,3683.046278368369
2,1000,14,LXSSA_REPAIR,99,5970.0,3683.041693059291
2,1000,14,LXSSA_REPAIR,100,6030.0,3683.040783834833
2,1000,15,GNNLXSSA,0,30.0,7095.395076096109
2,1000,15,GNNLXSSA,1,1044.0,6763.940665631584
2,1000,15,GNNLXSSA,2,1058.0,6514.36562995681
2,1000,15,GNNLXSSA,3,1072.0,6442.24786802521
2,1000,15,GNNLXSSA,4,1086.0,6400.267683288992
2,1000,15,GNNLXSSA,5,1100.0,6320.87284607187
2,1000,15,GNNLXSSA,6,1113.0,6313.519215770695
2,1000,15,GNNLXSSA,7,1127.0,6222.814932634654
2,1000,15,GNNLXSSA,8,1140.0,6222.814932634654
2,1000,15,GNNLXSSA,9,1153.0,6222.814932634654
2,1000,15,GNNLXSSA,10,1167.0,6086.036441302742
2,1000,15,GNNLXSSA,11,1180.0,6086.036441302742
2,1000,15,GNNLXSSA,12,1194.0,6047.627712143905
2,1000,15,GNNLXSSA,13,1207.0,5927.2693596461395
2,1000,15,GNNLXSSA,14,1221.0,5927.2693596461395
2,1000,15,GNNLXSSA,15,1235.0,5927.2693596461395
2,1000,15,GNNLXSSA,16,1249.0,5925.213263434998
2,1000,15,GNNLXSSA,17,1263.0,5925.213263434998
2,1000,15,GNNLXSSA,18,1276.0,5925.213263434998
2,1000,15,GNNLXSSA,19,1290.0,5913.159306213194
2,1000,15,GNNLXSSA,20,1304.0,5896.742680303869
2,1000,15,GNNLXSSA,21,1318.0,5868.090335224442
2,1000,15,GNNLXSSA,22,1331.0,5868.090335224442
2,1000,15,GNNLXSSA,23,1345.0,5868.090335224442
2,1000,15,GNNLXSSA,24,1359.0,5868.090335224442
2,1000,15,GNNLXSSA,25,1373.0,5868.090335224442
2,1000,15,GNNLXSSA,26,1387.0,5839.285317504058
2,1000,15,GNNLXSSA,27,1400.0,5711.152832078282
2,1000,15,GNNLXSSA,28,1412.0,5711.152832078282
2,1000,15,GNNLXSSA,29,1425.0,5711.152832078282
2,1000,15,GNNLXSSA,30,1439.0,5663.5228777363445
2,1000,15,GNNLXSSA,31,1452.0,5663.5228777363445
2,1000,15,GNNLXSSA,32,1465.0,5610.306753496952
2,1000,15,GNNLXSSA,33,1478.0,5610.0989895051825
2,1000,15,GNNLXSSA,34,1492.0,5575.380871472837
2,1000,15,GNNLXSSA,35,1505.0,5575.380871472837
2,1000,15,GNNLXSSA,36,1519.0,5575.380871472837
2,1000,15,GNNLXSSA,37,1533.0,5575.380871472837
2,1000,15,GNNLXSSA,38,1546.0,5575.380871472837
2,1000,15,GNNLXSSA,39,1560.0,5535.430028380819
2,1000,15,GNNLXSSA,40,1574.0,5535.430028380819
2,1000,15,GNNLXSSA,41,1588.0,5535.430028380819
2,1000,15,GNNLXSSA,42,1602.0,5535.430028380819
2,1000,15,GNNLXSSA,43,1616.0,5503.716144421713
2,1000,15,GNNLXSSA,44,1630.0,5496.770428926749
2,1000,15,GNNLXSSA,45,1643.0,5496.770428926749
2,1000,15,GNNLXSSA,46,1657.0,5496.770428926749
2,1000,15,GNNLXSSA,47,1670.0,5496.770428926749
2,1000,15,GNNLXSSA,48,1684.0,5481.907939700177
2,1000,15,GNNLXSSA,49,1696.0,5456.580868029734
2,1000,15,GNNLXSSA,50,1709.0,5430.85565025387
2,1000,15,GNNLXSSA,51,1723.0,5425.504130472553
2,1000,15,GNNLXSSA,52,1737.0,5408.20497100232
2,1000,15,GNNLXSSA,53,1751.0,5408.20497100232
2,1000,15,GNNLXSSA,54,1764.0,5398.276559747523
2,1000,15,GNNLXSSA,55,1778.0,5380.8977975352755
2,1000,15,GNNLXSSA,56,1792.0,5326.23414974421
2,1000,15,GNNLXSSA,57,1806.0,5324.555539594927
2,1000,15,GNNLXSSA,58,1819.0,5309.840746097507
2,1000,15,GNNLXSSA,59,1833.0,5309.840746097507
2,1000,15,GNNLXSSA,60,1847.0,5309.840746097507
2,1000,15,GNNLXSSA,61,1861.0,5284.732115106592
2,1000,15,GNNLXSSA,62,1875.0,5284.732115106592
2,1000,15,GNNLXSSA,63,1888.0,5284.732115106592
2,1000,15,GNNLXSSA,64,1901.0,5284.732115106592
2,1000,15,GNNLXSSA,65,1914.0,5284.732115106592
2,1000,15,GNNLXSSA,66,1927.0,5284.732115106592
2,1000,15,GNNLXSSA,67,1941.0,5284.732115106592
2,1000,15,GNNLXSSA,68,1953.0,5284.732115106592
2,1000,15,GNNLXSSA,69,1967.0,5284.732115106592
2,1000,15,GNNLXSSA,70,1981.0,5284.700837966928
2,1000,15,GNNLXSSA,71,1995.0,5265.823639146329
2,1000,15,GNNLXSSA,72,2009.0,5264.914362980402
2,1000,15,GNNLXSSA,73,2023.0,5264.914362980402
2,1000,15,GNNLXSSA,74,2037.0,5254.105016269423
2,1000,15,GNNLXSSA,75,2050.0,5240.946263712278
2,1000,15,GNNLXSSA,76,2063.0,5237.545828066468
2,1000,15,GNNLXSSA,77,2076.0,5224.257144310177
2,1000,15,GNNLXSSA,78,2089.0,5224.257144310177
2,1000,15,GNNLXSSA,79,2103.0,5213.110928700255
2,1000,15,GNNLXSSA,80,2117.0,5213.110928700255
2,1000,15,GNNLXSSA,81,2131.0,5213.110928700255
2,1000,15,GNNLXSSA,82,2145.0,5213.110928700255
2,1000,15,GNNLXSSA,83,2159.0,5209.557285684103
2,1000,15,GNNLXSSA,84,2173.0,5209.438280098402
2,1000,15,GNNLXSSA,85,2187.0,5209.438280098402
2,1000,15,GNNLXSSA,86,2200.0,5209.438280098402
2,1000,15,GNNLXSSA,87,2213.0,5209.438280098402
2,1000,15,GNNLXSSA,88,2226.0,5209.438280098402
2,1000,15,GNNLXSSA,89,2240.0,5209.430291095341
2,1000,15,GNNLXSSA,90,2254.0,5209.430291095341
2,1000,15,GNNLXSSA,91,2268.0,5208.968171121589
2,1000,15,GNNLXSSA,92,2282.0,5208.968171121589
2,1000,15,GNNLXSSA,93,2296.0,5208.968171121589
2,1000,15,GNNLXSSA,94,2310.0,5208.968171121589
2,1000,15,GNNLXSSA,95,2324.0,5204.184015531166
2,1000,15,GNNLXSSA,96,2337.0,5204.184015531166
2,1000,15,GNNLXSSA,97,2350.0,5193.1269562890375
2,1000,15,GNNLXSSA,98,2364.0,5193.126774335367
2,1000,15,GNNLXSSA,99,2377.0,5192.444387410389
2,1000,15,GNNLXSSA,100,2389.0,5190.863720168745
2,1000,15,LXSSA_REPAIR,0,30.0,7037.2056784291635
2,1000,15,LXSSA_REPAIR,1,90.0,6656.99384878049
2,1000,15,LXSSA_REPAIR,2,150.0,6421.849695290151
2,1000,15,LXSSA_REPAIR,3,210.0,6235.656267817481
2,1000,15,LXSSA_REPAIR,4,270.0,5995.055820834117
2,1000,15,LXSSA_REPAIR,5,330.0,5885.580117399273
2,1000,15,LXSSA_REPAIR,6,390.0,5730.15356129827
2,1000,15,LXSSA_REPAIR,7,450.0,5677.549998947572
2,1000,15,LXSSA_REPAIR,8,510.0,5571.372441584863
2,1000,15,LXSSA_REPAIR,9,570.0,5510.105524413848
2,1000,15,LXSSA_REPAIR,10,630.0,5470.250211432518
2,1000,15,LXSSA_REPAIR,11,690.0,5456.681685691721
2,1000,15,LXSSA_REPAIR,12,750.0,5431.398652718723
2,1000,15,LXSSA_REPAIR,13,810.0,5409.985329102579
2,1000,15,LXSSA_REPAIR,14,870.0,5403.505847738525
2,1000,15,LXSSA_REPAIR,15,930.0,5392.264800861769
2,1000,15,LXSSA_REPAIR,16,990.0,5372.518203230407
2,1000,15,LXSSA_REPAIR,17,1050.0,5276.063579519454
2,1000,15,LXSSA_REPAIR,18,1110.0,5268.840596784685
2,1000,15,LXSSA_REPAIR,19,1170.0,5267.363472232515
2,1000,15,LXSSA_REPAIR,20,1230.0,5175.267351774521
2,1000,15,LXSSA_REPAIR,21,1290.0,5121.603367614029
2,1000,15,LXSSA_REPAIR,22,1350.0,5110.560125088603
2,1000,15,LXSSA_REPAIR,23,1410.0,5091.663659613776
2,1000,15,LXSSA_REPAIR,24,1470.0,5051.752154136404
2,1000,15,LXSSA_REPAIR,25,1530.0,5044.12355178516
2,1000,15,LXSSA_REPAIR,26,1590.0,4993.868521293436
2,1000,15,LXSSA_REPAIR,27,1650.0,4991.370363696624
2,1000,15,LXSSA_REPAIR,28,1710.0,4980.876633685075
2,1000,15,LXSSA_REPAIR,29,1770.0,4979.093235123408
2,1000,15,LXSSA_REPAIR,30,1830.0,4961.793445524439
2,1000,15,LXSSA_REPAIR,31,1890.0,4918.807476526403
2,1000,15,LXSSA_REPAIR,32,1950.0,4908.906013157692
2,1000,15,LXSSA_REPAIR,33,2010.0,4885.68477918725
2,1000,15,LXSSA_REPAIR,34,2070.0,4881.221738268345
2,1000,15,LXSSA_REPAIR,35,2130.0,4875.909825876115
2,1000,15,LXSSA_REPAIR,36,2190.0,4863.423794742601
2,1000,15,LXSSA_REPAIR,37,2250.0,4851.293317563905
2,1000,15,LXSSA_REPAIR,38,2310.0,4848.81552922893
2,1000,15,LXSSA_REPAIR,39,2370.0,4837.290264279043
2,1000,15,LXSSA_REPAIR,40,2430.0,4826.292458592965
2,1000,15,LXSSA_REPAIR,41,2490.0,4819.975665684688
2,1000,15,LXSSA_REPAIR,42,2550.0,4814.960005778885
2,1000,15,LXSSA_REPAIR,43,2610.0,4810.57814135628
2,1000,15,LXSSA_REPAIR,44,2670.0,4807.923730991068
2,1000,15,LXSSA_REPAIR,45,2730.0,4798.991438342207
2,1000,15,LXSSA_REPAIR,46,2790.0,4774.874933404644
2,1000,15,LXSSA_REPAIR,47,2850.0,4770.04467348654
2,1000,15,LXSSA_REPAIR,48,2910.0,4754.516672862141
2,1000,15,LXSSA_REPAIR,49,2970.0,4751.733945959742
2,1000,15,LXSSA_REPAIR,50,3030.0,4749.028225318871
2,1000,15,LXSSA_REPAIR,51,3090.0,4740.958492810329
2,1000,15,LXSSA_REPAIR,52,3150.0,4734.208244135138
2,1000,15,LXSSA_REPAIR,53,3210.0,4732.16494544367
2,1000,15,LXSSA_REPAIR,54,3270.0,4726.196891617845
2,1000,15,LXSSA_REPAIR,55,3330.0,4722.741505459351
2,1000,15,LXSSA_REPAIR,56,3390.0,4720.7296574093925
2,1000,15,LXSSA_REPAIR,57,3450.0,4712.8993626246665
2,1000,15,LXSSA_REPAIR,58,3510.0,4712.0546626095165
2,1000,15,LXSSA_REPAIR,59,3570.0,4711.869086029874
2,1000,15,LXSSA_REPAIR,60,3630.0,4711.624066276308
2,1000,15,LXSSA_REPAIR,61,3690.0,4704.292658788654
2,1000,15,LXSSA_REPAIR,62,3750.0,4696.895913268476
2,1000,15,LXSSA_REPAIR,63,3810.0,4694.864704922875
2,1000,15,LXSSA_REPAIR,64,3870.0,4693.4575614350615
2,1000,15,LXSSA_REPAIR,65,3930.0,4690.664135221283
2,1000,15,LXSSA_REPAIR,66,3990.0,4686.599768143606
2,1000,15,LXSSA_REPAIR,67,4050.0,4685.664907453058
2,1000,15,LXSSA_REPAIR,68,4110.0,4682.049722986791
2,1000,15,LXSSA_REPAIR,69,4170.0,4678.802709901553
2,1000,15,LXSSA_REPAIR,70,4230.0,4676.561957443482
2,1000,15,LXSSA_REPAIR,71,4290.0,4669.318953280112
2,1000,15,LXSSA_REPAIR,72,4350.0,4663.899327107574
2,1000,15,LXSSA_REPAIR,73,4410.0,4645.709174701093
2,1000,15,LXSSA_REPAIR,74,4470.0,4643.955586535056
2,1000,15,LXSSA_REPAIR,75,4530.0,4641.539325842001
2,1000,15,LXSSA_REPAIR,76,4590.0,4633.852861868036
2,1000,15,LXSSA_REPAIR,77,4650.0,4624.687107363432
2,1000,15,LXSSA_REPAIR,78,4710.0,4624.181323883808
2,1000,15,LXSSA_REPAIR,79,4770.0,4622.863914857495
2,1000,15,LXSSA_REPAIR,80,4830.0,4621.595464845013
2,1000,15,LXSSA_REPAIR,81,4890.0,4621.148294525352
2,1000,15,LXSSA_REPAIR,82,4950.0,4620.75298104449
2,1000,15,LXSSA_REPAIR,83,5010.0,4620.459703891793
2,1000,15,LXSSA_REPAIR,84,5070.0,4619.968235687484
2,1000,15,LXSSA_REPAIR,85,5130.0,4618.936559659451
2,1000,15,LXSSA_REPAIR,86,5190.0,4617.15426242847
2,1000,15,LXSSA_REPAIR,87,5250.0,4612.0479882343425
2,1000,15,LXSSA_REPAIR,88,5310.0,4611.085945121253
2,1000,15,LXSSA_REPAIR,89,5370.0,4610.896267480712
2,1000,15,LXSSA_REPAIR,90,5430.0,4610.39389501969
2,1000,15,LXSSA_REPAIR,91,5490.0,4609.323775476783
2,1000,15,LXSSA_REPAIR,92,5550.0,4608.566724453136
2,1000,15,LXSSA_REPAIR,93,5610.0,4608.429664064359
2,1000,15,LXSSA_REPAIR,94,5670.0,4608.296647175986
2,1000,15,LXSSA_REPAIR,95,5730.0,4608.055352533316
2,1000,15,LXSSA_REPAIR,96,5790.0,4607.533277197821
2,1000,15,LXSSA_REPAIR,97,5850.0,4606.910626068275
2,1000,15,LXSSA_REPAIR,98,5910.0,4606.827953781431
2,1000,15,LXSSA_REPAIR,99,5970.0,4606.784671857989
2,1000,15,LXSSA_REPAIR,100,6030.0,4606.488788185408
2,1000,16,GNNLXSSA,0,30.0,8011.185954236782
2,1000,16,GNNLXSSA,1,1108.0,7826.823293395806
2,1000,16,GNNLXSSA,2,1121.0,7695.7786591661425
2,1000,16,GNNLXSSA,3,1134.0,7581.852468965728
2,1000,16,GNNLXSSA,4,1146.0,7581.852468965728
2,1000,16,GNNLXSSA,5,1159.0,7540.067114252575
2,1000,16,GNNLXSSA,6,1173.0,7448.463934134736
2,1000,16,GNNLXSSA,7,1186.0,7428.229267517578
2,1000,16,GNNLXSSA,8,1200.0,7418.487610987242
2,1000,16,GNNLXSSA,9,1214.0,7403.582980900101
2,1000,16,GNNLXSSA,10,1228.0,7403.582980900101
2,1000,16,GNNLXSSA,11,1242.0,7324.094261004266
2,1000,16,GNNLXSSA,12,1256.0,7293.371860613213
2,1000,16,GNNLXSSA,13,1269.0,7230.710836783779
2,1000,16,GNNLXSSA,14,1282.0,7230.710836783779
2,1000,16,GNNLXSSA,15,1296.0,7164.1162001385965
2,1000,16,GNNLXSSA,16,1310.0,7124.621161913456
2,1000,16,GNNLXSSA,17,1324.0,7124.621161913456
2,1000,16,GNNLXSSA,18,1338.0,7124.621161913456
2,1000,16,GNNLXSSA,19,1352.0,7124.621161913456
2,1000,16,GNNLXSSA,20,1366.0,7124.621161913456
2,1000,16,GNNLXSSA,21,1380.0,7122.012129189046
2,1000,16,GNNLXSSA,22,1394.0,7122.012129189046
2,1000,16,GNNLXSSA,23,1408.0,7122.012129189046
2,1000,16,GNNLXSSA,24,1421.0,7122.012129189046
2,1000,16,GNNLXSSA,25,1434.0,7122.012129189046
2,1000,16,GNNLXSSA,26,1446.0,7076.664345042103
2,1000,16,GNNLXSSA,27,1460.0,7061.934088340851
2,1000,16,GNNLXSSA,28,1473.0,7061.934088340851
2,1000,16,GNNLXSSA,29,1486.0,7061.934088340851
2,1000,16,GNNLXSSA,30,1500.0,7006.550140205487
2,1000,16,GNNLXSSA,31,1514.0,7004.799065415209
2,1000,16,GNNLXSSA,32,1528.0,7004.799065415209
2,1000,16,GNNLXSSA,33,1542.0,6935.476923747519
2,1000,16,GNNLXSSA,34,1555.0,6912.441846378897
2,1000,16,GNNLXSSA,35,1569.0,6881.376565968691
2,1000,16,GNNLXSSA,36,1583.0,6881.376565968691
2,1000,16,GNNLXSSA,37,1597.0,6881.376565968691
2,1000,16,GNNLXSSA,38,1609.0,6863.728860559946
2,1000,16,GNNLXSSA,39,1623.0,6862.623111957175
2,1000,16,GNNLXSSA,40,1637.0,6862.623111957175
2,1000,16,GNNLXSSA,41,1650.0,6854.985975084157
2,1000,16,GNNLXSSA,42,1664.0,6854.985975084157
2,1000,16,GNNLXSSA,43,1677.0,6843.280744829055
2,1000,16,GNNLXSSA,44,1690.0,6843.280744829055
2,1000,16,GNNLXSSA,45,1704.0,6843.280744829055
2,1000,16,GNNLXSSA,46,1718.0,6796.505952742817
2,1000,16,GNNLXSSA,47,1732.0,6727.20508437742
2,1000,16,GNNLXSSA,48,1746.0,6701.109272789734
2,1000,16,GNNLXSSA,49,1759.0,6691.902353389138
2,1000,16,GNNLXSSA,50,1772.0,6691.902353389138
2,1000,16,GNNLXSSA,51,1785.0,6675.878036564311
2,1000,16,GNNLXSSA,52,1799.0,6647.184690740476
2,1000,16,GNNLXSSA,53,1813.0,6564.313914162958
2,1000,16,GNNLXSSA,54,1827.0,6536.214098263779
2,1000,16,GNNLXSSA,55,1840.0,6526.229318140759
2,1000,16,GNNLXSSA,56,1853.0,6526.229318140759
2,1000,16,GNNLXSSA,57,1867.0,6526.229318140759
2,1000,16,GNNLXSSA,58,1880.0,6526.229318140759
2,1000,16,GNNLXSSA,59,1894.0,6526.229318140759
2,1000,16,GNNLXSSA,60,1908.0,6526.229318140759
2,1000,16,GNNLXSSA,61,1921.0,6487.7277839048875
2,1000,16,GNNLXSSA,62,1935.0,6487.7277839048875
2,1000,16,GNNLXSSA,63,1948.0,6487.7277839048875
2,1000,16,GNNLXSSA,64,1962.0,6479.949636418234
2,1000,16,GNNLXSSA,65,1976.0,6455.112149674744
2,1000,16,GNNLXSSA,66,1990.0,6455.112149674744
2,1000,16,GNNLXSSA,67,2002.0,6455.112149674744
2,1000,16,GNNLXSSA,68,2015.0,6453.507094250832
2,1000,16,GNNLXSSA,69,2029.0,6453.507094250832
2,1000,16,GNNLXSSA,70,2041.0,6453.507094250832
2,1000,16,GNNLXSSA,71,2055.0,6452.429905166551
2,1000,16,GNNLXSSA,72,2068.0,6449.427963722257
2,1000,16,GNNLXSSA,73,2082.0,6449.427963722257
2,1000,16,GNNLXSSA,74,2096.0,6449.427963722257
2,1000,16,GNNLXSSA,75,2110.0,6446.183166453673
2,1000,16,GNNLXSSA,76,2123.0,6429.965446447626
2,1000,16,GNNLXSSA,77,2137.0,6413.81036281291
2,1000,16,GNNLXSSA,78,2151.0,6405.290406742664
2,1000,16,GNNLXSSA,79,2165.0,6405.290406742664
2,1000,16,GNNLXSSA,80,2179.0,6405.290406742664
2,1000,16,GNNLXSSA,81,2193.0,6402.794681968779
2,1000,16,GNNLXSSA,82,2207.0,6396.126660569331
2,1000,16,GNNLXSSA,83,2220.0,6396.050544831916
2,1000,16,GNNLXSSA,84,2234.0,6382.998367435706
2,1000,16,GNNLXSSA,85,2248.0,6377.978197810997
2,1000,16,GNNLXSSA,86,2261.0,6377.882372571228
2,1000,16,GNNLXSSA,87,2275.0,6361.081678688461
2,1000,16,GNNLXSSA,88,2289.0,6350.38385912979
2,1000,16,GNNLXSSA,89,2303.0,6350.38385912979
2,1000,16,GNNLXSSA,90,2317.0,6348.771025931637
2,1000,16,GNNLXSSA,91,2330.0,6348.771025931637
2,1000,16,GNNLXSSA,92,2343.0,6348.750529661607
2,1000,16,GNNLXSSA,93,2357.0,6348.750529661607
2,1000,16,GNNLXSSA,94,2371.0,6347.430277442443
2,1000,16,GNNLXSSA,95,2385.0,6347.430277442443
2,1000,16,GNNLXSSA,96,2397.0,6347.430277442443
2,1000,16,GNNLXSSA,97,2410.0,6347.428842395995
2,1000,16,GNNLXSSA,98,2424.0,6341.0886635399365
2,1000,16,GNNLXSSA,99,2437.0,6338.042378685357
2,1000,16,GNNLXSSA,100,2451.0,6338.042378685357
2,1000,16,LXSSA_REPAIR,0,30.0,8171.850414228626
2,1000,16,LXSSA_REPAIR,1,90.0,7807.864979720951
2,1000,16,LXSSA_REPAIR,2,150.0,7664.945142839839
2,1000,16,LXSSA_REPAIR,3,210.0,7463.593786054786
2,1000,16,LXSSA_REPAIR,4,270.0,7365.14670301236
2,1000,16,LXSSA_REPAIR,5,330.0,7157.490459004461
2,1000,16,LXSSA_REPAIR,6,390.0,7084.980129149277
2,1000,16,LXSSA_REPAIR,7,450.0,6991.657256223203
2,1000,16,LXSSA_REPAIR,8,510.0,6950.19185533515
2,1000,16,LXSSA_REPAIR,9,570.0,6842.3239678007085
2,1000,16,LXSSA_REPAIR,10,630.0,6799.837843367466
2,1000,16,LXSSA_REPAIR,11,690.0,6761.451733422393
2,1000,16,LXSSA_REPAIR,12,750.0,6756.493445882072
2,1000,16,LXSSA_REPAIR,13,810.0,6746.924875567063
2,1000,16,LXSSA_REPAIR,14,870.0,6740.899499280131
2,1000,16,LXSSA_REPAIR,15,930.0,6653.23381996352
2,1000,16,LXSSA_REPAIR,16,990.0,6640.798117514256
2,1000,16,LXSSA_REPAIR,17,1050.0,6604.431015869857
2,1000,16,LXSSA_REPAIR,18,1110.0,6578.760748569577
2,1000,16,LXSSA_REPAIR,19,1170.0,6556.124724332723
2,1000,16,LXSSA_REPAIR,20,1230.0,6543.68085501709
2,1000,16,LXSSA_REPAIR,21,1290.0,6511.02281726685
2,1000,16,LXSSA_REPAIR,22,1350.0,6450.84072209931
2,1000,16,LXSSA_REPAIR,23,1410.0,6398.058964969743
2,1000,16,LXSSA_REPAIR,24,1470.0,6316.853481667567
2,1000,16,LXSSA_REPAIR,25,1530.0,6304.085691992979
2,1000,16,LXSSA_REPAIR,26,1590.0,6247.255290863926
2,1000,16,LXSSA_REPAIR,27,1650.0,6207.492128085796
2,1000,16,LXSSA_REPAIR,28,1710.0,6188.605468171212
2,1000,16,LXSSA_REPAIR,29,1770.0,6176.467319776777
2,1000,16,LXSSA_REPAIR,30,1830.0,6145.298284274737
2,1000,16,LXSSA_REPAIR,31,1890.0,6142.492852858042
2,1000,16,LXSSA_REPAIR,32,1950.0,6111.214197291643
2,1000,16,LXSSA_REPAIR,33,2010.0,6106.064017040779
2,1000,16,LXSSA_REPAIR,34,2070.0,6087.1215872930115
2,1000,16,LXSSA_REPAIR,35,2130.0,6069.14542768785
2,1000,16,LXSSA_REPAIR,36,2190.0,6033.212388256288
2,1000,16,LXSSA_REPAIR,37,2250.0,6005.302681201923
2,1000,16,LXSSA_REPAIR,38,2310.0,5970.468517479625
2,1000,16,LXSSA_REPAIR,39,2370.0,5964.837272975266
2,1000,16,LXSSA_REPAIR,40,2430.0,5961.074524382813
2,1000,16,LXSSA_REPAIR,41,2490.0,5920.322155532638
2,1000,16,LXSSA_REPAIR,42,2550.0,5895.814366793551
2,1000,16,LXSSA_REPAIR,43,2610.0,5888.870379182357
2,1000,16,LXSSA_REPAIR,44,2670.0,5886.943886527872
2,1000,16,LXSSA_REPAIR,45,2730.0,5879.235723046775
2,1000,16,LXSSA_REPAIR,46,2790.0,5876.97111604362
2,1000,16,LXSSA_REPAIR,47,2850.0,5866.073449912401
2,1000,16,LXSSA_REPAIR,48,2910.0,5865.923762399354
2,1000,16,LXSSA_REPAIR,49,2970.0,5863.902307191602
2,1000,16,LXSSA_REPAIR,50,3030.0,5854.077461704706
2,1000,16,LXSSA_REPAIR,51,3090.0,5851.508993108764
2,1000,16,LXSSA_REPAIR,52,3150.0,5850.673965600668
2,1000,16,LXSSA_REPAIR,53,3210.0,5843.735180541684
2,1000,16,LXSSA_REPAIR,54,3270.0,5832.139094241247
2,1000,16,LXSSA_REPAIR,55,3330.0,5772.359951644728
2,1000,16,LXSSA_REPAIR,56,3390.0,5737.783705346468
2,1000,16,LXSSA_REPAIR,57,3450.0,5713.124892002437
2,1000,16,LXSSA_REPAIR,58,3510.0,5700.814881039856
2,1000,16,LXSSA_REPAIR,59,3570.0,5671.248164564131
2,1000,16,LXSSA_REPAIR,60,3630.0,5651.42429571104
2,1000,16,LXSSA_REPAIR,61,3690.0,5641.8300233967675
2,1000,16,LXSSA_REPAIR,62,3750.0,5635.336362481103
2,1000,16,LXSSA_REPAIR,63,3810.0,5618.070383851038
2,1000,16,LXSSA_REPAIR,64,3870.0,5610.3414465410315
2,1000,16,LXSSA_REPAIR,65,3930.0,5606.231656727599
2,1000,16,LXSSA_REPAIR,66,3990.0,5605.847995081938
2,1000,16,LXSSA_REPAIR,67,4050.0,5604.019134379683
2,1000,16,LXSSA_REPAIR,68,4110.0,5603.3861191912
2,1000,16,LXSSA_REPAIR,69,4170.0,5602.465226759639
2,1000,16,LXSSA_REPAIR,70,4230.0,5600.911588079245
2,1000,16,LXSSA_REPAIR,71,4290.0,5599.453147125358
2,1000,16,LXSSA_REPAIR,72,4350.0,5597.005078888498
2,1000,16,LXSSA_REPAIR,73,4410.0,5593.09968592583
2,1000,16,LXSSA_REPAIR,74,4470.0,5585.070369459652
2,1000,16,LXSSA_REPAIR,75,4530.0,5571.172507554249
2,1000,16,LXSSA_REPAIR,76,4590.0,5562.776865734835
2,1000,16,LXSSA_REPAIR,77,4650.0,5560.931050250147
2,1000,16,LXSSA_REPAIR,78,4710.0,5559.914018183772
2,1000,16,LXSSA_REPAIR,79,4770.0,5558.939060225748
2,1000,16,LXSSA_REPAIR,80,4830.0,5556.863612727073
2,1000,16,LXSSA_REPAIR,81,4890.0,5555.387127244045
2,1000,16,LXSSA_REPAIR,82,4950.0,5554.658805690371
2,1000,16,LXSSA_REPAIR,83,5010.0,5553.986329854248
2,1000,16,LXSSA_REPAIR,84,5070.0,5553.484338943323
2,1000,16,LXSSA_REPAIR,85,5130.0,5553.003749250864
2,1000,16,LXSSA_REPAIR,86,5190.0,5551.696202661144
2,1000,16,LXSSA_REPAIR,87,5250.0,5546.594697561624
2,1000,16,LXSSA_REPAIR,88,5310.0,5546.070051151422
2,1000,16,LXSSA_REPAIR,89,5370.0,5545.787943801159
2,1000,16,LXSSA_REPAIR,90,5430.0,5545.268424739981
2,1000,16,LXSSA_REPAIR,91,5490.0,5543.720650361538
2,1000,16,LXSSA_REPAIR,92,5550.0,5541.392751509862
2,1000,16,LXSSA_REPAIR,93,5610.0,5540.6183715787265
2,1000,16,LXSSA_REPAIR,94,5670.0,5539.424678375697
2,1000,16,LXSSA_REPAIR,95,5730.0,5537.51784491937
2,1000,16,LXSSA_REPAIR,96,5790.0,5537.270164703572
2,1000,16,LXSSA_REPAIR,97,5850.0,5537.155845359885
2,1000,16,LXSSA_REPAIR,98,5910.0,5537.027234045941
2,1000,16,LXSSA_REPAIR,99,5970.0,5536.898955099408
2,1000,16,LXSSA_REPAIR,100,6030.0,5536.59193325934
2,1000,17,GNNLXSSA,0,30.0,9350.238702784365
2,1000,17,GNNLXSSA,1,1171.0,8938.474850657294
2,1000,17,GNNLXSSA,2,1185.0,8729.537640527538
2,1000,17,GNNLXSSA,3,1199.0,8729.537640527538
2,1000,17,GNNLXSSA,4,1213.0,8702.445696048824
2,1000,17,GNNLXSSA,5,1227.0,8684.307688001762
2,1000,17,GNNLXSSA,6,1240.0,8665.415279036228
2,1000,17,GNNLXSSA,7,1253.0,8665.415279036228
2,1000,17,GNNLXSSA,8,1267.0,8641.894803075156
2,1000,17,GNNLXSSA,9,1280.0,8641.894803075156
2,1000,17,GNNLXSSA,10,1293.0,8575.075588536143
2,1000,17,GNNLXSSA,11,1307.0,8406.066088731422
2,1000,17,GNNLXSSA,12,1320.0,8406.066088731422
2,1000,17,GNNLXSSA,13,1333.0,8406.066088731422
2,1000,17,GNNLXSSA,14,1347.0,8385.321104163202
2,1000,17,GNNLXSSA,15,1361.0,8385.321104163202
2,1000,17,GNNLXSSA,16,1375.0,8354.914311101376
2,1000,17,GNNLXSSA,17,1388.0,8244.471594487826
2,1000,17,GNNLXSSA,18,1402.0,8244.471594487826
2,1000,17,GNNLXSSA,19,1414.0,8163.485094409349
2,1000,17,GNNLXSSA,20,1427.0,8163.485094409349
2,1000,17,GNNLXSSA,21,1441.0,8163.485094409349
2,1000,17,GNNLXSSA,22,1455.0,8163.485094409349
2,1000,17,GNNLXSSA,23,1469.0,8163.485094409349
2,1000,17,GNNLXSSA,24,1483.0,8163.485094409349
2,1000,17,GNNLXSSA,25,1495.0,8088.906964069494
2,1000,17,GNNLXSSA,26,1507.0,8056.8631960286075
2,1000,17,GNNLXSSA,27,1521.0,8023.306211791183
2,1000,17,GNNLXSSA,28,1535.0,8015.176575007237
2,1000,17,GNNLXSSA,29,1549.0,7973.4648669798335
2,1000,17,GNNLXSSA,30,1563.0,7973.4648669798335
2,1000,17,GNNLXSSA,31,1577.0,7973.4648669798335
2,1000,17,GNNLXSSA,32,1591.0,7973.4648669798335
2,1000,17,GNNLXSSA,33,1605.0,7953.732919176546
2,1000,17,GNNLXSSA,34,1619.0,7913.551924612926
2,1000,17,GNNLXSSA,35,1633.0,7853.287767609341
2,1000,17,GNNLXSSA,36,1647.0,7853.287767609341
2,1000,17,GNNLXSSA,37,1661.0,7793.336251259017
2,1000,17,GNNLXSSA,38,1675.0,7781.288518135254
2,1000,17,GNNLXSSA,39,1688.0,7749.078479881457
2,1000,17,GNNLXSSA,40,1701.0,7685.046132850715
2,1000,17,GNNLXSSA,41,1715.0,7685.046132850715
2,1000,17,GNNLXSSA,42,1729.0,7685.046132850715
2,1000,17,GNNLXSSA,43,1742.0,7677.580700405291
2,1000,17,GNNLXSSA,44,1756.0,7659.980546987783
2,1000,17,GNNLXSSA,45,1770.0,7639.925140945874
2,1000,17,GNNLXSSA,46,1783.0,7628.19891022415
2,1000,17,GNNLXSSA,47,1797.0,7595.025657592203
2,1000,17,GNNLXSSA,48,1811.0,7564.480706620336
2,1000,17,GNNLXSSA,49,1824.0,7550.325597906223
2,1000,17,GNNLXSSA,50,1838.0,7550.325597906223
2,1000,17,GNNLXSSA,51,1852.0,7411.133500583623
2,1000,17,GNNLXSSA,52,1866.0,7411.133500583623
2,1000,17,GNNLXSSA,53,1880.0,7411.133500583623
2,1000,17,GNNLXSSA,54,1894.0,7411.133500583623
2,1000,17,GNNLXSSA,55,1908.0,7409.345023608403
2,1000,17,GNNLXSSA,56,1922.0,7409.345023608403
2,1000,17,GNNLXSSA,57,1935.0,7409.345023608403
2,1000,17,GNNLXSSA,58,1949.0,7409.345023608403
2,1000,17,GNNLXSSA,59,1963.0,7344.363448161916
2,1000,17,GNNLXSSA,60,1977.0,7292.5737671396055
2,1000,17,GNNLXSSA,61,1991.0,7292.5737671396055
2,1000,17,GNNLXSSA,62,2005.0,7215.6264645375195
2,1000,17,GNNLXSSA,63,2018.0,7215.6264645375195
2,1000,17,GNNLXSSA,64,2031.0,7215.6264645375195
2,1000,17,GNNLXSSA,65,2045.0,7215.6264645375195
2,1000,17,GNNLXSSA,66,2057.0,7182.091150206346
2,1000,17,GNNLXSSA,67,2071.0,7170.595133731222
2,1000,17,GNNLXSSA,68,2085.0,7170.595133731222
2,1000,17,GNNLXSSA,69,2099.0,7140.562275906261
2,1000,17,GNNLXSSA,70,2113.0,7140.562275906261
2,1000,17,GNNLXSSA,71,2126.0,7140.562275906261
2,1000,17,GNNLXSSA,72,2140.0,7123.321412796191
2,1000,17,GNNLXSSA,73,2154.0,7123.321412796191
2,1000,17,GNNLXSSA,74,2167.0,7123.321412796191
2,1000,17,GNNLXSSA,75,2181.0,7123.321412796191
2,1000,17,GNNLXSSA,76,2195.0,7080.150031183919
2,1000,17,GNNLXSSA,77,2208.0,7040.835698201874
2,1000,17,GNNLXSSA,78,2222.0,7039.92684071212
2,1000,17,GNNLXSSA,79,2235.0,7039.264517733325
2,1000,17,GNNLXSSA,80,2249.0,7039.264517733325
2,1000,17,GNNLXSSA,81,2263.0,7038.588088457298
2,1000,17,GNNLXSSA,82,2277.0,7034.98313560291
2,1000,17,GNNLXSSA,83,2289.0,7034.245544322934
2,1000,17,GNNLXSSA,84,2303.0,7034.019301421176
2,1000,17,GNNLXSSA,85,2316.0,7033.995226501298
2,1000,17,GNNLXSSA,86,2330.0,7032.478492310554
2,1000,17,GNNLXSSA,87,2344.0,7032.458816444407
2,1000,17,GNNLXSSA,88,2357.0,7032.381836378125
2,1000,17,GNNLXSSA,89,2369.0,7032.2988980335285
2,1000,17,GNNLXSSA,90,2383.0,7032.26262552393
2,1000,17,GNNLXSSA,91,2397.0,7032.220994308438
2,1000,17,GNNLXSSA,92,2411.0,7016.298484273306
2,1000,17,GNNLXSSA,93,2425.0,7014.602440815732
2,1000,17,GNNLXSSA,94,2439.0,7014.583877943645
2,1000,17,GNNLXSSA,95,2453.0,7014.576903199471
2,1000,17,GNNLXSSA,96,2467.0,7012.450075672299
2,1000,17,GNNLXSSA,97,2481.0,7011.811044415692
2,1000,17,GNNLXSSA,98,2494.0,7011.811044415692
2,1000,17,GNNLXSSA,99,2508.0,6993.863927174971
2,1000,17,GNNLXSSA,100,2520.0,6993.1665062158645
2,1000,17,LXSSA_REPAIR,0,30.0,9243.747475201999
2,1000,17,LXSSA_REPAIR,1,90.0,9040.207525858073
2,1000,17,LXSSA_REPAIR,2,150.0,8725.858545715448
2,1000,17,LXSSA_REPAIR,3,210.0,8461.35706368144
2,1000,17,LXSSA_REPAIR,4,270.0,8335.072643649932
2,1000,17,LXSSA_REPAIR,5,330.0,8073.905644890816
2,1000,17,LXSSA_REPAIR,6,390.0,8037.696423525398
2,1000,17,LXSSA_REPAIR,7,450.0,7959.029728889902
2,1000,17,LXSSA_REPAIR,8,510.0,7879.758403103187
2,1000,17,LXSSA_REPAIR,9,570.0,7876.311622830421
2,1000,17,LXSSA_REPAIR,10,630.0,7834.0414996911495
2,1000,17,LXSSA_REPAIR,11,690.0,7694.30879287071
2,1000,17,LXSSA_REPAIR,12,750.0,7687.976466696171
2,1000,17,LXSSA_REPAIR,13,810.0,7642.582376639424
2,1000,17,LXSSA_REPAIR,14,870.0,7602.8232588402025
2,1000,17,LXSSA_REPAIR,15,930.0,7583.360600211548
2,1000,17,LXSSA_REPAIR,16,990.0,7547.663710232373
2,1000,17,LXSSA_REPAIR,17,1050.0,7470.337077463984
2,1000,17,LXSSA_REPAIR,18,1110.0,7435.19385085973
2,1000,17,LXSSA_REPAIR,19,1170.0,7409.024615932023
2,1000,17,LXSSA_REPAIR,20,1230.0,7374.556622082819
2,1000,17,LXSSA_REPAIR,21,1290.0,7330.836193511132
2,1000,17,LXSSA_REPAIR,22,1350.0,7259.633792582237
2,1000,17,LXSSA_REPAIR,23,1410.0,7233.762731863324
2,1000,17,LXSSA_REPAIR,24,1470.0,7205.483943631167
2,1000,17,LXSSA_REPAIR,25,1530.0,7184.011597906094
2,1000,17,LXSSA_REPAIR,26,1590.0,7177.099035876177
2,1000,17,LXSSA_REPAIR,27,1650.0,7092.533348834455
2,1000,17,LXSSA_REPAIR,28,1710.0,7052.519523174713
2,1000,17,LXSSA_REPAIR,29,1770.0,7037.0249664
2,1000,17,LXSSA_REPAIR,30,1830.0,7025.918650568434
2,1000,17,LXSSA_REPAIR,31,1890.0,6999.010788515159
2,1000,17,LXSSA_REPAIR,32,1950.0,6981.532603637388
2,1000,17,LXSSA_REPAIR,33,2010.0,6953.083430178136
2,1000,17,LXSSA_REPAIR,34,2070.0,6941.431683100236
2,1000,17,LXSSA_REPAIR,35,2130.0,6917.804454358935
2,1000,17,LXSSA_REPAIR,36,2190.0,6906.37567771945
2,1000,17,LXSSA_REPAIR,37,2250.0,6884.70408795285
2,1000,17,LXSSA_REPAIR,38,2310.0,6874.438163968109
2,1000,17,LXSSA_REPAIR,39,2370.0,6861.059746803592
2,1000,17,LXSSA_REPAIR,40,2430.0,6857.903908228509
2,1000,17,LXSSA_REPAIR,41,2490.0,6834.536367916597
2,1000,17,LXSSA_REPAIR,42,2550.0,6820.903328116525
2,1000,17,LXSSA_REPAIR,43,2610.0,6786.9061472046815
2,1000,17,LXSSA_REPAIR,44,2670.0,6785.6572088581015
2,1000,17,LXSSA_REPAIR,45,2730.0,6767.5361349758605
2,1000,17,LXSSA_REPAIR,46,2790.0,6725.011878026278
2,1000,17,LXSSA_REPAIR,47,2850.0,6713.901345527462
2,1000,17,LXSSA_REPAIR,48,2910.0,6712.140785422576
2,1000,17,LXSSA_REPAIR,49,2970.0,6700.0589208718375
2,1000,17,LXSSA_REPAIR,50,3030.0,6682.067561620577
2,1000,17,LXSSA_REPAIR,51,3090.0,6680.963481958992
2,1000,17,LXSSA_REPAIR,52,3150.0,6669.787610969892
2,1000,17,LXSSA_REPAIR,53,3210.0,6667.009992247229
2,1000,17,LXSSA_REPAIR,54,3270.0,6636.948756699203
2,1000,17,LXSSA_REPAIR,55,3330.0,6632.77932130704
2,1000,17,LXSSA_REPAIR,56,3390.0,6629.24509218437
2,1000,17,LXSSA_REPAIR,57,3450.0,6619.925814802984
2,1000,17,LXSSA_REPAIR,58,3510.0,6613.449666452863
2,1000,17,LXSSA_REPAIR,59,3570.0,6608.182803663069
2,1000,17,LXSSA_REPAIR,60,3630.0,6583.164471300464
2,1000,17,LXSSA_REPAIR,61,3690.0,6569.919897310501
2,1000,17,LXSSA_REPAIR,62,3750.0,6562.1583881868355
2,1000,17,LXSSA_REPAIR,63,3810.0,6534.23613391976
2,1000,17,LXSSA_REPAIR,64,3870.0,6527.58982110559
2,1000,17,LXSSA_REPAIR,65,3930.0,6526.321253770839
2,1000,17,LXSSA_REPAIR,66,3990.0,6506.246089809174
2,1000,17,LXSSA_REPAIR,67,4050.0,6499.269300906148
2,1000,17,LXSSA_REPAIR,68,4110.0,6494.260088657415
2,1000,17,LXSSA_REPAIR,69,4170.0,6491.49523517293
2,1000,17,LXSSA_REPAIR,70,4230.0,6487.047581611427
2,1000,17,LXSSA_REPAIR,71,4290.0,6480.825579160504
2,1000,17,LXSSA_REPAIR,72,4350.0,6474.374794589741
2,1000,17,LXSSA_REPAIR,73,4410.0,6467.552313604232
2,1000,17,LXSSA_REPAIR,74,4470.0,6457.912837021489
2,1000,17,LXSSA_REPAIR,75,4530.0,6456.083464081945
2,1000,17,LXSSA_REPAIR,76,4590.0,6452.470120427315
2,1000,17,LXSSA_REPAIR,77,4650.0,6447.924746458695
2,1000,17,LXSSA_REPAIR,78,4710.0,6446.038136892035
2,1000,17,LXSSA_REPAIR,79,4770.0,6445.530588495101
2,1000,17,LXSSA_REPAIR,80,4830.0,6444.057544002208
2,1000,17,LXSSA_REPAIR,81,4890.0,6443.561562450581
2,1000,17,LXSSA_REPAIR,82,4950.0,6442.545195444058
2,1000,17,LXSSA_REPAIR,83,5010.0,6441.072412050547
2,1000,17,LXSSA_REPAIR,84,5070.0,6439.968545050782
2,1000,17,LXSSA_REPAIR,85,5130.0,6436.390720808391
2,1000,17,LXSSA_REPAIR,86,5190.0,6435.5524629671345
2,1000,17,LXSSA_REPAIR,87,5250.0,6435.172249991534
2,1000,17,LXSSA_REPAIR,88,5310.0,6434.6277317434
2,1000,17,LXSSA_REPAIR,89,5370.0,6433.890918501347
2,1000,17,LXSSA_REPAIR,90,5430.0,6433.868895793916
2,1000,17,LXSSA_REPAIR,91,5490.0,6433.812269157621
2,1000,17,LXSSA_REPAIR,92,5550.0,6433.762669885582
2,1000,17,LXSSA_REPAIR,93,5610.0,6433.616576302891
2,1000,17,LXSSA_REPAIR,94,5670.0,6433.365791776974
2,1000,17,LXSSA_REPAIR,95,5730.0,6433.123153054366
2,1000,17,LXSSA_REPAIR,96,5790.0,6432.900900713561
2,1000,17,LXSSA_REPAIR,97,5850.0,6432.7607160772095
2,1000,17,LXSSA_REPAIR,98,5910.0,6432.699723083431
2,1000,17,LXSSA_REPAIR,99,5970.0,6432.646740462282
2,1000,17,LXSSA_REPAIR,100,6030.0,6432.590551999732
2,1000,18,GNNLXSSA,0,30.0,10595.476228447187
2,1000,18,GNNLXSSA,1,1236.0,10297.797221737143
2,1000,18,GNNLXSSA,2,1249.0,10297.009475606646
2,1000,18,GNNLXSSA,3,1263.0,10185.562462297195
2,1000,18,GNNLXSSA,4,1276.0,10144.6832063064
2,1000,18,GNNLXSSA,5,1290.0,10112.394002230772
2,1000,18,GNNLXSSA,6,1304.0,9966.635386899943
2,1000,18,GNNLXSSA,7,1318.0,9948.113607040446
2,1000,18,GNNLXSSA,8,1331.0,9837.482163456982
2,1000,18,GNNLXSSA,9,1345.0,9829.030956577764
2,1000,18,GNNLXSSA,10,1359.0,9767.185793337645
2,1000,18,GNNLXSSA,11,1372.0,9641.577253192256
2,1000,18,GNNLXSSA,12,1386.0,9577.436809425002
2,1000,18,GNNLXSSA,13,1400.0,9494.066044616156
2,1000,18,GNNLXSSA,14,1413.0,9443.150514592337
2,1000,18,GNNLXSSA,15,1427.0,9429.40971423997
2,1000,18,GNNLXSSA,16,1441.0,9429.40971423997
2,1000,18,GNNLXSSA,17,1455.0,9411.988501737389
2,1000,18,GNNLXSSA,18,1469.0,9409.893753465054
2,1000,18,GNNLXSSA,19,1482.0,9386.824509852573
2,1000,18,GNNLXSSA,20,1496.0,9243.291001451238
2,1000,18,GNNLXSSA,21,1510.0,9174.460187847508
2,1000,18,GNNLXSSA,22,1523.0,9122.046780661745
2,1000,18,GNNLXSSA,23,1536.0,9122.046780661745
2,1000,18,GNNLXSSA,24,1549.0,9122.046780661745
2,1000,18,GNNLXSSA,25,1561.0,9122.046780661745
2,1000,18,GNNLXSSA,26,1574.0,9122.046780661745
2,1000,18,GNNLXSSA,27,1588.0,9101.346305623512
2,1000,18,GNNLXSSA,28,1602.0,9088.649519929451
2,1000,18,GNNLXSSA,29,1616.0,9088.649519929451
2,1000,18,GNNLXSSA,30,1630.0,9088.649519929451
2,1000,18,GNNLXSSA,31,1644.0,9088.649519929451
2,1000,18,GNNLXSSA,32,1658.0,9088.649519929451
2,1000,18,GNNLXSSA,33,1672.0,9071.115817298582
2,1000,18,GNNLXSSA,34,1686.0,9040.737850541671
2,1000,18,GNNLXSSA,35,1700.0,8997.710225903727
2,1000,18,GNNLXSSA,36,1714.0,8997.710225903727
2,1000,18,GNNLXSSA,37,1727.0,8985.603094643273
2,1000,18,GNNLXSSA,38,1741.0,8935.972687743328
2,1000,18,GNNLXSSA,39,1755.0,8935.972687743328
2,1000,18,GNNLXSSA,40,1769.0,8935.972687743328
2,1000,18,GNNLXSSA,41,1783.0,8935.972687743328
2,1000,18,GNNLXSSA,42,1797.0,8935.972687743328
2,1000,18,GNNLXSSA,43,1811.0,8935.972687743328
2,1000,18,GNNLXSSA,44,1824.0,8892.269782489144
2,1000,18,GNNLXSSA,45,1838.0,8860.011782853995
2,1000,18,GNNLXSSA,46,1851.0,8860.011782853995
2,1000,18,GNNLXSSA,47,1864.0,8860.011782853995
2,1000,18,GNNLXSSA,48,1878.0,8860.011782853995
2,1000,18,GNNLXSSA,49,1891.0,8829.733651622511
2,1000,18,GNNLXSSA,50,1905.0,8829.733651622511
2,1000,18,GNNLXSSA,51,1919.0,8818.727031951297
2,1000,18,GNNLXSSA,52,1933.0,8723.937081658696
2,1000,18,GNNLXSSA,53,1947.0,8672.35355113497
2,1000,18,GNNLXSSA,54,1960.0,8635.740868686793
2,1000,18,GNNLXSSA,55,1973.0,8625.133073246354
2,1000,18,GNNLXSSA,56,1986.0,8538.121959698474
2,1000,18,GNNLXSSA,57,2000.0,8524.681338291986
2,1000,18,GNNLXSSA,58,2013.0,8524.681338291986
2,1000,18,GNNLXSSA,59,2027.0,8524.681338291986
2,1000,18,GNNLXSSA,60,2041.0,8524.681338291986
2,1000,18,GNNLXSSA,61,2054.0,8524.681338291986
2,1000,18,GNNLXSSA,62,2068.0,8524.681338291986
2,1000,18,GNNLXSSA,63,2082.0,8524.681338291986
2,1000,18,GNNLXSSA,64,2095.0,8524.681338291986
2,1000,18,GNNLXSSA,65,2109.0,8505.882016101925
2,1000,18,GNNLXSSA,66,2123.0,8505.882016101925
2,1000,18,GNNLXSSA,67,2137.0,8505.153317130673
2,1000,18,GNNLXSSA,68,2151.0,8489.890474710919
2,1000,18,GNNLXSSA,69,2165.0,8472.242036005562
2,1000,18,GNNLXSSA,70,2179.0,8456.058553652445
2,1000,18,GNNLXSSA,71,2193.0,8413.799938590906
2,1000,18,GNNLXSSA,72,2206.0,8408.39233182514
2,1000,18,GNNLXSSA,73,2220.0,8408.39233182514
2,1000,18,GNNLXSSA,74,2234.0,8406.620185776897
2,1000,18,GNNLXSSA,75,2248.0,8405.832143729189
2,1000,18,GNNLXSSA,76,2262.0,8405.832143729189
2,1000,18,GNNLXSSA,77,2275.0,8404.778255453188
2,1000,18,GNNLXSSA,78,2289.0,8403.459117044222
2,1000,18,GNNLXSSA,79,2303.0,8402.081952987406
2,1000,18,GNNLXSSA,80,2317.0,8391.006778228475
2,1000,18,GNNLXSSA,81,2330.0,8382.636965267651
2,1000,18,GNNLXSSA,82,2343.0,8374.82566893907
2,1000,18,GNNLXSSA,83,2356.0,8366.702074728259
2,1000,18,GNNLXSSA,84,2369.0,8363.713386787706
2,1000,18,GNNLXSSA,85,2383.0,8363.508632585414
2,1000,18,GNNLXSSA,86,2396.0,8359.393969653058
2,1000,18,GNNLXSSA,87,2410.0,8351.678651227361
2,1000,18,GNNLXSSA,88,2423.0,8351.607443986657
2,1000,18,GNNLXSSA,89,2436.0,8351.547093981877
2,1000,18,GNNLXSSA,90,2450.0,8340.308381526156
2,1000,18,GNNLXSSA,91,2464.0,8333.613744030423
2,1000,18,GNNLXSSA,92,2478.0,8333.613744030423
2,1000,18,GNNLXSSA,93,2491.0,8311.798326839125
2,1000,18,GNNLXSSA,94,2505.0,8284.549605105203
2,1000,18,GNNLXSSA,95,2519.0,8277.709384193942
2,1000,18,GNNLXSSA,96,2533.0,8265.988312472276
2,1000,18,GNNLXSSA,97,2547.0,8260.345794300723
2,1000,18,GNNLXSSA,98,2561.0,8254.781326973018
2,1000,18,GNNLXSSA,99,2575.0,8254.780641452635
2,1000,18,GNNLXSSA,100,2588.0,8246.612005102797
2,1000,18,LXSSA_REPAIR,0,30.0,10627.601362662506
2,1000,18,LXSSA_REPAIR,1,90.0,10533.64808331523
2,1000,18,LXSSA_REPAIR,2,150.0,10161.895598449315
2,1000,18,LXSSA_REPAIR,3,210.0,9867.690610253285
2,1000,18,LXSSA_REPAIR,4,270.0,9632.268547312146
2,1000,18,LXSSA_REPAIR,5,330.0,9498.603361994989
2,1000,18,LXSSA_REPAIR,6,390.0,9243.606418490228
2,1000,18,LXSSA_REPAIR,7,450.0,9236.164955868684
2,1000,18,LXSSA_REPAIR,8,510.0,9109.780416117545
2,1000,18,LXSSA_REPAIR,9,570.0,9077.045900134952
2,1000,18,LXSSA_REPAIR,10,630.0,9033.704705696517
2,1000,18,LXSSA_REPAIR,11,690.0,9019.080697566664
2,1000,18,LXSSA_REPAIR,12,750.0,8992.635311972124
2,1000,18,LXSSA_REPAIR,13,810.0,8984.849599870642
2,1000,18,LXSSA_REPAIR,14,870.0,8975.20537398514
2,1000,18,LXSSA_REPAIR,15,930.0,8963.911262857546
2,1000,18,LXSSA_REPAIR,16,990.0,8895.692297062538
2,1000,18,LXSSA_REPAIR,17,1050.0,8859.262561812815
2,1000,18,LXSSA_REPAIR,18,1110.0,8843.729772279825
2,1000,18,LXSSA_REPAIR,19,1170.0,8752.765486265445
2,1000,18,LXSSA_REPAIR,20,1230.0,8731.239029521392
2,1000,18,LXSSA_REPAIR,21,1290.0,8657.665695395546
2,1000,18,LXSSA_REPAIR,22,1350.0,8638.033889542836
2,1000,18,LXSSA_REPAIR,23,1410.0,8624.107188099093
2,1000,18,LXSSA_REPAIR,24,1470.0,8619.26809613443
2,1000,18,LXSSA_REPAIR,25,1530.0,8541.686354938487
2,1000,18,LXSSA_REPAIR,26,1590.0,8496.402923370682
2,1000,18,LXSSA_REPAIR,27,1650.0,8492.990350270433
2,1000,18,LXSSA_REPAIR,28,1710.0,8455.920293404677
2,1000,18,LXSSA_REPAIR,29,1770.0,8453.70790304285
2,1000,18,LXSSA_REPAIR,30,1830.0,8393.391030406536
2,1000,18,LXSSA_REPAIR,31,1890.0,8384.522043829704
2,1000,18,LXSSA_REPAIR,32,1950.0,8328.015205620686
2,1000,18,LXSSA_REPAIR,33,2010.0,8324.76931003244
2,1000,18,LXSSA_REPAIR,34,2070.0,8310.530378729192
2,1000,18,LXSSA_REPAIR,35,2130.0,8308.777423105617
2,1000,18,LXSSA_REPAIR,36,2190.0,8288.589683863764
2,1000,18,LXSSA_REPAIR,37,2250.0,8288.457740221871
2,1000,18,LXSSA_REPAIR,38,2310.0,8268.101356108571
2,1000,18,LXSSA_REPAIR,39,2370.0,8169.93872846209
2,1000,18,LXSSA_REPAIR,40,2430.0,8149.911829271761
2,1000,18,LXSSA_REPAIR,41,2490.0,8141.9140979415315
2,1000,18,LXSSA_REPAIR,42,2550.0,8122.647404040312
2,1000,18,LXSSA_REPAIR,43,2610.0,8071.516690821649
2,1000,18,LXSSA_REPAIR,44,2670.0,8060.503067622645
2,1000,18,LXSSA_REPAIR,45,2730.0,8060.491168623383
2,1000,18,LXSSA_REPAIR,46,2790.0,8035.432802929805
2,1000,18,LXSSA_REPAIR,47,2850.0,8024.975130131497
2,1000,18,LXSSA_REPAIR,48,2910.0,8010.957153241434
2,1000,18,LXSSA_REPAIR,49,2970.0,7995.769268016869
2,1000,18,LXSSA_REPAIR,50,3030.0,7989.724183455357
2,1000,18,LXSSA_REPAIR,51,3090.0,7979.26392279478
2,1000,18,LXSSA_REPAIR,52,3150.0,7976.688374170786
2,1000,18,LXSSA_REPAIR,53,3210.0,7954.897459478307
2,1000,18,LXSSA_REPAIR,54,3270.0,7940.041810312592
2,1000,18,LXSSA_REPAIR,55,3330.0,7933.981344580679
2,1000,18,LXSSA_REPAIR,56,3390.0,7923.428264877279
2,1000,18,LXSSA_REPAIR,57,3450.0,7917.141909076468
2,1000,18,LXSSA_REPAIR,58,3510.0,7893.178667544271
2,1000,18,LXSSA_REPAIR,59,3570.0,7888.8131680147635
2,1000,18,LXSSA_REPAIR,60,3630.0,7877.99942992827
2,1000,18,LXSSA_REPAIR,61,3690.0,7875.3045073634785
2,1000,18,LXSSA_REPAIR,62,3750.0,7831.477130399806
2,1000,18,LXSSA_REPAIR,63,3810.0,7828.272598436466
2,1000,18,LXSSA_REPAIR,64,3870.0,7823.149161056084
2,1000,18,LXSSA_REPAIR,65,3930.0,7793.990760588291
2,1000,18,LXSSA_REPAIR,66,3990.0,7791.469843473467
2,1000,18,LXSSA_REPAIR,67,4050.0,7782.901662169454
2,1000,18,LXSSA_REPAIR,68,4110.0,7772.044979105973
2,1000,18,LXSSA_REPAIR,69,4170.0,7770.200177724037
2,1000,18,LXSSA_REPAIR,70,4230.0,7758.84087261161
2,1000,18,LXSSA_REPAIR,71,4290.0,7747.567203622537
2,1000,18,LXSSA_REPAIR,72,4350.0,7745.5866521572025
2,1000,18,LXSSA_REPAIR,73,4410.0,7727.241219980802
2,1000,18,LXSSA_REPAIR,74,4470.0,7717.385320312009
2,1000,18,LXSSA_REPAIR,75,4530.0,7711.936708312009
2,1000,18,LXSSA_REPAIR,76,4590.0,7705.735908429175
2,1000,18,LXSSA_REPAIR,77,4650.0,7679.228244871316
2,1000,18,LXSSA_REPAIR,78,4710.0,7647.796516633913
2,1000,18,LXSSA_REPAIR,79,4770.0,7640.519719756747
2,1000,18,LXSSA_REPAIR,80,4830.0,7639.736358513044
2,1000,18,LXSSA_REPAIR,81,4890.0,7639.498278854298
2,1000,18,LXSSA_REPAIR,82,4950.0,7638.767050524337
2,1000,18,LXSSA_REPAIR,83,5010.0,7636.761485184907
2,1000,18,LXSSA_REPAIR,84,5070.0,7634.948515493386
2,1000,18,LXSSA_REPAIR,85,5130.0,7632.455640409797
2,1000,18,LXSSA_REPAIR,86,5190.0,7630.571572152956
2,1000,18,LXSSA_REPAIR,87,5250.0,7625.20437692821
2,1000,18,LXSSA_REPAIR,88,5310.0,7625.018910780629
2,1000,18,LXSSA_REPAIR,89,5370.0,7624.93593121654
2,1000,18,LXSSA_REPAIR,90,5430.0,7624.884491061777
2,1000,18,LXSSA_REPAIR,91,5490.0,7624.788530610167
2,1000,18,LXSSA_REPAIR,92,5550.0,7624.576768624684
2,1000,18,LXSSA_REPAIR,93,5610.0,7624.4906557933355
2,1000,18,LXSSA_REPAIR,94,5670.0,7624.409065100139
2,1000,18,LXSSA_REPAIR,95,5730.0,7624.384906721687
2,1000,18,LXSSA_REPAIR,96,5790.0,7624.341579870867
2,1000,18,LXSSA_REPAIR,97,5850.0,7624.301888582042
2,1000,18,LXSSA_REPAIR,98,5910.0,7624.267945798281
2,1000,18,LXSSA_REPAIR,99,5970.0,7624.263004384506
2,1000,18,LXSSA_REPAIR,100,6030.0,7624.254629834366
2,1000,2,GNNLXSSA,0,30.0,1.5248461677265368
2,1000,2,GNNLXSSA,1,212.0,0.47773729718119284
2,1000,2,GNNLXSSA,2,226.0,0.41059464434783877
2,1000,2,GNNLXSSA,3,240.0,0.4036689604408821
2,1000,2,GNNLXSSA,4,254.0,0.3649704972622203
2,1000,2,GNNLXSSA,5,267.0,0.3614088782633189
2,1000,2,GNNLXSSA,6,280.0,0.3153161256441308
2,1000,2,GNNLXSSA,7,294.0,0.2682409452891079
2,1000,2,GNNLXSSA,8,308.0,0.23587120719639643
2,1000,2,GNNLXSSA,9,322.0,0.22632014919963694
2,1000,2,GNNLXSSA,10,336.0,0.2256669051866993
2,1000,2,GNNLXSSA,11,349.0,0.22372251192791737
2,1000,2,GNNLXSSA,12,363.0,0.22372251192791737
2,1000,2,GNNLXSSA,13,377.0,0.22276651484025933
2,1000,2,GNNLXSSA,14,391.0,0.22276651484025933
2,1000,2,GNNLXSSA,15,405.0,0.21565932032899582
2,1000,2,GNNLXSSA,16,419.0,0.21565932032899582
2,1000,2,GNNLXSSA,17,432.0,0.21565932032899582
2,1000,2,GNNLXSSA,18,445.0,0.21565932032899582
2,1000,2,GNNLXSSA,19,458.0,0.21565932032899582
2,1000,2,GNNLXSSA,20,472.0,0.20289772109572368
2,1000,2,GNNLXSSA,21,486.0,0.20226714655655087
2,1000,2,GNNLXSSA,22,500.0,0.20226714655655087
2,1000,2,GNNLXSSA,23,514.0,0.19856089289442025
2,1000,2,GNNLXSSA,24,528.0,0.18390035382981296
2,1000,2,GNNLXSSA,25,542.0,0.18390035382981296
2,1000,2,GNNLXSSA,26,556.0,0.18037858839579712
2,1000,2,GNNLXSSA,27,569.0,0.18037858839579712
2,1000,2,GNNLXSSA,28,583.0,0.18037858839579712
2,1000,2,GNNLXSSA,29,596.0,0.17467962897353573
2,1000,2,GNNLXSSA,30,610.0,0.17358719686308177
2,1000,2,GNNLXSSA,31,624.0,0.17358719686308177
2,1000,2,GNNLXSSA,32,638.0,0.17358719686308177
2,1000,2,GNNLXSSA,33,652.0,0.17358719686308177
2,1000,2,GNNLXSSA,34,664.0,0.17358719686308177
2,1000,2,GNNLXSSA,35,678.0,0.17358719686308177
2,1000,2,GNNLXSSA,36,692.0,0.17358719686308177
2,1000,2,GNNLXSSA,37,705.0,0.17358719686308177
2,1000,2,GNNLXSSA,38,719.0,0.17358719686308177
2,1000,2,GNNLXSSA,39,733.0,0.17358719686308177
2,1000,2,GNNLXSSA,40,747.0,0.17358719686308177
2,1000,2,GNNLXSSA,41,761.0,0.17174546788555745
2,1000,2,GNNLXSSA,42,775.0,0.1704138778095512
2,1000,2,GNNLXSSA,43,789.0,0.16867444915988017
2,1000,2,GNNLXSSA,44,803.0,0.16540329517647478
2,1000,2,GNNLXSSA,45,817.0,0.16540329517647478
2,1000,2,GNNLXSSA,46,831.0,0.16540329517647478
2,1000,2,GNNLXSSA,47,845.0,0.16540329517647478
2,1000,2,GNNLXSSA,48,858.0,0.16540329517647478
2,1000,2,GNNLXSSA,49,871.0,0.16540329517647478
2,1000,2,GNNLXSSA,50,885.0,0.16540329517647478
2,1000,2,GNNLXSSA,51,898.0,0.16540329517647478
2,1000,2,GNNLXSSA,52,912.0,0.16540329517647478
2,1000,2,GNNLXSSA,53,926.0,0.16540329517647478
2,1000,2,GNNLXSSA,54,940.0,0.16540329517647478
2,1000,2,GNNLXSSA,55,954.0,0.16540329517647478
2,1000,2,GNNLXSSA,56,968.0,0.16540329517647478
2,1000,2,GNNLXSSA,57,982.0,0.16540329517647478
2,1000,2,GNNLXSSA,58,996.0,0.16540329517647478
2,1000,2,GNNLXSSA,59,1010.0,0.16540329517647478
2,1000,2,GNNLXSSA,60,1023.0,0.16540329517647478
2,1000,2,GNNLXSSA,61,1037.0,0.16540329517647478
2,1000,2,GNNLXSSA,62,1051.0,0.16540329517647478
2,1000,2,GNNLXSSA,63,1065.0,0.16540329517647478
2,1000,2,GNNLXSSA,64,1078.0,0.16481963154183177
2,1000,2,GNNLXSSA,65,1091.0,0.16481963154183177
2,1000,2,GNNLXSSA,66,1105.0,0.16481963154183177
2,1000,2,GNNLXSSA,67,1119.0,0.16481963154183177
2,1000,2,GNNLXSSA,68,1133.0,0.1647899969939317
2,1000,2,GNNLXSSA,69,1146.0,0.1647899969939317
2,1000,2,GNNLXSSA,70,1160.0,0.1647899969939317
2,1000,2,GNNLXSSA,71,1174.0,0.1647899969939317
2,1000,2,GNNLXSSA,72,1187.0,0.16477881391256233
2,1000,2,GNNLXSSA,73,1200.0,0.16473839209993457
2,1000,2,GNNLXSSA,74,1214.0,0.16473839209993457
2,1000,2,GNNLXSSA,75,1227.0,0.16471333269691968
2,1000,2,GNNLXSSA,76,1241.0,0.16471333269691968
2,1000,2,GNNLXSSA,77,1254.0,0.16471333269691968
2,1000,2,GNNLXSSA,78,1268.0,0.16471333269691968
2,1000,2,GNNLXSSA,79,1282.0,0.16471333269691968
2,1000,2,GNNLXSSA,80,1296.0,0.16471333269691968
2,1000,2,GNNLXSSA,81,1309.0,0.16471333269691968
2,1000,2,GNNLXSSA,82,1323.0,0.1642689107939077
2,1000,2,GNNLXSSA,83,1337.0,0.1642689107939077
2,1000,2,GNNLXSSA,84,1351.0,0.1642689107939077
2,1000,2,GNNLXSSA,85,1364.0,0.1642689107939077
2,1000,2,GNNLXSSA,86,1378.0,0.1642689107939077
2,1000,2,GNNLXSSA,87,1392.0,0.1642674615350188
2,1000,2,GNNLXSSA,88,1406.0,0.16420307882617635
2,1000,2,GNNLXSSA,89,1419.0,0.16420307882617635
2,1000,2,GNNLXSSA,90,1433.0,0.16416692655911902
2,1000,2,GNNLXSSA,91,1447.0,0.16416692655911902
2,1000,2,GNNLXSSA,92,1460.0,0.16416692655911902
2,1000,2,GNNLXSSA,93,1474.0,0.16409606898832862
2,1000,2,GNNLXSSA,94,1488.0,0.16409606898832862
2,1000,2,GNNLXSSA,95,1501.0,0.16408121967742773
2,1000,2,GNNLXSSA,96,1515.0,0.16408121967742773
2,1000,2,GNNLXSSA,97,1527.0,0.16408121967742773
2,1000,2,GNNLXSSA,98,1541.0,0.16408121967742773
2,1000,2,GNNLXSSA,99,1554.0,0.16408121967742773
2,1000,2,GNNLXSSA,100,1568.0,0.16408121967742773
2,1000,2,LXSSA_REPAIR,0,30.0,1.258452424565803
2,1000,2,LXSSA_REPAIR,1,90.0,0.5672338844397018
2,1000,2,LXSSA_REPAIR,2,150.0,0.3060604021893596
2,1000,2,LXSSA_REPAIR,3,210.0,0.2734004583398928
2,1000,2,LXSSA_REPAIR,4,270.0,0.21765311158378609
2,1000,2,LXSSA_REPAIR,5,330.0,0.21297468752709392
2,1000,2,LXSSA_REPAIR,6,390.0,0.1905893560660843
2,1000,2,LXSSA_REPAIR,7,450.0,0.1743497855241003
2,1000,2,LXSSA_REPAIR,8,510.0,0.16293087360463687
2,1000,2,LXSSA_REPAIR,9,570.0,0.16232372135073092
2,1000,2,LXSSA_REPAIR,10,630.0,0.16231221274665586
2,1000,2,LXSSA_REPAIR,11,690.0,0.16176422617445496
2,1000,2,LXSSA_REPAIR,12,750.0,0.16123134652116278
2,1000,2,LXSSA_REPAIR,13,810.0,0.15923840076993656
2,1000,2,LXSSA_REPAIR,14,870.0,0.15771190941813984
2,1000,2,LXSSA_REPAIR,15,930.0,0.15771190941813984
2,1000,2,LXSSA_REPAIR,16,990.0,0.1466802625600394
2,1000,2,LXSSA_REPAIR,17,1050.0,0.1459967048585895
2,1000,2,LXSSA_REPAIR,18,1110.0,0.13516751694805862
2,1000,2,LXSSA_REPAIR,19,1170.0,0.13125835475602798
2,1000,2,LXSSA_REPAIR,20,1230.0,0.13097411362650746
2,1000,2,LXSSA_REPAIR,21,1290.0,0.13094826604901755
2,1000,2,LXSSA_REPAIR,22,1350.0,0.13094826604901755
2,1000,2,LXSSA_REPAIR,23,1410.0,0.1309462399667609
2,1000,2,LXSSA_REPAIR,24,1470.0,0.1309462399667609
2,1000,2,LXSSA_REPAIR,25,1530.0,0.13061717503296677
2,1000,2,LXSSA_REPAIR,26,1590.0,0.13017294515248068
2,1000,2,LXSSA_REPAIR,27,1650.0,0.12889232234010706
2,1000,2,LXSSA_REPAIR,28,1710.0,0.12860636845653062
2,1000,2,LXSSA_REPAIR,29,1770.0,0.12858021018928412
2,1000,2,LXSSA_REPAIR,30,1830.0,0.1283485804042357
2,1000,2,LXSSA_REPAIR,31,1890.0,0.127785166349895
2,1000,2,LXSSA_REPAIR,32,1950.0,0.1276144842386202
2,1000,2,LXSSA_REPAIR,33,2010.0,0.1275028769787241
2,1000,2,LXSSA_REPAIR,34,2070.0,0.12747833090361382
2,1000,2,LXSSA_REPAIR,35,2130.0,0.1270345240864117
2,1000,2,LXSSA_REPAIR,36,2190.0,0.12697140579530242
2,1000,2,LXSSA_REPAIR,37,2250.0,0.12695383838217822
2,1000,2,LXSSA_REPAIR,38,2310.0,0.1269490264912747
2,1000,2,LXSSA_REPAIR,39,2370.0,0.12691898683624458
2,1000,2,LXSSA_REPAIR,40,2430.0,0.1268762111058095
2,1000,2,LXSSA_REPAIR,41,2490.0,0.1268628259695106
2,1000,2,LXSSA_REPAIR,42,2550.0,0.12685937626338273
2,1000,2,LXSSA_REPAIR,43,2610.0,0.12685937626338273
2,1000,2,LXSSA_REPAIR,44,2670.0,0.12685396711458452
2,1000,2,LXSSA_REPAIR,45,2730.0,0.12684365941640863
2,1000,2,LXSSA_REPAIR,46,2790.0,0.12684296170573361
2,1000,2,LXSSA_REPAIR,47,2850.0,0.1268421929808028
2,1000,2,LXSSA_REPAIR,48,2910.0,0.12683770342664502
2,1000,2,LXSSA_REPAIR,49,2970.0,0.12683424927672604
2,1000,2,LXSSA_REPAIR,50,3030.0,0.12682272968777397
2,1000,2,LXSSA_REPAIR,51,3090.0,0.12680567107963725
2,1000,2,LXSSA_REPAIR,52,3150.0,0.12680567107963725
2,1000,2,LXSSA_REPAIR,53,3210.0,0.12679742078398704
2,1000,2,LXSSA_REPAIR,54,3270.0,0.12679509214376594
2,1000,2,LXSSA_REPAIR,55,3330.0,0.12679509214376594
2,1000,2,LXSSA_REPAIR,56,3390.0,0.1267944866904145
2,1000,2,LXSSA_REPAIR,57,3450.0,0.12677608941430663
2,1000,2,LXSSA_REPAIR,58,3510.0,0.12676824462232616
2,1000,2,LXSSA_REPAIR,59,3570.0,0.1267674409391475
2,1000,2,LXSSA_REPAIR,60,3630.0,0.1267674409391475
2,1000,2,LXSSA_REPAIR,61,3690.0,0.12676743385600275
2,1000,2,LXSSA_REPAIR,62,3750.0,0.12676737999208854
2,1000,2,LXSSA_REPAIR,63,3810.0,0.12676737999208854
2,1000,2,LXSSA_REPAIR,64,3870.0,0.12676737733181653
2,1000,2,LXSSA_REPAIR,65,3930.0,0.1267658069200479
2,1000,2,LXSSA_REPAIR,66,3990.0,0.1267658069200479
2,1000,2,LXSSA_REPAIR,67,4050.0,0.12676580304650997
2,1000,2,LXSSA_REPAIR,68,4110.0,0.12676569617906353
2,1000,2,LXSSA_REPAIR,69,4170.0,0.12676567282778706
2,1000,2,LXSSA_REPAIR,70,4230.0,0.12676533987541916
2,1000,2,LXSSA_REPAIR,71,4290.0,0.12676517095860618
2,1000,2,LXSSA_REPAIR,72,4350.0,0.12676516913143132
2,1000,2,LXSSA_REPAIR,73,4410.0,0.1267651672633292
2,1000,2,LXSSA_REPAIR,74,4470.0,0.12676514017312002
2,1000,2,LXSSA_REPAIR,75,4530.0,0.1267651355938142
2,1000,2,LXSSA_REPAIR,76,4590.0,0.1267651355938142
2,1000,2,LXSSA_REPAIR,77,4650.0,0.1267651355938142
2,1000,2,LXSSA_REPAIR,78,4710.0,0.12676513525275368
2,1000,2,LXSSA_REPAIR,79,4770.0,0.12676513503174647
2,1000,2,LXSSA_REPAIR,80,4830.0,0.12676512260259187
2,1000,2,LXSSA_REPAIR,81,4890.0,0.12676512174220989
2,1000,2,LXSSA_REPAIR,82,4950.0,0.1267651200396358
2,1000,2,LXSSA_REPAIR,83,5010.0,0.12676511975951144
2,1000,2,LXSSA_REPAIR,84,5070.0,0.12676511973768356
2,1000,2,LXSSA_REPAIR,85,5130.0,0.12676511811332603
2,1000,2,LXSSA_REPAIR,86,5190.0,0.1267651177240623
2,1000,2,LXSSA_REPAIR,87,5250.0,0.1267651166062933
2,1000,2,LXSSA_REPAIR,88,5310.0,0.12676511512290745
2,1000,2,LXSSA_REPAIR,89,5370.0,0.12676511448717065
2,1000,2,LXSSA_REPAIR,90,5430.0,0.12676511448717065
2,1000,2,LXSSA_REPAIR,91,5490.0,0.12676511433073756
2,1000,2,LXSSA_REPAIR,92,5550.0,0.12676511433073756
2,1000,2,LXSSA_REPAIR,93,5610.0,0.12676511433073756
2,1000,2,LXSSA_REPAIR,94,5670.0,0.12676511407153157
2,1000,2,LXSSA_REPAIR,95,5730.0,0.12676511407153157
2,1000,2,LXSSA_REPAIR,96,5790.0,0.12676511400059098
2,1000,2,LXSSA_REPAIR,97,5850.0,0.12676511394238332
2,1000,2,LXSSA_REPAIR,98,5910.0,0.12676511360950826
2,1000,2,LXSSA_REPAIR,99,5970.0,0.1267651134485277
2,1000,2,LXSSA_REPAIR,100,6030.0,0.12676511339032004
2,1000,3,GNNLXSSA,0,30.0,35.08459186158143
2,1000,3,GNNLXSSA,1,275.0,17.45407831893317
2,1000,3,GNNLXSSA,2,288.0,12.533230644636205
2,1000,3,GNNLXSSA,3,300.0,11.31439198591579
2,1000,3,GNNLXSSA,4,314.0,8.593419225007892
2,1000,3,GNNLXSSA,5,328.0,8.198564091750086
2,1000,3,GNNLXSSA,6,341.0,8.173413147522297
2,1000,3,GNNLXSSA,7,354.0,8.039676620517639
2,1000,3,GNNLXSSA,8,368.0,7.241938355236925
2,1000,3,GNNLXSSA,9,382.0,7.241938355236925
2,1000,3,GNNLXSSA,10,396.0,6.997690286500074
2,1000,3,GNNLXSSA,11,410.0,6.997690286500074
2,1000,3,GNNLXSSA,12,424.0,6.997690286500074
2,1000,3,GNNLXSSA,13,438.0,6.74099601157468
2,1000,3,GNNLXSSA,14,451.0,6.74099601157468
2,1000,3,GNNLXSSA,15,465.0,6.609761957886803
2,1000,3,GNNLXSSA,16,479.0,6.609761957886803
2,1000,3,GNNLXSSA,17,493.0,6.296387900181799
2,1000,3,GNNLXSSA,18,506.0,6.292280013858544
2,1000,3,GNNLXSSA,19,520.0,6.292280013858544
2,1000,3,GNNLXSSA,20,533.0,6.292280013858544
2,1000,3,GNNLXSSA,21,547.0,6.274802352310871
2,1000,3,GNNLXSSA,22,561.0,6.186658569879
2,1000,3,GNNLXSSA,23,574.0,6.186658569879
2,1000,3,GNNLXSSA,24,587.0,6.186658569879
2,1000,3,GNNLXSSA,25,601.0,6.186658569879
2,1000,3,GNNLXSSA,26,615.0,6.086691731023166
2,1000,3,GNNLXSSA,27,629.0,6.086691731023166
2,1000,3,GNNLXSSA,28,643.0,6.086691731023166
2,1000,3,GNNLXSSA,29,657.0,6.086691731023166
2,1000,3,GNNLXSSA,30,671.0,6.086691731023166
2,1000,3,GNNLXSSA,31,684.0,5.980142101703677
2,1000,3,GNNLXSSA,32,697.0,5.980142101703677
2,1000,3,GNNLXSSA,33,710.0,5.980142101703677
2,1000,3,GNNLXSSA,34,723.0,5.8978484912040585
2,1000,3,GNNLXSSA,35,737.0,5.857257034736904
2,1000,3,GNNLXSSA,36,751.0,5.779985380313519
2,1000,3,GNNLXSSA,37,763.0,5.779985380313519
2,1000,3,GNNLXSSA,38,777.0,5.779985380313519
2,1000,3,GNNLXSSA,39,791.0,5.509037716385137
2,1000,3,GNNLXSSA,40,805.0,5.509037716385137
2,1000,3,GNNLXSSA,41,819.0,5.509037716385137
2,1000,3,GNNLXSSA,42,832.0,5.427519729813866
2,1000,3,GNNLXSSA,43,846.0,5.427519729813866
2,1000,3,GNNLXSSA,44,860.0,5.427519729813866
2,1000,3,GNNLXSSA,45,873.0,5.427519729813866
2,1000,3,GNNLXSSA,46,887.0,5.427519729813866
2,1000,3,GNNLXSSA,47,901.0,5.427519729813866
2,1000,3,GNNLXSSA,48,915.0,5.427519729813866
2,1000,3,GNNLXSSA,49,928.0,5.427519729813866
2,1000,3,GNNLXSSA,50,942.0,5.427519729813866
2,1000,3,GNNLXSSA,51,956.0,5.427519729813866
2,1000,3,GNNLXSSA,52,970.0,5.427519729813866
2,1000,3,GNNLXSSA,53,983.0,5.427519729813866
2,1000,3,GNNLXSSA,54,997.0,5.427519729813866
2,1000,3,GNNLXSSA,55,1010.0,5.427519729813866
2,1000,3,GNNLXSSA,56,1024.0,5.414988556743992
2,1000,3,GNNLXSSA,57,1037.0,5.414988556743992
2,1000,3,GNNLXSSA,58,1051.0,5.407433666112411
2,1000,3,GNNLXSSA,59,1065.0,5.404206849147158
2,1000,3,GNNLXSSA,60,1079.0,5.376234059600392
2,1000,3,GNNLXSSA,61,1093.0,5.261865001806655
2,1000,3,GNNLXSSA,62,1106.0,5.261865001806655
2,1000,3,GNNLXSSA,63,1119.0,5.085644206308643
2,1000,3,GNNLXSSA,64,1133.0,5.02280593316209
2,1000,3,GNNLXSSA,65,1146.0,5.02280593316209
2,1000,3,GNNLXSSA,66,1160.0,5.004125831002966
2,1000,3,GNNLXSSA,67,1174.0,5.004125831002966
2,1000,3,GNNLXSSA,68,1188.0,5.004125831002966
2,1000,3,GNNLXSSA,69,1202.0,5.004125831002966
2,1000,3,GNNLXSSA,70,1216.0,4.995107121287219
2,1000,3,GNNLXSSA,71,1230.0,4.991926338811027
2,1000,3,GNNLXSSA,72,1243.0,4.9918057545583
2,1000,3,GNNLXSSA,73,1257.0,4.96891835837414
2,1000,3,GNNLXSSA,74,1270.0,4.96891835837414
2,1000,3,GNNLXSSA,75,1283.0,4.960249741518055
2,1000,3,GNNLXSSA,76,1296.0,4.93660134251877
2,1000,3,GNNLXSSA,77,1310.0,4.921985410770503
2,1000,3,GNNLXSSA,78,1324.0,4.921985410770503
2,1000,3,GNNLXSSA,79,1338.0,4.921985410770503
2,1000,3,GNNLXSSA,80,1352.0,4.921975552311778
2,1000,3,GNNLXSSA,81,1366.0,4.921794166128166
2,1000,3,GNNLXSSA,82,1380.0,4.921794166128166
2,1000,3,GNNLXSSA,83,1394.0,4.921794166128166
2,1000,3,GNNLXSSA,84,1408.0,4.921794166128166
2,1000,3,GNNLXSSA,85,1422.0,4.921794166128166
2,1000,3,GNNLXSSA,86,1436.0,4.921777662930253
2,1000,3,GNNLXSSA,87,1449.0,4.921777662930253
2,1000,3,GNNLXSSA,88,1463.0,4.921754101274928
2,1000,3,GNNLXSSA,89,1477.0,4.921754101274928
2,1000,3,GNNLXSSA,90,1491.0,4.921754101274928
2,1000,3,GNNLXSSA,91,1505.0,4.921754101274928
2,1000,3,GNNLXSSA,92,1519.0,4.921754101274928
2,1000,3,GNNLXSSA,93,1533.0,4.92167312456877
2,1000,3,GNNLXSSA,94,1547.0,4.921000988546439
2,1000,3,GNNLXSSA,95,1560.0,4.910978148542199
2,1000,3,GNNLXSSA,96,1573.0,4.910978148542199
2,1000,3,GNNLXSSA,97,1586.0,4.9108261262827
2,1000,3,GNNLXSSA,98,1600.0,4.910822816082145
2,1000,3,GNNLXSSA,99,1614.0,4.909297842870728
2,1000,3,GNNLXSSA,100,1628.0,4.909297842870728
2,1000,3,LXSSA_REPAIR,0,30.0,39.47595313720558
2,1000,3,LXSSA_REPAIR,1,90.0,16.256107267727202
2,1000,3,LXSSA_REPAIR,2,150.0,13.138120535753842
2,1000,3,LXSSA_REPAIR,3,210.0,8.185423192895541
2,1000,3,LXSSA_REPAIR,4,270.0,7.783186449516506
2,1000,3,LXSSA_REPAIR,5,330.0,7.047740905838509
2,1000,3,LXSSA_REPAIR,6,390.0,6.788602329699643
2,1000,3,LXSSA_REPAIR,7,450.0,6.328654084059963
2,1000,3,LXSSA_REPAIR,8,510.0,5.853504417589647
2,1000,3,LXSSA_REPAIR,9,570.0,5.82845720790101
2,1000,3,LXSSA_REPAIR,10,630.0,5.559606280659864
2,1000,3,LXSSA_REPAIR,11,690.0,5.137463498229408
2,1000,3,LXSSA_REPAIR,12,750.0,5.06473604292114
2,1000,3,LXSSA_REPAIR,13,810.0,5.033103381800174
2,1000,3,LXSSA_REPAIR,14,870.0,5.010785877529997
2,1000,3,LXSSA_REPAIR,15,930.0,5.0086112313711055
2,1000,3,LXSSA_REPAIR,16,990.0,5.00784228651537
2,1000,3,LXSSA_REPAIR,17,1050.0,5.007369892522547
2,1000,3,LXSSA_REPAIR,18,1110.0,4.960153406156678
2,1000,3,LXSSA_REPAIR,19,1170.0,4.956841519237059
2,1000,3,LXSSA_REPAIR,20,1230.0,4.952981179954804
2,1000,3,LXSSA_REPAIR,21,1290.0,4.939806406364369
2,1000,3,LXSSA_REPAIR,22,1350.0,4.936317096991843
2,1000,3,LXSSA_REPAIR,23,1410.0,4.929795321815618
2,1000,3,LXSSA_REPAIR,24,1470.0,4.921067236095041
2,1000,3,LXSSA_REPAIR,25,1530.0,4.906360132903501
2,1000,3,LXSSA_REPAIR,26,1590.0,4.867834992679491
2,1000,3,LXSSA_REPAIR,27,1650.0,4.867437423576121
2,1000,3,LXSSA_REPAIR,28,1710.0,4.852160624990574
2,1000,3,LXSSA_REPAIR,29,1770.0,4.767274614874623
2,1000,3,LXSSA_REPAIR,30,1830.0,4.763173782543163
2,1000,3,LXSSA_REPAIR,31,1890.0,4.762263394517504
2,1000,3,LXSSA_REPAIR,32,1950.0,4.7054216322430875
2,1000,3,LXSSA_REPAIR,33,2010.0,4.664639014807108
2,1000,3,LXSSA_REPAIR,34,2070.0,4.61129274526138
2,1000,3,LXSSA_REPAIR,35,2130.0,4.607017811427795
2,1000,3,LXSSA_REPAIR,36,2190.0,4.604104649974033
2,1000,3,LXSSA_REPAIR,37,2250.0,4.601225585998691
2,1000,3,LXSSA_REPAIR,38,2310.0,4.593063461526981
2,1000,3,LXSSA_REPAIR,39,2370.0,4.586024916172391
2,1000,3,LXSSA_REPAIR,40,2430.0,4.550331042812104
2,1000,3,LXSSA_REPAIR,41,2490.0,4.548937104684228
2,1000,3,LXSSA_REPAIR,42,2550.0,4.546948051431173
2,1000,3,LXSSA_REPAIR,43,2610.0,4.545849060708861
2,1000,3,LXSSA_REPAIR,44,2670.0,4.522170184842253
2,1000,3,LXSSA_REPAIR,45,2730.0,4.4068355227227585
2,1000,3,LXSSA_REPAIR,46,2790.0,4.375999895910354
2,1000,3,LXSSA_REPAIR,47,2850.0,4.364138292050484
2,1000,3,LXSSA_REPAIR,48,2910.0,4.351764355731575
2,1000,3,LXSSA_REPAIR,49,2970.0,4.322753992888465
2,1000,3,LXSSA_REPAIR,50,3030.0,4.32224891286387
2,1000,3,LXSSA_REPAIR,51,3090.0,4.321203356274054
2,1000,3,LXSSA_REPAIR,52,3150.0,4.321120013124528
2,1000,3,LXSSA_REPAIR,53,3210.0,4.321120013124528
2,1000,3,LXSSA_REPAIR,54,3270.0,4.320543261121202
2,1000,3,LXSSA_REPAIR,55,3330.0,4.320076613070341
2,1000,3,LXSSA_REPAIR,56,3390.0,4.3160581407191785
2,1000,3,LXSSA_REPAIR,57,3450.0,4.3155721480470675
2,1000,3,LXSSA_REPAIR,58,3510.0,4.3124739250670245
2,1000,3,LXSSA_REPAIR,59,3570.0,4.303785500691447
2,1000,3,LXSSA_REPAIR,60,3630.0,4.2989983038460196
2,1000,3,LXSSA_REPAIR,61,3690.0,4.295026566878732
2,1000,3,LXSSA_REPAIR,62,3750.0,4.293810485460199
2,1000,3,LXSSA_REPAIR,63,3810.0,4.293719104654883
2,1000,3,LXSSA_REPAIR,64,3870.0,4.292422246526257
2,1000,3,LXSSA_REPAIR,65,3930.0,4.290943362580947
2,1000,3,LXSSA_REPAIR,66,3990.0,4.289731698723699
2,1000,3,LXSSA_REPAIR,67,4050.0,4.286554109157805
2,1000,3,LXSSA_REPAIR,68,4110.0,4.284022810576062
2,1000,3,LXSSA_REPAIR,69,4170.0,4.2820981298573315
2,1000,3,LXSSA_REPAIR,70,4230.0,4.281422213523911
2,1000,3,LXSSA_REPAIR,71,4290.0,4.281422213523911
2,1000,3,LXSSA_REPAIR,72,4350.0,4.281236302425896
2,1000,3,LXSSA_REPAIR,73,4410.0,4.2811469941843825
2,1000,3,LXSSA_REPAIR,74,4470.0,4.281050131216034
2,1000,3,LXSSA_REPAIR,75,4530.0,4.280842791142277
2,1000,3,LXSSA_REPAIR,76,4590.0,4.280725115420864
2,1000,3,LXSSA_REPAIR,77,4650.0,4.280229746347686
2,1000,3,LXSSA_REPAIR,78,4710.0,4.27898722163809
2,1000,3,LXSSA_REPAIR,79,4770.0,4.2784844839297875
2,1000,3,LXSSA_REPAIR,80,4830.0,4.278256078792765
2,1000,3,LXSSA_REPAIR,81,4890.0,4.2781017148336105
2,1000,3,LXSSA_REPAIR,82,4950.0,4.2779086609625665
2,1000,3,LXSSA_REPAIR,83,5010.0,4.277540020302695
2,1000,3,LXSSA_REPAIR,84,5070.0,4.276875448802457
2,1000,3,LXSSA_REPAIR,85,5130.0,4.276787733468154
2,1000,3,LXSSA_REPAIR,86,5190.0,4.276783679621076
2,1000,3,LXSSA_REPAIR,87,5250.0,4.276754577331303
2,1000,3,LXSSA_REPAIR,88,5310.0,4.276731461710369
2,1000,3,LXSSA_REPAIR,89,5370.0,4.2766822755347675
2,1000,3,LXSSA_REPAIR,90,5430.0,4.276617842560881
2,1000,3,LXSSA_REPAIR,91,5490.0,4.2766166409255675
2,1000,3,LXSSA_REPAIR,92,5550.0,4.276609621370881
2,1000,3,LXSSA_REPAIR,93,5610.0,4.2765976048340235
2,1000,3,LXSSA_REPAIR,94,5670.0,4.27658314047585
2,1000,3,LXSSA_REPAIR,95,5730.0,4.276557265266092
2,1000,3,LXSSA_REPAIR,96,5790.0,4.276546726203378
2,1000,3,LXSSA_REPAIR,97,5850.0,4.276534861768596
2,1000,3,LXSSA_REPAIR,98,5910.0,4.276520291869019
2,1000,3,LXSSA_REPAIR,99,5970.0,4.276489472251342
2,1000,3,LXSSA_REPAIR,100,6030.0,4.276452827460162
2,1000,4,GNNLXSSA,0,30.0,134.22794981284278
2,1000,4,GNNLXSSA,1,340.0,77.32686895972438
2,1000,4,GNNLXSSA,2,352.0,68.0073836442134
2,1000,4,GNNLXSSA,3,366.0,59.593912893620654
2,1000,4,GNNLXSSA,4,379.0,53.69977265933812
2,1000,4,GNNLXSSA,5,393.0,53.69977265933812
2,1000,4,GNNLXSSA,6,406.0,48.076113369581435
2,1000,4,GNNLXSSA,7,420.0,38.93349016549291
2,1000,4,GNNLXSSA,8,434.0,38.93349016549291
2,1000,4,GNNLXSSA,9,447.0,38.93349016549291
2,1000,4,GNNLXSSA,10,461.0,38.93349016549291
2,1000,4,GNNLXSSA,11,474.0,38.92155117444781
2,1000,4,GNNLXSSA,12,487.0,38.92155117444781
2,1000,4,GNNLXSSA,13,501.0,38.92155117444781
2,1000,4,GNNLXSSA,14,515.0,38.15797952391222
2,1000,4,GNNLXSSA,15,528.0,36.33659926522705
2,1000,4,GNNLXSSA,16,541.0,36.33659926522705
2,1000,4,GNNLXSSA,17,555.0,34.309547871671384
2,1000,4,GNNLXSSA,18,569.0,34.309547871671384
2,1000,4,GNNLXSSA,19,582.0,34.309547871671384
2,1000,4,GNNLXSSA,20,595.0,34.309547871671384
2,1000,4,GNNLXSSA,21,608.0,34.309547871671384
2,1000,4,GNNLXSSA,22,622.0,34.309547871671384
2,1000,4,GNNLXSSA,23,636.0,34.309547871671384
2,1000,4,GNNLXSSA,24,650.0,34.309547871671384
2,1000,4,GNNLXSSA,25,664.0,34.309547871671384
2,1000,4,GNNLXSSA,26,678.0,34.309547871671384
2,1000,4,GNNLXSSA,27,691.0,34.309547871671384
2,1000,4,GNNLXSSA,28,703.0,33.091985868219126
2,1000,4,GNNLXSSA,29,717.0,33.091985868219126
2,1000,4,GNNLXSSA,30,730.0,33.091985868219126
2,1000,4,GNNLXSSA,31,744.0,33.091985868219126
2,1000,4,GNNLXSSA,32,757.0,33.091985868219126
2,1000,4,GNNLXSSA,33,771.0,33.091985868219126
2,1000,4,GNNLXSSA,34,784.0,33.091985868219126
2,1000,4,GNNLXSSA,35,797.0,33.091985868219126
2,1000,4,GNNLXSSA,36,811.0,33.091985868219126
2,1000,4,GNNLXSSA,37,825.0,31.354800737599362
2,1000,4,GNNLXSSA,38,839.0,29.09639862649783
2,1000,4,GNNLXSSA,39,853.0,29.09639862649783
2,1000,4,GNNLXSSA,40,867.0,29.09639862649783
2,1000,4,GNNLXSSA,41,881.0,29.09639862649783
2,1000,4,GNNLXSSA,42,895.0,29.09639862649783
2,1000,4,GNNLXSSA,43,909.0,29.09639862649783
2,1000,4,GNNLXSSA,44,922.0,28.49510452299546
2,1000,4,GNNLXSSA,45,936.0,28.49510452299546
2,1000,4,GNNLXSSA,46,950.0,28.49510452299546
2,1000,4,GNNLXSSA,47,964.0,28.49510452299546
2,1000,4,GNNLXSSA,48,978.0,28.49510452299546
2,1000,4,GNNLXSSA,49,992.0,28.49510452299546
2,1000,4,GNNLXSSA,50,1006.0,28.49510452299546
2,1000,4,GNNLXSSA,51,1020.0,28.49510452299546
2,1000,4,GNNLXSSA,52,1034.0,28.49510452299546
2,1000,4,GNNLXSSA,53,1047.0,28.49510452299546
2,1000,4,GNNLXSSA,54,1060.0,28.49510452299546
2,1000,4,GNNLXSSA,55,1073.0,28.49510452299546
2,1000,4,GNNLXSSA,56,1087.0,28.49510452299546
2,1000,4,GNNLXSSA,57,1100.0,28.49510452299546
2,1000,4,GNNLXSSA,58,1114.0,28.49510452299546
2,1000,4,GNNLXSSA,59,1127.0,28.49510452299546
2,1000,4,GNNLXSSA,60,1141.0,28.386552268333617
2,1000,4,GNNLXSSA,61,1155.0,28.386552268333617
2,1000,4,GNNLXSSA,62,1168.0,28.286356071630507
2,1000,4,GNNLXSSA,63,1181.0,28.286356071630507
2,1000,4,GNNLXSSA,64,1194.0,28.257125245818315
2,1000,4,GNNLXSSA,65,1207.0,28.245199576520463
2,1000,4,GNNLXSSA,66,1221.0,28.245199576520463
2,1000,4,GNNLXSSA,67,1235.0,28.04198977708802
2,1000,4,GNNLXSSA,68,1249.0,27.99347126602879
2,1000,4,GNNLXSSA,69,1263.0,27.99347126602879
2,1000,4,GNNLXSSA,70,1277.0,27.970939257575083
2,1000,4,GNNLXSSA,71,1291.0,27.927094293250775
2,1000,4,GNNLXSSA,72,1305.0,27.853616444912404
2,1000,4,GNNLXSSA,73,1319.0,27.853616444912404
2,1000,4,GNNLXSSA,74,1333.0,27.853233634583376
2,1000,4,GNNLXSSA,75,1347.0,27.853233634583376
2,1000,4,GNNLXSSA,76,1361.0,27.84867844423934
2,1000,4,GNNLXSSA,77,1374.0,27.847253932042804
2,1000,4,GNNLXSSA,78,1388.0,27.847253932042804
2,1000,4,GNNLXSSA,79,1402.0,27.846361957592308
2,1000,4,GNNLXSSA,80,1416.0,27.842379470828746
2,1000,4,GNNLXSSA,81,1430.0,27.80123760904098
2,1000,4,GNNLXSSA,82,1444.0,27.79856890985684
2,1000,4,GNNLXSSA,83,1457.0,27.770744115739944
2,1000,4,GNNLXSSA,84,1471.0,27.745911906744368
2,1000,4,GNNLXSSA,85,1485.0,27.726172191538353
2,1000,4,GNNLXSSA,86,1499.0,27.71884255871919
2,1000,4,GNNLXSSA,87,1513.0,27.710230456154022
2,1000,4,GNNLXSSA,88,1527.0,27.112703487158797
2,1000,4,GNNLXSSA,89,1541.0,27.04854533582875
2,1000,4,GNNLXSSA,90,1554.0,27.02421752263035
2,1000,4,GNNLXSSA,91,1567.0,27.023575821749546
2,1000,4,GNNLXSSA,92,1581.0,26.69044845125063
2,1000,4,GNNLXSSA,93,1595.0,26.66826656001831
2,1000,4,GNNLXSSA,94,1609.0,26.59660033836917
2,1000,4,GNNLXSSA,95,1622.0,26.596594087177436
2,1000,4,GNNLXSSA,96,1636.0,26.555733975037583
2,1000,4,GNNLXSSA,97,1650.0,26.53428264419017
2,1000,4,GNNLXSSA,98,1664.0,26.38982163955552
2,1000,4,GNNLXSSA,99,1678.0,26.167789951772647
2,1000,4,GNNLXSSA,100,1691.0,26.167789951772647
2,1000,4,LXSSA_REPAIR,0,30.0,138.1931588196603
2,1000,4,LXSSA_REPAIR,1,90.0,84.96312087776096
2,1000,4,LXSSA_REPAIR,2,150.0,69.44790084512351
2,1000,4,LXSSA_REPAIR,3,210.0,57.752335867549846
2,1000,4,LXSSA_REPAIR,4,270.0,51.43740832795629
2,1000,4,LXSSA_REPAIR,5,330.0,48.31926601627674
2,1000,4,LXSSA_REPAIR,6,390.0,45.08147628665756
2,1000,4,LXSSA_REPAIR,7,450.0,38.944828521965974
2,1000,4,LXSSA_REPAIR,8,510.0,34.46801855024023
2,1000,4,LXSSA_REPAIR,9,570.0,32.96584580824674
2,1000,4,LXSSA_REPAIR,10,630.0,32.472779342135254
2,1000,4,LXSSA_REPAIR,11,690.0,32.013983454209665
2,1000,4,LXSSA_REPAIR,12,750.0,31.684514785561987
2,1000,4,LXSSA_REPAIR,13,810.0,31.601818952922258
2,1000,4,LXSSA_REPAIR,14,870.0,31.5987849010653
2,1000,4,LXSSA_REPAIR,15,930.0,31.1096787607421
2,1000,4,LXSSA_REPAIR,16,990.0,30.624377083693616
2,1000,4,LXSSA_REPAIR,17,1050.0,30.624377083693616
2,1000,4,LXSSA_REPAIR,18,1110.0,30.537991363280526
2,1000,4,LXSSA_REPAIR,19,1170.0,30.310390965871193
2,1000,4,LXSSA_REPAIR,20,1230.0,30.13013128928651
2,1000,4,LXSSA_REPAIR,21,1290.0,29.962385636341423
2,1000,4,LXSSA_REPAIR,22,1350.0,29.96130043008634
2,1000,4,LXSSA_REPAIR,23,1410.0,29.947252200117873
2,1000,4,LXSSA_REPAIR,24,1470.0,29.885493164323634
2,1000,4,LXSSA_REPAIR,25,1530.0,29.706748252496254
2,1000,4,LXSSA_REPAIR,26,1590.0,29.647856529618366
2,1000,4,LXSSA_REPAIR,27,1650.0,29.33191602736042
2,1000,4,LXSSA_REPAIR,28,1710.0,28.942496751826184
2,1000,4,LXSSA_REPAIR,29,1770.0,28.729228196267286
2,1000,4,LXSSA_REPAIR,30,1830.0,28.671312259624756
2,1000,4,LXSSA_REPAIR,31,1890.0,28.340755545301363
2,1000,4,LXSSA_REPAIR,32,1950.0,28.019330229899424
2,1000,4,LXSSA_REPAIR,33,2010.0,27.675991180405617
2,1000,4,LXSSA_REPAIR,34,2070.0,27.62060075989575
2,1000,4,LXSSA_REPAIR,35,2130.0,27.431913467464256
2,1000,4,LXSSA_REPAIR,36,2190.0,27.280432433582973
2,1000,4,LXSSA_REPAIR,37,2250.0,26.998467084309596
2,1000,4,LXSSA_REPAIR,38,2310.0,26.78214925503744
2,1000,4,LXSSA_REPAIR,39,2370.0,26.767146761330878
2,1000,4,LXSSA_REPAIR,40,2430.0,26.678775435759235
2,1000,4,LXSSA_REPAIR,41,2490.0,26.557629331766293
2,1000,4,LXSSA_REPAIR,42,2550.0,26.401664373854146
2,1000,4,LXSSA_REPAIR,43,2610.0,26.35826985951462
2,1000,4,LXSSA_REPAIR,44,2670.0,26.114925838013733
2,1000,4,LXSSA_REPAIR,45,2730.0,26.085104143701756
2,1000,4,LXSSA_REPAIR,46,2790.0,26.01690650288583
2,1000,4,LXSSA_REPAIR,47,2850.0,25.98749576879345
2,1000,4,LXSSA_REPAIR,48,2910.0,25.985093955550838
2,1000,4,LXSSA_REPAIR,49,2970.0,25.951205180528632
2,1000,4,LXSSA_REPAIR,50,3030.0,25.930733315763064
2,1000,4,LXSSA_REPAIR,51,3090.0,25.930602014992473
2,1000,4,LXSSA_REPAIR,52,3150.0,25.92768865891958
2,1000,4,LXSSA_REPAIR,53,3210.0,25.926995447509398
2,1000,4,LXSSA_REPAIR,54,3270.0,25.920416154483974
2,1000,4,LXSSA_REPAIR,55,3330.0,25.907212020874795
2,1000,4,LXSSA_REPAIR,56,3390.0,25.899046255724897
2,1000,4,LXSSA_REPAIR,57,3450.0,25.894471691737635
2,1000,4,LXSSA_REPAIR,58,3510.0,25.891583125065154
2,1000,4,LXSSA_REPAIR,59,3570.0,25.744204322691076
2,1000,4,LXSSA_REPAIR,60,3630.0,25.720815853177555
2,1000,4,LXSSA_REPAIR,61,3690.0,25.7057939052047
2,1000,4,LXSSA_REPAIR,62,3750.0,25.654174615998272
2,1000,4,LXSSA_REPAIR,63,3810.0,25.647769181936383
2,1000,4,LXSSA_REPAIR,64,3870.0,25.62126152511155
2,1000,4,LXSSA_REPAIR,65,3930.0,25.504501063844145
2,1000,4,LXSSA_REPAIR,66,3990.0,25.376644590705837
2,1000,4,LXSSA_REPAIR,67,4050.0,25.364349843224772
2,1000,4,LXSSA_REPAIR,68,4110.0,25.36429593106368
2,1000,4,LXSSA_REPAIR,69,4170.0,25.361979190007332
2,1000,4,LXSSA_REPAIR,70,4230.0,25.35298547284401
2,1000,4,LXSSA_REPAIR,71,4290.0,25.336366251403888
2,1000,4,LXSSA_REPAIR,72,4350.0,25.313711882105054
2,1000,4,LXSSA_REPAIR,73,4410.0,25.30430727736166
2,1000,4,LXSSA_REPAIR,74,4470.0,25.304237567564996
2,1000,4,LXSSA_REPAIR,75,4530.0,25.30373627083827
2,1000,4,LXSSA_REPAIR,76,4590.0,25.30351117142527
2,1000,4,LXSSA_REPAIR,77,4650.0,25.303337772505984
2,1000,4,LXSSA_REPAIR,78,4710.0,25.30244866751127
2,1000,4,LXSSA_REPAIR,79,4770.0,25.300702961980278
2,1000,4,LXSSA_REPAIR,80,4830.0,25.300432758778697
2,1000,4,LXSSA_REPAIR,81,4890.0,25.30041790301948
2,1000,4,LXSSA_REPAIR,82,4950.0,25.300356944886516
2,1000,4,LXSSA_REPAIR,83,5010.0,25.300066727297235
2,1000,4,LXSSA_REPAIR,84,5070.0,25.299833960096294
2,1000,4,LXSSA_REPAIR,85,5130.0,25.29864170719702
2,1000,4,LXSSA_REPAIR,86,5190.0,25.29506468908221
2,1000,4,LXSSA_REPAIR,87,5250.0,25.287691232289944
2,1000,4,LXSSA_REPAIR,88,5310.0,25.284420676645823
2,1000,4,LXSSA_REPAIR,89,5370.0,25.284258072621014
2,1000,4,LXSSA_REPAIR,90,5430.0,25.28421838842769
2,1000,4,LXSSA_REPAIR,91,5490.0,25.28417364444067
2,1000,4,LXSSA_REPAIR,92,5550.0,25.2840977741198
2,1000,4,LXSSA_REPAIR,93,5610.0,25.284015909261143
2,1000,4,LXSSA_REPAIR,94,5670.0,25.283823844869403
2,1000,4,LXSSA_REPAIR,95,5730.0,25.283424460405513
2,1000,4,LXSSA_REPAIR,96,5790.0,25.283171894112456
2,1000,4,LXSSA_REPAIR,97,5850.0,25.282856143576282
2,1000,4,LXSSA_REPAIR,98,5910.0,25.282847250629857
2,1000,4,LXSSA_REPAIR,99,5970.0,25.282757517139544
2,1000,4,LXSSA_REPAIR,100,6030.0,25.28271447206862
2,1000,5,GNNLXSSA,0,30.0,312.01378443638896
2,1000,5,GNNLXSSA,1,403.0,212.72056915382927
2,1000,5,GNNLXSSA,2,417.0,198.0899640184216
2,1000,5,GNNLXSSA,3,431.0,179.62295893338887
2,1000,5,GNNLXSSA,4,444.0,176.57730564288067
2,1000,5,GNNLXSSA,5,458.0,147.6122533651578
2,1000,5,GNNLXSSA,6,471.0,139.23497237548509
2,1000,5,GNNLXSSA,7,484.0,131.7841225860393
2,1000,5,GNNLXSSA,8,497.0,131.2428561005363
2,1000,5,GNNLXSSA,9,511.0,128.64745209584362
2,1000,5,GNNLXSSA,10,525.0,128.64745209584362
2,1000,5,GNNLXSSA,11,539.0,126.0118061871508
2,1000,5,GNNLXSSA,12,552.0,125.47786172652559
2,1000,5,GNNLXSSA,13,566.0,118.01886983050281
2,1000,5,GNNLXSSA,14,580.0,118.01886983050281
2,1000,5,GNNLXSSA,15,594.0,117.25131347820934
2,1000,5,GNNLXSSA,16,608.0,117.25131347820934
2,1000,5,GNNLXSSA,17,622.0,117.25131347820934
2,1000,5,GNNLXSSA,18,635.0,117.25131347820934
2,1000,5,GNNLXSSA,19,649.0,117.25131347820934
2,1000,5,GNNLXSSA,20,663.0,117.25131347820934
2,1000,5,GNNLXSSA,21,675.0,117.25131347820934
2,1000,5,GNNLXSSA,22,689.0,117.25131347820934
2,1000,5,GNNLXSSA,23,703.0,114.45930757314636
2,1000,5,GNNLXSSA,24,717.0,114.45930757314636
2,1000,5,GNNLXSSA,25,730.0,110.52047953992587
2,1000,5,GNNLXSSA,26,744.0,110.52047953992587
2,1000,5,GNNLXSSA,27,758.0,110.52047953992587
2,1000,5,GNNLXSSA,28,772.0,109.01161198864793
2,1000,5,GNNLXSSA,29,786.0,109.01161198864793
2,1000,5,GNNLXSSA,30,800.0,109.01161198864793
2,1000,5,GNNLXSSA,31,814.0,105.73177565498918
2,1000,5,GNNLXSSA,32,828.0,104.88916756229446
2,1000,5,GNNLXSSA,33,842.0,104.88916756229446
2,1000,5,GNNLXSSA,34,856.0,103.19995293958709
2,1000,5,GNNLXSSA,35,870.0,103.19995293958709
2,1000,5,GNNLXSSA,36,883.0,103.19995293958709
2,1000,5,GNNLXSSA,37,897.0,103.19995293958709
2,1000,5,GNNLXSSA,38,911.0,103.19995293958709
2,1000,5,GNNLXSSA,39,925.0,101.65122773632538
2,1000,5,GNNLXSSA,40,939.0,101.65122773632538
2,1000,5,GNNLXSSA,41,953.0,101.25702944639852
2,1000,5,GNNLXSSA,42,967.0,101.12273707447457
2,1000,5,GNNLXSSA,43,981.0,99.81897625632337
2,1000,5,GNNLXSSA,44,994.0,96.20966612738994
2,1000,5,GNNLXSSA,45,1008.0,91.72408275879206
2,1000,5,GNNLXSSA,46,1022.0,91.72408275879206
2,1000,5,GNNLXSSA,47,1036.0,91.72408275879206
2,1000,5,GNNLXSSA,48,1050.0,91.72408275879206
2,1000,5,GNNLXSSA,49,1063.0,91.72408275879206
2,1000,5,GNNLXSSA,50,1077.0,91.72408275879206
2,1000,5,GNNLXSSA,51,1090.0,91.72408275879206
2,1000,5,GNNLXSSA,52,1103.0,91.72408275879206
2,1000,5,GNNLXSSA,53,1117.0,91.72408275879206
2,1000,5,GNNLXSSA,54,1130.0,91.72408275879206
2,1000,5,GNNLXSSA,55,1144.0,91.72408275879206
2,1000,5,GNNLXSSA,56,1157.0,91.72408275879206
2,1000,5,GNNLXSSA,57,1171.0,91.72408275879206
2,1000,5,GNNLXSSA,58,1185.0,91.72408275879206
2,1000,5,GNNLXSSA,59,1199.0,91.4456654062451
2,1000,5,GNNLXSSA,60,1212.0,91.4456654062451
2,1000,5,GNNLXSSA,61,1225.0,91.4456654062451
2,1000,5,GNNLXSSA,62,1239.0,91.13448648423218
2,1000,5,GNNLXSSA,63,1251.0,90.06246186344652
2,1000,5,GNNLXSSA,64,1265.0,89.28186843066942
2,1000,5,GNNLXSSA,65,1279.0,87.72638656189156
2,1000,5,GNNLXSSA,66,1293.0,86.92967618644252
2,1000,5,GNNLXSSA,67,1307.0,85.63204385039353
2,1000,5,GNNLXSSA,68,1320.0,85.590812748389
2,1000,5,GNNLXSSA,69,1334.0,85.2823426184732
2,1000,5,GNNLXSSA,70,1348.0,85.2823426184732
2,1000,5,GNNLXSSA,71,1362.0,85.2823426184732
2,1000,5,GNNLXSSA,72,1376.0,85.2823426184732
2,1000,5,GNNLXSSA,73,1390.0,85.2823426184732
2,1000,5,GNNLXSSA,74,1404.0,85.2823426184732
2,1000,5,GNNLXSSA,75,1417.0,84.83787066286459
2,1000,5,GNNLXSSA,76,1430.0,84.83787066286459
2,1000,5,GNNLXSSA,77,1444.0,84.81148544370808
2,1000,5,GNNLXSSA,78,1457.0,84.15616655753911
2,1000,5,GNNLXSSA,79,1470.0,84.15616655753911
2,1000,5,GNNLXSSA,80,1484.0,84.15616655753911
2,1000,5,GNNLXSSA,81,1497.0,84.15616655753911
2,1000,5,GNNLXSSA,82,1511.0,84.15616655753911
2,1000,5,GNNLXSSA,83,1524.0,84.15616655753911
2,1000,5,GNNLXSSA,84,1538.0,83.44188532562112
2,1000,5,GNNLXSSA,85,1552.0,83.44188532562112
2,1000,5,GNNLXSSA,86,1566.0,83.44188532562112
2,1000,5,GNNLXSSA,87,1580.0,83.44188532562112
2,1000,5,GNNLXSSA,88,1594.0,83.44188532562112
2,1000,5,GNNLXSSA,89,1606.0,83.44188532562112
2,1000,5,GNNLXSSA,90,1619.0,83.44188532562112
2,1000,5,GNNLXSSA,91,1633.0,83.44188532562112
2,1000,5,GNNLXSSA,92,1647.0,82.93603584925586
2,1000,5,GNNLXSSA,93,1661.0,82.8701278140652
2,1000,5,GNNLXSSA,94,1674.0,82.8701278140652
2,1000,5,GNNLXSSA,95,1688.0,82.8701278140652
2,1000,5,GNNLXSSA,96,1701.0,82.8701278140652
2,1000,5,GNNLXSSA,97,1714.0,82.87009518274863
2,1000,5,GNNLXSSA,98,1728.0,82.41863737331732
2,1000,5,GNNLXSSA,99,1742.0,82.35636328766122
2,1000,5,GNNLXSSA,100,1756.0,82.35609091976221
2,1000,5,LXSSA_REPAIR,0,30.0,324.532204299805
2,1000,5,LXSSA_REPAIR,1,90.0,232.24947397888536
2,1000,5,LXSSA_REPAIR,2,150.0,213.56328046629642
2,1000,5,LXSSA_REPAIR,3,210.0,179.58548656689163
2,1000,5,LXSSA_REPAIR,4,270.0,167.1098508205614
2,1000,5,LXSSA_REPAIR,5,330.0,149.77478218916076
2,1000,5,LXSSA_REPAIR,6,390.0,140.8551510820289
2,1000,5,LXSSA_REPAIR,7,450.0,133.1172019374062
2,1000,5,LXSSA_REPAIR,8,510.0,129.03514952473415
2,1000,5,LXSSA_REPAIR,9,570.0,125.84362851748301
2,1000,5,LXSSA_REPAIR,10,630.0,117.79289627416438
2,1000,5,LXSSA_REPAIR,11,690.0,115.7658545256163
2,1000,5,LXSSA_REPAIR,12,750.0,112.17627260185691
2,1000,5,LXSSA_REPAIR,13,810.0,111.0321151322023
2,1000,5,LXSSA_REPAIR,14,870.0,110.85676155120382
2,1000,5,LXSSA_REPAIR,15,930.0,109.17220464155616
2,1000,5,LXSSA_REPAIR,16,990.0,109.00767709308639
2,1000,5,LXSSA_REPAIR,17,1050.0,108.91434159578057
2,1000,5,LXSSA_REPAIR,18,1110.0,105.60081844214437
2,1000,5,LXSSA_REPAIR,19,1170.0,105.27873526807525
2,1000,5,LXSSA_REPAIR,20,1230.0,105.12925216582516
2,1000,5,LXSSA_REPAIR,21,1290.0,104.99140529487704
2,1000,5,LXSSA_REPAIR,22,1350.0,104.12340044596203
2,1000,5,LXSSA_REPAIR,23,1410.0,104.09877619763938
2,1000,5,LXSSA_REPAIR,24,1470.0,104.06506913602425
2,1000,5,LXSSA_REPAIR,25,1530.0,104.02305320063533
2,1000,5,LXSSA_REPAIR,26,1590.0,103.89392206437697
2,1000,5,LXSSA_REPAIR,27,1650.0,102.83687754825951
2,1000,5,LXSSA_REPAIR,28,1710.0,102.42232769260954
2,1000,5,LXSSA_REPAIR,29,1770.0,101.75395313434638
2,1000,5,LXSSA_REPAIR,30,1830.0,97.32521641142739
2,1000,5,LXSSA_REPAIR,31,1890.0,94.83438530788408
2,1000,5,LXSSA_REPAIR,32,1950.0,94.61961509663524
2,1000,5,LXSSA_REPAIR,33,2010.0,92.77979777839573
2,1000,5,LXSSA_REPAIR,34,2070.0,92.6672730874925
2,1000,5,LXSSA_REPAIR,35,2130.0,92.15464997167874
2,1000,5,LXSSA_REPAIR,36,2190.0,91.52790720768462
2,1000,5,LXSSA_REPAIR,37,2250.0,91.27093394782423
2,1000,5,LXSSA_REPAIR,38,2310.0,91.18251797938865
2,1000,5,LXSSA_REPAIR,39,2370.0,90.98692422759632
2,1000,5,LXSSA_REPAIR,40,2430.0,90.80435050536107
2,1000,5,LXSSA_REPAIR,41,2490.0,90.5766758501668
2,1000,5,LXSSA_REPAIR,42,2550.0,90.33097911459117
2,1000,5,LXSSA_REPAIR,43,2610.0,90.25616101108972
2,1000,5,LXSSA_REPAIR,44,2670.0,90.1588426000053
2,1000,5,LXSSA_REPAIR,45,2730.0,90.01602923041719
2,1000,5,LXSSA_REPAIR,46,2790.0,89.97802887053331
2,1000,5,LXSSA_REPAIR,47,2850.0,89.6543420606722
2,1000,5,LXSSA_REPAIR,48,2910.0,89.58173542469376
2,1000,5,LXSSA_REPAIR,49,2970.0,89.15782636521908
2,1000,5,LXSSA_REPAIR,50,3030.0,88.85315747365894
2,1000,5,LXSSA_REPAIR,51,3090.0,88.13785518034638
2,1000,5,LXSSA_REPAIR,52,3150.0,88.09240319825403
2,1000,5,LXSSA_REPAIR,53,3210.0,87.91402949767507
2,1000,5,LXSSA_REPAIR,54,3270.0,87.84450620255666
2,1000,5,LXSSA_REPAIR,55,3330.0,87.60975750707439
2,1000,5,LXSSA_REPAIR,56,3390.0,87.53384973424181
2,1000,5,LXSSA_REPAIR,57,3450.0,87.51987309751348
2,1000,5,LXSSA_REPAIR,58,3510.0,87.34308506198067
2,1000,5,LXSSA_REPAIR,59,3570.0,86.81318129132342
2,1000,5,LXSSA_REPAIR,60,3630.0,86.56746214485611
2,1000,5,LXSSA_REPAIR,61,3690.0,86.4572746529011
2,1000,5,LXSSA_REPAIR,62,3750.0,86.35535089949917
2,1000,5,LXSSA_REPAIR,63,3810.0,85.8334857340451
2,1000,5,LXSSA_REPAIR,64,3870.0,85.46529974837904
2,1000,5,LXSSA_REPAIR,65,3930.0,84.9597317298867
2,1000,5,LXSSA_REPAIR,66,3990.0,84.65252041309941
2,1000,5,LXSSA_REPAIR,67,4050.0,84.0032754306485
2,1000,5,LXSSA_REPAIR,68,4110.0,83.99822004840826
2,1000,5,LXSSA_REPAIR,69,4170.0,83.92395753199526
2,1000,5,LXSSA_REPAIR,70,4230.0,83.87647871577428
2,1000,5,LXSSA_REPAIR,71,4290.0,83.80195502682909
2,1000,5,LXSSA_REPAIR,72,4350.0,83.715849042841
2,1000,5,LXSSA_REPAIR,73,4410.0,83.69773904346948
2,1000,5,LXSSA_REPAIR,74,4470.0,83.64088242658181
2,1000,5,LXSSA_REPAIR,75,4530.0,83.48369252058183
2,1000,5,LXSSA_REPAIR,76,4590.0,83.37155012071526
2,1000,5,LXSSA_REPAIR,77,4650.0,83.27954061729906
2,1000,5,LXSSA_REPAIR,78,4710.0,83.27930047088375
2,1000,5,LXSSA_REPAIR,79,4770.0,83.23144243091156
2,1000,5,LXSSA_REPAIR,80,4830.0,83.19936530542327
2,1000,5,LXSSA_REPAIR,81,4890.0,83.14974303452982
2,1000,5,LXSSA_REPAIR,82,4950.0,83.13213552719753
2,1000,5,LXSSA_REPAIR,83,5010.0,83.12435982366151
2,1000,5,LXSSA_REPAIR,84,5070.0,83.12348199490953
2,1000,5,LXSSA_REPAIR,85,5130.0,83.12245480608544
2,1000,5,LXSSA_REPAIR,86,5190.0,83.12013930227113
2,1000,5,LXSSA_REPAIR,87,5250.0,83.11738391084509
2,1000,5,LXSSA_REPAIR,88,5310.0,83.11327875377901
2,1000,5,LXSSA_REPAIR,89,5370.0,83.10157622901534
2,1000,5,LXSSA_REPAIR,90,5430.0,83.05038279277142
2,1000,5,LXSSA_REPAIR,91,5490.0,82.94792845247503
2,1000,5,LXSSA_REPAIR,92,5550.0,82.9458076387491
2,1000,5,LXSSA_REPAIR,93,5610.0,82.94418336402305
2,1000,5,LXSSA_REPAIR,94,5670.0,82.94299140177463
2,1000,5,LXSSA_REPAIR,95,5730.0,82.93951018386724
2,1000,5,LXSSA_REPAIR,96,5790.0,82.93223060520177
2,1000,5,LXSSA_REPAIR,97,5850.0,82.91815204593149
2,1000,5,LXSSA_REPAIR,98,5910.0,82.91526907308435
2,1000,5,LXSSA_REPAIR,99,5970.0,82.91406492289752
2,1000,5,LXSSA_REPAIR,100,6030.0,82.91382495849757
2,1000,6,GNNLXSSA,0,30.0,580.6775541941352
2,1000,6,GNNLXSSA,1,467.0,468.76182441059063
2,1000,6,GNNLXSSA,2,481.0,402.22729325909313
2,1000,6,GNNLXSSA,3,495.0,362.31110920192805
2,1000,6,GNNLXSSA,4,509.0,350.89478527664323
2,1000,6,GNNLXSSA,5,523.0,330.5371019424965
2,1000,6,GNNLXSSA,6,536.0,327.5569420289794
2,1000,6,GNNLXSSA,7,550.0,311.61454996245084
2,1000,6,GNNLXSSA,8,564.0,305.06804038886185
2,1000,6,GNNLXSSA,9,576.0,298.3599446867156
2,1000,6,GNNLXSSA,10,589.0,286.05328253618063
2,1000,6,GNNLXSSA,11,603.0,286.05328253618063
2,1000,6,GNNLXSSA,12,617.0,280.26114977724865
2,1000,6,GNNLXSSA,13,630.0,256.084538204439
2,1000,6,GNNLXSSA,14,643.0,252.95774880523095
2,1000,6,GNNLXSSA,15,657.0,245.48224768721775
2,1000,6,GNNLXSSA,16,671.0,245.46961862181706
2,1000,6,GNNLXSSA,17,684.0,238.00658365394338
2,1000,6,GNNLXSSA,18,698.0,238.00658365394338
2,1000,6,GNNLXSSA,19,712.0,238.00658365394338
2,1000,6,GNNLXSSA,20,726.0,236.48731485209646
2,1000,6,GNNLXSSA,21,739.0,236.48731485209646
2,1000,6,GNNLXSSA,22,753.0,236.48731485209646
2,1000,6,GNNLXSSA,23,767.0,236.48731485209646
2,1000,6,GNNLXSSA,24,781.0,236.48731485209646
2,1000,6,GNNLXSSA,25,795.0,236.48731485209646
2,1000,6,GNNLXSSA,26,808.0,236.48731485209646
2,1000,6,GNNLXSSA,27,821.0,236.48731485209646
2,1000,6,GNNLXSSA,28,835.0,219.65568193407307
2,1000,6,GNNLXSSA,29,849.0,218.24710354412673
2,1000,6,GNNLXSSA,30,862.0,218.24710354412673
2,1000,6,GNNLXSSA,31,875.0,218.24710354412673
2,1000,6,GNNLXSSA,32,888.0,218.24710354412673
2,1000,6,GNNLXSSA,33,901.0,218.24710354412673
2,1000,6,GNNLXSSA,34,915.0,218.24710354412673
2,1000,6,GNNLXSSA,35,929.0,216.825280897654
2,1000,6,GNNLXSSA,36,943.0,216.825280897654
2,1000,6,GNNLXSSA,37,956.0,216.825280897654
2,1000,6,GNNLXSSA,38,970.0,213.33298159540936
2,1000,6,GNNLXSSA,39,984.0,210.7504596441977
2,1000,6,GNNLXSSA,40,998.0,210.7504596441977
2,1000,6,GNNLXSSA,41,1011.0,210.7504596441977
2,1000,6,GNNLXSSA,42,1024.0,210.7504596441977
2,1000,6,GNNLXSSA,43,1038.0,210.7504596441977
2,1000,6,GNNLXSSA,44,1052.0,208.85639884077682
2,1000,6,GNNLXSSA,45,1065.0,201.01468438829033
2,1000,6,GNNLXSSA,46,1079.0,196.17802501461847
2,1000,6,GNNLXSSA,47,1092.0,196.0461258152245
2,1000,6,GNNLXSSA,48,1105.0,196.0461258152245
2,1000,6,GNNLXSSA,49,1119.0,194.02014793064154
2,1000,6,GNNLXSSA,50,1132.0,194.02014793064154
2,1000,6,GNNLXSSA,51,1144.0,192.1471930131229
2,1000,6,GNNLXSSA,52,1157.0,192.1471930131229
2,1000,6,GNNLXSSA,53,1171.0,191.01339427566563
2,1000,6,GNNLXSSA,54,1184.0,191.01339427566563
2,1000,6,GNNLXSSA,55,1197.0,190.41919747495558
2,1000,6,GNNLXSSA,56,1211.0,187.28045266338086
2,1000,6,GNNLXSSA,57,1225.0,185.57448154012673
2,1000,6,GNNLXSSA,58,1239.0,185.2393377365879
2,1000,6,GNNLXSSA,59,1252.0,185.2393377365879
2,1000,6,GNNLXSSA,60,1266.0,185.1320429101288
2,1000,6,GNNLXSSA,61,1279.0,185.1320429101288
2,1000,6,GNNLXSSA,62,1292.0,184.3395989840501
2,1000,6,GNNLXSSA,63,1306.0,183.4716687556829
2,1000,6,GNNLXSSA,64,1320.0,182.76661441180113
2,1000,6,GNNLXSSA,65,1334.0,182.17525784314785
2,1000,6,GNNLXSSA,66,1347.0,182.17525784314785
2,1000,6,GNNLXSSA,67,1361.0,182.17525784314785
2,1000,6,GNNLXSSA,68,1375.0,181.86241221219097
2,1000,6,GNNLXSSA,69,1388.0,181.7730327858735
2,1000,6,GNNLXSSA,70,1401.0,181.5648544533542
2,1000,6,GNNLXSSA,71,1415.0,181.3946904943441
2,1000,6,GNNLXSSA,72,1429.0,180.84160239406265
2,1000,6,GNNLXSSA,73,1442.0,180.84160239406265
2,1000,6,GNNLXSSA,74,1455.0,180.84160239406265
2,1000,6,GNNLXSSA,75,1467.0,180.81660693052982
2,1000,6,GNNLXSSA,76,1481.0,180.81660693052982
2,1000,6,GNNLXSSA,77,1495.0,180.81660693052982
2,1000,6,GNNLXSSA,78,1509.0,180.81660693052982
2,1000,6,GNNLXSSA,79,1523.0,179.1434301201516
2,1000,6,GNNLXSSA,80,1537.0,177.82790207332437
2,1000,6,GNNLXSSA,81,1550.0,177.7828615282997
2,1000,6,GNNLXSSA,82,1564.0,177.7828615282997
2,1000,6,GNNLXSSA,83,1578.0,177.7828615282997
2,1000,6,GNNLXSSA,84,1591.0,177.7828615282997
2,1000,6,GNNLXSSA,85,1604.0,177.7828615282997
2,1000,6,GNNLXSSA,86,1618.0,177.7828615282997
2,1000,6,GNNLXSSA,87,1632.0,177.5189092960136
2,1000,6,GNNLXSSA,88,1646.0,177.5189092960136
2,1000,6,GNNLXSSA,89,1660.0,175.54082131823452
2,1000,6,GNNLXSSA,90,1674.0,175.54082131823452
2,1000,6,GNNLXSSA,91,1687.0,175.54082131823452
2,1000,6,GNNLXSSA,92,1700.0,175.54082131823452
2,1000,6,GNNLXSSA,93,1712.0,175.54082131823452
2,1000,6,GNNLXSSA,94,1726.0,175.54082131823452
2,1000,6,GNNLXSSA,95,1740.0,175.22231234025458
2,1000,6,GNNLXSSA,96,1754.0,175.21980246419844
2,1000,6,GNNLXSSA,97,1768.0,175.21980246419844
2,1000,6,GNNLXSSA,98,1781.0,175.08973348575455
2,1000,6,GNNLXSSA,99,1795.0,175.08973348575455
2,1000,6,GNNLXSSA,100,1809.0,175.08973348575455
2,1000,6,LXSSA_REPAIR,0,30.0,603.5141666015516
2,1000,6,LXSSA_REPAIR,1,90.0,450.957530883883
2,1000,6,LXSSA_REPAIR,2,150.0,381.25055343546774
2,1000,6,LXSSA_REPAIR,3,210.0,341.9677320710798
2,1000,6,LXSSA_REPAIR,4,270.0,323.92653763029375
2,1000,6,LXSSA_REPAIR,5,330.0,296.5315474759409
2,1000,6,LXSSA_REPAIR,6,390.0,293.5932233052881
2,1000,6,LXSSA_REPAIR,7,450.0,284.3045355534341
2,1000,6,LXSSA_REPAIR,8,510.0,274.51596104030614
2,1000,6,LXSSA_REPAIR,9,570.0,264.20779665165537
2,1000,6,LXSSA_REPAIR,10,630.0,254.37961982437264
2,1000,6,LXSSA_REPAIR,11,690.0,244.11038886573806
2,1000,6,LXSSA_REPAIR,12,750.0,243.0951607636016
2,1000,6,LXSSA_REPAIR,13,810.0,230.16914154004553
2,1000,6,LXSSA_REPAIR,14,870.0,229.1958051695292
2,1000,6,LXSSA_REPAIR,15,930.0,228.17611424447387
2,1000,6,LXSSA_REPAIR,16,990.0,226.26586071647398
2,1000,6,LXSSA_REPAIR,17,1050.0,225.15538770617422
2,1000,6,LXSSA_REPAIR,18,1110.0,222.45419472534923
2,1000,6,LXSSA_REPAIR,19,1170.0,217.8434380548024
2,1000,6,LXSSA_REPAIR,20,1230.0,216.82840156100428
2,1000,6,LXSSA_REPAIR,21,1290.0,214.228710636271
2,1000,6,LXSSA_REPAIR,22,1350.0,209.06659786675664
2,1000,6,LXSSA_REPAIR,23,1410.0,206.2891073120627
2,1000,6,LXSSA_REPAIR,24,1470.0,198.08280302660933
2,1000,6,LXSSA_REPAIR,25,1530.0,187.9695037663114
2,1000,6,LXSSA_REPAIR,26,1590.0,181.25425665594594
2,1000,6,LXSSA_REPAIR,27,1650.0,180.6403628451917
2,1000,6,LXSSA_REPAIR,28,1710.0,179.6097855779808
2,1000,6,LXSSA_REPAIR,29,1770.0,179.0582884710493
2,1000,6,LXSSA_REPAIR,30,1830.0,178.11508008395685
2,1000,6,LXSSA_REPAIR,31,1890.0,177.2553373706869
2,1000,6,LXSSA_REPAIR,32,1950.0,177.24726919785098
2,1000,6,LXSSA_REPAIR,33,2010.0,177.08981394984949
2,1000,6,LXSSA_REPAIR,34,2070.0,176.86746713795583
2,1000,6,LXSSA_REPAIR,35,2130.0,175.2958138732538
2,1000,6,LXSSA_REPAIR,36,2190.0,174.69850855537152
2,1000,6,LXSSA_REPAIR,37,2250.0,174.62541443974624
2,1000,6,LXSSA_REPAIR,38,2310.0,173.48388369439635
2,1000,6,LXSSA_REPAIR,39,2370.0,172.47620716790698
2,1000,6,LXSSA_REPAIR,40,2430.0,172.3233233481842
2,1000,6,LXSSA_REPAIR,41,2490.0,172.26783074939885
2,1000,6,LXSSA_REPAIR,42,2550.0,172.25213725437789
2,1000,6,LXSSA_REPAIR,43,2610.0,171.74262060183173
2,1000,6,LXSSA_REPAIR,44,2670.0,171.3230232359856
2,1000,6,LXSSA_REPAIR,45,2730.0,170.82261195821047
2,1000,6,LXSSA_REPAIR,46,2790.0,170.59268188864007
2,1000,6,LXSSA_REPAIR,47,2850.0,170.5887267073049
2,1000,6,LXSSA_REPAIR,48,2910.0,170.0575157486055
2,1000,6,LXSSA_REPAIR,49,2970.0,169.7266112234247
2,1000,6,LXSSA_REPAIR,50,3030.0,168.45104179674672
2,1000,6,LXSSA_REPAIR,51,3090.0,167.58607421581473
2,1000,6,LXSSA_REPAIR,52,3150.0,167.2373454232329
2,1000,6,LXSSA_REPAIR,53,3210.0,166.90231321436295
2,1000,6,LXSSA_REPAIR,54,3270.0,166.49807759240866
2,1000,6,LXSSA_REPAIR,55,3330.0,165.03344992017082
2,1000,6,LXSSA_REPAIR,56,3390.0,162.88564480857167
2,1000,6,LXSSA_REPAIR,57,3450.0,162.61030626767752
2,1000,6,LXSSA_REPAIR,58,3510.0,162.1594678295587
2,1000,6,LXSSA_REPAIR,59,3570.0,162.1217985663825
2,1000,6,LXSSA_REPAIR,60,3630.0,162.0956948327148
2,1000,6,LXSSA_REPAIR,61,3690.0,161.78760681032873
2,1000,6,LXSSA_REPAIR,62,3750.0,161.7429485178218
2,1000,6,LXSSA_REPAIR,63,3810.0,161.68697230571343
2,1000,6,LXSSA_REPAIR,64,3870.0,161.6846366652353
2,1000,6,LXSSA_REPAIR,65,3930.0,161.34593022731133
2,1000,6,LXSSA_REPAIR,66,3990.0,161.17144583741901
2,1000,6,LXSSA_REPAIR,67,4050.0,161.02689258665487
2,1000,6,LXSSA_REPAIR,68,4110.0,160.93615633773152
2,1000,6,LXSSA_REPAIR,69,4170.0,160.65250620026927
2,1000,6,LXSSA_REPAIR,70,4230.0,160.49043728138713
2,1000,6,LXSSA_REPAIR,71,4290.0,160.4297575845194
2,1000,6,LXSSA_REPAIR,72,4350.0,160.33212021473082
2,1000,6,LXSSA_REPAIR,73,4410.0,160.17650951333417
2,1000,6,LXSSA_REPAIR,74,4470.0,160.06829531285257
2,1000,6,LXSSA_REPAIR,75,4530.0,160.0444191335955
2,1000,6,LXSSA_REPAIR,76,4590.0,160.02232575242306
2,1000,6,LXSSA_REPAIR,77,4650.0,159.93387124512446
2,1000,6,LXSSA_REPAIR,78,4710.0,159.82721104723896
2,1000,6,LXSSA_REPAIR,79,4770.0,159.6894685753905
2,1000,6,LXSSA_REPAIR,80,4830.0,159.60026549036047
2,1000,6,LXSSA_REPAIR,81,4890.0,159.5751902043994
2,1000,6,LXSSA_REPAIR,82,4950.0,159.54553697254232
2,1000,6,LXSSA_REPAIR,83,5010.0,159.46967584113372
2,1000,6,LXSSA_REPAIR,84,5070.0,159.40031126684698
2,1000,6,LXSSA_REPAIR,85,5130.0,159.36513781253598
2,1000,6,LXSSA_REPAIR,86,5190.0,159.33884685575686
2,1000,6,LXSSA_REPAIR,87,5250.0,159.285284221849
2,1000,6,LXSSA_REPAIR,88,5310.0,159.2106480748771
2,1000,6,LXSSA_REPAIR,89,5370.0,159.16264424761175
2,1000,6,LXSSA_REPAIR,90,5430.0,159.1328062989669
2,1000,6,LXSSA_REPAIR,91,5490.0,159.12315544216472
2,1000,6,LXSSA_REPAIR,92,5550.0,159.11839803690236
2,1000,6,LXSSA_REPAIR,93,5610.0,159.10278206738076
2,1000,6,LXSSA_REPAIR,94,5670.0,159.08789078718837
2,1000,6,LXSSA_REPAIR,95,5730.0,159.07154588652338
2,1000,6,LXSSA_REPAIR,96,5790.0,159.06129364364824
2,1000,6,LXSSA_REPAIR,97,5850.0,159.05266591078907
2,1000,6,LXSSA_REPAIR,98,5910.0,159.04399839746839
2,1000,6,LXSSA_REPAIR,99,5970.0,159.03898109025613
2,1000,6,LXSSA_REPAIR,100,6030.0,159.0246770015001
2,1000,7,GNNLXSSA,0,30.0,988.3359208057627
2,1000,7,GNNLXSSA,1,532.0,804.3734985975971
2,1000,7,GNNLXSSA,2,546.0,682.8027634020946
2,1000,7,GNNLXSSA,3,560.0,661.4630496510363
2,1000,7,GNNLXSSA,4,574.0,635.2199346022535
2,1000,7,GNNLXSSA,5,588.0,630.7584601744202
2,1000,7,GNNLXSSA,6,602.0,611.337674888593
2,1000,7,GNNLXSSA,7,616.0,591.7530684431404
2,1000,7,GNNLXSSA,8,629.0,591.7530684431404
2,1000,7,GNNLXSSA,9,643.0,591.7530684431404
2,1000,7,GNNLXSSA,10,657.0,586.5437683367309
2,1000,7,GNNLXSSA,11,670.0,586.5437683367309
2,1000,7,GNNLXSSA,12,684.0,560.849854357537
2,1000,7,GNNLXSSA,13,698.0,553.4837523350288
2,1000,7,GNNLXSSA,14,712.0,525.5458480855195
2,1000,7,GNNLXSSA,15,726.0,525.5458480855195
2,1000,7,GNNLXSSA,16,739.0,520.7440378146457
2,1000,7,GNNLXSSA,17,753.0,518.9604446132907
2,1000,7,GNNLXSSA,18,767.0,518.9604446132907
2,1000,7,GNNLXSSA,19,780.0,518.9604446132907
2,1000,7,GNNLXSSA,20,794.0,518.9604446132907
2,1000,7,GNNLXSSA,21,808.0,518.9604446132907
2,1000,7,GNNLXSSA,22,821.0,508.8251583451165
2,1000,7,GNNLXSSA,23,835.0,508.8251583451165
2,1000,7,GNNLXSSA,24,849.0,508.8251583451165
2,1000,7,GNNLXSSA,25,863.0,507.3130916444243
2,1000,7,GNNLXSSA,26,877.0,498.3652426569279
2,1000,7,GNNLXSSA,27,891.0,496.4687692662992
2,1000,7,GNNLXSSA,28,905.0,493.97499479451324
2,1000,7,GNNLXSSA,29,919.0,493.97499479451324
2,1000,7,GNNLXSSA,30,932.0,492.21908189002716
2,1000,7,GNNLXSSA,31,945.0,476.33408563432386
2,1000,7,GNNLXSSA,32,958.0,476.33408563432386
2,1000,7,GNNLXSSA,33,972.0,474.7709044654439
2,1000,7,GNNLXSSA,34,986.0,473.38541924882156
2,1000,7,GNNLXSSA,35,1000.0,466.564952499426
2,1000,7,GNNLXSSA,36,1014.0,466.564952499426
2,1000,7,GNNLXSSA,37,1027.0,466.564952499426
2,1000,7,GNNLXSSA,38,1040.0,466.564952499426
2,1000,7,GNNLXSSA,39,1054.0,466.564952499426
2,1000,7,GNNLXSSA,40,1068.0,466.564952499426
2,1000,7,GNNLXSSA,41,1082.0,455.49149825500353
2,1000,7,GNNLXSSA,42,1096.0,455.49149825500353
2,1000,7,GNNLXSSA,43,1110.0,455.49149825500353
2,1000,7,GNNLXSSA,44,1124.0,447.43826574006744
2,1000,7,GNNLXSSA,45,1138.0,438.757921368353
2,1000,7,GNNLXSSA,46,1151.0,434.58926627722394
2,1000,7,GNNLXSSA,47,1164.0,428.735790093735
2,1000,7,GNNLXSSA,48,1178.0,423.7510701247011
2,1000,7,GNNLXSSA,49,1192.0,421.92547088852007
2,1000,7,GNNLXSSA,50,1206.0,413.84469975736647
2,1000,7,GNNLXSSA,51,1220.0,413.84469975736647
2,1000,7,GNNLXSSA,52,1233.0,413.84469975736647
2,1000,7,GNNLXSSA,53,1246.0,410.2266423715155
2,1000,7,GNNLXSSA,54,1259.0,410.2266423715155
2,1000,7,GNNLXSSA,55,1272.0,407.93471318525553
2,1000,7,GNNLXSSA,56,1286.0,405.3231159206334
2,1000,7,GNNLXSSA,57,1299.0,405.3231159206334
2,1000,7,GNNLXSSA,58,1313.0,405.1739223581026
2,1000,7,GNNLXSSA,59,1327.0,402.9338189413429
2,1000,7,GNNLXSSA,60,1340.0,402.9338189413429
2,1000,7,GNNLXSSA,61,1354.0,387.14945696446375
2,1000,7,GNNLXSSA,62,1366.0,387.1433751533841
2,1000,7,GNNLXSSA,63,1379.0,384.74722147719876
2,1000,7,GNNLXSSA,64,1392.0,384.74722147719876
2,1000,7,GNNLXSSA,65,1405.0,384.74722147719876
2,1000,7,GNNLXSSA,66,1419.0,383.2977195892199
2,1000,7,GNNLXSSA,67,1433.0,382.8614701738916
2,1000,7,GNNLXSSA,68,1445.0,382.8614701738916
2,1000,7,GNNLXSSA,69,1459.0,382.8614701738916
2,1000,7,GNNLXSSA,70,1473.0,382.8614701738916
2,1000,7,GNNLXSSA,71,1487.0,382.8470877752843
2,1000,7,GNNLXSSA,72,1500.0,382.54863916760223
2,1000,7,GNNLXSSA,73,1514.0,381.0485316607228
2,1000,7,GNNLXSSA,74,1527.0,381.035925462882
2,1000,7,GNNLXSSA,75,1539.0,379.7641259797092
2,1000,7,GNNLXSSA,76,1552.0,378.5207129020637
2,1000,7,GNNLXSSA,77,1566.0,378.5207129020637
2,1000,7,GNNLXSSA,78,1579.0,378.50174941428486
2,1000,7,GNNLXSSA,79,1593.0,378.3951179485048
2,1000,7,GNNLXSSA,80,1606.0,378.35259382369986
2,1000,7,GNNLXSSA,81,1620.0,378.2917876334941
2,1000,7,GNNLXSSA,82,1634.0,378.2917876334941
2,1000,7,GNNLXSSA,83,1647.0,378.2917876334941
2,1000,7,GNNLXSSA,84,1661.0,378.1564629089007
2,1000,7,GNNLXSSA,85,1675.0,378.0109507469715
2,1000,7,GNNLXSSA,86,1689.0,377.633243713768
2,1000,7,GNNLXSSA,87,1703.0,376.934109735379
2,1000,7,GNNLXSSA,88,1717.0,376.934109735379
2,1000,7,GNNLXSSA,89,1730.0,376.7004824358264
2,1000,7,GNNLXSSA,90,1743.0,376.5988978282476
2,1000,7,GNNLXSSA,91,1757.0,376.57594213448465
2,1000,7,GNNLXSSA,92,1771.0,376.57587393712674
2,1000,7,GNNLXSSA,93,1784.0,376.39733610496114
2,1000,7,GNNLXSSA,94,1798.0,376.1091051951553
2,1000,7,GNNLXSSA,95,1811.0,376.1091051951553
2,1000,7,GNNLXSSA,96,1825.0,375.78147191953394
2,1000,7,GNNLXSSA,97,1839.0,375.48569516313
2,1000,7,GNNLXSSA,98,1852.0,374.704810163661
2,1000,7,GNNLXSSA,99,1866.0,374.704810163661
2,1000,7,GNNLXSSA,100,1880.0,374.4939653146794
2,1000,7,LXSSA_REPAIR,0,30.0,989.9492444191455
2,1000,7,LXSSA_REPAIR,1,90.0,807.0743956364931
2,1000,7,LXSSA_REPAIR,2,150.0,708.2521235165259
2,1000,7,LXSSA_REPAIR,3,210.0,618.8184660534935
2,1000,7,LXSSA_REPAIR,4,270.0,570.6704063431316
2,1000,7,LXSSA_REPAIR,5,330.0,540.3205193433387
2,1000,7,LXSSA_REPAIR,6,390.0,521.3303257461448
2,1000,7,LXSSA_REPAIR,7,450.0,516.7711071038138
2,1000,7,LXSSA_REPAIR,8,510.0,497.7565488288128
2,1000,7,LXSSA_REPAIR,9,570.0,488.9008724502746
2,1000,7,LXSSA_REPAIR,10,630.0,472.3664106712713
2,1000,7,LXSSA_REPAIR,11,690.0,450.98896138878627
2,1000,7,LXSSA_REPAIR,12,750.0,443.7108525246149
2,1000,7,LXSSA_REPAIR,13,810.0,430.1144415734998
2,1000,7,LXSSA_REPAIR,14,870.0,412.5369568119095
2,1000,7,LXSSA_REPAIR,15,930.0,404.25570266838986
2,1000,7,LXSSA_REPAIR,16,990.0,393.4982926060584
2,1000,7,LXSSA_REPAIR,17,1050.0,392.26509440616064
2,1000,7,LXSSA_REPAIR,18,1110.0,382.72391958388107
2,1000,7,LXSSA_REPAIR,19,1170.0,373.6216716513627
2,1000,7,LXSSA_REPAIR,20,1230.0,371.9650462501413
2,1000,7,LXSSA_REPAIR,21,1290.0,358.760527370574
2,1000,7,LXSSA_REPAIR,22,1350.0,357.0650723825638
2,1000,7,LXSSA_REPAIR,23,1410.0,354.2992763561415
2,1000,7,LXSSA_REPAIR,24,1470.0,353.93619140357987
2,1000,7,LXSSA_REPAIR,25,1530.0,351.2014166515037
2,1000,7,LXSSA_REPAIR,26,1590.0,350.94221739033674
2,1000,7,LXSSA_REPAIR,27,1650.0,347.6375317857455
2,1000,7,LXSSA_REPAIR,28,1710.0,347.42280628083245
2,1000,7,LXSSA_REPAIR,29,1770.0,347.0321351751736
2,1000,7,LXSSA_REPAIR,30,1830.0,346.9421687547547
2,1000,7,LXSSA_REPAIR,31,1890.0,345.47838489957576
2,1000,7,LXSSA_REPAIR,32,1950.0,343.51236770403557
2,1000,7,LXSSA_REPAIR,33,2010.0,341.20292642248387
2,1000,7,LXSSA_REPAIR,34,2070.0,335.03121995037145
2,1000,7,LXSSA_REPAIR,35,2130.0,334.98352248712763
2,1000,7,LXSSA_REPAIR,36,2190.0,334.85629010082266
2,1000,7,LXSSA_REPAIR,37,2250.0,334.1125780792463
2,1000,7,LXSSA_REPAIR,38,2310.0,332.1028781691639
2,1000,7,LXSSA_REPAIR,39,2370.0,322.6885492697329
2,1000,7,LXSSA_REPAIR,40,2430.0,322.56001140693115
2,1000,7,LXSSA_REPAIR,41,2490.0,322.3114663764536
2,1000,7,LXSSA_REPAIR,42,2550.0,322.16406800233017
2,1000,7,LXSSA_REPAIR,43,2610.0,322.132969871207
2,1000,7,LXSSA_REPAIR,44,2670.0,321.6292970197137
2,1000,7,LXSSA_REPAIR,45,2730.0,321.47561893530656
2,1000,7,LXSSA_REPAIR,46,2790.0,321.4422840070911
2,1000,7,LXSSA_REPAIR,47,2850.0,319.8736746321265
2,1000,7,LXSSA_REPAIR,48,2910.0,317.47840154893856
2,1000,7,LXSSA_REPAIR,49,2970.0,315.10372678570275
2,1000,7,LXSSA_REPAIR,50,3030.0,312.72538193293076
2,1000,7,LXSSA_REPAIR,51,3090.0,310.8361418521781
2,1000,7,LXSSA_REPAIR,52,3150.0,310.42086472670417
2,1000,7,LXSSA_REPAIR,53,3210.0,310.25438194286835
2,1000,7,LXSSA_REPAIR,54,3270.0,308.873265715014
2,1000,7,LXSSA_REPAIR,55,3330.0,307.83906808305255
2,1000,7,LXSSA_REPAIR,56,3390.0,305.27473163774266
2,1000,7,LXSSA_REPAIR,57,3450.0,303.2623300004125
2,1000,7,LXSSA_REPAIR,58,3510.0,303.01318134024405
2,1000,7,LXSSA_REPAIR,59,3570.0,302.4293760586952
2,1000,7,LXSSA_REPAIR,60,3630.0,301.2252469933592
2,1000,7,LXSSA_REPAIR,61,3690.0,294.9587794654508
2,1000,7,LXSSA_REPAIR,62,3750.0,290.444059726924
2,1000,7,LXSSA_REPAIR,63,3810.0,286.862614444628
2,1000,7,LXSSA_REPAIR,64,3870.0,286.2391004801684
2,1000,7,LXSSA_REPAIR,65,3930.0,285.84460754073734
2,1000,7,LXSSA_REPAIR,66,3990.0,285.5468063042681
2,1000,7,LXSSA_REPAIR,67,4050.0,285.2168880821955
2,1000,7,LXSSA_REPAIR,68,4110.0,284.637442598756
2,1000,7,LXSSA_REPAIR,69,4170.0,283.5344213030003
2,1000,7,LXSSA_REPAIR,70,4230.0,282.0847495891576
2,1000,7,LXSSA_REPAIR,71,4290.0,281.82358273088175
2,1000,7,LXSSA_REPAIR,72,4350.0,281.48780331423404
2,1000,7,LXSSA_REPAIR,73,4410.0,281.2426769148442
2,1000,7,LXSSA_REPAIR,74,4470.0,281.03066651188783
2,1000,7,LXSSA_REPAIR,75,4530.0,280.98832596130524
2,1000,7,LXSSA_REPAIR,76,4590.0,280.9627114027644
2,1000,7,LXSSA_REPAIR,77,4650.0,280.90955914658116
2,1000,7,LXSSA_REPAIR,78,4710.0,280.78213140851585
2,1000,7,LXSSA_REPAIR,79,4770.0,280.4412317082315
2,1000,7,LXSSA_REPAIR,80,4830.0,280.1905158641275
2,1000,7,LXSSA_REPAIR,81,4890.0,280.08798484915314
2,1000,7,LXSSA_REPAIR,82,4950.0,279.932668434034
2,1000,7,LXSSA_REPAIR,83,5010.0,279.76596109507955
2,1000,7,LXSSA_REPAIR,84,5070.0,279.6287005342019
2,1000,7,LXSSA_REPAIR,85,5130.0,279.51140071564805
2,1000,7,LXSSA_REPAIR,86,5190.0,279.4871665694882
2,1000,7,LXSSA_REPAIR,87,5250.0,279.46919801070544
2,1000,7,LXSSA_REPAIR,88,5310.0,279.45503323408775
2,1000,7,LXSSA_REPAIR,89,5370.0,279.42998595893005
2,1000,7,LXSSA_REPAIR,90,5430.0,279.412902776643
2,1000,7,LXSSA_REPAIR,91,5490.0,279.4099612370592
2,1000,7,LXSSA_REPAIR,92,5550.0,279.4049096447634
2,1000,7,LXSSA_REPAIR,93,5610.0,279.4000183092685
2,1000,7,LXSSA_REPAIR,94,5670.0,279.38759935387134
2,1000,7,LXSSA_REPAIR,95,5730.0,279.3585079576187
2,1000,7,LXSSA_REPAIR,96,5790.0,279.26249162362365
2,1000,7,LXSSA_REPAIR,97,5850.0,278.9790077891157
2,1000,7,LXSSA_REPAIR,98,5910.0,278.90250540109264
2,1000,7,LXSSA_REPAIR,99,5970.0,278.8200592227731
2,1000,7,LXSSA_REPAIR,100,6030.0,278.8094885536593
2,1000,8,GNNLXSSA,0,30.0,1516.4612865279414
2,1000,8,GNNLXSSA,1,596.0,1179.1791194016732
2,1000,8,GNNLXSSA,2,610.0,1056.3456790991404
2,1000,8,GNNLXSSA,3,624.0,956.8090680267342
2,1000,8,GNNLXSSA,4,638.0,908.4277932480254
2,1000,8,GNNLXSSA,5,651.0,908.4277932480254
2,1000,8,GNNLXSSA,6,664.0,872.3312400166542
2,1000,8,GNNLXSSA,7,677.0,870.4258663835062
2,1000,8,GNNLXSSA,8,691.0,857.3730104122078
2,1000,8,GNNLXSSA,9,705.0,857.3730104122078
2,1000,8,GNNLXSSA,10,718.0,829.2283457216872
2,1000,8,GNNLXSSA,11,731.0,829.2283457216872
2,1000,8,GNNLXSSA,12,745.0,792.7815685194728
2,1000,8,GNNLXSSA,13,759.0,781.954321909514
2,1000,8,GNNLXSSA,14,773.0,781.954321909514
2,1000,8,GNNLXSSA,15,787.0,776.9961773982795
2,1000,8,GNNLXSSA,16,801.0,770.4109840945384
2,1000,8,GNNLXSSA,17,814.0,757.354696068367
2,1000,8,GNNLXSSA,18,828.0,746.2944491793896
2,1000,8,GNNLXSSA,19,842.0,740.1909288996503
2,1000,8,GNNLXSSA,20,856.0,721.1770313245725
2,1000,8,GNNLXSSA,21,868.0,708.4230026284422
2,1000,8,GNNLXSSA,22,880.0,704.9334050498364
2,1000,8,GNNLXSSA,23,893.0,704.6246143184617
2,1000,8,GNNLXSSA,24,906.0,703.6002489580824
2,1000,8,GNNLXSSA,25,920.0,703.6002489580824
2,1000,8,GNNLXSSA,26,933.0,696.8118094310412
2,1000,8,GNNLXSSA,27,947.0,696.8118094310412
2,1000,8,GNNLXSSA,28,961.0,696.8118094310412
2,1000,8,GNNLXSSA,29,974.0,696.8118094310412
2,1000,8,GNNLXSSA,30,988.0,696.8118094310412
2,1000,8,GNNLXSSA,31,1002.0,696.8118094310412
2,1000,8,GNNLXSSA,32,1015.0,696.8118094310412
2,1000,8,GNNLXSSA,33,1028.0,680.735048798062
2,1000,8,GNNLXSSA,34,1042.0,677.2520548064385
2,1000,8,GNNLXSSA,35,1056.0,677.2520548064385
2,1000,8,GNNLXSSA,36,1070.0,676.2653975654175
2,1000,8,GNNLXSSA,37,1083.0,669.6616726068678
2,1000,8,GNNLXSSA,38,1097.0,669.6616726068678
2,1000,8,GNNLXSSA,39,1111.0,666.4792904126298
2,1000,8,GNNLXSSA,40,1125.0,666.3842881936725
2,1000,8,GNNLXSSA,41,1139.0,662.6502154914342
2,1000,8,GNNLXSSA,42,1153.0,662.6502154914342
2,1000,8,GNNLXSSA,43,1167.0,662.6502154914342
2,1000,8,GNNLXSSA,44,1181.0,655.3074220921444
2,1000,8,GNNLXSSA,45,1194.0,654.1348741719994
2,1000,8,GNNLXSSA,46,1207.0,649.259597577031
2,1000,8,GNNLXSSA,47,1221.0,649.259597577031
2,1000,8,GNNLXSSA,48,1235.0,649.259597577031
2,1000,8,GNNLXSSA,49,1249.0,647.8681842888363
2,1000,8,GNNLXSSA,50,1262.0,647.8681842888363
2,1000,8,GNNLXSSA,51,1276.0,647.8681842888363
2,1000,8,GNNLXSSA,52,1290.0,647.7934415434938
2,1000,8,GNNLXSSA,53,1303.0,646.737278046221
2,1000,8,GNNLXSSA,54,1317.0,646.737278046221
2,1000,8,GNNLXSSA,55,1331.0,646.737278046221
2,1000,8,GNNLXSSA,56,1344.0,644.1927711283024
2,1000,8,GNNLXSSA,57,1357.0,643.97755841666
2,1000,8,GNNLXSSA,58,1371.0,643.97755841666
2,1000,8,GNNLXSSA,59,1384.0,643.97755841666
2,1000,8,GNNLXSSA,60,1397.0,643.8072249665529
2,1000,8,GNNLXSSA,61,1410.0,643.8072249665529
2,1000,8,GNNLXSSA,62,1424.0,635.4875710869019
2,1000,8,GNNLXSSA,63,1437.0,635.4875710869019
2,1000,8,GNNLXSSA,64,1451.0,629.9528117166337
2,1000,8,GNNLXSSA,65,1465.0,629.9528117166337
2,1000,8,GNNLXSSA,66,1479.0,629.9528117166337
2,1000,8,GNNLXSSA,67,1492.0,622.0348184674294
2,1000,8,GNNLXSSA,68,1506.0,618.6398970544942
2,1000,8,GNNLXSSA,69,1520.0,611.9560179840446
2,1000,8,GNNLXSSA,70,1533.0,606.208945910661
2,1000,8,GNNLXSSA,71,1546.0,604.948917951453
2,1000,8,GNNLXSSA,72,1560.0,604.0799628025088
2,1000,8,GNNLXSSA,73,1574.0,603.8253532501294
2,1000,8,GNNLXSSA,74,1587.0,603.8253532501294
2,1000,8,GNNLXSSA,75,1600.0,603.8253532501294
2,1000,8,GNNLXSSA,76,1614.0,603.8253532501294
2,1000,8,GNNLXSSA,77,1628.0,603.8253532501294
2,1000,8,GNNLXSSA,78,1642.0,603.3997158500424
2,1000,8,GNNLXSSA,79,1656.0,603.3997158500424
2,1000,8,GNNLXSSA,80,1669.0,603.3997158500424
2,1000,8,GNNLXSSA,81,1682.0,603.3997158500424
2,1000,8,GNNLXSSA,82,1696.0,601.9372637001397
2,1000,8,GNNLXSSA,83,1710.0,601.8938073105783
2,1000,8,GNNLXSSA,84,1724.0,601.8938073105783
2,1000,8,GNNLXSSA,85,1738.0,601.8861384947668
2,1000,8,GNNLXSSA,86,1751.0,601.8861384947668
2,1000,8,GNNLXSSA,87,1764.0,601.8861384947668
2,1000,8,GNNLXSSA,88,1777.0,601.8861384947668
2,1000,8,GNNLXSSA,89,1791.0,601.8861384947668
2,1000,8,GNNLXSSA,90,1803.0,601.8861384947668
2,1000,8,GNNLXSSA,91,1817.0,601.8861384947668
2,1000,8,GNNLXSSA,92,1830.0,601.8861384947668
2,1000,8,GNNLXSSA,93,1843.0,601.8861384947668
2,1000,8,GNNLXSSA,94,1857.0,601.8846325498926
2,1000,8,GNNLXSSA,95,1869.0,601.857521132868
2,1000,8,GNNLXSSA,96,1883.0,601.8564141716524
2,1000,8,GNNLXSSA,97,1896.0,601.8564141716524
2,1000,8,GNNLXSSA,98,1909.0,598.7611975390864
2,1000,8,GNNLXSSA,99,1922.0,597.5301622960469
2,1000,8,GNNLXSSA,100,1936.0,597.5301622960469
2,1000,8,LXSSA_REPAIR,0,30.0,1432.2461593805383
2,1000,8,LXSSA_REPAIR,1,90.0,1169.165939880561
2,1000,8,LXSSA_REPAIR,2,150.0,1049.6872175597964
2,1000,8,LXSSA_REPAIR,3,210.0,977.5851011246268
2,1000,8,LXSSA_REPAIR,4,270.0,944.9184176381968
2,1000,8,LXSSA_REPAIR,5,330.0,868.6274504106659
2,1000,8,LXSSA_REPAIR,6,390.0,833.8864399958911
2,1000,8,LXSSA_REPAIR,7,450.0,787.5860803908545
2,1000,8,LXSSA_REPAIR,8,510.0,767.884009086185
2,1000,8,LXSSA_REPAIR,9,570.0,755.1947008228854
2,1000,8,LXSSA_REPAIR,10,630.0,731.1273259276277
2,1000,8,LXSSA_REPAIR,11,690.0,720.9006087572161
2,1000,8,LXSSA_REPAIR,12,750.0,704.4990070809945
2,1000,8,LXSSA_REPAIR,13,810.0,702.3906677574632
2,1000,8,LXSSA_REPAIR,14,870.0,699.8980251832145
2,1000,8,LXSSA_REPAIR,15,930.0,695.9218834696185
2,1000,8,LXSSA_REPAIR,16,990.0,669.2038056623678
2,1000,8,LXSSA_REPAIR,17,1050.0,665.9968881753921
2,1000,8,LXSSA_REPAIR,18,1110.0,655.5863983097624
2,1000,8,LXSSA_REPAIR,19,1170.0,637.2669900280634
2,1000,8,LXSSA_REPAIR,20,1230.0,635.8505221257801
2,1000,8,LXSSA_REPAIR,21,1290.0,635.3390973738642
2,1000,8,LXSSA_REPAIR,22,1350.0,612.021616463102
2,1000,8,LXSSA_REPAIR,23,1410.0,610.1655827650684
2,1000,8,LXSSA_REPAIR,24,1470.0,608.7191712945933
2,1000,8,LXSSA_REPAIR,25,1530.0,602.6911601308639
2,1000,8,LXSSA_REPAIR,26,1590.0,600.3014363890579
2,1000,8,LXSSA_REPAIR,27,1650.0,598.1588699993663
2,1000,8,LXSSA_REPAIR,28,1710.0,597.966628385042
2,1000,8,LXSSA_REPAIR,29,1770.0,596.211271994267
2,1000,8,LXSSA_REPAIR,30,1830.0,595.6039692714112
2,1000,8,LXSSA_REPAIR,31,1890.0,593.0619466755525
2,1000,8,LXSSA_REPAIR,32,1950.0,591.0912490684968
2,1000,8,LXSSA_REPAIR,33,2010.0,590.9270004031459
2,1000,8,LXSSA_REPAIR,34,2070.0,586.348109248418
2,1000,8,LXSSA_REPAIR,35,2130.0,585.2629635922058
2,1000,8,LXSSA_REPAIR,36,2190.0,573.3105159131628
2,1000,8,LXSSA_REPAIR,37,2250.0,562.93083227034
2,1000,8,LXSSA_REPAIR,38,2310.0,561.1953060018604
2,1000,8,LXSSA_REPAIR,39,2370.0,558.4151142109258
2,1000,8,LXSSA_REPAIR,40,2430.0,557.811024457711
2,1000,8,LXSSA_REPAIR,41,2490.0,552.6859702643305
2,1000,8,LXSSA_REPAIR,42,2550.0,550.298082375466
2,1000,8,LXSSA_REPAIR,43,2610.0,550.04828062058
2,1000,8,LXSSA_REPAIR,44,2670.0,549.4053056287012
2,1000,8,LXSSA_REPAIR,45,2730.0,546.1934191138098
2,1000,8,LXSSA_REPAIR,46,2790.0,539.5546490959023
2,1000,8,LXSSA_REPAIR,47,2850.0,539.0976152259718
2,1000,8,LXSSA_REPAIR,48,2910.0,534.5160082029943
2,1000,8,LXSSA_REPAIR,49,2970.0,532.208291650717
2,1000,8,LXSSA_REPAIR,50,3030.0,527.6282666621591
2,1000,8,LXSSA_REPAIR,51,3090.0,526.8481936180178
2,1000,8,LXSSA_REPAIR,52,3150.0,524.7402754358918
2,1000,8,LXSSA_REPAIR,53,3210.0,516.5012381962006
2,1000,8,LXSSA_REPAIR,54,3270.0,510.4327015011295
2,1000,8,LXSSA_REPAIR,55,3330.0,508.7437646952749
2,1000,8,LXSSA_REPAIR,56,3390.0,507.63996866168964
2,1000,8,LXSSA_REPAIR,57,3450.0,506.6299492640501
2,1000,8,LXSSA_REPAIR,58,3510.0,506.1031793983784
2,1000,8,LXSSA_REPAIR,59,3570.0,505.6762436740137
2,1000,8,LXSSA_REPAIR,60,3630.0,503.93345341090753
2,1000,8,LXSSA_REPAIR,61,3690.0,502.68739943655964
2,1000,8,LXSSA_REPAIR,62,3750.0,500.89860773685723
2,1000,8,LXSSA_REPAIR,63,3810.0,500.18603694724516
2,1000,8,LXSSA_REPAIR,64,3870.0,499.7191162285526
2,1000,8,LXSSA_REPAIR,65,3930.0,498.4618646514573
2,1000,8,LXSSA_REPAIR,66,3990.0,496.34792759144693
2,1000,8,LXSSA_REPAIR,67,4050.0,494.6073952738152
2,1000,8,LXSSA_REPAIR,68,4110.0,494.0650094791454
2,1000,8,LXSSA_REPAIR,69,4170.0,493.83031601353287
2,1000,8,LXSSA_REPAIR,70,4230.0,492.9010909275785
2,1000,8,LXSSA_REPAIR,71,4290.0,492.4508615346349
2,1000,8,LXSSA_REPAIR,72,4350.0,491.9530921882506
2,1000,8,LXSSA_REPAIR,73,4410.0,491.2505074522014
2,1000,8,LXSSA_REPAIR,74,4470.0,490.9921192559632
2,1000,8,LXSSA_REPAIR,75,4530.0,490.54901015413634
2,1000,8,LXSSA_REPAIR,76,4590.0,490.487514542594
2,1000,8,LXSSA_REPAIR,77,4650.0,490.3907629542009
2,1000,8,LXSSA_REPAIR,78,4710.0,490.1097682488871
2,1000,8,LXSSA_REPAIR,79,4770.0,489.8492196310981
2,1000,8,LXSSA_REPAIR,80,4830.0,489.7538307323266
2,1000,8,LXSSA_REPAIR,81,4890.0,489.6676996348142
2,1000,8,LXSSA_REPAIR,82,4950.0,489.6235559956767
2,1000,8,LXSSA_REPAIR,83,5010.0,489.53389668735326
2,1000,8,LXSSA_REPAIR,84,5070.0,489.42892404782106
2,1000,8,LXSSA_REPAIR,85,5130.0,489.4129166195453
2,1000,8,LXSSA_REPAIR,86,5190.0,489.3900376629317
2,1000,8,LXSSA_REPAIR,87,5250.0,489.3387451859926
2,1000,8,LXSSA_REPAIR,88,5310.0,489.3222180545745
2,1000,8,LXSSA_REPAIR,89,5370.0,489.3158987625029
2,1000,8,LXSSA_REPAIR,90,5430.0,489.3065426415451
2,1000,8,LXSSA_REPAIR,91,5490.0,489.29889364670817
2,1000,8,LXSSA_REPAIR,92,5550.0,489.29538327464616
2,1000,8,LXSSA_REPAIR,93,5610.0,489.2935570928785
2,1000,8,LXSSA_REPAIR,94,5670.0,489.2909417602059
2,1000,8,LXSSA_REPAIR,95,5730.0,489.281972145076
2,1000,8,LXSSA_REPAIR,96,5790.0,489.2561756392497
2,1000,8,LXSSA_REPAIR,97,5850.0,489.1938577170695
2,1000,8,LXSSA_REPAIR,98,5910.0,489.05545151796105
2,1000,8,LXSSA_REPAIR,99,5970.0,489.0494209237222
2,1000,8,LXSSA_REPAIR,100,6030.0,489.03987836893066
2,1000,9,GNNLXSSA,0,30.0,2016.094846178963
2,1000,9,GNNLXSSA,1,660.0,1785.175706788592
2,1000,9,GNNLXSSA,2,674.0,1762.4810968299134
2,1000,9,GNNLXSSA,3,687.0,1663.0036028480608
2,1000,9,GNNLXSSA,4,701.0,1550.1896565610514
2,1000,9,GNNLXSSA,5,715.0,1476.0225055368355
2,1000,9,GNNLXSSA,6,728.0,1435.7851408640236
2,1000,9,GNNLXSSA,7,742.0,1406.7762700041967
2,1000,9,GNNLXSSA,8,755.0,1401.554200197228
2,1000,9,GNNLXSSA,9,767.0,1399.8978496379168
2,1000,9,GNNLXSSA,10,780.0,1399.8978496379168
2,1000,9,GNNLXSSA,11,794.0,1399.8978496379168
2,1000,9,GNNLXSSA,12,807.0,1344.5333241729459
2,1000,9,GNNLXSSA,13,820.0,1337.676273575813
2,1000,9,GNNLXSSA,14,834.0,1337.676273575813
2,1000,9,GNNLXSSA,15,848.0,1321.5468271083191
2,1000,9,GNNLXSSA,16,862.0,1321.5468271083191
2,1000,9,GNNLXSSA,17,876.0,1315.9517461310206
2,1000,9,GNNLXSSA,18,890.0,1302.551513735587
2,1000,9,GNNLXSSA,19,904.0,1284.3147792316995
2,1000,9,GNNLXSSA,20,917.0,1273.9618863246578
2,1000,9,GNNLXSSA,21,931.0,1265.2640583683897
2,1000,9,GNNLXSSA,22,945.0,1253.8778963671211
2,1000,9,GNNLXSSA,23,959.0,1253.8778963671211
2,1000,9,GNNLXSSA,24,971.0,1253.8778963671211
2,1000,9,GNNLXSSA,25,985.0,1226.6689216812592
2,1000,9,GNNLXSSA,26,999.0,1226.6689216812592
2,1000,9,GNNLXSSA,27,1013.0,1196.5096423497016
2,1000,9,GNNLXSSA,28,1026.0,1196.0107294730697
2,1000,9,GNNLXSSA,29,1040.0,1187.7356481364113
2,1000,9,GNNLXSSA,30,1053.0,1187.7356481364113
2,1000,9,GNNLXSSA,31,1066.0,1187.7356481364113
2,1000,9,GNNLXSSA,32,1079.0,1187.7356481364113
2,1000,9,GNNLXSSA,33,1093.0,1173.7753312387576
2,1000,9,GNNLXSSA,34,1107.0,1153.3245834283698
2,1000,9,GNNLXSSA,35,1121.0,1153.3245834283698
2,1000,9,GNNLXSSA,36,1135.0,1153.3245834283698
2,1000,9,GNNLXSSA,37,1149.0,1153.3245834283698
2,1000,9,GNNLXSSA,38,1163.0,1153.3245834283698
2,1000,9,GNNLXSSA,39,1177.0,1153.3245834283698
2,1000,9,GNNLXSSA,40,1191.0,1153.3245834283698
2,1000,9,GNNLXSSA,41,1204.0,1152.9930707429266
2,1000,9,GNNLXSSA,42,1218.0,1152.9930707429266
2,1000,9,GNNLXSSA,43,1232.0,1152.9930707429266
2,1000,9,GNNLXSSA,44,1246.0,1148.212712711913
2,1000,9,GNNLXSSA,45,1260.0,1148.212712711913
2,1000,9,GNNLXSSA,46,1274.0,1147.1844827748755
2,1000,9,GNNLXSSA,47,1288.0,1147.1844827748755
2,1000,9,GNNLXSSA,48,1302.0,1142.4338225881038
2,1000,9,GNNLXSSA,49,1316.0,1139.205756235493
2,1000,9,GNNLXSSA,50,1330.0,1130.6209056743646
2,1000,9,GNNLXSSA,51,1344.0,1117.0467908401224
2,1000,9,GNNLXSSA,52,1357.0,1117.0467908401224
2,1000,9,GNNLXSSA,53,1370.0,1116.4891287661594
2,1000,9,GNNLXSSA,54,1384.0,1116.4891287661594
2,1000,9,GNNLXSSA,55,1397.0,1114.386631284313
2,1000,9,GNNLXSSA,56,1411.0,1114.386631284313
2,1000,9,GNNLXSSA,57,1425.0,1107.2864660505875
2,1000,9,GNNLXSSA,58,1438.0,1104.2346132911662
2,1000,9,GNNLXSSA,59,1452.0,1104.2346132911662
2,1000,9,GNNLXSSA,60,1466.0,1103.8441005592977
2,1000,9,GNNLXSSA,61,1479.0,1100.867219130323
2,1000,9,GNNLXSSA,62,1493.0,1100.867219130323
2,1000,9,GNNLXSSA,63,1507.0,1096.0647881832156
2,1000,9,GNNLXSSA,64,1521.0,1093.758615497849
2,1000,9,GNNLXSSA,65,1535.0,1089.6005721296096
2,1000,9,GNNLXSSA,66,1549.0,1087.9910635871638
2,1000,9,GNNLXSSA,67,1562.0,1087.0185108786281
2,1000,9,GNNLXSSA,68,1575.0,1085.542259231599
2,1000,9,GNNLXSSA,69,1589.0,1084.0469657554786
2,1000,9,GNNLXSSA,70,1603.0,1084.0469657554786
2,1000,9,GNNLXSSA,71,1617.0,1084.0469657554786
2,1000,9,GNNLXSSA,72,1630.0,1083.7763378065174
2,1000,9,GNNLXSSA,73,1644.0,1083.7757915111943
2,1000,9,GNNLXSSA,74,1657.0,1083.7757915111943
2,1000,9,GNNLXSSA,75,1671.0,1083.549194575935
2,1000,9,GNNLXSSA,76,1685.0,1083.3767584843263
2,1000,9,GNNLXSSA,77,1699.0,1083.2081958478848
2,1000,9,GNNLXSSA,78,1711.0,1083.2081958478848
2,1000,9,GNNLXSSA,79,1725.0,1083.2081958478848
2,1000,9,GNNLXSSA,80,1739.0,1083.2081958478848
2,1000,9,GNNLXSSA,81,1753.0,1080.9027918764878
2,1000,9,GNNLXSSA,82,1766.0,1080.9027918764878
2,1000,9,GNNLXSSA,83,1780.0,1080.8905102492936
2,1000,9,GNNLXSSA,84,1794.0,1080.8769212372354
2,1000,9,GNNLXSSA,85,1808.0,1079.3907980453405
2,1000,9,GNNLXSSA,86,1822.0,1079.3813966727867
2,1000,9,GNNLXSSA,87,1836.0,1079.3813966727867
2,1000,9,GNNLXSSA,88,1850.0,1079.3813966727867
2,1000,9,GNNLXSSA,89,1864.0,1079.3813966727867
2,1000,9,GNNLXSSA,90,1877.0,1077.1097091894953
2,1000,9,GNNLXSSA,91,1891.0,1077.10106625739
2,1000,9,GNNLXSSA,92,1904.0,1076.840242676135
2,1000,9,GNNLXSSA,93,1918.0,1076.5271447623927
2,1000,9,GNNLXSSA,94,1932.0,1076.5271447623927
2,1000,9,GNNLXSSA,95,1946.0,1076.1084366850082
2,1000,9,GNNLXSSA,96,1960.0,1076.1082289348924
2,1000,9,GNNLXSSA,97,1974.0,1076.107072954448
2,1000,9,GNNLXSSA,98,1988.0,1075.0441580676124
2,1000,9,GNNLXSSA,99,2002.0,1073.7500518580564
2,1000,9,GNNLXSSA,100,2015.0,1073.4438590557802
2,1000,9,LXSSA_REPAIR,0,30.0,2066.8813359771193
2,1000,9,LXSSA_REPAIR,1,90.0,1830.7046559081173
2,1000,9,LXSSA_REPAIR,2,150.0,1581.9252648304828
2,1000,9,LXSSA_REPAIR,3,210.0,1482.8309876752282
2,1000,9,LXSSA_REPAIR,4,270.0,1393.6275060460794
2,1000,9,LXSSA_REPAIR,5,330.0,1285.2037805606124
2,1000,9,LXSSA_REPAIR,6,390.0,1256.3904446580964
2,1000,9,LXSSA_REPAIR,7,450.0,1237.9151568064772
2,1000,9,LXSSA_REPAIR,8,510.0,1227.598860531216
2,1000,9,LXSSA_REPAIR,9,570.0,1211.5613660210365
2,1000,9,LXSSA_REPAIR,10,630.0,1186.3132840662875
2,1000,9,LXSSA_REPAIR,11,690.0,1177.4530876458193
2,1000,9,LXSSA_REPAIR,12,750.0,1176.4733237451874
2,1000,9,LXSSA_REPAIR,13,810.0,1151.3075342467928
2,1000,9,LXSSA_REPAIR,14,870.0,1151.2741415551282
2,1000,9,LXSSA_REPAIR,15,930.0,1146.0646730487642
2,1000,9,LXSSA_REPAIR,16,990.0,1144.9357276095252
2,1000,9,LXSSA_REPAIR,17,1050.0,1140.8332558278125
2,1000,9,LXSSA_REPAIR,18,1110.0,1139.1601150353345
2,1000,9,LXSSA_REPAIR,19,1170.0,1115.6866877960601
2,1000,9,LXSSA_REPAIR,20,1230.0,1096.4314336509524
2,1000,9,LXSSA_REPAIR,21,1290.0,1069.8346760201784
2,1000,9,LXSSA_REPAIR,22,1350.0,1059.7146768178427
2,1000,9,LXSSA_REPAIR,23,1410.0,1049.1841175872214
2,1000,9,LXSSA_REPAIR,24,1470.0,1001.31396944683
2,1000,9,LXSSA_REPAIR,25,1530.0,997.1130950323422
2,1000,9,LXSSA_REPAIR,26,1590.0,995.8031471173636
2,1000,9,LXSSA_REPAIR,27,1650.0,982.2404212708279
2,1000,9,LXSSA_REPAIR,28,1710.0,976.0017254963896
2,1000,9,LXSSA_REPAIR,29,1770.0,963.3546508213985
2,1000,9,LXSSA_REPAIR,30,1830.0,961.7631146714266
2,1000,9,LXSSA_REPAIR,31,1890.0,960.908871218362
2,1000,9,LXSSA_REPAIR,32,1950.0,952.4524746524185
2,1000,9,LXSSA_REPAIR,33,2010.0,949.4988815977376
2,1000,9,LXSSA_REPAIR,34,2070.0,947.4115598202625
2,1000,9,LXSSA_REPAIR,35,2130.0,945.6036087947723
2,1000,9,LXSSA_REPAIR,36,2190.0,942.8060024266742
2,1000,9,LXSSA_REPAIR,37,2250.0,939.9450677783934
2,1000,9,LXSSA_REPAIR,38,2310.0,937.6777453010654
2,1000,9,LXSSA_REPAIR,39,2370.0,937.468380453578
2,1000,9,LXSSA_REPAIR,40,2430.0,937.2480012533888
2,1000,9,LXSSA_REPAIR,41,2490.0,936.2164252454131
2,1000,9,LXSSA_REPAIR,42,2550.0,935.3541370698695
2,1000,9,LXSSA_REPAIR,43,2610.0,935.1436251552295
2,1000,9,LXSSA_REPAIR,44,2670.0,933.6707483485043
2,1000,9,LXSSA_REPAIR,45,2730.0,928.6639779102297
2,1000,9,LXSSA_REPAIR,46,2790.0,926.2099763150545
2,1000,9,LXSSA_REPAIR,47,2850.0,921.8616335710358
2,1000,9,LXSSA_REPAIR,48,2910.0,915.4119294787997
2,1000,9,LXSSA_REPAIR,49,2970.0,911.4093248785248
2,1000,9,LXSSA_REPAIR,50,3030.0,911.3770437199528
2,1000,9,LXSSA_REPAIR,51,3090.0,905.8294547499827
2,1000,9,LXSSA_REPAIR,52,3150.0,905.6464958485267
2,1000,9,LXSSA_REPAIR,53,3210.0,896.8814826432936
2,1000,9,LXSSA_REPAIR,54,3270.0,889.4094332435379
2,1000,9,LXSSA_REPAIR,55,3330.0,888.0874354241423
2,1000,9,LXSSA_REPAIR,56,3390.0,886.6144154417016
2,1000,9,LXSSA_REPAIR,57,3450.0,885.9113964872085
2,1000,9,LXSSA_REPAIR,58,3510.0,884.7449448491316
2,1000,9,LXSSA_REPAIR,59,3570.0,884.5124846489089
2,1000,9,LXSSA_REPAIR,60,3630.0,884.3820339530466
2,1000,9,LXSSA_REPAIR,61,3690.0,883.9385433467069
2,1000,9,LXSSA_REPAIR,62,3750.0,882.8911364847118
2,1000,9,LXSSA_REPAIR,63,3810.0,879.8671873876556
2,1000,9,LXSSA_REPAIR,64,3870.0,878.3950800985185
2,1000,9,LXSSA_REPAIR,65,3930.0,877.279363973139
2,1000,9,LXSSA_REPAIR,66,3990.0,875.7599750960289
2,1000,9,LXSSA_REPAIR,67,4050.0,874.071399974051
2,1000,9,LXSSA_REPAIR,68,4110.0,872.821431299908
2,1000,9,LXSSA_REPAIR,69,4170.0,871.1639505614003
2,1000,9,LXSSA_REPAIR,70,4230.0,869.3142942012964
2,1000,9,LXSSA_REPAIR,71,4290.0,866.6913209733902
2,1000,9,LXSSA_REPAIR,72,4350.0,865.1755002253849
2,1000,9,LXSSA_REPAIR,73,4410.0,863.7329878125893
2,1000,9,LXSSA_REPAIR,74,4470.0,862.8351078598425
2,1000,9,LXSSA_REPAIR,75,4530.0,861.0237115440868
2,1000,9,LXSSA_REPAIR,76,4590.0,860.7416659713199
2,1000,9,LXSSA_REPAIR,77,4650.0,860.4348460367873
2,1000,9,LXSSA_REPAIR,78,4710.0,860.1471781821383
2,1000,9,LXSSA_REPAIR,79,4770.0,859.9478212503745
2,1000,9,LXSSA_REPAIR,80,4830.0,859.6930002578229
2,1000,9,LXSSA_REPAIR,81,4890.0,859.3762750263304
2,1000,9,LXSSA_REPAIR,82,4950.0,858.5106124880949
2,1000,9,LXSSA_REPAIR,83,5010.0,857.8473670132953
2,1000,9,LXSSA_REPAIR,84,5070.0,857.809987491677
2,1000,9,LXSSA_REPAIR,85,5130.0,857.778684007626
2,1000,9,LXSSA_REPAIR,86,5190.0,857.6864759621021
2,1000,9,LXSSA_REPAIR,87,5250.0,857.4973525802961
2,1000,9,LXSSA_REPAIR,88,5310.0,857.00323536223
2,1000,9,LXSSA_REPAIR,89,5370.0,856.7485193315297
2,1000,9,LXSSA_REPAIR,90,5430.0,856.6943451408479
2,1000,9,LXSSA_REPAIR,91,5490.0,856.6089909820003
2,1000,9,LXSSA_REPAIR,92,5550.0,856.4839989246975
2,1000,9,LXSSA_REPAIR,93,5610.0,856.4123635550714
2,1000,9,LXSSA_REPAIR,94,5670.0,856.3931531990711
2,1000,9,LXSSA_REPAIR,95,5730.0,856.3389738743317
2,1000,9,LXSSA_REPAIR,96,5790.0,856.2766150149619
2,1000,9,LXSSA_REPAIR,97,5850.0,856.1902076313308
2,1000,9,LXSSA_REPAIR,98,5910.0,856.0641014300527
2,1000,9,LXSSA_REPAIR,99,5970.0,856.0459214643306
2,1000,9,LXSSA_REPAIR,100,6030.0,856.0453478256968
2,500,10,GNNLXSSA,0,30.0,6585.812190639052
2,500,10,GNNLXSSA,1,724.0,6439.97306397908
2,500,10,GNNLXSSA,2,738.0,6422.406145939785
2,500,10,GNNLXSSA,3,752.0,6411.730700379652
2,500,10,GNNLXSSA,4,766.0,6411.730700379652
2,500,10,GNNLXSSA,5,780.0,6411.188604441573
2,500,10,GNNLXSSA,6,794.0,6411.188604441573
2,500,10,GNNLXSSA,7,808.0,6411.188604441573
2,500,10,GNNLXSSA,8,820.0,6411.188604441573
2,500,10,GNNLXSSA,9,834.0,6411.188604441573
2,500,10,GNNLXSSA,10,848.0,6347.570650554597
2,500,10,GNNLXSSA,11,862.0,6309.717520182632
2,500,10,GNNLXSSA,12,876.0,6309.717520182632
2,500,10,GNNLXSSA,13,889.0,6283.775734788018
2,500,10,GNNLXSSA,14,903.0,6283.775734788018
2,500,10,GNNLXSSA,15,917.0,6283.775734788018
2,500,10,GNNLXSSA,16,930.0,6283.775734788018
2,500,10,GNNLXSSA,17,944.0,6270.139369055469
2,500,10,GNNLXSSA,18,958.0,6255.530440186609
2,500,10,GNNLXSSA,19,972.0,6243.642140687902
2,500,10,GNNLXSSA,20,986.0,6243.642140687902
2,500,10,GNNLXSSA,21,999.0,6234.128572451031
2,500,10,GNNLXSSA,22,1012.0,6214.949362418753
2,500,10,GNNLXSSA,23,1026.0,6214.949362418753
2,500,10,GNNLXSSA,24,1039.0,6193.447760110896
2,500,10,GNNLXSSA,25,1052.0,6183.483938665777
2,500,10,GNNLXSSA,26,1065.0,6183.483938665777
2,500,10,GNNLXSSA,27,1079.0,6183.483938665777
2,500,10,GNNLXSSA,28,1093.0,6164.630215889221
2,500,10,GNNLXSSA,29,1107.0,6164.630215889221
2,500,10,GNNLXSSA,30,1121.0,6164.630215889221
2,500,10,GNNLXSSA,31,1135.0,6164.630215889221
2,500,10,GNNLXSSA,32,1149.0,6151.665744639096
2,500,10,GNNLXSSA,33,1163.0,6151.665744639096
2,500,10,GNNLXSSA,34,1177.0,6151.665744639096
2,500,10,GNNLXSSA,35,1190.0,6151.665744639096
2,500,10,GNNLXSSA,36,1204.0,6151.665744639096
2,500,10,GNNLXSSA,37,1217.0,6148.320520248315
2,500,10,GNNLXSSA,38,1231.0,6124.815500163582
2,500,10,GNNLXSSA,39,1245.0,6124.815500163582
2,500,10,GNNLXSSA,40,1259.0,6124.815500163582
2,500,10,GNNLXSSA,41,1273.0,6124.815500163582
2,500,10,GNNLXSSA,42,1287.0,6124.815500163582
2,500,10,GNNLXSSA,43,1301.0,6124.815500163582
2,500,10,GNNLXSSA,44,1313.0,6111.607308314007
2,500,10,GNNLXSSA,45,1327.0,6111.607308314007
2,500,10,GNNLXSSA,46,1341.0,6111.607308314007
2,500,10,GNNLXSSA,47,1354.0,6110.929374228886
2,500,10,GNNLXSSA,48,1367.0,6085.776167350443
2,500,10,GNNLXSSA,49,1379.0,6080.0635316072
2,500,10,GNNLXSSA,50,1393.0,6076.785846408442
2,500,10,GNNLXSSA,51,1407.0,6076.785846408442
2,500,10,GNNLXSSA,52,1421.0,6076.785846408442
2,500,10,GNNLXSSA,53,1434.0,6057.064671589607
2,500,10,GNNLXSSA,54,1448.0,6057.064671589607
2,500,10,GNNLXSSA,55,1462.0,6057.064671589607
2,500,10,GNNLXSSA,56,1476.0,6057.064671589607
2,500,10,GNNLXSSA,57,1489.0,6047.845807297468
2,500,10,GNNLXSSA,58,1503.0,6045.085304733082
2,500,10,GNNLXSSA,59,1517.0,6008.113000192119
2,500,10,GNNLXSSA,60,1530.0,5997.465778450758
2,500,10,GNNLXSSA,61,1544.0,5997.465778450758
2,500,10,GNNLXSSA,62,1558.0,5997.465778450758
2,500,10,GNNLXSSA,63,1572.0,5997.465778450758
2,500,10,GNNLXSSA,64,1585.0,5982.90351523101
2,500,10,GNNLXSSA,65,1598.0,5982.90351523101
2,500,10,GNNLXSSA,66,1611.0,5981.149925232086
2,500,10,GNNLXSSA,67,1625.0,5980.084909854639
2,500,10,GNNLXSSA,68,1639.0,5980.084909854639
2,500,10,GNNLXSSA,69,1652.0,5980.084909854639
2,500,10,GNNLXSSA,70,1664.0,5978.3459767367385
2,500,10,GNNLXSSA,71,1678.0,5978.3459767367385
2,500,10,GNNLXSSA,72,1691.0,5978.3459767367385
2,500,10,GNNLXSSA,73,1704.0,5977.68876120307
2,500,10,GNNLXSSA,74,1717.0,5977.68876120307
2,500,10,GNNLXSSA,75,1731.0,5977.452133484745
2,500,10,GNNLXSSA,76,1745.0,5977.452133484745
2,500,10,GNNLXSSA,77,1759.0,5976.897084198674
2,500,10,GNNLXSSA,78,1773.0,5976.327486620896
2,500,10,GNNLXSSA,79,1786.0,5976.327486620896
2,500,10,GNNLXSSA,80,1798.0,5966.093745334285
2,500,10,GNNLXSSA,81,1812.0,5966.093745334285
2,500,10,GNNLXSSA,82,1825.0,5961.384063814861
2,500,10,GNNLXSSA,83,1838.0,5961.384063814861
2,500,10,GNNLXSSA,84,1852.0,5961.384063814861
2,500,10,GNNLXSSA,85,1865.0,5959.198750943731
2,500,10,GNNLXSSA,86,1879.0,5959.198750943731
2,500,10,GNNLXSSA,87,1893.0,5959.198750943731
2,500,10,GNNLXSSA,88,1907.0,5959.198750943731
2,500,10,GNNLXSSA,89,1919.0,5959.198750943731
2,500,10,GNNLXSSA,90,1933.0,5959.198750943731
2,500,10,GNNLXSSA,91,1946.0,5959.191768631572
2,500,10,GNNLXSSA,92,1960.0,5959.1914197953665
2,500,10,GNNLXSSA,93,1974.0,5959.085313538351
2,500,10,GNNLXSSA,94,1987.0,5959.0791168163705
2,500,10,GNNLXSSA,95,2001.0,5959.0791168163705
2,500,10,GNNLXSSA,96,2015.0,5958.973931806075
2,500,10,GNNLXSSA,97,2029.0,5958.973931806075
2,500,10,GNNLXSSA,98,2043.0,5954.1812216974795
2,500,10,GNNLXSSA,99,2057.0,5953.120960154272
2,500,10,GNNLXSSA,100,2071.0,5953.120873758948
2,500,10,LXSSA_REPAIR,0,30.0,6614.1640070869835
2,500,10,LXSSA_REPAIR,1,90.0,6530.70635207263
2,500,10,LXSSA_REPAIR,2,150.0,6473.778367099119
2,500,10,LXSSA_REPAIR,3,210.0,6389.438771364556
2,500,10,LXSSA_REPAIR,4,270.0,6334.558394292937
2,500,10,LXSSA_REPAIR,5,330.0,6329.3193187291545
2,500,10,LXSSA_REPAIR,6,390.0,6293.1036257151645
2,500,10,LXSSA_REPAIR,7,450.0,6265.30064171378
2,500,10,LXSSA_REPAIR,8,510.0,6204.530227547002
2,500,10,LXSSA_REPAIR,9,570.0,6166.093531515988
2,500,10,LXSSA_REPAIR,10,630.0,6146.011417779868
2,500,10,LXSSA_REPAIR,11,690.0,6142.99340331737
2,500,10,LXSSA_REPAIR,12,750.0,6134.837350593618
2,500,10,LXSSA_REPAIR,13,810.0,6126.47019720645
2,500,10,LXSSA_REPAIR,14,870.0,6114.12042571987
2,500,10,LXSSA_REPAIR,15,930.0,6102.0954614078655
2,500,10,LXSSA_REPAIR,16,990.0,6101.007819304075
2,500,10,LXSSA_REPAIR,17,1050.0,6041.088169533337
2,500,10,LXSSA_REPAIR,18,1110.0,6021.513086023842
2,500,10,LXSSA_REPAIR,19,1170.0,5993.8985857053485
2,500,10,LXSSA_REPAIR,20,1230.0,5965.800528373213
2,500,10,LXSSA_REPAIR,21,1290.0,5960.493518406671
2,500,10,LXSSA_REPAIR,22,1350.0,5954.513431584375
2,500,10,LXSSA_REPAIR,23,1410.0,5953.7025369752155
2,500,10,LXSSA_REPAIR,24,1470.0,5953.148682140767
2,500,10,LXSSA_REPAIR,25,1530.0,5934.707109369207
2,500,10,LXSSA_REPAIR,26,1590.0,5912.204600976067
2,500,10,LXSSA_REPAIR,27,1650.0,5907.954545794739
2,500,10,LXSSA_REPAIR,28,1710.0,5897.279574991357
2,500,10,LXSSA_REPAIR,29,1770.0,5894.465083776806
2,500,10,LXSSA_REPAIR,30,1830.0,5875.88086069953
2,500,10,LXSSA_REPAIR,31,1890.0,5875.456816282742
2,500,10,LXSSA_REPAIR,32,1950.0,5875.238993294697
2,500,10,LXSSA_REPAIR,33,2010.0,5859.643889875915
2,500,10,LXSSA_REPAIR,34,2070.0,5846.346978941765
2,500,10,LXSSA_REPAIR,35,2130.0,5823.982533223083
2,500,10,LXSSA_REPAIR,36,2190.0,5813.545709181904
2,500,10,LXSSA_REPAIR,37,2250.0,5810.447961517406
2,500,10,LXSSA_REPAIR,38,2310.0,5808.699975024239
2,500,10,LXSSA_REPAIR,39,2370.0,5798.969971209051
2,500,10,LXSSA_REPAIR,40,2430.0,5795.5519771085455
2,500,10,LXSSA_REPAIR,41,2490.0,5791.225124656019
2,500,10,LXSSA_REPAIR,42,2550.0,5783.411108337299
2,500,10,LXSSA_REPAIR,43,2610.0,5780.76364265439
2,500,10,LXSSA_REPAIR,44,2670.0,5774.618264288838
2,500,10,LXSSA_REPAIR,45,2730.0,5771.1528358111755
2,500,10,LXSSA_REPAIR,46,2790.0,5769.796399983439
2,500,10,LXSSA_REPAIR,47,2850.0,5758.840042547963
2,500,10,LXSSA_REPAIR,48,2910.0,5758.292044466711
2,500,10,LXSSA_REPAIR,49,2970.0,5755.32652287549
2,500,10,LXSSA_REPAIR,50,3030.0,5753.209785300402
2,500,10,LXSSA_REPAIR,51,3090.0,5752.559234568034
2,500,10,LXSSA_REPAIR,52,3150.0,5752.556231192233
2,500,10,LXSSA_REPAIR,53,3210.0,5752.47058908391
2,500,10,LXSSA_REPAIR,54,3270.0,5749.584750113798
2,500,10,LXSSA_REPAIR,55,3330.0,5748.617060075412
2,500,10,LXSSA_REPAIR,56,3390.0,5746.721296673641
2,500,10,LXSSA_REPAIR,57,3450.0,5746.703906264316
2,500,10,LXSSA_REPAIR,58,3510.0,5746.641241837926
2,500,10,LXSSA_REPAIR,59,3570.0,5741.12537445029
2,500,10,LXSSA_REPAIR,60,3630.0,5736.605610888066
2,500,10,LXSSA_REPAIR,61,3690.0,5735.334978949693
2,500,10,LXSSA_REPAIR,62,3750.0,5709.7705022272785
2,500,10,LXSSA_REPAIR,63,3810.0,5708.824710572175
2,500,10,LXSSA_REPAIR,64,3870.0,5707.253333132307
2,500,10,LXSSA_REPAIR,65,3930.0,5701.29290074217
2,500,10,LXSSA_REPAIR,66,3990.0,5693.4118341022695
2,500,10,LXSSA_REPAIR,67,4050.0,5691.152009708698
2,500,10,LXSSA_REPAIR,68,4110.0,5690.119619212463
2,500,10,LXSSA_REPAIR,69,4170.0,5689.687169066194
2,500,10,LXSSA_REPAIR,70,4230.0,5686.518392072234
2,500,10,LXSSA_REPAIR,71,4290.0,5683.6218866450145
2,500,10,LXSSA_REPAIR,72,4350.0,5683.139323864736
2,500,10,LXSSA_REPAIR,73,4410.0,5682.926268304829
2,500,10,LXSSA_REPAIR,74,4470.0,5682.4573759276755
2,500,10,LXSSA_REPAIR,75,4530.0,5682.230682511501
2,500,10,LXSSA_REPAIR,76,4590.0,5681.911976468589
2,500,10,LXSSA_REPAIR,77,4650.0,5681.017844704067
2,500,10,LXSSA_REPAIR,78,4710.0,5678.9692107526425
2,500,10,LXSSA_REPAIR,79,4770.0,5674.405992286076
2,500,10,LXSSA_REPAIR,80,4830.0,5670.703228175858
2,500,10,LXSSA_REPAIR,81,4890.0,5670.6316005581975
2,500,10,LXSSA_REPAIR,82,4950.0,5670.531718484941
2,500,10,LXSSA_REPAIR,83,5010.0,5670.460599672122
2,500,10,LXSSA_REPAIR,84,5070.0,5669.069993539379
2,500,10,LXSSA_REPAIR,85,5130.0,5668.488434050138
2,500,10,LXSSA_REPAIR,86,5190.0,5668.461625585303
2,500,10,LXSSA_REPAIR,87,5250.0,5668.406916130101
2,500,10,LXSSA_REPAIR,88,5310.0,5668.2329475290535
2,500,10,LXSSA_REPAIR,89,5370.0,5667.872690568634
2,500,10,LXSSA_REPAIR,90,5430.0,5667.495414493918
2,500,10,LXSSA_REPAIR,91,5490.0,5667.080363318411
2,500,10,LXSSA_REPAIR,92,5550.0,5665.6531163083055
2,500,10,LXSSA_REPAIR,93,5610.0,5663.576678468387
2,500,10,LXSSA_REPAIR,94,5670.0,5663.221835341108
2,500,10,LXSSA_REPAIR,95,5730.0,5663.140300681916
2,500,10,LXSSA_REPAIR,96,5790.0,5663.026657369257
2,500,10,LXSSA_REPAIR,97,5850.0,5662.857015616042
2,500,10,LXSSA_REPAIR,98,5910.0,5662.414833419687
2,500,10,LXSSA_REPAIR,99,5970.0,5662.39205030047
2,500,10,LXSSA_REPAIR,100,6030.0,5662.348720617025
2,500,2,GNNLXSSA,0,30.0,11.50333195409803
2,500,2,GNNLXSSA,1,210.0,3.6873480411095443
2,500,2,GNNLXSSA,2,224.0,3.2750074116365795
2,500,2,GNNLXSSA,3,238.0,3.0168299408796884
2,500,2,GNNLXSSA,4,251.0,2.8265278167336874
2,500,2,GNNLXSSA,5,264.0,2.8265278167336874
2,500,2,GNNLXSSA,6,278.0,2.8265278167336874
2,500,2,GNNLXSSA,7,292.0,2.7877171470327085
2,500,2,GNNLXSSA,8,306.0,2.7779020031102846
2,500,2,GNNLXSSA,9,320.0,2.760392949875495
2,500,2,GNNLXSSA,10,333.0,2.760392949875495
2,500,2,GNNLXSSA,11,347.0,2.677475777270047
2,500,2,GNNLXSSA,12,361.0,2.4558792858088054
2,500,2,GNNLXSSA,13,374.0,2.438129538375506
2,500,2,GNNLXSSA,14,388.0,2.4103381300828914
2,500,2,GNNLXSSA,15,402.0,2.4103381300828914
2,500,2,GNNLXSSA,16,415.0,2.4103381300828914
2,500,2,GNNLXSSA,17,428.0,2.3931835657458578
2,500,2,GNNLXSSA,18,442.0,2.3931835657458578
2,500,2,GNNLXSSA,19,456.0,2.3753582599365473
2,500,2,GNNLXSSA,20,470.0,2.3396276509847667
2,500,2,GNNLXSSA,21,484.0,2.3396276509847667
2,500,2,GNNLXSSA,22,498.0,2.3396276509847667
2,500,2,GNNLXSSA,23,512.0,2.3396276509847667
2,500,2,GNNLXSSA,24,526.0,2.3396276509847667
2,500,2,GNNLXSSA,25,540.0,2.3396276509847667
2,500,2,GNNLXSSA,26,552.0,2.3396276509847667
2,500,2,GNNLXSSA,27,565.0,2.3396276509847667
2,500,2,GNNLXSSA,28,579.0,2.3396276509847667
2,500,2,GNNLXSSA,29,592.0,2.3160759284892265
2,500,2,GNNLXSSA,30,605.0,2.3160759284892265
2,500,2,GNNLXSSA,31,619.0,2.3160759284892265
2,500,2,GNNLXSSA,32,632.0,2.3059253317696857
2,500,2,GNNLXSSA,33,646.0,2.3059253317696857
2,500,2,GNNLXSSA,34,660.0,2.3059253317696857
2,500,2,GNNLXSSA,35,674.0,2.304905576096644
2,500,2,GNNLXSSA,36,687.0,2.304905576096644
2,500,2,GNNLXSSA,37,701.0,2.304905576096644
2,500,2,GNNLXSSA,38,715.0,2.304905576096644
2,500,2,GNNLXSSA,39,729.0,2.304905576096644
2,500,2,GNNLXSSA,40,742.0,2.304905576096644
2,500,2,GNNLXSSA,41,755.0,2.2970384114296394
2,500,2,GNNLXSSA,42,769.0,2.27339223643321
2,500,2,GNNLXSSA,43,782.0,2.27339223643321
2,500,2,GNNLXSSA,44,794.0,2.27339223643321
2,500,2,GNNLXSSA,45,808.0,2.27339223643321
2,500,2,GNNLXSSA,46,822.0,2.2727613381839546
2,500,2,GNNLXSSA,47,836.0,2.2727613381839546
2,500,2,GNNLXSSA,48,850.0,2.2727613381839546
2,500,2,GNNLXSSA,49,864.0,2.2727613381839546
2,500,2,GNNLXSSA,50,878.0,2.270041585668878
2,500,2,GNNLXSSA,51,892.0,2.2588310236951656
2,500,2,GNNLXSSA,52,906.0,2.2588310236951656
2,500,2,GNNLXSSA,53,920.0,2.2588310236951656
2,500,2,GNNLXSSA,54,934.0,2.2588310236951656
2,500,2,GNNLXSSA,55,948.0,2.2588310236951656
2,500,2,GNNLXSSA,56,962.0,2.2588310236951656
2,500,2,GNNLXSSA,57,975.0,2.256893156136357
2,500,2,GNNLXSSA,58,989.0,2.256893156136357
2,500,2,GNNLXSSA,59,1003.0,2.256893156136357
2,500,2,GNNLXSSA,60,1017.0,2.256893156136357
2,500,2,GNNLXSSA,61,1031.0,2.256893156136357
2,500,2,GNNLXSSA,62,1045.0,2.256893156136357
2,500,2,GNNLXSSA,63,1059.0,2.255666562067745
2,500,2,GNNLXSSA,64,1073.0,2.255666562067745
2,500,2,GNNLXSSA,65,1085.0,2.255666562067745
2,500,2,GNNLXSSA,66,1099.0,2.255666562067745
2,500,2,GNNLXSSA,67,1112.0,2.255666562067745
2,500,2,GNNLXSSA,68,1126.0,2.255666562067745
2,500,2,GNNLXSSA,69,1138.0,2.255666562067745
2,500,2,GNNLXSSA,70,1150.0,2.255666562067745
2,500,2,GNNLXSSA,71,1164.0,2.255666562067745
2,500,2,GNNLXSSA,72,1177.0,2.2556532615071774
2,500,2,GNNLXSSA,73,1190.0,2.2556532615071774
2,500,2,GNNLXSSA,74,1203.0,2.2556532615071774
2,500,2,GNNLXSSA,75,1217.0,2.2556532615071774
2,500,2,GNNLXSSA,76,1231.0,2.2556532615071774
2,500,2,GNNLXSSA,77,1245.0,2.2555416905961465
2,500,2,GNNLXSSA,78,1259.0,2.2555416905961465
2,500,2,GNNLXSSA,79,1273.0,2.2555416905961465
2,500,2,GNNLXSSA,80,1286.0,2.2555416905961465
2,500,2,GNNLXSSA,81,1299.0,2.2555416905961465
2,500,2,GNNLXSSA,82,1311.0,2.2555416905961465
2,500,2,GNNLXSSA,83,1325.0,2.2555416905961465
2,500,2,GNNLXSSA,84,1339.0,2.2555416905961465
2,500,2,GNNLXSSA,85,1353.0,2.2555416905961465
2,500,2,GNNLXSSA,86,1366.0,2.2555416905961465
2,500,2,GNNLXSSA,87,1379.0,2.2555416905961465
2,500,2,GNNLXSSA,88,1393.0,2.2555416905961465
2,500,2,GNNLXSSA,89,1406.0,2.2555416905961465
2,500,2,GNNLXSSA,90,1420.0,2.2555416905961465
2,500,2,GNNLXSSA,91,1434.0,2.2555416905961465
2,500,2,GNNLXSSA,92,1448.0,2.2555416905961465
2,500,2,GNNLXSSA,93,1462.0,2.2555416905961465
2,500,2,GNNLXSSA,94,1476.0,2.2555416905961465
2,500,2,GNNLXSSA,95,1490.0,2.2555416905961465
2,500,2,GNNLXSSA,96,1504.0,2.2555296499213
2,500,2,GNNLXSSA,97,1518.0,2.2555203938582054
2,500,2,GNNLXSSA,98,1532.0,2.2555203938582054
2,500,2,GNNLXSSA,99,1546.0,2.2555141639068097
2,500,2,GNNLXSSA,100,1559.0,2.2555104270768425
2,500,2,LXSSA_REPAIR,0,30.0,10.575758686087283
2,500,2,LXSSA_REPAIR,1,90.0,3.9834392822631344
2,500,2,LXSSA_REPAIR,2,150.0,2.891987162633086
2,500,2,LXSSA_REPAIR,3,210.0,2.7416740660946743
2,500,2,LXSSA_REPAIR,4,270.0,2.3691232525561645
2,500,2,LXSSA_REPAIR,5,330.0,2.2771321840928067
2,500,2,LXSSA_REPAIR,6,390.0,2.2644934643303714
2,500,2,LXSSA_REPAIR,7,450.0,2.257311317427593
2,500,2,LXSSA_REPAIR,8,510.0,2.256261069311222
2,500,2,LXSSA_REPAIR,9,570.0,2.0113203861601505
2,500,2,LXSSA_REPAIR,10,630.0,1.9885296542270225
2,500,2,LXSSA_REPAIR,11,690.0,1.8979685457161395
2,500,2,LXSSA_REPAIR,12,750.0,1.8898966200795257
2,500,2,LXSSA_REPAIR,13,810.0,1.889482260720797
2,500,2,LXSSA_REPAIR,14,870.0,1.8893983846746778
2,500,2,LXSSA_REPAIR,15,930.0,1.8738768736247948
2,500,2,LXSSA_REPAIR,16,990.0,1.8458154058544096
2,500,2,LXSSA_REPAIR,17,1050.0,1.8321307761507342
2,500,2,LXSSA_REPAIR,18,1110.0,1.8321307761507342
2,500,2,LXSSA_REPAIR,19,1170.0,1.831193037189223
2,500,2,LXSSA_REPAIR,20,1230.0,1.8288318102313497
2,500,2,LXSSA_REPAIR,21,1290.0,1.8282167824927456
2,500,2,LXSSA_REPAIR,22,1350.0,1.8270562375419104
2,500,2,LXSSA_REPAIR,23,1410.0,1.8227477421769436
2,500,2,LXSSA_REPAIR,24,1470.0,1.8174117899925477
2,500,2,LXSSA_REPAIR,25,1530.0,1.8152175493341929
2,500,2,LXSSA_REPAIR,26,1590.0,1.8136136013463329
2,500,2,LXSSA_REPAIR,27,1650.0,1.8133083317552519
2,500,2,LXSSA_REPAIR,28,1710.0,1.8131702925074933
2,500,2,LXSSA_REPAIR,29,1770.0,1.8130167714498384
2,500,2,LXSSA_REPAIR,30,1830.0,1.812814378409712
2,500,2,LXSSA_REPAIR,31,1890.0,1.812786256507934
2,500,2,LXSSA_REPAIR,32,1950.0,1.8125706592336428
2,500,2,LXSSA_REPAIR,33,2010.0,1.8125706592336428
2,500,2,LXSSA_REPAIR,34,2070.0,1.8125706592336428
2,500,2,LXSSA_REPAIR,35,2130.0,1.8125419123334723
2,500,2,LXSSA_REPAIR,36,2190.0,1.8124878599965086
2,500,2,LXSSA_REPAIR,37,2250.0,1.8124347493694586
2,500,2,LXSSA_REPAIR,38,2310.0,1.8124347493694586
2,500,2,LXSSA_REPAIR,39,2370.0,1.8124346852373492
2,500,2,LXSSA_REPAIR,40,2430.0,1.8124346852373492
2,500,2,LXSSA_REPAIR,41,2490.0,1.8124314737842724
2,500,2,LXSSA_REPAIR,42,2550.0,1.8124314737842724
2,500,2,LXSSA_REPAIR,43,2610.0,1.8123929690846126
2,500,2,LXSSA_REPAIR,44,2670.0,1.8123819117736275
2,500,2,LXSSA_REPAIR,45,2730.0,1.8123819117736275
2,500,2,LXSSA_REPAIR,46,2790.0,1.8123819117736275
2,500,2,LXSSA_REPAIR,47,2850.0,1.8123789549663343
2,500,2,LXSSA_REPAIR,48,2910.0,1.8123735868266522
2,500,2,LXSSA_REPAIR,49,2970.0,1.8123731531213707
2,500,2,LXSSA_REPAIR,50,3030.0,1.81236868425367
2,500,2,LXSSA_REPAIR,51,3090.0,1.812366427336201
2,500,2,LXSSA_REPAIR,52,3150.0,1.8123661672307207
2,500,2,LXSSA_REPAIR,53,3210.0,1.8123661155414084
2,500,2,LXSSA_REPAIR,54,3270.0,1.8123658667800555
2,500,2,LXSSA_REPAIR,55,3330.0,1.8123658667800555
2,500,2,LXSSA_REPAIR,56,3390.0,1.8123657315791206
2,500,2,LXSSA_REPAIR,57,3450.0,1.8123657283758803
2,500,2,LXSSA_REPAIR,58,3510.0,1.8123655381150456
2,500,2,LXSSA_REPAIR,59,3570.0,1.812365423562369
2,500,2,LXSSA_REPAIR,60,3630.0,1.8123653944348916
2,500,2,LXSSA_REPAIR,61,3690.0,1.812365369663894
2,500,2,LXSSA_REPAIR,62,3750.0,1.812365369663894
2,500,2,LXSSA_REPAIR,63,3810.0,1.8123653245384048
2,500,2,LXSSA_REPAIR,64,3870.0,1.8123653077327617
2,500,2,LXSSA_REPAIR,65,3930.0,1.8123652751201007
2,500,2,LXSSA_REPAIR,66,3990.0,1.812365214388592
2,500,2,LXSSA_REPAIR,67,4050.0,1.8123652101703556
2,500,2,LXSSA_REPAIR,68,4110.0,1.8123651830273957
2,500,2,LXSSA_REPAIR,69,4170.0,1.8123651819723818
2,500,2,LXSSA_REPAIR,70,4230.0,1.8123651682417403
2,500,2,LXSSA_REPAIR,71,4290.0,1.8123651651349064
2,500,2,LXSSA_REPAIR,72,4350.0,1.8123651637924922
2,500,2,LXSSA_REPAIR,73,4410.0,1.8123651593941759
2,500,2,LXSSA_REPAIR,74,4470.0,1.8123651593941759
2,500,2,LXSSA_REPAIR,75,4530.0,1.8123651588357461
2,500,2,LXSSA_REPAIR,76,4590.0,1.812365158688408
2,500,2,LXSSA_REPAIR,77,4650.0,1.8123651554633398
2,500,2,LXSSA_REPAIR,78,4710.0,1.8123651554005846
2,500,2,LXSSA_REPAIR,79,4770.0,1.8123651537234764
2,500,2,LXSSA_REPAIR,80,4830.0,1.8123651524647357
2,500,2,LXSSA_REPAIR,81,4890.0,1.8123651522146247
2,500,2,LXSSA_REPAIR,82,4950.0,1.81236515182718
2,500,2,LXSSA_REPAIR,83,5010.0,1.8123651517125836
2,500,2,LXSSA_REPAIR,84,5070.0,1.8123651514479207
2,500,2,LXSSA_REPAIR,85,5130.0,1.8123651504001828
2,500,2,LXSSA_REPAIR,86,5190.0,1.8123651503901783
2,500,2,LXSSA_REPAIR,87,5250.0,1.812365150374717
2,500,2,LXSSA_REPAIR,88,5310.0,1.8123651499399784
2,500,2,LXSSA_REPAIR,89,5370.0,1.812365149928155
2,500,2,LXSSA_REPAIR,90,5430.0,1.8123651498817708
2,500,2,LXSSA_REPAIR,91,5490.0,1.8123651498817708
2,500,2,LXSSA_REPAIR,92,5550.0,1.8123651497080573
2,500,2,LXSSA_REPAIR,93,5610.0,1.8123651494825026
2,500,2,LXSSA_REPAIR,94,5670.0,1.8123651494825026
2,500,2,LXSSA_REPAIR,95,5730.0,1.8123651493051511
2,500,2,LXSSA_REPAIR,96,5790.0,1.8123651492733188
2,500,2,LXSSA_REPAIR,97,5850.0,1.8123651492596764
2,500,2,LXSSA_REPAIR,98,5910.0,1.8123651492469435
2,500,2,LXSSA_REPAIR,99,5970.0,1.8123651491159762
2,500,2,LXSSA_REPAIR,100,6030.0,1.8123651491114288
2,500,3,GNNLXSSA,0,30.0,131.9616116994057
2,500,3,GNNLXSSA,1,275.0,76.48839837009473
2,500,3,GNNLXSSA,2,289.0,73.4733007077266
2,500,3,GNNLXSSA,3,303.0,67.14896840894289
2,500,3,GNNLXSSA,4,317.0,62.76411593542434
2,500,3,GNNLXSSA,5,330.0,61.963650523099204
2,500,3,GNNLXSSA,6,344.0,61.27970260189977
2,500,3,GNNLXSSA,7,358.0,57.5227523356989
2,500,3,GNNLXSSA,8,372.0,57.16541288087865
2,500,3,GNNLXSSA,9,386.0,57.16541288087865
2,500,3,GNNLXSSA,10,400.0,56.99041733066406
2,500,3,GNNLXSSA,11,413.0,56.49450521203471
2,500,3,GNNLXSSA,12,427.0,56.49450521203471
2,500,3,GNNLXSSA,13,440.0,56.49450521203471
2,500,3,GNNLXSSA,14,454.0,56.49450521203471
2,500,3,GNNLXSSA,15,468.0,56.49450521203471
2,500,3,GNNLXSSA,16,481.0,56.49450521203471
2,500,3,GNNLXSSA,17,494.0,56.49450521203471
2,500,3,GNNLXSSA,18,507.0,55.23997083433642
2,500,3,GNNLXSSA,19,521.0,55.23997083433642
2,500,3,GNNLXSSA,20,535.0,55.23997083433642
2,500,3,GNNLXSSA,21,549.0,55.23997083433642
2,500,3,GNNLXSSA,22,563.0,54.38984105664531
2,500,3,GNNLXSSA,23,577.0,54.38984105664531
2,500,3,GNNLXSSA,24,591.0,54.38984105664531
2,500,3,GNNLXSSA,25,605.0,54.30654090439384
2,500,3,GNNLXSSA,26,618.0,53.622386394794376
2,500,3,GNNLXSSA,27,632.0,53.615489779784184
2,500,3,GNNLXSSA,28,646.0,53.615489779784184
2,500,3,GNNLXSSA,29,659.0,53.615489779784184
2,500,3,GNNLXSSA,30,673.0,53.615489779784184
2,500,3,GNNLXSSA,31,686.0,53.265206999871225
2,500,3,GNNLXSSA,32,699.0,53.265206999871225
2,500,3,GNNLXSSA,33,713.0,53.23896540937676
2,500,3,GNNLXSSA,34,726.0,52.928699443169535
2,500,3,GNNLXSSA,35,739.0,52.928699443169535
2,500,3,GNNLXSSA,36,753.0,52.928699443169535
2,500,3,GNNLXSSA,37,766.0,52.928699443169535
2,500,3,GNNLXSSA,38,779.0,52.760505975407796
2,500,3,GNNLXSSA,39,793.0,52.760505975407796
2,500,3,GNNLXSSA,40,807.0,52.760505975407796
2,500,3,GNNLXSSA,41,821.0,52.43213350776932
2,500,3,GNNLXSSA,42,835.0,52.43213350776932
2,500,3,GNNLXSSA,43,849.0,52.43213350776932
2,500,3,GNNLXSSA,44,862.0,52.43213350776932
2,500,3,GNNLXSSA,45,876.0,52.43213350776932
2,500,3,GNNLXSSA,46,890.0,52.43213350776932
2,500,3,GNNLXSSA,47,904.0,52.43213350776932
2,500,3,GNNLXSSA,48,918.0,52.43213350776932
2,500,3,GNNLXSSA,49,932.0,52.20391854603804
2,500,3,GNNLXSSA,50,946.0,52.20391854603804
2,500,3,GNNLXSSA,51,960.0,52.20391854603804
2,500,3,GNNLXSSA,52,974.0,52.20391854603804
2,500,3,GNNLXSSA,53,988.0,52.20391854603804
2,500,3,GNNLXSSA,54,1002.0,52.20391854603804
2,500,3,GNNLXSSA,55,1015.0,52.20391854603804
2,500,3,GNNLXSSA,56,1029.0,51.97435953705826
2,500,3,GNNLXSSA,57,1042.0,51.92432165356877
2,500,3,GNNLXSSA,58,1056.0,51.87546389532508
2,500,3,GNNLXSSA,59,1070.0,51.67028015442702
2,500,3,GNNLXSSA,60,1084.0,51.26069247280975
2,500,3,GNNLXSSA,61,1098.0,50.99346069390958
2,500,3,GNNLXSSA,62,1112.0,50.99346069390958
2,500,3,GNNLXSSA,63,1125.0,50.972037473613454
2,500,3,GNNLXSSA,64,1138.0,50.972037473613454
2,500,3,GNNLXSSA,65,1152.0,50.972037473613454
2,500,3,GNNLXSSA,66,1166.0,50.799548744667845
2,500,3,GNNLXSSA,67,1179.0,50.799548744667845
2,500,3,GNNLXSSA,68,1192.0,50.75356560014188
2,500,3,GNNLXSSA,69,1206.0,50.49630398691079
2,500,3,GNNLXSSA,70,1220.0,50.49630398691079
2,500,3,GNNLXSSA,71,1233.0,50.07852675819777
2,500,3,GNNLXSSA,72,1246.0,50.075059609967866
2,500,3,GNNLXSSA,73,1260.0,50.075059609967866
2,500,3,GNNLXSSA,74,1274.0,50.075059609967866
2,500,3,GNNLXSSA,75,1288.0,50.072563390174764
2,500,3,GNNLXSSA,76,1302.0,50.0685395494329
2,500,3,GNNLXSSA,77,1316.0,50.0685395494329
2,500,3,GNNLXSSA,78,1330.0,50.06425194987605
2,500,3,GNNLXSSA,79,1344.0,50.06425194987605
2,500,3,GNNLXSSA,80,1357.0,50.06425194987605
2,500,3,GNNLXSSA,81,1371.0,50.03516633631625
2,500,3,GNNLXSSA,82,1385.0,50.03516633631625
2,500,3,GNNLXSSA,83,1399.0,50.03516633631625
2,500,3,GNNLXSSA,84,1412.0,50.03516633631625
2,500,3,GNNLXSSA,85,1426.0,50.03516633631625
2,500,3,GNNLXSSA,86,1439.0,50.03516633631625
2,500,3,GNNLXSSA,87,1453.0,50.03516633631625
2,500,3,GNNLXSSA,88,1467.0,50.03516633631625
2,500,3,GNNLXSSA,89,1481.0,50.03516633631625
2,500,3,GNNLXSSA,90,1495.0,50.03516633631625
2,500,3,GNNLXSSA,91,1509.0,50.03516633631625
2,500,3,GNNLXSSA,92,1523.0,50.03516633631625
2,500,3,GNNLXSSA,93,1537.0,50.03357543749917
2,500,3,GNNLXSSA,94,1551.0,50.03357543749917
2,500,3,GNNLXSSA,95,1565.0,50.03357543749917
2,500,3,GNNLXSSA,96,1577.0,50.03357543749917
2,500,3,GNNLXSSA,97,1591.0,50.03052551741348
2,500,3,GNNLXSSA,98,1604.0,50.03052551741348
2,500,3,GNNLXSSA,99,1618.0,50.03052551741348
2,500,3,GNNLXSSA,100,1632.0,50.03012326987118
2,500,3,LXSSA_REPAIR,0,30.0,139.51904773593924
2,500,3,LXSSA_REPAIR,1,90.0,82.847527658314
2,500,3,LXSSA_REPAIR,2,150.0,71.28606999637668
2,500,3,LXSSA_REPAIR,3,210.0,64.20305879297848
2,500,3,LXSSA_REPAIR,4,270.0,62.200099964875335
2,500,3,LXSSA_REPAIR,5,330.0,56.719277187017724
2,500,3,LXSSA_REPAIR,6,390.0,55.45418734747
2,500,3,LXSSA_REPAIR,7,450.0,54.92631364480985
2,500,3,LXSSA_REPAIR,8,510.0,54.44539344051191
2,500,3,LXSSA_REPAIR,9,570.0,53.53760077681727
2,500,3,LXSSA_REPAIR,10,630.0,52.86609036362643
2,500,3,LXSSA_REPAIR,11,690.0,52.10508799124909
2,500,3,LXSSA_REPAIR,12,750.0,51.62772430416044
2,500,3,LXSSA_REPAIR,13,810.0,51.00940277337395
2,500,3,LXSSA_REPAIR,14,870.0,50.974584079194756
2,500,3,LXSSA_REPAIR,15,930.0,50.32592692397884
2,500,3,LXSSA_REPAIR,16,990.0,50.14428977912576
2,500,3,LXSSA_REPAIR,17,1050.0,48.65586246687235
2,500,3,LXSSA_REPAIR,18,1110.0,48.348436166948886
2,500,3,LXSSA_REPAIR,19,1170.0,48.1519888169114
2,500,3,LXSSA_REPAIR,20,1230.0,47.992042462128666
2,500,3,LXSSA_REPAIR,21,1290.0,47.81542903885929
2,500,3,LXSSA_REPAIR,22,1350.0,47.322664217061174
2,500,3,LXSSA_REPAIR,23,1410.0,47.20468013044956
2,500,3,LXSSA_REPAIR,24,1470.0,46.97862015215469
2,500,3,LXSSA_REPAIR,25,1530.0,46.86636451510458
2,500,3,LXSSA_REPAIR,26,1590.0,46.814362985091066
2,500,3,LXSSA_REPAIR,27,1650.0,46.69499561507109
2,500,3,LXSSA_REPAIR,28,1710.0,46.3569585528403
2,500,3,LXSSA_REPAIR,29,1770.0,46.28759482809801
2,500,3,LXSSA_REPAIR,30,1830.0,46.28647422466565
2,500,3,LXSSA_REPAIR,31,1890.0,46.27162827493521
2,500,3,LXSSA_REPAIR,32,1950.0,46.2417314163431
2,500,3,LXSSA_REPAIR,33,2010.0,46.21288373745847
2,500,3,LXSSA_REPAIR,34,2070.0,46.15468374460761
2,500,3,LXSSA_REPAIR,35,2130.0,46.07207127237052
2,500,3,LXSSA_REPAIR,36,2190.0,46.02342450548895
2,500,3,LXSSA_REPAIR,37,2250.0,46.01626044000477
2,500,3,LXSSA_REPAIR,38,2310.0,45.97410241946454
2,500,3,LXSSA_REPAIR,39,2370.0,45.96601364826893
2,500,3,LXSSA_REPAIR,40,2430.0,45.930051478026144
2,500,3,LXSSA_REPAIR,41,2490.0,45.922569761452905
2,500,3,LXSSA_REPAIR,42,2550.0,45.920375418281765
2,500,3,LXSSA_REPAIR,43,2610.0,45.920375418281765
2,500,3,LXSSA_REPAIR,44,2670.0,45.919353927789416
2,500,3,LXSSA_REPAIR,45,2730.0,45.908362315329214
2,500,3,LXSSA_REPAIR,46,2790.0,45.89427072856961
2,500,3,LXSSA_REPAIR,47,2850.0,45.892454054430345
2,500,3,LXSSA_REPAIR,48,2910.0,45.891628845536616
2,500,3,LXSSA_REPAIR,49,2970.0,45.890893322388365
2,500,3,LXSSA_REPAIR,50,3030.0,45.890893322388365
2,500,3,LXSSA_REPAIR,51,3090.0,45.89084909748817
2,500,3,LXSSA_REPAIR,52,3150.0,45.89084909748817
2,500,3,LXSSA_REPAIR,53,3210.0,45.8898551171842
2,500,3,LXSSA_REPAIR,54,3270.0,45.886036426654755
2,500,3,LXSSA_REPAIR,55,3330.0,45.88448958227491
2,500,3,LXSSA_REPAIR,56,3390.0,45.877079289428366
2,500,3,LXSSA_REPAIR,57,3450.0,45.877079289428366
2,500,3,LXSSA_REPAIR,58,3510.0,45.877037403495706
2,500,3,LXSSA_REPAIR,59,3570.0,45.877037403495706
2,500,3,LXSSA_REPAIR,60,3630.0,45.87595045471244
2,500,3,LXSSA_REPAIR,61,3690.0,45.87331370258653
2,500,3,LXSSA_REPAIR,62,3750.0,45.87006476733768
2,500,3,LXSSA_REPAIR,63,3810.0,45.86984928811398
2,500,3,LXSSA_REPAIR,64,3870.0,45.86906864957564
2,500,3,LXSSA_REPAIR,65,3930.0,45.86896829733996
2,500,3,LXSSA_REPAIR,66,3990.0,45.86894304584712
2,500,3,LXSSA_REPAIR,67,4050.0,45.86876579149066
2,500,3,LXSSA_REPAIR,68,4110.0,45.868606702877514
2,500,3,LXSSA_REPAIR,69,4170.0,45.86608955187694
2,500,3,LXSSA_REPAIR,70,4230.0,45.86547485503979
2,500,3,LXSSA_REPAIR,71,4290.0,45.863869331366004
2,500,3,LXSSA_REPAIR,72,4350.0,45.86332557084461
2,500,3,LXSSA_REPAIR,73,4410.0,45.86248774050182
2,500,3,LXSSA_REPAIR,74,4470.0,45.86043261367922
2,500,3,LXSSA_REPAIR,75,4530.0,45.8594794907749
2,500,3,LXSSA_REPAIR,76,4590.0,45.85700978484965
2,500,3,LXSSA_REPAIR,77,4650.0,45.85482039911949
2,500,3,LXSSA_REPAIR,78,4710.0,45.85365353916313
2,500,3,LXSSA_REPAIR,79,4770.0,45.85250264724891
2,500,3,LXSSA_REPAIR,80,4830.0,45.85134372453831
2,500,3,LXSSA_REPAIR,81,4890.0,45.84782645176165
2,500,3,LXSSA_REPAIR,82,4950.0,45.840061548369704
2,500,3,LXSSA_REPAIR,83,5010.0,45.832606227286306
2,500,3,LXSSA_REPAIR,84,5070.0,45.82931643520169
2,500,3,LXSSA_REPAIR,85,5130.0,45.82821635741857
2,500,3,LXSSA_REPAIR,86,5190.0,45.82821110504483
2,500,3,LXSSA_REPAIR,87,5250.0,45.82817585448902
2,500,3,LXSSA_REPAIR,88,5310.0,45.82813065197479
2,500,3,LXSSA_REPAIR,89,5370.0,45.828096439199726
2,500,3,LXSSA_REPAIR,90,5430.0,45.82802113111393
2,500,3,LXSSA_REPAIR,91,5490.0,45.827903453466206
2,500,3,LXSSA_REPAIR,92,5550.0,45.82735104015046
2,500,3,LXSSA_REPAIR,93,5610.0,45.825557638290775
2,500,3,LXSSA_REPAIR,94,5670.0,45.81990718241104
2,500,3,LXSSA_REPAIR,95,5730.0,45.81744016755874
2,500,3,LXSSA_REPAIR,96,5790.0,45.8174234446833
2,500,3,LXSSA_REPAIR,97,5850.0,45.81742237414619
2,500,3,LXSSA_REPAIR,98,5910.0,45.81742232400575
2,500,3,LXSSA_REPAIR,99,5970.0,45.81742110285268
2,500,3,LXSSA_REPAIR,100,6030.0,45.817420712957755
2,500,4,GNNLXSSA,0,30.0,468.0144854788814
2,500,4,GNNLXSSA,1,339.0,349.7432977240969
2,500,4,GNNLXSSA,2,353.0,288.1885419023911
2,500,4,GNNLXSSA,3,367.0,281.1700536384633
2,500,4,GNNLXSSA,4,381.0,279.4027910543882
2,500,4,GNNLXSSA,5,395.0,275.2123637604218
2,500,4,GNNLXSSA,6,408.0,275.2123637604218
2,500,4,GNNLXSSA,7,422.0,275.2123637604218
2,500,4,GNNLXSSA,8,436.0,274.0426267230159
2,500,4,GNNLXSSA,9,450.0,272.7885506436505
2,500,4,GNNLXSSA,10,463.0,262.6537480240331
2,500,4,GNNLXSSA,11,476.0,250.02872080331144
2,500,4,GNNLXSSA,12,490.0,246.91169738715325
2,500,4,GNNLXSSA,13,504.0,245.71412232712828
2,500,4,GNNLXSSA,14,517.0,243.23257346678292
2,500,4,GNNLXSSA,15,531.0,241.4062474554812
2,500,4,GNNLXSSA,16,545.0,235.63139364210656
2,500,4,GNNLXSSA,17,558.0,231.894201940966
2,500,4,GNNLXSSA,18,571.0,231.894201940966
2,500,4,GNNLXSSA,19,585.0,231.894201940966
2,500,4,GNNLXSSA,20,599.0,231.894201940966
2,500,4,GNNLXSSA,21,612.0,231.894201940966
2,500,4,GNNLXSSA,22,626.0,228.3528724210173
2,500,4,GNNLXSSA,23,640.0,227.8462827467356
2,500,4,GNNLXSSA,24,654.0,227.8462827467356
2,500,4,GNNLXSSA,25,667.0,227.8462827467356
2,500,4,GNNLXSSA,26,681.0,227.8462827467356
2,500,4,GNNLXSSA,27,694.0,227.8462827467356
2,500,4,GNNLXSSA,28,708.0,226.9304304016987
2,500,4,GNNLXSSA,29,722.0,226.9304304016987
2,500,4,GNNLXSSA,30,736.0,226.9304304016987
2,500,4,GNNLXSSA,31,749.0,225.50223000276492
2,500,4,GNNLXSSA,32,763.0,225.50223000276492
2,500,4,GNNLXSSA,33,776.0,225.50223000276492
2,500,4,GNNLXSSA,34,790.0,222.76684056212616
2,500,4,GNNLXSSA,35,803.0,222.76684056212616
2,500,4,GNNLXSSA,36,817.0,222.76684056212616
2,500,4,GNNLXSSA,37,831.0,220.97758517244256
2,500,4,GNNLXSSA,38,845.0,220.97758517244256
2,500,4,GNNLXSSA,39,859.0,220.97758517244256
2,500,4,GNNLXSSA,40,872.0,219.41651225979876
2,500,4,GNNLXSSA,41,886.0,216.01296910033489
2,500,4,GNNLXSSA,42,899.0,216.01296910033489
2,500,4,GNNLXSSA,43,913.0,216.01296910033489
2,500,4,GNNLXSSA,44,927.0,216.01296910033489
2,500,4,GNNLXSSA,45,941.0,215.15752531367252
2,500,4,GNNLXSSA,46,953.0,215.15752531367252
2,500,4,GNNLXSSA,47,966.0,214.93944734047363
2,500,4,GNNLXSSA,48,980.0,214.43462856436417
2,500,4,GNNLXSSA,49,994.0,214.43462856436417
2,500,4,GNNLXSSA,50,1007.0,214.43462856436417
2,500,4,GNNLXSSA,51,1020.0,214.43462856436417
2,500,4,GNNLXSSA,52,1034.0,214.17146170386513
2,500,4,GNNLXSSA,53,1046.0,214.17146170386513
2,500,4,GNNLXSSA,54,1059.0,214.17146170386513
2,500,4,GNNLXSSA,55,1073.0,214.09535095744286
2,500,4,GNNLXSSA,56,1087.0,213.97859616409914
2,500,4,GNNLXSSA,57,1101.0,213.97859616409914
2,500,4,GNNLXSSA,58,1115.0,213.97859616409914
2,500,4,GNNLXSSA,59,1128.0,213.97859616409914
2,500,4,GNNLXSSA,60,1141.0,212.81010541991782
2,500,4,GNNLXSSA,61,1154.0,212.81010541991782
2,500,4,GNNLXSSA,62,1167.0,212.70061427034125
2,500,4,GNNLXSSA,63,1180.0,212.09350882048057
2,500,4,GNNLXSSA,64,1194.0,212.09350882048057
2,500,4,GNNLXSSA,65,1207.0,212.03224901624344
2,500,4,GNNLXSSA,66,1220.0,211.09070124265054
2,500,4,GNNLXSSA,67,1233.0,211.09070124265054
2,500,4,GNNLXSSA,68,1246.0,210.8776025390216
2,500,4,GNNLXSSA,69,1260.0,210.49928098614328
2,500,4,GNNLXSSA,70,1274.0,210.49928098614328
2,500,4,GNNLXSSA,71,1287.0,209.3437986104327
2,500,4,GNNLXSSA,72,1301.0,209.07774207336115
2,500,4,GNNLXSSA,73,1315.0,209.00878457435647
2,500,4,GNNLXSSA,74,1328.0,208.99482210546375
2,500,4,GNNLXSSA,75,1340.0,208.99482210546375
2,500,4,GNNLXSSA,76,1354.0,208.98218889052805
2,500,4,GNNLXSSA,77,1368.0,208.98218889052805
2,500,4,GNNLXSSA,78,1382.0,208.97768086198812
2,500,4,GNNLXSSA,79,1395.0,208.95851797425166
2,500,4,GNNLXSSA,80,1409.0,208.90844808908878
2,500,4,GNNLXSSA,81,1422.0,208.73209346105796
2,500,4,GNNLXSSA,82,1436.0,208.73209346105796
2,500,4,GNNLXSSA,83,1450.0,208.73209346105796
2,500,4,GNNLXSSA,84,1463.0,202.436798209088
2,500,4,GNNLXSSA,85,1477.0,202.39947951036447
2,500,4,GNNLXSSA,86,1491.0,202.21180763993289
2,500,4,GNNLXSSA,87,1504.0,201.86754715851384
2,500,4,GNNLXSSA,88,1518.0,201.5522462672725
2,500,4,GNNLXSSA,89,1532.0,201.11898480550735
2,500,4,GNNLXSSA,90,1546.0,201.11898480550735
2,500,4,GNNLXSSA,91,1559.0,201.07493257729038
2,500,4,GNNLXSSA,92,1573.0,201.07493257729038
2,500,4,GNNLXSSA,93,1587.0,201.01702840094003
2,500,4,GNNLXSSA,94,1601.0,201.0088416256549
2,500,4,GNNLXSSA,95,1615.0,200.97419944951616
2,500,4,GNNLXSSA,96,1629.0,200.96119934424678
2,500,4,GNNLXSSA,97,1643.0,200.95961746358626
2,500,4,GNNLXSSA,98,1657.0,200.9595667744361
2,500,4,GNNLXSSA,99,1670.0,200.95879843231523
2,500,4,GNNLXSSA,100,1684.0,200.95879843231523
2,500,4,LXSSA_REPAIR,0,30.0,496.6258405634344
2,500,4,LXSSA_REPAIR,1,90.0,340.458017556075
2,500,4,LXSSA_REPAIR,2,150.0,323.47341881884495
2,500,4,LXSSA_REPAIR,3,210.0,266.4074904831268
2,500,4,LXSSA_REPAIR,4,270.0,239.61642943358675
2,500,4,LXSSA_REPAIR,5,330.0,234.39839090102578
2,500,4,LXSSA_REPAIR,6,390.0,227.25932498191287
2,500,4,LXSSA_REPAIR,7,450.0,224.46729309586226
2,500,4,LXSSA_REPAIR,8,510.0,216.07712460162838
2,500,4,LXSSA_REPAIR,9,570.0,215.42526783372887
2,500,4,LXSSA_REPAIR,10,630.0,214.79419013824008
2,500,4,LXSSA_REPAIR,11,690.0,213.29283981453773
2,500,4,LXSSA_REPAIR,12,750.0,211.869780482868
2,500,4,LXSSA_REPAIR,13,810.0,211.79018553194146
2,500,4,LXSSA_REPAIR,14,870.0,211.6178878373721
2,500,4,LXSSA_REPAIR,15,930.0,210.95671935505925
2,500,4,LXSSA_REPAIR,16,990.0,209.90493242660523
2,500,4,LXSSA_REPAIR,17,1050.0,206.25790150108514
2,500,4,LXSSA_REPAIR,18,1110.0,206.14870585176504
2,500,4,LXSSA_REPAIR,19,1170.0,200.40988230680887
2,500,4,LXSSA_REPAIR,20,1230.0,200.17508268848906
2,500,4,LXSSA_REPAIR,21,1290.0,199.14808644243203
2,500,4,LXSSA_REPAIR,22,1350.0,196.0067400413809
2,500,4,LXSSA_REPAIR,23,1410.0,193.78168944556091
2,500,4,LXSSA_REPAIR,24,1470.0,193.18349941933593
2,500,4,LXSSA_REPAIR,25,1530.0,192.7791461693123
2,500,4,LXSSA_REPAIR,26,1590.0,192.4788029719948
2,500,4,LXSSA_REPAIR,27,1650.0,192.37964699993245
2,500,4,LXSSA_REPAIR,28,1710.0,192.2501107910448
2,500,4,LXSSA_REPAIR,29,1770.0,192.13274800819272
2,500,4,LXSSA_REPAIR,30,1830.0,192.0527718279227
2,500,4,LXSSA_REPAIR,31,1890.0,191.6360920142033
2,500,4,LXSSA_REPAIR,32,1950.0,191.30676959170705
2,500,4,LXSSA_REPAIR,33,2010.0,191.30406625907744
2,500,4,LXSSA_REPAIR,34,2070.0,191.02882409239828
2,500,4,LXSSA_REPAIR,35,2130.0,190.96986401734466
2,500,4,LXSSA_REPAIR,36,2190.0,190.96975666774233
2,500,4,LXSSA_REPAIR,37,2250.0,190.8378775364872
2,500,4,LXSSA_REPAIR,38,2310.0,190.09726309538928
2,500,4,LXSSA_REPAIR,39,2370.0,189.20461724535744
2,500,4,LXSSA_REPAIR,40,2430.0,188.72992617834097
2,500,4,LXSSA_REPAIR,41,2490.0,182.79952487800256
2,500,4,LXSSA_REPAIR,42,2550.0,181.16824248216653
2,500,4,LXSSA_REPAIR,43,2610.0,180.01935286537082
2,500,4,LXSSA_REPAIR,44,2670.0,178.55754777104266
2,500,4,LXSSA_REPAIR,45,2730.0,177.96506089348986
2,500,4,LXSSA_REPAIR,46,2790.0,177.41446913472828
2,500,4,LXSSA_REPAIR,47,2850.0,175.28227571674506
2,500,4,LXSSA_REPAIR,48,2910.0,175.16864343723682
2,500,4,LXSSA_REPAIR,49,2970.0,175.15669445573803
2,500,4,LXSSA_REPAIR,50,3030.0,175.1398661101939
2,500,4,LXSSA_REPAIR,51,3090.0,175.1038536815213
2,500,4,LXSSA_REPAIR,52,3150.0,175.08730502070466
2,500,4,LXSSA_REPAIR,53,3210.0,175.0766463427426
2,500,4,LXSSA_REPAIR,54,3270.0,173.05282695768074
2,500,4,LXSSA_REPAIR,55,3330.0,173.05193116657392
2,500,4,LXSSA_REPAIR,56,3390.0,173.0482893991193
2,500,4,LXSSA_REPAIR,57,3450.0,172.90444671122532
2,500,4,LXSSA_REPAIR,58,3510.0,172.78792392563264
2,500,4,LXSSA_REPAIR,59,3570.0,172.75702293294125
2,500,4,LXSSA_REPAIR,60,3630.0,172.73861092152038
2,500,4,LXSSA_REPAIR,61,3690.0,172.01922635871415
2,500,4,LXSSA_REPAIR,62,3750.0,170.35145876044226
2,500,4,LXSSA_REPAIR,63,3810.0,169.26189196549603
2,500,4,LXSSA_REPAIR,64,3870.0,169.16658781437582
2,500,4,LXSSA_REPAIR,65,3930.0,169.1507370351501
2,500,4,LXSSA_REPAIR,66,3990.0,169.132847795212
2,500,4,LXSSA_REPAIR,67,4050.0,169.10631321633264
2,500,4,LXSSA_REPAIR,68,4110.0,169.1059920692387
2,500,4,LXSSA_REPAIR,69,4170.0,169.09797061082827
2,500,4,LXSSA_REPAIR,70,4230.0,169.0434542340281
2,500,4,LXSSA_REPAIR,71,4290.0,169.01142185779645
2,500,4,LXSSA_REPAIR,72,4350.0,168.9748314644694
2,500,4,LXSSA_REPAIR,73,4410.0,168.961684878097
2,500,4,LXSSA_REPAIR,74,4470.0,168.95674866545778
2,500,4,LXSSA_REPAIR,75,4530.0,168.92430405838968
2,500,4,LXSSA_REPAIR,76,4590.0,168.90395445564536
2,500,4,LXSSA_REPAIR,77,4650.0,168.88021046001631
2,500,4,LXSSA_REPAIR,78,4710.0,168.85313321319336
2,500,4,LXSSA_REPAIR,79,4770.0,168.83733082650542
2,500,4,LXSSA_REPAIR,80,4830.0,168.830737156346
2,500,4,LXSSA_REPAIR,81,4890.0,168.80139256758048
2,500,4,LXSSA_REPAIR,82,4950.0,168.75078659615974
2,500,4,LXSSA_REPAIR,83,5010.0,168.60905375433686
2,500,4,LXSSA_REPAIR,84,5070.0,168.40038352751617
2,500,4,LXSSA_REPAIR,85,5130.0,168.2999459734183
2,500,4,LXSSA_REPAIR,86,5190.0,168.27972213771682
2,500,4,LXSSA_REPAIR,87,5250.0,168.2758956119742
2,500,4,LXSSA_REPAIR,88,5310.0,168.26779756961332
2,500,4,LXSSA_REPAIR,89,5370.0,168.24451208870232
2,500,4,LXSSA_REPAIR,90,5430.0,168.15412624082637
2,500,4,LXSSA_REPAIR,91,5490.0,168.06340657538203
2,500,4,LXSSA_REPAIR,92,5550.0,167.82500943623563
2,500,4,LXSSA_REPAIR,93,5610.0,167.438475485229
2,500,4,LXSSA_REPAIR,94,5670.0,167.23807511854102
2,500,4,LXSSA_REPAIR,95,5730.0,167.23145457335158
2,500,4,LXSSA_REPAIR,96,5790.0,167.22950432282778
2,500,4,LXSSA_REPAIR,97,5850.0,167.2211940360139
2,500,4,LXSSA_REPAIR,98,5910.0,167.2104304658369
2,500,4,LXSSA_REPAIR,99,5970.0,167.16971625648694
2,500,4,LXSSA_REPAIR,100,6030.0,167.06488680893926
2,500,5,GNNLXSSA,0,30.0,1059.9748491437967
2,500,5,GNNLXSSA,1,404.0,758.8053960076431
2,500,5,GNNLXSSA,2,418.0,676.6118003193478
2,500,5,GNNLXSSA,3,431.0,633.8529051130718
2,500,5,GNNLXSSA,4,445.0,628.6568910374517
2,500,5,GNNLXSSA,5,459.0,625.8368293905405
2,500,5,GNNLXSSA,6,473.0,578.6526314558723
2,500,5,GNNLXSSA,7,487.0,572.2857150278214
2,500,5,GNNLXSSA,8,501.0,553.3908927344492
2,500,5,GNNLXSSA,9,515.0,526.6402929139294
2,500,5,GNNLXSSA,10,528.0,526.6402929139294
2,500,5,GNNLXSSA,11,541.0,526.6402929139294
2,500,5,GNNLXSSA,12,555.0,524.5674706236459
2,500,5,GNNLXSSA,13,569.0,524.5674706236459
2,500,5,GNNLXSSA,14,582.0,524.5674706236459
2,500,5,GNNLXSSA,15,595.0,524.5674706236459
2,500,5,GNNLXSSA,16,609.0,505.7720340218184
2,500,5,GNNLXSSA,17,623.0,494.57486421963404
2,500,5,GNNLXSSA,18,637.0,492.36721616067734
2,500,5,GNNLXSSA,19,650.0,492.36721616067734
2,500,5,GNNLXSSA,20,664.0,492.36721616067734
2,500,5,GNNLXSSA,21,677.0,492.36721616067734
2,500,5,GNNLXSSA,22,690.0,492.36721616067734
2,500,5,GNNLXSSA,23,703.0,490.49495252825
2,500,5,GNNLXSSA,24,716.0,490.49495252825
2,500,5,GNNLXSSA,25,729.0,490.49495252825
2,500,5,GNNLXSSA,26,743.0,490.49495252825
2,500,5,GNNLXSSA,27,756.0,490.49495252825
2,500,5,GNNLXSSA,28,770.0,490.49495252825
2,500,5,GNNLXSSA,29,784.0,490.49495252825
2,500,5,GNNLXSSA,30,798.0,490.49495252825
2,500,5,GNNLXSSA,31,811.0,488.5662051002655
2,500,5,GNNLXSSA,32,825.0,488.5662051002655
2,500,5,GNNLXSSA,33,839.0,488.5662051002655
2,500,5,GNNLXSSA,34,852.0,488.5662051002655
2,500,5,GNNLXSSA,35,866.0,488.5662051002655
2,500,5,GNNLXSSA,36,880.0,486.6627498904054
2,500,5,GNNLXSSA,37,892.0,486.6627498904054
2,500,5,GNNLXSSA,38,906.0,486.6627498904054
2,500,5,GNNLXSSA,39,919.0,486.6627498904054
2,500,5,GNNLXSSA,40,933.0,486.6627498904054
2,500,5,GNNLXSSA,41,947.0,486.6627498904054
2,500,5,GNNLXSSA,42,961.0,486.27773584691386
2,500,5,GNNLXSSA,43,975.0,486.27773584691386
2,500,5,GNNLXSSA,44,988.0,486.27773584691386
2,500,5,GNNLXSSA,45,1002.0,486.27773584691386
2,500,5,GNNLXSSA,46,1016.0,485.98697762714073
2,500,5,GNNLXSSA,47,1030.0,485.98697762714073
2,500,5,GNNLXSSA,48,1043.0,485.98697762714073
2,500,5,GNNLXSSA,49,1057.0,485.9105152322809
2,500,5,GNNLXSSA,50,1070.0,485.78538251075224
2,500,5,GNNLXSSA,51,1084.0,485.5780944160979
2,500,5,GNNLXSSA,52,1098.0,485.5780944160979
2,500,5,GNNLXSSA,53,1111.0,485.5780944160979
2,500,5,GNNLXSSA,54,1125.0,485.5780944160979
2,500,5,GNNLXSSA,55,1139.0,477.7524880092751
2,500,5,GNNLXSSA,56,1153.0,470.65368583077725
2,500,5,GNNLXSSA,57,1167.0,456.11771600570864
2,500,5,GNNLXSSA,58,1180.0,456.0718448805528
2,500,5,GNNLXSSA,59,1194.0,454.8804902787233
2,500,5,GNNLXSSA,60,1207.0,453.6215954771433
2,500,5,GNNLXSSA,61,1221.0,450.01048556569003
2,500,5,GNNLXSSA,62,1235.0,450.01048556569003
2,500,5,GNNLXSSA,63,1249.0,450.01048556569003
2,500,5,GNNLXSSA,64,1263.0,450.01048556569003
2,500,5,GNNLXSSA,65,1277.0,450.01048556569003
2,500,5,GNNLXSSA,66,1289.0,450.01048556569003
2,500,5,GNNLXSSA,67,1303.0,449.9077659717186
2,500,5,GNNLXSSA,68,1316.0,447.88630808401285
2,500,5,GNNLXSSA,69,1330.0,447.88630808401285
2,500,5,GNNLXSSA,70,1344.0,447.88630808401285
2,500,5,GNNLXSSA,71,1358.0,447.88630808401285
2,500,5,GNNLXSSA,72,1372.0,444.12361620334923
2,500,5,GNNLXSSA,73,1386.0,443.055293383768
2,500,5,GNNLXSSA,74,1400.0,443.055293383768
2,500,5,GNNLXSSA,75,1413.0,442.7890732423366
2,500,5,GNNLXSSA,76,1425.0,442.7890732423366
2,500,5,GNNLXSSA,77,1439.0,442.7890732423366
2,500,5,GNNLXSSA,78,1453.0,442.7890732423366
2,500,5,GNNLXSSA,79,1467.0,442.7890732423366
2,500,5,GNNLXSSA,80,1481.0,442.7890732423366
2,500,5,GNNLXSSA,81,1493.0,442.7890732423366
2,500,5,GNNLXSSA,82,1507.0,442.7890732423366
2,500,5,GNNLXSSA,83,1521.0,442.7890732423366
2,500,5,GNNLXSSA,84,1535.0,442.7890732423366
2,500,5,GNNLXSSA,85,1549.0,442.7890732423366
2,500,5,GNNLXSSA,86,1563.0,442.7890732423366
2,500,5,GNNLXSSA,87,1577.0,442.7890732423366
2,500,5,GNNLXSSA,88,1591.0,442.7890732423366
2,500,5,GNNLXSSA,89,1605.0,442.7890732423366
2,500,5,GNNLXSSA,90,1619.0,442.7890732423366
2,500,5,GNNLXSSA,91,1633.0,442.7890732423366
2,500,5,GNNLXSSA,92,1647.0,442.7890732423366
2,500,5,GNNLXSSA,93,1660.0,442.7890732423366
2,500,5,GNNLXSSA,94,1674.0,442.7890732423366
2,500,5,GNNLXSSA,95,1687.0,442.7890732423366
2,500,5,GNNLXSSA,96,1701.0,442.7890732423366
2,500,5,GNNLXSSA,97,1715.0,442.67141167192676
2,500,5,GNNLXSSA,98,1729.0,442.4974461272541
2,500,5,GNNLXSSA,99,1743.0,442.4974461272541
2,500,5,GNNLXSSA,100,1757.0,442.3221416790111
2,500,5,LXSSA_REPAIR,0,30.0,1050.0542764781167
2,500,5,LXSSA_REPAIR,1,90.0,819.2509550986142
2,500,5,LXSSA_REPAIR,2,150.0,758.3137736936224
2,500,5,LXSSA_REPAIR,3,210.0,669.1492422015508
2,500,5,LXSSA_REPAIR,4,270.0,630.2200755843769
2,500,5,LXSSA_REPAIR,5,330.0,601.8598858257646
2,500,5,LXSSA_REPAIR,6,390.0,577.7856698453361
2,500,5,LXSSA_REPAIR,7,450.0,568.5268000851356
2,500,5,LXSSA_REPAIR,8,510.0,561.3250051193172
2,500,5,LXSSA_REPAIR,9,570.0,558.1306431033263
2,500,5,LXSSA_REPAIR,10,630.0,550.175809241955
2,500,5,LXSSA_REPAIR,11,690.0,548.3290633997967
2,500,5,LXSSA_REPAIR,12,750.0,540.3790582506626
2,500,5,LXSSA_REPAIR,13,810.0,536.3987487118611
2,500,5,LXSSA_REPAIR,14,870.0,525.660931121296
2,500,5,LXSSA_REPAIR,15,930.0,522.0024242982217
2,500,5,LXSSA_REPAIR,16,990.0,520.3929486114976
2,500,5,LXSSA_REPAIR,17,1050.0,515.937340804423
2,500,5,LXSSA_REPAIR,18,1110.0,511.144990716115
2,500,5,LXSSA_REPAIR,19,1170.0,500.72454278712394
2,500,5,LXSSA_REPAIR,20,1230.0,497.046704602275
2,500,5,LXSSA_REPAIR,21,1290.0,497.046704602275
2,500,5,LXSSA_REPAIR,22,1350.0,494.5343278151049
2,500,5,LXSSA_REPAIR,23,1410.0,491.4108782119729
2,500,5,LXSSA_REPAIR,24,1470.0,482.2266176034136
2,500,5,LXSSA_REPAIR,25,1530.0,481.0136557672995
2,500,5,LXSSA_REPAIR,26,1590.0,472.2064544304594
2,500,5,LXSSA_REPAIR,27,1650.0,471.4046450351634
2,500,5,LXSSA_REPAIR,28,1710.0,470.5902967798611
2,500,5,LXSSA_REPAIR,29,1770.0,467.5135051998295
2,500,5,LXSSA_REPAIR,30,1830.0,464.91211307466074
2,500,5,LXSSA_REPAIR,31,1890.0,461.28202559051715
2,500,5,LXSSA_REPAIR,32,1950.0,461.2049498525921
2,500,5,LXSSA_REPAIR,33,2010.0,460.65969894201044
2,500,5,LXSSA_REPAIR,34,2070.0,460.31907064369807
2,500,5,LXSSA_REPAIR,35,2130.0,459.8129515421715
2,500,5,LXSSA_REPAIR,36,2190.0,457.0810287135064
2,500,5,LXSSA_REPAIR,37,2250.0,453.63607685648094
2,500,5,LXSSA_REPAIR,38,2310.0,449.1833469183948
2,500,5,LXSSA_REPAIR,39,2370.0,448.5519578067324
2,500,5,LXSSA_REPAIR,40,2430.0,447.5024318818032
2,500,5,LXSSA_REPAIR,41,2490.0,446.56641242286787
2,500,5,LXSSA_REPAIR,42,2550.0,443.90612769844665
2,500,5,LXSSA_REPAIR,43,2610.0,441.7043203094181
2,500,5,LXSSA_REPAIR,44,2670.0,438.90589667781387
2,500,5,LXSSA_REPAIR,45,2730.0,437.0256840241891
2,500,5,LXSSA_REPAIR,46,2790.0,436.65702375943147
2,500,5,LXSSA_REPAIR,47,2850.0,436.0366039346118
2,500,5,LXSSA_REPAIR,48,2910.0,434.983267984775
2,500,5,LXSSA_REPAIR,49,2970.0,434.513793342554
2,500,5,LXSSA_REPAIR,50,3030.0,434.4505360070034
2,500,5,LXSSA_REPAIR,51,3090.0,431.81258686805813
2,500,5,LXSSA_REPAIR,52,3150.0,431.7203567621109
2,500,5,LXSSA_REPAIR,53,3210.0,431.420066928913
2,500,5,LXSSA_REPAIR,54,3270.0,431.20894544109615
2,500,5,LXSSA_REPAIR,55,3330.0,430.1639553266541
2,500,5,LXSSA_REPAIR,56,3390.0,430.15971605046434
2,500,5,LXSSA_REPAIR,57,3450.0,430.14302231543115
2,500,5,LXSSA_REPAIR,58,3510.0,429.93177774466676
2,500,5,LXSSA_REPAIR,59,3570.0,429.60780401582815
2,500,5,LXSSA_REPAIR,60,3630.0,429.44293277009274
2,500,5,LXSSA_REPAIR,61,3690.0,429.2874133622863
2,500,5,LXSSA_REPAIR,62,3750.0,429.1595564074196
2,500,5,LXSSA_REPAIR,63,3810.0,429.07886878692807
2,500,5,LXSSA_REPAIR,64,3870.0,429.01704449755925
2,500,5,LXSSA_REPAIR,65,3930.0,428.69205126863017
2,500,5,LXSSA_REPAIR,66,3990.0,428.69205126863017
2,500,5,LXSSA_REPAIR,67,4050.0,428.64081933262787
2,500,5,LXSSA_REPAIR,68,4110.0,428.21138701248856
2,500,5,LXSSA_REPAIR,69,4170.0,427.76011006132103
2,500,5,LXSSA_REPAIR,70,4230.0,426.5725538293009
2,500,5,LXSSA_REPAIR,71,4290.0,426.417497562099
2,500,5,LXSSA_REPAIR,72,4350.0,426.4124244325794
2,500,5,LXSSA_REPAIR,73,4410.0,426.4095527222089
2,500,5,LXSSA_REPAIR,74,4470.0,426.37634189740857
2,500,5,LXSSA_REPAIR,75,4530.0,426.2803011951655
2,500,5,LXSSA_REPAIR,76,4590.0,426.2033941278896
2,500,5,LXSSA_REPAIR,77,4650.0,426.1172059036835
2,500,5,LXSSA_REPAIR,78,4710.0,426.1086379740809
2,500,5,LXSSA_REPAIR,79,4770.0,426.08250632652926
2,500,5,LXSSA_REPAIR,80,4830.0,426.0369799276232
2,500,5,LXSSA_REPAIR,81,4890.0,425.9774522253465
2,500,5,LXSSA_REPAIR,82,4950.0,425.94330586597425
2,500,5,LXSSA_REPAIR,83,5010.0,425.92030593369054
2,500,5,LXSSA_REPAIR,84,5070.0,425.87734478950733
2,500,5,LXSSA_REPAIR,85,5130.0,425.7831377381699
2,500,5,LXSSA_REPAIR,86,5190.0,425.6595102680585
2,500,5,LXSSA_REPAIR,87,5250.0,425.487998577948
2,500,5,LXSSA_REPAIR,88,5310.0,425.4691442125695
2,500,5,LXSSA_REPAIR,89,5370.0,425.45342513133073
2,500,5,LXSSA_REPAIR,90,5430.0,425.4398465356644
2,500,5,LXSSA_REPAIR,91,5490.0,425.39853806039173
2,500,5,LXSSA_REPAIR,92,5550.0,425.3156329522135
2,500,5,LXSSA_REPAIR,93,5610.0,425.28031256002214
2,500,5,LXSSA_REPAIR,94,5670.0,425.2769253233673
2,500,5,LXSSA_REPAIR,95,5730.0,425.27508394913093
2,500,5,LXSSA_REPAIR,96,5790.0,425.2692351479636
2,500,5,LXSSA_REPAIR,97,5850.0,425.2609018268922
2,500,5,LXSSA_REPAIR,98,5910.0,425.2457889655525
2,500,5,LXSSA_REPAIR,99,5970.0,425.2436350520438
2,500,5,LXSSA_REPAIR,100,6030.0,425.24273246370285
2,500,6,GNNLXSSA,0,30.0,1807.0697009995238
2,500,6,GNNLXSSA,1,467.0,1617.9446342290648
2,500,6,GNNLXSSA,2,481.0,1502.0902851413048
2,500,6,GNNLXSSA,3,495.0,1416.3562552782023
2,500,6,GNNLXSSA,4,509.0,1399.0414588021777
2,500,6,GNNLXSSA,5,523.0,1348.094045981954
2,500,6,GNNLXSSA,6,537.0,1310.4295376164264
2,500,6,GNNLXSSA,7,551.0,1297.5323242047743
2,500,6,GNNLXSSA,8,564.0,1293.0415100233768
2,500,6,GNNLXSSA,9,578.0,1293.0415100233768
2,500,6,GNNLXSSA,10,591.0,1274.9775621115623
2,500,6,GNNLXSSA,11,604.0,1254.7553358607183
2,500,6,GNNLXSSA,12,618.0,1254.7553358607183
2,500,6,GNNLXSSA,13,632.0,1250.9124295157199
2,500,6,GNNLXSSA,14,646.0,1233.422978360024
2,500,6,GNNLXSSA,15,660.0,1209.2693580892737
2,500,6,GNNLXSSA,16,674.0,1209.2693580892737
2,500,6,GNNLXSSA,17,688.0,1209.2693580892737
2,500,6,GNNLXSSA,18,701.0,1209.2693580892737
2,500,6,GNNLXSSA,19,713.0,1203.5138256828832
2,500,6,GNNLXSSA,20,727.0,1196.4552937469307
2,500,6,GNNLXSSA,21,741.0,1194.762130893505
2,500,6,GNNLXSSA,22,755.0,1194.762130893505
2,500,6,GNNLXSSA,23,769.0,1194.762130893505
2,500,6,GNNLXSSA,24,783.0,1194.762130893505
2,500,6,GNNLXSSA,25,797.0,1185.6604208186836
2,500,6,GNNLXSSA,26,811.0,1185.6604208186836
2,500,6,GNNLXSSA,27,825.0,1184.6938979869265
2,500,6,GNNLXSSA,28,839.0,1184.6938979869265
2,500,6,GNNLXSSA,29,853.0,1184.6938979869265
2,500,6,GNNLXSSA,30,866.0,1184.6938979869265
2,500,6,GNNLXSSA,31,879.0,1184.6938979869265
2,500,6,GNNLXSSA,32,892.0,1184.6938979869265
2,500,6,GNNLXSSA,33,906.0,1184.6938979869265
2,500,6,GNNLXSSA,34,919.0,1180.8165674314914
2,500,6,GNNLXSSA,35,933.0,1180.8165674314914
2,500,6,GNNLXSSA,36,947.0,1162.7953181794255
2,500,6,GNNLXSSA,37,961.0,1162.7953181794255
2,500,6,GNNLXSSA,38,975.0,1162.7953181794255
2,500,6,GNNLXSSA,39,988.0,1161.1552604384415
2,500,6,GNNLXSSA,40,1002.0,1161.1552604384415
2,500,6,GNNLXSSA,41,1016.0,1161.1552604384415
2,500,6,GNNLXSSA,42,1030.0,1131.312892360289
2,500,6,GNNLXSSA,43,1044.0,1131.312892360289
2,500,6,GNNLXSSA,44,1057.0,1129.3243945842623
2,500,6,GNNLXSSA,45,1070.0,1119.2575336101472
2,500,6,GNNLXSSA,46,1084.0,1119.2575336101472
2,500,6,GNNLXSSA,47,1097.0,1119.2575336101472
2,500,6,GNNLXSSA,48,1111.0,1107.946872792123
2,500,6,GNNLXSSA,49,1124.0,1107.946872792123
2,500,6,GNNLXSSA,50,1138.0,1102.9266548223277
2,500,6,GNNLXSSA,51,1151.0,1080.4087447565616
2,500,6,GNNLXSSA,52,1165.0,1080.4087447565616
2,500,6,GNNLXSSA,53,1178.0,1068.207761905389
2,500,6,GNNLXSSA,54,1192.0,1068.207761905389
2,500,6,GNNLXSSA,55,1206.0,1057.4926106586463
2,500,6,GNNLXSSA,56,1220.0,1057.4926106586463
2,500,6,GNNLXSSA,57,1233.0,1057.4926106586463
2,500,6,GNNLXSSA,58,1246.0,1057.4926106586463
2,500,6,GNNLXSSA,59,1260.0,1053.7620011550061
2,500,6,GNNLXSSA,60,1274.0,1040.3549997641312
2,500,6,GNNLXSSA,61,1288.0,1027.6876001368073
2,500,6,GNNLXSSA,62,1301.0,1027.6876001368073
2,500,6,GNNLXSSA,63,1314.0,1026.1625330411553
2,500,6,GNNLXSSA,64,1328.0,1026.1625330411553
2,500,6,GNNLXSSA,65,1342.0,1021.778971091615
2,500,6,GNNLXSSA,66,1356.0,1019.7476587943565
2,500,6,GNNLXSSA,67,1370.0,1018.450009925502
2,500,6,GNNLXSSA,68,1384.0,1017.0228324150448
2,500,6,GNNLXSSA,69,1398.0,1014.95512928065
2,500,6,GNNLXSSA,70,1412.0,1014.95512928065
2,500,6,GNNLXSSA,71,1425.0,1014.95512928065
2,500,6,GNNLXSSA,72,1437.0,1014.6990297999218
2,500,6,GNNLXSSA,73,1450.0,1014.6008145394808
2,500,6,GNNLXSSA,74,1464.0,1014.3912567995831
2,500,6,GNNLXSSA,75,1478.0,1014.0696080262169
2,500,6,GNNLXSSA,76,1491.0,1013.2851925874165
2,500,6,GNNLXSSA,77,1505.0,1013.2851925874165
2,500,6,GNNLXSSA,78,1518.0,1007.9056657616384
2,500,6,GNNLXSSA,79,1532.0,993.5741721172672
2,500,6,GNNLXSSA,80,1545.0,987.4502495855231
2,500,6,GNNLXSSA,81,1559.0,987.4502495855231
2,500,6,GNNLXSSA,82,1572.0,987.4502495855231
2,500,6,GNNLXSSA,83,1586.0,987.4502495855231
2,500,6,GNNLXSSA,84,1599.0,987.4502495855231
2,500,6,GNNLXSSA,85,1612.0,987.3852301358784
2,500,6,GNNLXSSA,86,1626.0,987.2856370147019
2,500,6,GNNLXSSA,87,1639.0,986.5643783817359
2,500,6,GNNLXSSA,88,1653.0,984.8268690314289
2,500,6,GNNLXSSA,89,1666.0,984.8249240260375
2,500,6,GNNLXSSA,90,1680.0,984.824660057071
2,500,6,GNNLXSSA,91,1693.0,984.7895320924763
2,500,6,GNNLXSSA,92,1706.0,984.7895320924763
2,500,6,GNNLXSSA,93,1720.0,984.7895320924763
2,500,6,GNNLXSSA,94,1734.0,984.7895320924763
2,500,6,GNNLXSSA,95,1747.0,984.7157289090792
2,500,6,GNNLXSSA,96,1760.0,984.643763259035
2,500,6,GNNLXSSA,97,1773.0,984.6365461821151
2,500,6,GNNLXSSA,98,1786.0,984.626739911575
2,500,6,GNNLXSSA,99,1799.0,984.6102282681277
2,500,6,GNNLXSSA,100,1813.0,984.603765299049
2,500,6,LXSSA_REPAIR,0,30.0,1836.772958702204
2,500,6,LXSSA_REPAIR,1,90.0,1530.3738054225614
2,500,6,LXSSA_REPAIR,2,150.0,1413.0163820121597
2,500,6,LXSSA_REPAIR,3,210.0,1337.0820036372752
2,500,6,LXSSA_REPAIR,4,270.0,1301.2459879139606
2,500,6,LXSSA_REPAIR,5,330.0,1274.3688798286094
2,500,6,LXSSA_REPAIR,6,390.0,1265.4529991318013
2,500,6,LXSSA_REPAIR,7,450.0,1220.719663381049
2,500,6,LXSSA_REPAIR,8,510.0,1165.3600488391967
2,500,6,LXSSA_REPAIR,9,570.0,1151.6211585243946
2,500,6,LXSSA_REPAIR,10,630.0,1145.8782187966062
2,500,6,LXSSA_REPAIR,11,690.0,1142.3831138096139
2,500,6,LXSSA_REPAIR,12,750.0,1141.4072406154337
2,500,6,LXSSA_REPAIR,13,810.0,1134.9951870010082
2,500,6,LXSSA_REPAIR,14,870.0,1131.6784142643628
2,500,6,LXSSA_REPAIR,15,930.0,1120.2793287391469
2,500,6,LXSSA_REPAIR,16,990.0,1095.553402986654
2,500,6,LXSSA_REPAIR,17,1050.0,1094.0226662746827
2,500,6,LXSSA_REPAIR,18,1110.0,1079.3954191958073
2,500,6,LXSSA_REPAIR,19,1170.0,1078.7100057025382
2,500,6,LXSSA_REPAIR,20,1230.0,1063.53912239895
2,500,6,LXSSA_REPAIR,21,1290.0,1056.1891775289223
2,500,6,LXSSA_REPAIR,22,1350.0,1043.8394372223738
2,500,6,LXSSA_REPAIR,23,1410.0,1036.9990329987486
2,500,6,LXSSA_REPAIR,24,1470.0,1001.900962738895
2,500,6,LXSSA_REPAIR,25,1530.0,989.8013439190872
2,500,6,LXSSA_REPAIR,26,1590.0,974.5519370371294
2,500,6,LXSSA_REPAIR,27,1650.0,972.0847780989716
2,500,6,LXSSA_REPAIR,28,1710.0,968.024628883235
2,500,6,LXSSA_REPAIR,29,1770.0,964.7376761579653
2,500,6,LXSSA_REPAIR,30,1830.0,961.9157825079601
2,500,6,LXSSA_REPAIR,31,1890.0,961.8018108042306
2,500,6,LXSSA_REPAIR,32,1950.0,961.1725539906365
2,500,6,LXSSA_REPAIR,33,2010.0,961.1031831304608
2,500,6,LXSSA_REPAIR,34,2070.0,961.0157319780265
2,500,6,LXSSA_REPAIR,35,2130.0,959.4949531369857
2,500,6,LXSSA_REPAIR,36,2190.0,955.7283911427112
2,500,6,LXSSA_REPAIR,37,2250.0,954.0766879931507
2,500,6,LXSSA_REPAIR,38,2310.0,954.0581106361024
2,500,6,LXSSA_REPAIR,39,2370.0,953.8313442509643
2,500,6,LXSSA_REPAIR,40,2430.0,952.4995913762614
2,500,6,LXSSA_REPAIR,41,2490.0,946.6243426790643
2,500,6,LXSSA_REPAIR,42,2550.0,945.1945623443826
2,500,6,LXSSA_REPAIR,43,2610.0,944.612293297927
2,500,6,LXSSA_REPAIR,44,2670.0,937.1403865524662
2,500,6,LXSSA_REPAIR,45,2730.0,935.0084756526412
2,500,6,LXSSA_REPAIR,46,2790.0,934.4227673518217
2,500,6,LXSSA_REPAIR,47,2850.0,928.4916191072771
2,500,6,LXSSA_REPAIR,48,2910.0,925.6346988438199
2,500,6,LXSSA_REPAIR,49,2970.0,924.2966891267642
2,500,6,LXSSA_REPAIR,50,3030.0,923.9149357235801
2,500,6,LXSSA_REPAIR,51,3090.0,923.2814943191879
2,500,6,LXSSA_REPAIR,52,3150.0,922.9069814821269
2,500,6,LXSSA_REPAIR,53,3210.0,919.0091262722926
2,500,6,LXSSA_REPAIR,54,3270.0,918.6965002434663
2,500,6,LXSSA_REPAIR,55,3330.0,917.1945718880779
2,500,6,LXSSA_REPAIR,56,3390.0,917.1383998468409
2,500,6,LXSSA_REPAIR,57,3450.0,916.6956005867687
2,500,6,LXSSA_REPAIR,58,3510.0,915.8620425738336
2,500,6,LXSSA_REPAIR,59,3570.0,915.3430830680954
2,500,6,LXSSA_REPAIR,60,3630.0,914.9308292768292
2,500,6,LXSSA_REPAIR,61,3690.0,912.4968500221657
2,500,6,LXSSA_REPAIR,62,3750.0,912.0740468081676
2,500,6,LXSSA_REPAIR,63,3810.0,912.0377588681331
2,500,6,LXSSA_REPAIR,64,3870.0,911.8843944428118
2,500,6,LXSSA_REPAIR,65,3930.0,911.7599945004004
2,500,6,LXSSA_REPAIR,66,3990.0,911.6496439903822
2,500,6,LXSSA_REPAIR,67,4050.0,911.6395281033401
2,500,6,LXSSA_REPAIR,68,4110.0,911.1851535330352
2,500,6,LXSSA_REPAIR,69,4170.0,910.6413634853488
2,500,6,LXSSA_REPAIR,70,4230.0,909.5916701040987
2,500,6,LXSSA_REPAIR,71,4290.0,908.3660871855391
2,500,6,LXSSA_REPAIR,72,4350.0,908.1245693120909
2,500,6,LXSSA_REPAIR,73,4410.0,907.4641397457926
2,500,6,LXSSA_REPAIR,74,4470.0,907.3063782656354
2,500,6,LXSSA_REPAIR,75,4530.0,907.1211105113689
2,500,6,LXSSA_REPAIR,76,4590.0,906.6896372168194
2,500,6,LXSSA_REPAIR,77,4650.0,906.4670236062339
2,500,6,LXSSA_REPAIR,78,4710.0,906.2236498247439
2,500,6,LXSSA_REPAIR,79,4770.0,905.5807960735292
2,500,6,LXSSA_REPAIR,80,4830.0,904.3124768038397
2,500,6,LXSSA_REPAIR,81,4890.0,902.3414004400001
2,500,6,LXSSA_REPAIR,82,4950.0,902.1513255568643
2,500,6,LXSSA_REPAIR,83,5010.0,902.0161896790487
2,500,6,LXSSA_REPAIR,84,5070.0,902.0058756714752
2,500,6,LXSSA_REPAIR,85,5130.0,901.957725741584
2,500,6,LXSSA_REPAIR,86,5190.0,901.8515451761632
2,500,6,LXSSA_REPAIR,87,5250.0,901.7626938465946
2,500,6,LXSSA_REPAIR,88,5310.0,901.7063392607924
2,500,6,LXSSA_REPAIR,89,5370.0,901.6420303742962
2,500,6,LXSSA_REPAIR,90,5430.0,901.3526239891798
2,500,6,LXSSA_REPAIR,91,5490.0,901.3187421288167
2,500,6,LXSSA_REPAIR,92,5550.0,901.3061052258126
2,500,6,LXSSA_REPAIR,93,5610.0,901.2966670994647
2,500,6,LXSSA_REPAIR,94,5670.0,901.2820991888111
2,500,6,LXSSA_REPAIR,95,5730.0,901.2800090504606
2,500,6,LXSSA_REPAIR,96,5790.0,901.2694156429789
2,500,6,LXSSA_REPAIR,97,5850.0,901.2417012556507
2,500,6,LXSSA_REPAIR,98,5910.0,901.1730320705319
2,500,6,LXSSA_REPAIR,99,5970.0,901.1412429012853
2,500,6,LXSSA_REPAIR,100,6030.0,901.0949696222306
2,500,7,GNNLXSSA,0,30.0,2823.759331410758
2,500,7,GNNLXSSA,1,532.0,2561.026623919137
2,500,7,GNNLXSSA,2,545.0,2415.0835843945642
2,500,7,GNNLXSSA,3,559.0,2366.0064411400126
2,500,7,GNNLXSSA,4,572.0,2366.0064411400126
2,500,7,GNNLXSSA,5,585.0,2305.7135911778532
2,500,7,GNNLXSSA,6,598.0,2289.497024451979
2,500,7,GNNLXSSA,7,612.0,2273.6304987656986
2,500,7,GNNLXSSA,8,626.0,2246.5981899534454
2,500,7,GNNLXSSA,9,640.0,2206.0501230656773
2,500,7,GNNLXSSA,10,654.0,2205.8174403472767
2,500,7,GNNLXSSA,11,668.0,2201.7324059997154
2,500,7,GNNLXSSA,12,682.0,2173.6805825209813
2,500,7,GNNLXSSA,13,696.0,2152.885434438107
2,500,7,GNNLXSSA,14,709.0,2133.815256123351
2,500,7,GNNLXSSA,15,723.0,2133.815256123351
2,500,7,GNNLXSSA,16,736.0,2133.815256123351
2,500,7,GNNLXSSA,17,749.0,2133.815256123351
2,500,7,GNNLXSSA,18,763.0,2133.815256123351
2,500,7,GNNLXSSA,19,777.0,2133.815256123351
2,500,7,GNNLXSSA,20,791.0,2128.3122258034455
2,500,7,GNNLXSSA,21,805.0,2119.8884055121234
2,500,7,GNNLXSSA,22,818.0,2099.411811599275
2,500,7,GNNLXSSA,23,832.0,2099.411811599275
2,500,7,GNNLXSSA,24,846.0,2089.2460864822933
2,500,7,GNNLXSSA,25,860.0,2089.2460864822933
2,500,7,GNNLXSSA,26,873.0,2089.2460864822933
2,500,7,GNNLXSSA,27,886.0,2089.2460864822933
2,500,7,GNNLXSSA,28,899.0,2089.2460864822933
2,500,7,GNNLXSSA,29,913.0,2089.2460864822933
2,500,7,GNNLXSSA,30,926.0,2089.2460864822933
2,500,7,GNNLXSSA,31,940.0,2060.704272073631
2,500,7,GNNLXSSA,32,953.0,2036.7834625673884
2,500,7,GNNLXSSA,33,966.0,2036.7834625673884
2,500,7,GNNLXSSA,34,980.0,2036.7834625673884
2,500,7,GNNLXSSA,35,994.0,2036.7834625673884
2,500,7,GNNLXSSA,36,1007.0,2036.2921134183005
2,500,7,GNNLXSSA,37,1020.0,1990.3109394087878
2,500,7,GNNLXSSA,38,1033.0,1990.3109394087878
2,500,7,GNNLXSSA,39,1047.0,1958.7530368302178
2,500,7,GNNLXSSA,40,1061.0,1958.7530368302178
2,500,7,GNNLXSSA,41,1074.0,1940.5163751828113
2,500,7,GNNLXSSA,42,1088.0,1940.5163751828113
2,500,7,GNNLXSSA,43,1101.0,1940.5163751828113
2,500,7,GNNLXSSA,44,1115.0,1940.5163751828113
2,500,7,GNNLXSSA,45,1129.0,1940.5163751828113
2,500,7,GNNLXSSA,46,1143.0,1935.6348419322603
2,500,7,GNNLXSSA,47,1157.0,1934.976405953963
2,500,7,GNNLXSSA,48,1170.0,1933.1474134873533
2,500,7,GNNLXSSA,49,1184.0,1933.1474134873533
2,500,7,GNNLXSSA,50,1198.0,1923.239000814694
2,500,7,GNNLXSSA,51,1211.0,1922.615219534884
2,500,7,GNNLXSSA,52,1223.0,1922.615219534884
2,500,7,GNNLXSSA,53,1237.0,1899.9122435518984
2,500,7,GNNLXSSA,54,1251.0,1899.9122435518984
2,500,7,GNNLXSSA,55,1264.0,1897.1082705160006
2,500,7,GNNLXSSA,56,1277.0,1897.1082705160006
2,500,7,GNNLXSSA,57,1291.0,1897.1082705160006
2,500,7,GNNLXSSA,58,1305.0,1897.1082705160006
2,500,7,GNNLXSSA,59,1318.0,1891.3701837609333
2,500,7,GNNLXSSA,60,1332.0,1883.544999740181
2,500,7,GNNLXSSA,61,1346.0,1882.1354797722233
2,500,7,GNNLXSSA,62,1360.0,1882.1354797722233
2,500,7,GNNLXSSA,63,1374.0,1882.1354797722233
2,500,7,GNNLXSSA,64,1388.0,1882.1354797722233
2,500,7,GNNLXSSA,65,1401.0,1882.1354797722233
2,500,7,GNNLXSSA,66,1414.0,1873.1057570863377
2,500,7,GNNLXSSA,67,1428.0,1859.7746913989977
2,500,7,GNNLXSSA,68,1441.0,1859.7746913989977
2,500,7,GNNLXSSA,69,1455.0,1845.3787929463651
2,500,7,GNNLXSSA,70,1469.0,1845.1233808041543
2,500,7,GNNLXSSA,71,1482.0,1845.1233808041543
2,500,7,GNNLXSSA,72,1495.0,1844.3364708662411
2,500,7,GNNLXSSA,73,1509.0,1844.3364708662411
2,500,7,GNNLXSSA,74,1523.0,1844.3364708662411
2,500,7,GNNLXSSA,75,1537.0,1844.3364708662411
2,500,7,GNNLXSSA,76,1550.0,1844.3364708662411
2,500,7,GNNLXSSA,77,1564.0,1844.3364708662411
2,500,7,GNNLXSSA,78,1578.0,1844.3183734679696
2,500,7,GNNLXSSA,79,1591.0,1844.3183734679696
2,500,7,GNNLXSSA,80,1604.0,1844.3183734679696
2,500,7,GNNLXSSA,81,1618.0,1840.696620951796
2,500,7,GNNLXSSA,82,1631.0,1839.8872074341562
2,500,7,GNNLXSSA,83,1645.0,1839.870410609652
2,500,7,GNNLXSSA,84,1657.0,1836.4409480049835
2,500,7,GNNLXSSA,85,1671.0,1834.8120382370107
2,500,7,GNNLXSSA,86,1684.0,1832.1532419420837
2,500,7,GNNLXSSA,87,1698.0,1830.455031208705
2,500,7,GNNLXSSA,88,1711.0,1827.0707840294708
2,500,7,GNNLXSSA,89,1724.0,1827.0707840294708
2,500,7,GNNLXSSA,90,1738.0,1827.0627900337058
2,500,7,GNNLXSSA,91,1752.0,1827.0559316784238
2,500,7,GNNLXSSA,92,1765.0,1827.0559316784238
2,500,7,GNNLXSSA,93,1779.0,1827.0559316784238
2,500,7,GNNLXSSA,94,1793.0,1827.0559316784238
2,500,7,GNNLXSSA,95,1807.0,1827.0535575363429
2,500,7,GNNLXSSA,96,1821.0,1826.426902045987
2,500,7,GNNLXSSA,97,1835.0,1820.3847285841002
2,500,7,GNNLXSSA,98,1849.0,1820.3847285841002
2,500,7,GNNLXSSA,99,1862.0,1820.3847285841002
2,500,7,GNNLXSSA,100,1876.0,1820.3847285841002
2,500,7,LXSSA_REPAIR,0,30.0,2852.2031333587693
2,500,7,LXSSA_REPAIR,1,90.0,2523.4734670665057
2,500,7,LXSSA_REPAIR,2,150.0,2400.877438582498
2,500,7,LXSSA_REPAIR,3,210.0,2287.1420600745987
2,500,7,LXSSA_REPAIR,4,270.0,2187.292986971701
2,500,7,LXSSA_REPAIR,5,330.0,2148.3623165725767
2,500,7,LXSSA_REPAIR,6,390.0,2137.078929769952
2,500,7,LXSSA_REPAIR,7,450.0,2105.9515245421644
2,500,7,LXSSA_REPAIR,8,510.0,2104.131078874874
2,500,7,LXSSA_REPAIR,9,570.0,2091.8785392865793
2,500,7,LXSSA_REPAIR,10,630.0,2065.667347239487
2,500,7,LXSSA_REPAIR,11,690.0,2060.0651581787242
2,500,7,LXSSA_REPAIR,12,750.0,2028.0427383063434
2,500,7,LXSSA_REPAIR,13,810.0,2011.882713076484
2,500,7,LXSSA_REPAIR,14,870.0,2008.2577300831726
2,500,7,LXSSA_REPAIR,15,930.0,1990.9932277440494
2,500,7,LXSSA_REPAIR,16,990.0,1989.4183867260654
2,500,7,LXSSA_REPAIR,17,1050.0,1988.8938017251057
2,500,7,LXSSA_REPAIR,18,1110.0,1988.280738839654
2,500,7,LXSSA_REPAIR,19,1170.0,1987.5626823433595
2,500,7,LXSSA_REPAIR,20,1230.0,1974.0135520256736
2,500,7,LXSSA_REPAIR,21,1290.0,1971.9577622601028
2,500,7,LXSSA_REPAIR,22,1350.0,1961.5798614547311
2,500,7,LXSSA_REPAIR,23,1410.0,1961.4837436736598
2,500,7,LXSSA_REPAIR,24,1470.0,1958.7328602675007
2,500,7,LXSSA_REPAIR,25,1530.0,1939.3065167583736
2,500,7,LXSSA_REPAIR,26,1590.0,1928.881629786225
2,500,7,LXSSA_REPAIR,27,1650.0,1924.0329867679975
2,500,7,LXSSA_REPAIR,28,1710.0,1917.5697473378204
2,500,7,LXSSA_REPAIR,29,1770.0,1902.9432699294157
2,500,7,LXSSA_REPAIR,30,1830.0,1891.755636353755
2,500,7,LXSSA_REPAIR,31,1890.0,1878.3716558982378
2,500,7,LXSSA_REPAIR,32,1950.0,1856.4589453401495
2,500,7,LXSSA_REPAIR,33,2010.0,1855.5364650718366
2,500,7,LXSSA_REPAIR,34,2070.0,1834.6243290586644
2,500,7,LXSSA_REPAIR,35,2130.0,1832.9689445624645
2,500,7,LXSSA_REPAIR,36,2190.0,1823.7240728419492
2,500,7,LXSSA_REPAIR,37,2250.0,1815.3161152063767
2,500,7,LXSSA_REPAIR,38,2310.0,1812.5053625048895
2,500,7,LXSSA_REPAIR,39,2370.0,1803.402961674914
2,500,7,LXSSA_REPAIR,40,2430.0,1798.564955153186
2,500,7,LXSSA_REPAIR,41,2490.0,1798.1922369807944
2,500,7,LXSSA_REPAIR,42,2550.0,1793.906054949548
2,500,7,LXSSA_REPAIR,43,2610.0,1790.3721608382548
2,500,7,LXSSA_REPAIR,44,2670.0,1784.9531761041108
2,500,7,LXSSA_REPAIR,45,2730.0,1771.0123844401132
2,500,7,LXSSA_REPAIR,46,2790.0,1765.4997893831132
2,500,7,LXSSA_REPAIR,47,2850.0,1762.8974884956551
2,500,7,LXSSA_REPAIR,48,2910.0,1762.1043994009233
2,500,7,LXSSA_REPAIR,49,2970.0,1752.4380097467874
2,500,7,LXSSA_REPAIR,50,3030.0,1752.4009231226264
2,500,7,LXSSA_REPAIR,51,3090.0,1749.2746514255523
2,500,7,LXSSA_REPAIR,52,3150.0,1748.338787579054
2,500,7,LXSSA_REPAIR,53,3210.0,1746.322702912752
2,500,7,LXSSA_REPAIR,54,3270.0,1745.8548056593208
2,500,7,LXSSA_REPAIR,55,3330.0,1739.9903652588546
2,500,7,LXSSA_REPAIR,56,3390.0,1739.8018816457188
2,500,7,LXSSA_REPAIR,57,3450.0,1739.1436518145965
2,500,7,LXSSA_REPAIR,58,3510.0,1734.2151868378314
2,500,7,LXSSA_REPAIR,59,3570.0,1733.711837700539
2,500,7,LXSSA_REPAIR,60,3630.0,1731.7773526925412
2,500,7,LXSSA_REPAIR,61,3690.0,1731.1608784979107
2,500,7,LXSSA_REPAIR,62,3750.0,1730.8265809855147
2,500,7,LXSSA_REPAIR,63,3810.0,1730.2538326368594
2,500,7,LXSSA_REPAIR,64,3870.0,1729.4635731923954
2,500,7,LXSSA_REPAIR,65,3930.0,1729.4507078195675
2,500,7,LXSSA_REPAIR,66,3990.0,1729.0653619953955
2,500,7,LXSSA_REPAIR,67,4050.0,1728.2982960254558
2,500,7,LXSSA_REPAIR,68,4110.0,1726.636552721906
2,500,7,LXSSA_REPAIR,69,4170.0,1726.5993071115809
2,500,7,LXSSA_REPAIR,70,4230.0,1725.4454803531626
2,500,7,LXSSA_REPAIR,71,4290.0,1722.8194195406031
2,500,7,LXSSA_REPAIR,72,4350.0,1722.2238863318598
2,500,7,LXSSA_REPAIR,73,4410.0,1721.9833945666542
2,500,7,LXSSA_REPAIR,74,4470.0,1721.3550953975064
2,500,7,LXSSA_REPAIR,75,4530.0,1720.8564920099052
2,500,7,LXSSA_REPAIR,76,4590.0,1720.3867988525235
2,500,7,LXSSA_REPAIR,77,4650.0,1720.2722275809683
2,500,7,LXSSA_REPAIR,78,4710.0,1720.1355876889065
2,500,7,LXSSA_REPAIR,79,4770.0,1719.9600071286804
2,500,7,LXSSA_REPAIR,80,4830.0,1719.8492079400712
2,500,7,LXSSA_REPAIR,81,4890.0,1719.7119568312337
2,500,7,LXSSA_REPAIR,82,4950.0,1719.6878763224704
2,500,7,LXSSA_REPAIR,83,5010.0,1719.6578551613165
2,500,7,LXSSA_REPAIR,84,5070.0,1719.626697699663
2,500,7,LXSSA_REPAIR,85,5130.0,1719.5923523427518
2,500,7,LXSSA_REPAIR,86,5190.0,1719.5922739041926
2,500,7,LXSSA_REPAIR,87,5250.0,1719.58523860087
2,500,7,LXSSA_REPAIR,88,5310.0,1719.5643609390863
2,500,7,LXSSA_REPAIR,89,5370.0,1719.496109483105
2,500,7,LXSSA_REPAIR,90,5430.0,1719.3662754351462
2,500,7,LXSSA_REPAIR,91,5490.0,1719.351797742438
2,500,7,LXSSA_REPAIR,92,5550.0,1719.345276932654
2,500,7,LXSSA_REPAIR,93,5610.0,1719.3199731556888
2,500,7,LXSSA_REPAIR,94,5670.0,1719.2812795157406
2,500,7,LXSSA_REPAIR,95,5730.0,1719.212843067522
2,500,7,LXSSA_REPAIR,96,5790.0,1719.1372267472616
2,500,7,LXSSA_REPAIR,97,5850.0,1719.1285036163026
2,500,7,LXSSA_REPAIR,98,5910.0,1719.1272371512023
2,500,7,LXSSA_REPAIR,99,5970.0,1719.1250863501627
2,500,7,LXSSA_REPAIR,100,6030.0,1719.116616936226
2,500,8,GNNLXSSA,0,30.0,4050.6244614673997
2,500,8,GNNLXSSA,1,596.0,3754.2695637792676
2,500,8,GNNLXSSA,2,609.0,3597.4640869484247
2,500,8,GNNLXSSA,3,622.0,3533.1581106697377
2,500,8,GNNLXSSA,4,636.0,3505.119183640538
2,500,8,GNNLXSSA,5,650.0,3491.3298280416675
2,500,8,GNNLXSSA,6,663.0,3437.9316398752817
2,500,8,GNNLXSSA,7,677.0,3391.6626370155354
2,500,8,GNNLXSSA,8,691.0,3391.6626370155354
2,500,8,GNNLXSSA,9,705.0,3391.6626370155354
2,500,8,GNNLXSSA,10,719.0,3367.879371115283
2,500,8,GNNLXSSA,11,733.0,3350.8197512378392
2,500,8,GNNLXSSA,12,747.0,3341.88946322837
2,500,8,GNNLXSSA,13,761.0,3326.1417244684817
2,500,8,GNNLXSSA,14,775.0,3326.1417244684817
2,500,8,GNNLXSSA,15,788.0,3326.1417244684817
2,500,8,GNNLXSSA,16,802.0,3297.3530885126092
2,500,8,GNNLXSSA,17,815.0,3297.3530885126092
2,500,8,GNNLXSSA,18,827.0,3297.3530885126092
2,500,8,GNNLXSSA,19,841.0,3292.7946253949376
2,500,8,GNNLXSSA,20,854.0,3292.1127787445366
2,500,8,GNNLXSSA,21,868.0,3285.8961795381765
2,500,8,GNNLXSSA,22,881.0,3285.8961795381765
2,500,8,GNNLXSSA,23,894.0,3269.7451149193075
2,500,8,GNNLXSSA,24,908.0,3269.7451149193075
2,500,8,GNNLXSSA,25,922.0,3250.9305955378513
2,500,8,GNNLXSSA,26,936.0,3250.9305955378513
2,500,8,GNNLXSSA,27,950.0,3237.545308939305
2,500,8,GNNLXSSA,28,964.0,3230.793756916013
2,500,8,GNNLXSSA,29,977.0,3228.4481381420374
2,500,8,GNNLXSSA,30,991.0,3197.259618928838
2,500,8,GNNLXSSA,31,1005.0,3163.568985150214
2,500,8,GNNLXSSA,32,1019.0,3163.568985150214
2,500,8,GNNLXSSA,33,1033.0,3163.568985150214
2,500,8,GNNLXSSA,34,1047.0,3163.568985150214
2,500,8,GNNLXSSA,35,1061.0,3159.661263709637
2,500,8,GNNLXSSA,36,1074.0,3159.661263709637
2,500,8,GNNLXSSA,37,1087.0,3141.8644083391628
2,500,8,GNNLXSSA,38,1101.0,3141.8644083391628
2,500,8,GNNLXSSA,39,1115.0,3141.8644083391628
2,500,8,GNNLXSSA,40,1129.0,3116.398856541422
2,500,8,GNNLXSSA,41,1143.0,3116.398856541422
2,500,8,GNNLXSSA,42,1157.0,3116.398856541422
2,500,8,GNNLXSSA,43,1170.0,3116.398856541422
2,500,8,GNNLXSSA,44,1184.0,3116.398856541422
2,500,8,GNNLXSSA,45,1197.0,3116.398856541422
2,500,8,GNNLXSSA,46,1211.0,3116.398856541422
2,500,8,GNNLXSSA,47,1224.0,3116.398856541422
2,500,8,GNNLXSSA,48,1237.0,3116.398856541422
2,500,8,GNNLXSSA,49,1250.0,3110.5048328785597
2,500,8,GNNLXSSA,50,1264.0,3110.5048328785597
2,500,8,GNNLXSSA,51,1277.0,3110.5048328785597
2,500,8,GNNLXSSA,52,1291.0,3110.5048328785597
2,500,8,GNNLXSSA,53,1305.0,3110.5048328785597
2,500,8,GNNLXSSA,54,1319.0,3110.5048328785597
2,500,8,GNNLXSSA,55,1331.0,3104.6222851029997
2,500,8,GNNLXSSA,56,1344.0,3104.6222851029997
2,500,8,GNNLXSSA,57,1357.0,3104.6222851029997
2,500,8,GNNLXSSA,58,1371.0,3099.3324370726623
2,500,8,GNNLXSSA,59,1384.0,3099.3324370726623
2,500,8,GNNLXSSA,60,1397.0,3088.9927225152387
2,500,8,GNNLXSSA,61,1411.0,3080.4677751518975
2,500,8,GNNLXSSA,62,1425.0,3067.3537960208196
2,500,8,GNNLXSSA,63,1439.0,3056.7412017447023
2,500,8,GNNLXSSA,64,1453.0,3054.5034012371543
2,500,8,GNNLXSSA,65,1465.0,3054.5034012371543
2,500,8,GNNLXSSA,66,1479.0,3054.5034012371543
2,500,8,GNNLXSSA,67,1493.0,3054.5034012371543
2,500,8,GNNLXSSA,68,1506.0,3048.0394366858527
2,500,8,GNNLXSSA,69,1520.0,3048.0394366858527
2,500,8,GNNLXSSA,70,1532.0,3048.0394366858527
2,500,8,GNNLXSSA,71,1546.0,3039.8365251312644
2,500,8,GNNLXSSA,72,1560.0,3039.8365251312644
2,500,8,GNNLXSSA,73,1573.0,3039.8365251312644
2,500,8,GNNLXSSA,74,1586.0,3038.9454376789945
2,500,8,GNNLXSSA,75,1600.0,3038.6048232911708
2,500,8,GNNLXSSA,76,1614.0,3038.5959777168355
2,500,8,GNNLXSSA,77,1628.0,3038.217050560168
2,500,8,GNNLXSSA,78,1642.0,3038.217050560168
2,500,8,GNNLXSSA,79,1656.0,3038.1651978428163
2,500,8,GNNLXSSA,80,1670.0,3038.1160496066805
2,500,8,GNNLXSSA,81,1683.0,3038.046415033543
2,500,8,GNNLXSSA,82,1697.0,3038.002470579293
2,500,8,GNNLXSSA,83,1710.0,3038.002470579293
2,500,8,GNNLXSSA,84,1724.0,3037.925866903781
2,500,8,GNNLXSSA,85,1738.0,3037.925866903781
2,500,8,GNNLXSSA,86,1752.0,3037.925866903781
2,500,8,GNNLXSSA,87,1764.0,3037.925866903781
2,500,8,GNNLXSSA,88,1778.0,3035.451152358357
2,500,8,GNNLXSSA,89,1790.0,3035.451152358357
2,500,8,GNNLXSSA,90,1804.0,3035.4490538875725
2,500,8,GNNLXSSA,91,1817.0,3035.4490538875725
2,500,8,GNNLXSSA,92,1831.0,3035.444965131981
2,500,8,GNNLXSSA,93,1844.0,3035.444965131981
2,500,8,GNNLXSSA,94,1857.0,3035.444727321599
2,500,8,GNNLXSSA,95,1870.0,3035.0996340541824
2,500,8,GNNLXSSA,96,1883.0,3034.598443191935
2,500,8,GNNLXSSA,97,1897.0,3034.5976119767583
2,500,8,GNNLXSSA,98,1911.0,3034.5976119767583
2,500,8,GNNLXSSA,99,1925.0,3033.6668769718453
2,500,8,GNNLXSSA,100,1939.0,3031.59618394226
2,500,8,LXSSA_REPAIR,0,30.0,4022.818450847968
2,500,8,LXSSA_REPAIR,1,90.0,3764.4484580013295
2,500,8,LXSSA_REPAIR,2,150.0,3656.230935549047
2,500,8,LXSSA_REPAIR,3,210.0,3557.663247072578
2,500,8,LXSSA_REPAIR,4,270.0,3468.1115718378314
2,500,8,LXSSA_REPAIR,5,330.0,3426.03559811561
2,500,8,LXSSA_REPAIR,6,390.0,3383.450487886341
2,500,8,LXSSA_REPAIR,7,450.0,3376.5377698619777
2,500,8,LXSSA_REPAIR,8,510.0,3356.3208889424786
2,500,8,LXSSA_REPAIR,9,570.0,3355.538576867555
2,500,8,LXSSA_REPAIR,10,630.0,3341.8601008731093
2,500,8,LXSSA_REPAIR,11,690.0,3339.9016160324645
2,500,8,LXSSA_REPAIR,12,750.0,3322.33722225824
2,500,8,LXSSA_REPAIR,13,810.0,3318.0186091144096
2,500,8,LXSSA_REPAIR,14,870.0,3312.0157791858837
2,500,8,LXSSA_REPAIR,15,930.0,3296.6455327402145
2,500,8,LXSSA_REPAIR,16,990.0,3272.388929476052
2,500,8,LXSSA_REPAIR,17,1050.0,3270.6362177929404
2,500,8,LXSSA_REPAIR,18,1110.0,3266.8827888712476
2,500,8,LXSSA_REPAIR,19,1170.0,3266.4269598754036
2,500,8,LXSSA_REPAIR,20,1230.0,3260.550715750436
2,500,8,LXSSA_REPAIR,21,1290.0,3252.383912118057
2,500,8,LXSSA_REPAIR,22,1350.0,3247.3161322703963
2,500,8,LXSSA_REPAIR,23,1410.0,3240.2060726699783
2,500,8,LXSSA_REPAIR,24,1470.0,3236.4404323172457
2,500,8,LXSSA_REPAIR,25,1530.0,3232.5561510238767
2,500,8,LXSSA_REPAIR,26,1590.0,3226.0605132560668
2,500,8,LXSSA_REPAIR,27,1650.0,3225.6819338512432
2,500,8,LXSSA_REPAIR,28,1710.0,3206.07919417628
2,500,8,LXSSA_REPAIR,29,1770.0,3182.8865924863276
2,500,8,LXSSA_REPAIR,30,1830.0,3182.8865924863276
2,500,8,LXSSA_REPAIR,31,1890.0,3163.6618904254465
2,500,8,LXSSA_REPAIR,32,1950.0,3155.136329233548
2,500,8,LXSSA_REPAIR,33,2010.0,3132.999386195239
2,500,8,LXSSA_REPAIR,34,2070.0,3130.3064692456974
2,500,8,LXSSA_REPAIR,35,2130.0,3122.470774972502
2,500,8,LXSSA_REPAIR,36,2190.0,3122.3719417679713
2,500,8,LXSSA_REPAIR,37,2250.0,3116.5702182881214
2,500,8,LXSSA_REPAIR,38,2310.0,3111.208908536293
2,500,8,LXSSA_REPAIR,39,2370.0,3107.1100118453032
2,500,8,LXSSA_REPAIR,40,2430.0,3088.7224447108965
2,500,8,LXSSA_REPAIR,41,2490.0,3086.453885511346
2,500,8,LXSSA_REPAIR,42,2550.0,3085.052150231262
2,500,8,LXSSA_REPAIR,43,2610.0,3083.2998809127457
2,500,8,LXSSA_REPAIR,44,2670.0,3081.4257211253353
2,500,8,LXSSA_REPAIR,45,2730.0,3068.2517106963933
2,500,8,LXSSA_REPAIR,46,2790.0,3067.037576017654
2,500,8,LXSSA_REPAIR,47,2850.0,3066.001075256012
2,500,8,LXSSA_REPAIR,48,2910.0,3063.236391951432
2,500,8,LXSSA_REPAIR,49,2970.0,3061.1630640238473
2,500,8,LXSSA_REPAIR,50,3030.0,3060.447678250366
2,500,8,LXSSA_REPAIR,51,3090.0,3047.1248127251856
2,500,8,LXSSA_REPAIR,52,3150.0,3042.1099909383483
2,500,8,LXSSA_REPAIR,53,3210.0,3028.276628334752
2,500,8,LXSSA_REPAIR,54,3270.0,3026.008684831264
2,500,8,LXSSA_REPAIR,55,3330.0,3017.997982385081
2,500,8,LXSSA_REPAIR,56,3390.0,3011.1289955263273
2,500,8,LXSSA_REPAIR,57,3450.0,3006.4149821920073
2,500,8,LXSSA_REPAIR,58,3510.0,2996.479520195757
2,500,8,LXSSA_REPAIR,59,3570.0,2993.9656635724205
2,500,8,LXSSA_REPAIR,60,3630.0,2993.8557646747977
2,500,8,LXSSA_REPAIR,61,3690.0,2990.5679294794536
2,500,8,LXSSA_REPAIR,62,3750.0,2990.402321820802
2,500,8,LXSSA_REPAIR,63,3810.0,2990.385440109054
2,500,8,LXSSA_REPAIR,64,3870.0,2983.8349196454983
2,500,8,LXSSA_REPAIR,65,3930.0,2955.7959984687077
2,500,8,LXSSA_REPAIR,66,3990.0,2952.350522379191
2,500,8,LXSSA_REPAIR,67,4050.0,2942.697898397666
2,500,8,LXSSA_REPAIR,68,4110.0,2938.150080683212
2,500,8,LXSSA_REPAIR,69,4170.0,2936.9103157741883
2,500,8,LXSSA_REPAIR,70,4230.0,2934.910072339513
2,500,8,LXSSA_REPAIR,71,4290.0,2931.461820420118
2,500,8,LXSSA_REPAIR,72,4350.0,2929.5011804679307
2,500,8,LXSSA_REPAIR,73,4410.0,2925.389073350958
2,500,8,LXSSA_REPAIR,74,4470.0,2924.985612274897
2,500,8,LXSSA_REPAIR,75,4530.0,2923.612807296977
2,500,8,LXSSA_REPAIR,76,4590.0,2922.194249385524
2,500,8,LXSSA_REPAIR,77,4650.0,2920.1223821611093
2,500,8,LXSSA_REPAIR,78,4710.0,2917.3169734590665
2,500,8,LXSSA_REPAIR,79,4770.0,2916.8952518725346
2,500,8,LXSSA_REPAIR,80,4830.0,2916.7081162991526
2,500,8,LXSSA_REPAIR,81,4890.0,2916.306441562385
2,500,8,LXSSA_REPAIR,82,4950.0,2915.6418059730604
2,500,8,LXSSA_REPAIR,83,5010.0,2914.6646427239684
2,500,8,LXSSA_REPAIR,84,5070.0,2912.14000606467
2,500,8,LXSSA_REPAIR,85,5130.0,2911.6199587526426
2,500,8,LXSSA_REPAIR,86,5190.0,2911.469459384938
2,500,8,LXSSA_REPAIR,87,5250.0,2911.24463531276
2,500,8,LXSSA_REPAIR,88,5310.0,2911.157188545403
2,500,8,LXSSA_REPAIR,89,5370.0,2911.0716824710544
2,500,8,LXSSA_REPAIR,90,5430.0,2910.9522880117765
2,500,8,LXSSA_REPAIR,91,5490.0,2910.766931102604
2,500,8,LXSSA_REPAIR,92,5550.0,2910.504294347047
2,500,8,LXSSA_REPAIR,93,5610.0,2909.8232693699465
2,500,8,LXSSA_REPAIR,94,5670.0,2909.706902232683
2,500,8,LXSSA_REPAIR,95,5730.0,2909.657720538431
2,500,8,LXSSA_REPAIR,96,5790.0,2909.653484342296
2,500,8,LXSSA_REPAIR,97,5850.0,2909.64904096998
2,500,8,LXSSA_REPAIR,98,5910.0,2909.6464488635866
2,500,8,LXSSA_REPAIR,99,5970.0,2909.645095989843
2,500,8,LXSSA_REPAIR,100,6030.0,2909.6400962528023
2,500,9,GNNLXSSA,0,30.0,5353.6536658118275
2,500,9,GNNLXSSA,1,659.0,5207.857358283498
2,500,9,GNNLXSSA,2,673.0,5080.4583517080355
2,500,9,GNNLXSSA,3,687.0,5052.1703546257595
2,500,9,GNNLXSSA,4,701.0,5052.1703546257595
2,500,9,GNNLXSSA,5,715.0,5052.1703546257595
2,500,9,GNNLXSSA,6,728.0,5049.270372492083
2,500,9,GNNLXSSA,7,742.0,5049.270372492083
2,500,9,GNNLXSSA,8,755.0,4985.84878000163
2,500,9,GNNLXSSA,9,769.0,4985.84878000163
2,500,9,GNNLXSSA,10,783.0,4985.84878000163
2,500,9,GNNLXSSA,11,797.0,4899.940749296602
2,500,9,GNNLXSSA,12,811.0,4876.2840235847725
2,500,9,GNNLXSSA,13,825.0,4852.903851856579
2,500,9,GNNLXSSA,14,839.0,4826.911750577849
2,500,9,GNNLXSSA,15,853.0,4826.911750577849
2,500,9,GNNLXSSA,16,867.0,4800.289709255914
2,500,9,GNNLXSSA,17,881.0,4800.289709255914
2,500,9,GNNLXSSA,18,895.0,4800.289709255914
2,500,9,GNNLXSSA,19,908.0,4800.289709255914
2,500,9,GNNLXSSA,20,921.0,4800.289709255914
2,500,9,GNNLXSSA,21,935.0,4772.909399041386
2,500,9,GNNLXSSA,22,949.0,4748.410089519213
2,500,9,GNNLXSSA,23,963.0,4728.4023978118275
2,500,9,GNNLXSSA,24,977.0,4717.727288480775
2,500,9,GNNLXSSA,25,990.0,4711.934841702161
2,500,9,GNNLXSSA,26,1003.0,4711.934841702161
2,500,9,GNNLXSSA,27,1017.0,4711.934841702161
2,500,9,GNNLXSSA,28,1031.0,4710.294817577469
2,500,9,GNNLXSSA,29,1045.0,4708.875989486485
2,500,9,GNNLXSSA,30,1057.0,4708.875989486485
2,500,9,GNNLXSSA,31,1071.0,4696.275819255399
2,500,9,GNNLXSSA,32,1085.0,4696.275819255399
2,500,9,GNNLXSSA,33,1098.0,4696.275819255399
2,500,9,GNNLXSSA,34,1112.0,4682.061600695455
2,500,9,GNNLXSSA,35,1126.0,4682.061600695455
2,500,9,GNNLXSSA,36,1140.0,4682.061600695455
2,500,9,GNNLXSSA,37,1153.0,4655.412159073589
2,500,9,GNNLXSSA,38,1166.0,4655.412159073589
2,500,9,GNNLXSSA,39,1180.0,4649.752702077825
2,500,9,GNNLXSSA,40,1193.0,4649.752702077825
2,500,9,GNNLXSSA,41,1207.0,4649.752702077825
2,500,9,GNNLXSSA,42,1220.0,4649.752702077825
2,500,9,GNNLXSSA,43,1233.0,4649.752702077825
2,500,9,GNNLXSSA,44,1246.0,4649.752702077825
2,500,9,GNNLXSSA,45,1260.0,4647.791207581769
2,500,9,GNNLXSSA,46,1273.0,4626.347415023913
2,500,9,GNNLXSSA,47,1286.0,4626.347415023913
2,500,9,GNNLXSSA,48,1300.0,4612.613757476447
2,500,9,GNNLXSSA,49,1314.0,4612.613757476447
2,500,9,GNNLXSSA,50,1328.0,4596.985952206094
2,500,9,GNNLXSSA,51,1342.0,4596.985952206094
2,500,9,GNNLXSSA,52,1356.0,4587.322445627891
2,500,9,GNNLXSSA,53,1370.0,4587.322445627891
2,500,9,GNNLXSSA,54,1384.0,4587.322445627891
2,500,9,GNNLXSSA,55,1398.0,4587.322445627891
2,500,9,GNNLXSSA,56,1411.0,4587.322445627891
2,500,9,GNNLXSSA,57,1425.0,4575.466316013233
2,500,9,GNNLXSSA,58,1438.0,4562.610689903704
2,500,9,GNNLXSSA,59,1452.0,4562.610689903704
2,500,9,GNNLXSSA,60,1466.0,4558.8835104116115
2,500,9,GNNLXSSA,61,1480.0,4557.3455504985905
2,500,9,GNNLXSSA,62,1494.0,4556.532005362762
2,500,9,GNNLXSSA,63,1507.0,4534.819358641562
2,500,9,GNNLXSSA,64,1521.0,4534.819358641562
2,500,9,GNNLXSSA,65,1534.0,4534.819358641562
2,500,9,GNNLXSSA,66,1547.0,4526.01374358559
2,500,9,GNNLXSSA,67,1560.0,4521.292762336667
2,500,9,GNNLXSSA,68,1573.0,4503.124094127754
2,500,9,GNNLXSSA,69,1587.0,4503.072594762329
2,500,9,GNNLXSSA,70,1601.0,4503.072594762329
2,500,9,GNNLXSSA,71,1615.0,4503.072594762329
2,500,9,GNNLXSSA,72,1628.0,4500.28451821407
2,500,9,GNNLXSSA,73,1642.0,4499.003664713011
2,500,9,GNNLXSSA,74,1656.0,4498.40319626213
2,500,9,GNNLXSSA,75,1670.0,4497.894980075507
2,500,9,GNNLXSSA,76,1684.0,4497.665897138053
2,500,9,GNNLXSSA,77,1698.0,4497.665897138053
2,500,9,GNNLXSSA,78,1712.0,4497.588773637632
2,500,9,GNNLXSSA,79,1726.0,4494.013915778909
2,500,9,GNNLXSSA,80,1740.0,4493.769445404461
2,500,9,GNNLXSSA,81,1754.0,4493.592777375514
2,500,9,GNNLXSSA,82,1768.0,4491.145604293924
2,500,9,GNNLXSSA,83,1782.0,4486.717739588104
2,500,9,GNNLXSSA,84,1796.0,4485.456131158087
2,500,9,GNNLXSSA,85,1809.0,4483.50670774376
2,500,9,GNNLXSSA,86,1822.0,4483.50670774376
2,500,9,GNNLXSSA,87,1836.0,4483.47055516953
2,500,9,GNNLXSSA,88,1850.0,4483.47055516953
2,500,9,GNNLXSSA,89,1864.0,4476.374712532579
2,500,9,GNNLXSSA,90,1877.0,4476.374712532579
2,500,9,GNNLXSSA,91,1889.0,4476.374712532579
2,500,9,GNNLXSSA,92,1903.0,4476.374712532579
2,500,9,GNNLXSSA,93,1917.0,4476.374712532579
2,500,9,GNNLXSSA,94,1931.0,4475.492167232609
2,500,9,GNNLXSSA,95,1944.0,4472.55925557551
2,500,9,GNNLXSSA,96,1958.0,4472.558561542079
2,500,9,GNNLXSSA,97,1972.0,4472.556101321177
2,500,9,GNNLXSSA,98,1986.0,4472.556101321177
2,500,9,GNNLXSSA,99,2000.0,4471.8137379821055
2,500,9,GNNLXSSA,100,2014.0,4471.813539526956
2,500,9,LXSSA_REPAIR,0,30.0,5469.438417557245
2,500,9,LXSSA_REPAIR,1,90.0,5312.8921393624805
2,500,9,LXSSA_REPAIR,2,150.0,5237.476066004274
2,500,9,LXSSA_REPAIR,3,210.0,5133.866411910349
2,500,9,LXSSA_REPAIR,4,270.0,4996.680294930302
2,500,9,LXSSA_REPAIR,5,330.0,4871.055629509014
2,500,9,LXSSA_REPAIR,6,390.0,4835.715057832222
2,500,9,LXSSA_REPAIR,7,450.0,4833.345709523281
2,500,9,LXSSA_REPAIR,8,510.0,4831.50526052454
2,500,9,LXSSA_REPAIR,9,570.0,4809.438245712103
2,500,9,LXSSA_REPAIR,10,630.0,4795.367451045975
2,500,9,LXSSA_REPAIR,11,690.0,4791.46587806621
2,500,9,LXSSA_REPAIR,12,750.0,4772.853991200587
2,500,9,LXSSA_REPAIR,13,810.0,4733.202656177731
2,500,9,LXSSA_REPAIR,14,870.0,4728.038626301761
2,500,9,LXSSA_REPAIR,15,930.0,4696.561999957386
2,500,9,LXSSA_REPAIR,16,990.0,4696.431669870992
2,500,9,LXSSA_REPAIR,17,1050.0,4641.441984769866
2,500,9,LXSSA_REPAIR,18,1110.0,4638.85455013478
2,500,9,LXSSA_REPAIR,19,1170.0,4636.777012793762
2,500,9,LXSSA_REPAIR,20,1230.0,4601.259197997657
2,500,9,LXSSA_REPAIR,21,1290.0,4586.424868298851
2,500,9,LXSSA_REPAIR,22,1350.0,4576.462902688374
2,500,9,LXSSA_REPAIR,23,1410.0,4576.462902688374
2,500,9,LXSSA_REPAIR,24,1470.0,4571.391450422001
2,500,9,LXSSA_REPAIR,25,1530.0,4565.207266972451
2,500,9,LXSSA_REPAIR,26,1590.0,4561.664659004997
2,500,9,LXSSA_REPAIR,27,1650.0,4539.2142735182315
2,500,9,LXSSA_REPAIR,28,1710.0,4538.651169336521
2,500,9,LXSSA_REPAIR,29,1770.0,4519.781593277272
2,500,9,LXSSA_REPAIR,30,1830.0,4501.780506556832
2,500,9,LXSSA_REPAIR,31,1890.0,4498.304825542666
2,500,9,LXSSA_REPAIR,32,1950.0,4497.879196698148
2,500,9,LXSSA_REPAIR,33,2010.0,4482.704532894291
2,500,9,LXSSA_REPAIR,34,2070.0,4475.466892380511
2,500,9,LXSSA_REPAIR,35,2130.0,4405.043357506198
2,500,9,LXSSA_REPAIR,36,2190.0,4401.120225569237
2,500,9,LXSSA_REPAIR,37,2250.0,4394.152445502856
2,500,9,LXSSA_REPAIR,38,2310.0,4383.6897952129475
2,500,9,LXSSA_REPAIR,39,2370.0,4380.838350788541
2,500,9,LXSSA_REPAIR,40,2430.0,4369.632394764987
2,500,9,LXSSA_REPAIR,41,2490.0,4328.665766116166
2,500,9,LXSSA_REPAIR,42,2550.0,4327.740065165068
2,500,9,LXSSA_REPAIR,43,2610.0,4325.193725418681
2,500,9,LXSSA_REPAIR,44,2670.0,4319.868004027499
2,500,9,LXSSA_REPAIR,45,2730.0,4305.219467745956
2,500,9,LXSSA_REPAIR,46,2790.0,4296.729186111086
2,500,9,LXSSA_REPAIR,47,2850.0,4283.785094706014
2,500,9,LXSSA_REPAIR,48,2910.0,4280.676917596193
2,500,9,LXSSA_REPAIR,49,2970.0,4280.328503517532
2,500,9,LXSSA_REPAIR,50,3030.0,4276.879132879829
2,500,9,LXSSA_REPAIR,51,3090.0,4262.335378531501
2,500,9,LXSSA_REPAIR,52,3150.0,4252.625938845045
2,500,9,LXSSA_REPAIR,53,3210.0,4243.032681971399
2,500,9,LXSSA_REPAIR,54,3270.0,4240.9575360263225
2,500,9,LXSSA_REPAIR,55,3330.0,4239.829328073985
2,500,9,LXSSA_REPAIR,56,3390.0,4232.887397549082
2,500,9,LXSSA_REPAIR,57,3450.0,4220.992014286618
2,500,9,LXSSA_REPAIR,58,3510.0,4218.403556326273
2,500,9,LXSSA_REPAIR,59,3570.0,4214.063812975448
2,500,9,LXSSA_REPAIR,60,3630.0,4206.689998512684
2,500,9,LXSSA_REPAIR,61,3690.0,4203.311761651868
2,500,9,LXSSA_REPAIR,62,3750.0,4196.776150922917
2,500,9,LXSSA_REPAIR,63,3810.0,4189.956273044088
2,500,9,LXSSA_REPAIR,64,3870.0,4183.567154404955
2,500,9,LXSSA_REPAIR,65,3930.0,4181.941817459316
2,500,9,LXSSA_REPAIR,66,3990.0,4181.4782341572245
2,500,9,LXSSA_REPAIR,67,4050.0,4181.198105135998
2,500,9,LXSSA_REPAIR,68,4110.0,4177.294926754716
2,500,9,LXSSA_REPAIR,69,4170.0,4176.446185446024
2,500,9,LXSSA_REPAIR,70,4230.0,4174.631265652159
2,500,9,LXSSA_REPAIR,71,4290.0,4171.673953483016
2,500,9,LXSSA_REPAIR,72,4350.0,4166.041238136808
2,500,9,LXSSA_REPAIR,73,4410.0,4164.292757256277
2,500,9,LXSSA_REPAIR,74,4470.0,4160.994971794018
2,500,9,LXSSA_REPAIR,75,4530.0,4156.282195542277
2,500,9,LXSSA_REPAIR,76,4590.0,4154.184788007133
2,500,9,LXSSA_REPAIR,77,4650.0,4153.670758758628
2,500,9,LXSSA_REPAIR,78,4710.0,4152.488123757332
2,500,9,LXSSA_REPAIR,79,4770.0,4152.226246950278
2,500,9,LXSSA_REPAIR,80,4830.0,4152.13024848534
2,500,9,LXSSA_REPAIR,81,4890.0,4152.021242419487
2,500,9,LXSSA_REPAIR,82,4950.0,4151.830317828331
2,500,9,LXSSA_REPAIR,83,5010.0,4151.680452884288
2,500,9,LXSSA_REPAIR,84,5070.0,4151.574238306617
2,500,9,LXSSA_REPAIR,85,5130.0,4151.547650736502
2,500,9,LXSSA_REPAIR,86,5190.0,4151.540416026899
2,500,9,LXSSA_REPAIR,87,5250.0,4151.525608844815
2,500,9,LXSSA_REPAIR,88,5310.0,4151.50472198717
2,500,9,LXSSA_REPAIR,89,5370.0,4151.417633555833
2,500,9,LXSSA_REPAIR,90,5430.0,4151.351425740846
2,500,9,LXSSA_REPAIR,91,5490.0,4151.201603345751
2,500,9,LXSSA_REPAIR,92,5550.0,4150.68315218954
2,500,9,LXSSA_REPAIR,93,5610.0,4149.596052505647
2,500,9,LXSSA_REPAIR,94,5670.0,4148.936993210664
2,500,9,LXSSA_REPAIR,95,5730.0,4148.923885024968
2,500,9,LXSSA_REPAIR,96,5790.0,4148.901940211294
2,500,9,LXSSA_REPAIR,97,5850.0,4148.8870849961095
2,500,9,LXSSA_REPAIR,98,5910.0,4148.872660658781
2,500,9,LXSSA_REPAIR,99,5970.0,4148.855033126816
2,500,9,LXSSA_REPAIR,100,6030.0,4148.815954311129
2,750,10,GNNLXSSA,0,30.0,4015.711022753494
2,750,10,GNNLXSSA,1,723.0,3728.0500528373523
2,750,10,GNNLXSSA,2,736.0,3572.513944297003
2,750,10,GNNLXSSA,3,750.0,3472.3555479270435
2,750,10,GNNLXSSA,4,764.0,3413.728307809244
2,750,10,GNNLXSSA,5,778.0,3353.99825457955
2,750,10,GNNLXSSA,6,791.0,3304.2711090713783
2,750,10,GNNLXSSA,7,805.0,3304.2711090713783
2,750,10,GNNLXSSA,8,819.0,3304.2711090713783
2,750,10,GNNLXSSA,9,832.0,3258.071420547072
2,750,10,GNNLXSSA,10,845.0,3224.908860038944
2,750,10,GNNLXSSA,11,859.0,3167.454613454094
2,750,10,GNNLXSSA,12,873.0,3167.454613454094
2,750,10,GNNLXSSA,13,887.0,3145.2976506738705
2,750,10,GNNLXSSA,14,901.0,3131.648510915802
2,750,10,GNNLXSSA,15,914.0,3128.206959182302
2,750,10,GNNLXSSA,16,927.0,3128.206959182302
2,750,10,GNNLXSSA,17,941.0,3106.8035583408637
2,750,10,GNNLXSSA,18,954.0,3106.8035583408637
2,750,10,GNNLXSSA,19,968.0,3106.8035583408637
2,750,10,GNNLXSSA,20,982.0,3106.8035583408637
2,750,10,GNNLXSSA,21,996.0,3106.8035583408637
2,750,10,GNNLXSSA,22,1010.0,3106.8035583408637
2,750,10,GNNLXSSA,23,1023.0,3106.8035583408637
2,750,10,GNNLXSSA,24,1037.0,3106.8035583408637
2,750,10,GNNLXSSA,25,1050.0,3106.8035583408637
2,750,10,GNNLXSSA,26,1063.0,3016.182404916486
2,750,10,GNNLXSSA,27,1075.0,2956.7209759517427
2,750,10,GNNLXSSA,28,1089.0,2956.7209759517427
2,750,10,GNNLXSSA,29,1103.0,2934.78709240201
2,750,10,GNNLXSSA,30,1117.0,2915.0685728007957
2,750,10,GNNLXSSA,31,1129.0,2915.0685728007957
2,750,10,GNNLXSSA,32,1142.0,2915.0685728007957
2,750,10,GNNLXSSA,33,1156.0,2892.845066257163
2,750,10,GNNLXSSA,34,1170.0,2875.099661446584
2,750,10,GNNLXSSA,35,1183.0,2875.099661446584
2,750,10,GNNLXSSA,36,1197.0,2821.096450955818
2,750,10,GNNLXSSA,37,1210.0,2821.096450955818
2,750,10,GNNLXSSA,38,1224.0,2821.096450955818
2,750,10,GNNLXSSA,39,1238.0,2769.4190300844857
2,750,10,GNNLXSSA,40,1251.0,2769.4190300844857
2,750,10,GNNLXSSA,41,1264.0,2755.7806745782873
2,750,10,GNNLXSSA,42,1278.0,2755.7806745782873
2,750,10,GNNLXSSA,43,1292.0,2755.7806745782873
2,750,10,GNNLXSSA,44,1305.0,2755.7806745782873
2,750,10,GNNLXSSA,45,1319.0,2698.515304507804
2,750,10,GNNLXSSA,46,1333.0,2698.515304507804
2,750,10,GNNLXSSA,47,1346.0,2675.4364382523345
2,750,10,GNNLXSSA,48,1359.0,2671.2328589615427
2,750,10,GNNLXSSA,49,1372.0,2670.4370122283362
2,750,10,GNNLXSSA,50,1386.0,2670.4370122283362
2,750,10,GNNLXSSA,51,1400.0,2655.502155393391
2,750,10,GNNLXSSA,52,1413.0,2655.502155393391
2,750,10,GNNLXSSA,53,1427.0,2655.502155393391
2,750,10,GNNLXSSA,54,1441.0,2655.502155393391
2,750,10,GNNLXSSA,55,1454.0,2655.502155393391
2,750,10,GNNLXSSA,56,1468.0,2654.418592926122
2,750,10,GNNLXSSA,57,1482.0,2639.4674923743733
2,750,10,GNNLXSSA,58,1496.0,2630.874412806894
2,750,10,GNNLXSSA,59,1510.0,2625.837803552269
2,750,10,GNNLXSSA,60,1524.0,2625.837803552269
2,750,10,GNNLXSSA,61,1538.0,2621.9706487883523
2,750,10,GNNLXSSA,62,1551.0,2621.9706487883523
2,750,10,GNNLXSSA,63,1564.0,2620.9287364807824
2,750,10,GNNLXSSA,64,1577.0,2614.899833518328
2,750,10,GNNLXSSA,65,1591.0,2610.8015756710956
2,750,10,GNNLXSSA,66,1605.0,2608.6290569811317
2,750,10,GNNLXSSA,67,1619.0,2608.6290569811317
2,750,10,GNNLXSSA,68,1633.0,2608.6290569811317
2,750,10,GNNLXSSA,69,1646.0,2608.6290569811317
2,750,10,GNNLXSSA,70,1659.0,2608.6290569811317
2,750,10,GNNLXSSA,71,1672.0,2602.0789349635525
2,750,10,GNNLXSSA,72,1686.0,2602.0789349635525
2,750,10,GNNLXSSA,73,1700.0,2589.844321981669
2,750,10,GNNLXSSA,74,1713.0,2589.844321981669
2,750,10,GNNLXSSA,75,1726.0,2589.7774832817086
2,750,10,GNNLXSSA,76,1739.0,2589.7774832817086
2,750,10,GNNLXSSA,77,1753.0,2585.8541266730463
2,750,10,GNNLXSSA,78,1766.0,2585.6579277058772
2,750,10,GNNLXSSA,79,1780.0,2584.2042915937564
2,750,10,GNNLXSSA,80,1794.0,2583.925994863959
2,750,10,GNNLXSSA,81,1808.0,2583.925994863959
2,750,10,GNNLXSSA,82,1822.0,2567.9608906447756
2,750,10,GNNLXSSA,83,1835.0,2567.9608906447756
2,750,10,GNNLXSSA,84,1849.0,2567.9259177284475
2,750,10,GNNLXSSA,85,1862.0,2567.8429564681064
2,750,10,GNNLXSSA,86,1876.0,2567.8223551977862
2,750,10,GNNLXSSA,87,1890.0,2567.708371801702
2,750,10,GNNLXSSA,88,1903.0,2567.7039735690923
2,750,10,GNNLXSSA,89,1917.0,2565.6422700596304
2,750,10,GNNLXSSA,90,1931.0,2565.498896901212
2,750,10,GNNLXSSA,91,1944.0,2565.2546770574554
2,750,10,GNNLXSSA,92,1958.0,2565.2469425355084
2,750,10,GNNLXSSA,93,1972.0,2565.2400693906093
2,750,10,GNNLXSSA,94,1986.0,2565.163327227572
2,750,10,GNNLXSSA,95,2000.0,2565.084452730589
2,750,10,GNNLXSSA,96,2014.0,2564.9424463539763
2,750,10,GNNLXSSA,97,2028.0,2562.519572613368
2,750,10,GNNLXSSA,98,2042.0,2561.6425867457656
2,750,10,GNNLXSSA,99,2056.0,2561.607756668207
2,750,10,GNNLXSSA,100,2070.0,2561.555921563151
2,750,10,LXSSA_REPAIR,0,30.0,3984.7066394956855
2,750,10,LXSSA_REPAIR,1,90.0,3608.243939398999
2,750,10,LXSSA_REPAIR,2,150.0,3428.9964713822046
2,750,10,LXSSA_REPAIR,3,210.0,3193.282734681634
2,750,10,LXSSA_REPAIR,4,270.0,3088.318916358301
2,750,10,LXSSA_REPAIR,5,330.0,3026.0692004082666
2,750,10,LXSSA_REPAIR,6,390.0,2953.0529747009496
2,750,10,LXSSA_REPAIR,7,450.0,2927.8425701253727
2,750,10,LXSSA_REPAIR,8,510.0,2830.561654527446
2,750,10,LXSSA_REPAIR,9,570.0,2795.740825022811
2,750,10,LXSSA_REPAIR,10,630.0,2774.6547679853466
2,750,10,LXSSA_REPAIR,11,690.0,2753.280220545581
2,750,10,LXSSA_REPAIR,12,750.0,2716.137753393581
2,750,10,LXSSA_REPAIR,13,810.0,2683.615403378819
2,750,10,LXSSA_REPAIR,14,870.0,2671.2269903381966
2,750,10,LXSSA_REPAIR,15,930.0,2666.1738663405195
2,750,10,LXSSA_REPAIR,16,990.0,2653.201069879222
2,750,10,LXSSA_REPAIR,17,1050.0,2640.811103786604
2,750,10,LXSSA_REPAIR,18,1110.0,2618.935339569005
2,750,10,LXSSA_REPAIR,19,1170.0,2604.4643440971413
2,750,10,LXSSA_REPAIR,20,1230.0,2596.5899577905875
2,750,10,LXSSA_REPAIR,21,1290.0,2552.82644213763
2,750,10,LXSSA_REPAIR,22,1350.0,2545.4125681122605
2,750,10,LXSSA_REPAIR,23,1410.0,2535.020851013309
2,750,10,LXSSA_REPAIR,24,1470.0,2480.9831836873273
2,750,10,LXSSA_REPAIR,25,1530.0,2474.245784358638
2,750,10,LXSSA_REPAIR,26,1590.0,2465.9524452037804
2,750,10,LXSSA_REPAIR,27,1650.0,2441.001947226745
2,750,10,LXSSA_REPAIR,28,1710.0,2437.7649411015664
2,750,10,LXSSA_REPAIR,29,1770.0,2428.3858339195067
2,750,10,LXSSA_REPAIR,30,1830.0,2420.117677485432
2,750,10,LXSSA_REPAIR,31,1890.0,2408.4483764309916
2,750,10,LXSSA_REPAIR,32,1950.0,2407.193253674064
2,750,10,LXSSA_REPAIR,33,2010.0,2406.0266814885836
2,750,10,LXSSA_REPAIR,34,2070.0,2390.668682475698
2,750,10,LXSSA_REPAIR,35,2130.0,2386.8064244694106
2,750,10,LXSSA_REPAIR,36,2190.0,2380.575867630221
2,750,10,LXSSA_REPAIR,37,2250.0,2372.32323641971
2,750,10,LXSSA_REPAIR,38,2310.0,2370.2634554033866
2,750,10,LXSSA_REPAIR,39,2370.0,2366.9369628432833
2,750,10,LXSSA_REPAIR,40,2430.0,2355.550271516615
2,750,10,LXSSA_REPAIR,41,2490.0,2352.108248609795
2,750,10,LXSSA_REPAIR,42,2550.0,2348.6089746236757
2,750,10,LXSSA_REPAIR,43,2610.0,2348.4431528323694
2,750,10,LXSSA_REPAIR,44,2670.0,2348.2211349765057
2,750,10,LXSSA_REPAIR,45,2730.0,2341.7161398837634
2,750,10,LXSSA_REPAIR,46,2790.0,2337.315619281253
2,750,10,LXSSA_REPAIR,47,2850.0,2337.1619095562055
2,750,10,LXSSA_REPAIR,48,2910.0,2334.084355851628
2,750,10,LXSSA_REPAIR,49,2970.0,2333.8625333346936
2,750,10,LXSSA_REPAIR,50,3030.0,2329.5579518013255
2,750,10,LXSSA_REPAIR,51,3090.0,2325.571334909102
2,750,10,LXSSA_REPAIR,52,3150.0,2324.0437183091635
2,750,10,LXSSA_REPAIR,53,3210.0,2319.6000236769323
2,750,10,LXSSA_REPAIR,54,3270.0,2304.5591474007742
2,750,10,LXSSA_REPAIR,55,3330.0,2304.2058020898694
2,750,10,LXSSA_REPAIR,56,3390.0,2304.1411443447214
2,750,10,LXSSA_REPAIR,57,3450.0,2303.209823069854
2,750,10,LXSSA_REPAIR,58,3510.0,2303.19304970566
2,750,10,LXSSA_REPAIR,59,3570.0,2302.9110810741186
2,750,10,LXSSA_REPAIR,60,3630.0,2302.8623880678715
2,750,10,LXSSA_REPAIR,61,3690.0,2300.504120367448
2,750,10,LXSSA_REPAIR,62,3750.0,2293.7233757137656
2,750,10,LXSSA_REPAIR,63,3810.0,2286.7078875473744
2,750,10,LXSSA_REPAIR,64,3870.0,2285.288609078234
2,750,10,LXSSA_REPAIR,65,3930.0,2283.671077322477
2,750,10,LXSSA_REPAIR,66,3990.0,2281.418666130514
2,750,10,LXSSA_REPAIR,67,4050.0,2280.450072015461
2,750,10,LXSSA_REPAIR,68,4110.0,2279.2414094180494
2,750,10,LXSSA_REPAIR,69,4170.0,2276.396384575477
2,750,10,LXSSA_REPAIR,70,4230.0,2275.8175090041623
2,750,10,LXSSA_REPAIR,71,4290.0,2274.6180846071584
2,750,10,LXSSA_REPAIR,72,4350.0,2272.7944751524847
2,750,10,LXSSA_REPAIR,73,4410.0,2271.466614463614
2,750,10,LXSSA_REPAIR,74,4470.0,2270.3273245722594
2,750,10,LXSSA_REPAIR,75,4530.0,2269.151104286204
2,750,10,LXSSA_REPAIR,76,4590.0,2268.9567152226155
2,750,10,LXSSA_REPAIR,77,4650.0,2268.6544294248306
2,750,10,LXSSA_REPAIR,78,4710.0,2268.2982864952137
2,750,10,LXSSA_REPAIR,79,4770.0,2266.482642153329
2,750,10,LXSSA_REPAIR,80,4830.0,2266.179802210012
2,750,10,LXSSA_REPAIR,81,4890.0,2266.155703762379
2,750,10,LXSSA_REPAIR,82,4950.0,2266.016789902933
2,750,10,LXSSA_REPAIR,83,5010.0,2265.658075416628
2,750,10,LXSSA_REPAIR,84,5070.0,2264.6658506241947
2,750,10,LXSSA_REPAIR,85,5130.0,2264.5947475312423
2,750,10,LXSSA_REPAIR,86,5190.0,2264.4988277949014
2,750,10,LXSSA_REPAIR,87,5250.0,2264.465023020297
2,750,10,LXSSA_REPAIR,88,5310.0,2264.3925577251575
2,750,10,LXSSA_REPAIR,89,5370.0,2264.334233168316
2,750,10,LXSSA_REPAIR,90,5430.0,2264.216374472904
2,750,10,LXSSA_REPAIR,91,5490.0,2264.148174711583
2,750,10,LXSSA_REPAIR,92,5550.0,2264.137940039538
2,750,10,LXSSA_REPAIR,93,5610.0,2264.127698699078
2,750,10,LXSSA_REPAIR,94,5670.0,2264.100564665052
2,750,10,LXSSA_REPAIR,95,5730.0,2264.0318267781986
2,750,10,LXSSA_REPAIR,96,5790.0,2263.8919224930723
2,750,10,LXSSA_REPAIR,97,5850.0,2263.595643177294
2,750,10,LXSSA_REPAIR,98,5910.0,2263.259322518017
2,750,10,LXSSA_REPAIR,99,5970.0,2263.1981499870744
2,750,10,LXSSA_REPAIR,100,6030.0,2263.1959523458136
2,750,11,GNNLXSSA,0,30.0,5025.921060139815
2,750,11,GNNLXSSA,1,788.0,4669.212160977673
2,750,11,GNNLXSSA,2,802.0,4569.078680305989
2,750,11,GNNLXSSA,3,816.0,4523.578402526517
2,750,11,GNNLXSSA,4,829.0,4448.9882055770795
2,750,11,GNNLXSSA,5,843.0,4321.349357634928
2,750,11,GNNLXSSA,6,856.0,4272.024361140189
2,750,11,GNNLXSSA,7,869.0,4197.409022120337
2,750,11,GNNLXSSA,8,883.0,4197.409022120337
2,750,11,GNNLXSSA,9,896.0,4053.7785927552104
2,750,11,GNNLXSSA,10,910.0,4053.7785927552104
2,750,11,GNNLXSSA,11,924.0,4053.7785927552104
2,750,11,GNNLXSSA,12,938.0,3993.4010313996187
2,750,11,GNNLXSSA,13,952.0,3988.702312448215
2,750,11,GNNLXSSA,14,965.0,3988.702312448215
2,750,11,GNNLXSSA,15,978.0,3974.843636031226
2,750,11,GNNLXSSA,16,992.0,3974.843636031226
2,750,11,GNNLXSSA,17,1006.0,3950.6118524099584
2,750,11,GNNLXSSA,18,1019.0,3950.6118524099584
2,750,11,GNNLXSSA,19,1033.0,3943.4154580071627
2,750,11,GNNLXSSA,20,1046.0,3942.793709412079
2,750,11,GNNLXSSA,21,1059.0,3942.793709412079
2,750,11,GNNLXSSA,22,1072.0,3922.3563085736605
2,750,11,GNNLXSSA,23,1085.0,3892.6048529780965
2,750,11,GNNLXSSA,24,1099.0,3892.6048529780965
2,750,11,GNNLXSSA,25,1112.0,3892.6048529780965
2,750,11,GNNLXSSA,26,1126.0,3857.8992316435397
2,750,11,GNNLXSSA,27,1139.0,3837.5293896322837
2,750,11,GNNLXSSA,28,1153.0,3837.5293896322837
2,750,11,GNNLXSSA,29,1167.0,3837.5293896322837
2,750,11,GNNLXSSA,30,1180.0,3837.5293896322837
2,750,11,GNNLXSSA,31,1193.0,3804.4924850373645
2,750,11,GNNLXSSA,32,1207.0,3804.4924850373645
2,750,11,GNNLXSSA,33,1221.0,3804.4924850373645
2,750,11,GNNLXSSA,34,1235.0,3804.4924850373645
2,750,11,GNNLXSSA,35,1249.0,3804.4924850373645
2,750,11,GNNLXSSA,36,1263.0,3795.8519249126985
2,750,11,GNNLXSSA,37,1277.0,3776.208100101154
2,750,11,GNNLXSSA,38,1290.0,3762.9305865435963
2,750,11,GNNLXSSA,39,1303.0,3736.2376460530213
2,750,11,GNNLXSSA,40,1316.0,3736.2376460530213
2,750,11,GNNLXSSA,41,1330.0,3734.2776734303843
2,750,11,GNNLXSSA,42,1343.0,3734.2776734303843
2,750,11,GNNLXSSA,43,1357.0,3699.257605103412
2,750,11,GNNLXSSA,44,1371.0,3685.409511408492
2,750,11,GNNLXSSA,45,1383.0,3662.8989862594535
2,750,11,GNNLXSSA,46,1397.0,3646.207489514156
2,750,11,GNNLXSSA,47,1411.0,3619.9666148806064
2,750,11,GNNLXSSA,48,1425.0,3619.9666148806064
2,750,11,GNNLXSSA,49,1439.0,3619.9666148806064
2,750,11,GNNLXSSA,50,1453.0,3619.9666148806064
2,750,11,GNNLXSSA,51,1467.0,3594.5427249348722
2,750,11,GNNLXSSA,52,1481.0,3573.1953495407506
2,750,11,GNNLXSSA,53,1495.0,3548.7555914949335
2,750,11,GNNLXSSA,54,1509.0,3548.717047133243
2,750,11,GNNLXSSA,55,1523.0,3548.717047133243
2,750,11,GNNLXSSA,56,1537.0,3523.3666839418947
2,750,11,GNNLXSSA,57,1550.0,3523.3666839418947
2,750,11,GNNLXSSA,58,1564.0,3523.3666839418947
2,750,11,GNNLXSSA,59,1577.0,3495.541019140808
2,750,11,GNNLXSSA,60,1589.0,3495.541019140808
2,750,11,GNNLXSSA,61,1603.0,3494.418761957808
2,750,11,GNNLXSSA,62,1617.0,3493.2746203551505
2,750,11,GNNLXSSA,63,1629.0,3493.2746203551505
2,750,11,GNNLXSSA,64,1643.0,3493.2746203551505
2,750,11,GNNLXSSA,65,1657.0,3493.2746203551505
2,750,11,GNNLXSSA,66,1670.0,3493.2746203551505
2,750,11,GNNLXSSA,67,1684.0,3475.8721310306137
2,750,11,GNNLXSSA,68,1698.0,3475.8721310306137
2,750,11,GNNLXSSA,69,1712.0,3460.6366232576547
2,750,11,GNNLXSSA,70,1725.0,3460.6366232576547
2,750,11,GNNLXSSA,71,1738.0,3460.6366232576547
2,750,11,GNNLXSSA,72,1752.0,3458.5914368262675
2,750,11,GNNLXSSA,73,1766.0,3458.5914368262675
2,750,11,GNNLXSSA,74,1779.0,3457.856960332603
2,750,11,GNNLXSSA,75,1793.0,3457.3625801178205
2,750,11,GNNLXSSA,76,1807.0,3448.071666054435
2,750,11,GNNLXSSA,77,1820.0,3447.271577132218
2,750,11,GNNLXSSA,78,1833.0,3447.0543421172915
2,750,11,GNNLXSSA,79,1846.0,3447.0543421172915
2,750,11,GNNLXSSA,80,1859.0,3447.0543421172915
2,750,11,GNNLXSSA,81,1873.0,3446.978236349256
2,750,11,GNNLXSSA,82,1886.0,3446.8362435215968
2,750,11,GNNLXSSA,83,1900.0,3446.8362435215968
2,750,11,GNNLXSSA,84,1914.0,3444.520020507094
2,750,11,GNNLXSSA,85,1928.0,3436.0581002260806
2,750,11,GNNLXSSA,86,1942.0,3435.9736871192436
2,750,11,GNNLXSSA,87,1955.0,3435.9736871192436
2,750,11,GNNLXSSA,88,1969.0,3435.9736871192436
2,750,11,GNNLXSSA,89,1983.0,3435.9736871192436
2,750,11,GNNLXSSA,90,1996.0,3435.9736871192436
2,750,11,GNNLXSSA,91,2009.0,3435.9736871192436
2,750,11,GNNLXSSA,92,2022.0,3435.9736871192436
2,750,11,GNNLXSSA,93,2036.0,3435.9736871192436
2,750,11,GNNLXSSA,94,2050.0,3435.9736871192436
2,750,11,GNNLXSSA,95,2063.0,3435.9736871192436
2,750,11,GNNLXSSA,96,2077.0,3435.9736871192436
2,750,11,GNNLXSSA,97,2091.0,3435.9736871192436
2,750,11,GNNLXSSA,98,2105.0,3435.9736871192436
2,750,11,GNNLXSSA,99,2118.0,3435.9736871192436
2,750,11,GNNLXSSA,100,2132.0,3416.301288631803
2,750,11,LXSSA_REPAIR,0,30.0,5026.260099082378
2,750,11,LXSSA_REPAIR,1,90.0,4679.847452579066
2,750,11,LXSSA_REPAIR,2,150.0,4477.591227433375
2,750,11,LXSSA_REPAIR,3,210.0,4177.660060446877
2,750,11,LXSSA_REPAIR,4,270.0,4092.2179208740854
2,750,11,LXSSA_REPAIR,5,330.0,4031.6315412159206
2,750,11,LXSSA_REPAIR,6,390.0,3884.5362930889023
2,750,11,LXSSA_REPAIR,7,450.0,3865.808647485923
2,750,11,LXSSA_REPAIR,8,510.0,3851.7390690852044
2,750,11,LXSSA_REPAIR,9,570.0,3775.4267029273688
2,750,11,LXSSA_REPAIR,10,630.0,3770.0608099618694
2,750,11,LXSSA_REPAIR,11,690.0,3762.5702711214835
2,750,11,LXSSA_REPAIR,12,750.0,3742.6786018870844
2,750,11,LXSSA_REPAIR,13,810.0,3718.2393597920236
2,750,11,LXSSA_REPAIR,14,870.0,3713.2480848095583
2,750,11,LXSSA_REPAIR,15,930.0,3686.0832719009704
2,750,11,LXSSA_REPAIR,16,990.0,3679.438220070064
2,750,11,LXSSA_REPAIR,17,1050.0,3667.2557964992375
2,750,11,LXSSA_REPAIR,18,1110.0,3664.3523601163106
2,750,11,LXSSA_REPAIR,19,1170.0,3632.6580921613277
2,750,11,LXSSA_REPAIR,20,1230.0,3616.4158168627473
2,750,11,LXSSA_REPAIR,21,1290.0,3613.098077624578
2,750,11,LXSSA_REPAIR,22,1350.0,3570.698862769823
2,750,11,LXSSA_REPAIR,23,1410.0,3557.734217464087
2,750,11,LXSSA_REPAIR,24,1470.0,3537.849005856675
2,750,11,LXSSA_REPAIR,25,1530.0,3535.62767793057
2,750,11,LXSSA_REPAIR,26,1590.0,3516.011258821447
2,750,11,LXSSA_REPAIR,27,1650.0,3497.4565557110545
2,750,11,LXSSA_REPAIR,28,1710.0,3467.374517463337
2,750,11,LXSSA_REPAIR,29,1770.0,3448.9354780898575
2,750,11,LXSSA_REPAIR,30,1830.0,3438.068332976276
2,750,11,LXSSA_REPAIR,31,1890.0,3413.4679210439936
2,750,11,LXSSA_REPAIR,32,1950.0,3409.1811364970126
2,750,11,LXSSA_REPAIR,33,2010.0,3400.756588506447
2,750,11,LXSSA_REPAIR,34,2070.0,3382.0751950363046
2,750,11,LXSSA_REPAIR,35,2130.0,3376.758282829098
2,750,11,LXSSA_REPAIR,36,2190.0,3373.5085652642883
2,750,11,LXSSA_REPAIR,37,2250.0,3365.1311415341115
2,750,11,LXSSA_REPAIR,38,2310.0,3352.6920022438717
2,750,11,LXSSA_REPAIR,39,2370.0,3348.3242714164808
2,750,11,LXSSA_REPAIR,40,2430.0,3345.418064488469
2,750,11,LXSSA_REPAIR,41,2490.0,3328.788768565617
2,750,11,LXSSA_REPAIR,42,2550.0,3325.189636634306
2,750,11,LXSSA_REPAIR,43,2610.0,3324.1832764236387
2,750,11,LXSSA_REPAIR,44,2670.0,3306.483099941557
2,750,11,LXSSA_REPAIR,45,2730.0,3304.0440415892954
2,750,11,LXSSA_REPAIR,46,2790.0,3299.0200425314615
2,750,11,LXSSA_REPAIR,47,2850.0,3288.8083338764627
2,750,11,LXSSA_REPAIR,48,2910.0,3279.0171483715458
2,750,11,LXSSA_REPAIR,49,2970.0,3270.1788818361238
2,750,11,LXSSA_REPAIR,50,3030.0,3265.3639896737222
2,750,11,LXSSA_REPAIR,51,3090.0,3252.707387199989
2,750,11,LXSSA_REPAIR,52,3150.0,3247.4392029843
2,750,11,LXSSA_REPAIR,53,3210.0,3238.3147327846964
2,750,11,LXSSA_REPAIR,54,3270.0,3231.154097685212
2,750,11,LXSSA_REPAIR,55,3330.0,3227.925577886148
2,750,11,LXSSA_REPAIR,56,3390.0,3223.8044890606325
2,750,11,LXSSA_REPAIR,57,3450.0,3222.2267270361262
2,750,11,LXSSA_REPAIR,58,3510.0,3217.405854309218
2,750,11,LXSSA_REPAIR,59,3570.0,3204.658979507003
2,750,11,LXSSA_REPAIR,60,3630.0,3191.7588558452553
2,750,11,LXSSA_REPAIR,61,3690.0,3186.840973341612
2,750,11,LXSSA_REPAIR,62,3750.0,3184.6541749642565
2,750,11,LXSSA_REPAIR,63,3810.0,3181.097532789732
2,750,11,LXSSA_REPAIR,64,3870.0,3180.691019727965
2,750,11,LXSSA_REPAIR,65,3930.0,3174.55505263705
2,750,11,LXSSA_REPAIR,66,3990.0,3167.6482751541407
2,750,11,LXSSA_REPAIR,67,4050.0,3161.803337739024
2,750,11,LXSSA_REPAIR,68,4110.0,3158.219622129189
2,750,11,LXSSA_REPAIR,69,4170.0,3155.159308919181
2,750,11,LXSSA_REPAIR,70,4230.0,3150.1365196512706
2,750,11,LXSSA_REPAIR,71,4290.0,3141.655011914816
2,750,11,LXSSA_REPAIR,72,4350.0,3137.2052090724683
2,750,11,LXSSA_REPAIR,73,4410.0,3134.4931912805987
2,750,11,LXSSA_REPAIR,74,4470.0,3132.208693963912
2,750,11,LXSSA_REPAIR,75,4530.0,3128.3939040945115
2,750,11,LXSSA_REPAIR,76,4590.0,3104.8369778635824
2,750,11,LXSSA_REPAIR,77,4650.0,3100.4180502347663
2,750,11,LXSSA_REPAIR,78,4710.0,3099.8219993457606
2,750,11,LXSSA_REPAIR,79,4770.0,3099.127257275308
2,750,11,LXSSA_REPAIR,80,4830.0,3084.089902261323
2,750,11,LXSSA_REPAIR,81,4890.0,3083.209834171299
2,750,11,LXSSA_REPAIR,82,4950.0,3082.2872566053557
2,750,11,LXSSA_REPAIR,83,5010.0,3081.5743755230214
2,750,11,LXSSA_REPAIR,84,5070.0,3081.233146161998
2,750,11,LXSSA_REPAIR,85,5130.0,3081.1962819798355
2,750,11,LXSSA_REPAIR,86,5190.0,3081.1201926259237
2,750,11,LXSSA_REPAIR,87,5250.0,3081.010481047633
2,750,11,LXSSA_REPAIR,88,5310.0,3080.9569475022
2,750,11,LXSSA_REPAIR,89,5370.0,3080.9369925737847
2,750,11,LXSSA_REPAIR,90,5430.0,3080.881492988825
2,750,11,LXSSA_REPAIR,91,5490.0,3080.7340603784032
2,750,11,LXSSA_REPAIR,92,5550.0,3080.6840270321336
2,750,11,LXSSA_REPAIR,93,5610.0,3080.579885261366
2,750,11,LXSSA_REPAIR,94,5670.0,3080.487181389777
2,750,11,LXSSA_REPAIR,95,5730.0,3080.4604727350816
2,750,11,LXSSA_REPAIR,96,5790.0,3080.449409560242
2,750,11,LXSSA_REPAIR,97,5850.0,3080.4420405251367
2,750,11,LXSSA_REPAIR,98,5910.0,3080.435711148719
2,750,11,LXSSA_REPAIR,99,5970.0,3080.4221144678813
2,750,11,LXSSA_REPAIR,100,6030.0,3080.4209390612814
2,750,12,GNNLXSSA,0,30.0,6249.592863832106
2,750,12,GNNLXSSA,1,852.0,5852.127392648341
2,750,12,GNNLXSSA,2,866.0,5753.422714107051
2,750,12,GNNLXSSA,3,880.0,5753.422714107051
2,750,12,GNNLXSSA,4,894.0,5745.518862761659
2,750,12,GNNLXSSA,5,908.0,5628.4498636551725
2,750,12,GNNLXSSA,6,922.0,5570.654327115859
2,750,12,GNNLXSSA,7,936.0,5557.502387272609
2,750,12,GNNLXSSA,8,950.0,5557.502387272609
2,750,12,GNNLXSSA,9,964.0,5477.854092482099
2,750,12,GNNLXSSA,10,978.0,5477.854092482099
2,750,12,GNNLXSSA,11,992.0,5418.844315967515
2,750,12,GNNLXSSA,12,1006.0,5398.16714245265
2,750,12,GNNLXSSA,13,1020.0,5398.16714245265
2,750,12,GNNLXSSA,14,1034.0,5398.16714245265
2,750,12,GNNLXSSA,15,1048.0,5398.16714245265
2,750,12,GNNLXSSA,16,1061.0,5386.618362976857
2,750,12,GNNLXSSA,17,1075.0,5346.546787584928
2,750,12,GNNLXSSA,18,1088.0,5324.49107738756
2,750,12,GNNLXSSA,19,1101.0,5257.244945305327
2,750,12,GNNLXSSA,20,1115.0,5257.244945305327
2,750,12,GNNLXSSA,21,1129.0,5244.115852173432
2,750,12,GNNLXSSA,22,1141.0,5244.115852173432
2,750,12,GNNLXSSA,23,1154.0,5244.115852173432
2,750,12,GNNLXSSA,24,1167.0,5215.404842316719
2,750,12,GNNLXSSA,25,1180.0,5215.404842316719
2,750,12,GNNLXSSA,26,1193.0,5215.404842316719
2,750,12,GNNLXSSA,27,1207.0,5215.404842316719
2,750,12,GNNLXSSA,28,1221.0,5215.404842316719
2,750,12,GNNLXSSA,29,1234.0,5215.404842316719
2,750,12,GNNLXSSA,30,1248.0,5215.404842316719
2,750,12,GNNLXSSA,31,1262.0,5196.691717390997
2,750,12,GNNLXSSA,32,1275.0,5189.132274045172
2,750,12,GNNLXSSA,33,1288.0,5189.132274045172
2,750,12,GNNLXSSA,34,1302.0,5189.132274045172
2,750,12,GNNLXSSA,35,1316.0,5189.132274045172
2,750,12,GNNLXSSA,36,1329.0,5189.132274045172
2,750,12,GNNLXSSA,37,1343.0,5189.132274045172
2,750,12,GNNLXSSA,38,1356.0,5160.82468946548
2,750,12,GNNLXSSA,39,1369.0,5160.82468946548
2,750,12,GNNLXSSA,40,1382.0,5120.221800474581
2,750,12,GNNLXSSA,41,1396.0,5113.034275065649
2,750,12,GNNLXSSA,42,1410.0,5113.034275065649
2,750,12,GNNLXSSA,43,1424.0,5094.34674481758
2,750,12,GNNLXSSA,44,1438.0,5094.34674481758
2,750,12,GNNLXSSA,45,1451.0,5092.8376892378365
2,750,12,GNNLXSSA,46,1464.0,5092.8376892378365
2,750,12,GNNLXSSA,47,1478.0,5089.506363034765
2,750,12,GNNLXSSA,48,1492.0,5077.270330197418
2,750,12,GNNLXSSA,49,1505.0,5077.270330197418
2,750,12,GNNLXSSA,50,1519.0,5077.270330197418
2,750,12,GNNLXSSA,51,1533.0,5077.270330197418
2,750,12,GNNLXSSA,52,1547.0,5077.270330197418
2,750,12,GNNLXSSA,53,1560.0,5077.270330197418
2,750,12,GNNLXSSA,54,1574.0,5071.297212917685
2,750,12,GNNLXSSA,55,1586.0,5046.568620690108
2,750,12,GNNLXSSA,56,1600.0,5031.65748903004
2,750,12,GNNLXSSA,57,1614.0,4997.188677761045
2,750,12,GNNLXSSA,58,1627.0,4997.188677761045
2,750,12,GNNLXSSA,59,1640.0,4931.6474063381465
2,750,12,GNNLXSSA,60,1654.0,4931.6474063381465
2,750,12,GNNLXSSA,61,1667.0,4931.6474063381465
2,750,12,GNNLXSSA,62,1681.0,4926.207821925418
2,750,12,GNNLXSSA,63,1694.0,4911.407574791403
2,750,12,GNNLXSSA,64,1708.0,4911.407574791403
2,750,12,GNNLXSSA,65,1722.0,4911.407574791403
2,750,12,GNNLXSSA,66,1736.0,4906.531910313359
2,750,12,GNNLXSSA,67,1750.0,4906.531910313359
2,750,12,GNNLXSSA,68,1763.0,4906.531910313359
2,750,12,GNNLXSSA,69,1777.0,4906.531910313359
2,750,12,GNNLXSSA,70,1790.0,4905.067198114972
2,750,12,GNNLXSSA,71,1804.0,4903.055574270562
2,750,12,GNNLXSSA,72,1816.0,4899.181704403258
2,750,12,GNNLXSSA,73,1828.0,4898.741140591403
2,750,12,GNNLXSSA,74,1842.0,4898.531027980287
2,750,12,GNNLXSSA,75,1855.0,4898.531027980287
2,750,12,GNNLXSSA,76,1869.0,4897.566397892675
2,750,12,GNNLXSSA,77,1883.0,4895.78866828086
2,750,12,GNNLXSSA,78,1896.0,4883.002335942925
2,750,12,GNNLXSSA,79,1910.0,4882.7487479782285
2,750,12,GNNLXSSA,80,1924.0,4882.693518471526
2,750,12,GNNLXSSA,81,1938.0,4824.255087353522
2,750,12,GNNLXSSA,82,1951.0,4824.255087353522
2,750,12,GNNLXSSA,83,1964.0,4824.234636800102
2,750,12,GNNLXSSA,84,1978.0,4824.234636800102
2,750,12,GNNLXSSA,85,1992.0,4824.234636800102
2,750,12,GNNLXSSA,86,2006.0,4824.234636800102
2,750,12,GNNLXSSA,87,2020.0,4824.234636800102
2,750,12,GNNLXSSA,88,2033.0,4824.234636800102
2,750,12,GNNLXSSA,89,2047.0,4824.234636800102
2,750,12,GNNLXSSA,90,2061.0,4824.234636800102
2,750,12,GNNLXSSA,91,2075.0,4823.950565343977
2,750,12,GNNLXSSA,92,2089.0,4795.78900710318
2,750,12,GNNLXSSA,93,2103.0,4795.78900710318
2,750,12,GNNLXSSA,94,2117.0,4795.78900710318
2,750,12,GNNLXSSA,95,2131.0,4795.78900710318
2,750,12,GNNLXSSA,96,2145.0,4788.460561696011
2,750,12,GNNLXSSA,97,2158.0,4788.459600806447
2,750,12,GNNLXSSA,98,2171.0,4788.459600806447
2,750,12,GNNLXSSA,99,2185.0,4788.459600806447
2,750,12,GNNLXSSA,100,2199.0,4772.978824093683
2,750,12,LXSSA_REPAIR,0,30.0,6135.581789705517
2,750,12,LXSSA_REPAIR,1,90.0,5937.760417060861
2,750,12,LXSSA_REPAIR,2,150.0,5752.248168141552
2,750,12,LXSSA_REPAIR,3,210.0,5560.981838693835
2,750,12,LXSSA_REPAIR,4,270.0,5388.620103532543
2,750,12,LXSSA_REPAIR,5,330.0,5286.742801663284
2,750,12,LXSSA_REPAIR,6,390.0,5267.03099344427
2,750,12,LXSSA_REPAIR,7,450.0,5178.4608483236225
2,750,12,LXSSA_REPAIR,8,510.0,5069.848782915258
2,750,12,LXSSA_REPAIR,9,570.0,5021.87439102745
2,750,12,LXSSA_REPAIR,10,630.0,4946.300452639152
2,750,12,LXSSA_REPAIR,11,690.0,4886.049859467908
2,750,12,LXSSA_REPAIR,12,750.0,4883.990338554955
2,750,12,LXSSA_REPAIR,13,810.0,4854.907734762914
2,750,12,LXSSA_REPAIR,14,870.0,4823.268172906777
2,750,12,LXSSA_REPAIR,15,930.0,4802.566690221996
2,750,12,LXSSA_REPAIR,16,990.0,4791.631939628314
2,750,12,LXSSA_REPAIR,17,1050.0,4790.367053095491
2,750,12,LXSSA_REPAIR,18,1110.0,4777.069976377701
2,750,12,LXSSA_REPAIR,19,1170.0,4734.262453029951
2,750,12,LXSSA_REPAIR,20,1230.0,4712.475037617587
2,750,12,LXSSA_REPAIR,21,1290.0,4695.742142996169
2,750,12,LXSSA_REPAIR,22,1350.0,4692.905687170802
2,750,12,LXSSA_REPAIR,23,1410.0,4672.059176720104
2,750,12,LXSSA_REPAIR,24,1470.0,4671.4392834930695
2,750,12,LXSSA_REPAIR,25,1530.0,4669.960214371342
2,750,12,LXSSA_REPAIR,26,1590.0,4668.672847570757
2,750,12,LXSSA_REPAIR,27,1650.0,4613.264552944478
2,750,12,LXSSA_REPAIR,28,1710.0,4608.665577476961
2,750,12,LXSSA_REPAIR,29,1770.0,4599.747943573566
2,750,12,LXSSA_REPAIR,30,1830.0,4585.089056950819
2,750,12,LXSSA_REPAIR,31,1890.0,4541.656070560995
2,750,12,LXSSA_REPAIR,32,1950.0,4534.669509369036
2,750,12,LXSSA_REPAIR,33,2010.0,4513.992514875703
2,750,12,LXSSA_REPAIR,34,2070.0,4507.961988690964
2,750,12,LXSSA_REPAIR,35,2130.0,4495.573233865696
2,750,12,LXSSA_REPAIR,36,2190.0,4495.259247453025
2,750,12,LXSSA_REPAIR,37,2250.0,4488.131558629546
2,750,12,LXSSA_REPAIR,38,2310.0,4475.849460995305
2,750,12,LXSSA_REPAIR,39,2370.0,4469.158704978283
2,750,12,LXSSA_REPAIR,40,2430.0,4445.5710322576415
2,750,12,LXSSA_REPAIR,41,2490.0,4437.548673080506
2,750,12,LXSSA_REPAIR,42,2550.0,4425.7115994856795
2,750,12,LXSSA_REPAIR,43,2610.0,4424.073477535538
2,750,12,LXSSA_REPAIR,44,2670.0,4423.235285956565
2,750,12,LXSSA_REPAIR,45,2730.0,4385.248514345185
2,750,12,LXSSA_REPAIR,46,2790.0,4345.959077704734
2,750,12,LXSSA_REPAIR,47,2850.0,4337.493733367373
2,750,12,LXSSA_REPAIR,48,2910.0,4332.978629908939
2,750,12,LXSSA_REPAIR,49,2970.0,4317.082841264775
2,750,12,LXSSA_REPAIR,50,3030.0,4273.969345990037
2,750,12,LXSSA_REPAIR,51,3090.0,4273.890937996133
2,750,12,LXSSA_REPAIR,52,3150.0,4253.769542998125
2,750,12,LXSSA_REPAIR,53,3210.0,4246.57840879351
2,750,12,LXSSA_REPAIR,54,3270.0,4244.998412047331
2,750,12,LXSSA_REPAIR,55,3330.0,4244.123406466344
2,750,12,LXSSA_REPAIR,56,3390.0,4218.443954488539
2,750,12,LXSSA_REPAIR,57,3450.0,4199.529752600334
2,750,12,LXSSA_REPAIR,58,3510.0,4197.880839027719
2,750,12,LXSSA_REPAIR,59,3570.0,4194.812062888683
2,750,12,LXSSA_REPAIR,60,3630.0,4194.195873838013
2,750,12,LXSSA_REPAIR,61,3690.0,4194.036088769251
2,750,12,LXSSA_REPAIR,62,3750.0,4188.677009046725
2,750,12,LXSSA_REPAIR,63,3810.0,4184.2616645078815
2,750,12,LXSSA_REPAIR,64,3870.0,4179.360038128056
2,750,12,LXSSA_REPAIR,65,3930.0,4178.105150095609
2,750,12,LXSSA_REPAIR,66,3990.0,4170.574746985956
2,750,12,LXSSA_REPAIR,67,4050.0,4160.82002614333
2,750,12,LXSSA_REPAIR,68,4110.0,4155.272292203554
2,750,12,LXSSA_REPAIR,69,4170.0,4154.277201553523
2,750,12,LXSSA_REPAIR,70,4230.0,4153.083166952652
2,750,12,LXSSA_REPAIR,71,4290.0,4151.971578303906
2,750,12,LXSSA_REPAIR,72,4350.0,4150.5039941037685
2,750,12,LXSSA_REPAIR,73,4410.0,4146.067522129815
2,750,12,LXSSA_REPAIR,74,4470.0,4143.450516077624
2,750,12,LXSSA_REPAIR,75,4530.0,4141.430300200103
2,750,12,LXSSA_REPAIR,76,4590.0,4138.757207802519
2,750,12,LXSSA_REPAIR,77,4650.0,4136.463544014754
2,750,12,LXSSA_REPAIR,78,4710.0,4135.234711197154
2,750,12,LXSSA_REPAIR,79,4770.0,4130.892660649566
2,750,12,LXSSA_REPAIR,80,4830.0,4127.812660811745
2,750,12,LXSSA_REPAIR,81,4890.0,4124.332444893713
2,750,12,LXSSA_REPAIR,82,4950.0,4124.086411060984
2,750,12,LXSSA_REPAIR,83,5010.0,4123.58753573359
2,750,12,LXSSA_REPAIR,84,5070.0,4121.916272405615
2,750,12,LXSSA_REPAIR,85,5130.0,4120.621634628129
2,750,12,LXSSA_REPAIR,86,5190.0,4120.30283764765
2,750,12,LXSSA_REPAIR,87,5250.0,4119.970720150704
2,750,12,LXSSA_REPAIR,88,5310.0,4118.907986678241
2,750,12,LXSSA_REPAIR,89,5370.0,4117.566375440605
2,750,12,LXSSA_REPAIR,90,5430.0,4117.508050911747
2,750,12,LXSSA_REPAIR,91,5490.0,4117.480434557248
2,750,12,LXSSA_REPAIR,92,5550.0,4117.394827363292
2,750,12,LXSSA_REPAIR,93,5610.0,4117.3363899493925
2,750,12,LXSSA_REPAIR,94,5670.0,4117.323208999282
2,750,12,LXSSA_REPAIR,95,5730.0,4117.296105322421
2,750,12,LXSSA_REPAIR,96,5790.0,4117.253663574229
2,750,12,LXSSA_REPAIR,97,5850.0,4117.186819578914
2,750,12,LXSSA_REPAIR,98,5910.0,4117.053984385173
2,750,12,LXSSA_REPAIR,99,5970.0,4116.819269384221
2,750,12,LXSSA_REPAIR,100,6030.0,4116.406717333884
2,750,13,GNNLXSSA,0,30.0,7456.075142508205
2,750,13,GNNLXSSA,1,915.0,7245.487773113971
2,750,13,GNNLXSSA,2,929.0,7198.90499062249
2,750,13,GNNLXSSA,3,942.0,7056.404786262792
2,750,13,GNNLXSSA,4,956.0,6893.571528358138
2,750,13,GNNLXSSA,5,970.0,6794.477056922937
2,750,13,GNNLXSSA,6,984.0,6794.399568178618
2,750,13,GNNLXSSA,7,998.0,6794.399568178618
2,750,13,GNNLXSSA,8,1011.0,6691.525248830534
2,750,13,GNNLXSSA,9,1024.0,6691.525248830534
2,750,13,GNNLXSSA,10,1036.0,6691.525248830534
2,750,13,GNNLXSSA,11,1050.0,6686.061686993431
2,750,13,GNNLXSSA,12,1064.0,6686.061686993431
2,750,13,GNNLXSSA,13,1078.0,6525.724190203735
2,750,13,GNNLXSSA,14,1092.0,6510.579805047251
2,750,13,GNNLXSSA,15,1106.0,6492.735335772959
2,750,13,GNNLXSSA,16,1120.0,6492.735335772959
2,750,13,GNNLXSSA,17,1134.0,6492.735335772959
2,750,13,GNNLXSSA,18,1148.0,6457.364216133901
2,750,13,GNNLXSSA,19,1162.0,6456.930379400728
2,750,13,GNNLXSSA,20,1176.0,6456.024781316526
2,750,13,GNNLXSSA,21,1190.0,6420.612920199332
2,750,13,GNNLXSSA,22,1204.0,6395.570314464494
2,750,13,GNNLXSSA,23,1217.0,6395.570314464494
2,750,13,GNNLXSSA,24,1231.0,6395.570314464494
2,750,13,GNNLXSSA,25,1244.0,6395.570314464494
2,750,13,GNNLXSSA,26,1258.0,6388.316342675731
2,750,13,GNNLXSSA,27,1272.0,6377.858333649383
2,750,13,GNNLXSSA,28,1286.0,6377.858333649383
2,750,13,GNNLXSSA,29,1300.0,6377.858333649383
2,750,13,GNNLXSSA,30,1314.0,6377.858333649383
2,750,13,GNNLXSSA,31,1328.0,6358.341552159487
2,750,13,GNNLXSSA,32,1342.0,6358.341552159487
2,750,13,GNNLXSSA,33,1356.0,6340.212242116995
2,750,13,GNNLXSSA,34,1369.0,6322.984459773121
2,750,13,GNNLXSSA,35,1383.0,6322.048519857293
2,750,13,GNNLXSSA,36,1397.0,6288.63219417724
2,750,13,GNNLXSSA,37,1411.0,6230.820949577574
2,750,13,GNNLXSSA,38,1425.0,6230.820949577574
2,750,13,GNNLXSSA,39,1439.0,6230.820949577574
2,750,13,GNNLXSSA,40,1453.0,6184.840406179857
2,750,13,GNNLXSSA,41,1467.0,6184.840406179857
2,750,13,GNNLXSSA,42,1481.0,6184.840406179857
2,750,13,GNNLXSSA,43,1494.0,6161.226508507418
2,750,13,GNNLXSSA,44,1508.0,6141.714581971166
2,750,13,GNNLXSSA,45,1520.0,6141.714581971166
2,750,13,GNNLXSSA,46,1533.0,6135.909383829661
2,750,13,GNNLXSSA,47,1547.0,6131.889583410826
2,750,13,GNNLXSSA,48,1561.0,6131.889583410826
2,750,13,GNNLXSSA,49,1575.0,6123.442521477373
2,750,13,GNNLXSSA,50,1589.0,6107.699378820667
2,750,13,GNNLXSSA,51,1603.0,6037.757618754469
2,750,13,GNNLXSSA,52,1617.0,6022.796174262243
2,750,13,GNNLXSSA,53,1630.0,5957.405013688782
2,750,13,GNNLXSSA,54,1643.0,5954.100327522741
2,750,13,GNNLXSSA,55,1656.0,5934.876836591655
2,750,13,GNNLXSSA,56,1670.0,5934.876836591655
2,750,13,GNNLXSSA,57,1684.0,5927.163436128489
2,750,13,GNNLXSSA,58,1698.0,5910.841891793883
2,750,13,GNNLXSSA,59,1712.0,5910.841891793883
2,750,13,GNNLXSSA,60,1725.0,5900.407712056462
2,750,13,GNNLXSSA,61,1738.0,5870.708012650095
2,750,13,GNNLXSSA,62,1752.0,5870.708012650095
2,750,13,GNNLXSSA,63,1766.0,5870.708012650095
2,750,13,GNNLXSSA,64,1780.0,5870.708012650095
2,750,13,GNNLXSSA,65,1794.0,5870.708012650095
2,750,13,GNNLXSSA,66,1807.0,5868.1675846586
2,750,13,GNNLXSSA,67,1821.0,5868.1675846586
2,750,13,GNNLXSSA,68,1835.0,5868.1675846586
2,750,13,GNNLXSSA,69,1848.0,5868.1675846586
2,750,13,GNNLXSSA,70,1861.0,5865.5331433481915
2,750,13,GNNLXSSA,71,1875.0,5865.5331433481915
2,750,13,GNNLXSSA,72,1889.0,5864.001888125858
2,750,13,GNNLXSSA,73,1903.0,5864.001888125858
2,750,13,GNNLXSSA,74,1917.0,5863.637348222088
2,750,13,GNNLXSSA,75,1931.0,5863.637348222088
2,750,13,GNNLXSSA,76,1945.0,5863.637348222088
2,750,13,GNNLXSSA,77,1959.0,5863.637348222088
2,750,13,GNNLXSSA,78,1972.0,5831.081690943189
2,750,13,GNNLXSSA,79,1985.0,5830.778474627019
2,750,13,GNNLXSSA,80,1999.0,5830.778474627019
2,750,13,GNNLXSSA,81,2013.0,5830.778474627019
2,750,13,GNNLXSSA,82,2027.0,5830.770820269965
2,750,13,GNNLXSSA,83,2041.0,5830.770820269965
2,750,13,GNNLXSSA,84,2054.0,5824.245812121771
2,750,13,GNNLXSSA,85,2068.0,5824.245812121771
2,750,13,GNNLXSSA,86,2081.0,5824.245812121771
2,750,13,GNNLXSSA,87,2095.0,5824.245812121771
2,750,13,GNNLXSSA,88,2108.0,5822.499538929427
2,750,13,GNNLXSSA,89,2122.0,5822.499538929427
2,750,13,GNNLXSSA,90,2135.0,5822.240417182911
2,750,13,GNNLXSSA,91,2149.0,5812.38707216944
2,750,13,GNNLXSSA,92,2163.0,5812.38656750424
2,750,13,GNNLXSSA,93,2176.0,5812.38656750424
2,750,13,GNNLXSSA,94,2188.0,5812.38656750424
2,750,13,GNNLXSSA,95,2201.0,5811.6610370749695
2,750,13,GNNLXSSA,96,2215.0,5806.343369542432
2,750,13,GNNLXSSA,97,2228.0,5806.341508653248
2,750,13,GNNLXSSA,98,2241.0,5805.113100119554
2,750,13,GNNLXSSA,99,2255.0,5799.829885666055
2,750,13,GNNLXSSA,100,2268.0,5798.7702776812075
2,750,13,LXSSA_REPAIR,0,30.0,7523.323996161176
2,750,13,LXSSA_REPAIR,1,90.0,7283.792509442748
2,750,13,LXSSA_REPAIR,2,150.0,7010.14487219751
2,750,13,LXSSA_REPAIR,3,210.0,6821.339261877292
2,750,13,LXSSA_REPAIR,4,270.0,6576.571203995954
2,750,13,LXSSA_REPAIR,5,330.0,6446.844921844546
2,750,13,LXSSA_REPAIR,6,390.0,6420.449265670788
2,750,13,LXSSA_REPAIR,7,450.0,6362.005671226572
2,750,13,LXSSA_REPAIR,8,510.0,6304.696102154667
2,750,13,LXSSA_REPAIR,9,570.0,6293.136857663987
2,750,13,LXSSA_REPAIR,10,630.0,6243.034480276328
2,750,13,LXSSA_REPAIR,11,690.0,6214.221488660391
2,750,13,LXSSA_REPAIR,12,750.0,6185.902140389771
2,750,13,LXSSA_REPAIR,13,810.0,6151.147698392735
2,750,13,LXSSA_REPAIR,14,870.0,6076.714309409974
2,750,13,LXSSA_REPAIR,15,930.0,6064.098884247171
2,750,13,LXSSA_REPAIR,16,990.0,6051.35434772494
2,750,13,LXSSA_REPAIR,17,1050.0,5986.210264659938
2,750,13,LXSSA_REPAIR,18,1110.0,5983.835497369204
2,750,13,LXSSA_REPAIR,19,1170.0,5902.843710090179
2,750,13,LXSSA_REPAIR,20,1230.0,5848.061829741666
2,750,13,LXSSA_REPAIR,21,1290.0,5824.446870975706
2,750,13,LXSSA_REPAIR,22,1350.0,5790.990968794438
2,750,13,LXSSA_REPAIR,23,1410.0,5731.243604355659
2,750,13,LXSSA_REPAIR,24,1470.0,5713.550460839979
2,750,13,LXSSA_REPAIR,25,1530.0,5701.566490781559
2,750,13,LXSSA_REPAIR,26,1590.0,5697.1164088540245
2,750,13,LXSSA_REPAIR,27,1650.0,5679.625194105123
2,750,13,LXSSA_REPAIR,28,1710.0,5659.492463261515
2,750,13,LXSSA_REPAIR,29,1770.0,5643.199156070237
2,750,13,LXSSA_REPAIR,30,1830.0,5602.119088443098
2,750,13,LXSSA_REPAIR,31,1890.0,5589.014688366442
2,750,13,LXSSA_REPAIR,32,1950.0,5584.658775812139
2,750,13,LXSSA_REPAIR,33,2010.0,5575.73673768797
2,750,13,LXSSA_REPAIR,34,2070.0,5527.971049863467
2,750,13,LXSSA_REPAIR,35,2130.0,5504.838032019827
2,750,13,LXSSA_REPAIR,36,2190.0,5481.1556860206765
2,750,13,LXSSA_REPAIR,37,2250.0,5449.215750208568
2,750,13,LXSSA_REPAIR,38,2310.0,5436.600107710008
2,750,13,LXSSA_REPAIR,39,2370.0,5408.9114367662405
2,750,13,LXSSA_REPAIR,40,2430.0,5392.055591208235
2,750,13,LXSSA_REPAIR,41,2490.0,5359.343087304187
2,750,13,LXSSA_REPAIR,42,2550.0,5342.378914781599
2,750,13,LXSSA_REPAIR,43,2610.0,5332.138933394555
2,750,13,LXSSA_REPAIR,44,2670.0,5320.5979990547785
2,750,13,LXSSA_REPAIR,45,2730.0,5312.446101362031
2,750,13,LXSSA_REPAIR,46,2790.0,5310.861772043645
2,750,13,LXSSA_REPAIR,47,2850.0,5277.796819512143
2,750,13,LXSSA_REPAIR,48,2910.0,5275.8972490068845
2,750,13,LXSSA_REPAIR,49,2970.0,5266.471010745707
2,750,13,LXSSA_REPAIR,50,3030.0,5258.784349720729
2,750,13,LXSSA_REPAIR,51,3090.0,5247.068038746576
2,750,13,LXSSA_REPAIR,52,3150.0,5238.781473836039
2,750,13,LXSSA_REPAIR,53,3210.0,5238.448215693024
2,750,13,LXSSA_REPAIR,54,3270.0,5237.2379646466725
2,750,13,LXSSA_REPAIR,55,3330.0,5235.666881392288
2,750,13,LXSSA_REPAIR,56,3390.0,5233.881577302505
2,750,13,LXSSA_REPAIR,57,3450.0,5228.790971242401
2,750,13,LXSSA_REPAIR,58,3510.0,5215.314517987601
2,750,13,LXSSA_REPAIR,59,3570.0,5211.274266563567
2,750,13,LXSSA_REPAIR,60,3630.0,5172.122343426003
2,750,13,LXSSA_REPAIR,61,3690.0,5171.497175710676
2,750,13,LXSSA_REPAIR,62,3750.0,5163.240103079785
2,750,13,LXSSA_REPAIR,63,3810.0,5158.373900271959
2,750,13,LXSSA_REPAIR,64,3870.0,5151.978159107464
2,750,13,LXSSA_REPAIR,65,3930.0,5142.8783749597715
2,750,13,LXSSA_REPAIR,66,3990.0,5142.813015352876
2,750,13,LXSSA_REPAIR,67,4050.0,5137.128285531013
2,750,13,LXSSA_REPAIR,68,4110.0,5131.188246391997
2,750,13,LXSSA_REPAIR,69,4170.0,5126.609556697222
2,750,13,LXSSA_REPAIR,70,4230.0,5125.486778618993
2,750,13,LXSSA_REPAIR,71,4290.0,5121.480818332551
2,750,13,LXSSA_REPAIR,72,4350.0,5113.600312467846
2,750,13,LXSSA_REPAIR,73,4410.0,5110.301571127326
2,750,13,LXSSA_REPAIR,74,4470.0,5104.4871856242535
2,750,13,LXSSA_REPAIR,75,4530.0,5099.756263560019
2,750,13,LXSSA_REPAIR,76,4590.0,5096.56327338345
2,750,13,LXSSA_REPAIR,77,4650.0,5094.759963639277
2,750,13,LXSSA_REPAIR,78,4710.0,5093.635661090113
2,750,13,LXSSA_REPAIR,79,4770.0,5091.597425576911
2,750,13,LXSSA_REPAIR,80,4830.0,5086.820872222066
2,750,13,LXSSA_REPAIR,81,4890.0,5083.394615484205
2,750,13,LXSSA_REPAIR,82,4950.0,5080.716343298962
2,750,13,LXSSA_REPAIR,83,5010.0,5078.175361694899
2,750,13,LXSSA_REPAIR,84,5070.0,5069.686010070007
2,750,13,LXSSA_REPAIR,85,5130.0,5066.327828503912
2,750,13,LXSSA_REPAIR,86,5190.0,5065.465921532108
2,750,13,LXSSA_REPAIR,87,5250.0,5062.693017713682
2,750,13,LXSSA_REPAIR,88,5310.0,5061.0598667798695
2,750,13,LXSSA_REPAIR,89,5370.0,5060.902895936539
2,750,13,LXSSA_REPAIR,90,5430.0,5060.4676411843975
2,750,13,LXSSA_REPAIR,91,5490.0,5059.956912740701
2,750,13,LXSSA_REPAIR,92,5550.0,5059.568430046311
2,750,13,LXSSA_REPAIR,93,5610.0,5059.55868627067
2,750,13,LXSSA_REPAIR,94,5670.0,5059.182638045328
2,750,13,LXSSA_REPAIR,95,5730.0,5058.587679067547
2,750,13,LXSSA_REPAIR,96,5790.0,5057.765500488713
2,750,13,LXSSA_REPAIR,97,5850.0,5055.790261896924
2,750,13,LXSSA_REPAIR,98,5910.0,5052.927338135574
2,750,13,LXSSA_REPAIR,99,5970.0,5046.796368103467
2,750,13,LXSSA_REPAIR,100,6030.0,5046.48245961027
2,750,14,GNNLXSSA,0,30.0,8793.010101677493
2,750,14,GNNLXSSA,1,980.0,8535.189712437576
2,750,14,GNNLXSSA,2,994.0,8461.063690781026
2,750,14,GNNLXSSA,3,1008.0,8461.063690781026
2,750,14,GNNLXSSA,4,1022.0,8461.063690781026
2,750,14,GNNLXSSA,5,1036.0,8348.84310267977
2,750,14,GNNLXSSA,6,1050.0,8259.155071536727
2,750,14,GNNLXSSA,7,1064.0,8259.155071536727
2,750,14,GNNLXSSA,8,1077.0,8181.18451482636
2,750,14,GNNLXSSA,9,1091.0,8088.2446415401355
2,750,14,GNNLXSSA,10,1105.0,8052.693674980939
2,750,14,GNNLXSSA,11,1118.0,8022.75611595127
2,750,14,GNNLXSSA,12,1131.0,8022.75611595127
2,750,14,GNNLXSSA,13,1145.0,8022.75611595127
2,750,14,GNNLXSSA,14,1159.0,8005.504475466361
2,750,14,GNNLXSSA,15,1172.0,7962.382075329238
2,750,14,GNNLXSSA,16,1186.0,7962.382075329238
2,750,14,GNNLXSSA,17,1200.0,7909.872826211911
2,750,14,GNNLXSSA,18,1213.0,7885.2611221580955
2,750,14,GNNLXSSA,19,1227.0,7840.13425240192
2,750,14,GNNLXSSA,20,1241.0,7840.13425240192
2,750,14,GNNLXSSA,21,1254.0,7840.13425240192
2,750,14,GNNLXSSA,22,1268.0,7840.13425240192
2,750,14,GNNLXSSA,23,1281.0,7827.518860791017
2,750,14,GNNLXSSA,24,1294.0,7675.652038343127
2,750,14,GNNLXSSA,25,1308.0,7675.652038343127
2,750,14,GNNLXSSA,26,1322.0,7656.29787029927
2,750,14,GNNLXSSA,27,1336.0,7571.030994793706
2,750,14,GNNLXSSA,28,1349.0,7571.030994793706
2,750,14,GNNLXSSA,29,1363.0,7571.030994793706
2,750,14,GNNLXSSA,30,1376.0,7571.030994793706
2,750,14,GNNLXSSA,31,1388.0,7571.030994793706
2,750,14,GNNLXSSA,32,1401.0,7571.030994793706
2,750,14,GNNLXSSA,33,1415.0,7571.030994793706
2,750,14,GNNLXSSA,34,1429.0,7562.3700628660445
2,750,14,GNNLXSSA,35,1443.0,7562.3700628660445
2,750,14,GNNLXSSA,36,1455.0,7562.3700628660445
2,750,14,GNNLXSSA,37,1469.0,7562.3700628660445
2,750,14,GNNLXSSA,38,1483.0,7562.3700628660445
2,750,14,GNNLXSSA,39,1495.0,7559.0343787202655
2,750,14,GNNLXSSA,40,1508.0,7559.0343787202655
2,750,14,GNNLXSSA,41,1522.0,7559.0343787202655
2,750,14,GNNLXSSA,42,1536.0,7559.0343787202655
2,750,14,GNNLXSSA,43,1549.0,7510.47442682815
2,750,14,GNNLXSSA,44,1562.0,7510.47442682815
2,750,14,GNNLXSSA,45,1575.0,7510.47442682815
2,750,14,GNNLXSSA,46,1588.0,7510.47442682815
2,750,14,GNNLXSSA,47,1602.0,7510.47442682815
2,750,14,GNNLXSSA,48,1616.0,7510.47442682815
2,750,14,GNNLXSSA,49,1628.0,7510.47442682815
2,750,14,GNNLXSSA,50,1642.0,7510.47442682815
2,750,14,GNNLXSSA,51,1656.0,7510.47442682815
2,750,14,GNNLXSSA,52,1669.0,7510.47442682815
2,750,14,GNNLXSSA,53,1683.0,7510.47442682815
2,750,14,GNNLXSSA,54,1697.0,7510.47442682815
2,750,14,GNNLXSSA,55,1711.0,7475.932187750448
2,750,14,GNNLXSSA,56,1724.0,7475.932187750448
2,750,14,GNNLXSSA,57,1738.0,7475.932187750448
2,750,14,GNNLXSSA,58,1752.0,7445.354735025161
2,750,14,GNNLXSSA,59,1766.0,7400.843434556853
2,750,14,GNNLXSSA,60,1780.0,7388.726574857472
2,750,14,GNNLXSSA,61,1794.0,7340.092931668587
2,750,14,GNNLXSSA,62,1808.0,7340.092931668587
2,750,14,GNNLXSSA,63,1821.0,7340.092931668587
2,750,14,GNNLXSSA,64,1835.0,7340.092931668587
2,750,14,GNNLXSSA,65,1848.0,7329.4835488223325
2,750,14,GNNLXSSA,66,1862.0,7329.4835488223325
2,750,14,GNNLXSSA,67,1876.0,7329.4835488223325
2,750,14,GNNLXSSA,68,1890.0,7329.4835488223325
2,750,14,GNNLXSSA,69,1904.0,7291.409303151217
2,750,14,GNNLXSSA,70,1918.0,7289.550525561885
2,750,14,GNNLXSSA,71,1931.0,7278.892530585159
2,750,14,GNNLXSSA,72,1945.0,7278.892530585159
2,750,14,GNNLXSSA,73,1959.0,7278.892530585159
2,750,14,GNNLXSSA,74,1973.0,7277.472048241114
2,750,14,GNNLXSSA,75,1987.0,7277.472048241114
2,750,14,GNNLXSSA,76,2001.0,7277.472048241114
2,750,14,GNNLXSSA,77,2015.0,7276.7740932463275
2,750,14,GNNLXSSA,78,2029.0,7274.541166665527
2,750,14,GNNLXSSA,79,2043.0,7271.148236866386
2,750,14,GNNLXSSA,80,2056.0,7270.615580724167
2,750,14,GNNLXSSA,81,2070.0,7270.615580724167
2,750,14,GNNLXSSA,82,2083.0,7266.472361146109
2,750,14,GNNLXSSA,83,2097.0,7232.309961870342
2,750,14,GNNLXSSA,84,2111.0,7232.309961870342
2,750,14,GNNLXSSA,85,2124.0,7232.309961870342
2,750,14,GNNLXSSA,86,2138.0,7219.145171671364
2,750,14,GNNLXSSA,87,2152.0,7212.155853495155
2,750,14,GNNLXSSA,88,2165.0,7212.155853495155
2,750,14,GNNLXSSA,89,2178.0,7185.306932822976
2,750,14,GNNLXSSA,90,2191.0,7185.292523545133
2,750,14,GNNLXSSA,91,2205.0,7185.2748721069
2,750,14,GNNLXSSA,92,2219.0,7184.757220128318
2,750,14,GNNLXSSA,93,2233.0,7184.685243487911
2,750,14,GNNLXSSA,94,2246.0,7184.46817626572
2,750,14,GNNLXSSA,95,2260.0,7184.465966589414
2,750,14,GNNLXSSA,96,2273.0,7184.465966589414
2,750,14,GNNLXSSA,97,2286.0,7184.4630956408655
2,750,14,GNNLXSSA,98,2299.0,7182.901260920567
2,750,14,GNNLXSSA,99,2313.0,7182.901260920567
2,750,14,GNNLXSSA,100,2325.0,7182.762995809637
2,750,14,LXSSA_REPAIR,0,30.0,8775.062203556547
2,750,14,LXSSA_REPAIR,1,90.0,8473.395764455061
2,750,14,LXSSA_REPAIR,2,150.0,8251.247753592688
2,750,14,LXSSA_REPAIR,3,210.0,7933.396156222363
2,750,14,LXSSA_REPAIR,4,270.0,7808.482663311057
2,750,14,LXSSA_REPAIR,5,330.0,7797.74861709978
2,750,14,LXSSA_REPAIR,6,390.0,7744.719695296713
2,750,14,LXSSA_REPAIR,7,450.0,7709.73800436069
2,750,14,LXSSA_REPAIR,8,510.0,7648.117108071754
2,750,14,LXSSA_REPAIR,9,570.0,7524.20802289914
2,750,14,LXSSA_REPAIR,10,630.0,7381.263909431385
2,750,14,LXSSA_REPAIR,11,690.0,7333.574981394595
2,750,14,LXSSA_REPAIR,12,750.0,7202.4378101413895
2,750,14,LXSSA_REPAIR,13,810.0,7156.323097898094
2,750,14,LXSSA_REPAIR,14,870.0,7151.494072225294
2,750,14,LXSSA_REPAIR,15,930.0,7147.828013874467
2,750,14,LXSSA_REPAIR,16,990.0,7136.316211508791
2,750,14,LXSSA_REPAIR,17,1050.0,7136.316211508791
2,750,14,LXSSA_REPAIR,18,1110.0,7133.797292472729
2,750,14,LXSSA_REPAIR,19,1170.0,7133.2384787015035
2,750,14,LXSSA_REPAIR,20,1230.0,7118.6146413559545
2,750,14,LXSSA_REPAIR,21,1290.0,7109.429116407897
2,750,14,LXSSA_REPAIR,22,1350.0,7095.746356484706
2,750,14,LXSSA_REPAIR,23,1410.0,7094.915985448366
2,750,14,LXSSA_REPAIR,24,1470.0,7039.248489702259
2,750,14,LXSSA_REPAIR,25,1530.0,7036.118263610588
2,750,14,LXSSA_REPAIR,26,1590.0,7031.656136893027
2,750,14,LXSSA_REPAIR,27,1650.0,7020.712070895446
2,750,14,LXSSA_REPAIR,28,1710.0,6999.957735985299
2,750,14,LXSSA_REPAIR,29,1770.0,6965.830610716388
2,750,14,LXSSA_REPAIR,30,1830.0,6901.485561361638
2,750,14,LXSSA_REPAIR,31,1890.0,6888.844166737057
2,750,14,LXSSA_REPAIR,32,1950.0,6881.933883338905
2,750,14,LXSSA_REPAIR,33,2010.0,6842.048094494836
2,750,14,LXSSA_REPAIR,34,2070.0,6812.685097630463
2,750,14,LXSSA_REPAIR,35,2130.0,6809.437699960436
2,750,14,LXSSA_REPAIR,36,2190.0,6803.771339227991
2,750,14,LXSSA_REPAIR,37,2250.0,6784.191425462501
2,750,14,LXSSA_REPAIR,38,2310.0,6783.119005679648
2,750,14,LXSSA_REPAIR,39,2370.0,6782.938518915937
2,750,14,LXSSA_REPAIR,40,2430.0,6777.238027363041
2,750,14,LXSSA_REPAIR,41,2490.0,6763.5106118546755
2,750,14,LXSSA_REPAIR,42,2550.0,6736.588130104305
2,750,14,LXSSA_REPAIR,43,2610.0,6729.763077897354
2,750,14,LXSSA_REPAIR,44,2670.0,6705.358396800431
2,750,14,LXSSA_REPAIR,45,2730.0,6699.994601823048
2,750,14,LXSSA_REPAIR,46,2790.0,6694.697265495597
2,750,14,LXSSA_REPAIR,47,2850.0,6657.00359034157
2,750,14,LXSSA_REPAIR,48,2910.0,6642.550296363916
2,750,14,LXSSA_REPAIR,49,2970.0,6607.526227443639
2,750,14,LXSSA_REPAIR,50,3030.0,6601.027845800163
2,750,14,LXSSA_REPAIR,51,3090.0,6589.767863060719
2,750,14,LXSSA_REPAIR,52,3150.0,6556.612650208379
2,750,14,LXSSA_REPAIR,53,3210.0,6548.633116021265
2,750,14,LXSSA_REPAIR,54,3270.0,6527.685910355613
2,750,14,LXSSA_REPAIR,55,3330.0,6522.702667408994
2,750,14,LXSSA_REPAIR,56,3390.0,6460.595966642337
2,750,14,LXSSA_REPAIR,57,3450.0,6431.877041227104
2,750,14,LXSSA_REPAIR,58,3510.0,6411.959002287353
2,750,14,LXSSA_REPAIR,59,3570.0,6408.091703858219
2,750,14,LXSSA_REPAIR,60,3630.0,6404.821039782291
2,750,14,LXSSA_REPAIR,61,3690.0,6379.099743499799
2,750,14,LXSSA_REPAIR,62,3750.0,6372.135181311147
2,750,14,LXSSA_REPAIR,63,3810.0,6367.386349457796
2,750,14,LXSSA_REPAIR,64,3870.0,6351.295689413433
2,750,14,LXSSA_REPAIR,65,3930.0,6348.988638525567
2,750,14,LXSSA_REPAIR,66,3990.0,6348.236808562062
2,750,14,LXSSA_REPAIR,67,4050.0,6336.156382268331
2,750,14,LXSSA_REPAIR,68,4110.0,6321.617920494347
2,750,14,LXSSA_REPAIR,69,4170.0,6295.02381590513
2,750,14,LXSSA_REPAIR,70,4230.0,6290.412163987152
2,750,14,LXSSA_REPAIR,71,4290.0,6286.5557237181565
2,750,14,LXSSA_REPAIR,72,4350.0,6272.87371479025
2,750,14,LXSSA_REPAIR,73,4410.0,6267.906790789333
2,750,14,LXSSA_REPAIR,74,4470.0,6255.194397702791
2,750,14,LXSSA_REPAIR,75,4530.0,6254.852348965993
2,750,14,LXSSA_REPAIR,76,4590.0,6253.545270101706
2,750,14,LXSSA_REPAIR,77,4650.0,6251.180523190909
2,750,14,LXSSA_REPAIR,78,4710.0,6248.588237005344
2,750,14,LXSSA_REPAIR,79,4770.0,6242.952977042318
2,750,14,LXSSA_REPAIR,80,4830.0,6234.287169094641
2,750,14,LXSSA_REPAIR,81,4890.0,6227.786798938192
2,750,14,LXSSA_REPAIR,82,4950.0,6227.469688844976
2,750,14,LXSSA_REPAIR,83,5010.0,6226.979814517188
2,750,14,LXSSA_REPAIR,84,5070.0,6226.35160465903
2,750,14,LXSSA_REPAIR,85,5130.0,6225.878436595638
2,750,14,LXSSA_REPAIR,86,5190.0,6225.181017203497
2,750,14,LXSSA_REPAIR,87,5250.0,6224.440350946563
2,750,14,LXSSA_REPAIR,88,5310.0,6224.0044154870775
2,750,14,LXSSA_REPAIR,89,5370.0,6223.5876796475495
2,750,14,LXSSA_REPAIR,90,5430.0,6222.353265931335
2,750,14,LXSSA_REPAIR,91,5490.0,6221.478737513389
2,750,14,LXSSA_REPAIR,92,5550.0,6221.038664169981
2,750,14,LXSSA_REPAIR,93,5610.0,6221.004570336983
2,750,14,LXSSA_REPAIR,94,5670.0,6220.9615976320565
2,750,14,LXSSA_REPAIR,95,5730.0,6220.856432042521
2,750,14,LXSSA_REPAIR,96,5790.0,6220.5818615944445
2,750,14,LXSSA_REPAIR,97,5850.0,6220.513364074119
2,750,14,LXSSA_REPAIR,98,5910.0,6220.485641550986
2,750,14,LXSSA_REPAIR,99,5970.0,6220.478116085709
2,750,14,LXSSA_REPAIR,100,6030.0,6220.472108665002
2,750,2,GNNLXSSA,0,30.0,3.4606251055911343
2,750,2,GNNLXSSA,1,212.0,1.3518412660578178
2,750,2,GNNLXSSA,2,226.0,1.2797913039630657
2,750,2,GNNLXSSA,3,238.0,1.2797913039630657
2,750,2,GNNLXSSA,4,252.0,1.237874984717564
2,750,2,GNNLXSSA,5,265.0,1.1903767740222975
2,750,2,GNNLXSSA,6,277.0,1.0935462567376817
2,750,2,GNNLXSSA,7,290.0,1.0122592253928815
2,750,2,GNNLXSSA,8,304.0,1.0122592253928815
2,750,2,GNNLXSSA,9,318.0,0.9343868418736747
2,750,2,GNNLXSSA,10,331.0,0.9343868418736747
2,750,2,GNNLXSSA,11,345.0,0.8336368467334978
2,750,2,GNNLXSSA,12,359.0,0.7779927141509688
2,750,2,GNNLXSSA,13,373.0,0.7302966345414461
2,750,2,GNNLXSSA,14,386.0,0.6910730359959416
2,750,2,GNNLXSSA,15,399.0,0.6732446447886105
2,750,2,GNNLXSSA,16,412.0,0.6732446447886105
2,750,2,GNNLXSSA,17,426.0,0.6310180721293364
2,750,2,GNNLXSSA,18,439.0,0.6207715727177856
2,750,2,GNNLXSSA,19,453.0,0.6207715727177856
2,750,2,GNNLXSSA,20,467.0,0.6207715727177856
2,750,2,GNNLXSSA,21,481.0,0.6091526296559095
2,750,2,GNNLXSSA,22,494.0,0.5967006083947126
2,750,2,GNNLXSSA,23,508.0,0.5920997126959264
2,750,2,GNNLXSSA,24,522.0,0.5920997126959264
2,750,2,GNNLXSSA,25,536.0,0.5878727551207703
2,750,2,GNNLXSSA,26,550.0,0.5820222116162768
2,750,2,GNNLXSSA,27,564.0,0.5691110019306507
2,750,2,GNNLXSSA,28,577.0,0.5689166484062298
2,750,2,GNNLXSSA,29,591.0,0.554888588168069
2,750,2,GNNLXSSA,30,605.0,0.554888588168069
2,750,2,GNNLXSSA,31,619.0,0.554888588168069
2,750,2,GNNLXSSA,32,633.0,0.554888588168069
2,750,2,GNNLXSSA,33,647.0,0.5326689777311913
2,750,2,GNNLXSSA,34,660.0,0.5326689777311913
2,750,2,GNNLXSSA,35,673.0,0.5326689777311913
2,750,2,GNNLXSSA,36,687.0,0.5150194954130711
2,750,2,GNNLXSSA,37,699.0,0.5110832757918615
2,750,2,GNNLXSSA,38,713.0,0.5110832757918615
2,750,2,GNNLXSSA,39,726.0,0.5110832757918615
2,750,2,GNNLXSSA,40,740.0,0.5110832757918615
2,750,2,GNNLXSSA,41,754.0,0.5110832757918615
2,750,2,GNNLXSSA,42,768.0,0.5032396479482486
2,750,2,GNNLXSSA,43,782.0,0.5032396479482486
2,750,2,GNNLXSSA,44,795.0,0.5032396479482486
2,750,2,GNNLXSSA,45,809.0,0.5032396479482486
2,750,2,GNNLXSSA,46,822.0,0.5032396479482486
2,750,2,GNNLXSSA,47,836.0,0.5032396479482486
2,750,2,GNNLXSSA,48,850.0,0.5032396479482486
2,750,2,GNNLXSSA,49,864.0,0.5032396479482486
2,750,2,GNNLXSSA,50,878.0,0.5032396479482486
2,750,2,GNNLXSSA,51,891.0,0.5032396479482486
2,750,2,GNNLXSSA,52,905.0,0.5032396479482486
2,750,2,GNNLXSSA,53,919.0,0.5032396479482486
2,750,2,GNNLXSSA,54,933.0,0.5032396479482486
2,750,2,GNNLXSSA,55,947.0,0.5032396479482486
2,750,2,GNNLXSSA,56,960.0,0.5032396479482486
2,750,2,GNNLXSSA,57,974.0,0.5032396479482486
2,750,2,GNNLXSSA,58,988.0,0.49966520701036643
2,750,2,GNNLXSSA,59,1002.0,0.49966520701036643
2,750,2,GNNLXSSA,60,1015.0,0.4970169488751708
2,750,2,GNNLXSSA,61,1029.0,0.4970169488751708
2,750,2,GNNLXSSA,62,1042.0,0.4970169488751708
2,750,2,GNNLXSSA,63,1056.0,0.4901911200440736
2,750,2,GNNLXSSA,64,1070.0,0.4898168419340436
2,750,2,GNNLXSSA,65,1084.0,0.4898168419340436
2,750,2,GNNLXSSA,66,1098.0,0.4898168419340436
2,750,2,GNNLXSSA,67,1111.0,0.4841948450130076
2,750,2,GNNLXSSA,68,1125.0,0.48412648987414286
2,750,2,GNNLXSSA,69,1138.0,0.48412648987414286
2,750,2,GNNLXSSA,70,1152.0,0.48412648987414286
2,750,2,GNNLXSSA,71,1166.0,0.48412648987414286
2,750,2,GNNLXSSA,72,1179.0,0.4841194324881144
2,750,2,GNNLXSSA,73,1193.0,0.4841194324881144
2,750,2,GNNLXSSA,74,1207.0,0.4841194324881144
2,750,2,GNNLXSSA,75,1221.0,0.484092668757512
2,750,2,GNNLXSSA,76,1234.0,0.484092668757512
2,750,2,GNNLXSSA,77,1247.0,0.484092668757512
2,750,2,GNNLXSSA,78,1261.0,0.484092668757512
2,750,2,GNNLXSSA,79,1275.0,0.4840103756805547
2,750,2,GNNLXSSA,80,1289.0,0.4840103756805547
2,750,2,GNNLXSSA,81,1303.0,0.4840103756805547
2,750,2,GNNLXSSA,82,1317.0,0.4840103756805547
2,750,2,GNNLXSSA,83,1330.0,0.481079762715126
2,750,2,GNNLXSSA,84,1343.0,0.4810769502664698
2,750,2,GNNLXSSA,85,1356.0,0.4810765308156988
2,750,2,GNNLXSSA,86,1369.0,0.4810054009521991
2,750,2,GNNLXSSA,87,1383.0,0.4810049796633393
2,750,2,GNNLXSSA,88,1397.0,0.4808365383942146
2,750,2,GNNLXSSA,89,1410.0,0.4808365383942146
2,750,2,GNNLXSSA,90,1424.0,0.4808365383942146
2,750,2,GNNLXSSA,91,1437.0,0.4808365383942146
2,750,2,GNNLXSSA,92,1451.0,0.4808365383942146
2,750,2,GNNLXSSA,93,1464.0,0.4808365383942146
2,750,2,GNNLXSSA,94,1478.0,0.48080810697592824
2,750,2,GNNLXSSA,95,1492.0,0.48080810697592824
2,750,2,GNNLXSSA,96,1506.0,0.48080810697592824
2,750,2,GNNLXSSA,97,1519.0,0.48080810697592824
2,750,2,GNNLXSSA,98,1532.0,0.48079208119179384
2,750,2,GNNLXSSA,99,1546.0,0.48079203836005036
2,750,2,GNNLXSSA,100,1559.0,0.48079203836005036
2,750,2,LXSSA_REPAIR,0,30.0,2.6942672143177333
2,750,2,LXSSA_REPAIR,1,90.0,0.8593198244680025
2,750,2,LXSSA_REPAIR,2,150.0,0.6498886041308651
2,750,2,LXSSA_REPAIR,3,210.0,0.6409014356277112
2,750,2,LXSSA_REPAIR,4,270.0,0.5794037948699042
2,750,2,LXSSA_REPAIR,5,330.0,0.5397449194524597
2,750,2,LXSSA_REPAIR,6,390.0,0.5139821594530076
2,750,2,LXSSA_REPAIR,7,450.0,0.49672393056971487
2,750,2,LXSSA_REPAIR,8,510.0,0.49057119955523376
2,750,2,LXSSA_REPAIR,9,570.0,0.4886926901926927
2,750,2,LXSSA_REPAIR,10,630.0,0.4826045236941354
2,750,2,LXSSA_REPAIR,11,690.0,0.4788588582568991
2,750,2,LXSSA_REPAIR,12,750.0,0.47859004521342285
2,750,2,LXSSA_REPAIR,13,810.0,0.47859004521342285
2,750,2,LXSSA_REPAIR,14,870.0,0.4770832472195252
2,750,2,LXSSA_REPAIR,15,930.0,0.4770832406666159
2,750,2,LXSSA_REPAIR,16,990.0,0.4752917901487308
2,750,2,LXSSA_REPAIR,17,1050.0,0.45504009925298305
2,750,2,LXSSA_REPAIR,18,1110.0,0.43745331950322
2,750,2,LXSSA_REPAIR,19,1170.0,0.4322512415365054
2,750,2,LXSSA_REPAIR,20,1230.0,0.42634699086102046
2,750,2,LXSSA_REPAIR,21,1290.0,0.4246780425610268
2,750,2,LXSSA_REPAIR,22,1350.0,0.421388352521717
2,750,2,LXSSA_REPAIR,23,1410.0,0.39784476998192986
2,750,2,LXSSA_REPAIR,24,1470.0,0.3950668685956771
2,750,2,LXSSA_REPAIR,25,1530.0,0.3920724259587587
2,750,2,LXSSA_REPAIR,26,1590.0,0.3911457286112636
2,750,2,LXSSA_REPAIR,27,1650.0,0.39009305568561103
2,750,2,LXSSA_REPAIR,28,1710.0,0.3893644119498276
2,750,2,LXSSA_REPAIR,29,1770.0,0.3888797462423099
2,750,2,LXSSA_REPAIR,30,1830.0,0.388529323480725
2,750,2,LXSSA_REPAIR,31,1890.0,0.38591044411077746
2,750,2,LXSSA_REPAIR,32,1950.0,0.3853513680269316
2,750,2,LXSSA_REPAIR,33,2010.0,0.3850170197110856
2,750,2,LXSSA_REPAIR,34,2070.0,0.38492020758894796
2,750,2,LXSSA_REPAIR,35,2130.0,0.38492020758894796
2,750,2,LXSSA_REPAIR,36,2190.0,0.38492020758894796
2,750,2,LXSSA_REPAIR,37,2250.0,0.38491846669967344
2,750,2,LXSSA_REPAIR,38,2310.0,0.38491846669967344
2,750,2,LXSSA_REPAIR,39,2370.0,0.3849077677605237
2,750,2,LXSSA_REPAIR,40,2430.0,0.38474005532862066
2,750,2,LXSSA_REPAIR,41,2490.0,0.3847381502537246
2,750,2,LXSSA_REPAIR,42,2550.0,0.384735039530824
2,750,2,LXSSA_REPAIR,43,2610.0,0.38473390589115297
2,750,2,LXSSA_REPAIR,44,2670.0,0.3846909602507367
2,750,2,LXSSA_REPAIR,45,2730.0,0.3846909602507367
2,750,2,LXSSA_REPAIR,46,2790.0,0.3846909602507367
2,750,2,LXSSA_REPAIR,47,2850.0,0.3846906088083415
2,750,2,LXSSA_REPAIR,48,2910.0,0.3846904481888487
2,750,2,LXSSA_REPAIR,49,2970.0,0.3846897776966216
2,750,2,LXSSA_REPAIR,50,3030.0,0.3846896611021293
2,750,2,LXSSA_REPAIR,51,3090.0,0.3846867150177786
2,750,2,LXSSA_REPAIR,52,3150.0,0.3846859048499027
2,750,2,LXSSA_REPAIR,53,3210.0,0.38468449261199567
2,750,2,LXSSA_REPAIR,54,3270.0,0.3846844721592788
2,750,2,LXSSA_REPAIR,55,3330.0,0.38468429905333323
2,750,2,LXSSA_REPAIR,56,3390.0,0.3846842894317888
2,750,2,LXSSA_REPAIR,57,3450.0,0.3846842894317888
2,750,2,LXSSA_REPAIR,58,3510.0,0.38468422029654903
2,750,2,LXSSA_REPAIR,59,3570.0,0.3846842099874266
2,750,2,LXSSA_REPAIR,60,3630.0,0.38468397916312824
2,750,2,LXSSA_REPAIR,61,3690.0,0.38468390797061147
2,750,2,LXSSA_REPAIR,62,3750.0,0.38468389735135133
2,750,2,LXSSA_REPAIR,63,3810.0,0.38468389719764673
2,750,2,LXSSA_REPAIR,64,3870.0,0.38468385402029526
2,750,2,LXSSA_REPAIR,65,3930.0,0.384683836208751
2,750,2,LXSSA_REPAIR,66,3990.0,0.3846838360877882
2,750,2,LXSSA_REPAIR,67,4050.0,0.3846838360877882
2,750,2,LXSSA_REPAIR,68,4110.0,0.3846838360877882
2,750,2,LXSSA_REPAIR,69,4170.0,0.3846838360877882
2,750,2,LXSSA_REPAIR,70,4230.0,0.3846838360877882
2,750,2,LXSSA_REPAIR,71,4290.0,0.3846838356284934
2,750,2,LXSSA_REPAIR,72,4350.0,0.3846838280969678
2,750,2,LXSSA_REPAIR,73,4410.0,0.3846838254339673
2,750,2,LXSSA_REPAIR,74,4470.0,0.3846838082099566
2,750,2,LXSSA_REPAIR,75,4530.0,0.3846838082099566
2,750,2,LXSSA_REPAIR,76,4590.0,0.3846837916471486
2,750,2,LXSSA_REPAIR,77,4650.0,0.38468377936897014
2,750,2,LXSSA_REPAIR,78,4710.0,0.3846837777828114
2,750,2,LXSSA_REPAIR,79,4770.0,0.3846837777828114
2,750,2,LXSSA_REPAIR,80,4830.0,0.38468377593380865
2,750,2,LXSSA_REPAIR,81,4890.0,0.38468377461140335
2,750,2,LXSSA_REPAIR,82,4950.0,0.38468377122626407
2,750,2,LXSSA_REPAIR,83,5010.0,0.3846837705032158
2,750,2,LXSSA_REPAIR,84,5070.0,0.38468377025128575
2,750,2,LXSSA_REPAIR,85,5130.0,0.384683770205811
2,750,2,LXSSA_REPAIR,86,5190.0,0.384683770205811
2,750,2,LXSSA_REPAIR,87,5250.0,0.38468376968376106
2,750,2,LXSSA_REPAIR,88,5310.0,0.38468376956734573
2,750,2,LXSSA_REPAIR,89,5370.0,0.38468376932542014
2,750,2,LXSSA_REPAIR,90,5430.0,0.3846837692817644
2,750,2,LXSSA_REPAIR,91,5490.0,0.3846837692781264
2,750,2,LXSSA_REPAIR,92,5550.0,0.38468376927266945
2,750,2,LXSSA_REPAIR,93,5610.0,0.3846837692653935
2,750,2,LXSSA_REPAIR,94,5670.0,0.3846837692472036
2,750,2,LXSSA_REPAIR,95,5730.0,0.3846837692144618
2,750,2,LXSSA_REPAIR,96,5790.0,0.3846837692144618
2,750,2,LXSSA_REPAIR,97,5850.0,0.38468376920536684
2,750,2,LXSSA_REPAIR,98,5910.0,0.38468376920354785
2,750,2,LXSSA_REPAIR,99,5970.0,0.3846837691935434
2,750,2,LXSSA_REPAIR,100,6030.0,0.38468376919081493
2,750,3,GNNLXSSA,0,30.0,64.39679821243044
2,750,3,GNNLXSSA,1,275.0,28.9157215033174
2,750,3,GNNLXSSA,2,288.0,25.59391943720766
2,750,3,GNNLXSSA,3,302.0,23.01976142872627
2,750,3,GNNLXSSA,4,314.0,21.663248243577982
2,750,3,GNNLXSSA,5,326.0,21.20928313832883
2,750,3,GNNLXSSA,6,340.0,19.98052553628986
2,750,3,GNNLXSSA,7,353.0,19.226437256424106
2,750,3,GNNLXSSA,8,366.0,18.996531819437223
2,750,3,GNNLXSSA,9,380.0,18.521090716354593
2,750,3,GNNLXSSA,10,394.0,17.526381275245512
2,750,3,GNNLXSSA,11,407.0,17.526381275245512
2,750,3,GNNLXSSA,12,420.0,17.291316431039377
2,750,3,GNNLXSSA,13,433.0,17.10266697172483
2,750,3,GNNLXSSA,14,446.0,16.49130045086895
2,750,3,GNNLXSSA,15,460.0,16.06617657071365
2,750,3,GNNLXSSA,16,473.0,16.06617657071365
2,750,3,GNNLXSSA,17,487.0,16.06617657071365
2,750,3,GNNLXSSA,18,500.0,16.04524865802341
2,750,3,GNNLXSSA,19,514.0,16.04524865802341
2,750,3,GNNLXSSA,20,526.0,16.04524865802341
2,750,3,GNNLXSSA,21,539.0,16.04524865802341
2,750,3,GNNLXSSA,22,553.0,15.462270410658675
2,750,3,GNNLXSSA,23,567.0,15.462270410658675
2,750,3,GNNLXSSA,24,581.0,15.146277670713971
2,750,3,GNNLXSSA,25,595.0,15.146277670713971
2,750,3,GNNLXSSA,26,609.0,15.146277670713971
2,750,3,GNNLXSSA,27,622.0,15.146277670713971
2,750,3,GNNLXSSA,28,634.0,15.146277670713971
2,750,3,GNNLXSSA,29,648.0,14.935092910985986
2,750,3,GNNLXSSA,30,662.0,14.935092910985986
2,750,3,GNNLXSSA,31,676.0,14.935092910985986
2,750,3,GNNLXSSA,32,689.0,14.935092910985986
2,750,3,GNNLXSSA,33,703.0,14.935092910985986
2,750,3,GNNLXSSA,34,717.0,14.935092910985986
2,750,3,GNNLXSSA,35,731.0,14.935092910985986
2,750,3,GNNLXSSA,36,745.0,14.935092910985986
2,750,3,GNNLXSSA,37,759.0,14.935092910985986
2,750,3,GNNLXSSA,38,772.0,14.935092910985986
2,750,3,GNNLXSSA,39,786.0,14.935092910985986
2,750,3,GNNLXSSA,40,800.0,14.935092910985986
2,750,3,GNNLXSSA,41,814.0,14.935092910985986
2,750,3,GNNLXSSA,42,827.0,14.935092910985986
2,750,3,GNNLXSSA,43,841.0,14.580155211933743
2,750,3,GNNLXSSA,44,855.0,14.486579577664088
2,750,3,GNNLXSSA,45,868.0,14.486579577664088
2,750,3,GNNLXSSA,46,882.0,14.486579577664088
2,750,3,GNNLXSSA,47,896.0,14.17096431878781
2,750,3,GNNLXSSA,48,910.0,14.066300985370617
2,750,3,GNNLXSSA,49,923.0,14.066300985370617
2,750,3,GNNLXSSA,50,936.0,14.066300985370617
2,750,3,GNNLXSSA,51,950.0,14.066300985370617
2,750,3,GNNLXSSA,52,964.0,14.066300985370617
2,750,3,GNNLXSSA,53,978.0,14.066300985370617
2,750,3,GNNLXSSA,54,992.0,14.066300985370617
2,750,3,GNNLXSSA,55,1006.0,14.066300985370617
2,750,3,GNNLXSSA,56,1018.0,14.066300985370617
2,750,3,GNNLXSSA,57,1032.0,14.066300985370617
2,750,3,GNNLXSSA,58,1046.0,14.066300985370617
2,750,3,GNNLXSSA,59,1060.0,14.04044250656807
2,750,3,GNNLXSSA,60,1074.0,14.04044250656807
2,750,3,GNNLXSSA,61,1088.0,14.04044250656807
2,750,3,GNNLXSSA,62,1102.0,14.04044250656807
2,750,3,GNNLXSSA,63,1116.0,14.04044250656807
2,750,3,GNNLXSSA,64,1129.0,14.04044250656807
2,750,3,GNNLXSSA,65,1143.0,14.02458392387598
2,750,3,GNNLXSSA,66,1156.0,14.023446584693374
2,750,3,GNNLXSSA,67,1170.0,14.017847668979812
2,750,3,GNNLXSSA,68,1184.0,13.948900654728277
2,750,3,GNNLXSSA,69,1198.0,13.948900654728277
2,750,3,GNNLXSSA,70,1212.0,13.944087925185158
2,750,3,GNNLXSSA,71,1224.0,13.944087925185158
2,750,3,GNNLXSSA,72,1238.0,13.944087925185158
2,750,3,GNNLXSSA,73,1252.0,13.944087925185158
2,750,3,GNNLXSSA,74,1266.0,13.944087925185158
2,750,3,GNNLXSSA,75,1279.0,13.941282362722632
2,750,3,GNNLXSSA,76,1292.0,13.941282362722632
2,750,3,GNNLXSSA,77,1306.0,13.941282362722632
2,750,3,GNNLXSSA,78,1320.0,13.941282362722632
2,750,3,GNNLXSSA,79,1333.0,13.941282362722632
2,750,3,GNNLXSSA,80,1345.0,13.930780585094908
2,750,3,GNNLXSSA,81,1358.0,13.807282331672468
2,750,3,GNNLXSSA,82,1372.0,13.705468854939681
2,750,3,GNNLXSSA,83,1386.0,13.705468854939681
2,750,3,GNNLXSSA,84,1399.0,13.705468854939681
2,750,3,GNNLXSSA,85,1413.0,13.70543739356981
2,750,3,GNNLXSSA,86,1426.0,13.691559931650772
2,750,3,GNNLXSSA,87,1439.0,13.69131714883224
2,750,3,GNNLXSSA,88,1453.0,13.660992146304125
2,750,3,GNNLXSSA,89,1467.0,13.634137983817709
2,750,3,GNNLXSSA,90,1481.0,13.634137983817709
2,750,3,GNNLXSSA,91,1494.0,13.579825406617601
2,750,3,GNNLXSSA,92,1506.0,13.56332805148486
2,750,3,GNNLXSSA,93,1520.0,13.56332805148486
2,750,3,GNNLXSSA,94,1534.0,13.560846964133816
2,750,3,GNNLXSSA,95,1548.0,13.546911568784708
2,750,3,GNNLXSSA,96,1561.0,13.542566398036797
2,750,3,GNNLXSSA,97,1575.0,13.54009904976192
2,750,3,GNNLXSSA,98,1587.0,13.539866172121037
2,750,3,GNNLXSSA,99,1601.0,13.539852596544733
2,750,3,GNNLXSSA,100,1615.0,13.539852596544733
2,750,3,LXSSA_REPAIR,0,30.0,56.882051669490465
2,750,3,LXSSA_REPAIR,1,90.0,38.625847693136166
2,750,3,LXSSA_REPAIR,2,150.0,32.008903234698664
2,750,3,LXSSA_REPAIR,3,210.0,24.836887972693148
2,750,3,LXSSA_REPAIR,4,270.0,23.511908963024325
2,750,3,LXSSA_REPAIR,5,330.0,21.021825380457813
2,750,3,LXSSA_REPAIR,6,390.0,19.238749340463983
2,750,3,LXSSA_REPAIR,7,450.0,18.455718808985694
2,750,3,LXSSA_REPAIR,8,510.0,18.383472980727674
2,750,3,LXSSA_REPAIR,9,570.0,18.08541972368039
2,750,3,LXSSA_REPAIR,10,630.0,17.153689063043203
2,750,3,LXSSA_REPAIR,11,690.0,17.021779515376693
2,750,3,LXSSA_REPAIR,12,750.0,15.99045749483048
2,750,3,LXSSA_REPAIR,13,810.0,15.99045749483048
2,750,3,LXSSA_REPAIR,14,870.0,15.99045749483048
2,750,3,LXSSA_REPAIR,15,930.0,15.70050747680034
2,750,3,LXSSA_REPAIR,16,990.0,15.70050747680034
2,750,3,LXSSA_REPAIR,17,1050.0,15.658137617352622
2,750,3,LXSSA_REPAIR,18,1110.0,15.546296819922645
2,750,3,LXSSA_REPAIR,19,1170.0,15.454638795805295
2,750,3,LXSSA_REPAIR,20,1230.0,15.40337145763624
2,750,3,LXSSA_REPAIR,21,1290.0,14.989751213797717
2,750,3,LXSSA_REPAIR,22,1350.0,14.909770615311572
2,750,3,LXSSA_REPAIR,23,1410.0,14.811885069530035
2,750,3,LXSSA_REPAIR,24,1470.0,14.811885069530035
2,750,3,LXSSA_REPAIR,25,1530.0,14.811885069530035
2,750,3,LXSSA_REPAIR,26,1590.0,14.722776767068353
2,750,3,LXSSA_REPAIR,27,1650.0,14.674769068396927
2,750,3,LXSSA_REPAIR,28,1710.0,14.490849889267338
2,750,3,LXSSA_REPAIR,29,1770.0,14.376559887123221
2,750,3,LXSSA_REPAIR,30,1830.0,14.191491028988821
2,750,3,LXSSA_REPAIR,31,1890.0,13.367002597460669
2,750,3,LXSSA_REPAIR,32,1950.0,13.367002597460669
2,750,3,LXSSA_REPAIR,33,2010.0,13.334426090726993
2,750,3,LXSSA_REPAIR,34,2070.0,13.280463691615296
2,750,3,LXSSA_REPAIR,35,2130.0,13.077555376354212
2,750,3,LXSSA_REPAIR,36,2190.0,12.854588341850103
2,750,3,LXSSA_REPAIR,37,2250.0,12.85434753109621
2,750,3,LXSSA_REPAIR,38,2310.0,12.852848744312723
2,750,3,LXSSA_REPAIR,39,2370.0,12.722303393135007
2,750,3,LXSSA_REPAIR,40,2430.0,12.617970063525718
2,750,3,LXSSA_REPAIR,41,2490.0,12.532327892920875
2,750,3,LXSSA_REPAIR,42,2550.0,12.358493850329978
2,750,3,LXSSA_REPAIR,43,2610.0,12.358493850329978
2,750,3,LXSSA_REPAIR,44,2670.0,12.295642359771591
2,750,3,LXSSA_REPAIR,45,2730.0,12.202412673201252
2,750,3,LXSSA_REPAIR,46,2790.0,12.201911680112971
2,750,3,LXSSA_REPAIR,47,2850.0,12.201724950899006
2,750,3,LXSSA_REPAIR,48,2910.0,12.201724950899006
2,750,3,LXSSA_REPAIR,49,2970.0,12.201589772872467
2,750,3,LXSSA_REPAIR,50,3030.0,12.200558696462394
2,750,3,LXSSA_REPAIR,51,3090.0,12.197980517814358
2,750,3,LXSSA_REPAIR,52,3150.0,12.197399248321744
2,750,3,LXSSA_REPAIR,53,3210.0,12.197026667608952
2,750,3,LXSSA_REPAIR,54,3270.0,12.196716543903676
2,750,3,LXSSA_REPAIR,55,3330.0,12.196705686483256
2,750,3,LXSSA_REPAIR,56,3390.0,12.196451458223237
2,750,3,LXSSA_REPAIR,57,3450.0,12.196379153663656
2,750,3,LXSSA_REPAIR,58,3510.0,12.196107633371867
2,750,3,LXSSA_REPAIR,59,3570.0,12.195989650990668
2,750,3,LXSSA_REPAIR,60,3630.0,12.195144048213479
2,750,3,LXSSA_REPAIR,61,3690.0,12.193450351691354
2,750,3,LXSSA_REPAIR,62,3750.0,12.192740717895504
2,750,3,LXSSA_REPAIR,63,3810.0,12.192387248423984
2,750,3,LXSSA_REPAIR,64,3870.0,12.190780869281298
2,750,3,LXSSA_REPAIR,65,3930.0,12.189855241229452
2,750,3,LXSSA_REPAIR,66,3990.0,12.189695007764385
2,750,3,LXSSA_REPAIR,67,4050.0,12.189190471915936
2,750,3,LXSSA_REPAIR,68,4110.0,12.188911839315551
2,750,3,LXSSA_REPAIR,69,4170.0,12.188911839315551
2,750,3,LXSSA_REPAIR,70,4230.0,12.188911839315551
2,750,3,LXSSA_REPAIR,71,4290.0,12.188847040875771
2,750,3,LXSSA_REPAIR,72,4350.0,12.188695331202325
2,750,3,LXSSA_REPAIR,73,4410.0,12.188669682864202
2,750,3,LXSSA_REPAIR,74,4470.0,12.188627911467847
2,750,3,LXSSA_REPAIR,75,4530.0,12.188527595579217
2,750,3,LXSSA_REPAIR,76,4590.0,12.177886418394337
2,750,3,LXSSA_REPAIR,77,4650.0,12.175592701256392
2,750,3,LXSSA_REPAIR,78,4710.0,12.162250618623148
2,750,3,LXSSA_REPAIR,79,4770.0,12.147498191288832
2,750,3,LXSSA_REPAIR,80,4830.0,12.12864705447464
2,750,3,LXSSA_REPAIR,81,4890.0,12.117140293607008
2,750,3,LXSSA_REPAIR,82,4950.0,12.109470878749562
2,750,3,LXSSA_REPAIR,83,5010.0,12.091728539786345
2,750,3,LXSSA_REPAIR,84,5070.0,12.088239815462657
2,750,3,LXSSA_REPAIR,85,5130.0,12.079991427719506
2,750,3,LXSSA_REPAIR,86,5190.0,12.066122779799116
2,750,3,LXSSA_REPAIR,87,5250.0,12.04170224414338
2,750,3,LXSSA_REPAIR,88,5310.0,12.039179278563097
2,750,3,LXSSA_REPAIR,89,5370.0,12.03645871945264
2,750,3,LXSSA_REPAIR,90,5430.0,12.031141959780143
2,750,3,LXSSA_REPAIR,91,5490.0,12.024676528513737
2,750,3,LXSSA_REPAIR,92,5550.0,12.01956168932702
2,750,3,LXSSA_REPAIR,93,5610.0,12.018341570594202
2,750,3,LXSSA_REPAIR,94,5670.0,12.01617338144024
2,750,3,LXSSA_REPAIR,95,5730.0,12.013123794065905
2,750,3,LXSSA_REPAIR,96,5790.0,12.008456417785055
2,750,3,LXSSA_REPAIR,97,5850.0,12.00799955511684
2,750,3,LXSSA_REPAIR,98,5910.0,12.007625904416273
2,750,3,LXSSA_REPAIR,99,5970.0,12.006780246352719
2,750,3,LXSSA_REPAIR,100,6030.0,12.005737613344536
2,750,4,GNNLXSSA,0,30.0,210.7643583156423
2,750,4,GNNLXSSA,1,340.0,131.38250197974048
2,750,4,GNNLXSSA,2,354.0,121.398221883519
2,750,4,GNNLXSSA,3,367.0,118.83726073104845
2,750,4,GNNLXSSA,4,380.0,105.70531246464634
2,750,4,GNNLXSSA,5,393.0,103.45437972839682
2,750,4,GNNLXSSA,6,406.0,101.06848114843342
2,750,4,GNNLXSSA,7,419.0,98.98535556121715
2,750,4,GNNLXSSA,8,432.0,98.98535556121715
2,750,4,GNNLXSSA,9,446.0,97.41953355720761
2,750,4,GNNLXSSA,10,458.0,89.18318609435119
2,750,4,GNNLXSSA,11,472.0,89.00846153462953
2,750,4,GNNLXSSA,12,485.0,89.00846153462953
2,750,4,GNNLXSSA,13,499.0,89.00846153462953
2,750,4,GNNLXSSA,14,513.0,88.38780327381028
2,750,4,GNNLXSSA,15,526.0,87.00303000471831
2,750,4,GNNLXSSA,16,539.0,85.68654911502199
2,750,4,GNNLXSSA,17,553.0,84.96937460774097
2,750,4,GNNLXSSA,18,567.0,84.23065241142103
2,750,4,GNNLXSSA,19,581.0,83.26853488524102
2,750,4,GNNLXSSA,20,595.0,83.26853488524102
2,750,4,GNNLXSSA,21,608.0,80.74133929768504
2,750,4,GNNLXSSA,22,622.0,80.07940274019347
2,750,4,GNNLXSSA,23,635.0,80.07940274019347
2,750,4,GNNLXSSA,24,649.0,80.07940274019347
2,750,4,GNNLXSSA,25,663.0,77.43363154901817
2,750,4,GNNLXSSA,26,676.0,76.95871161302603
2,750,4,GNNLXSSA,27,689.0,76.95871161302603
2,750,4,GNNLXSSA,28,703.0,75.7606206477285
2,750,4,GNNLXSSA,29,716.0,75.11340293682224
2,750,4,GNNLXSSA,30,730.0,75.11340293682224
2,750,4,GNNLXSSA,31,743.0,75.11340293682224
2,750,4,GNNLXSSA,32,756.0,75.11340293682224
2,750,4,GNNLXSSA,33,770.0,74.01641419404586
2,750,4,GNNLXSSA,34,783.0,73.48571263260783
2,750,4,GNNLXSSA,35,797.0,73.48571263260783
2,750,4,GNNLXSSA,36,811.0,73.48571263260783
2,750,4,GNNLXSSA,37,824.0,73.48571263260783
2,750,4,GNNLXSSA,38,838.0,71.36986830142268
2,750,4,GNNLXSSA,39,852.0,71.03437471058533
2,750,4,GNNLXSSA,40,865.0,71.03437471058533
2,750,4,GNNLXSSA,41,878.0,71.03437471058533
2,750,4,GNNLXSSA,42,891.0,70.97150794006302
2,750,4,GNNLXSSA,43,904.0,70.94504874072663
2,750,4,GNNLXSSA,44,917.0,70.94504874072663
2,750,4,GNNLXSSA,45,930.0,70.94504874072663
2,750,4,GNNLXSSA,46,944.0,70.12717361714385
2,750,4,GNNLXSSA,47,958.0,69.98743561081028
2,750,4,GNNLXSSA,48,972.0,69.98743561081028
2,750,4,GNNLXSSA,49,986.0,69.98743561081028
2,750,4,GNNLXSSA,50,1000.0,68.95394570947428
2,750,4,GNNLXSSA,51,1013.0,68.95394570947428
2,750,4,GNNLXSSA,52,1027.0,68.30781032753475
2,750,4,GNNLXSSA,53,1041.0,68.30781032753475
2,750,4,GNNLXSSA,54,1055.0,68.30781032753475
2,750,4,GNNLXSSA,55,1068.0,68.30781032753475
2,750,4,GNNLXSSA,56,1081.0,67.85970009356242
2,750,4,GNNLXSSA,57,1095.0,67.85970009356242
2,750,4,GNNLXSSA,58,1109.0,67.85970009356242
2,750,4,GNNLXSSA,59,1123.0,67.85970009356242
2,750,4,GNNLXSSA,60,1136.0,67.85970009356242
2,750,4,GNNLXSSA,61,1150.0,67.85970009356242
2,750,4,GNNLXSSA,62,1163.0,67.85970009356242
2,750,4,GNNLXSSA,63,1177.0,67.85970009356242
2,750,4,GNNLXSSA,64,1191.0,67.84942590200444
2,750,4,GNNLXSSA,65,1205.0,67.44111843283827
2,750,4,GNNLXSSA,66,1218.0,67.13708300058897
2,750,4,GNNLXSSA,67,1231.0,67.07622501842343
2,750,4,GNNLXSSA,68,1243.0,66.93975471298654
2,750,4,GNNLXSSA,69,1257.0,66.72350684387857
2,750,4,GNNLXSSA,70,1271.0,66.70764505004263
2,750,4,GNNLXSSA,71,1284.0,66.67612597164589
2,750,4,GNNLXSSA,72,1298.0,66.67612597164589
2,750,4,GNNLXSSA,73,1310.0,66.61529756996424
2,750,4,GNNLXSSA,74,1324.0,66.61529756996424
2,750,4,GNNLXSSA,75,1338.0,66.61529756996424
2,750,4,GNNLXSSA,76,1351.0,66.60972986088927
2,750,4,GNNLXSSA,77,1364.0,66.60223551342278
2,750,4,GNNLXSSA,78,1378.0,66.60223551342278
2,750,4,GNNLXSSA,79,1392.0,66.59636631513058
2,750,4,GNNLXSSA,80,1405.0,66.50707205375875
2,750,4,GNNLXSSA,81,1419.0,66.50614755090646
2,750,4,GNNLXSSA,82,1433.0,66.50614755090646
2,750,4,GNNLXSSA,83,1447.0,66.49297727506928
2,750,4,GNNLXSSA,84,1460.0,66.34711851569955
2,750,4,GNNLXSSA,85,1474.0,66.34683027211213
2,750,4,GNNLXSSA,86,1488.0,66.34683027211213
2,750,4,GNNLXSSA,87,1502.0,66.20699003981099
2,750,4,GNNLXSSA,88,1516.0,66.20699003981099
2,750,4,GNNLXSSA,89,1530.0,66.20699003981099
2,750,4,GNNLXSSA,90,1543.0,66.17778232191267
2,750,4,GNNLXSSA,91,1556.0,66.17778232191267
2,750,4,GNNLXSSA,92,1569.0,66.11218747892781
2,750,4,GNNLXSSA,93,1582.0,66.09160860845623
2,750,4,GNNLXSSA,94,1596.0,66.09160860845623
2,750,4,GNNLXSSA,95,1610.0,66.08315171339018
2,750,4,GNNLXSSA,96,1623.0,66.08315171339018
2,750,4,GNNLXSSA,97,1637.0,66.08315171339018
2,750,4,GNNLXSSA,98,1650.0,66.08315171339018
2,750,4,GNNLXSSA,99,1663.0,66.07576883576439
2,750,4,GNNLXSSA,100,1677.0,66.07576731439985
2,750,4,LXSSA_REPAIR,0,30.0,230.41419069880067
2,750,4,LXSSA_REPAIR,1,90.0,161.94548695921912
2,750,4,LXSSA_REPAIR,2,150.0,128.7741219861291
2,750,4,LXSSA_REPAIR,3,210.0,116.58217964749383
2,750,4,LXSSA_REPAIR,4,270.0,107.77253313364236
2,750,4,LXSSA_REPAIR,5,330.0,99.2510728556208
2,750,4,LXSSA_REPAIR,6,390.0,93.76454571080103
2,750,4,LXSSA_REPAIR,7,450.0,88.3475233466852
2,750,4,LXSSA_REPAIR,8,510.0,86.9575467688046
2,750,4,LXSSA_REPAIR,9,570.0,82.95271010946453
2,750,4,LXSSA_REPAIR,10,630.0,82.74734704568073
2,750,4,LXSSA_REPAIR,11,690.0,80.46480522729325
2,750,4,LXSSA_REPAIR,12,750.0,80.32498492312152
2,750,4,LXSSA_REPAIR,13,810.0,78.7093471475655
2,750,4,LXSSA_REPAIR,14,870.0,78.66759524775989
2,750,4,LXSSA_REPAIR,15,930.0,78.56364586390555
2,750,4,LXSSA_REPAIR,16,990.0,78.56364586390555
2,750,4,LXSSA_REPAIR,17,1050.0,77.03139487527551
2,750,4,LXSSA_REPAIR,18,1110.0,76.97377575371502
2,750,4,LXSSA_REPAIR,19,1170.0,75.56580319568457
2,750,4,LXSSA_REPAIR,20,1230.0,74.70732656958353
2,750,4,LXSSA_REPAIR,21,1290.0,74.69572956247794
2,750,4,LXSSA_REPAIR,22,1350.0,73.94743549022678
2,750,4,LXSSA_REPAIR,23,1410.0,73.77055152633875
2,750,4,LXSSA_REPAIR,24,1470.0,73.75181625831829
2,750,4,LXSSA_REPAIR,25,1530.0,72.29387890327598
2,750,4,LXSSA_REPAIR,26,1590.0,72.22691069617758
2,750,4,LXSSA_REPAIR,27,1650.0,72.13614499750474
2,750,4,LXSSA_REPAIR,28,1710.0,71.59315020670329
2,750,4,LXSSA_REPAIR,29,1770.0,70.89781457052413
2,750,4,LXSSA_REPAIR,30,1830.0,70.58302960238325
2,750,4,LXSSA_REPAIR,31,1890.0,70.35735400658268
2,750,4,LXSSA_REPAIR,32,1950.0,70.2434845369844
2,750,4,LXSSA_REPAIR,33,2010.0,70.09705540672257
2,750,4,LXSSA_REPAIR,34,2070.0,69.96855525182946
2,750,4,LXSSA_REPAIR,35,2130.0,69.44676608863847
2,750,4,LXSSA_REPAIR,36,2190.0,69.43611309610242
2,750,4,LXSSA_REPAIR,37,2250.0,69.15311587761789
2,750,4,LXSSA_REPAIR,38,2310.0,69.09150816297915
2,750,4,LXSSA_REPAIR,39,2370.0,69.08294828344697
2,750,4,LXSSA_REPAIR,40,2430.0,69.06548737024968
2,750,4,LXSSA_REPAIR,41,2490.0,69.03816789941266
2,750,4,LXSSA_REPAIR,42,2550.0,68.50716260915397
2,750,4,LXSSA_REPAIR,43,2610.0,68.49480054059131
2,750,4,LXSSA_REPAIR,44,2670.0,68.45357341433191
2,750,4,LXSSA_REPAIR,45,2730.0,68.36001866763036
2,750,4,LXSSA_REPAIR,46,2790.0,68.22883906705101
2,750,4,LXSSA_REPAIR,47,2850.0,67.96693971589411
2,750,4,LXSSA_REPAIR,48,2910.0,67.84499455429432
2,750,4,LXSSA_REPAIR,49,2970.0,67.81047829981617
2,750,4,LXSSA_REPAIR,50,3030.0,67.6883250146202
2,750,4,LXSSA_REPAIR,51,3090.0,67.20181833133029
2,750,4,LXSSA_REPAIR,52,3150.0,67.07637096139479
2,750,4,LXSSA_REPAIR,53,3210.0,67.05534114967304
2,750,4,LXSSA_REPAIR,54,3270.0,66.92208970508727
2,750,4,LXSSA_REPAIR,55,3330.0,66.91029720236838
2,750,4,LXSSA_REPAIR,56,3390.0,66.89350374433343
2,750,4,LXSSA_REPAIR,57,3450.0,66.88436476785682
2,750,4,LXSSA_REPAIR,58,3510.0,66.87894064942884
2,750,4,LXSSA_REPAIR,59,3570.0,66.80207665884336
2,750,4,LXSSA_REPAIR,60,3630.0,66.79594378872935
2,750,4,LXSSA_REPAIR,61,3690.0,66.76860980071069
2,750,4,LXSSA_REPAIR,62,3750.0,66.7683916052556
2,750,4,LXSSA_REPAIR,63,3810.0,66.76048642370006
2,750,4,LXSSA_REPAIR,64,3870.0,66.67914467953779
2,750,4,LXSSA_REPAIR,65,3930.0,66.67734887778533
2,750,4,LXSSA_REPAIR,66,3990.0,66.58535502270752
2,750,4,LXSSA_REPAIR,67,4050.0,66.37929702936344
2,750,4,LXSSA_REPAIR,68,4110.0,66.33690842086799
2,750,4,LXSSA_REPAIR,69,4170.0,66.33066668837637
2,750,4,LXSSA_REPAIR,70,4230.0,66.32667472728644
2,750,4,LXSSA_REPAIR,71,4290.0,66.32063844003278
2,750,4,LXSSA_REPAIR,72,4350.0,66.28005808752096
2,750,4,LXSSA_REPAIR,73,4410.0,66.18409254961261
2,750,4,LXSSA_REPAIR,74,4470.0,66.15743094676691
2,750,4,LXSSA_REPAIR,75,4530.0,66.14935399912974
2,750,4,LXSSA_REPAIR,76,4590.0,66.13823633744141
2,750,4,LXSSA_REPAIR,77,4650.0,66.10461216825752
2,750,4,LXSSA_REPAIR,78,4710.0,66.07002582374844
2,750,4,LXSSA_REPAIR,79,4770.0,66.04669732252478
2,750,4,LXSSA_REPAIR,80,4830.0,66.0115095329329
2,750,4,LXSSA_REPAIR,81,4890.0,65.88775242810152
2,750,4,LXSSA_REPAIR,82,4950.0,65.84442474354364
2,750,4,LXSSA_REPAIR,83,5010.0,65.84118808812127
2,750,4,LXSSA_REPAIR,84,5070.0,65.83558290303336
2,750,4,LXSSA_REPAIR,85,5130.0,65.83503435114471
2,750,4,LXSSA_REPAIR,86,5190.0,65.83387343161121
2,750,4,LXSSA_REPAIR,87,5250.0,65.83134503039946
2,750,4,LXSSA_REPAIR,88,5310.0,65.82468270617574
2,750,4,LXSSA_REPAIR,89,5370.0,65.81549878104852
2,750,4,LXSSA_REPAIR,90,5430.0,65.80504946781548
2,750,4,LXSSA_REPAIR,91,5490.0,65.78694846273902
2,750,4,LXSSA_REPAIR,92,5550.0,65.77709034066902
2,750,4,LXSSA_REPAIR,93,5610.0,65.77707588820886
2,750,4,LXSSA_REPAIR,94,5670.0,65.77703021700654
2,750,4,LXSSA_REPAIR,95,5730.0,65.77685660326097
2,750,4,LXSSA_REPAIR,96,5790.0,65.77643633983098
2,750,4,LXSSA_REPAIR,97,5850.0,65.77567244869351
2,750,4,LXSSA_REPAIR,98,5910.0,65.77379467028732
2,750,4,LXSSA_REPAIR,99,5970.0,65.77379128886605
2,750,4,LXSSA_REPAIR,100,6030.0,65.77376903074583
2,750,5,GNNLXSSA,0,30.0,592.1238674316373
2,750,5,GNNLXSSA,1,404.0,367.38627236844695
2,750,5,GNNLXSSA,2,416.0,342.67331104554614
2,750,5,GNNLXSSA,3,429.0,319.6726384797912
2,750,5,GNNLXSSA,4,443.0,295.61173553761546
2,750,5,GNNLXSSA,5,457.0,263.04639070716075
2,750,5,GNNLXSSA,6,471.0,261.9040474525282
2,750,5,GNNLXSSA,7,485.0,258.32292531548956
2,750,5,GNNLXSSA,8,497.0,253.59666662559175
2,750,5,GNNLXSSA,9,510.0,244.27020054203604
2,750,5,GNNLXSSA,10,523.0,233.81693803803137
2,750,5,GNNLXSSA,11,536.0,233.81693803803137
2,750,5,GNNLXSSA,12,550.0,233.81693803803137
2,750,5,GNNLXSSA,13,563.0,226.5276179895991
2,750,5,GNNLXSSA,14,577.0,225.99295198181426
2,750,5,GNNLXSSA,15,591.0,225.99295198181426
2,750,5,GNNLXSSA,16,605.0,225.99295198181426
2,750,5,GNNLXSSA,17,619.0,225.99295198181426
2,750,5,GNNLXSSA,18,633.0,225.99295198181426
2,750,5,GNNLXSSA,19,645.0,205.92705703653337
2,750,5,GNNLXSSA,20,658.0,200.59591632049705
2,750,5,GNNLXSSA,21,671.0,200.59591632049705
2,750,5,GNNLXSSA,22,684.0,200.59591632049705
2,750,5,GNNLXSSA,23,697.0,200.59591632049705
2,750,5,GNNLXSSA,24,710.0,200.59591632049705
2,750,5,GNNLXSSA,25,722.0,200.59591632049705
2,750,5,GNNLXSSA,26,736.0,197.7654922692709
2,750,5,GNNLXSSA,27,749.0,197.7654922692709
2,750,5,GNNLXSSA,28,763.0,197.7654922692709
2,750,5,GNNLXSSA,29,776.0,197.7654922692709
2,750,5,GNNLXSSA,30,788.0,197.7654922692709
2,750,5,GNNLXSSA,31,802.0,197.7654922692709
2,750,5,GNNLXSSA,32,814.0,197.7654922692709
2,750,5,GNNLXSSA,33,828.0,197.7654922692709
2,750,5,GNNLXSSA,34,842.0,197.7654922692709
2,750,5,GNNLXSSA,35,856.0,197.7654922692709
2,750,5,GNNLXSSA,36,870.0,197.7654922692709
2,750,5,GNNLXSSA,37,884.0,197.7654922692709
2,750,5,GNNLXSSA,38,898.0,196.1615122690382
2,750,5,GNNLXSSA,39,911.0,196.1615122690382
2,750,5,GNNLXSSA,40,925.0,196.1615122690382
2,750,5,GNNLXSSA,41,939.0,195.60833712547537
2,750,5,GNNLXSSA,42,953.0,194.80003843264058
2,750,5,GNNLXSSA,43,967.0,189.97772286609688
2,750,5,GNNLXSSA,44,980.0,188.98676889841954
2,750,5,GNNLXSSA,45,994.0,188.5601491504458
2,750,5,GNNLXSSA,46,1007.0,187.30305980538105
2,750,5,GNNLXSSA,47,1021.0,187.30305980538105
2,750,5,GNNLXSSA,48,1035.0,186.6531998624123
2,750,5,GNNLXSSA,49,1049.0,186.6531998624123
2,750,5,GNNLXSSA,50,1063.0,186.18812317705306
2,750,5,GNNLXSSA,51,1077.0,186.18812317705306
2,750,5,GNNLXSSA,52,1091.0,186.18812317705306
2,750,5,GNNLXSSA,53,1105.0,186.18812317705306
2,750,5,GNNLXSSA,54,1119.0,185.91043087733487
2,750,5,GNNLXSSA,55,1133.0,184.6436500419586
2,750,5,GNNLXSSA,56,1147.0,182.27021165377664
2,750,5,GNNLXSSA,57,1161.0,182.27021165377664
2,750,5,GNNLXSSA,58,1175.0,182.27021165377664
2,750,5,GNNLXSSA,59,1189.0,181.8008767116189
2,750,5,GNNLXSSA,60,1202.0,181.72223504372232
2,750,5,GNNLXSSA,61,1215.0,181.72223504372232
2,750,5,GNNLXSSA,62,1229.0,181.72223504372232
2,750,5,GNNLXSSA,63,1242.0,181.72223504372232
2,750,5,GNNLXSSA,64,1256.0,181.52012060373454
2,750,5,GNNLXSSA,65,1270.0,181.44043134455205
2,750,5,GNNLXSSA,66,1284.0,179.34430773698477
2,750,5,GNNLXSSA,67,1298.0,177.21803801131318
2,750,5,GNNLXSSA,68,1312.0,175.43372019363596
2,750,5,GNNLXSSA,69,1325.0,175.43372019363596
2,750,5,GNNLXSSA,70,1338.0,175.2610136220428
2,750,5,GNNLXSSA,71,1352.0,173.2783875724308
2,750,5,GNNLXSSA,72,1365.0,173.2783875724308
2,750,5,GNNLXSSA,73,1379.0,172.32275618162384
2,750,5,GNNLXSSA,74,1393.0,172.32275618162384
2,750,5,GNNLXSSA,75,1406.0,172.32275618162384
2,750,5,GNNLXSSA,76,1420.0,171.9855316808571
2,750,5,GNNLXSSA,77,1434.0,171.76895572056674
2,750,5,GNNLXSSA,78,1447.0,171.76895572056674
2,750,5,GNNLXSSA,79,1460.0,171.76895572056674
2,750,5,GNNLXSSA,80,1473.0,171.76895572056674
2,750,5,GNNLXSSA,81,1487.0,171.76895572056674
2,750,5,GNNLXSSA,82,1501.0,170.55420153456362
2,750,5,GNNLXSSA,83,1515.0,170.55420153456362
2,750,5,GNNLXSSA,84,1528.0,170.55420153456362
2,750,5,GNNLXSSA,85,1541.0,170.55420153456362
2,750,5,GNNLXSSA,86,1555.0,170.55420153456362
2,750,5,GNNLXSSA,87,1569.0,170.55420153456362
2,750,5,GNNLXSSA,88,1581.0,170.55420153456362
2,750,5,GNNLXSSA,89,1594.0,170.55420153456362
2,750,5,GNNLXSSA,90,1606.0,170.55420153456362
2,750,5,GNNLXSSA,91,1620.0,170.55420153456362
2,750,5,GNNLXSSA,92,1633.0,170.55420153456362
2,750,5,GNNLXSSA,93,1647.0,170.55420153456362
2,750,5,GNNLXSSA,94,1661.0,169.85794748983608
2,750,5,GNNLXSSA,95,1675.0,168.2852903237981
2,750,5,GNNLXSSA,96,1687.0,168.2852903237981
2,750,5,GNNLXSSA,97,1701.0,168.2852903237981
2,750,5,GNNLXSSA,98,1714.0,168.28495982523964
2,750,5,GNNLXSSA,99,1727.0,168.23951218386355
2,750,5,GNNLXSSA,100,1740.0,168.2394983447557
2,750,5,LXSSA_REPAIR,0,30.0,532.7685301975434
2,750,5,LXSSA_REPAIR,1,90.0,378.80883163723445
2,750,5,LXSSA_REPAIR,2,150.0,322.711353709954
2,750,5,LXSSA_REPAIR,3,210.0,283.24839561406407
2,750,5,LXSSA_REPAIR,4,270.0,270.117191147383
2,750,5,LXSSA_REPAIR,5,330.0,264.6434785062156
2,750,5,LXSSA_REPAIR,6,390.0,254.3686844053118
2,750,5,LXSSA_REPAIR,7,450.0,241.11803996815433
2,750,5,LXSSA_REPAIR,8,510.0,239.53879594642058
2,750,5,LXSSA_REPAIR,9,570.0,238.26635258542956
2,750,5,LXSSA_REPAIR,10,630.0,235.99084175501775
2,750,5,LXSSA_REPAIR,11,690.0,234.22253954361804
2,750,5,LXSSA_REPAIR,12,750.0,234.18629328438328
2,750,5,LXSSA_REPAIR,13,810.0,232.0146174426227
2,750,5,LXSSA_REPAIR,14,870.0,231.69964430122127
2,750,5,LXSSA_REPAIR,15,930.0,230.5085820731947
2,750,5,LXSSA_REPAIR,16,990.0,227.04880114893604
2,750,5,LXSSA_REPAIR,17,1050.0,226.59857205016306
2,750,5,LXSSA_REPAIR,18,1110.0,224.05783446416172
2,750,5,LXSSA_REPAIR,19,1170.0,222.18171455828633
2,750,5,LXSSA_REPAIR,20,1230.0,219.95286610934636
2,750,5,LXSSA_REPAIR,21,1290.0,217.85000676037453
2,750,5,LXSSA_REPAIR,22,1350.0,217.63673531405584
2,750,5,LXSSA_REPAIR,23,1410.0,212.7653660148826
2,750,5,LXSSA_REPAIR,24,1470.0,211.7001867306426
2,750,5,LXSSA_REPAIR,25,1530.0,208.57131684616616
2,750,5,LXSSA_REPAIR,26,1590.0,208.08242652505942
2,750,5,LXSSA_REPAIR,27,1650.0,208.05198683063645
2,750,5,LXSSA_REPAIR,28,1710.0,204.44009987272875
2,750,5,LXSSA_REPAIR,29,1770.0,200.43436418756028
2,750,5,LXSSA_REPAIR,30,1830.0,197.12518266349434
2,750,5,LXSSA_REPAIR,31,1890.0,192.08868493625414
2,750,5,LXSSA_REPAIR,32,1950.0,190.2130142396818
2,750,5,LXSSA_REPAIR,33,2010.0,178.5430181055599
2,750,5,LXSSA_REPAIR,34,2070.0,177.71601947295858
2,750,5,LXSSA_REPAIR,35,2130.0,176.39063253788845
2,750,5,LXSSA_REPAIR,36,2190.0,173.02930799012393
2,750,5,LXSSA_REPAIR,37,2250.0,170.71611929819846
2,750,5,LXSSA_REPAIR,38,2310.0,169.48969256956843
2,750,5,LXSSA_REPAIR,39,2370.0,168.36843649074945
2,750,5,LXSSA_REPAIR,40,2430.0,168.18815538433046
2,750,5,LXSSA_REPAIR,41,2490.0,165.72921115111603
2,750,5,LXSSA_REPAIR,42,2550.0,165.53354369290173
2,750,5,LXSSA_REPAIR,43,2610.0,164.91625852396828
2,750,5,LXSSA_REPAIR,44,2670.0,164.39638545371417
2,750,5,LXSSA_REPAIR,45,2730.0,163.7811829140701
2,750,5,LXSSA_REPAIR,46,2790.0,163.6496939354438
2,750,5,LXSSA_REPAIR,47,2850.0,163.43489807319202
2,750,5,LXSSA_REPAIR,48,2910.0,163.39355906933997
2,750,5,LXSSA_REPAIR,49,2970.0,163.32192532590489
2,750,5,LXSSA_REPAIR,50,3030.0,162.6237522171141
2,750,5,LXSSA_REPAIR,51,3090.0,162.46561384977394
2,750,5,LXSSA_REPAIR,52,3150.0,161.8865000757578
2,750,5,LXSSA_REPAIR,53,3210.0,161.74305070498303
2,750,5,LXSSA_REPAIR,54,3270.0,160.97843554678548
2,750,5,LXSSA_REPAIR,55,3330.0,160.66648479100695
2,750,5,LXSSA_REPAIR,56,3390.0,160.45972805068595
2,750,5,LXSSA_REPAIR,57,3450.0,160.43887975657344
2,750,5,LXSSA_REPAIR,58,3510.0,160.08090751728378
2,750,5,LXSSA_REPAIR,59,3570.0,160.0513416736576
2,750,5,LXSSA_REPAIR,60,3630.0,159.84701542838593
2,750,5,LXSSA_REPAIR,61,3690.0,159.7803560041939
2,750,5,LXSSA_REPAIR,62,3750.0,159.53689417805072
2,750,5,LXSSA_REPAIR,63,3810.0,159.40601883363342
2,750,5,LXSSA_REPAIR,64,3870.0,159.2175627734323
2,750,5,LXSSA_REPAIR,65,3930.0,159.21294401299747
2,750,5,LXSSA_REPAIR,66,3990.0,159.1927041649833
2,750,5,LXSSA_REPAIR,67,4050.0,159.1398057360566
2,750,5,LXSSA_REPAIR,68,4110.0,159.06122422435874
2,750,5,LXSSA_REPAIR,69,4170.0,159.04086382935566
2,750,5,LXSSA_REPAIR,70,4230.0,158.97687628281346
2,750,5,LXSSA_REPAIR,71,4290.0,158.9655046071348
2,750,5,LXSSA_REPAIR,72,4350.0,158.93865854880642
2,750,5,LXSSA_REPAIR,73,4410.0,158.90668040082528
2,750,5,LXSSA_REPAIR,74,4470.0,158.8557259516092
2,750,5,LXSSA_REPAIR,75,4530.0,158.8167486396851
2,750,5,LXSSA_REPAIR,76,4590.0,158.79918170020755
2,750,5,LXSSA_REPAIR,77,4650.0,158.74690116199054
2,750,5,LXSSA_REPAIR,78,4710.0,158.63719608744577
2,750,5,LXSSA_REPAIR,79,4770.0,158.63028833431963
2,750,5,LXSSA_REPAIR,80,4830.0,158.60839854630103
2,750,5,LXSSA_REPAIR,81,4890.0,158.57597668480958
2,750,5,LXSSA_REPAIR,82,4950.0,158.53268333265805
2,750,5,LXSSA_REPAIR,83,5010.0,158.5053604549903
2,750,5,LXSSA_REPAIR,84,5070.0,158.47525914486323
2,750,5,LXSSA_REPAIR,85,5130.0,158.4676973384485
2,750,5,LXSSA_REPAIR,86,5190.0,158.46357488847207
2,750,5,LXSSA_REPAIR,87,5250.0,158.45890128783503
2,750,5,LXSSA_REPAIR,88,5310.0,158.43577327015737
2,750,5,LXSSA_REPAIR,89,5370.0,158.34932440068587
2,750,5,LXSSA_REPAIR,90,5430.0,158.02663892833516
2,750,5,LXSSA_REPAIR,91,5490.0,157.71228932371378
2,750,5,LXSSA_REPAIR,92,5550.0,157.7019891529344
2,750,5,LXSSA_REPAIR,93,5610.0,157.69453344593057
2,750,5,LXSSA_REPAIR,94,5670.0,157.68200313692796
2,750,5,LXSSA_REPAIR,95,5730.0,157.67401966377656
2,750,5,LXSSA_REPAIR,96,5790.0,157.6725555167468
2,750,5,LXSSA_REPAIR,97,5850.0,157.6714035117402
2,750,5,LXSSA_REPAIR,98,5910.0,157.66908644819705
2,750,5,LXSSA_REPAIR,99,5970.0,157.66819760683575
2,750,5,LXSSA_REPAIR,100,6030.0,157.66804205871085
2,750,6,GNNLXSSA,0,30.0,1027.6049799552493
2,750,6,GNNLXSSA,1,468.0,743.5849306353739
2,750,6,GNNLXSSA,2,482.0,646.9181497637801
2,750,6,GNNLXSSA,3,496.0,629.7497350281446
2,750,6,GNNLXSSA,4,510.0,578.3015212601935
2,750,6,GNNLXSSA,5,524.0,574.826277341563
2,750,6,GNNLXSSA,6,538.0,541.0376833897099
2,750,6,GNNLXSSA,7,551.0,523.4336979264262
2,750,6,GNNLXSSA,8,564.0,511.833232269968
2,750,6,GNNLXSSA,9,578.0,504.6331409599261
2,750,6,GNNLXSSA,10,592.0,493.0765022130945
2,750,6,GNNLXSSA,11,606.0,493.0765022130945
2,750,6,GNNLXSSA,12,620.0,493.0765022130945
2,750,6,GNNLXSSA,13,634.0,493.0765022130945
2,750,6,GNNLXSSA,14,648.0,493.0765022130945
2,750,6,GNNLXSSA,15,662.0,493.0765022130945
2,750,6,GNNLXSSA,16,675.0,488.8396394782758
2,750,6,GNNLXSSA,17,687.0,488.2212170653038
2,750,6,GNNLXSSA,18,701.0,488.2212170653038
2,750,6,GNNLXSSA,19,715.0,481.3630255751741
2,750,6,GNNLXSSA,20,729.0,480.6244090256805
2,750,6,GNNLXSSA,21,743.0,480.6244090256805
2,750,6,GNNLXSSA,22,755.0,480.6244090256805
2,750,6,GNNLXSSA,23,769.0,476.75546872899577
2,750,6,GNNLXSSA,24,783.0,476.75546872899577
2,750,6,GNNLXSSA,25,796.0,476.75546872899577
2,750,6,GNNLXSSA,26,810.0,476.75546872899577
2,750,6,GNNLXSSA,27,824.0,476.75546872899577
2,750,6,GNNLXSSA,28,836.0,472.67254216503716
2,750,6,GNNLXSSA,29,850.0,469.9700057420632
2,750,6,GNNLXSSA,30,864.0,454.66150575998836
2,750,6,GNNLXSSA,31,877.0,454.66150575998836
2,750,6,GNNLXSSA,32,890.0,454.66150575998836
2,750,6,GNNLXSSA,33,904.0,452.3871819003034
2,750,6,GNNLXSSA,34,917.0,452.3871819003034
2,750,6,GNNLXSSA,35,931.0,452.3871819003034
2,750,6,GNNLXSSA,36,945.0,452.3871819003034
2,750,6,GNNLXSSA,37,959.0,452.3871819003034
2,750,6,GNNLXSSA,38,973.0,452.3871819003034
2,750,6,GNNLXSSA,39,987.0,452.3871819003034
2,750,6,GNNLXSSA,40,1001.0,451.1353984476118
2,750,6,GNNLXSSA,41,1015.0,451.1353984476118
2,750,6,GNNLXSSA,42,1028.0,451.1353984476118
2,750,6,GNNLXSSA,43,1041.0,451.1353984476118
2,750,6,GNNLXSSA,44,1055.0,451.1353984476118
2,750,6,GNNLXSSA,45,1069.0,451.1353984476118
2,750,6,GNNLXSSA,46,1083.0,451.1353984476118
2,750,6,GNNLXSSA,47,1097.0,451.1353984476118
2,750,6,GNNLXSSA,48,1111.0,447.32313560650437
2,750,6,GNNLXSSA,49,1125.0,447.32313560650437
2,750,6,GNNLXSSA,50,1139.0,444.367435579592
2,750,6,GNNLXSSA,51,1153.0,444.367435579592
2,750,6,GNNLXSSA,52,1167.0,444.367435579592
2,750,6,GNNLXSSA,53,1180.0,443.37456460003887
2,750,6,GNNLXSSA,54,1194.0,438.44062330239103
2,750,6,GNNLXSSA,55,1207.0,433.7755227953712
2,750,6,GNNLXSSA,56,1221.0,433.7755227953712
2,750,6,GNNLXSSA,57,1235.0,433.7755227953712
2,750,6,GNNLXSSA,58,1249.0,433.7755227953712
2,750,6,GNNLXSSA,59,1262.0,433.4455283681127
2,750,6,GNNLXSSA,60,1276.0,428.37577443902774
2,750,6,GNNLXSSA,61,1290.0,428.37577443902774
2,750,6,GNNLXSSA,62,1302.0,425.6088835863884
2,750,6,GNNLXSSA,63,1316.0,425.6088835863884
2,750,6,GNNLXSSA,64,1329.0,425.6088835863884
2,750,6,GNNLXSSA,65,1343.0,424.8897836943361
2,750,6,GNNLXSSA,66,1357.0,420.5491375418969
2,750,6,GNNLXSSA,67,1371.0,420.11913320319945
2,750,6,GNNLXSSA,68,1385.0,419.24253720010165
2,750,6,GNNLXSSA,69,1399.0,419.24253720010165
2,750,6,GNNLXSSA,70,1413.0,418.8438363188834
2,750,6,GNNLXSSA,71,1427.0,413.3352652044596
2,750,6,GNNLXSSA,72,1441.0,413.3352652044596
2,750,6,GNNLXSSA,73,1454.0,413.20953417302735
2,750,6,GNNLXSSA,74,1467.0,412.49445610402836
2,750,6,GNNLXSSA,75,1481.0,408.9573090538943
2,750,6,GNNLXSSA,76,1495.0,408.25151066474064
2,750,6,GNNLXSSA,77,1509.0,407.66035352617473
2,750,6,GNNLXSSA,78,1522.0,407.66035352617473
2,750,6,GNNLXSSA,79,1535.0,407.65905168834433
2,750,6,GNNLXSSA,80,1549.0,407.65905168834433
2,750,6,GNNLXSSA,81,1563.0,407.65905168834433
2,750,6,GNNLXSSA,82,1575.0,407.38117604051877
2,750,6,GNNLXSSA,83,1588.0,407.3309240704584
2,750,6,GNNLXSSA,84,1602.0,407.29783242757185
2,750,6,GNNLXSSA,85,1616.0,407.29783242757185
2,750,6,GNNLXSSA,86,1630.0,406.64007528922957
2,750,6,GNNLXSSA,87,1643.0,406.6395982804279
2,750,6,GNNLXSSA,88,1657.0,403.4332136845187
2,750,6,GNNLXSSA,89,1671.0,403.4332136845187
2,750,6,GNNLXSSA,90,1685.0,403.430961651542
2,750,6,GNNLXSSA,91,1698.0,403.430961651542
2,750,6,GNNLXSSA,92,1712.0,403.43046526313265
2,750,6,GNNLXSSA,93,1725.0,403.429973278744
2,750,6,GNNLXSSA,94,1739.0,403.41632866492364
2,750,6,GNNLXSSA,95,1753.0,403.355079680121
2,750,6,GNNLXSSA,96,1766.0,403.3546013828927
2,750,6,GNNLXSSA,97,1780.0,403.3546013828927
2,750,6,GNNLXSSA,98,1794.0,402.75282949256143
2,750,6,GNNLXSSA,99,1808.0,401.3182031172546
2,750,6,GNNLXSSA,100,1821.0,400.71750972672817
2,750,6,LXSSA_REPAIR,0,30.0,1026.2537657117682
2,750,6,LXSSA_REPAIR,1,90.0,764.7497587223734
2,750,6,LXSSA_REPAIR,2,150.0,666.4425290500076
2,750,6,LXSSA_REPAIR,3,210.0,611.5793421610215
2,750,6,LXSSA_REPAIR,4,270.0,572.8150827104728
2,750,6,LXSSA_REPAIR,5,330.0,561.3726647475778
2,750,6,LXSSA_REPAIR,6,390.0,522.2961281695389
2,750,6,LXSSA_REPAIR,7,450.0,500.24281537608476
2,750,6,LXSSA_REPAIR,8,510.0,485.58099440632213
2,750,6,LXSSA_REPAIR,9,570.0,472.00896987178567
2,750,6,LXSSA_REPAIR,10,630.0,462.7639206776039
2,750,6,LXSSA_REPAIR,11,690.0,458.48931362889925
2,750,6,LXSSA_REPAIR,12,750.0,451.2177533491267
2,750,6,LXSSA_REPAIR,13,810.0,449.6391080796566
2,750,6,LXSSA_REPAIR,14,870.0,447.33293026813044
2,750,6,LXSSA_REPAIR,15,930.0,443.4608537981767
2,750,6,LXSSA_REPAIR,16,990.0,440.2093092134346
2,750,6,LXSSA_REPAIR,17,1050.0,422.8456964640609
2,750,6,LXSSA_REPAIR,18,1110.0,412.39839805451265
2,750,6,LXSSA_REPAIR,19,1170.0,411.48885618238273
2,750,6,LXSSA_REPAIR,20,1230.0,405.30573547208405
2,750,6,LXSSA_REPAIR,21,1290.0,402.7832524490477
2,750,6,LXSSA_REPAIR,22,1350.0,398.7965490264869
2,750,6,LXSSA_REPAIR,23,1410.0,395.765432070486
2,750,6,LXSSA_REPAIR,24,1470.0,394.76494922995334
2,750,6,LXSSA_REPAIR,25,1530.0,394.33358362988656
2,750,6,LXSSA_REPAIR,26,1590.0,387.2632903848644
2,750,6,LXSSA_REPAIR,27,1650.0,385.5270241691069
2,750,6,LXSSA_REPAIR,28,1710.0,383.7152681131738
2,750,6,LXSSA_REPAIR,29,1770.0,372.9339089788991
2,750,6,LXSSA_REPAIR,30,1830.0,369.9229463472984
2,750,6,LXSSA_REPAIR,31,1890.0,366.55024503270033
2,750,6,LXSSA_REPAIR,32,1950.0,364.79153644554026
2,750,6,LXSSA_REPAIR,33,2010.0,364.02977067942993
2,750,6,LXSSA_REPAIR,34,2070.0,360.83992889622823
2,750,6,LXSSA_REPAIR,35,2130.0,360.2867833387245
2,750,6,LXSSA_REPAIR,36,2190.0,359.12164302420933
2,750,6,LXSSA_REPAIR,37,2250.0,356.9857476455618
2,750,6,LXSSA_REPAIR,38,2310.0,356.3083390640022
2,750,6,LXSSA_REPAIR,39,2370.0,355.9722991791532
2,750,6,LXSSA_REPAIR,40,2430.0,355.0484395727872
2,750,6,LXSSA_REPAIR,41,2490.0,353.9192067098302
2,750,6,LXSSA_REPAIR,42,2550.0,353.68159859929074
2,750,6,LXSSA_REPAIR,43,2610.0,353.42126346744044
2,750,6,LXSSA_REPAIR,44,2670.0,352.9694417217179
2,750,6,LXSSA_REPAIR,45,2730.0,352.47623893078344
2,750,6,LXSSA_REPAIR,46,2790.0,350.0371276346377
2,750,6,LXSSA_REPAIR,47,2850.0,347.1120664791051
2,750,6,LXSSA_REPAIR,48,2910.0,346.8651093399458
2,750,6,LXSSA_REPAIR,49,2970.0,346.8651093399458
2,750,6,LXSSA_REPAIR,50,3030.0,346.85987759496857
2,750,6,LXSSA_REPAIR,51,3090.0,346.8317664281676
2,750,6,LXSSA_REPAIR,52,3150.0,346.70562003280793
2,750,6,LXSSA_REPAIR,53,3210.0,346.6643920003262
2,750,6,LXSSA_REPAIR,54,3270.0,346.34882554431533
2,750,6,LXSSA_REPAIR,55,3330.0,346.33352457355795
2,750,6,LXSSA_REPAIR,56,3390.0,346.3246993813009
2,750,6,LXSSA_REPAIR,57,3450.0,346.2425167520778
2,750,6,LXSSA_REPAIR,58,3510.0,346.24113070735257
2,750,6,LXSSA_REPAIR,59,3570.0,346.23661951841495
2,750,6,LXSSA_REPAIR,60,3630.0,346.18213088055563
2,750,6,LXSSA_REPAIR,61,3690.0,346.180472236465
2,750,6,LXSSA_REPAIR,62,3750.0,346.1537411583995
2,750,6,LXSSA_REPAIR,63,3810.0,346.1455561759867
2,750,6,LXSSA_REPAIR,64,3870.0,346.1454732260463
2,750,6,LXSSA_REPAIR,65,3930.0,346.1324256879161
2,750,6,LXSSA_REPAIR,66,3990.0,346.0693211919752
2,750,6,LXSSA_REPAIR,67,4050.0,346.0463546683677
2,750,6,LXSSA_REPAIR,68,4110.0,346.03767570597483
2,750,6,LXSSA_REPAIR,69,4170.0,345.98613573640614
2,750,6,LXSSA_REPAIR,70,4230.0,345.985012891495
2,750,6,LXSSA_REPAIR,71,4290.0,345.94160297172857
2,750,6,LXSSA_REPAIR,72,4350.0,345.86455981267864
2,750,6,LXSSA_REPAIR,73,4410.0,345.78898175215
2,750,6,LXSSA_REPAIR,74,4470.0,345.7777575244072
2,750,6,LXSSA_REPAIR,75,4530.0,345.7487885349037
2,750,6,LXSSA_REPAIR,76,4590.0,345.7165439144519
2,750,6,LXSSA_REPAIR,77,4650.0,345.68783490977876
2,750,6,LXSSA_REPAIR,78,4710.0,345.6602194978259
2,750,6,LXSSA_REPAIR,79,4770.0,345.5808796092024
2,750,6,LXSSA_REPAIR,80,4830.0,345.4721492623248
2,750,6,LXSSA_REPAIR,81,4890.0,345.43854517217915
2,750,6,LXSSA_REPAIR,82,4950.0,345.4308947122954
2,750,6,LXSSA_REPAIR,83,5010.0,345.42729111928566
2,750,6,LXSSA_REPAIR,84,5070.0,345.42169261412346
2,750,6,LXSSA_REPAIR,85,5130.0,345.39741940540625
2,750,6,LXSSA_REPAIR,86,5190.0,345.39155789123106
2,750,6,LXSSA_REPAIR,87,5250.0,345.3836095307852
2,750,6,LXSSA_REPAIR,88,5310.0,345.38094893933885
2,750,6,LXSSA_REPAIR,89,5370.0,345.377143296133
2,750,6,LXSSA_REPAIR,90,5430.0,345.3543984380849
2,750,6,LXSSA_REPAIR,91,5490.0,345.30636451903774
2,750,6,LXSSA_REPAIR,92,5550.0,345.23431776393045
2,750,6,LXSSA_REPAIR,93,5610.0,345.23288219102324
2,750,6,LXSSA_REPAIR,94,5670.0,345.2322146175611
2,750,6,LXSSA_REPAIR,95,5730.0,345.2317236727249
2,750,6,LXSSA_REPAIR,96,5790.0,345.2309957432335
2,750,6,LXSSA_REPAIR,97,5850.0,345.2297697523354
2,750,6,LXSSA_REPAIR,98,5910.0,345.2284342708299
2,750,6,LXSSA_REPAIR,99,5970.0,345.22742809417105
2,750,6,LXSSA_REPAIR,100,6030.0,345.22517373353185
2,750,7,GNNLXSSA,0,30.0,1595.9488921897391
2,750,7,GNNLXSSA,1,531.0,1284.2466677464545
2,750,7,GNNLXSSA,2,545.0,1217.4896116231466
2,750,7,GNNLXSSA,3,558.0,1210.232600251893
2,750,7,GNNLXSSA,4,572.0,1125.6327972530526
2,750,7,GNNLXSSA,5,585.0,1045.535730991298
2,750,7,GNNLXSSA,6,598.0,995.2436084187866
2,750,7,GNNLXSSA,7,611.0,992.5784168702921
2,750,7,GNNLXSSA,8,625.0,992.5784168702921
2,750,7,GNNLXSSA,9,638.0,968.1543293482973
2,750,7,GNNLXSSA,10,651.0,956.013552680979
2,750,7,GNNLXSSA,11,665.0,956.013552680979
2,750,7,GNNLXSSA,12,678.0,956.013552680979
2,750,7,GNNLXSSA,13,692.0,956.013552680979
2,750,7,GNNLXSSA,14,706.0,945.3435420673959
2,750,7,GNNLXSSA,15,718.0,932.5584451172399
2,750,7,GNNLXSSA,16,732.0,927.637542144239
2,750,7,GNNLXSSA,17,744.0,920.8789460237094
2,750,7,GNNLXSSA,18,757.0,913.647273690036
2,750,7,GNNLXSSA,19,771.0,906.5179661269867
2,750,7,GNNLXSSA,20,785.0,906.5179661269867
2,750,7,GNNLXSSA,21,798.0,904.5633958736689
2,750,7,GNNLXSSA,22,812.0,904.5633958736689
2,750,7,GNNLXSSA,23,825.0,877.4111454212325
2,750,7,GNNLXSSA,24,838.0,877.4111454212325
2,750,7,GNNLXSSA,25,852.0,877.4111454212325
2,750,7,GNNLXSSA,26,866.0,877.4111454212325
2,750,7,GNNLXSSA,27,880.0,850.444604570519
2,750,7,GNNLXSSA,28,894.0,850.444604570519
2,750,7,GNNLXSSA,29,908.0,850.444604570519
2,750,7,GNNLXSSA,30,922.0,850.444604570519
2,750,7,GNNLXSSA,31,936.0,850.444604570519
2,750,7,GNNLXSSA,32,949.0,850.444604570519
2,750,7,GNNLXSSA,33,962.0,850.444604570519
2,750,7,GNNLXSSA,34,975.0,850.444604570519
2,750,7,GNNLXSSA,35,988.0,846.1222523937104
2,750,7,GNNLXSSA,36,1002.0,838.7645794162017
2,750,7,GNNLXSSA,37,1015.0,838.7645794162017
2,750,7,GNNLXSSA,38,1028.0,835.3230830762623
2,750,7,GNNLXSSA,39,1042.0,806.601879185604
2,750,7,GNNLXSSA,40,1055.0,806.601879185604
2,750,7,GNNLXSSA,41,1068.0,806.3876584266836
2,750,7,GNNLXSSA,42,1081.0,804.1561494230809
2,750,7,GNNLXSSA,43,1095.0,804.1561494230809
2,750,7,GNNLXSSA,44,1109.0,804.1561494230809
2,750,7,GNNLXSSA,45,1122.0,800.5722150242946
2,750,7,GNNLXSSA,46,1136.0,797.838581052165
2,750,7,GNNLXSSA,47,1149.0,787.7670643212077
2,750,7,GNNLXSSA,48,1162.0,787.5497043474861
2,750,7,GNNLXSSA,49,1175.0,787.1492888427492
2,750,7,GNNLXSSA,50,1189.0,787.1492888427492
2,750,7,GNNLXSSA,51,1203.0,787.1492888427492
2,750,7,GNNLXSSA,52,1217.0,787.1492888427492
2,750,7,GNNLXSSA,53,1231.0,784.6190257664712
2,750,7,GNNLXSSA,54,1245.0,784.6190257664712
2,750,7,GNNLXSSA,55,1259.0,783.4935518810889
2,750,7,GNNLXSSA,56,1273.0,782.4885012696977
2,750,7,GNNLXSSA,57,1286.0,782.4885012696977
2,750,7,GNNLXSSA,58,1299.0,777.9807133555951
2,750,7,GNNLXSSA,59,1313.0,777.9807133555951
2,750,7,GNNLXSSA,60,1327.0,777.9807133555951
2,750,7,GNNLXSSA,61,1341.0,777.9807133555951
2,750,7,GNNLXSSA,62,1355.0,773.4586338799309
2,750,7,GNNLXSSA,63,1369.0,771.2037631409621
2,750,7,GNNLXSSA,64,1383.0,768.1690903628332
2,750,7,GNNLXSSA,65,1397.0,767.879631934873
2,750,7,GNNLXSSA,66,1411.0,767.879631934873
2,750,7,GNNLXSSA,67,1425.0,765.3506322661306
2,750,7,GNNLXSSA,68,1438.0,763.6027773553215
2,750,7,GNNLXSSA,69,1452.0,761.7557499827781
2,750,7,GNNLXSSA,70,1466.0,757.0597932990713
2,750,7,GNNLXSSA,71,1480.0,757.0597932990713
2,750,7,GNNLXSSA,72,1493.0,757.0597932990713
2,750,7,GNNLXSSA,73,1507.0,757.0597932990713
2,750,7,GNNLXSSA,74,1521.0,757.0597932990713
2,750,7,GNNLXSSA,75,1534.0,757.0597932990713
2,750,7,GNNLXSSA,76,1546.0,757.0597932990713
2,750,7,GNNLXSSA,77,1560.0,757.0597932990713
2,750,7,GNNLXSSA,78,1574.0,757.0597932990713
2,750,7,GNNLXSSA,79,1588.0,757.0597932990713
2,750,7,GNNLXSSA,80,1602.0,757.0597932990713
2,750,7,GNNLXSSA,81,1616.0,755.6609585024489
2,750,7,GNNLXSSA,82,1630.0,755.612009643035
2,750,7,GNNLXSSA,83,1643.0,755.5944537142714
2,750,7,GNNLXSSA,84,1657.0,755.5944537142714
2,750,7,GNNLXSSA,85,1671.0,755.5824429976201
2,750,7,GNNLXSSA,86,1685.0,755.5817076389321
2,750,7,GNNLXSSA,87,1698.0,755.5587693306552
2,750,7,GNNLXSSA,88,1712.0,755.5425130228286
2,750,7,GNNLXSSA,89,1725.0,755.5425130228286
2,750,7,GNNLXSSA,90,1738.0,755.2528484971699
2,750,7,GNNLXSSA,91,1752.0,755.2519080390921
2,750,7,GNNLXSSA,92,1766.0,755.2443237652551
2,750,7,GNNLXSSA,93,1780.0,755.0871117650022
2,750,7,GNNLXSSA,94,1794.0,754.9893475250756
2,750,7,GNNLXSSA,95,1807.0,754.917683837095
2,750,7,GNNLXSSA,96,1821.0,754.917683837095
2,750,7,GNNLXSSA,97,1835.0,754.1243459837424
2,750,7,GNNLXSSA,98,1849.0,753.459995271598
2,750,7,GNNLXSSA,99,1863.0,753.317247627394
2,750,7,GNNLXSSA,100,1877.0,750.5482389550889
2,750,7,LXSSA_REPAIR,0,30.0,1576.6303833575948
2,750,7,LXSSA_REPAIR,1,90.0,1315.452835562719
2,750,7,LXSSA_REPAIR,2,150.0,1082.6474273803396
2,750,7,LXSSA_REPAIR,3,210.0,1023.6989289179437
2,750,7,LXSSA_REPAIR,4,270.0,971.0109040007337
2,750,7,LXSSA_REPAIR,5,330.0,931.8527977284793
2,750,7,LXSSA_REPAIR,6,390.0,888.231697028572
2,750,7,LXSSA_REPAIR,7,450.0,831.8356225338866
2,750,7,LXSSA_REPAIR,8,510.0,816.4561004006682
2,750,7,LXSSA_REPAIR,9,570.0,799.7078441006124
2,750,7,LXSSA_REPAIR,10,630.0,795.7399924269557
2,750,7,LXSSA_REPAIR,11,690.0,767.1593611166718
2,750,7,LXSSA_REPAIR,12,750.0,749.9172752325212
2,750,7,LXSSA_REPAIR,13,810.0,746.6093392159346
2,750,7,LXSSA_REPAIR,14,870.0,740.7666566451662
2,750,7,LXSSA_REPAIR,15,930.0,734.9797762672642
2,750,7,LXSSA_REPAIR,16,990.0,727.0392196523426
2,750,7,LXSSA_REPAIR,17,1050.0,726.0440596687731
2,750,7,LXSSA_REPAIR,18,1110.0,723.6263070211644
2,750,7,LXSSA_REPAIR,19,1170.0,723.5504004900249
2,750,7,LXSSA_REPAIR,20,1230.0,723.3054157611041
2,750,7,LXSSA_REPAIR,21,1290.0,713.7334044741474
2,750,7,LXSSA_REPAIR,22,1350.0,701.0647688590325
2,750,7,LXSSA_REPAIR,23,1410.0,693.348394388293
2,750,7,LXSSA_REPAIR,24,1470.0,685.4356881334897
2,750,7,LXSSA_REPAIR,25,1530.0,683.3908193801653
2,750,7,LXSSA_REPAIR,26,1590.0,675.9275214594054
2,750,7,LXSSA_REPAIR,27,1650.0,672.781300370927
2,750,7,LXSSA_REPAIR,28,1710.0,670.692222218906
2,750,7,LXSSA_REPAIR,29,1770.0,667.7959737841993
2,750,7,LXSSA_REPAIR,30,1830.0,662.5711137628423
2,750,7,LXSSA_REPAIR,31,1890.0,660.4603480564765
2,750,7,LXSSA_REPAIR,32,1950.0,653.967353291715
2,750,7,LXSSA_REPAIR,33,2010.0,651.6838285919912
2,750,7,LXSSA_REPAIR,34,2070.0,650.3428516302338
2,750,7,LXSSA_REPAIR,35,2130.0,649.7029344151451
2,750,7,LXSSA_REPAIR,36,2190.0,648.2072436669914
2,750,7,LXSSA_REPAIR,37,2250.0,647.8017324442626
2,750,7,LXSSA_REPAIR,38,2310.0,646.7965834162787
2,750,7,LXSSA_REPAIR,39,2370.0,646.0311283061928
2,750,7,LXSSA_REPAIR,40,2430.0,645.0105148545808
2,750,7,LXSSA_REPAIR,41,2490.0,644.8542615035512
2,750,7,LXSSA_REPAIR,42,2550.0,644.6352732030355
2,750,7,LXSSA_REPAIR,43,2610.0,632.2969647442187
2,750,7,LXSSA_REPAIR,44,2670.0,627.6876085012082
2,750,7,LXSSA_REPAIR,45,2730.0,626.2156060644011
2,750,7,LXSSA_REPAIR,46,2790.0,624.0048585398908
2,750,7,LXSSA_REPAIR,47,2850.0,621.9546092654018
2,750,7,LXSSA_REPAIR,48,2910.0,621.6646960904
2,750,7,LXSSA_REPAIR,49,2970.0,618.8763571104428
2,750,7,LXSSA_REPAIR,50,3030.0,617.8125536544612
2,750,7,LXSSA_REPAIR,51,3090.0,617.4406713442113
2,750,7,LXSSA_REPAIR,52,3150.0,614.6026722106035
2,750,7,LXSSA_REPAIR,53,3210.0,614.5053229525001
2,750,7,LXSSA_REPAIR,54,3270.0,614.2528047798551
2,750,7,LXSSA_REPAIR,55,3330.0,614.2129592577439
2,750,7,LXSSA_REPAIR,56,3390.0,613.9489176471543
2,750,7,LXSSA_REPAIR,57,3450.0,613.7881335324164
2,750,7,LXSSA_REPAIR,58,3510.0,613.6168670461593
2,750,7,LXSSA_REPAIR,59,3570.0,613.4752263742121
2,750,7,LXSSA_REPAIR,60,3630.0,613.4718081226238
2,750,7,LXSSA_REPAIR,61,3690.0,613.0744430138366
2,750,7,LXSSA_REPAIR,62,3750.0,612.9737950978742
2,750,7,LXSSA_REPAIR,63,3810.0,612.6546072211786
2,750,7,LXSSA_REPAIR,64,3870.0,611.803400969402
2,750,7,LXSSA_REPAIR,65,3930.0,611.6554035555382
2,750,7,LXSSA_REPAIR,66,3990.0,611.0786060035025
2,750,7,LXSSA_REPAIR,67,4050.0,608.5565726045606
2,750,7,LXSSA_REPAIR,68,4110.0,606.0452768035029
2,750,7,LXSSA_REPAIR,69,4170.0,604.4324819885696
2,750,7,LXSSA_REPAIR,70,4230.0,603.1976148254253
2,750,7,LXSSA_REPAIR,71,4290.0,601.9269329623348
2,750,7,LXSSA_REPAIR,72,4350.0,600.8395395929947
2,750,7,LXSSA_REPAIR,73,4410.0,600.2760395939113
2,750,7,LXSSA_REPAIR,74,4470.0,599.8842468758667
2,750,7,LXSSA_REPAIR,75,4530.0,599.7273667763839
2,750,7,LXSSA_REPAIR,76,4590.0,599.5711542717218
2,750,7,LXSSA_REPAIR,77,4650.0,599.2963428075709
2,750,7,LXSSA_REPAIR,78,4710.0,598.8134437692679
2,750,7,LXSSA_REPAIR,79,4770.0,597.7208930784291
2,750,7,LXSSA_REPAIR,80,4830.0,597.386135012388
2,750,7,LXSSA_REPAIR,81,4890.0,597.3337788373356
2,750,7,LXSSA_REPAIR,82,4950.0,597.28171028625
2,750,7,LXSSA_REPAIR,83,5010.0,597.1557124428291
2,750,7,LXSSA_REPAIR,84,5070.0,597.0381787980987
2,750,7,LXSSA_REPAIR,85,5130.0,597.014917333363
2,750,7,LXSSA_REPAIR,86,5190.0,596.980216139058
2,750,7,LXSSA_REPAIR,87,5250.0,596.8926128373496
2,750,7,LXSSA_REPAIR,88,5310.0,596.7821169165982
2,750,7,LXSSA_REPAIR,89,5370.0,596.2141101156194
2,750,7,LXSSA_REPAIR,90,5430.0,595.2936208440697
2,750,7,LXSSA_REPAIR,91,5490.0,594.6121765019234
2,750,7,LXSSA_REPAIR,92,5550.0,594.6103706550057
2,750,7,LXSSA_REPAIR,93,5610.0,594.6044716957949
2,750,7,LXSSA_REPAIR,94,5670.0,594.5997274308211
2,750,7,LXSSA_REPAIR,95,5730.0,594.5921384698559
2,750,7,LXSSA_REPAIR,96,5790.0,594.5781614700063
2,750,7,LXSSA_REPAIR,97,5850.0,594.5609891035492
2,750,7,LXSSA_REPAIR,98,5910.0,594.5593149670713
2,750,7,LXSSA_REPAIR,99,5970.0,594.5585262859349
2,750,7,LXSSA_REPAIR,100,6030.0,594.5574468976374
2,750,8,GNNLXSSA,0,30.0,2208.4703118028956
2,750,8,GNNLXSSA,1,594.0,1962.7172883762032
2,750,8,GNNLXSSA,2,608.0,1798.3093131028368
2,750,8,GNNLXSSA,3,622.0,1765.561872371487
2,750,8,GNNLXSSA,4,636.0,1722.030362817808
2,750,8,GNNLXSSA,5,650.0,1665.3450156709514
2,750,8,GNNLXSSA,6,664.0,1648.5560296992953
2,750,8,GNNLXSSA,7,678.0,1608.2174960896373
2,750,8,GNNLXSSA,8,691.0,1545.4519887835195
2,750,8,GNNLXSSA,9,705.0,1545.4519887835195
2,750,8,GNNLXSSA,10,718.0,1514.0410992930738
2,750,8,GNNLXSSA,11,732.0,1514.0410992930738
2,750,8,GNNLXSSA,12,746.0,1511.8112594618979
2,750,8,GNNLXSSA,13,759.0,1490.9075665876007
2,750,8,GNNLXSSA,14,773.0,1480.3873100003075
2,750,8,GNNLXSSA,15,787.0,1456.6197601237582
2,750,8,GNNLXSSA,16,800.0,1450.1030031120245
2,750,8,GNNLXSSA,17,814.0,1436.6199502726959
2,750,8,GNNLXSSA,18,828.0,1415.6689667262035
2,750,8,GNNLXSSA,19,841.0,1402.4896343018627
2,750,8,GNNLXSSA,20,855.0,1402.16574969465
2,750,8,GNNLXSSA,21,869.0,1360.864779040352
2,750,8,GNNLXSSA,22,883.0,1360.864779040352
2,750,8,GNNLXSSA,23,897.0,1352.619126483838
2,750,8,GNNLXSSA,24,911.0,1352.619126483838
2,750,8,GNNLXSSA,25,925.0,1340.2354286300542
2,750,8,GNNLXSSA,26,938.0,1335.8524692658575
2,750,8,GNNLXSSA,27,952.0,1335.8524692658575
2,750,8,GNNLXSSA,28,966.0,1335.8524692658575
2,750,8,GNNLXSSA,29,978.0,1321.599393118635
2,750,8,GNNLXSSA,30,991.0,1312.800936270789
2,750,8,GNNLXSSA,31,1005.0,1312.800936270789
2,750,8,GNNLXSSA,32,1019.0,1303.6032821135595
2,750,8,GNNLXSSA,33,1032.0,1297.4048641464033
2,750,8,GNNLXSSA,34,1046.0,1297.4048641464033
2,750,8,GNNLXSSA,35,1059.0,1290.8690235606773
2,750,8,GNNLXSSA,36,1073.0,1290.850695588102
2,750,8,GNNLXSSA,37,1086.0,1290.850695588102
2,750,8,GNNLXSSA,38,1100.0,1290.850695588102
2,750,8,GNNLXSSA,39,1114.0,1290.850695588102
2,750,8,GNNLXSSA,40,1128.0,1283.9011624835039
2,750,8,GNNLXSSA,41,1142.0,1274.114157213764
2,750,8,GNNLXSSA,42,1155.0,1274.114157213764
2,750,8,GNNLXSSA,43,1169.0,1272.7517401318364
2,750,8,GNNLXSSA,44,1183.0,1272.7517401318364
2,750,8,GNNLXSSA,45,1196.0,1269.0772217982667
2,750,8,GNNLXSSA,46,1210.0,1269.0772217982667
2,750,8,GNNLXSSA,47,1224.0,1258.1923552778826
2,750,8,GNNLXSSA,48,1237.0,1258.1923552778826
2,750,8,GNNLXSSA,49,1251.0,1242.272885035687
2,750,8,GNNLXSSA,50,1265.0,1242.272885035687
2,750,8,GNNLXSSA,51,1279.0,1212.6487029487398
2,750,8,GNNLXSSA,52,1293.0,1180.0259176751279
2,750,8,GNNLXSSA,53,1306.0,1171.9081490863027
2,750,8,GNNLXSSA,54,1318.0,1171.9081490863027
2,750,8,GNNLXSSA,55,1332.0,1171.9081490863027
2,750,8,GNNLXSSA,56,1346.0,1171.9081490863027
2,750,8,GNNLXSSA,57,1360.0,1142.4069808482673
2,750,8,GNNLXSSA,58,1374.0,1134.6871223079688
2,750,8,GNNLXSSA,59,1388.0,1109.283089991466
2,750,8,GNNLXSSA,60,1402.0,1097.1200053941102
2,750,8,GNNLXSSA,61,1415.0,1091.8484540371755
2,750,8,GNNLXSSA,62,1429.0,1091.8484540371755
2,750,8,GNNLXSSA,63,1443.0,1091.8484540371755
2,750,8,GNNLXSSA,64,1457.0,1090.9620867682243
2,750,8,GNNLXSSA,65,1471.0,1090.9620867682243
2,750,8,GNNLXSSA,66,1484.0,1080.7761699572584
2,750,8,GNNLXSSA,67,1497.0,1080.7761699572584
2,750,8,GNNLXSSA,68,1509.0,1066.3874070172606
2,750,8,GNNLXSSA,69,1523.0,1066.3874070172606
2,750,8,GNNLXSSA,70,1537.0,1066.3874070172606
2,750,8,GNNLXSSA,71,1550.0,1066.3874070172606
2,750,8,GNNLXSSA,72,1563.0,1066.3874070172606
2,750,8,GNNLXSSA,73,1576.0,1066.3874070172606
2,750,8,GNNLXSSA,74,1590.0,1066.3874070172606
2,750,8,GNNLXSSA,75,1604.0,1066.3874070172606
2,750,8,GNNLXSSA,76,1616.0,1055.4308443017399
2,750,8,GNNLXSSA,77,1629.0,1055.4308443017399
2,750,8,GNNLXSSA,78,1643.0,1041.714447495
2,750,8,GNNLXSSA,79,1657.0,1040.1301982931582
2,750,8,GNNLXSSA,80,1671.0,1040.1301982931582
2,750,8,GNNLXSSA,81,1685.0,1037.0634006162945
2,750,8,GNNLXSSA,82,1699.0,1037.0634006162945
2,750,8,GNNLXSSA,83,1712.0,1036.9455043031776
2,750,8,GNNLXSSA,84,1725.0,1036.936870838108
2,750,8,GNNLXSSA,85,1739.0,1036.936870838108
2,750,8,GNNLXSSA,86,1752.0,1036.9307356315876
2,750,8,GNNLXSSA,87,1766.0,1036.9205787178798
2,750,8,GNNLXSSA,88,1780.0,1036.9205787178798
2,750,8,GNNLXSSA,89,1792.0,1036.9205787178798
2,750,8,GNNLXSSA,90,1806.0,1036.9205787178798
2,750,8,GNNLXSSA,91,1819.0,1036.473647939063
2,750,8,GNNLXSSA,92,1832.0,1034.1011338050812
2,750,8,GNNLXSSA,93,1846.0,1034.1011338050812
2,750,8,GNNLXSSA,94,1859.0,1033.3149006055428
2,750,8,GNNLXSSA,95,1873.0,1032.421338175096
2,750,8,GNNLXSSA,96,1886.0,1032.2316948930384
2,750,8,GNNLXSSA,97,1899.0,1029.5709372421152
2,750,8,GNNLXSSA,98,1913.0,1029.4073404849296
2,750,8,GNNLXSSA,99,1926.0,1029.4073404849296
2,750,8,GNNLXSSA,100,1940.0,1029.4073404849296
2,750,8,LXSSA_REPAIR,0,30.0,2240.5228153685093
2,750,8,LXSSA_REPAIR,1,90.0,1981.7561131264629
2,750,8,LXSSA_REPAIR,2,150.0,1938.4136799627486
2,750,8,LXSSA_REPAIR,3,210.0,1760.7616412091338
2,750,8,LXSSA_REPAIR,4,270.0,1676.4872927108336
2,750,8,LXSSA_REPAIR,5,330.0,1608.193299578572
2,750,8,LXSSA_REPAIR,6,390.0,1529.22252866911
2,750,8,LXSSA_REPAIR,7,450.0,1470.3838792161223
2,750,8,LXSSA_REPAIR,8,510.0,1448.1762915370782
2,750,8,LXSSA_REPAIR,9,570.0,1415.5125737247872
2,750,8,LXSSA_REPAIR,10,630.0,1393.9494813434685
2,750,8,LXSSA_REPAIR,11,690.0,1372.4106791636223
2,750,8,LXSSA_REPAIR,12,750.0,1361.238537386227
2,750,8,LXSSA_REPAIR,13,810.0,1356.518408973021
2,750,8,LXSSA_REPAIR,14,870.0,1320.5942130428957
2,750,8,LXSSA_REPAIR,15,930.0,1315.0799214802355
2,750,8,LXSSA_REPAIR,16,990.0,1314.737963350799
2,750,8,LXSSA_REPAIR,17,1050.0,1298.1770944946184
2,750,8,LXSSA_REPAIR,18,1110.0,1283.97494240808
2,750,8,LXSSA_REPAIR,19,1170.0,1272.7217897088885
2,750,8,LXSSA_REPAIR,20,1230.0,1259.3846055100475
2,750,8,LXSSA_REPAIR,21,1290.0,1249.7898896764127
2,750,8,LXSSA_REPAIR,22,1350.0,1245.8611414807528
2,750,8,LXSSA_REPAIR,23,1410.0,1243.701626317903
2,750,8,LXSSA_REPAIR,24,1470.0,1239.6843844075484
2,750,8,LXSSA_REPAIR,25,1530.0,1232.4178717937248
2,750,8,LXSSA_REPAIR,26,1590.0,1230.3610605869326
2,750,8,LXSSA_REPAIR,27,1650.0,1214.7958244074034
2,750,8,LXSSA_REPAIR,28,1710.0,1194.1574151867026
2,750,8,LXSSA_REPAIR,29,1770.0,1183.7497379854722
2,750,8,LXSSA_REPAIR,30,1830.0,1178.8915771666943
2,750,8,LXSSA_REPAIR,31,1890.0,1174.610987923399
2,750,8,LXSSA_REPAIR,32,1950.0,1173.5492526253438
2,750,8,LXSSA_REPAIR,33,2010.0,1169.044344254893
2,750,8,LXSSA_REPAIR,34,2070.0,1168.428297460705
2,750,8,LXSSA_REPAIR,35,2130.0,1167.9828480294527
2,750,8,LXSSA_REPAIR,36,2190.0,1166.5382343287492
2,750,8,LXSSA_REPAIR,37,2250.0,1159.6675039438996
2,750,8,LXSSA_REPAIR,38,2310.0,1159.4870088556818
2,750,8,LXSSA_REPAIR,39,2370.0,1159.0985318015191
2,750,8,LXSSA_REPAIR,40,2430.0,1152.6977921009566
2,750,8,LXSSA_REPAIR,41,2490.0,1145.7150190933971
2,750,8,LXSSA_REPAIR,42,2550.0,1143.8266418324638
2,750,8,LXSSA_REPAIR,43,2610.0,1143.0743584281263
2,750,8,LXSSA_REPAIR,44,2670.0,1132.2006436356787
2,750,8,LXSSA_REPAIR,45,2730.0,1124.1743075437334
2,750,8,LXSSA_REPAIR,46,2790.0,1122.0119754725602
2,750,8,LXSSA_REPAIR,47,2850.0,1119.9935498626874
2,750,8,LXSSA_REPAIR,48,2910.0,1118.954760443834
2,750,8,LXSSA_REPAIR,49,2970.0,1118.348806094924
2,750,8,LXSSA_REPAIR,50,3030.0,1118.1145216438454
2,750,8,LXSSA_REPAIR,51,3090.0,1117.8342119754961
2,750,8,LXSSA_REPAIR,52,3150.0,1116.9905240613298
2,750,8,LXSSA_REPAIR,53,3210.0,1113.1219810698785
2,750,8,LXSSA_REPAIR,54,3270.0,1112.6534302935797
2,750,8,LXSSA_REPAIR,55,3330.0,1111.1644970781635
2,750,8,LXSSA_REPAIR,56,3390.0,1109.149732680613
2,750,8,LXSSA_REPAIR,57,3450.0,1108.2495247203115
2,750,8,LXSSA_REPAIR,58,3510.0,1106.0951597919375
2,750,8,LXSSA_REPAIR,59,3570.0,1098.0446593059678
2,750,8,LXSSA_REPAIR,60,3630.0,1097.784316742116
2,750,8,LXSSA_REPAIR,61,3690.0,1095.5097909684591
2,750,8,LXSSA_REPAIR,62,3750.0,1095.5097909684591
2,750,8,LXSSA_REPAIR,63,3810.0,1095.2800662569061
2,750,8,LXSSA_REPAIR,64,3870.0,1094.9971702603725
2,750,8,LXSSA_REPAIR,65,3930.0,1094.6188322967428
2,750,8,LXSSA_REPAIR,66,3990.0,1094.4776972512554
2,750,8,LXSSA_REPAIR,67,4050.0,1094.061158896904
2,750,8,LXSSA_REPAIR,68,4110.0,1093.7984728733936
2,750,8,LXSSA_REPAIR,69,4170.0,1093.097611995432
2,750,8,LXSSA_REPAIR,70,4230.0,1092.5608452529268
2,750,8,LXSSA_REPAIR,71,4290.0,1092.434343299159
2,750,8,LXSSA_REPAIR,72,4350.0,1092.1870037031404
2,750,8,LXSSA_REPAIR,73,4410.0,1092.139512410522
2,750,8,LXSSA_REPAIR,74,4470.0,1091.7027184152867
2,750,8,LXSSA_REPAIR,75,4530.0,1091.3900301012509
2,750,8,LXSSA_REPAIR,76,4590.0,1091.1771103772626
2,750,8,LXSSA_REPAIR,77,4650.0,1090.9242160129434
2,750,8,LXSSA_REPAIR,78,4710.0,1090.7716784270087
2,750,8,LXSSA_REPAIR,79,4770.0,1090.256590579851
2,750,8,LXSSA_REPAIR,80,4830.0,1089.8861951115687
2,750,8,LXSSA_REPAIR,81,4890.0,1087.897397662331
2,750,8,LXSSA_REPAIR,82,4950.0,1087.0787799206519
2,750,8,LXSSA_REPAIR,83,5010.0,1086.5240534627264
2,750,8,LXSSA_REPAIR,84,5070.0,1086.024679290691
2,750,8,LXSSA_REPAIR,85,5130.0,1085.9117882813953
2,750,8,LXSSA_REPAIR,86,5190.0,1085.7130194726487
2,750,8,LXSSA_REPAIR,87,5250.0,1085.3928810301077
2,750,8,LXSSA_REPAIR,88,5310.0,1084.5942458268255
2,750,8,LXSSA_REPAIR,89,5370.0,1084.3196812654096
2,750,8,LXSSA_REPAIR,90,5430.0,1084.2713523222483
2,750,8,LXSSA_REPAIR,91,5490.0,1084.1684786961087
2,750,8,LXSSA_REPAIR,92,5550.0,1083.8991345652903
2,750,8,LXSSA_REPAIR,93,5610.0,1083.7210942090278
2,750,8,LXSSA_REPAIR,94,5670.0,1083.6850990972926
2,750,8,LXSSA_REPAIR,95,5730.0,1083.6245109918818
2,750,8,LXSSA_REPAIR,96,5790.0,1083.5337836231338
2,750,8,LXSSA_REPAIR,97,5850.0,1083.4693445437842
2,750,8,LXSSA_REPAIR,98,5910.0,1083.4553399703145
2,750,8,LXSSA_REPAIR,99,5970.0,1083.4476755806754
2,750,8,LXSSA_REPAIR,100,6030.0,1083.4474772232752
2,750,9,GNNLXSSA,0,30.0,3014.5810145805954
2,750,9,GNNLXSSA,1,658.0,2799.2950388415265
2,750,9,GNNLXSSA,2,672.0,2619.1578717503253
2,750,9,GNNLXSSA,3,686.0,2519.5738787631417
2,750,9,GNNLXSSA,4,700.0,2431.2597938093168
2,750,9,GNNLXSSA,5,713.0,2396.6118868407284
2,750,9,GNNLXSSA,6,726.0,2393.7366772423557
2,750,9,GNNLXSSA,7,740.0,2322.079581120339
2,750,9,GNNLXSSA,8,753.0,2269.2773358182058
2,750,9,GNNLXSSA,9,767.0,2262.753869162818
2,750,9,GNNLXSSA,10,781.0,2254.135643174661
2,750,9,GNNLXSSA,11,794.0,2204.572611938893
2,750,9,GNNLXSSA,12,807.0,2147.4075381046932
2,750,9,GNNLXSSA,13,820.0,2147.4075381046932
2,750,9,GNNLXSSA,14,834.0,2147.4075381046932
2,750,9,GNNLXSSA,15,848.0,2144.758689618353
2,750,9,GNNLXSSA,16,862.0,2144.758689618353
2,750,9,GNNLXSSA,17,876.0,2139.987004255556
2,750,9,GNNLXSSA,18,890.0,2105.36515957578
2,750,9,GNNLXSSA,19,903.0,2105.36515957578
2,750,9,GNNLXSSA,20,917.0,2105.36515957578
2,750,9,GNNLXSSA,21,930.0,2105.36515957578
2,750,9,GNNLXSSA,22,942.0,2050.491611659025
2,750,9,GNNLXSSA,23,956.0,2050.491611659025
2,750,9,GNNLXSSA,24,970.0,2049.683609018073
2,750,9,GNNLXSSA,25,983.0,2049.683609018073
2,750,9,GNNLXSSA,26,997.0,2002.189582685085
2,750,9,GNNLXSSA,27,1011.0,2002.189582685085
2,750,9,GNNLXSSA,28,1025.0,2002.189582685085
2,750,9,GNNLXSSA,29,1038.0,1998.9754035510523
2,750,9,GNNLXSSA,30,1052.0,1998.9754035510523
2,750,9,GNNLXSSA,31,1066.0,1988.4765019540027
2,750,9,GNNLXSSA,32,1080.0,1988.4765019540027
2,750,9,GNNLXSSA,33,1093.0,1988.4765019540027
2,750,9,GNNLXSSA,34,1107.0,1988.4765019540027
2,750,9,GNNLXSSA,35,1121.0,1988.4765019540027
2,750,9,GNNLXSSA,36,1135.0,1988.4765019540027
2,750,9,GNNLXSSA,37,1148.0,1988.4765019540027
2,750,9,GNNLXSSA,38,1161.0,1988.4765019540027
2,750,9,GNNLXSSA,39,1175.0,1988.4765019540027
2,750,9,GNNLXSSA,40,1189.0,1983.6968355416502
2,750,9,GNNLXSSA,41,1202.0,1983.6968355416502
2,750,9,GNNLXSSA,42,1215.0,1977.662510989645
2,750,9,GNNLXSSA,43,1229.0,1977.662510989645
2,750,9,GNNLXSSA,44,1242.0,1977.662510989645
2,750,9,GNNLXSSA,45,1256.0,1977.662510989645
2,750,9,GNNLXSSA,46,1269.0,1977.662510989645
2,750,9,GNNLXSSA,47,1282.0,1977.662510989645
2,750,9,GNNLXSSA,48,1296.0,1970.0575416322608
2,750,9,GNNLXSSA,49,1309.0,1958.401349934462
2,750,9,GNNLXSSA,50,1323.0,1958.401349934462
2,750,9,GNNLXSSA,51,1337.0,1957.7732144560905
2,750,9,GNNLXSSA,52,1351.0,1939.1033874785207
2,750,9,GNNLXSSA,53,1364.0,1922.7575777846287
2,750,9,GNNLXSSA,54,1378.0,1916.9690746407687
2,750,9,GNNLXSSA,55,1391.0,1916.9690746407687
2,750,9,GNNLXSSA,56,1405.0,1916.9690746407687
2,750,9,GNNLXSSA,57,1418.0,1910.4584334807914
2,750,9,GNNLXSSA,58,1432.0,1898.049658804095
2,750,9,GNNLXSSA,59,1446.0,1898.049658804095
2,750,9,GNNLXSSA,60,1460.0,1898.049658804095
2,750,9,GNNLXSSA,61,1474.0,1898.049658804095
2,750,9,GNNLXSSA,62,1487.0,1880.3268169343683
2,750,9,GNNLXSSA,63,1500.0,1878.7230372122394
2,750,9,GNNLXSSA,64,1513.0,1878.1909954317016
2,750,9,GNNLXSSA,65,1527.0,1878.1909954317016
2,750,9,GNNLXSSA,66,1541.0,1878.1909954317016
2,750,9,GNNLXSSA,67,1554.0,1878.1909954317016
2,750,9,GNNLXSSA,68,1568.0,1873.603998368566
2,750,9,GNNLXSSA,69,1582.0,1873.603998368566
2,750,9,GNNLXSSA,70,1596.0,1873.603998368566
2,750,9,GNNLXSSA,71,1610.0,1871.8390469578226
2,750,9,GNNLXSSA,72,1624.0,1871.8390469578226
2,750,9,GNNLXSSA,73,1637.0,1871.6383102736108
2,750,9,GNNLXSSA,74,1651.0,1869.3519947892237
2,750,9,GNNLXSSA,75,1664.0,1869.335290618612
2,750,9,GNNLXSSA,76,1678.0,1868.723385454723
2,750,9,GNNLXSSA,77,1692.0,1868.723385454723
2,750,9,GNNLXSSA,78,1704.0,1861.6633836209294
2,750,9,GNNLXSSA,79,1718.0,1861.6519120461344
2,750,9,GNNLXSSA,80,1732.0,1861.6519120461344
2,750,9,GNNLXSSA,81,1746.0,1861.6519120461344
2,750,9,GNNLXSSA,82,1760.0,1861.6519120461344
2,750,9,GNNLXSSA,83,1772.0,1858.5576173481495
2,750,9,GNNLXSSA,84,1786.0,1858.5500386347667
2,750,9,GNNLXSSA,85,1800.0,1858.5308971852028
2,750,9,GNNLXSSA,86,1814.0,1858.5308971852028
2,750,9,GNNLXSSA,87,1828.0,1856.2512032973864
2,750,9,GNNLXSSA,88,1841.0,1836.4863288614943
2,750,9,GNNLXSSA,89,1855.0,1832.5444790732327
2,750,9,GNNLXSSA,90,1869.0,1832.5397249832895
2,750,9,GNNLXSSA,91,1883.0,1832.5397249832895
2,750,9,GNNLXSSA,92,1897.0,1832.5397249832895
2,750,9,GNNLXSSA,93,1911.0,1832.5397249832895
2,750,9,GNNLXSSA,94,1925.0,1831.3528245079542
2,750,9,GNNLXSSA,95,1939.0,1829.5976892630424
2,750,9,GNNLXSSA,96,1952.0,1829.5976892630424
2,750,9,GNNLXSSA,97,1966.0,1820.5372291202766
2,750,9,GNNLXSSA,98,1980.0,1814.5951527761827
2,750,9,GNNLXSSA,99,1994.0,1814.301236635678
2,750,9,GNNLXSSA,100,2008.0,1814.2814780650879
2,750,9,LXSSA_REPAIR,0,30.0,3027.5933670901904
2,750,9,LXSSA_REPAIR,1,90.0,2720.9359240978556
2,750,9,LXSSA_REPAIR,2,150.0,2607.6431147701405
2,750,9,LXSSA_REPAIR,3,210.0,2443.9485814820364
2,750,9,LXSSA_REPAIR,4,270.0,2351.816251207223
2,750,9,LXSSA_REPAIR,5,330.0,2274.417681669176
2,750,9,LXSSA_REPAIR,6,390.0,2216.5359091727296
2,750,9,LXSSA_REPAIR,7,450.0,2161.130358009028
2,750,9,LXSSA_REPAIR,8,510.0,2124.41992614244
2,750,9,LXSSA_REPAIR,9,570.0,2091.702990599555
2,750,9,LXSSA_REPAIR,10,630.0,2062.3713341906187
2,750,9,LXSSA_REPAIR,11,690.0,2052.2109010951754
2,750,9,LXSSA_REPAIR,12,750.0,2041.6373240497342
2,750,9,LXSSA_REPAIR,13,810.0,2033.1845376190904
2,750,9,LXSSA_REPAIR,14,870.0,2032.7454821493448
2,750,9,LXSSA_REPAIR,15,930.0,2027.6633256588575
2,750,9,LXSSA_REPAIR,16,990.0,2016.048988426901
2,750,9,LXSSA_REPAIR,17,1050.0,1966.8582838790899
2,750,9,LXSSA_REPAIR,18,1110.0,1941.6861600996926
2,750,9,LXSSA_REPAIR,19,1170.0,1932.2998520307483
2,750,9,LXSSA_REPAIR,20,1230.0,1914.2331636163362
2,750,9,LXSSA_REPAIR,21,1290.0,1898.7453752031506
2,750,9,LXSSA_REPAIR,22,1350.0,1886.4420592933457
2,750,9,LXSSA_REPAIR,23,1410.0,1881.4672075726085
2,750,9,LXSSA_REPAIR,24,1470.0,1864.6602134607929
2,750,9,LXSSA_REPAIR,25,1530.0,1844.276772050609
2,750,9,LXSSA_REPAIR,26,1590.0,1842.3554611217041
2,750,9,LXSSA_REPAIR,27,1650.0,1841.0415783314347
2,750,9,LXSSA_REPAIR,28,1710.0,1837.5513130444415
2,750,9,LXSSA_REPAIR,29,1770.0,1829.6286488927362
2,750,9,LXSSA_REPAIR,30,1830.0,1825.0067133757584
2,750,9,LXSSA_REPAIR,31,1890.0,1821.4757566034968
2,750,9,LXSSA_REPAIR,32,1950.0,1819.7354165851611
2,750,9,LXSSA_REPAIR,33,2010.0,1817.6244970227744
2,750,9,LXSSA_REPAIR,34,2070.0,1799.178292167453
2,750,9,LXSSA_REPAIR,35,2130.0,1789.6000394146577
2,750,9,LXSSA_REPAIR,36,2190.0,1789.3535780339444
2,750,9,LXSSA_REPAIR,37,2250.0,1782.304397977041
2,750,9,LXSSA_REPAIR,38,2310.0,1740.5619074453825
2,750,9,LXSSA_REPAIR,39,2370.0,1736.4319735818572
2,750,9,LXSSA_REPAIR,40,2430.0,1732.9575432903548
2,750,9,LXSSA_REPAIR,41,2490.0,1730.4801967914864
2,750,9,LXSSA_REPAIR,42,2550.0,1727.766047185687
2,750,9,LXSSA_REPAIR,43,2610.0,1716.9535413571502
2,750,9,LXSSA_REPAIR,44,2670.0,1712.3201352680444
2,750,9,LXSSA_REPAIR,45,2730.0,1707.8091407238317
2,750,9,LXSSA_REPAIR,46,2790.0,1702.1209318387082
2,750,9,LXSSA_REPAIR,47,2850.0,1693.736448349464
2,750,9,LXSSA_REPAIR,48,2910.0,1688.7449488459752
2,750,9,LXSSA_REPAIR,49,2970.0,1686.777228224073
2,750,9,LXSSA_REPAIR,50,3030.0,1685.8981213101397
2,750,9,LXSSA_REPAIR,51,3090.0,1663.5671283841039
2,750,9,LXSSA_REPAIR,52,3150.0,1660.765462323514
2,750,9,LXSSA_REPAIR,53,3210.0,1652.5898547934812
2,750,9,LXSSA_REPAIR,54,3270.0,1644.3056206586734
2,750,9,LXSSA_REPAIR,55,3330.0,1641.16334222566
2,750,9,LXSSA_REPAIR,56,3390.0,1640.3361500429673
2,750,9,LXSSA_REPAIR,57,3450.0,1638.0663048546085
2,750,9,LXSSA_REPAIR,58,3510.0,1637.206864263706
2,750,9,LXSSA_REPAIR,59,3570.0,1633.6223287721077
2,750,9,LXSSA_REPAIR,60,3630.0,1630.8111777644262
2,750,9,LXSSA_REPAIR,61,3690.0,1630.0127896806116
2,750,9,LXSSA_REPAIR,62,3750.0,1629.7379599373926
2,750,9,LXSSA_REPAIR,63,3810.0,1627.0392848896045
2,750,9,LXSSA_REPAIR,64,3870.0,1624.7456180234803
2,750,9,LXSSA_REPAIR,65,3930.0,1623.2161321816602
2,750,9,LXSSA_REPAIR,66,3990.0,1617.3251692011108
2,750,9,LXSSA_REPAIR,67,4050.0,1610.0374804819694
2,750,9,LXSSA_REPAIR,68,4110.0,1605.8459520856304
2,750,9,LXSSA_REPAIR,69,4170.0,1600.386523082212
2,750,9,LXSSA_REPAIR,70,4230.0,1598.6660248829103
2,750,9,LXSSA_REPAIR,71,4290.0,1597.6171677955317
2,750,9,LXSSA_REPAIR,72,4350.0,1596.73458626942
2,750,9,LXSSA_REPAIR,73,4410.0,1592.0853443869782
2,750,9,LXSSA_REPAIR,74,4470.0,1589.6164509786322
2,750,9,LXSSA_REPAIR,75,4530.0,1588.5627503261749
2,750,9,LXSSA_REPAIR,76,4590.0,1588.0595030955992
2,750,9,LXSSA_REPAIR,77,4650.0,1587.550715712554
2,750,9,LXSSA_REPAIR,78,4710.0,1587.1378821741127
2,750,9,LXSSA_REPAIR,79,4770.0,1586.7089437682334
2,750,9,LXSSA_REPAIR,80,4830.0,1585.9198358780923
2,750,9,LXSSA_REPAIR,81,4890.0,1585.4570677661213
2,750,9,LXSSA_REPAIR,82,4950.0,1584.1232218961304
2,750,9,LXSSA_REPAIR,83,5010.0,1583.2961310112732
2,750,9,LXSSA_REPAIR,84,5070.0,1583.1855416522558
2,750,9,LXSSA_REPAIR,85,5130.0,1583.0796755216143
2,750,9,LXSSA_REPAIR,86,5190.0,1582.679923043037
2,750,9,LXSSA_REPAIR,87,5250.0,1582.0822577223662
2,750,9,LXSSA_REPAIR,88,5310.0,1581.7625585066853
2,750,9,LXSSA_REPAIR,89,5370.0,1581.5765662189333
2,750,9,LXSSA_REPAIR,90,5430.0,1581.5244379301766
2,750,9,LXSSA_REPAIR,91,5490.0,1581.4593497878413
2,750,9,LXSSA_REPAIR,92,5550.0,1581.3342860198863
2,750,9,LXSSA_REPAIR,93,5610.0,1581.1039793538766
2,750,9,LXSSA_REPAIR,94,5670.0,1580.8210679445583
2,750,9,LXSSA_REPAIR,95,5730.0,1580.1031151656935
2,750,9,LXSSA_REPAIR,96,5790.0,1579.6747375337873
2,750,9,LXSSA_REPAIR,97,5850.0,1579.6218479063973
2,750,9,LXSSA_REPAIR,98,5910.0,1579.5922554853933
2,750,9,LXSSA_REPAIR,99,5970.0,1579.538262865888
2,750,9,LXSSA_REPAIR,100,6030.0,1579.3912061705341
