Radius,Turbines,Seed,Algorithm,WakeLoss,EnergyProduction,Runtime,RuntimeSingleRun,Evaluations,ObjectiveCalls,SurrogateInferences,SurrogateTrainPasses,Iterations,GateAdmissionRate,Dataset,Coordinates
1000,18,1,LXSSA_REPAIR,5613.090179191262,247210.18302080876,4.336960629433331,,6030,6030,0,0,100,0.0,1,709.1939656447995 -546.0495214398411;-55.806917832281215 -946.4299261366874;-479.66663042435823 642.9772643026672;327.1806614032097 167.92006520486552;-362.80463228936975 348.3042278727725;-56.154236700203775 307.88070342763956;976.4080826543931 164.46617587289097;-972.1409823334933 -149.9767059035512;381.8046829090078 924.2393406480516;-826.1116028942077 260.19440190835337;-403.25101885425556 -689.555698049404;462.25096611278985 -216.4515001686246;325.64686273393687 -728.3136215601943;962.5313698612753 -271.0968501623902;112.05116350028571 -204.37601026991044;700.7823534351395 555.1894573653634;-626.2067518908207 -335.1158749886812;86.98951786137042 597.9070035446749
1000,18,2,LXSSA_REPAIR,6194.0724592498445,246629.20074075012,4.336960629433331,,6030,6030,0,0,100,0.0,1,323.730442878596 -740.7696680794515;-217.11119460059663 559.552511424476;727.2954713193975 453.40730141340026;738.331230659811 -171.63446685048467;-388.7178820735332 -535.2386805518561;-112.39455405480652 942.9978874291572;73.10826945686583 255.5182560089595;599.5965263409729 130.34003788398522;-470.2532820288187 838.6080049760644;-218.41448896651352 -117.52048920387067;7.30459365379145 -640.6942712476475;-774.5561794339066 -492.92415453831336;422.61741312898556 625.4022447711119;894.3826353835914 -440.0447787199282;341.91958312204594 -300.29646764323934;-969.8195780654469 -155.42649424491034;-755.5364584697992 237.29331817919893;-535.2433416377808 -121.20479935370753
1000,18,3,LXSSA_REPAIR,5302.905506593263,247520.36769340676,4.336960629433331,,6030,6030,0,0,100,0.0,1,227.97304348869224 59.201268866505764;-291.07854015979916 45.463091155702536;250.12237212827057 968.2142319553699;90.13098586229754 508.2500636966788;-941.5880632816525 -314.78009000074763;930.9104487443456 -303.0411382903967;417.3134682183232 -587.1650496835296;-808.8810214016813 138.77460960880083;696.0883706936856 647.5278547700021;448.8974838787241 274.747130609451;173.24052772794295 -984.5981931267858;-562.4582587458228 -821.277702972014;-336.8760600238619 940.8812599918414;-83.7407204225115 -334.22318036032243;-258.98025975618026 -760.1784372322966;-464.8979994310807 -524.2170645652324;754.474130368088 -635.0675273419732;-491.69071276285774 380.67957121906056
1000,18,4,LXSSA_REPAIR,7157.09097179104,245666.18222820896,4.336960629433331,,6030,6030,0,0,100,0.0,1,408.5192583014829 -359.9409191214411;609.0494418500857 729.7287083619033;-104.8925628658254 651.5563318707127;129.72437060399744 -984.6580579517242;117.3593364675594 214.48714439488705;374.7830005067614 488.5970762645063;912.9420156991685 -183.5141332018394;933.8236879945216 296.42892185285297;592.5129896069496 128.02662971975084;-895.0703254416421 -6.4781231292469945;-626.5412441788161 145.19112257768137;-151.95091888240566 -227.83493433906793;-883.247139442112 406.40464165380115;-480.0184419999056 666.1349340144765;-911.0210890372938 -369.5476362614113;107.35288746161547 964.822864140168;-22.27344116652568 -553.81956670227;595.8542626720082 -721.1737305145056
1000,18,5,LXSSA_REPAIR,6439.729074673727,246383.54412532627,4.336960629433331,,6030,6030,0,0,100,0.0,1,932.2377099716375 303.42784966144984;273.9116136918248 -830.6188093621583;-8.06678952831262 -670.0526656254436;-462.74850172634603 -87.01136095991313;-969.6135899170857 -222.58398436632422;914.954171006339 -317.07983006471954;-462.00314289071076 795.7200493595332;-717.1241951300561 392.2584719539096;613.9166739436386 155.3510812561555;620.8886727864443 686.1009334155449;-147.0317689625356 -384.49718197151725;55.69603191665034 706.5457347340785;418.7948951720698 -252.92269735022813;37.93222176960113 291.9162016934715;-956.304584264575 179.60472614736034;-696.7816009552334 -476.9673902106617;-181.17664524302734 925.4722317226823;-471.42616454217494 -736.8120980493352
1000,18,6,LXSSA_REPAIR,4681.968549925077,248141.3046500749,4.336960629433331,,6030,6030,0,0,100,0.0,1,100.47072483942544 -327.42371261477876;-117.20312946846924 363.1131415630327;830.4839702440563 -351.3317773170999;-110.88038020345637 -852.0759470848586;-298.94378844372875 -292.5716284124499;416.2923026147742 -134.166135621035;394.4121359234686 -748.2468895932697;-475.307229464013 276.2823975641722;-294.41423481887364 902.4871954757231;111.87086049840059 142.8559061817333;-643.8559103521443 -508.39680782423255;999.7475684480784 -18.31127282043568;-991.2063988868805 -96.12793592086797;105.79008930837841 861.5549796252575;650.7149281515482 346.21103095424473;-851.3411587877675 341.8553229413777;451.1547917964652 820.2694373145691;-630.0386041837637 739.1432013331315
1000,18,7,LXSSA_REPAIR,4968.652951747761,247854.62024825223,4.336960629433331,,6030,6030,0,0,100,0.0,1,422.2615754115113 -640.7027679728341;-358.80058401371275 -903.2053660063186;-736.0326766659865 -631.1447250873189;-144.70196292518705 -436.3853998829176;-372.64142572677855 464.3004946283912;258.44015880268796 -247.8456029921155;209.52539706915823 752.0458794010106;-762.1162572628364 645.5635166469337;847.5121581594929 -403.210872781647;-948.2129643156305 96.43678978795496;-262.09795804466506 786.260225218575;513.9929724404802 799.5808687561843;82.13200750391356 -838.5319820936032;997.1334286968234 75.65897287522546;671.5130727867185 269.0989264555101;840.7587641403024 532.8570277300374;-11.221351752182178 967.2293097724043;-548.565913699077 -309.392321458297
1000,18,8,LXSSA_REPAIR,6300.809341406159,246522.46385859384,4.336960629433331,,6030,6030,0,0,100,0.0,1,773.1192638977068 109.31715435017581;-111.94364635518431 709.4391876654325;138.73387849949205 -596.7922721328413;317.5994377611522 826.7491303045907;-841.2041067807124 513.7063427009048;311.28488444282993 245.82616768800565;750.8316342858177 -660.4936464158366;-355.279470278668 -900.3457839347985;-253.60336950164793 112.929024932657;5.807728907865207 -990.6944064157282;-729.7089031744481 223.18709416846087;-568.0516195118005 -126.08986130209102;885.5716092573987 452.19498364662144;-765.6258171072604 -486.3942455667632;-245.14319277035588 -583.9580787773568;-883.7253816268761 -201.67794964601129;546.1290606288854 -115.18962881482193;-530.7475544000121 785.5968312684195
1000,18,9,LXSSA_REPAIR,5791.1606656436925,247032.1125343563,4.336960629433331,,6030,6030,0,0,100,0.0,1,804.150435663741 202.87318266831645;-214.07865798654998 12.497840266544275;-10.636094549307664 345.3905093326983;522.3581467872398 475.7223214801497;-227.24483183436413 -829.2519811794688;-203.08046705174542 686.2330099278778;478.6185541149707 -441.697889141916;-442.0151509684268 456.59799152063687;256.37942013602924 -695.1558341074061;936.915836706515 -152.40643535448564;-878.4797913497922 211.98670769255216;263.98464569745096 -108.06427960344497;-446.59546240025446 -466.9831519497091;-624.4989973656319 -94.57773869630581;-885.0034515192568 -357.94369419179776;793.1679361724396 -459.9018248247655;537.7243787484495 843.1206752108081;606.8700368108518 -741.3925579230439
1000,18,10,LXSSA_REPAIR,4944.785544821818,247878.48765517815,4.336960629433331,,6030,6030,0,0,100,0.0,1,492.20284566807334 -754.4649233770415;575.1030357309837 749.2216405774202;-345.31088247217247 -608.9768924639509;156.622288167663 -545.0480958731315;958.2900412122017 -202.27723665729624;-195.66066244895836 642.1473881557944;-496.28142242693644 -169.0543944806001;-918.4128973962451 257.38774569424623;156.25235711183115 861.3461102792317;824.4618862994124 154.81514254456687;814.4078932310529 -578.504818704399;-75.12088708957509 335.3815067565575;-667.7631072321777 -696.8512747052594;-689.5467021736386 488.471598716732;-185.03115156947896 -980.8919316315266;455.50908727921757 370.0410248589753;-439.08099682433607 896.9245812720646;-192.82467208058273 -39.55317946699312
1000,18,11,LXSSA_REPAIR,4537.305433573376,248285.96776642665,4.336960629433331,,6030,6030,0,0,100,0.0,1,-349.7303025421426 513.5079760338568;557.1355606758917 28.194843092225;-808.4282071492836 -560.8650067282938;941.4164158085727 238.24571303329122;109.98801003381323 10.153508274831037;83.77996977951777 -880.7634673420079;-455.23906307535384 -885.3312087763118;-210.3159793706537 896.3430467272161;84.73196305901727 987.9173967457513;383.78252601846225 -609.5665807964822;-825.0806269672878 299.53075481660045;778.459988567194 624.8410899959061;396.38186551713807 429.98664094715843;-69.319200287023 -602.7569737253696;-984.3063904684559 -176.46737552462204;735.2932792305057 -539.2385258108537;-476.46554406423485 97.11409245446387;-722.2664946626156 601.9353147258219
1000,18,12,LXSSA_REPAIR,4912.784762902069,247910.48843709796,4.336960629433331,,6030,6030,0,0,100,0.0,1,696.267391587099 627.0654344304619;-829.258968276877 428.5060135887429;-618.9271186650435 -59.032841290457895;-839.3535086089278 -338.64280104116165;-392.6365468733416 155.37074012311263;-238.99541226873654 -306.46143795293494;725.2068415965697 -403.7233117313726;-636.0451565200595 704.3136057542007;252.3974579294376 773.2845167790496;-22.443248307568634 999.7480447935933;292.04931545062715 -171.20450845932828;978.2018618178968 190.4290630195018;-990.9270407570701 133.30873186647028;-63.38518470847358 -881.8699085816748;536.4519645203794 87.66090982254104;540.1723225749269 -744.8970552858499;-406.62561448418694 -729.1679984924576;-40.239784884827195 503.94239208959016
1000,18,13,LXSSA_REPAIR,6073.079927111336,246750.19327288863,4.336960629433331,,6030,6030,0,0,100,0.0,1,691.0116624835796 40.77930676276895;-67.73756344253277 550.3918499029517;975.2279612781101 207.29858511087204;364.01080190554615 -824.5437756499243;40.665619353992696 210.5211084227668;397.3307919154421 338.8274467463501;-650.6341112335296 515.7167540498887;-884.7443943796613 93.42802506635316;228.5912556219308 888.1858276472959;-229.7486732778981 959.7577374006349;509.7719999901801 697.6087907409742;-230.95262239476625 -228.44879962169557;165.43924054293274 -133.9784678504073;-381.83896497503827 -924.227662780046;-643.3014183629366 -299.54386779496787;962.3615846409404 -248.38148760534068;18.05807438728492 -470.08622191871825;-390.62644136573084 226.43259645879405
1000,18,14,LXSSA_REPAIR,5629.070444579964,247194.20275542003,4.336960629433331,,6030,6030,0,0,100,0.0,1,467.0200473402472 463.15781243772824;-458.06831699865177 801.6170523083783;-826.8658858522631 399.50502438348565;-33.56806233127212 -708.5754424535883;-341.97383651669287 516.3113422284798;-419.42256909263625 -733.1643567076757;-655.7882175103766 -120.94711229245783;286.01164814801956 -532.1460379538594;792.2173803905799 303.31672697363615;316.21006980077755 864.1194869344606;-43.27130022144546 599.8163234728928;-48.19746757302265 89.20664558675978;138.7906502982679 -255.13317588023267;284.27338460862796 23.981496537558346;610.0168485936313 12.35996097714813;776.4023129651029 -630.1901723141502;-917.2560232657471 -393.8382127840807;964.5083724301336 -63.97204595596647
1000,18,15,LXSSA_REPAIR,4633.688669431751,248189.58453056825,4.336960629433331,,6030,6030,0,0,100,0.0,1,-89.04619599465543 -324.05308573594596;358.18509454114013 189.30366424509754;-977.7498562924923 -73.41866628783652;-249.29028392983096 189.5290911680568;-450.2242176278526 -709.0425623535542;625.93511817215 -293.8141528925954;-418.6179469512397 543.5720257963012;799.8310349849381 370.4460113528665;367.270954460023 814.5141670822856;81.81487074421608 -980.5867896260665;976.5469020018985 -210.6212681763917;-629.5994121679655 -68.81908345096;400.1573791234868 -798.397014760942;-569.1006393076414 815.5687478521206;785.6059366311514 -575.1427917708387;-809.8765744791689 -391.1052423351106;-87.08289148401691 646.7105555624012;40.92274086132612 994.63140300218
1000,18,16,LXSSA_REPAIR,5107.525603394315,247715.74759660568,4.336960629433331,,6030,6030,0,0,100,0.0,1,0.49649043677236526 -813.3223368720875;-546.5839588314683 215.28509146885742;13.042991094408587 71.3227562815867;680.870574551935 632.8845400205093;239.41713535859623 -272.9018499092497;904.7380388256416 -242.4237997428072;554.01703931561 219.19287915208312;-728.2027060143268 -529.0411856766135;-12.835363406908384 999.8985139710586;-376.52351754045714 -149.56618038096843;-143.73580214786736 591.7856817954805;389.30979820277565 -622.2758048445211;-741.3387589727388 598.7846241397241;-135.66372501400724 -485.6690990309576;-388.58765663535553 788.3941516805419;-949.7551108535614 304.5909680064857;910.1311665872124 316.48345115479293;320.9520754770929 833.2861479733892
1000,18,17,LXSSA_REPAIR,6236.493011690385,246586.7801883096,4.336960629433331,,6030,6030,0,0,100,0.0,1,256.56955199074326 -882.9417010879546;587.3686937892827 702.5651675423615;388.08119450173456 -443.19169588624146;-833.9207977343108 551.884139205115;-335.68050335403575 277.93080803689116;-598.6177750403092 -477.51089535387746;-43.276439306948404 -566.2241872970816;112.7925678061929 -11.32138785121094;-165.9761314999332 907.7955260525413;867.2574700002365 -483.2390399601885;574.8986317709554 99.15930469364223;121.93112582198937 520.5706883269178;-832.8929744885518 -36.83846589475348;-481.83724129618025 675.8268946667794;-387.67577875894204 -892.7643217544651;893.3940120450595 109.30890817932267;-165.38067891041842 -253.22601226290297;578.1469734679685 -781.9693578063709
1000,18,18,LXSSA_REPAIR,4777.07762971826,248046.1955702817,4.336960629433331,,6030,6030,0,0,100,0.0,1,-260.99964047495627 854.5266031111142;976.156707748635 -201.5196847604104;-61.1625917019835 572.2549538701903;-358.295850377401 -376.2915702558865;-558.4033089422679 298.73838412794345;-27.467826686980988 -319.1200415068087;196.0269641526591 -957.1274958349688;-594.9092302221103 -803.7928886202814;620.3452722232638 -301.2842263001654;-742.9378126553739 -481.5204900183314;816.5353576754427 148.68520549468397;-691.0528648451551 722.8042182979452;647.5256927194496 662.7644779944222;-228.0351980135128 -8.198619571008136;-203.45124274102096 -832.4804278870761;-998.8851892009907 35.68583847545616;44.601364444228295 892.8965272880885;217.98565210827473 275.1299651403645
1000,18,19,LXSSA_REPAIR,4600.376466059504,248222.8967339405,4.336960629433331,,6030,6030,0,0,100,0.0,1,-216.9232381331752 -893.3523959740683;-686.830262175359 427.40657679449015;-830.3983330468673 151.85263304570725;-83.79964512972111 -473.07176208107705;437.1636040259008 325.93611719310337;718.6994324137191 -576.1809877861491;648.3627522966993 661.7391729835081;-144.64405237529388 886.549275399529;390.3948076266503 -503.4006386410522;183.00428834405065 -893.5310381268993;759.8909282379547 374.0879889687804;917.5685915844501 -30.107072985887886;123.25960403722235 492.06880051321536;-843.8900368223074 -495.16048513281396;282.8785469334557 872.7319887778297;-505.7775867230251 817.8397894451429;-992.6534829060666 -120.99199362568024;-456.57568614653985 -474.473693644191
1000,18,20,LXSSA_REPAIR,6241.220507697755,246582.05269230224,4.336960629433331,,6030,6030,0,0,100,0.0,1,979.4684655151666 58.98580246700737;-17.30704811661479 884.7369382701412;68.6845759956591 -993.9354242530353;806.8813344516161 -337.00483118584066;-489.85627605837465 778.2187220056418;434.311647886432 394.20722537278647;-570.9915064715964 -813.0813205128645;-440.66352306610514 -321.9575711401085;480.39346213870044 -871.9063698170733;-259.0118466949296 365.16786636636465;579.0555679423496 13.987270228853662;-976.3832985636268 -153.09891548801096;-754.1005589252503 -548.5889650505061;80.50946086733872 -504.32340752543695;831.42326569255 404.51418632322844;-693.9970914464636 520.5883356684346;-957.4352300982941 288.64819446278636;716.9456317984071 697.1290849227155
1000,18,21,LXSSA_REPAIR,4874.162344103446,247949.11085589652,4.336960629433331,,6030,6030,0,0,100,0.0,1,-978.0456262377446 204.828459278234;-341.9217236103588 -935.6583103836563;203.9419818081601 549.0168081879826;-577.4036733135955 637.7004944373963;827.4960877687462 423.0141403470659;-140.5645248937841 971.2295124320572;-156.33889489770283 -276.52265624992185;-591.3299817248263 -727.66639767047;-340.6852781851799 234.96342926756947;141.24786159377194 -355.93376122198293;507.5601784407523 852.9762241948447;-766.4751683232199 -273.8990193744775;798.8736027662538 -390.01922202457484;483.2446895904983 -578.401737893589;501.21755648074213 115.69603829195536;-18.11015354715235 -620.4341106657213;-584.566956950902 -7.913784419330696;291.5064633290619 -914.3089372450663
1000,18,22,LXSSA_REPAIR,5395.413774243178,247427.8594257568,4.336960629433331,,6030,6030,0,0,100,0.0,1,-379.314941679955 489.99409767470473;-314.5312711260277 -894.2873260128114;313.8256388946602 102.90298747675203;129.58637640062315 -245.63887751319572;473.9816277786846 -363.25061302451286;161.1082680452257 640.4554257566622;-106.73965428761696 206.98156767328632;-493.2298651850484 808.3681229849461;-462.91903182750104 -601.2660181808009;684.392507379111 318.734961245579;526.833326470065 824.6767904698492;-89.63956532986877 -681.8131306556705;-673.8373557791388 -64.75182924742994;-991.9424872219612 -126.68899732774449;51.277812924321644 936.0951000083637;276.0057001098497 -724.4721714020264;932.06790468761 -85.41059537013876;655.7083013994599 -723.6128464431619
1000,18,23,LXSSA_REPAIR,6256.04271323586,246567.2304867641,4.336960629433331,,6030,6030,0,0,100,0.0,1,-177.91771770711554 -973.2430666324648;-689.5540926010761 405.92152487972;-708.3375520921791 -229.65384646777693;364.55806243960046 -13.765132574503387;-340.70918843640015 -434.48404902584673;585.6272417516126 -243.32237159966738;383.42141283143286 538.5873457231925;219.6323047327642 -365.02090731982526;718.1791699934539 76.363688166958;358.3053867628391 -754.3214922874058;876.8754199123484 -416.03820181099377;-210.76803106588073 16.42684467903618;-722.6587117205663 -652.4571341530016;-77.82417330466266 526.5766769003069;55.47389203463142 176.57876015401825;-539.1395885108568 27.717164813602636;-214.92320399671414 824.2218562844678;541.4790171075388 808.4702661368585
1000,18,24,LXSSA_REPAIR,5380.158186164161,247443.11501383584,4.336960629433331,,6030,6030,0,0,100,0.0,1,172.1880874284928 880.0606980355449;-128.58122129203866 -209.74939558631795;42.34719835846013 -775.809596238554;-271.28757146611105 -671.7874221167386;-779.7243181761141 212.66826267856956;-311.5146113554728 424.07464071454575;699.1632937618562 440.9726495319603;903.0067484787065 -185.16722568231998;353.1495733077944 -764.7411530244387;-587.096711410169 -491.95662727261447;698.7301064135374 -418.7924654790054;-448.9269912968816 -36.08299927264992;449.4185204042998 745.8671885982641;-640.1121992270155 648.5363042078632;12.245506676064995 217.67941273783225;312.01038767910825 452.297268237792;459.46974557826684 -2.0737811652831555;-912.7433350493839 -291.5404645435247
1000,18,25,LXSSA_REPAIR,5469.347228308528,247353.92597169147,4.336960629433331,,6030,6030,0,0,100,0.0,1,-934.3742613339238 -356.29305319734266;288.38558508602324 123.82788936599204;274.3428811420643 -847.7684404175594;611.1124594757399 -672.4033727114893;-113.81526143252029 -924.1600236421816;962.4722584167537 168.61857644600724;610.4193490990679 130.68144602396399;92.34218408229921 690.2237005279861;-544.3923482790595 319.99748969612233;-927.2341021796848 194.07536130321446;-293.2226758188788 925.1966124189196;461.5175184176448 -298.53114646610766;-551.2729241932493 -255.78789485410914;-319.4380881669027 -674.8224636606068;-66.51757700948818 218.48652736800878;-755.0879091873585 578.7077790482177;644.1337304701035 700.6022747105593;949.3987260332889 -297.1166082614006
1000,18,26,LXSSA_REPAIR,6309.389348267403,246513.8838517326,4.336960629433331,,6030,6030,0,0,100,0.0,1,-664.5028652019137 442.4770255562903;330.6248452090405 391.9876128762005;-256.2865125659197 -938.9015717091993;-42.57766669898251 734.059096199688;181.45447479615385 945.4900451352966;-56.572922094289034 240.8878376810819;-493.195755369792 -50.41779926809482;-250.6447832534514 -306.26518122584866;235.34789581082558 -581.4397272610863;-92.99464669234925 -635.9011133942212;591.9609747511939 555.0103789243548;-507.64830766220365 861.5643339917941;837.4527246934441 31.94360824763483;-970.7922087435836 229.52874422965073;827.8747435720796 -466.44586005825806;573.4033376168928 -740.9476388073293;-807.6306685896133 -64.57992235688278;225.34334548294981 65.20873659606194
1000,18,27,LXSSA_REPAIR,5366.13099482379,247457.1422051762,4.336960629433331,,6030,6030,0,0,100,0.0,1,-554.4538029692234 142.42722350066285;-33.01348776043877 149.26606248416388;-250.62091431659934 -751.0341578608158;-702.27663771055 523.4078432815667;246.3969692700725 536.5112420040418;359.2685420945781 247.67045198449333;762.9599221920705 385.63264168289584;326.37269339918174 -671.464752615631;-46.47686570648674 -315.6998731779914;-991.6509663952677 128.90544869956514;-414.87862294443374 -304.3834109874801;512.2299353404788 854.4547101329129;-35.58885111803121 952.4697667142827;-871.2126445548862 -165.03601795748736;-260.56050686346356 403.2379059778973;962.1447893702084 -259.82015497291275;-693.7860505841666 -671.5998218583312;579.2751986811774 -491.45749145151905
1000,18,28,LXSSA_REPAIR,5067.099830722727,247756.17336927727,4.336960629433331,,6030,6030,0,0,100,0.0,1,-2.797871682399329 152.54791687227683;-705.9421547124139 -484.4766276924951;-171.96668896580667 741.9348361841975;451.3684216849045 -437.1533682519655;663.0087286612453 -25.754085240608937;831.4955587274364 -356.00463703300267;467.3441105849477 577.6687163548513;-182.6548126890734 -366.91414859332457;-356.61304056018264 227.65683177873137;-492.39922133720785 570.4871059403615;830.717491871585 499.9558530276844;-507.5688679397028 -175.10019494318723;261.8385695909973 -139.53016104999486;-507.65768949179227 -861.1412023150019;-871.432411980989 -1.1818319240773305;-24.4680888116563 -946.5669035639778;282.08003827924165 -916.6231561994158;205.48044966916302 898.7790697875249
1000,18,29,LXSSA_REPAIR,5490.940506932035,247332.332693068,4.336960629433331,,6030,6030,0,0,100,0.0,1,-6.951116795996499 749.3048190324511;224.69220850545764 -290.99048156396435;554.5742435349063 -643.7586681898212;353.7805489820968 112.79267546244452;-565.0336241580382 135.2136450201225;801.0533032170911 -157.8707421957466;-766.7142134514798 -561.7625532531628;-204.74447972724263 -690.7713472729558;-420.001835792577 633.3962994813165;-14.33605367837303 -17.676354724278728;-936.0232374174931 -69.02440622562655;983.0531451236109 156.1850486736444;486.68265906908516 495.0404879959529;582.6329996720345 794.6730598077008;-183.0183011151407 376.22178142016384;-761.8447978895483 533.7149875098359;-410.5593137166279 -131.7759590627834;207.26961784297012 -788.2207179104936
1000,18,30,LXSSA_REPAIR,5665.213143065106,247158.0600569349,4.336960629433331,,6030,6030,0,0,100,0.0,1,-37.031806980090906 -477.556627470478;-645.4359241460653 -662.1564413825496;-289.6975961717971 583.0704392735034;679.1678593484376 179.23788814073845;439.4694903000715 -277.88044325706625;428.3693137395571 774.9988451947185;-781.1059513069309 -248.17588332324556;-286.98775823929736 -98.5258441729604;152.09782466223342 149.10337896031112;861.5928150609083 -500.5028622943347;-969.1174080657165 227.5726315944644;432.0312800585926 -791.5980632332596;824.8589877410892 559.577043998627;-279.18889500604223 954.2205933492645;-726.0248203660276 646.1562587465197;11.372254065951934 518.1012830833162;-436.609667447252 -888.5753907717228;-468.09385347437177 252.58705901601374
1000,17,1,LXSSA_REPAIR,4295.591219290305,234481.9445807097,4.05180503816664,,6030,6030,0,0,100,0.0,1,-738.239384744373 -243.7768116763428;230.9764442085389 255.7289740694581;-199.13246610235376 693.4868783050616;-200.97399726679103 -326.4058247656832;20.394410310566478 -994.0379727174545;194.59335118664418 -502.8331823231009;501.1157819566585 -865.2998118199802;917.7491072499158 -386.7597606584403;90.1093734163827 799.3318569474966;442.5946033792918 501.75709416040047;-365.265284822353 158.58074739708601;-553.985464048563 -665.4038431631918;741.4921200656034 70.74215875528012;933.7944764082009 351.4389891372421;-995.7353602990006 4.366865695355993;732.8144386329311 -661.9303538989162;-541.7210697255672 462.82599574713254
1000,17,2,LXSSA_REPAIR,4615.606258839311,234161.9295411607,4.05180503816664,,6030,6030,0,0,100,0.0,1,406.1776409219684 -355.26307006576627;882.0503757738661 471.1551067293885;402.8267110564802 -902.9544763089946;-304.81511745859916 778.3341355094216;884.6430063898574 -363.6802727269835;711.0426414071816 -50.10877317881207;131.43402522777723 119.96638924480374;-981.1595661500936 -175.10555334517872;481.1478991140581 334.53614388719507;-454.3529422769513 334.2050833803161;-698.5630426082689 -617.8308099895804;370.0133720841406 621.7871110462919;69.05167080894415 -698.4560164424598;-716.4819042344594 635.6240947236726;-94.91151038351025 -990.6833499743971;-78.98643144090708 -288.2812034421857;-68.33233843064309 981.8751152826372
1000,17,3,LXSSA_REPAIR,4432.187330065033,234345.34846993495,4.05180503816664,,6030,6030,0,0,100,0.0,1,-102.28346296313062 13.337742956394703;559.5422699405365 399.1500486354075;223.11656725207857 -797.3481657653215;-836.298944891282 457.3336215989675;-820.7552720814663 -420.7942951343034;566.1892761949182 -752.5383778324401;-264.66389574915104 547.7335112012854;-96.90274837935223 857.1866557934408;102.67489780406015 538.8100972449453;240.08848812907908 936.0965116112698;943.7335271613035 -330.7068310619014;-614.4682934454463 114.05390122641862;-468.0154973884853 848.134339723659;-242.07569033562325 -442.7320097253707;762.8559034353176 -32.00371028938605;-594.7684759291049 -786.9225456499244;-991.6577125382212 -128.89875349729778
1000,17,4,LXSSA_REPAIR,4334.857550191024,234442.678249809,4.05180503816664,,6030,6030,0,0,100,0.0,1,616.5048414617851 -614.2483394571464;623.8048271704423 173.99555121030215;-366.7574341466228 -71.74386452911284;299.7163417438899 -937.4038263265703;46.90015645147324 266.43139858174686;766.6008047886679 642.1239803163922;-760.5146307202423 -467.2254305629076;-954.4418382892577 282.1738301577287;348.2027766117215 435.2875579440847;-196.94839985640903 719.7290718568512;-401.7507228854248 -864.472794159467;-501.5355500862431 391.6005087182635;84.73418283047155 -621.3124567812773;783.4298341020815 -317.3919381335956;195.167940030702 911.8499338876217;-713.6890996255328 614.8886559027695;952.6128226757373 260.4296046348388
1000,17,5,LXSSA_REPAIR,4573.428382649465,234204.10741735052,4.05180503816664,,6030,6030,0,0,100,0.0,1,-542.5774218146223 -230.90485811007233;-58.02637964488934 -978.8019732874446;252.8315409923768 -890.819481493275;-718.7248834810615 335.00182577853815;96.0255971634264 -462.5273501715126;-334.54250027214033 377.6869422333439;-379.26538915338944 -697.8733585681597;982.4811656165756 186.3618394026188;62.31422041851467 758.7494801132665;517.0794733419518 -653.5794634864673;525.6445202120956 -39.00103914954587;-535.2749366646452 611.4776327057949;-997.7358653301841 14.070473588261255;748.0068223020112 639.9632003437113;289.75994538063543 345.49930110797146;-869.3225956534164 -310.1354629262956;720.7410592601401 -397.65084086769775
1000,17,6,LXSSA_REPAIR,4748.30769708482,234029.2281029152,4.05180503816664,,6030,6030,0,0,100,0.0,1,-33.27740644046289 441.4247151568903;676.5355984250727 220.32750508383688;-865.4956086349267 -248.12464481820376;652.0152052385035 -757.3429153469283;-388.4859465714855 -679.7495693555147;-32.291896285988784 -217.27593634283843;517.8676437090888 -349.2756173673036;984.7933467428991 159.13480027733024;-674.938339484419 84.51656737215588;-458.7518702718001 870.1200787039878;-24.755750672475298 986.574011761164;319.595663421376 540.1326203758946;487.9313721351521 835.3576537414405;784.1975652356946 556.489788863649;-856.2366622835962 380.2511547733338;249.1262855242935 -932.6264838955274;-303.89933970694346 595.9522115445392
1000,17,7,LXSSA_REPAIR,5154.420836398727,233623.11496360129,4.05180503816664,,6030,6030,0,0,100,0.0,1,-874.4806748382339 444.2975820301203;979.6953952071898 -19.38083534189824;317.3904774632307 -482.81961915879026;-258.6690329668535 385.109706780376;-673.9378221504279 153.31694940710784;-293.8744980192036 -494.4360074061006;42.09535271327674 988.0646628654541;705.0064095072917 612.1484473078905;523.4158549083602 232.38328045968294;-6.101529877219768 -55.2851827456775;515.4976258391108 -246.98580853039084;-667.7771101341175 -499.0088982228902;-558.1349843140421 -194.95710717222593;313.260310349932 558.079022951697;728.0484876657557 -593.2011553854722;-24.796806674963683 -978.2443167942422;-553.6140001251341 489.4405108915134
1000,17,8,LXSSA_REPAIR,4323.704091951833,234453.83170804815,4.05180503816664,,6030,6030,0,0,100,0.0,1,2.766910649750291 654.3896724421536;-151.5187920393063 384.95757513052826;-426.0802887341011 870.1760216628999;-489.3178809618577 -133.38668589865472;20.556343550457296 -246.91346714124336;776.9092854571496 -387.09623756273623;926.1194314126672 86.57475046014018;777.8996536285458 451.13963759816244;518.4527317697289 839.9983599573881;-739.9212261141363 531.3765713164853;-128.84595449865915 -586.0081984040087;-733.1000330010854 -575.6027010664101;510.4403258672171 21.18645017473476;-975.4758970660698 106.94781172399608;-296.14956382315677 -847.4553619843429;192.72287122169143 899.4250488393069;300.18063637633577 -827.9534519321841
1000,17,9,LXSSA_REPAIR,4514.976635711442,234262.55916428857,4.05180503816664,,6030,6030,0,0,100,0.0,1,-961.9152099508857 146.77786387943203;-171.4348219260785 958.6347878484814;-135.5734601496459 -825.8793908004698;234.34562063017762 -319.0295954122447;621.2095785046569 -543.5885201354711;36.05060938882474 112.51968431662286;413.7559918714609 -864.9604229927108;638.604075447592 115.95530938139734;853.9145512205279 516.762810131389;295.7645212357864 725.9527491925836;-609.0279115755164 -185.96797532360296;-808.300640668532 414.9780822369551;-377.8460507699071 -518.6782084342146;-179.87403273790932 474.68578205121327;826.0035866374133 -220.45666621892872;-377.96717430749686 192.71837222409218;-631.9926986386472 762.7922709980554
1000,17,10,LXSSA_REPAIR,4258.292738988297,234519.2430610117,4.05180503816664,,6030,6030,0,0,100,0.0,1,-655.5360434581047 504.2145884253105;-165.8529738755076 -501.5973734542092;192.52443556733758 -179.51157557926942;-688.1953782895471 -651.6254565140613;-467.3478077775733 21.18814937624111;-436.73217234371884 898.9866574606015;400.76934904538456 -916.1247735890971;502.6718058124999 863.5391503903877;-944.2930913331799 -221.82191488745684;788.7839265240359 -317.66144274530296;18.777346129086386 -946.0463789941899;810.6946653119537 565.7694059344182;968.813669023699 200.64631290564228;-178.8501100873668 188.3500556311086;374.8407675232793 477.7816530632605;663.5109314767068 -672.275672650873;-937.548655278346 347.7618007713793
1000,17,11,LXSSA_REPAIR,3916.3542599442007,234861.1815400558,4.05180503816664,,6030,6030,0,0,100,0.0,1,-470.6732690415287 207.86845081019985;-265.6729953958476 926.0027241537158;-615.6302478699486 -236.91842727300883;-223.52996673454422 -487.94062499712305;7.79907584315862 495.42521721432786;850.3923808185091 -220.2190938194799;-12.068800171254239 -902.1089835987175;-2.430501899268201 -66.75257528669779;508.3962927073723 -745.585903676076;-987.9430792488303 -128.4653780881315;993.7414417066634 80.396720752158;626.4325128648542 647.5132591131684;497.08100682064156 106.21907605085522;-808.168140192962 502.9483135911326;-799.1475357818606 -594.614814249583;227.00251793319492 -445.3839179727505;177.4298636205376 908.7525500959687
1000,17,12,LXSSA_REPAIR,4047.192254809576,234730.34354519044,4.05180503816664,,6030,6030,0,0,100,0.0,1,-48.48786849600349 689.1098905688658;342.4029287000532 -610.1258186905613;346.0174263269198 188.754633713902;-999.7858773114189 -20.692982594024087;362.05554555476186 780.6167317388386;-879.6104224148567 373.6553671035542;677.9531665238458 176.66023254262026;-247.58802746647464 66.35987708972407;875.8346664111789 -435.1615107648829;-670.0028677151718 717.2213486979286;-631.7304323247686 -599.9678906770241;-17.616593329235776 -268.87941494607026;-392.8400488122432 474.2324148577984;56.634267788866026 986.8894061118449;-15.308751071135584 -977.098079138176;860.9706983476566 470.74406211959916;-407.14938622160076 -224.00424107898385
1000,17,13,LXSSA_REPAIR,5962.446134785772,232815.08966521424,4.05180503816664,,6030,6030,0,0,100,0.0,1,-540.8036710374232 506.4432648428422;-864.5298071622622 64.70393905560478;-879.8107045895306 -409.6000726827176;462.67749929789636 -571.9391159530496;105.50442828940103 718.0259336947313;-296.83428200121693 -866.3582009710613;-51.11543199990174 194.579973592694;432.3441014275542 510.89074836744015;291.0316212367501 -85.40994849134145;530.3848937610819 802.9881417058656;-848.6332937882341 528.9815995610174;-84.98631685748325 992.8273477363339;-168.81082026209458 -191.0050060468134;-518.9843284628816 -511.1459129913371;-411.9699252436594 907.8374236248102;804.8843892422124 6.151755221797919;173.43459965857917 -396.82728671797713
1000,17,14,LXSSA_REPAIR,4609.287246045918,234168.2485539541,4.05180503816664,,6030,6030,0,0,100,0.0,1,-935.003212558084 -354.30786561519193;-637.16317339845 -576.9413115549391;514.69191921711 -153.17562641774154;-11.601232257523835 0.6564583173103785;-189.5904932446317 550.7642336592579;262.2911760744084 948.0000746409261;795.884656677385 -466.85603981475805;805.2657853607219 294.2009051252534;-213.73391274859208 -328.4206198426851;381.3223984857713 -591.9606711188742;-814.7063826777941 32.44375643555147;533.3462160981758 556.561579910143;-627.0147394388475 645.2397979823024;-458.8024959610845 260.68684974980124;233.4224120430145 -864.1662143901993;-225.45841349684525 -773.0422066175196;244.96835724565673 -301.8836284518843
1000,17,15,LXSSA_REPAIR,4939.656590063096,233837.8792099369,4.05180503816664,,6030,6030,0,0,100,0.0,1,191.9608374300656 -915.8326658941065;-687.9218523309345 465.94716746184776;-85.425698653313 -665.8551675522875;-205.47452673555833 613.8522939933641;803.1246946093868 248.0029387945887;-372.3417069989575 894.0478667695382;466.7924075646313 884.3665381982366;379.4070076312003 -515.3031316041516;92.94537842337263 967.4627448471446;-995.8618419106394 88.85686695899942;-692.1540717468547 -234.20771107312976;991.9985230003401 -91.91057884306706;302.86260033926044 599.8518575093685;-385.2556611134189 -855.8380753431587;-797.9689753604625 -538.2242241033094;-70.64075282222021 154.18306187197445;539.8910415079527 -839.4698645567315
1000,17,16,LXSSA_REPAIR,4218.719038760697,234558.8167612393,4.05180503816664,,6030,6030,0,0,100,0.0,1,342.51136365995114 536.6723954389132;332.2662397248545 -7.092489129650962;-483.7950732653332 -167.85353927254855;-426.1845446805241 768.7914576838489;-274.2710611159795 -961.6524242335764;-272.8122883628775 308.87606433650126;-38.01993230178418 999.0064071983245;670.3723549549131 -741.4517829705467;686.807669863195 720.6345394097549;34.07171511883385 -998.8448553258622;-754.9510765795751 655.6002840283543;36.36933785600937 -295.2234673106802;-986.9168782180228 -47.20267297565025;970.0778513166941 166.38577746027846;682.5858270215955 -100.82938219412573;-773.179481823581 -634.1436758734917;161.93191621218546 -579.7961844449029
1000,17,17,LXSSA_REPAIR,3893.077261622646,234884.45853837737,4.05180503816664,,6030,6030,0,0,100,0.0,1,116.64120397634466 -973.5071782134626;422.75354989004643 158.4782778954298;-72.36319262855639 993.9073381907098;-272.1837973444317 -950.328052729382;-819.7639762417402 438.3407292209756;-980.3322729613592 -155.49130871631615;155.5160017803097 -8.067914706822913;428.26765554090434 895.4300374483023;575.5956524043468 617.5460432716409;976.0736285803011 -141.61178506603613;805.3498643614449 365.5656982596247;-840.0277619307312 -524.6360902464123;-302.3990982572961 440.0964131881494;402.6321212704521 -503.33333390315295;-60.006839661421616 -626.4894149145346;-444.5925428086871 895.732855196412;814.1636325082911 -580.6226577083953
1000,17,18,LXSSA_REPAIR,3307.3360793511383,235470.19972064887,4.05180503816664,,6030,6030,0,0,100,0.0,1,938.9789892439863 -302.22559115958774;41.047895607204005 -990.2761470603591;677.6242305487908 735.4083234320639;363.0888892516468 33.14045854274425;83.81909635063059 475.1356911439102;-96.69414702261615 983.8302820681605;-938.112512548948 343.56073357694567;713.256813334167 -516.2089901034387;-668.5000769710531 -743.7120727067002;-289.54953306396504 373.9740140299638;-943.4580412760214 -331.49196725050984;349.69736606989295 936.8627178854857;-296.34723993231205 -942.6221226712074;-558.9651171302472 -434.8477373638895;945.2953541555357 307.16758485727695;370.51740872728664 -919.6561277252653;-622.4214280914903 692.4295077778247
1000,17,19,LXSSA_REPAIR,4111.310885590792,234666.2249144092,4.05180503816664,,6030,6030,0,0,100,0.0,1,-269.1968122386413 783.73735321074;456.7255124159109 -653.7793321722994;307.06487684727904 -946.1224624966632;811.2944924250628 517.4040730779523;-817.8008420379109 321.68119310913795;-443.6935432044971 16.156975706514245;38.84316435633754 -652.8768267082746;-254.79528763672337 -312.2105480989933;41.10608890444092 66.48676813173294;-590.661054071361 -499.6151717039163;777.3449444239849 -627.1262713843603;48.53136219148903 583.7943314177028;619.0018618666907 -241.00941605138757;375.21217292119843 664.7784191983264;-972.4988199887837 26.434612273562568;982.5868033273892 -24.328569388514794;311.83796942079994 -218.31876979131837
1000,17,20,LXSSA_REPAIR,5267.786211763014,233509.749588237,4.05180503816664,,6030,6030,0,0,100,0.0,1,112.98849482826466 323.3555882902979;-374.4622139190004 -389.6359522422692;-494.56793447532465 -725.8011742782959;825.7456366558987 536.5273601835672;60.22509203501564 -412.7337037608283;253.48813496330018 890.2348124374191;-125.35009599809095 -988.4098979229932;584.1278345950593 293.1621282818963;-813.7893552827336 581.0332871359158;-169.86577227293378 183.59885672736726;-827.3002612217193 22.060722939891736;-12.893203207135674 734.8789760540983;443.0794148901154 -821.4714877400762;811.447777301176 -255.1103542306745;459.8006085261554 -176.6079770215869;-397.58009362134794 566.2239224247261;993.3373045244731 115.24321862935798
1000,17,21,LXSSA_REPAIR,3941.242812296288,234836.29298770367,4.05180503816664,,6030,6030,0,0,100,0.0,1,-942.567594535001 -300.3744013394623;-52.79969673785323 251.47576581592088;-327.77814001519624 793.2452410887798;-299.5725518943181 -278.8295647219046;-929.2499024150337 248.5190552132143;221.80086452885996 -856.8394243352816;-712.3485746694806 567.0424980502737;-630.8142498976911 -761.6913022482897;702.6834159512779 711.5026449484399;396.5539627707553 745.395994257622;-580.9842083245301 249.68773152989507;-54.07190329898842 -527.1340791859086;218.42544107494882 -29.843440503386038;-302.5924503436466 -952.0091880855978;502.7771532608692 -692.6186886420998;711.5466372120263 -298.99444194109645;951.2350391939624 153.56851931483882
1000,17,22,LXSSA_REPAIR,4598.276724303287,234179.25907569675,4.05180503816664,,6030,6030,0,0,100,0.0,1,-626.1777669576284 -766.0133212506441;448.83421523161405 -757.6180299056912;-59.95898114538326 58.510999399353125;946.6814825131901 135.19777414518165;468.4434199976924 671.05735181192;-634.3724074632842 708.0886578616396;-958.0405910058727 176.13271377578326;462.61332447417357 15.020260368158555;172.25190014557475 -354.782581376141;-636.4078037293718 89.28065013533512;719.0903768590388 -309.9988512033848;-235.00388808136196 -466.14865068391964;-45.71558941573212 533.6312502498677;-62.244200077475554 -993.0259442959873;150.78098718355787 882.1273393221355;-283.51841209422014 777.7084234032038;-364.2984962810533 -186.56658199455234
1000,17,23,LXSSA_REPAIR,3830.81312577214,234946.72267422787,4.05180503816664,,6030,6030,0,0,100,0.0,1,50.06241122048993 -910.094420943098;376.17826076611385 583.5425826519502;-622.1840267135527 751.4830748892165;-75.55769143760712 841.495800523045;356.6186286676233 -185.29101624103637;914.6503014325373 -215.14231040608843;-297.9083624250991 143.75978511265816;-826.4104417295138 396.45111165996076;-290.32164079275265 -752.768846914352;-835.5347099742455 -494.422366496353;-116.99949330886929 -422.6734689796152;707.9316901520901 -553.1181637523424;-630.0626491303037 -105.54212135322736;646.8115221089038 750.3430257741489;541.992176160012 -814.7739610249575;84.22539857501172 302.06704115560836;-999.5402723097859 -24.21709775630477
1000,17,24,LXSSA_REPAIR,4358.939668974082,234418.59613102596,4.05180503816664,,6030,6030,0,0,100,0.0,1,-103.54610820315811 454.6715537778752;-995.6587448182873 -71.16882219638715;129.86695825252895 -626.2559027445153;742.8035233325829 -259.8319365732997;-603.3046833240909 -552.9297542506858;-861.3114509683946 362.32677036324003;-446.4383562649709 771.9674047112144;-451.23836861496545 -128.41190121359793;309.46488589799344 73.21691308624615;502.5870652940423 455.05026551697546;-477.57909482209226 -857.371714491987;-256.77002408614356 185.23265301974166;94.79816438224871 875.2855900666368;141.03949572000204 -207.66341679261583;908.6605269774694 241.2689908978888;515.2973050832096 -711.4029058761597;774.9987596502207 598.7717670746619
1000,17,25,LXSSA_REPAIR,5178.615759495646,233598.9200405044,4.05180503816664,,6030,6030,0,0,100,0.0,1,35.89452490206404 -893.3763881364565;-302.5199113540005 -554.2868782588586;757.3285312274568 -590.7605614712021;-290.42066946686833 -145.35427759549358;-626.4017185327974 -483.75508948689003;-807.9525134297821 110.10765914320726;-76.04308962472824 473.15201392116023;241.40589701433814 751.3013210769128;752.7574160996547 431.64314611158636;-309.5628420924397 732.6508128389604;943.4360363694586 101.84369839032753;-431.09079451903796 -893.0871147774727;377.5510570916807 -708.2194174441001;-634.68340004032 424.88551971041295;-919.0767188270395 -197.10727698626442;57.03001383364883 38.81349491743341;425.14354009459595 369.017764158172
1000,17,26,LXSSA_REPAIR,4438.742466427328,234338.79333357268,4.05180503816664,,6030,6030,0,0,100,0.0,1,296.26748805550466 -139.13314439440833;82.7784639373116 -361.140948459077;-291.3026222115444 316.43107176338793;-773.7760218953936 7.155159363744486;-607.3719567009513 -468.9342828943305;54.23994234892808 841.7027628975816;-471.783945737012 -863.4372262667914;949.8196419998125 312.78576099427556;613.0365681317996 344.6796213739987;811.4638869511163 -427.3429051818625;-933.052856214022 282.1636609129725;-299.5259713701686 -558.2415244829687;552.9379850984812 -813.2754825368285;-141.92446857108155 -41.30416645688456;80.91011525859334 -973.7636167668795;471.8613891008661 844.2771768216813;-570.1705949648618 618.3172941963088
1000,17,27,LXSSA_REPAIR,6104.600693959976,232672.93510604004,4.05180503816664,,6030,6030,0,0,100,0.0,1,-274.36203665143915 583.1739107055188;835.4823811676041 -96.4725101048581;628.4972412791602 -777.7306036088582;-721.7092050700084 -368.6436512313955;-290.77968119752387 22.317844797018783;613.8432918250047 349.04855486595403;-152.73398049890886 871.2784491436114;-943.4287075389241 331.57544208133885;-708.2993226553708 91.06500269543206;-254.91502754998766 -965.931673387205;-50.12940107907336 -689.7490999807434;170.2190758415905 -469.125278126688;-467.5871223171033 -542.6722933835587;94.86503589705913 688.0807966265298;208.16421002234807 384.23513726412295;472.8999145091065 -303.1893984651802;341.35592145613066 99.57930708318655
1000,17,28,LXSSA_REPAIR,4720.69328863977,234056.84251136024,4.05180503816664,,6030,6030,0,0,100,0.0,1,311.8683407222835 48.40190787252715;-215.9194156958767 -407.59649864648264;184.2544382881357 -403.7041852109608;-676.7250576461702 724.8813166640952;-24.870195183569496 -986.4252800179975;-521.1553951331684 424.0589606293313;-195.78120022702797 753.6212232476589;-938.0924968652487 -205.8692407558184;-22.2154297901995 369.4780239996673;632.1323960154317 686.8921414023724;-628.0576691229879 -643.1802628656664;620.510892892572 154.67634010158957;-371.9098567154106 15.708129629438952;922.8334402644936 254.3377502156118;334.5759287570315 -881.4477729430561;608.3940761415114 -305.25327279037117;291.52156831313016 900.2724800802347
1000,17,29,LXSSA_REPAIR,3922.822098208999,234854.713701791,4.05180503816664,,6030,6030,0,0,100,0.0,1,-369.3206079157507 670.1496441713927;930.0097431294473 -367.3627909701844;310.4995287382218 622.802111463732;-537.107674125643 -833.1811336849107;206.90343931946103 -552.0864168345807;-7.076350249456109 -999.6505460270438;-47.082955893882385 319.0095397241759;-805.4107000853144 582.7480111024282;-535.8045353351308 11.797343922175749;-983.2563487183869 143.05099262158348;740.9007552075941 -642.2316777988535;506.6247076274674 252.20609095330275;317.2859559950632 -216.6004600409841;-806.57951556538 -303.02386513433015;-377.36716610148807 -424.8968362830272;-50.3482750177813 977.5655051534812;949.0228317976249 268.7025057615226
1000,17,30,LXSSA_REPAIR,5422.300825082144,233355.23497491787,4.05180503816664,,6030,6030,0,0,100,0.0,1,505.10940475825123 -252.0790149138211;701.1208457414268 -576.602559822742;119.17476717179576 345.29733809396316;514.5863914940562 248.40946811687525;360.75923828307236 -713.1891161035506;-918.7320856840242 -157.9146785029136;878.9428776636188 -325.0391743665413;-117.53391933708376 -913.8688231812781;886.6470244186706 271.6262081843649;-381.7545498316213 -157.09082344210438;-100.30389246663988 119.80749349854129;-759.233613858074 323.9847353397818;-527.7145600757539 -584.2778566799785;273.08826960940604 807.165417563843;-374.7421894629912 419.7878117588819;668.6785128605899 516.5297692169737;87.10240373226999 -571.8526868624225
1000,16,1,LXSSA_REPAIR,3070.321339972579,221661.47706002745,3.8401225497666633,,6030,6030,0,0,100,0.0,1,-219.89872688429938 -394.7994108400082;391.9199676643325 -631.5215872259143;-387.6754003183482 88.9218722673917;-740.8871243798228 -522.6947127086116;-712.3325160882389 287.6416868332875;-942.5671440845636 -19.70484126973798;630.6081648567985 -161.76009513822177;780.1635924452602 -614.4258948091064;384.5905687003222 725.8061568943456;-192.88405887519264 761.5958514134479;213.20660937804962 -948.5232043730556;198.58809124044421 -44.52385826920203;815.604055757453 566.9365993874524;971.8496468751227 235.601918219481;-392.24956831759465 -913.7000141111056;-36.54793537402089 307.25156431164606
1000,16,2,LXSSA_REPAIR,5051.883518565737,219679.91488143423,3.8401225497666633,,6030,6030,0,0,100,0.0,1,237.3087372680451 -941.8049531066998;-580.8517554421916 783.3212496212888;-947.659437245019 -319.2688410839217;-7.06856861406686 174.73920150295726;407.63310892064874 -503.7540239215535;425.63374696718546 188.26973225023073;-939.058022050048 184.23876014512592;-615.4093191193292 -193.2409405288685;143.2854527085413 662.2229301498237;-156.66570898435995 -403.74656004505005;811.7194058886366 578.415894645792;550.4237963040597 756.7670268679808;-298.55917499763206 -122.13559809340231;-647.2259539329978 -750.9021308407423;-230.91886894984884 935.5924516453963;-781.1413600509741 462.06428594916594
1000,16,3,LXSSA_REPAIR,2976.6757524898567,221755.1226475101,3.8401225497666633,,6030,6030,0,0,100,0.0,1,220.9304723331087 702.7821606220027;-28.279452995307523 98.21939160826855;-30.469286642402423 939.743628554486;-644.3142768731586 434.75591822014184;-840.7005545860974 147.03527328119006;890.5065245045072 -402.5221813089937;536.1833643445576 -829.108848614186;-981.7538437504423 -177.50878559344247;728.0027124069684 -86.67469395200347;-353.44943016289085 -864.0913685002732;-203.51728324505032 -381.5086631418715;-637.8478115945655 -495.5460797239098;901.2725689013282 404.4149235277491;517.3460979214428 618.3289154281783;248.446649559043 -256.6041007497049;-21.75304907075021 -857.5077449156369
1000,16,4,LXSSA_REPAIR,3859.1301818144566,220872.66821818557,3.8401225497666633,,6030,6030,0,0,100,0.0,1,-116.89468158881749 791.7244583933394;-294.7168967538681 -503.692259278909;503.6053850165427 227.68719467752908;-902.556255501578 -138.5281988954663;849.7674221745318 -86.56571251392235;187.5820601369464 860.2469852886752;-495.9004291378579 -798.7153014122254;-505.66709443751193 -114.11094026167798;-545.271456983815 822.3953841123582;696.8242498711422 -461.5703339750212;-738.8101417372397 480.9190992088805;536.6951693866242 -740.68284972947;-735.3430544825937 -528.1091646979809;-134.35926855011175 -38.313435020385455;-147.066408136925 -872.6254116054171;201.59866854669536 -364.8145566278002
1000,16,5,LXSSA_REPAIR,4546.993741183338,220184.80465881663,3.8401225497666633,,6030,6030,0,0,100,0.0,1,-311.856046669758 637.3510741417165;280.602644251345 112.36320414516429;-98.71628256100698 229.6708235673898;-763.0194527587144 -533.9470526287702;-385.2749994252646 -440.13297522843044;-591.2147637483921 360.29960616906124;604.7999917963068 -469.56412434910897;-959.2605781315723 124.86843858819248;57.825433851158536 973.8884303060789;-293.21807819672233 -126.70909077873813;408.308656692993 614.2168276332552;746.2020941671194 70.57263922460093;890.1233435917246 -258.23918712243534;96.49910589027203 -509.4424427539547;-53.11344853868948 -936.9391687059039;908.0577696837069 418.8449437644579
1000,16,6,LXSSA_REPAIR,4058.9217538557423,220672.87664614423,3.8401225497666633,,6030,6030,0,0,100,0.0,1,-867.5683225980484 401.6531052500134;-882.0943331107413 -409.155812388556;646.9218641130182 441.4904324259551;161.4504046969858 -721.1444197402914;-67.93699446676204 26.20227783744977;304.8734011026906 -170.90635347508143;-370.6521659220843 394.12723421673877;-613.2396446549419 716.0688480199298;848.123900251765 -194.1640184548293;987.4569588996575 116.70166428802675;517.5929321210956 -838.0128811454496;-607.8738074758999 -661.1965597057161;-377.0783054427273 -275.03343510220634;514.4326768407138 153.12427931735115;246.14154754065504 961.4623477105896;-57.84086953603479 471.1183778403598
1000,16,7,LXSSA_REPAIR,3842.446077137429,220889.35232286257,3.8401225497666633,,6030,6030,0,0,100,0.0,1,-361.96656086361304 -880.8417201217569;853.6938493412388 -33.657898996435264;413.8777173792242 438.3019189114367;200.67104134627544 -387.3578827447485;-638.1710766371641 -510.8196993140717;682.0171958705623 -568.0711035148443;-832.7242347378251 -71.00936070850284;178.8571697693307 637.4180738977294;-647.6531865231066 607.5552562355158;-146.01426285497962 -244.58541412599445;-339.96296857295226 624.5615431318486;-440.76539745127786 271.16936511511636;647.3554864466284 651.4751985519185;-4.417725776556106 28.94692016779849;396.41076954315133 -64.52979072977593;-965.9666379369388 257.82278047332693
1000,16,8,LXSSA_REPAIR,4278.185369613959,220453.61303038604,3.8401225497666633,,6030,6030,0,0,100,0.0,1,230.25090161937032 712.1585777774656;-340.99564459345555 -174.55101105899223;-761.6333054486162 592.4313220045212;762.7543242922887 -212.09061638194947;-17.221482360627583 -839.0477507759383;920.9845671201901 142.1947640234623;-19.567851536618196 379.320199048923;232.18163290139992 -512.4886481372301;-976.5435082421815 89.95114947837551;767.2111068515393 428.3558279942704;-691.8622698695668 -417.4993725703548;539.6160622126231 -452.23799418121916;-652.2109610683409 274.23081979582827;-318.56938502704696 878.5853065206776;-331.96972161713694 432.4357509412124;-355.09906857555757 -896.9974007924312
1000,16,9,LXSSA_REPAIR,4073.827087106387,220657.9713128936,3.8401225497666633,,6030,6030,0,0,100,0.0,1,-357.05687922432713 504.3367501272349;-746.2385104651096 155.2737564401955;-755.4099192249921 -632.590238217118;632.8597751604437 -758.5084198991243;917.3302849367777 -157.4084307559168;227.11676842146977 175.0003361515286;62.098420674111374 -569.6053047823955;-147.88271189547254 -219.47302704293676;56.45154602523362 732.8207551610784;-519.9045050742453 -183.97533448861338;384.58753223061774 731.0849634094014;767.2036395166047 -427.57530849314975;399.2085733601314 -380.0013236741175;727.40640773746 513.7378133439237;-136.5418973950778 236.33454819792394;-938.2573855051562 -178.20278567117603
1000,16,10,LXSSA_REPAIR,3062.457589189842,221669.34081081016,3.8401225497666633,,6030,6030,0,0,100,0.0,1,397.0494229924517 -737.0485716070494;932.8991026346366 -254.76388258793347;-839.7722118669892 121.41728152436062;946.5160103509737 274.90864763817285;63.55938976399465 968.9235086347772;-475.52106849616104 -100.389605525161;-669.1583512655448 550.3456873103963;-102.45465564224071 -891.5226932491826;406.1024259357856 267.06035435615865;-364.375399947652 224.8998134545637;697.0454172480057 -667.2889510330988;111.59467593227416 -249.00287601672306;-623.1240101159863 -614.7022925976421;-154.74889605799174 726.6492013971927;666.5491683852797 629.4173538059646;-968.977754331726 -246.71045304530173
1000,16,11,LXSSA_REPAIR,3758.707623156864,220973.09077684316,3.8401225497666633,,6030,6030,0,0,100,0.0,1,-51.34032529599702 888.0734576349507;-628.1482062760317 -760.6377650511955;-331.68125020344655 -481.3478594249908;-48.01025071272278 -28.308643907426426;932.6733484085701 -355.6474000006201;-929.2456077812091 -367.7289158298085;254.19659715142203 -956.926707164003;789.6036454416986 10.803953921679296;387.6537820514046 356.86661918392764;402.22980959926423 -413.68472115832867;-920.8194593672265 347.1771867767631;623.2446456224503 -737.2847449827716;-556.3561893077642 433.75449547710303;-682.5601537931351 717.5800767544155;-61.38661054683295 -664.3900090321665;930.5898617548214 366.06226314058046
1000,16,12,LXSSA_REPAIR,4101.2211357009655,220630.57726429903,3.8401225497666633,,6030,6030,0,0,100,0.0,1,-954.4519403015108 -298.09561727126504;357.2514578870625 -933.7907232676816;638.1292405607132 -154.6028983338977;985.2289469491075 27.058441172273184;-94.82608911168613 956.711367038174;350.2150886563536 612.2510636487149;-306.2503502053733 409.7119591224197;-394.1592189546192 -389.3774837956658;-659.5419207102067 603.1509236449863;54.746554606406455 -769.3792718181513;228.2445686126395 960.9936329165969;-440.64237204209303 819.8234618792908;-86.11369932960677 -370.2650658944392;-617.0884742126307 -786.3249760342616;642.5870472623246 761.1700019430377;628.989651539775 -671.5942904894479
1000,16,13,LXSSA_REPAIR,4258.385702058091,220473.4126979419,3.8401225497666633,,6030,6030,0,0,100,0.0,1,-394.48370641306593 -567.2536699748856;-842.872742823989 51.09080933998547;84.20155574963157 -77.3820220919087;98.78050413016523 977.2337734531839;501.56868103170586 -561.5928450062813;-397.7996007652545 226.3580369811942;675.3163576396956 376.86514357153595;-856.1981894698649 -516.647520412636;288.7349380646669 -931.566474558207;680.6844597782307 -219.94447511651947;258.4746190854982 607.7702427616919;-209.04548928906746 850.5370334407626;869.8746800283274 -485.7502331523091;-605.9294549158838 -791.2061128552506;-136.40701879720245 -917.1752299708434;-630.7931221400895 440.670147711358
1000,16,14,LXSSA_REPAIR,3295.329067349987,221436.46933265,3.8401225497666633,,6030,6030,0,0,100,0.0,1,101.09641800550389 -933.9241031599336;360.3235285482014 -418.78855805267176;-816.0248771700692 570.6903886029353;-979.7182256140187 -199.60762795970487;-167.096542277445 27.44629086876489;115.88859373358045 297.8759533498753;948.9872338378517 -208.32254429690124;723.755286710998 680.4409192292989;563.679876133634 282.6544524074624;-482.33904372269933 869.2432595244171;583.2226466701802 -802.8102348861778;125.72989135432017 991.9080009291247;-664.088473890489 291.3960191724656;-493.95273743822065 -259.0614457249196;952.4064048848594 304.83094357273285;772.5758718292626 -499.98198728602006
1000,16,15,LXSSA_REPAIR,3386.6376955404703,221345.16070445956,3.8401225497666633,,6030,6030,0,0,100,0.0,1,-973.9579388158292 170.26003087807777;293.86798616179817 899.2840053625939;-274.2604848794783 902.7040431876867;55.699328182826946 -950.6037962905846;-415.3350805514144 480.01746509047223;227.40538652549415 -562.1263562553087;-782.4071699606449 -370.38698758919594;-404.78310338273445 -444.0616374379013;768.7486402763052 -575.2393528322037;548.3538439262759 -7.018657738469466;-247.76240829646508 -55.39156198467104;989.7366565741129 109.13623099406689;844.6610020924442 380.9226320030183;277.3835184736105 244.63893419980604;-562.3400822793333 -729.7834243107092;726.6083567825552 675.8880029649412
1000,16,16,LXSSA_REPAIR,3956.114745073632,220775.6836549264,3.8401225497666633,,6030,6030,0,0,100,0.0,1,585.9552257732138 -107.01256398429993;179.00404024803885 -489.55553749206985;-753.029547929471 -289.20777117517173;-382.1628101057049 -122.12261279922245;-578.3530206923054 -815.6395351369243;-709.0465234611148 688.3531404169424;8.368654288031486 -972.3978112540947;-556.4616056360525 194.16629065624537;350.0338908760016 90.99035091160638;-948.6818836566774 197.2986744830758;805.3415332469704 -424.0825276364353;185.54267879192426 550.6235493141138;-165.2092047411726 633.3364513507549;-129.33465552129556 -574.697430535313;817.4079420461563 314.46369178864325;-50.676194423450916 309.0360080827268
1000,16,17,LXSSA_REPAIR,3263.4381192956644,221468.36028070436,3.8401225497666633,,6030,6030,0,0,100,0.0,1,-497.3316483878496 -727.9304969284447;564.0891009319747 -791.6823855993724;-264.96273892706125 -956.9331175291476;4.824716854286116 999.9883609859046;-547.07006762574 508.7915193314473;542.0474761039463 618.6205652997269;-37.68191924039081 -618.6930577598284;299.55550547260276 -159.1248706542241;-964.6136985226957 -168.79913235636397;-8.738553822148088 459.4133930660913;-259.00621655970923 -273.112389148482;837.003330789678 -299.49909841997686;988.6997796763944 149.90912469842843;-319.521882159481 926.7984615278259;-750.2909936357329 208.85058791945053;852.3045320028912 427.4539348873544
1000,16,18,LXSSA_REPAIR,3538.0218988395354,221193.7765011605,3.8401225497666633,,6030,6030,0,0,100,0.0,1,-863.39753338926 289.3779210319413;-373.70539311758745 891.1330361804529;170.9240127352066 905.5485772525072;-60.02335623204413 -276.17453635629465;-989.7453870910533 -142.842377499811;-375.9926714427061 -745.9909723764107;459.43431997722394 -146.6161861886503;643.9495785672475 277.60639785141365;-378.11757071534544 125.56838352538658;623.982599423079 -638.0085596105946;509.91057555997384 691.3441388329348;-68.92282020319935 -997.6097050720427;-686.9910627706134 639.3681665882384;869.2833411126198 -175.38000704174718;141.84923974128972 -651.0763451631788;160.05860815918282 140.22062940196923
1000,16,19,LXSSA_REPAIR,3432.131566568569,221299.66683343143,3.8401225497666633,,6030,6030,0,0,100,0.0,1,-245.8653376494391 -960.0958937717974;-596.0614148608488 468.72461080942276;977.2953029244737 -204.26477725152114;136.52335518042526 910.2734193026997;-224.45628755034227 -110.02331579596577;642.1320788995779 -23.28090219520292;314.2185363805643 406.53913501979605;814.4726124993044 272.4622854080344;-585.8341618743221 -634.188663516004;465.33713705736227 693.8541638597585;-55.763166525907856 -649.5034500484215;144.9837228294374 -140.19843063929522;-803.5842899493043 135.32995027793592;609.6823718517564 -764.9945609197848;-946.9110820710501 -310.13038789507175;-171.4904706843118 909.415644541668
1000,16,20,LXSSA_REPAIR,3104.574036682694,221627.2243633173,3.8401225497666633,,6030,6030,0,0,100,0.0,1,809.2790588979993 581.2530411580834;447.398610553772 -239.67055919993462;273.0460245413274 -558.3701119222036;-231.977484280004 -660.9917498214783;651.5073285704593 -644.6701770596362;-294.1181308601683 836.053864273786;820.8202296273538 -326.9306784435298;51.40757931779829 -984.6840606965253;-69.51878132129663 474.3224664035845;632.6697327477281 292.8863786542017;-722.096843559624 575.1105504165805;-977.1946410794139 140.68450968499008;974.1816619176763 110.41750392967587;-490.0876562553261 94.16231564953236;-742.263039433853 -557.3817130898256;49.46232671953181 149.52149448298184
1000,16,21,LXSSA_REPAIR,3627.569275385496,221104.2291246145,3.8401225497666633,,6030,6030,0,0,100,0.0,1,174.7160544384977 685.481018044658;820.6920862617155 -242.32892283178612;-39.77692154555074 -192.3267315024049;-696.756483942443 -570.4605940767455;-989.1919699828055 73.7901805828011;-543.664483421918 -839.3026447388207;989.7363169019076 24.212315926110072;589.7153830870171 566.6142297176942;-685.42837537895 498.16239442827367;388.6447022461109 -213.6809702619731;203.60732665903683 -915.9232657325105;396.40360091378665 915.8099516691151;-529.6694982444623 -43.45098920883522;570.5698465702932 -816.1809029491901;-216.98077658618197 241.1001753239989;-378.972491590625 757.840368823722
1000,16,22,LXSSA_REPAIR,3304.9834793699265,221426.81492063007,3.8401225497666633,,6030,6030,0,0,100,0.0,1,-110.02526898735789 -731.3019393694266;-73.24720539291337 375.89596955803216;-239.34637607256983 936.1238957318373;472.5142167405454 -605.8550995113548;-628.5118238368303 -488.67605383946204;426.27677410839544 889.3046206090567;-840.7877252891296 379.1205414758662;-483.0453388960693 1.8272156290398045;-503.8118435742725 -788.4823366631094;960.4688937407241 250.6014272603812;944.6357085855639 -326.57208431878263;183.8774453193576 655.3807946813859;164.36164814024454 -60.2495857402735;-991.365265549991 -131.099287082829;-302.95488143459283 -335.79704216980826;694.6956637493756 635.4462161550088
1000,16,23,LXSSA_REPAIR,3579.9595286677068,221151.8388713323,3.8401225497666633,,6030,6030,0,0,100,0.0,1,-97.7682953865896 20.13957981255083;378.7300914431958 -270.8533385220124;-805.8978488751898 -472.9143584044294;569.225602568856 816.8774365104509;-313.4847000982668 -807.0727286189306;-606.2032476117539 591.1480744263062;-391.7999236137064 892.772916186221;-622.5917281900454 36.78921455865173;976.9049204736425 -193.77480795382021;815.9421864515017 100.65832810276157;-647.705713712016 -752.6663056676695;-967.6923756263066 -15.384789660560148;393.450658941877 356.5019885017476;364.87548598772327 -858.020225511133;43.48821741393675 332.1726485153229;620.6291839616945 -522.5848402340812
1000,16,24,LXSSA_REPAIR,4511.793474979902,220220.0049250201,3.8401225497666633,,6030,6030,0,0,100,0.0,1,131.49447727994328 -237.99287147264008;422.5287943532142 -569.6095091923313;604.773810425867 171.44907764147123;431.0424643897065 454.8095058949238;-314.6347808860345 908.3560346449531;-739.5689320039422 -30.474356661920172;-534.000679817266 -736.4964823372108;-140.6875626106594 339.70704738777704;612.2673348592789 743.5324713872284;-908.5354881279293 256.32488861968125;828.5724787838462 -443.44703599478527;-151.57936462058495 -635.8555725509439;-524.225736375645 -252.25882823382676;990.9800357369969 132.02298481089872;124.89920222404098 -890.4316986761783;-352.46580808747206 42.85029354431803
1000,16,25,LXSSA_REPAIR,4085.1001162992616,220646.69828370077,3.8401225497666633,,6030,6030,0,0,100,0.0,1,-182.56344393203597 742.5697506969308;-408.6674870339247 -275.8659490348001;-209.300368378747 -598.7884385641017;647.5876044103115 624.6132334238986;519.2472544510878 286.95645781695174;103.29527817305433 467.51321957283284;94.1892080011564 -331.093842804611;-193.1127068106926 98.88794989197217;272.9709774348811 724.6911782785314;-818.8138574850768 269.22645786709523;-998.9797905140933 -45.15947458084573;865.5701850118197 -136.93841566864978;99.79018687735987 -968.396536413601;879.9146015809765 394.1902816332005;-836.1606499700879 -340.79248020570196;-595.8707338218355 44.78187454502534
1000,16,26,LXSSA_REPAIR,3706.958976211172,221024.83942378883,3.8401225497666633,,6030,6030,0,0,100,0.0,1,665.8233997719526 521.6869188420065;154.69518024025368 987.1038558852765;-745.4722164040958 507.38222137751626;-453.05821592998313 -888.3813625931358;-266.2567188840314 -57.07471306950375;665.3671276606304 -635.0911920083258;356.19547394966395 254.90598868020518;-67.21643121227095 535.6264605057255;-10.910064200987684 -974.9297947011332;-800.5679244859105 -375.05507352224396;920.1276593848166 90.17126862783323;-682.0411482471623 -672.4887290428989;-420.06084061897764 442.08429344715125;249.42881772960584 -751.7844446192836;-294.1460153966747 770.8780565470933;-999.3070210096289 -20.909364418411105
1000,16,27,LXSSA_REPAIR,3941.335942694539,220790.46245730543,3.8401225497666633,,6030,6030,0,0,100,0.0,1,88.27309212312207 585.8286347903421;-776.1065451301063 611.9342885987318;-318.8038569585424 367.0927739428407;-939.6700005053267 -305.00100625305504;316.92412875885606 948.3535986381908;543.1689505827475 695.3962764228288;335.26754485340143 -83.04297533289729;838.8263197584472 -499.0684542990967;-451.5019897739665 706.7210778718202;-43.06590604867552 946.8346900747393;-84.70177227430703 -547.5892294623723;583.1225399730728 -771.1790421122569;28.587720340612993 -244.11254341083517;-536.8266932571281 -271.496333008504;-726.3508795535075 -679.6948457898411;-335.1558190161216 -942.0984328826332
1000,16,28,LXSSA_REPAIR,4449.882436426327,220281.91596357367,3.8401225497666633,,6030,6030,0,0,100,0.0,1,913.7585368508485 259.9834816886545;514.948457120958 -854.5069292699127;-623.6450643040145 -203.60854519217625;745.3445225287173 -619.690456854028;-891.4917894229853 269.1460924467715;-344.39666222126715 816.5472054367194;-308.90721360179947 -603.7697859328124;-144.90137410280013 -51.92235475886976;893.7712870570152 -152.77617722013724;-347.70996853996104 275.4133021352608;26.842252111555307 442.2267409689267;291.09895433580516 951.0910730630712;41.33403850060003 -671.7234764127714;-408.5076323612521 -911.7706633913302;-907.0680510418163 -362.67768651994515;264.29912614460284 57.242855318443866
1000,16,29,LXSSA_REPAIR,4395.860777182825,220335.9376228172,3.8401225497666633,,6030,6030,0,0,100,0.0,1,424.5290500263435 -251.16829616231897;572.1022190530114 25.940879600015315;-336.00604562050074 391.5019104145133;179.5446797518824 917.5725804767749;-205.1168354869642 -38.92939227293748;-910.3699947691521 192.99847137984585;966.3997153633512 43.77509705705494;814.3516238740592 486.02244856485987;-42.867295703662286 -372.61668945514674;-553.614006629043 -400.70918310879455;224.63919316127158 -895.9622957652305;-265.6781691679997 -755.8286026874986;806.3741528490623 -337.80229209962073;177.28945686639048 210.19906429125834;557.1944353978794 812.4895607514719;563.1825252065521 -573.610340729178
1000,16,30,LXSSA_REPAIR,4144.505266006017,220587.293133994,3.8401225497666633,,6030,6030,0,0,100,0.0,1,-296.5632435136726 -239.39649833454027;55.05193724797462 109.53358061715487;910.6385387006475 -86.59564324674255;201.45179570268672 -356.4056631505202;743.9057571105019 225.30345346354628;111.26297316601008 848.5417926066146;-777.1381141363254 -375.8589413052517;599.5197769678335 529.9330570691669;-747.6419072933782 525.2561855703666;258.3747725758271 495.0625564068621;544.5665073928759 -397.6415482691995;-293.12693333748956 928.4352671808444;467.7515860986166 860.508382701609;-304.11992285265336 -928.7802649810097;-570.0522408954849 59.96989492862098;-132.51325860177522 485.39807465810577
1000,15,1,LXSSA_REPAIR,3614.986778256949,207071.07422174304,3.2676749590333203,,6030,6030,0,0,100,0.0,1,164.4950182192817 337.5078931288005;-388.4482293895386 635.8981600659225;-521.2157086296788 -709.4880847636855;-689.2833251256201 -409.70849610129636;154.40427672288138 -299.3654836014123;-149.09737414843784 29.197593064026293;-123.39460921427437 -966.4689411068715;-937.2225171305766 54.75159956767319;405.0626183615747 -709.2075557876746;-730.56076275904 682.8476876747842;-381.3500255907179 -219.90405910548253;992.7423432859548 -81.72443412277723;24.832961437684144 -604.5852026213076;611.7853926150078 -290.0783223542705;790.0884537882746 300.8792822325517
1000,15,2,LXSSA_REPAIR,3710.725066540268,206975.3359334597,3.2676749590333203,,6030,6030,0,0,100,0.0,1,-3.7856573401118614 -884.1445238705718;632.2977931784906 -117.89401668815614;-195.691790728515 -125.55970067328087;183.72142678355493 -358.273477678431;102.01818701834148 922.3779669532503;641.5296098995804 766.675522403701;-442.91147729768306 835.2467559514992;-401.87544910081607 -526.9076341014501;-56.2922514264989 315.50200725055197;-656.2388069540152 493.6572405819419;237.5647754524453 484.81236982312015;-788.4676934353164 -615.076171224989;-669.077940216636 -236.164540588627;464.59220650752377 -864.0359352026393;982.6554322760284 78.98265817939027
1000,15,3,LXSSA_REPAIR,4239.517655917385,206446.5433440826,3.2676749590333203,,6030,6030,0,0,100,0.0,1,-87.11357638795356 -985.1088943430522;226.4633040736789 -966.5736082512153;279.28584249301 637.2015943149413;-320.5884853201479 392.468425764893;240.71048987080644 -393.783643719882;-851.3454091495923 502.20629474719686;-20.53100243316298 313.00934721430536;-829.5975169773337 -558.2953783437669;673.4006901010086 -731.9347603231433;443.6274131696181 169.68410895685574;-501.05824049462655 -460.7526967830621;-677.2644183399103 157.53328649689817;-324.379472951321 -99.18030450637781;19.60496065929223 -615.9208749850508;616.5796841958986 714.8236559477231
1000,15,4,LXSSA_REPAIR,3000.1270522955456,207685.93394770444,3.2676749590333203,,6030,6030,0,0,100,0.0,1,-616.5936320739139 -232.44435839073495;991.1018098320809 57.5731243227249;-180.64713769824232 -99.2335327968981;64.15267973307886 -943.6680165164054;498.8351490422199 224.47816691868192;-847.4536590647797 218.55429123666283;496.0255026685626 -489.58077077429243;814.3583028893077 -282.8280380435789;-609.5974913643317 757.1961431472415;79.82549866095965 -391.77489535274856;65.94149257458287 400.550155698414;198.69916954200093 935.8402237026892;-324.0175770574264 327.5943341685038;822.7787405669316 565.1524511413584;-318.43249606749146 -508.3326943735052
1000,15,5,LXSSA_REPAIR,3006.662794544944,207679.39820545504,3.2676749590333203,,6030,6030,0,0,100,0.0,1,444.94190539078454 -805.5228595495319;-690.2694031089093 634.4328857266271;417.03201045531733 418.1349087080765;-358.21378082088495 -127.11097322707661;-895.5925912493028 73.16861889810382;10.350227383503617 664.2171516622252;655.4933672256798 -68.15295392096928;829.5220561834453 -540.3338626301919;192.9992158669787 187.09905850540605;-91.63990325091532 -961.6137804702142;-588.6651566075248 -808.3769748058379;820.3947476861414 541.0375873798533;18.835083632413124 -666.2318836431116;424.81346999862984 904.6792477633984;996.0396758525897 -88.90986518642389
1000,15,6,LXSSA_REPAIR,3275.6160817873024,207410.44491821268,3.2676749590333203,,6030,6030,0,0,100,0.0,1,286.64719824098194 -616.3635091912564;-384.81027331769235 -922.9956953037012;50.87493882049251 252.95014556022326;-184.9096906495339 -584.3557777821793;-437.3805701818345 499.8757672596064;627.9687803025217 701.8207771482878;870.2606993612537 -242.32100595237387;443.90708598094676 -122.16845461465448;640.0372556353283 -481.6902334922945;-780.9459296873664 -577.2977140463175;878.3883571077688 277.6298735897589;-666.4151035284426 -277.6459420744571;-216.8707427042454 716.6904280091636;208.5226396598714 932.4920108977981;103.43091003085347 -957.8714703697505
1000,15,7,LXSSA_REPAIR,2995.959604551288,207690.1013954487,3.2676749590333203,,6030,6030,0,0,100,0.0,1,-221.6575279316672 271.67256677637823;-850.7867452347475 -417.0158601866631;355.2984846232083 -115.67193105149386;-580.9262923168895 467.7383429541959;846.0783500184618 97.08185124737639;37.1180081293911 777.6772888028523;662.8796484257883 421.45350734480917;-386.673555500735 -326.8084759081113;-693.9109854490805 159.0993734512645;197.5148297180802 280.65687546222483;111.45054488669108 -902.1401936245829;-998.2142649106336 -4.6490670102666565;486.11562697402314 -411.13274963705993;-232.00763571627058 -825.3448846075544;611.7057240126945 -751.1379410574682
1000,15,8,LXSSA_REPAIR,3746.86803865424,206939.19296134572,3.2676749590333203,,6030,6030,0,0,100,0.0,1,114.83197979863766 -827.9622196286982;-933.1534103025797 321.97769402859245;-93.34490891597781 -264.6760824409386;348.61623423879854 590.746454443949;-947.8532778810085 -312.7841001244107;88.71940203400351 782.1151446044374;505.16925172891024 136.4487328094544;341.79012940756627 -442.83040525495244;-610.2980482555854 624.0252718864224;-579.8759538331971 -659.1096993545618;-221.30478614323007 -732.2421180400245;-782.9382837736335 40.20431705505022;78.08813081489794 365.4919195206872;754.4062674739297 378.5189820850518;-411.70174764203875 -73.59888680087576
1000,15,9,LXSSA_REPAIR,3848.644368051581,206837.4166319484,3.2676749590333203,,6030,6030,0,0,100,0.0,1,33.81856027204547 522.4411610794809;-341.04617267896276 -924.9885685241878;-583.1068667133937 716.5165806120763;666.4349137762719 -660.7880483206421;-768.7068092161992 339.88102343354365;979.8494769403022 -195.2649962219814;-623.5126750088633 -66.34885625109904;297.366219713197 158.44103893626078;785.7664101260067 481.57135858424033;-501.60907108663173 -408.5550403846562;670.4258852459302 82.448337530665;-934.7524642376907 -355.20266046121964;-130.4347610583176 209.26008610089784;109.66094826564823 -814.7874983963395;284.47343345960826 -550.502429570101
1000,15,10,LXSSA_REPAIR,3179.4454815827776,207506.6155184172,3.2676749590333203,,6030,6030,0,0,100,0.0,1,377.30742189428537 -469.3246320273549;-536.5473423735383 -193.42946603223;132.1899754553389 304.4207438698812;-761.3916486092979 -584.8475906069782;-758.5633995588038 540.1423049273259;108.5415458671652 -960.43609041068;-38.80333339160229 860.1891770638188;864.6626455556885 -486.2353306909973;-228.62297935534232 -763.7689111949957;-959.8928097050357 -68.4736418522748;569.7327423292016 -171.95211716216323;561.236375609749 -813.4672990506;288.1809395118931 781.1949240677319;585.1649028834788 320.26055304492627;884.9926696525723 239.64080117823687
1000,15,11,LXSSA_REPAIR,3312.679547741136,207373.38145225885,3.2676749590333203,,6030,6030,0,0,100,0.0,1,800.9044936740419 79.71903931137754;-757.19786543801 -72.27572520008194;-746.0090390920523 655.9160561376929;542.877870013751 -151.5515690863075;928.6751183267176 -249.31521063753064;-129.24587930794434 226.80571005447686;-99.2539544710722 -937.1239351409722;793.7521392038088 -608.241351364224;-315.3566231080096 -94.24126630769975;-918.3757200712973 -350.6783190597743;76.93091603218825 736.6897789099334;535.6357105122595 616.9642951346635;59.679219802878414 -471.05550037162817;-487.676989685191 -801.8651485619536;359.3075271098751 95.76589984412087
1000,15,12,LXSSA_REPAIR,2975.927066203003,207710.13393379695,3.2676749590333203,,6030,6030,0,0,100,0.0,1,-228.25871537130953 -885.5263886011537;634.2589351367443 107.86038493463064;-668.8986187124827 -42.70400092672453;352.7169976004813 -197.58103542895802;345.8880870821925 -830.1680308434064;-686.0823162269227 -598.3594977552664;-935.6527033425101 115.31895542274016;-659.9886545007575 607.8553723645236;991.3482032395711 131.25829472331955;2.461600213242746 755.4027772319587;-177.69107903311414 275.58165995234793;-391.9390775975 -506.86224477001304;-361.61659512744563 890.9492409710492;354.4035255618797 929.2023279572613;816.1577090813315 -436.0567951823648
1000,15,13,LXSSA_REPAIR,3101.1550095189887,207584.905990481,3.2676749590333203,,6030,6030,0,0,100,0.0,1,-378.84671847256135 -925.4594339583837;584.8215876984189 23.70863862605307;127.02907116573643 513.0794470359544;-998.4898871827078 54.91286115766868;-624.4753856508561 330.12994298026524;568.0080683605058 -751.6840206478785;999.2059872883001 -39.84212553583642;392.48293247831526 -382.9222866306078;595.2316478764914 612.7913069881724;850.8381100126917 341.35634450351245;157.21686296233915 -788.441871503793;-154.68745389351045 769.7528088925282;-817.0564646031801 -510.45343239230664;-409.9125972998924 -13.832968485025862;-284.97885993977974 418.6163211198719
1000,15,14,LXSSA_REPAIR,3099.1007879648823,207586.9602120351,3.2676749590333203,,6030,6030,0,0,100,0.0,1,-431.1896497165197 -143.5277197516717;-708.4059124354286 446.80586087747344;437.75654359169494 -574.1363860840669;294.21399530214524 -169.2062619021837;468.44720181553856 374.15885305005844;-905.5654464780996 -268.11226676960894;-95.66042372081527 953.3555960352332;-198.92413287919575 -649.9693945686848;880.135890387039 116.04812368302409;-436.7070552822688 -880.7696800802124;-672.1160868212797 -509.4464209708242;-214.73210423839856 597.9872988071746;93.73227295485557 423.81272673962496;317.5734231532585 864.7191305282518;710.5095842659024 630.2443487322513
1000,15,15,LXSSA_REPAIR,2945.704089741368,207740.35691025865,3.2676749590333203,,6030,6030,0,0,100,0.0,1,974.5095971595509 152.97242838443816;-250.52157057165113 419.79327409898974;-428.3955057508437 -160.17398603878445;160.23530349781623 661.1831061769161;-220.91668371624255 -742.9587508334072;438.34802555722166 -509.21395954517897;-666.5432064328245 -585.6147224641597;165.7341027956905 -772.9509463496651;-95.0513415295017 925.1820641581018;717.3491005629003 413.85992713542504;168.0565783111461 -28.825519095371455;-643.6378199971898 222.7310582214851;728.2987465727889 -685.2195764388189;-930.5393366321405 -332.18707080394523;418.9661132134084 906.1152902500273
1000,15,16,LXSSA_REPAIR,3202.4228258208896,207483.6381741791,3.2676749590333203,,6030,6030,0,0,100,0.0,1,-857.3312096800785 -293.5652674496435;500.6601149835165 305.66909902727826;992.5440545790632 -121.88642139202184;80.19760218043552 531.4920453060481;505.13501951564143 -854.3941378879414;328.31360594366356 -329.5386658337149;749.540275743015 -591.2499447611855;638.2765744812327 769.8068183715594;-102.5059814206745 -33.39380802579733;-332.36485444423323 776.5622677377742;131.57594968643875 -926.9145377566431;88.18397636684762 952.4635717624035;798.9402612823516 478.2599260616049;-321.4736659591469 -818.730375789653;-611.6714550456618 -543.9530724716309
1000,15,17,LXSSA_REPAIR,3234.4809759752534,207451.58002402476,3.2676749590333203,,6030,6030,0,0,100,0.0,1,-637.3239300332891 -192.9085418294155;327.70649203783574 416.9753812321885;571.8658880577988 665.6621677923549;157.74083449746016 929.8812962785469;-615.1614151164237 551.0730336124551;923.3590089668608 -87.66498832332351;192.43587228751878 -587.1908247790026;-338.86062099097524 -675.321431502125;722.9671800596619 303.96334309296685;-136.07826788197235 -30.901347977190664;-118.6553094789806 639.3565640455677;-829.7293925630869 135.58152097465964;-841.0535637358691 -540.9515805889527;-131.38065703495792 -914.8432397531438;-398.08996666100853 903.0864528748252
1000,15,18,LXSSA_REPAIR,2856.894125795865,207829.1668742041,3.2676749590333203,,6030,6030,0,0,100,0.0,1,643.3887665777683 480.1900924311736;385.63724851728387 220.60185953447476;-205.37506478077105 947.7621371089937;-497.3760915985778 -189.6489270897148;387.0909175509204 921.4270182154432;162.78423874426608 -227.9496221727412;385.46084003053915 -858.6016957284991;839.6162801389543 -62.440210239447914;616.4040861728636 -482.6450807092478;-49.41803589721565 489.53808559967587;-930.1826094358546 -308.67622106306385;-60.483419696991966 -859.72785562246;-274.71768290539103 -486.34992961106593;-746.8336871851923 665.0108598251387;-497.25811144809455 428.0487413420068
1000,15,19,LXSSA_REPAIR,2757.511534031306,207928.54946596868,3.2676749590333203,,6030,6030,0,0,100,0.0,1,43.07200183197079 -420.7636878850182;498.06334321033387 866.2876562092224;744.2016479941445 -239.2586503375423;320.5331042153478 492.93834320183635;337.0323585961827 -778.5505684377421;-542.8301470513877 -189.323733728886;897.8505504545591 205.2487374699383;-35.120921005521 971.3250399551757;-293.72718218739635 -750.5082951369446;-328.20834924217047 676.9057141795172;-90.03191375633382 -105.75169982804323;-704.6653205300793 263.09766374413323;512.3001893218245 -17.505059185817515;-857.6175658391597 -198.9718599371233;-996.8775335411912 78.96317572660767
1000,15,20,LXSSA_REPAIR,2834.46940594411,207851.59159405588,3.2676749590333203,,6030,6030,0,0,100,0.0,1,997.3391676674235 -72.65861232918337;155.98397794627877 536.0498993431531;-10.835976762333614 -14.371929333959423;-250.07200230377902 238.8830801820668;-819.3077381606823 -38.58827433073934;-446.7904207819732 860.6778373888601;143.5554750854025 -395.48728433680014;564.3242860978902 -182.45010927085818;-414.92642777397293 -399.82010227254;-15.653968031237534 -702.7985562343204;809.4298850999245 -516.2163727514557;807.8075656019117 539.250919201618;-535.2602811907853 -797.6934557801675;412.83935508899185 92.18040049586143;-813.0033840283127 517.902263327379
1000,15,21,LXSSA_REPAIR,3828.7183869157743,206857.3426130842,3.2676749590333203,,6030,6030,0,0,100,0.0,1,558.787674165639 -360.1785059366252;-345.9524261831333 -843.9024460458656;-207.7044402776546 -502.75517062521106;-577.3066490697146 -451.56675870449897;64.12517595120784 -346.30059285645507;-389.339008035866 240.41142074889393;792.6669309928844 469.1338403680869;-910.1247222618895 -114.45327307602794;317.3770517562982 581.6829328285439;-604.3038072808231 540.7834344245678;76.60104129728649 146.9229095894432;-241.5986142616304 553.7799332689731;51.153519442377 -947.434033181761;736.977309602243 -675.0997531975898;-778.7673165934837 235.3595757424357
1000,15,22,LXSSA_REPAIR,3893.531579189876,206792.5294208101,3.2676749590333203,,6030,6030,0,0,100,0.0,1,-703.0819170554307 536.6939959519441;-926.960219515296 231.66725742632215;-30.146533764148987 -943.3728560287307;-15.51123704648523 -373.45603814602583;439.5422481118815 172.63039621318106;-1.4292792132403758 881.241731582766;907.1226726143819 24.02624544519913;689.8659384804187 717.2395436482705;292.3056742542319 -362.5814851456952;-453.93238106940254 -477.93339214008665;-444.79408420301337 112.60859626881924;-703.5014032771852 -201.79972576135987;-0.1499030793441632 74.09126135325437;-201.61771532750663 543.7000521289606;683.0722139970026 -304.7970096422396
1000,15,23,LXSSA_REPAIR,3295.558168670337,207390.50283132965,3.2676749590333203,,6030,6030,0,0,100,0.0,1,-658.2361426609821 -302.8633564027246;-200.2664659789584 899.5359379605803;-262.48751642131424 -659.261839523648;41.18372320602942 369.1399676317477;-224.8524345232714 118.91275854443654;495.13648977669834 -52.65341958945954;892.5711590568293 -135.33393119885983;-883.3022432085817 408.2898407306247;-367.04593841046017 597.0433296446039;488.7094576532981 -803.979556002552;-488.1924377469829 -871.2482621378107;-596.2625808948704 802.7894709228492;272.74735947656455 -421.1080793108999;509.6063144686078 840.488148803335;906.0299320475193 423.12760384506487
1000,15,24,LXSSA_REPAIR,3356.6409037966223,207329.42009620336,3.2676749590333203,,6030,6030,0,0,100,0.0,1,-586.571733657328 806.6959431753992;76.58873588443757 469.9516994033684;-955.1661166741153 126.06928292641875;-575.7939723693995 40.965618714502675;518.7415330987458 774.0891671961481;514.004265897292 -306.01712705788503;-244.26316671173055 -916.0927682506939;-413.24884774966233 -421.93444114906765;138.82774665835058 -985.726616309248;202.5320567962725 140.5289204419816;792.4276206434575 -146.48000306328998;-736.5645248772817 -522.8235276019025;213.9949203907406 954.9396333536475;-218.40787038836447 381.2245353014844;-587.6542439686104 -809.1121602290768
1000,15,25,LXSSA_REPAIR,3054.8886316496646,207631.17236835032,3.2676749590333203,,6030,6030,0,0,100,0.0,1,-291.9832040996482 917.4953897789244;340.08090015884756 -773.96282222526;72.60269548443976 -374.396582499331;552.8363692271522 685.409275285019;40.248662457214515 845.838747798285;331.8514392159944 310.3264355295902;-935.1848703726805 -23.80138815086802;-784.7708874724277 -453.85294865756396;-798.5294615234836 364.37009486064875;573.4938086577044 -509.46961738453285;813.1618657756273 256.6329031016017;-372.2664677987721 -815.1874016569096;-507.24086570890034 689.564919924913;-330.21685805247847 93.26956350818911;-557.1748959234754 -243.31423091021705
1000,15,26,LXSSA_REPAIR,2814.9076290795056,207871.15337092048,3.2676749590333203,,6030,6030,0,0,100,0.0,1,303.6457143364667 -725.5164160551907;-329.27558984384194 352.24484392903327;-822.2132157668958 443.028796926939;902.5795257388229 329.00537909987537;459.5176088026531 -182.82987823472985;-555.5651986378324 -733.4716418745865;463.8409943136569 846.9967715978015;-22.618763852464095 323.5117218415572;-839.116036859239 -542.3965723314296;890.9072348005759 -409.37079492434424;-336.66118829379815 -370.79084100173634;-549.5642336041443 -58.10838875267926;-569.6740422526041 820.5773490113041;-38.46706758105699 -901.194203561105;-987.3134343274525 -158.78344496996905
1000,15,27,LXSSA_REPAIR,2396.6058449895645,208289.4551550104,3.2676749590333203,,6030,6030,0,0,100,0.0,1,-726.8438817372162 621.6747710222688;474.7262899065974 -829.8883047077816;-8.291002808421354 919.6093459398296;-84.77698586286196 -980.899302620993;792.9298633747915 520.9428919959325;968.6831407442164 70.64615874732779;-272.71764067365297 -625.2553178733673;432.8062175921671 900.9969883305251;-844.1725005047902 294.7881706955958;-94.91180649275816 -36.80415561150136;215.91083471944583 120.18649108777872;-994.2793001073971 -85.00313982764074;-490.30690422923465 -238.49221592298966;56.02733931385499 -559.3202355224788;787.3639424368483 -523.4750578460307
1000,15,28,LXSSA_REPAIR,2554.8880995219224,208131.1729004781,3.2676749590333203,,6030,6030,0,0,100,0.0,1,-823.91310725282 -371.3613768152397;-83.52447393285378 401.0303648683788;-342.3199231218532 -236.76950278357648;-835.6213772906171 549.3058472426196;978.4681160243058 30.80948613358603;-371.7288311991111 927.2206309476246;770.0731470632402 373.1906756022262;215.70146565684271 -585.8918414070214;399.9293298826053 264.591034961595;-554.3880686900279 91.69456873749645;-548.1025249314175 -791.2685052109865;566.8387078074028 -210.48707724258577;758.8135357240928 -532.5077288197986;228.85079162655637 764.2795026083938;-61.838338619280975 -888.3792891733433
1000,15,29,LXSSA_REPAIR,3364.936561591574,207321.1244384084,3.2676749590333203,,6030,6030,0,0,100,0.0,1,-63.54491057683931 831.6607998791649;550.0645286001939 331.6846223304277;779.8967174760678 551.2883740269267;-389.944435639689 531.5998802022381;-421.87435059691205 -862.0378468435008;-643.9842302602091 -14.65122209863465;261.51313205598166 -135.62360215036978;-404.87118864832206 -258.7460340224607;-892.5215611105776 -265.23327938124635;259.1078764652925 830.7498481243189;935.4552081100726 253.4638516309074;66.35556480533288 -719.7332878807382;568.624205324456 -750.2629324267742;101.07812362530929 224.52313301864555;-231.9165788438695 235.80461399091124
1000,15,30,LXSSA_REPAIR,3860.124584608653,206825.93641539133,3.2676749590333203,,6030,6030,0,0,100,0.0,1,-93.72114988268363 -838.160390976267;211.41469012155156 821.6827556804301;-673.2893066969199 -252.24474974140733;-403.4519127489349 498.8060815516287;-998.9626399196067 44.94092711533861;473.4015414290864 122.28941730701844;802.1511747321503 -215.01722458402446;478.0440435286218 -520.912574754983;-880.5825764047904 375.4228247507358;-518.1574050433629 -725.2796862656575;204.29746107518991 379.9931959791857;-105.80676994792168 80.45401437868607;-645.63436221479 740.5596683830958;-91.22338441067846 981.5715744199529;577.6466187085648 467.794334631013
750,14,1,LXSSA_REPAIR,4449.152670245618,192191.1709297544,2.557353890266677,,6030,6030,0,0,100,0.0,1,-501.21540725991235 -496.94271952815427;722.7809668651388 187.1005126164024;521.4559462686516 517.638967838572;37.01678517668802 35.190730754741786;-349.3163937134487 -194.8525288538572;-141.9601015186146 733.5715431607514;714.2521034119297 -228.78796465643455;-197.46195807688218 -653.4908172788734;-528.2218837790108 531.8590063799924;377.9293326676243 -647.8189712484531;143.92533095942224 393.1342906890293;-709.4578878450823 164.31697021789074;378.6670911202828 -31.06180059465537;-89.38962485465382 -365.0721593125136
750,14,2,LXSSA_REPAIR,3727.642196253786,192912.68140374625,2.557353890266677,,6030,6030,0,0,100,0.0,1,-374.63549610305654 648.2978494987276;17.627072386262725 -748.6317624701242;388.7079796618188 177.61589410071096;253.0294282324854 -337.4885192324062;-357.6089384027915 -123.02440119018418;-66.74937154344478 656.7275258683927;-692.7519278826 -193.46641350454493;-681.4567078155517 313.23592929402935;-481.51860966632063 -531.9624101529076;563.9842874751099 -389.3269832737649;64.87857925577276 265.5495308268411;748.5984644969062 -27.560399242046344;-122.96126570739949 -366.8220988167103;556.7340711291224 500.36498959093916
750,14,3,LXSSA_REPAIR,3729.559636282735,192910.76396371727,2.557353890266677,,6030,6030,0,0,100,0.0,1,58.34588046371965 398.75889627177366;-708.1358474458254 245.24504424210704;539.8182188843367 501.07619889425797;-518.6756208570303 488.08001657697173;115.9255197027122 -717.1202452795255;243.12143943943065 -291.6573967092706;-232.99166643193914 -712.6771246760194;218.33537873331267 697.3068799046268;-715.5003490329972 -224.80121112444724;720.1664561311469 172.96475967379305;-270.64596506750036 221.02045223577713;-512.0788789838664 -534.4521039241001;-144.2565638856486 686.3837236169477;395.535446678057 66.86681376114872
750,14,4,LXSSA_REPAIR,5523.379987134045,191116.943612866,2.557353890266677,,6030,6030,0,0,100,0.0,1,-413.2815827727946 -84.3231454282353;432.0328841608122 612.86836391273;-151.69604202025454 727.4094492696286;-684.3381959035096 173.32001361480363;44.22352997363737 -111.0232060228349;411.22167787570885 -301.65187590154267;-297.1936326736122 322.82630698588673;-511.03684317542127 -495.4903344580489;-108.04099311597056 -554.7909227322214;246.68951897261536 185.43300042196037;233.85875185426173 -712.6079456343206;614.4379583016934 95.11013400206097;47.9963615543883 420.8802025837415;-701.4240598584604 -253.3790622018899
750,14,5,LXSSA_REPAIR,4618.58217032798,192021.741429672,2.557353890266677,,6030,6030,0,0,100,0.0,1,-577.8981590196016 468.96655233080895;-605.1933807125638 -442.9909388934472;373.26893473919057 -566.5963605489824;-98.73998703457228 -97.94452090871818;64.58822966531578 365.5221487394138;634.7362210711951 226.82069560109176;-65.74221076212629 738.6943377601298;-243.3961517753095 177.5481716872983;622.046323584173 -170.35899416136198;202.81834799076307 -27.03857002043372;-264.88673900248233 -645.9080042485813;-743.849833865558 -95.85105454913732;352.2423213928794 593.1955609201569;39.461873244974655 -373.19758092308496
750,14,6,LXSSA_REPAIR,4563.694581391988,192076.629018608,2.557353890266677,,6030,6030,0,0,100,0.0,1,-320.6256410168426 578.1004768942323;348.8535569453272 467.57551836390974;-461.5235533744109 -269.08453281376035;182.72535158258006 -105.81897946197347;-21.53059071390027 -685.8859878826752;360.7318237863502 -486.5063244476315;529.931775087839 -63.50511398954379;656.1452952243563 356.10298640317967;-30.652303436909023 222.04294442315768;-21.554332164320677 684.1127326040474;-337.29700139186787 -571.9076919161657;-626.6211265827835 412.1237238016312;-336.18603480930267 129.63443890715033;-727.8595200834992 121.23173490795716
750,14,7,LXSSA_REPAIR,5042.142937958008,191598.180662042,2.557353890266677,,6030,6030,0,0,100,0.0,1,-168.0095565230423 540.9034114799342;18.025847036316836 -165.2701258968971;-380.25643584165465 -163.14494378367803;381.608550395836 464.89189520579055;-194.4928966330395 -492.3311886321945;618.4954525589137 154.5005875941359;-557.0355165326242 242.15315984107372;178.82000024050006 -673.3559120722024;-178.67189097317845 115.07445996866349;345.4749768978817 -174.38448973363373;737.0959086586541 -138.52531156878067;459.00158894451357 -487.38135715171717;-562.7610363274093 -477.42233934644224;-721.8424195081985 -48.012511617364744
750,14,8,LXSSA_REPAIR,4247.418237085396,192392.9053629146,2.557353890266677,,6030,6030,0,0,100,0.0,1,-717.103281489842 118.41606409434695;-123.72507323181574 356.71226839091224;392.50830376971913 639.0626806162296;-129.20763824608537 -107.18835223593695;-548.8398114544607 -173.4270100056377;384.39791626252 -598.0516255447008;91.7660398961744 -740.9381556063358;-277.39452001353584 -618.8521583716998;-329.44876525434177 662.7241646422822;391.2805856140525 -81.4362837504526;666.1483279682559 202.58728223767204;79.7933158233657 648.5468974146646;651.7248221445185 -360.24159167985584;-550.6659814516277 448.4061070274763
750,14,9,LXSSA_REPAIR,3726.483230598911,192913.8403694011,2.557353890266677,,6030,6030,0,0,100,0.0,1,16.337427851796463 215.51751066119596;145.3801658139142 645.6659526464965;-493.6498053538781 304.74513316724483;-685.3299159064566 41.26497441797335;749.8878857729464 12.936851693465051;34.30983040196372 -684.18227736157;-141.03681163581683 -97.30856924770282;330.02652459431675 -94.71512838229518;463.7776175380271 482.6229622538907;-513.5942007750789 -461.4222757356264;-355.79044296111977 647.7924315086027;490.1947452957358 -567.6346273219074;181.96070372326687 -384.6882784791296;646.1732140560956 -277.10238510762156
750,14,10,LXSSA_REPAIR,4867.958683347853,191772.36491665212,2.557353890266677,,6030,6030,0,0,100,0.0,1,256.82306643347533 530.3773345303232;-108.76175030197705 363.87657065560654;691.3495208431817 281.6537571734034;244.068983901471 -481.3774761902251;104.72285383703998 -47.934420038413464;-479.61988892333585 -353.2140425409649;-355.8560595802846 -635.2602404364262;-652.4156516776342 317.5949929460298;401.9938579326412 120.51204772853207;-151.3757536157656 -275.9980924982862;-748.6640366408495 -44.74272179831986;548.4178985071337 -155.77301913203476;-367.43212270745755 635.5181595990748;-41.724683895554286 -605.8486354825914
750,14,11,LXSSA_REPAIR,3861.370257022005,192778.953342978,2.557353890266677,,6030,6030,0,0,100,0.0,1,607.5173026955815 -410.9840229184824;-211.835513510612 340.35606517091435;616.8748172817816 345.58091396828684;-361.1844177478862 -653.9788147507212;149.80852535049 -297.4022973857424;-723.3426290947191 -70.9143263981019;13.566009627660526 -12.877537125176202;155.68404658214666 340.0442846764385;-200.40745722646733 -377.74340225165105;743.2080127491408 16.52874864114765;7.742876518231279 -732.1140694744631;337.01533917272775 638.0162724287585;-427.5890006612884 597.9138453422261;374.5379320744748 -644.238574517923
750,14,12,LXSSA_REPAIR,3514.0995186373184,193126.22408136268,2.557353890266677,,6030,6030,0,0,100,0.0,1,-327.4582416219861 592.3129192370592;553.283873972035 -308.39680100559264;-594.6682430971639 -361.82715293505305;159.32648469831184 -300.65102775022115;388.04862364157606 -588.55720393494;-596.3658047922847 314.7826628332867;-337.6960155981175 -96.85134240443364;-353.0305526003231 -596.0682816354804;-748.2436951883639 -51.29540593161238;15.615021227997671 -26.466531298012704;576.7155345784954 321.30752636605365;160.00448531968834 418.3984324364781;-177.7285138327926 323.1566535140811;733.9788092835205 49.1615772136633
750,14,13,LXSSA_REPAIR,4736.384466660704,191903.9391333393,2.557353890266677,,6030,6030,0,0,100,0.0,1,-522.5177498857861 480.43031946396974;-359.1003338133273 -27.075433090307786;511.7295786268492 -474.12096083698543;193.71340335132282 630.0966371655138;697.4586577073309 -156.61422406443526;-173.8046031884243 -665.9416047989318;358.31940650055446 25.510316888649108;-6.483421342173287 12.679921074166664;99.85733809290866 334.0917415541763;498.574310775727 547.9848987374344;-161.59894796232587 -272.65361571947756;-184.42653532725518 664.9101832902087;161.70453607272378 -686.1267074364541;-679.2048142742362 -149.60549333629487
750,14,14,LXSSA_REPAIR,3722.063394751778,192918.26020524825,2.557353890266677,,6030,6030,0,0,100,0.0,1,306.25358493681864 22.838668681354463;-38.97195482222497 558.3004620647882;170.33064964630265 -400.68530546845267;496.05597760786213 -441.80002388144715;-390.79984671871165 -162.994040079866;-733.6344023800057 -155.82221807088948;528.7081870659065 531.4791261475817;-569.3143992766574 423.30310307653684;293.46753036099636 -684.216770384294;737.124847217376 -42.98582635687511;-234.54055094928563 -673.8987758375933;-336.83505637882234 640.6223628563222;-574.4093490184305 -479.8059240015028;-45.1511002941251 -44.65496289951097
750,14,15,LXSSA_REPAIR,4572.78875760932,192067.53484239068,2.557353890266677,,6030,6030,0,0,100,0.0,1,-329.48268128966686 -108.27501757278648;-279.2198648643529 683.9718546778505;29.368090017769134 -313.74395685789796;410.16594474373653 380.89619844424254;-155.44997462962203 -723.4751665920118;606.1234297981441 -79.00525767907399;-489.1473526554492 179.5315885102207;-509.34197494252953 -485.91885799618444;41.817715395733536 101.96784768843533;60.13494177270505 711.8400931753166;399.2174994253528 -516.1593474430059;-704.4879828818046 -66.70656999757087;-164.35640338736962 376.0187260246913;715.3757606834671 208.96684166246246
750,14,16,LXSSA_REPAIR,4728.540861791174,191911.78273820883,2.557353890266677,,6030,6030,0,0,100,0.0,1,-44.54448673703968 703.3093410019743;-43.3463945553055 -530.0287982782606;-548.1217319357207 359.7207446413523;-422.6587186076332 -36.92910942780157;485.35059120500244 571.6535418993127;632.4598469166262 252.49508857592193;-497.09774870389316 -548.962355612179;748.8501224216858 -41.21048512561151;178.7111744431794 295.3100575779142;209.89401434597394 -706.5591949993413;479.1121793593768 -532.9733197935777;-721.866442412305 -190.147935179986;336.6143924798241 -259.4921075542529;-257.02629223130964 227.89981450274203
750,14,17,LXSSA_REPAIR,5101.318506070762,191539.00509392924,2.557353890266677,,6030,6030,0,0,100,0.0,1,696.6872542783381 -162.5464607127755;367.74374316571 -62.17952949892882;-625.2032857919617 167.29296856296415;75.54767889396875 191.90516535959816;374.0640105435482 502.9634929880538;63.581718321114565 -732.9953160463525;-322.3003368099495 -149.44809152133547;350.19249340721404 -474.23781902042134;546.8960189935235 202.53754793114007;-86.96207417521015 -372.27591122400116;-87.50431610389593 735.3300126847736;-306.29098817675225 361.45460263055384;-636.8651262691251 -364.48614510464773;-344.43732332116645 -623.8587848499894
750,14,18,LXSSA_REPAIR,4538.509415281558,192101.81418471845,2.557353890266677,,6030,6030,0,0,100,0.0,1,-113.37952975714066 727.2535286746953;449.0872150578658 -128.49940563897977;-213.73055336972547 386.47331534883153;246.05707553809287 193.66571929570526;611.4616099558339 -399.8697029607484;-684.226831560166 73.50833296423622;-559.0317188682299 461.02358890734865;-560.9763353487915 -247.95427446087194;259.3521799635353 649.3483759819616;100.32347972080136 -227.77818027989906;-308.84868776500474 -678.3458064229787;-205.29078302416195 -388.17043389731805;735.1437828383206 148.45562382132323;257.5656041055302 -679.5068317688997
750,14,19,LXSSA_REPAIR,5487.944195666612,191152.3794043334,2.557353890266677,,6030,6030,0,0,100,0.0,1,180.91749765597402 297.96424963919344;-5.532402738758352 -19.15974790059082;-477.92013574623627 -437.92563952267034;477.0130841651495 -462.1609429624773;320.38271003337223 -11.804189828271387;-337.5188975969535 42.65987151411338;-482.0183250853204 462.35535025469096;161.9798932272633 -649.8917523312617;173.81192161704595 -282.82064391186714;634.4636185414531 -191.71834188582685;-176.86268913222887 -285.79990846889757;465.2042939046765 444.411261092864;-175.89184384379718 641.6176367479725;647.5578453723125 181.7351167094612
750,14,20,LXSSA_REPAIR,4007.1309977308265,192633.1926022692,2.557353890266677,,6030,6030,0,0,100,0.0,1,55.59849149099063 -670.3016227172719;-602.0929975427732 418.77103303879807;619.0355494586476 409.88785154247216;-71.68969344505828 -284.8991846820382;-371.9925929605735 -593.8648323906074;-16.02956432923765 725.7672017582701;384.8239450790151 -631.350605037603;605.6442392012118 -344.7878330739597;-748.6748665866243 -28.06261594387881;404.7436294159107 64.4115591871551;-363.68558045364006 641.7410131020238;-245.3628655046145 328.58943944010696;-360.72519981970186 -31.233318624450057;-602.7305519178414 -299.28994940433313
750,14,21,LXSSA_REPAIR,5221.55141494298,191418.77218505705,2.557353890266677,,6030,6030,0,0,100,0.0,1,-208.63564881011231 258.163033610021;-338.4609355289948 643.369023662761;522.3965745202462 368.47501929070495;-669.1900143381323 -47.220643179204764;507.49101115664325 -206.24827582000034;-38.46536248137532 -259.36714616373666;-351.1106577830071 -573.9404147737845;271.1311513522798 -566.1865574768833;-657.163839754541 361.43559276732555;-40.23999446822555 566.3636918165781;-494.4288281481229 -300.8416135999528;671.8243288639853 74.92358363486636;260.83238225114724 655.1036354739707;-48.907721777474336 -747.4561076069152
750,14,22,LXSSA_REPAIR,3982.970768922591,192657.3528310774,2.557353890266677,,6030,6030,0,0,100,0.0,1,-458.94054567544384 -418.47023419853394;744.6844784888004 44.804518309733005;-667.6359843922942 312.81051452563884;-459.09812469538775 577.6902500563785;-690.4082027728159 -195.047985526808;-94.73011976461412 655.0783471023808;115.84682133601851 -364.8061077373499;-8.08824417863636 -686.047019393039;114.11757730601313 387.32104288392645;349.49002214068366 46.94390397904996;590.3941867559073 -386.43085848897533;598.5948256572295 451.8630869289966;-222.38708567413553 38.56281451346585;358.96607276704077 656.9043160828422
750,14,23,LXSSA_REPAIR,4304.5487478789,192335.7748521211,2.557353890266677,,6030,6030,0,0,100,0.0,1,34.11988784017488 697.3465400801556;734.556612291752 2.5277967258875704;595.4247382926351 299.1823967309234;-388.76100489641374 -641.2996579710733;-385.5543527862786 643.310058629623;-673.2003864909735 -132.73179279271667;-167.46080270385707 -407.8376113619443;-379.32119893752923 -0.44716015549459415;153.23530094786025 343.59176373757316;-180.41124854759272 319.6685505420338;586.8881829458088 -349.46805340728883;39.98889043569149 -745.5999567328423;370.965534630802 -569.1230346893574;37.20831911165372 -85.8244778650766
750,14,24,LXSSA_REPAIR,4739.8938311669335,191900.42976883307,2.557353890266677,,6030,6030,0,0,100,0.0,1,-622.6732487795458 385.77735773425724;-268.5168514110369 -618.7493527430119;464.8339821819481 -497.7498943085768;-259.86061292549203 614.1256244451306;651.7305476215284 -65.99203290936332;-745.0092274792352 -85.80979800104308;166.15021194808793 230.30870484305916;324.64942499833353 -210.44245366503972;663.1188087623789 350.3904186269419;440.19141497653317 607.2324797844823;10.219602232747043 -48.44329835868021;22.353917215178924 737.4964299643249;151.43011938420406 -507.1145675274747;-429.2733927301623 -290.08209049694267
750,14,25,LXSSA_REPAIR,5621.725369070133,191018.59823092987,2.557353890266677,,6030,6030,0,0,100,0.0,1,56.62677975799113 -345.58605729424295;616.9549105637637 -236.55502807726543;-560.3112043149151 231.87781649105804;348.5287835452513 573.8548752473974;193.83192085361753 46.77991295931176;467.9561628215945 217.10178842107422;-361.14187029546895 -601.8142417079033;42.49803767762876 -703.2369742752236;-167.6590847752395 390.7960770361839;-351.5969858224999 -95.45844479911248;-340.860835825917 660.2423375096325;-699.3303630820776 -222.84470579668775;412.848258874924 -572.4207949427247;3.9103303822544397 732.0543205908839
750,14,26,LXSSA_REPAIR,4208.5475385309255,192431.77606146908,2.557353890266677,,6030,6030,0,0,100,0.0,1,-229.40976388547156 242.9706029751573;-72.53235690417624 -235.0154530263749;-515.432254728021 -253.35573918663394;413.9660519564562 185.40290656753922;316.38375074038333 -113.09680132007733;579.2976762901568 -329.01960262635475;-346.081708226429 541.4312193342968;-9.957969020260528 651.9128323979252;-287.94429755908607 -650.0861325593355;568.4533053208426 488.87100846105216;727.0740876066632 181.1033709459803;-745.1437216321418 60.52239220429274;82.96726361187139 -743.2677356310822;220.68314320497944 -419.02785110436673
750,14,27,LXSSA_REPAIR,3633.8639721075306,193006.45962789247,2.557353890266677,,6030,6030,0,0,100,0.0,1,-50.411898677840526 -172.32442660970392;528.2727583984845 -367.8761333174123;-220.9364263848257 376.7478157611427;538.0245121332281 297.3418745304512;282.5123399790219 683.8296837113046;687.2887811692648 -61.694869582736324;-584.3903750740476 348.5685055024102;-749.7571579602052 18.80397697554081;278.08801142135314 -659.8908667063679;-326.6354330693068 -609.7266448096761;-591.8524553228006 -436.91639739565437;287.0282773193695 -127.41861349824431;-46.953690780397935 714.7439944389454;-318.60604570377063 69.99647624073454
750,14,28,LXSSA_REPAIR,4156.099544278288,192484.2240557217,2.557353890266677,,6030,6030,0,0,100,0.0,1,45.078480722568735 557.7524394221725;579.7898639149208 233.26320122088202;-586.4240523485317 297.2677837990003;390.3031764286497 639.0791210371101;394.4973763365968 -159.96330669335654;-355.37839741811126 -594.8654332611862;744.8726948665536 -87.54527078624227;-347.11994901963567 -119.85793331874855;272.89245455583483 -537.4179756067599;-81.61296953571745 44.291113612182095;-735.301335813824 -147.75620621191592;260.15408358609983 235.12242643260976;-358.435506477934 658.8049603847022;-80.96807778050163 -740.7899750378522
750,14,29,LXSSA_REPAIR,5372.010038037057,191268.31356196292,2.557353890266677,,6030,6030,0,0,100,0.0,1,-38.15047722260807 119.66085761660446;-180.8768808487649 689.811517780439;-341.29274169700017 415.10703933743685;659.7715395758185 -89.76817592089914;-680.9965276953498 312.88995617588364;441.97560961808495 -426.4421551358857;-356.8497428601863 24.576866951168267;-503.2835531704855 -246.3888444191486;107.53440763758087 -248.98718806919393;137.73228525083414 481.8492386964651;-98.12416041191165 -593.1521670981417;457.3677010220841 514.2506653156686;249.17265963836255 -679.1344994871112;271.4228884552794 42.54968911880903
750,14,30,LXSSA_REPAIR,4872.5302002803655,191767.79339971964,2.557353890266677,,6030,6030,0,0,100,0.0,1,456.4762671305724 97.89788542716504;-189.76233601268325 513.7172602750941;-209.81238706449665 -75.87483826910464;-538.3375014461699 437.26319780371745;184.05122180354172 657.9680530283958;166.81662722469713 -76.3155451969157;-537.9878066591657 -147.7433445983698;438.2776667067769 -501.87649859966257;155.1986919841479 -691.3139065931298;-737.3296710051553 136.52646907450946;654.0281124807473 367.07926532026215;665.4840534895602 -248.79676036717294;-547.936420867682 -503.5490985854333;-218.4325056527489 -689.683259665117
1000,14,1,LXSSA_REPAIR,2387.275716808508,194253.0478831915,2.7028123170999607,,6030,6030,0,0,100,0.0,1,717.1944006294602 196.84696583571258;146.91659692599487 915.0448991081568;-911.3053504826693 402.12188281665277;74.26192058840068 -996.6474853055786;998.5565189112684 53.711050140146796;-251.3250597434878 810.2391206690712;-919.984400413898 -313.58820964610595;-677.420468411458 -51.729667167940946;482.1389192065444 -864.613236965348;-207.1459692722035 -739.3343469744464;859.8655237495208 -221.53742951327544;211.54690989771248 -582.3078485677523;486.84266957414604 871.4466628899095;78.35150458576872 -226.5682339169673
1000,14,2,LXSSA_REPAIR,2086.209419978288,194554.1141800217,2.7028123170999607,,6030,6030,0,0,100,0.0,1,724.3851123187691 561.6818216124731;442.21742915418497 -809.4484514013799;126.4216594761045 -726.3315126781977;-944.0235379562295 -16.353638890543124;-777.3153208480198 -317.79831850992656;500.51906982373555 190.97148692508867;-339.90788634759883 18.01749893762081;999.3364639298421 36.40469323792799;-87.98420472219787 -947.465069383508;-549.9178667932657 -707.6296339842087;-535.7788454838902 613.5202401956044;144.85209087114467 281.71535397589656;698.5376835430089 -316.5049140091452;357.2978285426926 655.2982229028105
1000,14,3,LXSSA_REPAIR,2502.281173735799,194138.0424262642,2.7028123170999607,,6030,6030,0,0,100,0.0,1,168.82223885862922 -889.069683307469;-13.487341767882784 -368.08724997465475;-610.7311328833384 -32.311180085564935;-250.8084802789232 566.2855532356075;-861.9507841123485 -460.8738926017284;724.8594460702095 -681.7281497508934;-598.9297051675778 750.2658942784966;181.55846354058716 346.8131514370624;-232.42992972570323 -785.3672626230245;649.0206557718384 413.5018561170163;768.5189634185263 60.67114774268904;368.93227119450944 909.3379015443223;387.27999079453235 -47.042720629031855;-845.3524610337744 350.78240285688776
1000,14,4,LXSSA_REPAIR,2189.039269228,194451.284330772,2.7028123170999607,,6030,6030,0,0,100,0.0,1,-98.50705565267472 -269.577096203755;828.4161435107595 69.88596272657269;339.11014699658443 365.54873565018045;-91.10312310648418 611.4754240780308;-776.7813421897953 454.0095695415544;622.7902502667811 782.3888446115781;628.8078222882672 -714.0798098266666;930.1773521813093 367.0039347537379;-428.92088676592795 -856.9251441653032;-986.6568231451614 80.20492042524867;-795.3909585154883 -606.0061684228689;332.88718782521477 -889.8867752620662;-200.17186283931264 -566.799767030129;-508.0077698084032 861.3524863923551
1000,14,5,LXSSA_REPAIR,2345.8829836976656,194294.44061630237,2.7028123170999607,,6030,6030,0,0,100,0.0,1,590.9277679789917 -365.3909830732307;-219.32585254369965 -126.49142602978863;-842.8929728716822 -479.07927359076507;-353.5724589223034 -584.6151301382469;243.42728907844804 3.0407343752075175;255.93899176072833 -880.5326330688188;258.3434159488392 918.9420794433101;596.6485229268263 584.9864953976029;-607.4583754647172 790.2497995674898;903.4865086268715 -428.61224637409384;-825.8132629474658 425.22744299914046;915.8838200627392 199.65734843831632;-999.7172003752545 -23.18817845649502;-13.555691779295335 420.983695705938
1000,14,6,LXSSA_REPAIR,2411.196435194375,194229.12716480563,2.7028123170999607,,6030,6030,0,0,100,0.0,1,-422.453855237624 -140.98610551297975;-557.7823851940958 -614.4756226688802;593.7228169128815 -461.7374786068642;-162.81459188365878 -624.2995469801208;85.6333028632996 -192.6395068811666;-200.80689828690802 813.495092688844;548.8097665317247 827.0135516105677;93.87881992303835 723.9164773715329;929.6524208809735 85.78604577377395;-861.6782201488755 476.1091599942384;406.8315288999453 -806.9655775161069;379.78069878998616 311.50461158195935;-871.1714434078297 -251.31947822183216;-423.2799841222695 583.1909230776721
1000,14,7,LXSSA_REPAIR,2624.1212364278617,194016.2023635721,2.7028123170999607,,6030,6030,0,0,100,0.0,1,23.407360450683594 -903.7516444509344;-683.6117265540587 290.04191068451763;-261.1577087673369 304.0092079374629;774.5824370835846 444.28720256543625;-825.3336928515802 -207.45533056522956;350.6241296249006 408.7650435577095;576.832521991874 -388.83622947166316;-493.7735495286863 -281.79987951208824;593.0735723152335 147.1484461011378;-257.2912183385815 -547.5974167998158;190.71435637426842 -154.44063542598596;-33.710254765340586 692.3803876847053;972.0165991131976 -175.3262873738499;-993.7057735637688 105.1621838649617
1000,14,8,LXSSA_REPAIR,2042.2446496429911,194598.078950357,2.7028123170999607,,6030,6030,0,0,100,0.0,1,-788.7218374287197 588.1232810900941;947.652870101416 319.0620835537128;300.3179814537774 -750.8838082857783;-183.81489455278967 971.1364543536486;933.4701500834841 -350.2525368232537;26.685015725318536 391.9003611712142;298.31706072018403 117.34651600514451;-481.2256910450525 52.2427400242191;745.3762665006129 -13.297311850762924;574.7644488342205 395.02813919134223;-783.3141277802563 -227.78469911121934;-491.1892459637074 -845.7671136844533;-987.5064985810552 155.0601906425676;-287.42301956149913 -501.23908956575815
1000,14,9,LXSSA_REPAIR,2698.1276801786157,193942.1959198214,2.7028123170999607,,6030,6030,0,0,100,0.0,1,-326.07516599496387 -276.17203474687403;996.9075973987201 0.7225374793194775;-783.4272509153196 341.0422605787861;-996.9074989250591 -78.46545850770512;9.390161927462362 721.1611572361311;63.73897846731028 -510.9553901320935;-788.335708267801 -493.8956077155025;469.06610511863533 -504.9714518081335;-314.2994453306828 285.56216601817346;-566.0600158426598 723.4583006923351;635.683378592827 -9.663157789115303;-335.8357905294452 -929.6854196320281;332.66299900544766 -904.5488681380691;824.1842018826649 -529.245979648585
1000,14,10,LXSSA_REPAIR,2016.393499589758,194623.93010041025,2.7028123170999607,,6030,6030,0,0,100,0.0,1,973.8489241592083 -176.21377347058706;476.8784133625439 298.71297292019676;109.22014719917759 -53.07389633935869;-99.4925115834955 541.6824263470392;683.0206469897034 649.7348849408763;-582.8853266240774 421.027351492141;-257.5932369876398 -923.4965841070691;-577.1772421448125 -574.0925215150667;665.9059739311363 -184.1575207566542;150.07403914804013 953.306522720117;-916.0687497313046 -361.89679154224734;-744.495792877501 -59.99635616785185;-907.6677510280135 419.6893941042558;-114.39778297777596 -452.7397530795508
1000,14,11,LXSSA_REPAIR,1996.8927545636836,194643.43084543632,2.7028123170999607,,6030,6030,0,0,100,0.0,1,772.4233319705653 136.60736427977577;584.5508733873012 505.4166725154544;-976.5642736676053 30.990420637252836;-751.8519911629902 387.01004921061275;385.69466504267626 -216.87922334777832;188.42760470143696 -982.0870825881374;-383.2702412910638 -434.8119910897547;-558.4743661788317 30.324510114079274;929.5632122084334 -345.605405021264;-376.2503343923167 592.4915289596622;-160.7543425076405 956.4522600494162;-70.44244845053417 -612.203604234272;-757.2948811399094 -652.408734430556;563.4024145361161 -742.1254651714264
1000,14,12,LXSSA_REPAIR,1874.0999792855584,194766.22362071445,2.7028123170999607,,6030,6030,0,0,100,0.0,1,-934.0145633830908 71.15962118819593;-468.85442059551576 -326.8687636556272;297.1208364541647 470.968987604502;-131.15217148685252 -760.1965152383735;-737.4398262726936 -601.3723402724626;504.4911368469606 -180.42583112412063;683.5612556453855 -545.3230019555122;-729.7089068900073 565.3818959348828;307.973409060811 -789.4526378245731;962.1130429618867 -53.472532670145505;-36.30097158315023 826.4278908202095;706.9036779551894 448.57812625744043;-155.20198405436628 484.9546529032257;-466.8396268765036 811.5781359895221
1000,14,13,LXSSA_REPAIR,2694.481328653026,193945.84227134695,2.7028123170999607,,6030,6030,0,0,100,0.0,1,-198.37876637012417 955.9720183875842;109.71873229004983 967.3909896499841;-388.57687062884975 439.2568399200885;4.511667464218325 -834.594469628643;100.51212340465406 352.0470353480697;-356.94969318422164 -907.655886541719;-721.3075376202225 -683.7211820336704;334.90018937356336 115.7445853996765;-157.0186563540252 -352.5913633782835;-967.5575936131622 252.61648620247306;-708.8855376478172 -175.56310974828284;882.1108583263606 -427.1929208243149;502.1367037473798 -387.3480214917696;891.2703444654735 449.5936698648295
1000,14,14,LXSSA_REPAIR,2491.785267217172,194148.53833278283,2.7028123170999607,,6030,6030,0,0,100,0.0,1,991.5199249133302 129.94334524980337;879.8625518695228 -194.6352950794307;661.1105911161511 -659.658929489479;193.4779152732027 -906.103340608134;-701.3935773875602 -74.72276668837654;-39.28433547287581 -222.4977444065104;-686.775082014476 558.3645705632916;148.85990966275935 779.8276418919801;-818.3767344707057 -423.89149801559466;-228.50359749318946 440.7629681783867;677.2681143716361 437.70305680329454;444.63119531737277 -440.5683689695683;-993.7328927316182 95.73884548261474;-368.909167311319 -877.6826046250891
1000,14,15,LXSSA_REPAIR,2452.667290692305,194187.6563093077,2.7028123170999607,,6030,6030,0,0,100,0.0,1,845.5624122507552 -346.71711144537676;-215.80812431385078 -681.6750634509966;674.3405994596353 -44.54331977803082;-12.156154014673875 -64.9193918183906;-497.8296780086257 836.9666397532194;-911.1572561943253 200.3119178892782;859.5059645395522 280.74492589083957;443.1786591996214 653.7705446217559;-503.4072143256294 -191.63834833113194;30.4474039591882 977.0511586745464;-716.8907737789906 -524.7889997974507;-518.3517872971049 -855.1579697813656;-198.78262097364905 291.5451358770652;399.88313233134994 -323.8633147385161
1000,14,16,LXSSA_REPAIR,3288.3833609787107,193351.9402390213,2.7028123170999607,,6030,6030,0,0,100,0.0,1,-438.95397834123264 -898.1853018061407;164.11920046092237 -74.58765980723555;330.274114655239 -462.92663392347447;-665.1788758644979 -35.33124084578703;-8.216157490898958 415.83203878825395;-334.5471658299097 241.3786912996089;343.83294748718305 920.4148986767082;-16.613770179779834 -770.0213047661525;-325.2275079288465 784.9638841477455;741.8717298858271 -581.3038207912739;-673.0129733689525 -583.9194311523236;-330.1086567534903 -593.7401661959211;596.3074638415503 -226.65286589934635;913.5881029738157 -45.85973775353763
1000,14,17,LXSSA_REPAIR,2149.6547865187167,194490.6688134813,2.7028123170999607,,6030,6030,0,0,100,0.0,1,547.859980455777 746.8058662736861;763.5098946550805 356.8271129833649;58.078965373244934 -972.0013881487487;64.56514986233952 -228.52953037987203;513.4335046685777 -841.6803999373916;-723.889836451498 -676.1566314923508;532.925554742357 -170.20840413231318;-711.0274238832404 327.5865992083635;126.69137832396626 988.0578626932052;-986.4542214811072 -164.02444430286994;-262.67428092833904 601.1899032090658;-430.5147826249248 888.3731797314504;203.78619767195406 -520.8068567558189;-460.924070071839 -122.48569229164602
1000,14,18,LXSSA_REPAIR,2818.283981630724,193822.03961836928,2.7028123170999607,,6030,6030,0,0,100,0.0,1,749.0670972309813 -175.5823995466907;149.93563359253068 -694.0255645793641;-132.5397828465627 971.670141431693;583.637126424432 -806.9013409091905;-288.50575156769617 -709.9600690696401;-756.085692234401 591.8755378873578;889.4079397997548 -457.1142489646838;327.1103696410282 240.93432552506664;-98.84374257587291 0.09931579644023733;174.1339979262231 509.3478071024899;-794.9247440423882 -588.6616159943823;322.5698727244352 933.151867182619;903.8936999037023 281.7995130217622;-957.2665470135365 -289.2071162367958
1000,14,19,LXSSA_REPAIR,2537.3743573237152,194102.9492426763,2.7028123170999607,,6030,6030,0,0,100,0.0,1,-208.45005954109513 -801.4147930706553;557.4348095425581 -51.28709875377496;343.63614359173164 -466.93803046220256;744.4517674478582 571.7945560675405;123.52947450873977 -802.1668524659117;738.2331272582799 -654.5191372017775;-902.3465846026198 156.64499051099585;933.924660175593 31.03626329600284;-742.2408058523071 -173.454278206782;-490.7517641924296 399.85039556909857;358.2762179613142 253.89549370149882;89.54332828526547 552.7347762708492;-261.0057167491669 770.1520891984169;355.60479283077177 832.9472938554006
1000,14,20,LXSSA_REPAIR,2703.7850004675856,193936.5385995324,2.7028123170999607,,6030,6030,0,0,100,0.0,1,-661.1586011924652 -504.90432306557176;693.4903699961664 522.3676899826967;226.3827225395499 824.4356075914236;-87.35409222929076 -545.4032542783069;638.153364586747 -574.8421131028601;449.9032455215133 -890.8271840355886;447.0198012143015 42.199692660909356;-453.5589365380651 295.6102473930119;67.85331646837994 -997.6951249713529;-30.78598682829386 544.7000076475152;826.9564296605364 224.55347049234422;-301.83077164109574 27.04034895866574;-906.2888753432998 391.42616543889443;977.7645024741292 -209.7050221352009
1000,14,21,LXSSA_REPAIR,2274.2846805891604,194366.03891941084,2.7028123170999607,,6030,6030,0,0,100,0.0,1,-666.4939096304375 250.14255811299168;-16.25644791841736 -393.27076671029016;995.5093832448678 49.87125949638977;157.74126550821128 -73.34748858677254;-403.4027224696013 -301.94172065318287;158.12651972238262 -954.4595974144055;687.2311642875932 56.0948987176626;-432.9283186008446 886.4103809101798;427.356540748213 -503.520943406957;115.81411279391304 991.0007790875487;-861.0269471180397 -302.69406606674227;699.4988079336767 708.4413541926875;434.41145380018287 886.3952928775342;-213.60300686234737 140.03661661528486
1000,14,22,LXSSA_REPAIR,2729.533306965925,193910.79029303408,2.7028123170999607,,6030,6030,0,0,100,0.0,1,825.5754277835975 117.2589854908699;144.74613807701033 -484.94252770188115;-663.9540858932778 550.6459238344489;-128.00841244165352 -761.9134216027371;976.1270262100725 -217.20043439708067;503.4341545944444 44.67474833785416;-403.67114325068263 -479.490405196731;-459.5003566384942 875.3424740828406;134.93187729356313 873.0018004174857;-118.10981069456447 -6.563888564517433;-908.3132450477843 -348.1379274590734;367.39928994332115 499.84728774122016;664.7940604326021 -472.0125933715877;477.8444482032169 -797.197624985298
1000,14,23,LXSSA_REPAIR,2039.6196932453604,194600.70390675464,2.7028123170999607,,6030,6030,0,0,100,0.0,1,-978.972457910034 164.01195527081705;-394.90278127023106 -891.2385277491576;-77.95549478825411 -682.2227440320631;701.6116625124448 -694.1178499651694;-503.27051397746874 849.4701215272695;700.5676262120035 708.4789711099975;-744.0011254668623 439.01511926722367;193.21737327204585 242.81283064852624;-375.27173470131015 525.5331640951047;463.1747816185191 -210.83145975592163;-751.0035885342944 -272.8086426902024;960.311556360467 -227.78743323843238;-154.94918594630042 928.4226041941429;203.303696055587 828.4969979366812
1000,14,24,LXSSA_REPAIR,2170.632791509677,194469.69080849036,2.7028123170999607,,6030,6030,0,0,100,0.0,1,701.6188325986483 161.5922493514509;-852.0690492660474 523.4293985657034;-155.10964058508156 592.8388136807164;-204.7763799062089 -893.7911170936703;886.1872600408601 -386.19530977015467;-581.3902086576709 -666.8931350022475;518.2945277852672 455.35168645146285;177.99577535956317 -892.6201177791411;189.50319898736345 784.7925047733879;-581.1467488837802 376.7354309497878;-886.7489284883254 -375.83988923669216;-355.9507524839524 -426.04563585161264;191.2831807070277 -108.46481394345614;518.0066769878474 -683.661047712837
1000,14,25,LXSSA_REPAIR,2448.3092022168275,194192.0143977832,2.7028123170999607,,6030,6030,0,0,100,0.0,1,-709.4990927878897 231.1926286871339;482.1945860661336 313.6273686156865;-321.9967910228195 168.68072626628813;781.9887171090319 475.9077667209508;-317.76309838828513 -912.8563060574894;-207.36958199418729 550.1532207542667;108.99255147193817 -926.0028858220562;-715.4802592259482 -686.5558818169826;-512.6944523854166 857.6889613217936;286.6842266176539 -374.42955948099404;-528.0031155754257 -170.2968364327159;22.08273662899184 796.2568493231233;-964.930045583098 -231.82344301147924;778.0095813893045 -610.000796345368
1000,14,26,LXSSA_REPAIR,2081.57967792399,194558.743922076,2.7028123170999607,,6030,6030,0,0,100,0.0,1,-116.6451444924432 -30.014044862837515;-868.7966777988195 -495.1689940270231;984.5657964682206 -168.74155648337978;-526.217370553784 -718.1006599932995;479.4343175256633 -704.339000117445;138.21265327676434 821.4051781065577;-521.0851877867974 411.67095211052856;444.39933516143094 385.94660638180744;-382.4859894920503 874.7551808640555;854.8519304819667 -509.8556477694594;-863.4279506805465 208.251726584482;-712.6215025832831 -204.0029633011417;559.6572813116886 760.5325383321123;96.86398989352733 -718.6743390491688
1000,14,27,LXSSA_REPAIR,2370.4746154708264,194269.8489845292,2.7028123170999607,,6030,6030,0,0,100,0.0,1,-949.8535832682583 312.6950117166087;-91.95805769551524 -995.7287386783705;372.0797061787726 552.350929958306;127.83250000111519 -430.1963244521828;-126.85501131433865 562.7457309672507;547.1486084396944 54.483464483283214;-466.8036667147571 863.4741291293885;127.1685745395293 948.9441195379551;-539.690415243761 -283.2229640108458;734.8138829718864 675.9662624327651;-967.5117535434917 -173.2531315492126;-785.7853805748571 592.328572157977;737.3652605432414 -301.9825765835275;982.5520692577976 157.65202088133273
1000,14,28,LXSSA_REPAIR,2259.843123205268,194380.48047679476,2.7028123170999607,,6030,6030,0,0,100,0.0,1,-611.3091254705171 -638.8223154663983;-999.9980831680192 -1.9579735154751703;-244.20847597765567 832.314387346322;249.7730911208085 -773.1036666096563;-419.9149991246491 158.94586031495177;307.59294042836996 807.4353414879623;988.6057227069603 6.003247386708087;753.9434474804744 -462.7719808229168;63.04275381096737 -160.71317069881823;-858.5900089946416 271.6621936201378;-126.23492510737564 545.75871476912;469.5545093193681 511.36678142185184;-150.7538335694965 -771.1940375303781;-583.8109328295346 590.9087670576115
1000,14,29,LXSSA_REPAIR,1905.643022234086,194734.68057776592,2.7028123170999607,,6030,6030,0,0,100,0.0,1,-41.88789495935456 -775.1518895535063;294.0790714816016 -315.53282800497385;-415.08744232879224 655.9205566360368;280.06681803720886 -959.9719204946051;603.2529869690042 786.4451273240136;-420.1390813407946 -367.9340738484186;613.4757933002155 -624.9172112289143;920.4555022237435 388.99201327331843;-997.9422901986148 -16.62506204558541;305.83908282439864 632.7575862738136;905.3844951074165 -340.2443661720631;-46.27799381215801 432.02245538461193;-794.9505140298463 597.5621589255167;-822.6023402158849 -481.6528865705144
1000,14,30,LXSSA_REPAIR,2650.824705816165,193989.49889418384,2.7028123170999607,,6030,6030,0,0,100,0.0,1,8.59275540281767 -664.6008225484296;949.5799054955083 14.777782133927175;25.647322018183914 896.7385375326377;-251.45063390065687 -967.7762492735139;-607.7140555453516 19.82041801961655;460.5169383206322 17.085053015214875;13.884825167340722 133.5312157415537;448.429385351866 -560.1598763779417;624.6329463285191 587.3807412795794;-619.9982132597905 -775.9069594594857;-990.1764928708445 125.9285598377448;-334.22217004082216 819.0663426743013;-402.90787317848793 -556.7779980480019;199.43836869989465 462.7407565608696
750,13,1,LXSSA_REPAIR,5187.601127209375,177406.98507279062,2.3995748004666893,,6030,6030,0,0,100,0.0,1,565.1508698092308 -492.94818799975576;-379.57292968275 -376.90611794216744;-198.25465997017358 -99.23533027342967;373.23710855612967 257.95042825475343;-37.858015305871234 163.70366952012233;-352.0845965902879 457.5323777952896;241.2177868416565 -578.0331274204241;97.06149411502643 -222.91639716748662;585.4394963634096 -87.2620390173651;-620.805729086276 2.9220485413550046;-229.0041431992058 -712.3298120865453;221.23813479190704 601.0214868943401;700.0945423022413 268.62945543687397
750,13,2,LXSSA_REPAIR,2942.101876727247,179652.48432327274,2.3995748004666893,,6030,6030,0,0,100,0.0,1,90.40296182096334 336.7005850238474;-428.3764641338432 321.2175283133333;-253.5123530955023 608.8978038959966;-199.40696225259228 -702.1486094131309;-48.20741875267637 -143.32009714020765;426.8285075809908 -5.686495029517406;596.7768967664288 -353.64814850247177;-586.2505079083287 -255.40061319018437;-731.2464921588149 31.097697167499017;225.47093231875186 715.300395498568;283.4177129196997 -438.94447063910593;611.3504597687207 344.5340756691215;134.07732903771557 -729.2857789461077
750,13,3,LXSSA_REPAIR,3032.8047908615554,179561.78140913844,2.3995748004666893,,6030,6030,0,0,100,0.0,1,-506.4902839121493 -150.72640937128594;748.6512762302593 37.07139570098077;123.75815222506148 662.9082102382857;-192.34023797286284 -724.9173906402074;-149.8227886307462 220.6372645491653;237.98580508506222 -506.69322649478084;-293.2341455715112 659.7888305875352;86.43143339416102 -216.7198977323848;273.147275792006 141.96764928292063;517.2591789667875 539.5558525396693;-338.69828873628205 -448.0181425248175;519.8137834568166 -342.66456276650587;-712.797259832232 233.25186904783223
750,13,4,LXSSA_REPAIR,2477.5395393119543,180117.04666068804,2.3995748004666893,,6030,6030,0,0,100,0.0,1,21.44143855945365 366.29149119984635;-408.50220713879406 357.6071936494935;221.4836191933538 -392.3314204913874;-175.77254970804174 -2.407683965211925;375.2865000067237 65.61404932531664;-588.5471285838129 -246.87897792285935;-449.7064852945183 -532.8942566199371;744.5896130579532 -36.475521198468115;196.66231833515204 668.9871503758845;-732.3040065273016 161.9593838715799;529.4371170415519 -386.97921906061003;534.4278977662784 368.30661021511844;-169.90303331745358 730.1323355233792
750,13,5,LXSSA_REPAIR,2849.0248488941,179745.5613511059,2.3995748004666893,,6030,6030,0,0,100,0.0,1,15.41977971963661 118.12682682612096;173.18897024079087 -339.2829963180775;560.1757315931875 63.28564464422927;-147.4893952233201 710.4555397756217;-643.1868073660993 -213.5900987557663;-474.4641945861617 381.8573867613319;403.75286975180825 523.6506237373851;-29.11036714668697 -733.3125488018686;701.0444312728807 -266.52711941054554;-320.15070906563864 71.64355378846687;-485.12230091135666 -503.8291031995868;-177.87852569823968 -332.25817629235803;394.1939998986037 -586.8232379875712
750,13,6,LXSSA_REPAIR,2770.9089894836943,179823.6772105163,2.3995748004666893,,6030,6030,0,0,100,0.0,1,386.59023796626167 252.61068954961235;139.21233657607922 -610.4596611562322;-204.50405173916644 680.0715773494854;-531.5788317745346 475.07791018206086;155.23815300529068 -87.69782254137002;-709.9843490844557 -89.07421432464392;-170.53670331369452 -596.9659367928562;566.7492534191082 -352.3635187114333;-532.1453816002186 -452.1024655180253;707.4640474096374 80.5217628570312;167.4620089264073 610.8051628583618;-368.03101947111276 71.56839067476487;541.7136911018567 518.6967099112949
750,13,7,LXSSA_REPAIR,4116.4162005283,178478.1699994717,2.3995748004666893,,6030,6030,0,0,100,0.0,1,8.101467524694176 -688.2418615858682;-188.22574652145877 -318.2679095571305;97.46293739449442 669.2853789798716;-417.5266920065303 619.7882195103845;355.11880424048206 75.47507461124587;-189.12647415248742 204.28929279701057;-614.4442468209747 236.94051688439237;344.51176010696446 -664.1591501419621;480.73323697243046 425.1750845454867;706.2589877254608 191.7742168332677;140.44627210010648 -303.2566255535047;-634.6286571727583 -275.5152037681721;696.466848017094 -278.24273504459853
750,13,8,LXSSA_REPAIR,2977.506500962976,179617.079699037,2.3995748004666893,,6030,6030,0,0,100,0.0,1,151.88270696588998 -473.9559754867171;172.90767497805098 592.2207139614501;-167.13918790441315 -729.5859740026782;-126.95997609151128 22.954015285553943;538.0617830668785 -505.3346593860722;-236.51070405069765 317.9966953798293;360.9511462906265 -96.60347813077567;-593.8280834484423 137.78754533628933;720.0633335237939 42.01650191499302;-120.44547785686771 686.0714921272822;550.4481967793628 509.418029511461;-405.7678060994727 -485.82645526141295;-736.4143036577124 -142.10523424466524
750,13,9,LXSSA_REPAIR,3552.739418865618,179041.84678113437,2.3995748004666893,,6030,6030,0,0,100,0.0,1,-195.08169201464028 383.26517255474624;-437.74084200678476 -453.43767677195115;222.33247045630884 -641.8398159606251;226.44837906643733 52.66761178178946;228.0983394276335 678.800175705823;-636.9007739260921 297.8963434629785;-325.6979843262901 -73.68178510962645;592.7840816957173 364.44120329770664;-142.0780215362109 -733.6520926542386;741.4611126285818 -86.66992483359746;-16.042835455064147 -367.7053154120799;-78.01917164864825 733.2946009603955;437.3613157004278 -259.73651050904516
750,13,10,LXSSA_REPAIR,2814.8862102457206,179779.69998975427,2.3995748004666893,,6030,6030,0,0,100,0.0,1,-461.0357999876561 -52.739446763481695;-605.5904523723161 348.27024413715856;-265.23440516453053 -543.6887687973878;173.76804721795034 361.6522159657078;708.6009644121865 77.5637449395161;165.50006242511117 -499.9840895215227;-301.3490419151013 645.3413464186559;-184.6031533756103 359.8855874996205;498.0716270790118 549.1085196775539;495.34928370632286 -528.6356343950536;4.121352028713136 -23.69797161407601;-615.5748261936837 -350.76261516159764;315.847378129118 -18.22351344440035
750,13,11,LXSSA_REPAIR,4549.341963676532,178045.24423632346,2.3995748004666893,,6030,6030,0,0,100,0.0,1,625.7486513602618 -308.48944208775373;339.43751155229023 247.64863024732182;90.2840203835733 694.5846597342319;-76.63267876595305 -513.6878331849775;-315.205167467965 -205.85788764409762;-696.3857892674097 278.4723191026478;-492.18635020760604 -557.9904137677946;-308.9247505574296 374.5141407568875;623.1501626501235 395.2606275391106;322.5002534029923 -618.4363971784472;749.7014462184761 21.159904015029618;-217.69938145819623 698.157050511113;-57.768796342976245 124.49468874250023
750,13,12,LXSSA_REPAIR,3242.093505756784,179352.4926942432,2.3995748004666893,,6030,6030,0,0,100,0.0,1,-181.35320099006503 -640.5557122870309;-693.4477530294029 -231.0870312926823;200.750756036459 279.95910759914716;-179.29325204173674 645.9250568738745;-491.35006300311534 234.08216499579888;511.9673821195806 -197.40279198374176;-190.22791421470654 130.11391167448178;-491.8513565446076 -565.8911138516489;213.67807277337752 -694.7205548113693;46.51200866197812 -273.3265431948069;525.4680027248503 451.446695939845;305.59106515278864 667.1273773232614;730.7496034521828 31.47269991979186
750,13,13,LXSSA_REPAIR,2822.8964547234937,179771.6897452765,2.3995748004666893,,6030,6030,0,0,100,0.0,1,551.6566783446019 -387.75437648506676;318.20812923398574 194.65490283818198;-167.7150033132288 668.4714022650635;-558.8174454503484 457.38222157618486;-557.4500988299726 -265.1443003787789;-307.1172220750254 16.125693974514782;-308.4753856086525 -670.5464532238987;124.80905606840253 -216.23150936433132;561.9297925689127 424.1035561784184;309.0639854901065 -632.3119476909641;-25.091078798119515 271.7961487635634;-715.3972668734419 26.93428710917025;726.6292591830737 113.51662013102303
750,13,14,LXSSA_REPAIR,3237.4003918518138,179357.18580814818,2.3995748004666893,,6030,6030,0,0,100,0.0,1,-688.164983189123 215.83124340827217;-185.93859429626974 -716.0523032038706;219.61709007847196 704.4119055278269;-38.252989625030466 -55.77474533270952;409.39130543558315 214.8372139269148;-224.03944499219966 659.6763269087056;575.8939044103861 480.46457815635165;140.6144175726942 -700.8608623759611;591.2187503317018 -448.5191357403145;-475.5306783641938 -546.3426313393916;245.0300113753917 -362.7655715478375;-699.236533017014 -202.87487984861968;-499.41618685278155 501.27633793268296
750,13,15,LXSSA_REPAIR,3552.11737720418,179042.4688227958,2.3995748004666893,,6030,6030,0,0,100,0.0,1,-31.62737127742027 228.47662655220225;738.3332162909647 -128.6978816692805;-395.8902523464886 -596.0827155815383;-216.95468995712542 -147.95136304563218;95.79100310087846 601.4188494940431;354.0242885370564 -629.7103323800088;121.1630675874739 -232.02797241195225;-736.5397104071826 116.39685680656271;-367.0950899588781 149.82855744331061;554.4897390556112 199.8761914153163;-497.53966424347294 550.2223223883857;-31.211522816978277 -692.8975220488783;-531.4988526837543 -229.7266319992163
750,13,16,LXSSA_REPAIR,3045.228460405633,179549.35773959436,2.3995748004666893,,6030,6030,0,0,100,0.0,1,749.3495608864082 30.983434763920297;-106.62024377095473 481.4859769640213;432.11661835404243 366.1909561025699;-717.7249362342025 -71.40438706218256;-415.1736610816293 174.00739701696156;-68.66435155874078 -723.5184266734783;155.4220315399468 733.6808408083699;-418.14911824145116 -619.2597100291052;169.20840841967905 -130.03038806666262;420.3488568450836 -605.6933613558882;-276.75131382974644 -135.64234853029743;627.1350094692998 -377.33611466811976;9.554178885198322 184.07639062683552
750,13,17,LXSSA_REPAIR,3626.226230236847,178968.35996976314,2.3995748004666893,,6030,6030,0,0,100,0.0,1,-51.11771911241385 -102.27227922454853;-617.6323352461767 236.48634507927852;233.95764722070336 -712.5754832345503;-213.3337652957015 449.7798127375864;230.93053859952428 56.16603701522068;-613.0528794383965 -398.9366747893363;-60.2506350984685 717.6107070329022;596.3861245828608 -295.4726918759075;-369.0084351697373 -14.227193690639318;719.2978213898518 51.58884778708846;366.0617615998995 625.1477845939269;-198.2230313965306 -601.3975465585169;-529.1531227899098 531.5042933750719
750,13,18,LXSSA_REPAIR,3132.692052225815,179461.89414777418,2.3995748004666893,,6030,6030,0,0,100,0.0,1,-542.8655398439523 -168.07143209474603;-390.493124838146 -592.202734528106;-392.5749206041029 276.21414686021734;336.65598242972186 150.5247165866497;545.6469935190379 -409.013227382752;-57.21374106765557 -51.171252105096045;-70.79810545362568 -693.4587378883083;733.8614389207165 -70.22606237266577;166.42496885930248 572.7682018553703;-275.62260515091367 671.397688357272;153.07641564103108 -418.23238341487024;561.4738626596253 376.1793181949623;-728.3126171800142 177.0450420520284
750,13,19,LXSSA_REPAIR,3468.5559898093343,179126.03021019066,2.3995748004666893,,6030,6030,0,0,100,0.0,1,-432.84998408735095 528.5820441159148;115.8074569249858 -688.1744155778102;-416.613427339574 -604.5594608907971;-100.34810459419197 -251.12731919182218;400.18511939591883 -140.44299193811725;-123.65935588595018 619.5447470273664;206.9713710485463 529.3032903647405;705.4513061019587 208.80022029930169;682.4905293077156 -303.28235410873344;-742.9373347558202 -98.33928285639438;-261.14594607509207 95.98467711935884;-617.212499565165 188.90089977053998;99.32854394327154 172.48569684139582
750,13,20,LXSSA_REPAIR,3420.172774073377,179174.4134259266,2.3995748004666893,,6030,6030,0,0,100,0.0,1,-370.4316553507384 431.38324291555824;223.5283544880501 147.68106538323315;496.9988816890155 -545.4856367458431;-598.9157027206111 106.3072378865671;212.89457153192544 -270.6297346240217;724.7057103843185 -181.29975537795292;545.2081736771862 348.51847238247325;-391.13822550068755 -546.3793085309379;-717.9115885782826 -216.50753449850157;-41.73858005117545 -551.0307428352033;-29.384170835567982 434.71264438577015;-210.54038006872554 0.2889631066645102;231.3936525599053 675.7609189798666
750,13,21,LXSSA_REPAIR,3306.8792982271407,179287.70690177285,2.3995748004666893,,6030,6030,0,0,100,0.0,1,728.8461388157401 -135.40245152304215;265.1025376152417 582.4216941567458;-289.4968543608651 159.81938455019548;239.26343990138383 -76.95534707017835;-50.15818721560394 496.4220119033749;-454.74122323128717 -463.0954116513577;-712.9719770003154 232.19571673940285;408.10450173214895 251.19520437752658;-112.57530647716891 -405.2020004480856;17.48802947810777 -740.6903559036757;594.1124398353437 -420.4375875781849;-595.0111521122792 -94.37293909421008;-430.11301530859714 545.062900207677
750,13,22,LXSSA_REPAIR,3761.136318247998,178833.449881752,2.3995748004666893,,6030,6030,0,0,100,0.0,1,135.8950784643783 -628.876607786709;534.7499005365241 197.361353673831;-273.32572616200866 -169.11284687983297;696.0947976305357 -253.8516917951556;-63.50754796794577 56.36516386916332;-614.5315720195202 -283.7839334947047;-480.3685622877469 143.78268834982057;-749.8594099825567 -5.353990853864201;225.8337578475983 470.98220988525736;-264.4551156746824 449.5600065449486;238.5124594433609 -330.5801350501329;533.3965341916849 -526.9440359168183;-283.7280679941791 -624.8394312434747
750,13,23,LXSSA_REPAIR,3297.200254208932,179297.38594579106,2.3995748004666893,,6030,6030,0,0,100,0.0,1,476.5540731894317 526.033245085211;497.78837929468943 -510.3986533817641;-261.22113968400384 646.2986212502267;-282.87008479240285 -170.72896597375725;-666.3604109991145 -213.68860814321098;-657.8409253936368 339.24161634959785;127.96355130372746 -651.4909529807844;294.2310402849083 156.9469518273945;672.3447313673324 -208.60196870553634;-418.1686607856653 -498.77011807677684;-93.46434023175416 168.93680005765853;687.7442991744736 297.0870105317442;113.78970522693264 706.237398076475
750,13,24,LXSSA_REPAIR,3034.086572461645,179560.49962753835,2.3995748004666893,,6030,6030,0,0,100,0.0,1,682.0907693139944 -306.0277727588813;259.30368404076455 -547.4176774859287;54.21661971017235 199.88955640545814;-139.73762108801273 -732.5521192505227;-738.8078993780614 -126.71792156959262;271.52508953409153 -25.516095163532327;696.4891857801745 215.60267851547317;-126.4637307947762 739.2610667372294;-537.1763499369839 -523.3171890242888;-356.57285655073804 -227.8383967385719;-535.3406278986623 341.99241563176105;460.4974859524557 429.2116960817861;283.2052373159288 694.4637933519355
750,13,25,LXSSA_REPAIR,3284.3008327778957,179310.2853672221,2.3995748004666893,,6030,6030,0,0,100,0.0,1,-133.29416989169044 -725.1130077945121;-409.7882206756913 -1.3295813607612834;-197.1334383733603 448.2500870233877;322.8514175459489 130.99804498910325;181.58001764198764 411.05587682236114;-554.8744155991329 -352.3202533951378;464.57632122225885 -336.74541655379153;-545.0427793540829 356.1623548945336;-253.64678563393704 -416.557115327675;615.6700546609583 -35.54012570831942;-747.1454608061349 -29.43907909002765;8.710838965316604 -206.67290147802476;23.743997462216228 683.5492078236338
750,13,26,LXSSA_REPAIR,2766.4050837077666,179828.18111629222,2.3995748004666893,,6030,6030,0,0,100,0.0,1,488.880768964687 -87.2836118887911;-594.7946633184959 456.85808353123963;324.147304514318 406.5547594600866;-185.73466211783003 -305.51334062379135;-746.3547643445474 19.3719832923036;-596.479205105516 -399.4707214622205;64.25395692607843 727.0090332263303;-188.3796605756657 449.3560906740622;68.28135740724392 -35.91278901675155;316.52754008460283 -420.54330305222044;635.0872141534205 -398.3203467784501;60.090471342144404 -729.4766179343001;-432.7138593960828 23.302962324608924
750,13,27,LXSSA_REPAIR,3675.892548876087,178918.6936511239,2.3995748004666893,,6030,6030,0,0,100,0.0,1,235.67113672718563 565.6772868528018;-151.11270674100803 -407.2439109041054;510.4478315458425 -549.4934133091563;-523.8047508903819 235.5770500790105;222.63391754328626 -173.9934532667138;-369.3926442437607 578.4332748979018;-146.20301666843667 199.12120656401956;-680.1822226839178 -307.5565468416455;74.13764003011366 -632.9421997901306;516.0693392482489 112.87153121607435;-19.164071354194643 746.680961054044;707.7890001941679 -210.90090259039124;-305.7430699500731 -680.236497460021
750,13,28,LXSSA_REPAIR,2890.6128270327754,179703.97337296722,2.3995748004666893,,6030,6030,0,0,100,0.0,1,398.1373163796581 598.4031345152565;-114.44359797481845 470.4561673074904;-453.41881448152185 546.7004241184114;192.77055018293134 -369.37243230277653;-449.62395689556257 -334.4335125539452;-277.4439028342874 5.4415103523062704;392.4675788986427 30.649761282032248;-105.34493313545977 -533.2090349187165;45.12897283443912 -90.15159715011458;742.8536937072377 -60.358324453699744;-632.6194880411743 206.65280868840404;621.3590746894027 -400.55621709141985;-738.8311065880478 -121.86504856633455
750,13,29,LXSSA_REPAIR,3237.174431544466,179357.41176845552,2.3995748004666893,,6030,6030,0,0,100,0.0,1,253.9458515316466 -226.53766828042473;-586.1974598470148 305.48225462491047;-229.48504340893265 56.46742035854317;729.4687179211129 14.137665505749343;273.1826937182161 566.0384724238285;551.8248991883805 -317.09087102369676;-350.1293273303609 -633.0292400152144;105.30602497808431 -738.0311725725941;-749.3111061108167 8.434242494122401;-599.3481835259797 -450.8677798469397;-399.49278388807033 603.3528835242987;547.2075144245338 415.4092982754645;-79.86567892068558 -233.4432669570288
750,13,30,LXSSA_REPAIR,3681.9298490452056,178912.6563509548,2.3995748004666893,,6030,6030,0,0,100,0.0,1,-498.62205437524193 43.813845370711014;-660.038602768936 -352.68416116430603;-67.80296212386828 701.5941201682211;251.97640035891916 -651.0784294576639;-651.8778535645711 355.0057842398339;430.23539609362007 -126.6656519534101;488.0726170059004 547.1593605187436;-177.15043390635677 -542.9322862889641;-180.14322818789287 356.44382927326666;567.4026017257796 -468.0366161335656;248.48819010974864 262.2722006849463;738.3272577596169 -131.7809784736056;596.9058628308841 255.68526852991624
1000,13,1,LXSSA_REPAIR,1851.6135195340607,180742.97268046596,2.3952176386333424,,6030,6030,0,0,100,0.0,1,199.72222619747885 575.0393444462005;-449.7044168004857 187.4443134956444;235.02644509663057 -923.0788201769137;426.5769233683634 -104.68528099463417;-165.05528478685952 -101.91176690163779;585.6565079828274 -554.1377692741156;110.29114032423935 -573.6734237759403;-621.0149334925167 -370.09893829697273;846.1311220665299 362.22413923351894;-840.1053341173005 405.85794196142166;-991.535684008058 -129.8322805276044;-179.33597829784716 795.8042025953442;997.8652756257987 65.30613830451665
1000,13,2,LXSSA_REPAIR,1944.4242488708403,180650.16195112915,2.3952176386333424,,6030,6030,0,0,100,0.0,1,575.3903443297621 645.9142699449701;640.1452499460261 -674.8164924003794;941.5726336357326 -186.43063108337918;-796.0258749446153 -401.05830338229055;-90.95918251831169 -430.94981018059264;-621.507983640673 13.534280032327256;364.4128923596293 -219.82225265972303;107.07266256599986 -760.5506169863689;-789.358593328063 334.6169986562994;-364.29992735915187 455.85535171143596;-388.1205674495484 -747.3225813939347;85.72972479404365 914.4207287331727;691.5673922006653 359.98543807928525
1000,13,3,LXSSA_REPAIR,1845.0781338425004,180749.5080661575,2.3952176386333424,,6030,6030,0,0,100,0.0,1,-18.885596876122207 -44.44949872236637;-996.5679347932148 65.82256532584785;262.76384448717874 945.6159969921138;-811.056913192039 436.91584380698305;789.4189737380092 -531.6578304444156;938.8844938373834 -90.73243822875236;-330.69863485403107 -39.83627827607906;-502.9695581535008 426.8170696246949;-514.13345988376 -615.4825510763349;-293.51680685731833 825.9659487267701;-17.490019695261644 675.7707349040837;273.53263443192526 -685.4527350815324;537.4223615935836 -119.24248333308996
1000,13,4,LXSSA_REPAIR,2300.939662615216,180293.6465373848,2.3952176386333424,,6030,6030,0,0,100,0.0,1,-740.0498763370335 659.5191822122003;926.248740662339 -376.91281541151017;-334.64626794104095 -755.3292868312211;-759.7007664946534 -30.664788596160637;516.1569615319769 817.7288053334763;-934.8736393745235 295.2133320829531;577.1622898290834 -732.2787170956921;653.8549862313471 528.9267093569512;150.78775818829791 977.2375628448768;-163.16631313322335 -400.31284207104966;177.78872477173184 -208.34981914749343;-947.8536767227521 -304.51692079997446;777.5400647768796 131.83522243295198
1000,13,5,LXSSA_REPAIR,2186.20375172302,180408.38244827697,2.3952176386333424,,6030,6030,0,0,100,0.0,1,902.7640721059017 -425.0544377231748;912.3718513484143 332.7110972289244;-552.8517213241331 554.4989830623148;-982.0110720875489 -185.37030438154838;554.6294089695261 569.5209646009139;-308.0993831741341 -385.06715692810934;-832.4930297150731 242.35743248464456;-573.623227041391 -656.9133848797751;-567.2264318480358 5.9282297960549855;543.103564819228 -832.2947042427264;-31.34252883786653 -194.66268423139937;271.91462030028106 138.5199521915465;-291.78216872604725 297.4371752714196
1000,13,6,LXSSA_REPAIR,1622.747478707286,180971.8387212927,2.3952176386333424,,6030,6030,0,0,100,0.0,1,898.1965134723313 -439.593968740955;4.837240285268973 -6.566562850298206;-762.6906556876976 471.25799280347366;748.9956008437653 -4.900317226965038;-968.933143743012 -246.93242028221223;560.4352846754788 -795.4924248463248;-430.24924751268213 255.86876347517767;243.22211908385628 538.1038132246647;903.4872715117166 428.6149206645912;-268.35478347892183 869.8544572523077;-232.17686855101962 -378.4049516853551;275.79923583411664 -960.3411001283067;-410.90281027784107 -876.7572495493716
1000,13,7,LXSSA_REPAIR,1958.142885824811,180636.4433141752,2.3952176386333424,,6030,6030,0,0,100,0.0,1,-815.3164656531419 233.91822659038948;252.43665034883756 -385.87447739687565;-256.21606895568334 -907.3323966493136;669.9198584824304 -683.7705786835389;-227.70215451280856 122.58739266674287;-675.2899379911111 -113.3288143613947;850.8462465682265 -119.28989022173778;-432.85021778140475 891.826984097403;412.63693943522816 110.36871633135809;-48.68040894100693 789.1536749855908;-834.2352976950436 -545.9123191110169;-12.587780992396427 -657.8283776570983;-992.6167511059781 -121.29297351377265
1000,13,8,LXSSA_REPAIR,1609.818178526184,180984.7680214738,2.3952176386333424,,6030,6030,0,0,100,0.0,1,-823.5652194658757 521.1413191560521;-126.26895826741612 -943.7451552041575;-408.15709552509935 56.898400127168976;-419.05283518245807 -645.481746654801;-428.0703306263216 903.7454243521632;393.7808670473799 -774.8750364272089;414.97954397792097 894.0078476619626;-836.5110294108597 -363.483755001059;962.0830539542156 117.95572463611146;726.5346022693528 -149.13884491370308;738.2351427136438 526.3500397615117;-136.3267560139004 336.6038557107422;167.73691309709574 -23.21331846752303
1000,13,9,LXSSA_REPAIR,1694.438822066906,180900.14737793308,2.3952176386333424,,6030,6030,0,0,100,0.0,1,-126.28241284604977 627.902837873249;-99.13190640996962 -932.6326125499453;776.5563995112034 337.89357174711824;-325.3763254182522 -38.70123781310981;98.86697081533157 850.7737192762374;-500.7838464291664 -637.8982522769309;751.176264413537 -620.2935357798551;-687.5869864502395 -46.56484231894874;949.8410666893319 34.52105897194668;425.7815357413041 536.2292470263717;423.8598951631278 -804.4664099343556;115.73446239196616 -26.796819979531076;-987.3133338421778 -117.47406535154882
1000,13,10,LXSSA_REPAIR,1990.2318748497928,180604.3543251502,2.3952176386333424,,6030,6030,0,0,100,0.0,1,330.1672061864424 847.5544775227598;-204.86022638288063 12.253466931956869;-676.8477542093701 17.732828380277123;-15.257890310253838 375.92129888742704;-497.19552109393464 -292.3552790572761;-176.93126240570467 960.4506638129872;-37.500424105029445 -540.8868109895205;906.9968436559777 -254.57510974394677;-483.95825214908126 650.8261858865849;275.70512265263363 -848.2606959976506;-901.1752345773169 422.9157942464099;637.2457024694122 562.2663347733696;390.8836270929303 -545.7077169976291
1000,13,11,LXSSA_REPAIR,1820.6112434449317,180773.97495655503,2.3952176386333424,,6030,6030,0,0,100,0.0,1,-998.3661403578682 -26.86652179430917;368.9001589882012 308.6916056152542;363.91090170528935 -446.3602571749183;941.4044142701933 -337.2798968106372;-660.3581099393775 -576.8228466547321;53.80228101926906 129.16956431206125;62.33826579761597 981.6229974554705;956.3914398764936 259.5924824338862;643.8887775824871 154.0747746762113;-688.474820019737 625.8028561149846;645.7683290261638 -763.3242664825899;-234.09133677719856 897.6730694039721;-450.16757402242445 98.48594103048315
1000,13,12,LXSSA_REPAIR,2319.916530359449,180274.6696696405,2.3952176386333424,,6030,6030,0,0,100,0.0,1,854.0304813263177 -518.7348341509744;-540.5424871331998 532.9465561350756;-608.3634053603901 -544.0876396334987;525.5479317078417 818.8795514448011;260.25203239232786 -7.823865536669044;-295.8512800016747 936.055509435547;881.423750650249 471.8459364524157;-855.1290050960523 230.99960197775806;-1.5598701093972807 484.67307438210696;503.5245960990233 -839.629309554983;868.2700935533531 -13.042020656637888;-466.6295616206964 -884.4528547196151;-986.1760513881449 -158.90647027387732
1000,13,13,LXSSA_REPAIR,1620.540981886268,180974.0452181137,2.3952176386333424,,6030,6030,0,0,100,0.0,1,-525.5606387567569 -159.65197986289334;584.684514600364 -560.669466769931;189.5000817369647 671.340282519782;-707.6104314881553 -478.05783780909223;912.4736369119387 276.81030053570083;768.8399196673274 -56.16322710672536;569.9148140603445 614.3664989732652;-191.84394426300537 -344.23001862737743;-704.8315576272091 417.8503525444296;-893.0886449453435 46.58233354599207;-337.157120549954 -788.7138898907405;200.8250668305834 -776.7547262128294;-19.686183764177088 -21.369514429093243
1000,13,14,LXSSA_REPAIR,2001.890087826061,180592.69611217396,2.3952176386333424,,6030,6030,0,0,100,0.0,1,-125.2314626364909 922.076802109314;731.6165919889485 -569.5791145773528;487.0511974288779 -817.2627191822245;261.64022800999476 -350.212119212468;53.52953768453275 362.6900085855838;56.46942008991042 -927.8029777205044;-758.113748376397 -594.0699115520769;-489.73332615245516 -851.5077244225922;-982.5944128461623 185.76388196715075;-788.4490752527017 530.7056808845035;-213.7926062596102 -377.87326353796;481.92318981311155 473.77703937486154;-464.1241437625608 -125.34633212410152
1000,13,15,LXSSA_REPAIR,1815.4506312458248,180779.13556875417,2.3952176386333424,,6030,6030,0,0,100,0.0,1,208.58148094273602 -748.2553673271583;-817.2784167481375 350.0168188499534;986.0113456773648 109.34269407112478;-389.624856898065 354.07845147259707;-999.9448643287508 10.50087151412214;-401.93608847325567 -903.9870443402452;-2.692435067461828 -362.20212036545956;-712.5226327114212 679.6511516724485;533.646507185127 -218.67375309029623;796.6622860835419 -573.3095263384187;-813.014984407411 -519.3526917196334;509.68063852258774 754.9611072533886;225.32929036789605 360.4114342946523
1000,13,16,LXSSA_REPAIR,1919.4877646478417,180675.09843535212,2.3952176386333424,,6030,6030,0,0,100,0.0,1,-959.790688444671 202.47094296182246;-251.72986477631565 -419.50190898600914;-259.46457656915885 691.2028384445334;312.81968333061593 348.6306196039946;999.4593935975995 -32.87735618200771;77.15437132914217 -64.04722165934625;-776.9152823562946 -156.91166026308937;93.3376913277707 888.9769746395991;726.2712245296558 126.53489848336248;556.9572655877449 -578.6934706932841;837.2898040247134 452.7808659580346;60.129302765074485 -729.2644682991084;-564.0516570011599 759.3805960658109
1000,13,17,LXSSA_REPAIR,1667.7063764622144,180926.87982353775,2.3952176386333424,,6030,6030,0,0,100,0.0,1,269.7075325651892 957.8464875273204;189.58373151419195 -290.5488043362449;712.5703229198424 -699.6838607720671;712.4935970691322 212.70429909533217;-530.3832487676729 847.6078002109772;-474.74169977634284 -759.7474862370709;-725.0797328074186 209.72805842503848;906.1690230370243 -130.7885257163755;370.1141197629897 -785.7662219521226;-998.4787649404722 55.06486026289461;-25.555178239385874 -879.9725814516602;-105.99926839377036 863.726217698533;413.33627071009056 594.0971896074591
1000,13,18,LXSSA_REPAIR,1612.0307343502936,180982.5554656497,2.3952176386333424,,6030,6030,0,0,100,0.0,1,742.0424171067881 -670.3529303391723;-339.09645965833283 90.73453744254333;-544.5749212730898 -627.0781300215657;-60.86100365484969 691.566965700419;734.2608532396326 272.31252993653396;-842.3813331358624 510.48980219454205;218.88467910984792 -412.52295223369583;-986.5321886219004 96.45970011660039;976.2308119750468 -197.2482031619347;-62.02027560968247 -922.5722087469443;487.8686979968411 839.8703556085122;-547.6157858514605 795.9500193801586;538.3103589719026 -329.8334726154063
1000,13,19,LXSSA_REPAIR,2044.0708006102068,180550.51539938975,2.3952176386333424,,6030,6030,0,0,100,0.0,1,829.6701079479999 -311.73131182589356;-656.7436075007794 -519.9318565387608;68.1899688844489 972.325223388353;331.0179683403666 -211.04761696180566;977.3252023702356 165.38487734930993;-954.7363281637109 -81.83703629123477;484.8632247311514 -621.9788309487261;504.4668224069386 388.04990475310285;-327.2715134649115 887.9251301760042;-119.81848374077157 210.54974296301785;517.8112183568793 855.4949106474943;-615.2499958088094 624.6003949821755;138.46030341990553 -697.420559320423
1000,13,20,LXSSA_REPAIR,1599.0685914868372,180995.51760851315,2.3952176386333424,,6030,6030,0,0,100,0.0,1,-763.5642619591935 536.4117641134287;6.02906005425694 996.5048390589282;-796.9291912601273 -550.1677129923803;-169.82460002531388 429.99198024512566;-963.72593764826 -266.27834340549555;809.9476836209551 -562.8846514708098;-413.6885754203317 894.3075824465932;802.2725633656387 587.325492723128;-410.3040896508052 -431.9676564508486;108.08302807172745 -481.621261191866;328.5103606617618 -862.3949916480572;324.56154285065884 176.58435991142989;494.4118155578054 868.2999335484369
1000,13,21,LXSSA_REPAIR,1604.5748956112366,180990.01130438875,2.3952176386333424,,6030,6030,0,0,100,0.0,1,116.37467841538177 -321.26706631528424;91.7870755626999 878.7148663261212;-704.1793069169364 678.6172873764529;428.72208533418603 -863.6976036917107;-828.1010664738407 315.0816373889618;-130.0527785512564 -52.574531317454856;759.4514138027022 -616.9823649979361;970.705642802128 -240.2718357030374;-976.5510936325614 -141.0153895987545;403.92313419224547 818.9926455197909;769.5450222530179 433.20114879569945;-356.2995289579841 756.4614146747123;-508.48793334069484 335.9259774501849
1000,13,22,LXSSA_REPAIR,2133.3690120923275,180461.2171879077,2.3952176386333424,,6030,6030,0,0,100,0.0,1,-840.0097995673586 282.9399708937331;-287.44695533062827 353.7018276411544;196.40254118872224 470.21338037140777;-465.09874146586117 46.201777128599154;-606.9988240880405 -446.6956622409378;475.2508894483231 -488.3043586480571;798.7824328087506 530.4573224904431;646.0861484957475 84.2030943079979;-979.574459367596 -111.01659628969783;87.67824046237094 158.7944176606607;-441.13521106370433 748.58566126398;-88.08399808625819 731.9549610293174;-82.15145553657737 -347.64900985691804
1000,13,23,LXSSA_REPAIR,1772.2904723586107,180822.29572764135,2.3952176386333424,,6030,6030,0,0,100,0.0,1,329.3092933144146 -758.4103789350338;159.06454278121106 -474.73598109177783;-450.1628057219745 -871.8729762384203;-80.58851563564984 -65.02818216439111;724.0752102566316 -318.4587555056834;-795.4874216851939 601.170059925484;988.3042487520281 -127.3854701540532;731.46666594183 681.8772005397624;354.95145910419654 358.26858629017767;-959.3024332857601 186.38715230972315;-440.97324345364837 -75.76130426013162;563.8967619895828 130.23487597895752;-318.73610123056386 344.5686929871138
1000,13,24,LXSSA_REPAIR,2185.8749058227118,180408.71129417728,2.3952176386333424,,6030,6030,0,0,100,0.0,1,-43.77907812437686 263.4871966324601;-471.7115248711158 513.004671517607;343.5867609332695 135.36503517975007;900.2331230323882 416.4265520708479;488.79838290591925 414.33919947603107;-563.2121202743517 -750.218928471759;171.86351553389858 -465.37517380793093;-18.610178559925323 -880.8379677138366;694.678542266301 -454.65585874059377;702.1365054823007 72.03411841855802;-782.8510645404428 -110.49519298015713;-956.677158586839 195.94060652128232;-248.3013428277286 -83.87856106016855
1000,13,25,LXSSA_REPAIR,1572.570954981231,181022.0152450188,2.3952176386333424,,6030,6030,0,0,100,0.0,1,-439.0887481972153 -237.2533670764504;-715.6850902736603 698.3640797417281;807.1794967930641 -553.7852829561705;974.2642251345005 -50.4526032042626;-933.2589939915899 347.5369523798669;-666.8752796710157 -711.3482004321979;478.15928072058864 599.8846706777944;467.3607090947055 -216.34332009813156;-189.04146258653896 191.29737018179333;-953.2456966828713 -243.88481358049694;195.10971479035433 -937.5344237165111;116.42185889605523 925.9493608396788;42.07762341429301 -541.2684951987835
1000,13,26,LXSSA_REPAIR,1789.1975867693836,180805.3886132306,2.3952176386333424,,6030,6030,0,0,100,0.0,1,464.7064366830732 -219.9007954934119;95.3547439350076 666.605098158929;315.85205578471385 52.21802833743705;647.5652868410928 -519.5482529898228;943.6856657212672 -328.7255045481675;-340.7179565426484 -487.06342362450505;667.7130555211248 637.8717306998403;-505.6612457301351 -17.803972340448137;-853.010477946019 321.15645143174163;15.966429950341967 -492.74924172544144;-875.2386179934052 -449.6772358371323;-194.7355999478565 -831.3508634373859;-287.91628637404045 746.8338197858213
1000,13,27,LXSSA_REPAIR,1282.3271077457466,181312.25909225424,2.3952176386333424,,6030,6030,0,0,100,0.0,1,799.5316117907612 487.09485704404915;200.4058376749324 468.8536390725134;545.9995849191326 -769.5587181185554;796.5293301317915 -491.36679458738314;990.3205306185675 -138.79930343974598;-520.552195788014 -853.8298492441437;561.0500636045742 105.75745169757799;-993.7739104572557 -111.41550562867887;-835.3461632825116 398.52494276432856;-47.44923679463009 906.4184734022654;-308.27526373338975 -95.01341207295667;-115.29332782210348 -625.6141017222316;-503.08778558043673 464.582865683538
1000,13,28,LXSSA_REPAIR,2214.599000148912,180379.98719985108,2.3952176386333424,,6030,6030,0,0,100,0.0,1,-514.6176560981357 -49.01765626298897;488.41856612528846 -436.1786519346933;-10.441779235083722 479.7242729051954;306.92928644687345 -915.7707095354745;-486.98578964106923 833.33639516149;-704.6501799679219 608.4929635474641;308.93057267376577 -99.3676814343188;990.2183018050613 -23.650813590338743;-181.45389854484327 904.3359856333061;-740.7599785866896 -411.2118530562767;-934.7951310078329 197.08170225714983;-527.0271122134852 -798.3495469637583;757.4449346880434 652.8990510909214
1000,13,29,LXSSA_REPAIR,1642.3481744321762,180952.2380255678,2.3952176386333424,,6030,6030,0,0,100,0.0,1,-884.8721701064437 411.8883455220764;-79.22891180388439 62.51529829240768;600.5275676083004 66.02361214091081;378.1594129227592 762.5304315830128;-63.05335076657313 -966.9873276001538;953.0924127519813 262.4141197945779;-492.5137146222608 645.1954221720002;-897.360561935292 -428.1970862296761;329.6887354130945 -864.9482164408614;815.433115514681 -154.94085055522325;-470.1381583281507 -853.5352833143297;-333.5646523296877 939.798369094909;99.1488671368715 -477.4795874026489
1000,13,30,LXSSA_REPAIR,2274.8455262313364,180319.74067376865,2.3952176386333424,,6030,6030,0,0,100,0.0,1,-654.8013653954856 -754.5818266078163;-97.40387930740857 338.60057539013496;624.6922361462019 777.4514093251057;-644.5049962137213 13.633103456816391;75.03028712240719 767.7651792251775;-240.42964369017588 774.7021224207728;423.38876630201736 -860.684241290643;-643.5701684521487 765.3500886605967;653.770998478187 -622.1403462083488;-983.0106325376596 -183.30904343653964;-308.82867807192895 -944.3079135512521;933.0872726408444 -338.5460050981533;-170.38751958419914 -523.1843576543497
750,12,1,LXSSA_REPAIR,2077.3798867545265,166471.46891324548,2.0663681502666806,,6030,6030,0,0,100,0.0,1,-742.7483337075781 79.40181012735681;240.36894936320883 -242.58693162226444;-432.57510510147563 -594.6788217728415;589.9600626909296 433.39232501842173;-395.9915934526127 428.5571900208683;-84.47250011042014 745.1205949613512;-595.4700662313466 -285.04356654037224;51.3545129031966 -741.5582405262246;82.88314254337986 115.72801956018661;749.1893047200024 -34.40530275297941;-119.39124181612416 -262.6984656489768;581.0785528991388 -434.47756853611304
750,12,2,LXSSA_REPAIR,2366.2148289723555,166182.63397102765,2.0663681502666806,,6030,6030,0,0,100,0.0,1,-338.0418947702804 403.34147109511116;527.926494230765 -432.60296539473296;-353.17340439794197 -131.48035385597055;-7.097748980614123 366.841646959585;-75.21219699450795 -725.4537430337475;-144.58607730876184 735.9312742023529;546.238043666629 491.8062677098205;371.5648580141669 -17.032097006302827;-701.3760114580002 177.12597274375963;738.5195556839356 -72.09011717894006;-515.2813144809112 -417.40450675594974;231.44787566322915 -516.8519407112295
750,12,3,LXSSA_REPAIR,2344.8670583489,166203.9817416511,2.0663681502666806,,6030,6030,0,0,100,0.0,1,-667.295531824856 272.05772024750155;-435.991848031275 -610.2173930688323;-246.3059577217435 48.727711566859206;-680.0194601743946 -235.26456944968456;749.8506034513082 14.969051530039385;277.981348826855 -73.34095816043532;-87.83915100317753 -404.0996549594624;85.36899579515146 -724.4274339477963;83.68764190524762 620.3803602023106;432.3511370876803 -535.2306699023841;-412.84205118625806 505.12528251320043;620.7935044910415 294.62719972269986
750,12,4,LXSSA_REPAIR,2361.1049208700715,166187.74387912994,2.0663681502666806,,6030,6030,0,0,100,0.0,1,64.62913771006565 680.4137872042315;-550.6656953407409 -407.09131410911226;-363.2190958309233 205.86650870896474;368.80610376867753 -571.5879173627334;376.7966650172454 120.19780832477309;735.9753722326617 133.85842931602647;386.882597290155 616.0306237820241;-531.5326275259706 492.3898665876171;-72.88312074425417 -687.9581206076094;609.3855561115914 -293.2343570493998;-716.1287547011406 -44.549587449744315;76.51675065823747 -217.40040281069815
750,12,5,LXSSA_REPAIR,2689.9108337279176,165858.9379662721,2.0663681502666806,,6030,6030,0,0,100,0.0,1,500.9644469590204 2.8407853335051;-488.64617122691305 -85.82986481121334;263.8172812612965 259.5053532780468;248.03008697324734 -442.7072886140831;-337.6253637258554 -456.2115929491194;-332.6698571901273 365.2115492224783;-42.663006705435066 661.915663160274;-651.6530705237519 359.12957145908746;666.9457059677019 -342.2610850998867;682.9126765722366 308.85533009708286;8.982932681244947 -660.5970357867448;281.5950002518993 695.1289490685399
750,12,6,LXSSA_REPAIR,2768.756032989215,165780.0927670108,2.0663681502666806,,6030,6030,0,0,100,0.0,1,710.0333417305068 59.32097344529906;196.97193042037125 -306.25034992082794;-670.8922033901258 -124.35036423081502;-300.77710347051016 -14.961856415419964;-135.91028018029377 709.27639082508;43.22308582261729 66.38694177537748;-544.0789323344663 383.76904999188605;360.25929768721244 -618.9527217243404;-333.2581365596135 -634.4186008310759;557.7435451779284 -234.89746668992643;370.0916590572457 433.84794939871614;-100.95045378920372 -384.39287495606357
750,12,7,LXSSA_REPAIR,2434.9796574212087,166113.8691425788,2.0663681502666806,,6030,6030,0,0,100,0.0,1,-547.5579464811847 -137.85384883843136;673.3074991844895 326.18121251676536;-199.7059224655672 521.071061043941;273.6712320346314 64.13523262111644;-403.46555038856235 -421.9473662347265;668.5326531213198 -292.8538843598185;-240.22011811418733 -698.2556022031447;445.5843428272342 -534.1346323433081;423.47577247689463 580.4769318534878;58.8053000068746 -624.3724511768012;-696.4922144639193 247.2435092007156;172.0579930373443 -267.8904695181465
750,12,8,LXSSA_REPAIR,3003.8431091771345,165545.00569082287,2.0663681502666806,,6030,6030,0,0,100,0.0,1,545.0595770066271 73.7150867005429;-598.0862380457269 294.95216945269624;-436.18805448938775 -163.77180459923738;-594.4883574411375 -454.21084649643745;133.11264006280942 293.60990378169095;364.72816791829985 -493.2714823177485;309.23440362396354 683.2749256959022;-258.97839189645384 496.7638805595809;-95.79746055555532 41.750659841199074;-266.00485707164586 -466.7468505841232;557.7835111838874 501.3756613676333;137.71196003148486 -712.3165688461188
750,12,9,LXSSA_REPAIR,2320.0775390929484,166228.77126090706,2.0663681502666806,,6030,6030,0,0,100,0.0,1,498.99687932127193 -260.9022849262419;-58.02612568078452 366.00883555563223;733.9622347097654 121.80637666341664;262.48415900340285 -530.8322438417708;-488.4134335692293 131.6927624618989;-337.10581314866675 -150.58175269380942;103.5379119657493 -34.608703034213484;507.5198602567641 349.7641854501943;-340.03106356814146 559.0774561870916;-66.84844691786975 -695.0224353454042;277.63955499204627 565.5039920668573;-646.7629458496475 -239.57144946580047
750,12,10,LXSSA_REPAIR,2157.0075503675616,166391.84124963245,2.0663681502666806,,6030,6030,0,0,100,0.0,1,-536.7071913157251 444.0640395328734;-36.057939873337936 -470.98212107515064;-731.2106043781366 152.1862538094828;510.8479335056835 -520.455017356639;515.4485478377421 415.04261874212233;119.894724314795 -736.824714605851;-254.19228147057785 -688.4250106989289;-528.0218520180398 -402.82848104901683;695.7809215876696 -82.27735442884897;-237.27915848662022 57.191699765009076;152.96441040484544 369.56622049571246;321.17178139787774 54.647909854565235
750,12,11,LXSSA_REPAIR,2558.4043752099387,165990.44442479007,2.0663681502666806,,6030,6030,0,0,100,0.0,1,-670.4152665266034 210.20918538571354;421.79909353132166 455.48175824788393;13.097767177103968 690.754076850017;-227.7978056108586 -326.42048604141945;698.120181461458 -49.836650000863074;-223.7464729218957 287.3647461155071;332.23293203701076 -640.4701797852534;-680.0126631258728 -316.3565869241551;-455.6957085164418 -567.3810805998655;-462.2580985104971 587.1015649306355;434.8970781715502 -345.5153414696826;14.445491043903099 -697.7539907775504
750,12,12,LXSSA_REPAIR,3357.257306664833,165191.59149333517,2.0663681502666806,,6030,6030,0,0,100,0.0,1,19.054542955297485 -433.56774658480464;427.5869948755074 277.4129325400351;21.050617926827552 198.52246593846925;-500.6419339562207 -558.372509079193;-314.3258686471915 309.0776624030506;211.87420695343485 517.2258637147734;606.8733871858574 -254.78432627035158;-474.8105548688594 36.562424162088725;724.7232977233543 192.26197647600293;-181.66286666750338 727.6279980935338;235.22770871495632 -687.6719206249888;-713.4412036446637 231.3042345960262
750,12,13,LXSSA_REPAIR,2509.295235521189,166039.55356447882,2.0663681502666806,,6030,6030,0,0,100,0.0,1,-198.9658385474057 -237.1698415131533;586.4435139873776 -260.9386915176911;295.49546549683396 388.57867338450757;732.6195515440753 147.4942685370753;-592.7988354377835 452.1109550261625;-195.24716446392398 456.64920621224405;-619.6731526601143 -327.649706499895;-445.2980016102943 181.25602683984664;329.98034900127266 -604.1101989138563;22.560901966495408 -585.2082197362206;597.340124187229 449.9008957472502;75.46795220725498 730.5978015416644
750,12,14,LXSSA_REPAIR,2487.911274231301,166060.9375257687,2.0663681502666806,,6030,6030,0,0,100,0.0,1,556.7308476270464 -483.54493785936904;-164.41034555098776 -679.9090581659668;-447.70163076788816 -241.4416677094466;204.47248708335565 440.8424766559262;743.6688055857635 70.64898540491234;-444.9264428132547 518.913508447445;165.93259413514838 -476.161815121972;-729.0522177397771 -80.16187329431152;86.42114776726318 738.228246893365;-160.12616969905332 232.94760438243156;25.572740667876815 -115.90765238651501;351.7859228297155 79.66979381609288
750,12,15,LXSSA_REPAIR,2002.6033914580185,166546.245408542,2.0663681502666806,,6030,6030,0,0,100,0.0,1,-749.6754676495104 -22.061124279777538;314.6511019342457 -665.3397822822302;-101.74396370430685 108.67194583603171;-94.50291435168754 679.6595484402512;-622.195585549992 374.47846632368464;335.5055452512606 569.5991932217706;-106.71124560342383 -690.4084888013087;-399.6127883017807 -211.82151625273906;119.18084313854274 -248.01797623991837;628.1901796880767 -317.03213752141585;638.8534395977043 383.7980143955105;-399.9242546961172 599.6233290992383
750,12,16,LXSSA_REPAIR,2476.409951951151,166072.43884804886,2.0663681502666806,,6030,6030,0,0,100,0.0,1,515.1724264601532 -538.3179872186394;-53.03153714617736 -709.7549231191779;343.3253800169745 -93.55656244260385;-442.1948107824692 -506.09321643697933;-333.0162422390667 -141.46622891710928;534.4077832248661 381.92298378095273;32.03293222692342 665.9395934224201;-93.92043338735718 384.69073277839067;731.1090288079466 -134.0515239990352;-749.8698246520305 -13.973048211928868;-643.4589903897139 310.9116254581022;-345.2207715667001 629.6052465060894
750,12,17,LXSSA_REPAIR,3121.736180530541,165427.11261946947,2.0663681502666806,,6030,6030,0,0,100,0.0,1,333.9110175432708 -458.5142012789068;-690.8365967254624 56.04360981032147;527.3031942860147 -145.57119911226775;-31.878393283747535 414.1617548522136;173.64013311922295 48.91916273292136;-565.9915940637359 422.8854879236306;-11.373888873123763 -392.4292966812436;-319.31611275058583 -586.8590490059988;543.626820640942 370.1010966680103;-179.52039817416915 -80.77885582383938;183.35975176095647 -727.2378899061753;311.6708787973233 609.8525437883476
750,12,18,LXSSA_REPAIR,2263.184325812937,166285.66447418707,2.0663681502666806,,6030,6030,0,0,100,0.0,1,-695.5039179168052 262.73518004441826;246.54376970035116 -540.5103034633147;229.90917181205404 505.0382248261295;574.3555765726306 307.04917606816997;404.1093825895522 -38.89424805213657;-167.83552923199107 608.2485454549744;-515.067743021073 516.3168460195169;-333.6301459802171 39.492889053048984;-128.73934563916484 -654.4414997878364;38.029141843456316 -155.00838215345425;-707.0240127472687 -250.23398130299987;749.3705287523001 -14.137181810633725
750,12,19,LXSSA_REPAIR,2571.329740277637,165977.51905972237,2.0663681502666806,,6030,6030,0,0,100,0.0,1,-377.9723795158253 347.7114710761918;52.854669200101576 -248.34879861524902;520.4776415168276 -535.985462835598;198.4806883370956 311.95524219311636;548.6605830922471 406.5947164432743;714.0582362649927 -53.21184768583286;-410.5454419836337 -567.0372467095777;-698.2340262466108 -137.51854769760106;-683.7204840020983 308.0968843079364;-86.64168518054849 -744.3651685272264;45.65423927847387 730.533821210156;369.95346549904247 -249.63078636227328
750,12,20,LXSSA_REPAIR,1942.7219304387984,166606.1268695612,2.0663681502666806,,6030,6030,0,0,100,0.0,1,-174.4482343798663 -727.4222274291203;-726.0876802593543 187.71351755352094;572.4720596448292 -484.5347089987425;-267.5875873967304 685.012596811698;-103.11480195338831 351.06361531792965;150.94203188787756 -370.0950923189317;571.086617802477 482.8890716195195;739.6282042714315 -6.614223751009264;-325.0071441391929 -458.4893275950152;171.8980121816343 694.4579753862516;372.5711073328508 88.40462113857835;-572.4366725640898 -198.01149257147097
750,12,21,LXSSA_REPAIR,2091.7256693478266,166457.12313065218,2.0663681502666806,,6030,6030,0,0,100,0.0,1,-310.84657836236653 24.945210541161362;-545.7971169029903 -472.10329584496253;517.6981195794826 59.4758637588507;-111.80773089568319 -730.8350043597732;339.74874994427574 358.0155086913474;336.5503222643766 -619.3702597907948;161.35604227661506 -272.6987192832525;-545.7745521212146 514.4221401309313;-49.62451642716272 582.122188812946;-155.91260811084982 291.15506736537;-747.1429332485851 -65.40135900293704;657.7659708168728 360.3386291189674
750,12,22,LXSSA_REPAIR,2364.767370958929,166184.08142904108,2.0663681502666806,,6030,6030,0,0,100,0.0,1,348.8105014755703 -115.46381192841794;-104.58075542571744 -716.1030151628745;-86.9146979912657 409.8961031999881;143.09949474500908 -509.852521039485;-574.0944014314557 356.8607384278992;-97.21223201092856 -125.38675848700407;-748.5980431611868 45.83633684362115;529.7086902591066 232.01510581014162;-405.3400849897651 -132.1497689643883;365.11164358259833 655.1286039552948;-585.4766359673123 -447.9196677589623;716.3121171563271 -90.09299651093446
750,12,23,LXSSA_REPAIR,2054.1256838362897,166494.72311616372,2.0663681502666806,,6030,6030,0,0,100,0.0,1,417.50337673105156 456.5389241280135;-558.6950283954507 12.05112398664129;-248.31852366955445 -575.728453462098;-50.060824982576534 148.37363330314633;582.8770665863178 159.79787622934072;112.2318470508791 -155.22332038105716;720.5773170274686 -208.01040883930568;395.7351374284051 -542.4553097294103;-402.4714983705802 -309.08059253778987;-214.65235085004934 432.6844848832944;116.49580536356147 640.9636931097394;-691.7219725811684 289.8632654346137
750,12,24,LXSSA_REPAIR,2240.1937756655097,166308.6550243345,2.0663681502666806,,6030,6030,0,0,100,0.0,1,-470.9817017238159 -300.2573990925022;168.78163208721057 -151.21295097608726;721.300205132879 201.232448371355;-4.852115797324209 383.90340360922977;-697.7283719855982 103.97873308426851;406.0950110966768 -407.74779614942383;-460.7748547579761 512.8182861796141;7.059268330851122 -633.9550973698633;546.7135037222324 -117.92177279257085;159.67062917558195 721.032710104764;-253.3794383140213 118.15189415776825;407.87682169965206 275.8639567400587
750,12,25,LXSSA_REPAIR,2644.5352130537503,165904.31358694626,2.0663681502666806,,6030,6030,0,0,100,0.0,1,-508.86219601903633 194.72666390896512;161.25902600706524 591.6436808255479;-537.8235290637805 -504.45881456019305;70.43370847715575 -677.4393828714881;330.4553284570537 42.56275441265676;185.85392740606875 -372.8022755651554;699.9290927336408 269.27912994163734;-707.5710957215923 -219.7685426207038;697.1990103463397 -241.939787266816;-87.69916568638749 -215.52145217856275;481.05219562371497 510.3806282324089;-351.5427959786963 650.1657683637042
750,12,26,LXSSA_REPAIR,2592.655592533498,165956.1932074665,2.0663681502666806,,6030,6030,0,0,100,0.0,1,-166.7602950462965 314.4138084094172;-742.3600147997406 -37.66010342239826;616.4921075427898 -348.76354482535805;748.0446381392362 -52.65095998327883;-409.5829300824112 -105.76819854224391;134.31157271080338 -102.95719478954;-569.7094777658865 281.16933191248324;272.91487635004023 306.6135826995266;-176.1650454579761 -346.12694970725084;383.6002035411383 594.5195202350344;310.92033987936975 -645.0141473490261;619.8297444574422 334.58938341802246
750,12,27,LXSSA_REPAIR,3543.19847591297,165005.65032408704,2.0663681502666806,,6030,6030,0,0,100,0.0,1,-239.05037653218878 -586.4624095178524;-733.8423117231 -136.43468714729644;-475.8331286086892 164.9942507087943;461.6414724235673 413.75598537041685;-304.17402027545813 659.1251890075598;676.7788534937832 -323.21878575299473;148.20703667776704 734.0666486597943;446.9154662980793 -16.74526197081298;-47.39996988418651 -93.54664644775771;132.86044933667188 314.3729579431492;142.87410974038548 -652.7203562422558;-191.10940133752575 353.09286539890076
750,12,28,LXSSA_REPAIR,2677.927750704839,165870.92104929517,2.0663681502666806,,6030,6030,0,0,100,0.0,1,-563.7330509493077 261.6407366506137;596.5950466950129 437.52562238799374;12.59288285143037 408.40448486050315;572.5228945767345 -349.2756917888594;264.46014163577604 663.4053706423794;-702.6569500681717 -111.61132991944815;749.6391453999536 -8.56958760243295;-331.5400764043686 -292.3974680882868;-2.6751704113893497 -90.92841765466771;-20.14362493575399 -704.9282009642991;227.16209090906153 -351.468600767836;-336.2884264104691 560.4094843239343
750,12,29,LXSSA_REPAIR,2044.478059324436,166504.37074067557,2.0663681502666806,,6030,6030,0,0,100,0.0,1,-349.35593956485883 -121.87103323407361;168.09538433408386 -450.167878678349;-537.5738500428935 522.6911670756449;746.5683073398344 42.15233700205492;-742.5363815697723 90.66072619160937;161.3737396904702 567.4838128086443;363.44481618541107 57.192522735646115;-558.8017118329374 -347.90137225034766;503.37796019934206 489.4491870208867;-186.74566728792982 -547.1211210611791;-178.7883996046931 637.9883937307986;-0.9861651441609119 63.99669892733026
750,12,30,LXSSA_REPAIR,3025.874858244497,165522.9739417555,2.0663681502666806,,6030,6030,0,0,100,0.0,1,394.28539864393446 598.1609946839499;-380.99940206082726 -593.8873343102455;584.0779208295419 271.21797253735593;-348.96650455718833 304.0073270982599;346.9286569352863 -664.9303985199055;27.677052257853326 -110.12641948860968;-252.8568065189035 698.6581147560723;-652.3515602132738 357.12520767113216;-742.7138880442552 -103.24289249020812;730.207957520597 -18.8303314454886;47.615241271599245 630.9783561233627;30.016712617654672 -707.6179983068433
1000,12,1,LXSSA_REPAIR,1182.8880322694604,167365.96076773055,2.072194590299963,,6030,6030,0,0,100,0.0,1,268.46177736350495 14.068910859805225;610.1691931743359 -580.8854818655187;-670.6757625074796 -334.6507687187422;-278.361675472658 593.6699661371729;-476.6313112126136 4.339256990436198;615.7923014869497 565.513904531925;14.522373494035158 -493.1905550134654;844.3627601426296 187.62127221634324;-656.8695421851364 544.1205535533114;-246.34859660071504 -780.7116374253384;279.7098454583755 748.916237816261;-908.6291703979759 122.09541653602301
1000,12,2,LXSSA_REPAIR,1190.6387048192264,167358.21009518078,2.072194590299963,,6030,6030,0,0,100,0.0,1,951.4951805425782 -38.097926248580805;552.7129719597438 763.5598408243573;-740.0185912195033 143.3833278560278;-469.75556561871895 -712.8106758722921;-493.2749920315516 744.2920584358612;-173.11541827948474 -163.7958060230445;-18.355578239209223 129.0302187255039;144.3963425139863 751.1898832275809;775.5934756541108 388.0078160512155;299.20064214684743 298.63089553204884;544.3342998212214 -484.31051766830296;-990.8631065768535 -117.94798689872974
1000,12,3,LXSSA_REPAIR,1600.835011773568,166948.01378822644,2.072194590299963,,6030,6030,0,0,100,0.0,1,978.641887062848 -205.57251004467452;-221.63818598319418 627.92801553081;467.17447945460384 734.8191969335148;-232.40014652385048 -591.4887740011892;-751.0737494136816 -310.3761831450108;446.3018196734506 -21.833465479237855;-530.5513802132775 319.11933502753453;803.3455565388343 352.52299611794945;-554.5688273170547 -781.694949588847;188.55802079422207 -949.7927683917849;208.5095827521438 -255.24697859273854;222.29548525720173 500.7441261727164
1000,12,4,LXSSA_REPAIR,1646.1089428730777,166902.73985712693,2.072194590299963,,6030,6030,0,0,100,0.0,1,-331.88851831667637 911.6492706515687;37.035984481177294 118.09958733695933;-739.1890922862011 266.7625910881635;13.123445199822463 -726.014273572096;655.6015822164003 -679.9564336991052;-963.5633906278081 -111.44088734841628;992.1774423686313 -124.83521658693459;-233.11480564480703 -972.1239414499428;-600.9094394359487 756.7580356403322;-729.2174226915852 -683.0160284235913;869.9568187421305 -457.556208175914;241.37438016119745 -493.29116155377545
1000,12,5,LXSSA_REPAIR,1804.3813171276704,166744.46748287234,2.072194590299963,,6030,6030,0,0,100,0.0,1,-713.8643366889595 -652.4957803121255;-129.18268950393553 -980.9240731221058;-112.44486213413799 442.6148620191854;837.8182063234124 539.0214197450628;-894.8111908786719 -353.70215321561005;-127.17313305107135 -315.7654924086202;55.5084538532327 719.4677378686752;580.1881309713588 100.0436019368664;364.4321352563503 429.4334715264751;-701.2204790553943 -0.47852091753706266;845.1605868849585 -529.7037685025691;347.5089744173678 -287.6939637556529
1000,12,6,LXSSA_REPAIR,1200.7470856253058,167348.1017143747,2.072194590299963,,6030,6030,0,0,100,0.0,1,447.9191621952686 -196.71513298791544;233.71754148593203 -968.1151348615682;200.60258179930844 606.3557892395866;-777.8255483113528 467.5099672569265;891.7176460291564 -83.06434633379374;-122.7204679450292 -875.0417698572555;-472.6636518901659 643.5080457660791;-471.49520595918074 -442.06414128311667;-108.55166913763993 124.20008093432652;657.1273764801346 -733.9745549132939;677.901463417172 307.8525463142782;-784.331602042765 -501.0487339813412
1000,12,7,LXSSA_REPAIR,1342.48874431086,167206.36005568915,2.072194590299963,,6030,6030,0,0,100,0.0,1,179.4271621550971 -204.83647096098937;-133.05367225083592 756.3381857747563;-583.7933168572798 -216.90911685611053;947.7835898449804 -30.35739129843379;-729.652345079435 -660.4571826080834;756.0106999694272 -350.2708092587425;498.3968333924161 -861.6396367137751;367.22942693481315 -582.9657902279845;-966.7938081521977 -230.42959365150176;436.23676009198607 849.0726175098482;742.6755237002548 669.1571920225244;-138.39551687218935 -290.66063971467526
1000,12,8,LXSSA_REPAIR,1226.4573495027437,167322.39145049726,2.072194590299963,,6030,6030,0,0,100,0.0,1,911.3149127351879 251.74864668049008;65.75560774645498 -802.4407489602496;579.6972794193639 430.87456660099855;-340.70414042490967 101.93998649111298;-736.7014546179713 354.57847776428;-745.9475188276683 -542.1614882986298;-992.9694973017305 -96.98413996243977;385.5159235227172 -138.57215254231966;898.7435915904844 -438.4745791662688;53.160936467473235 730.2426013353244;580.9807292507746 -757.9279568372732;-367.71779041363055 -915.1306903498737
1000,12,9,LXSSA_REPAIR,1522.3374908079568,167026.51130919205,2.072194590299963,,6030,6030,0,0,100,0.0,1,-520.0397619428203 -567.0768000536524;-221.6228637259715 -643.3090510412426;981.8201474120664 -128.90153548870595;171.7633316338571 695.8308828724349;512.7706840451112 -637.756243752284;-506.78177274499967 257.048869088039;5.018843367462868 -889.6415423020022;-3.7611967403954947 -30.362802241394427;-657.042154273232 -253.85418919948702;-866.4655116956336 478.74401999404944;-994.194953635516 95.86267844015168;537.5225864029177 801.7306903134555
1000,12,10,LXSSA_REPAIR,1216.7331030861824,167332.11569691382,2.072194590299963,,6030,6030,0,0,100,0.0,1,-972.4380751606636 233.13837202478754;-400.8102619590402 -779.9221913579819;365.2681558987078 -303.6016581611871;986.004157007699 -118.26950664035589;-414.6018260007228 224.03912861106923;-102.30601907482965 399.65401389350194;148.15470353756413 -85.1388482021659;607.4275460551031 769.1203558759928;833.2444119275427 329.1709460951205;-710.8896663202246 703.3035492012816;576.2858605205663 -794.8063783775865;-713.3390032555806 -227.6279041715821
1000,12,11,LXSSA_REPAIR,1152.3630010816269,167396.48579891838,2.072194590299963,,6030,6030,0,0,100,0.0,1,826.5723384453202 -551.6008297179787;-168.83242307519524 -622.4071595517986;456.3624578067625 -889.7939689077302;474.9706641892398 828.8664924814477;-430.9245148375144 274.79762993021745;-988.4394385124759 134.46003907934497;-201.95765611697823 979.391704035724;149.05342170916677 -558.9174955138741;-804.3186271468866 -393.4108323803256;463.5779724580507 15.112125363278292;-792.0413503636855 479.8373003247715;839.2495748825719 246.09505990270782
1000,12,12,LXSSA_REPAIR,1233.1845625051355,167315.66423749487,2.072194590299963,,6030,6030,0,0,100,0.0,1,-373.26644324151835 -156.01902179339137;73.70563226664095 578.0179382803143;-658.3485155355157 709.1764372740287;336.6750579977694 11.443697237057966;866.0234262353342 -308.29236206565434;-207.06804888474375 -617.2618159787866;541.4074124351415 574.549727133295;-991.9755477263649 21.962109198305118;-104.30133167611379 898.7476966282229;540.7803691091702 -386.45879524582153;996.8466786695697 79.35174368246503;-1.6516416629705983 -987.3169727291212
1000,12,13,LXSSA_REPAIR,1625.7711113498954,166923.0776886501,2.072194590299963,,6030,6030,0,0,100,0.0,1,-823.2546342487747 141.9015626716335;32.92439013868998 118.17092256466033;-503.0573200813085 -589.4211482205367;-488.07841967886696 238.20828048792856;238.92946278823118 721.5291381907055;512.0068950259689 -322.3791566920342;-158.96033468385335 822.8452372498825;926.2852599891651 371.248375153814;-12.806356750133281 -860.3400014318141;691.9869508755921 -670.2855036264183;-989.8331678193593 -142.2332587150134;-194.29015916653955 -274.8886497771479
1000,12,14,LXSSA_REPAIR,1587.132053715788,166961.71674628422,2.072194590299963,,6030,6030,0,0,100,0.0,1,-167.6088392673105 -663.2264619477031;84.33917137028419 708.7169980191978;-843.5405432365758 267.96359790366427;-590.384186052193 525.4948619991651;-611.537536845311 -499.27637086214065;347.9234675141875 -254.27836777276826;578.9763730128057 -484.6266678414751;-987.2544399579884 -159.10999197371024;851.7851887736944 519.9388719847108;840.6518551840526 -67.51652210411461;113.20609164591572 -962.573384127983;-327.40278575829 -324.33455146210395
1000,12,15,LXSSA_REPAIR,1637.9022556030832,166910.94654439692,2.072194590299963,,6030,6030,0,0,100,0.0,1,650.7810374621899 -43.721691594361616;16.314602751792403 -126.26305093817491;-173.82977282147996 -456.83263556623996;8.27372456004506 -947.7793728949083;826.6259878317433 562.7235994354113;-994.3850689907024 72.47146162144415;320.3491362846489 -947.2577432641189;-827.1131842730761 -432.4818883547104;426.24290425556046 675.0103280218151;299.43171360759595 284.29364921117997;-238.46116619995396 856.1872299587363;-323.418823333991 -946.2558536981359
1000,12,16,LXSSA_REPAIR,1627.650807639875,166921.19799236013,2.072194590299963,,6030,6030,0,0,100,0.0,1,-558.4038225447026 -395.9990077564218;610.2801516662922 685.5012642225616;107.05755329448021 -945.2538356323221;-713.3855133844037 -110.08064836471046;112.38754760808456 128.71244105001293;-890.2489070596812 372.9652958267342;-163.97236524733034 -668.6175530147505;311.0438433491051 -237.57280003547862;-262.9381793825977 944.4922547486852;495.4280096161817 328.2150207804322;491.71199064927373 -574.7519278709461;879.9305899226026 409.1979892113986
1000,12,17,LXSSA_REPAIR,1586.132747240452,166962.71605275956,2.072194590299963,,6030,6030,0,0,100,0.0,1,-42.30398027292129 -987.7381390583641;-476.7176200948409 -878.2741674930083;-456.6777302287854 747.7343891139797;-999.5598474432243 22.597996479561814;726.7774060837608 383.4229328019099;-10.512317665844073 -192.04047795420993;985.6215105341016 124.43952603553254;549.7947674777296 42.498673015869066;-10.008084886890572 998.8636766747271;383.6103143258535 -463.3203326906526;-834.2583547301339 316.2735519714268;-181.13258188152324 481.36851579013415
1000,12,18,LXSSA_REPAIR,1541.7798767065397,167007.06892329347,2.072194590299963,,6030,6030,0,0,100,0.0,1,-383.5122931971507 -761.7594783733648;723.1871390405734 470.412080889401;-644.4946755675021 239.4592904820735;170.36107874983108 877.6688559898546;922.7763776224856 -126.63831546486549;-870.9838585187164 -444.31297436085777;-19.871041616275278 531.5572836550614;712.2921446168817 -508.0853410623485;12.17713123412869 -988.6115842112297;-375.84330956874976 -175.99118825205446;-865.4533482318037 500.9895228788324;-364.42840660450656 532.2319735140809
1000,12,19,LXSSA_REPAIR,1337.4388493301813,167211.40995066983,2.072194590299963,,6030,6030,0,0,100,0.0,1,337.4256174575571 -917.5808807399538;383.10223357609635 472.76039352456974;-198.8243244121872 49.137184204495405;225.05316038787856 964.6322868189891;-827.1618647786544 -552.0603766208648;716.8332954007107 -72.05031945694083;935.0236790983657 323.0237052040384;-805.3784968447515 591.9765229069441;-622.6759734685346 73.65715531305645;732.5306413163245 680.518588527838;-31.976374541378977 570.1807965057264;-188.13565414448223 982.1414670421825
1000,12,20,LXSSA_REPAIR,1474.066253405792,167074.78254659422,2.072194590299963,,6030,6030,0,0,100,0.0,1,-293.4180294527897 -416.14127582008047;-34.096191548350895 85.55734755203197;-976.7985654965144 -160.08737875200381;-518.6224949515437 -40.660468272814704;170.27055504397808 507.3201624682891;144.11495846459422 -435.3389449800453;745.7565914376287 -425.86282499981775;753.3648084458185 209.05457925138202;-778.7911345342702 -504.28585991434596;514.1984096255845 -827.126012701198;-41.66618306988776 -976.1080708062383;462.0470388955252 676.891864837783
1000,12,21,LXSSA_REPAIR,1342.812663323246,167206.03613667676,2.072194590299963,,6030,6030,0,0,100,0.0,1,-37.169347457484584 594.7696444566371;-587.8680107938992 29.372850163562273;-784.1446582042622 408.4848716321589;377.10312805450945 389.95168092505673;169.56042779837992 -47.59479586931426;-350.4463128765494 887.7253676587351;374.0565710743008 -656.7205219105514;-340.63430900503585 -664.4218811268335;547.9099096137684 -142.08778719180958;-962.4424118562227 -178.8829189953142;-9.252349534538979 -667.5599083991899;889.1549653047007 -62.72854449784371
1000,12,22,LXSSA_REPAIR,1320.8530048252724,167227.9957951747,2.072194590299963,,6030,6030,0,0,100,0.0,1,-469.37612023334935 -696.2948079681025;893.7769689170606 -101.68621042574163;-396.0597462911151 451.6433932191854;611.9712431360433 -388.1523542212271;-918.1812954554905 153.12020678341338;627.7373798315951 371.3679928201593;-54.60649716837665 777.8052209214281;-44.85944702314421 -781.062233556468;356.88864895714346 -795.7924880898644;-554.6557176760373 770.2562296679412;-623.2196179150211 -418.9234964907809;333.66029357251097 543.3304156345421
1000,12,23,LXSSA_REPAIR,1632.6855076331703,166916.16329236684,2.072194590299963,,6030,6030,0,0,100,0.0,1,-419.3809253331863 -474.92808638414107;724.5210100914335 192.9648329484604;-122.61814579486443 -947.4581562675619;265.84687513099794 316.98748529362314;572.3372069781594 -252.96877721840238;999.6668008171412 25.812542378117765;-413.5038983942651 860.991570587598;-960.514930766631 242.4302499393756;-414.68389143401276 209.37787043346196;-107.6555803928755 519.2910867469008;262.3992873308675 -825.6936112747289;-717.8197810361178 682.885328926966
1000,12,24,LXSSA_REPAIR,1156.7872158447572,167392.06158415525,2.072194590299963,,6030,6030,0,0,100,0.0,1,-415.76582451285026 784.0236254024663;590.7699704926838 -742.1617928543429;990.457280730589 137.7093217445527;-721.2297416983113 75.75686024783792;780.7338840675213 -289.75753796840087;-178.51220702539047 84.35879019007572;92.85754827809127 934.0881450837246;-436.3477133951681 -683.3961572107322;601.9468487104605 30.364744852846894;-920.5551098042642 -259.35825241457457;299.0810923944983 340.1479038850962;27.18104664830227 -551.470050009711
1000,12,25,LXSSA_REPAIR,1467.4417668378155,167081.4070331622,2.072194590299963,,6030,6030,0,0,100,0.0,1,-131.14720043340785 -43.832521448968265;-303.82887131322735 -435.20070141505727;734.3648781744233 465.2675298996058;-608.8044382963371 -510.0066535033712;340.6278578994143 -845.5780648714025;532.4728794632887 -276.21462577539256;345.9230756510945 84.79835099106808;-847.8590255586425 176.0487260800327;-591.6537952251908 645.3750148041055;946.1245975795902 -272.0943118197045;161.64834381013097 -530.0833454146862;-118.6632847665683 657.7215923602291
1000,12,26,LXSSA_REPAIR,1303.6920552390802,167245.15674476093,2.072194590299963,,6030,6030,0,0,100,0.0,1,841.4887146400113 529.9268756606078;193.41498055073902 653.4780551680816;841.2945927192546 -522.2082871232192;-727.7376076633569 422.32030838480233;-511.69084249925584 828.7266584850817;-229.06583351765588 -67.15312175338217;375.63349523563664 87.00139086288469;-31.715451672789545 -707.0401489044199;-523.3918267866775 -231.1032778743556;531.7183743724273 -202.37449234479385;-7.2033949843283365 310.8273193332904;-916.4496415403358 -4.575705622661091
1000,12,27,LXSSA_REPAIR,1790.423006972269,166758.42579302774,2.072194590299963,,6030,6030,0,0,100,0.0,1,-990.6983431355169 88.43551016774992;-435.84166064519803 -443.5159540781761;86.51033182781461 958.2799692885832;-272.2832723449941 61.822620958500956;615.9119806155803 -473.86047884444804;866.813566534395 493.8020760504676;277.2471947723886 204.88440473286582;-791.4077364943896 -444.0190494419432;-708.3824479778064 705.8085702723853;251.63817383271254 -569.9774410444678;598.8590219541582 791.4642922561367;-621.2881661102066 -771.5211923787425
1000,12,28,LXSSA_REPAIR,1542.0997898592032,167006.7490101408,2.072194590299963,,6030,6030,0,0,100,0.0,1,-772.8173287916314 -559.7270410043423;893.9839072658599 186.65402829244624;-25.305106837967777 -361.44559953071587;465.38737596057126 -508.1343674796769;-213.6139183804258 -953.5485853700607;-328.0710521162399 930.2525661525182;205.44686186188022 521.613758153009;-366.5593631668466 -547.6472305661118;472.7601658072594 94.25875028082285;484.0863910315671 874.1003554408303;-756.2637361020469 494.6973254434148;717.9133561831177 491.5780677012944
1000,12,29,LXSSA_REPAIR,2836.4501090248523,165712.39869097515,2.072194590299963,,6030,6030,0,0,100,0.0,1,813.0061784849561 -108.01849659215291;39.96048346799723 -704.5400923150822;455.1982257009633 -296.6774687614703;-886.5938594790714 286.0450041623316;-706.4388272997732 616.3104692755833;279.0288118031357 -919.4059906451538;-608.0763359606301 -609.6224009903171;826.6541666591792 388.6014988455116;53.42617903538016 -78.80337441765101;69.05064866106993 784.8299244307437;-563.6560048663954 112.7470354641487;615.6772612497989 -580.994225603486
1000,12,30,LXSSA_REPAIR,912.9779178974276,167635.87088210258,2.072194590299963,,6030,6030,0,0,100,0.0,1,495.4668493230763 831.5092709686028;-437.63776367972014 -589.0440337079714;-97.49850798181137 459.1717279701966;254.7177531983786 126.64819212540078;-66.02010217834088 -958.660701561013;-466.0098542362012 852.6060026830476;841.9067485178173 -473.79232946603565;-828.8741892137862 -353.5536364006398;854.9528313952694 487.2286127095126;60.73616537394395 742.1746238294747;524.3910281165357 -792.4787450240512;-998.0261710971616 -43.431819257455174
750,11,1,LXSSA_REPAIR,2182.302483280713,152320.80891671928,1.9092813722999684,,6030,6030,0,0,100,0.0,1,-529.965411673728 176.76523992082915;160.72701148331944 293.3627262754852;440.9734092743705 0.2201212711343046;-331.04212938310593 -422.2956904557801;-329.6432682125347 576.6894435776578;-137.07919012779814 -29.96307800174118;116.48870284903279 -536.1871170807385;49.64922097391512 590.9386434329117;429.21950827324156 -614.2657796587973;745.969329759301 -66.88228542977893;454.092708741867 595.1590713320785
750,11,2,LXSSA_REPAIR,2171.6694750616443,152331.44192493835,1.9092813722999684,,6030,6030,0,0,100,0.0,1,706.616933275981 -92.78898773922134;213.0139443731283 243.7016331044492;-199.79317464716922 -425.8506724660706;-460.4473103788886 -119.14886419005641;-444.9876847851567 426.22219929757495;438.27895776001407 608.3642734994609;189.30634065908174 -420.92408376939255;-625.1884873961533 -414.0780618940891;-227.3882300865314 657.6768270648801;451.1601324667292 -583.1116670054432;36.7874308403496 -692.6816759268825
750,11,3,LXSSA_REPAIR,1545.2662033249217,152957.84519667507,1.9092813722999684,,6030,6030,0,0,100,0.0,1,529.5517688605822 419.9080671861241;-330.8420115823834 673.0851085651219;518.4909998521995 -541.4815198742277;-587.0734617631404 -381.91895127773176;360.97259005376475 -161.1493027847115;728.5594694598296 72.01144746706247;-344.44271179336965 -643.0790728700393;135.7841722821445 -610.2345267051012;66.73712490563605 701.6930260114326;-747.2282951824942 -57.78070749952499;183.27499544816962 410.60115452252836
750,11,4,LXSSA_REPAIR,2399.533402780973,152103.57799721902,1.9092813722999684,,6030,6030,0,0,100,0.0,1,-519.6819195807061 509.45938957848614;-229.63797259593906 -198.85051582564807;673.2782399658441 -95.45313478804562;135.66542979653775 -19.48579617323219;-710.4121741177687 -226.75300680055025;-217.2205157725466 667.0575190749046;133.69105655850433 734.0675316574384;-80.11017993545114 356.4386584971901;143.86348124440963 -730.0043414724079;-363.7287159154207 188.9862506869161;-541.7279618355816 -514.5331813614455
750,11,5,LXSSA_REPAIR,1520.2854017345526,152982.82599826544,1.9092813722999684,,6030,6030,0,0,100,0.0,1,-91.10192662275975 -443.64073927400955;-100.6924554804466 548.5428502224203;-282.7446346198241 -33.27028721503923;-737.6478115167 -14.923858486880627;611.3737740417116 -348.03198931374084;619.5376796724842 270.6776725927544;407.0595278697884 47.70220021343997;195.80208685316066 720.2154030473235;-477.84885328159123 -445.9387758908377;-474.79858817494875 558.1303967879605;206.4086367824488 -719.7660441745157
750,11,6,LXSSA_REPAIR,1461.4086512259964,153041.702748774,1.9092813722999684,,6030,6030,0,0,100,0.0,1,-430.2484099286036 -91.80097439761127;-198.5511870258205 706.4407161199953;746.9701020617894 66.45844340738498;176.45292675179962 723.7839561674398;160.83616776758322 -704.6635326025302;580.9898019525173 -454.1365600208666;169.9938135936397 35.13695688827354;-609.0277543292821 -437.70446017447847;-599.9251695804425 419.9817186151621;-203.32500578637084 -702.0650310042927;581.5839850545811 471.364906827151
750,11,7,LXSSA_REPAIR,1724.879447139916,152778.23195286008,1.9092813722999684,,6030,6030,0,0,100,0.0,1,640.143796420635 -42.76517373592182;-241.67118057751827 -223.36892111273605;-51.11276586196448 182.81818972162233;51.028706131854506 499.24963611215696;452.2952201607903 496.0336370884996;-448.16745587453113 501.01977664919013;-53.26546151850762 -585.573946242997;437.9462543652579 -460.1136946896923;-436.0470320181001 -570.3688706459516;-713.2352796291038 48.52520131537399;252.3056997022591 -129.00011408780142
750,11,8,LXSSA_REPAIR,1488.053306404734,153015.05809359526,1.9092813722999684,,6030,6030,0,0,100,0.0,1,-86.74251872240333 -488.64599711528757;-578.7563665098639 124.85157706841262;-90.86446039918054 650.4407537298857;485.3270217834339 476.50366360284886;-706.7990818076524 -250.8677762406808;250.64441872462848 88.58825821151777;-374.7148536079814 474.0447410128468;455.44749273452584 -350.12425671213896;-387.3485528975586 -556.717000639145;692.5529766219074 72.70118069091328;232.84685085034278 -679.183971523436
750,11,9,LXSSA_REPAIR,2756.458431217703,151746.6529687823,1.9092813722999684,,6030,6030,0,0,100,0.0,1,-651.6416261143166 55.47049826968056;36.19909170776957 -140.6260666752004;-193.83968815756094 -573.0245205352812;278.134864296408 -613.782808520254;-180.50987686757398 283.92307502304266;677.7351190821231 -296.41817724246556;214.40170658798718 645.8646016412773;-662.3511527644049 -345.7354840112603;331.564899331959 332.80967742680076;525.0643296146872 -20.537011899868475;-501.55180349615256 473.236937562735
750,11,10,LXSSA_REPAIR,1522.5522695934633,152980.55913040653,1.9092813722999684,,6030,6030,0,0,100,0.0,1,-158.32133044905143 484.24170200009695;585.2001006283448 304.01168207012904;437.34222665679766 -57.522282755928224;231.6711784430629 -436.6198167342096;-330.1017714243751 -66.23719115702623;66.33118148661438 28.62962831549841;-480.29333963589204 -335.13586107321316;233.95635906000282 610.3839310851663;-718.5443305785362 152.98478278328736;-145.87922717744834 -663.4742609937355;746.4759791220359 13.67482118976368
750,11,11,LXSSA_REPAIR,1589.841094298783,152913.2703057012,1.9092813722999684,,6030,6030,0,0,100,0.0,1,251.0170956822934 -426.5726967172946;-6.057205663895649 -663.21932016295;-18.102808391278 588.553993832607;-195.33644807833133 -41.32158642999334;254.05448092270552 185.3596330205396;-748.616892555902 -45.468945205758274;-388.1137097448722 545.0760115872853;741.9668420870566 60.1662804954525;476.9849106394714 570.8011512560118;-406.7578445348724 -603.9720178196092;-592.3050244831026 -321.8518037792194
750,11,12,LXSSA_REPAIR,1780.2091490356545,152722.90225096434,1.9092813722999684,,6030,6030,0,0,100,0.0,1,-11.536449483631651 723.401912901293;-689.6409234971223 294.78025143831513;202.70332080761975 280.9589780531065;-18.998019276411107 -703.2685743858683;631.8931477850109 -314.90896134925487;-230.30036818268366 16.29488155122788;-363.64274888704955 -376.8229403527106;648.1525862769273 225.2965329331425;437.575477609517 -606.8960906713435;-531.7602924536735 -69.3183616857803;399.4146786951133 630.8375235461963
750,11,13,LXSSA_REPAIR,1734.5646165994403,152768.54678340055,1.9092813722999684,,6030,6030,0,0,100,0.0,1,-428.178681651998 427.0257632669117;-32.90268360838138 -271.83492109212784;154.53877751303827 98.10209517607908;-153.5082331252844 -653.3951978374149;575.5399518672053 364.88139142170144;-559.1527962489396 27.684055575146633;737.3967490901634 99.30184150922167;563.6608260970534 -486.45073150918336;350.91241452305707 -263.7034647048623;-32.30867785043311 657.7389173833446;-703.7874112126843 -259.19514415103475
750,11,14,LXSSA_REPAIR,2136.4989305410127,152366.61246945898,1.9092813722999684,,6030,6030,0,0,100,0.0,1,-117.00161032863782 427.90028930495424;306.0564185719911 665.4043547799781;-519.624203040039 -345.80003877348406;299.04175018036926 79.35251314266432;295.06962145903196 -584.5340366943631;-513.2938615286747 508.2398652929769;-104.09787211134488 -468.6862340232848;-14.67401106414011 737.0268898552044;-689.83238897287 -39.67136092677528;578.8216906452506 -417.2475375697539;595.5465977785609 373.66602961036097
750,11,15,LXSSA_REPAIR,2088.0305790525454,152415.08082094745,1.9092813722999684,,6030,6030,0,0,100,0.0,1,691.9546765656246 278.78406373193786;361.03096922132534 190.94000763854535;-659.1070572180621 -310.2215189662438;46.442344437863454 -664.9554839937224;681.5942002504538 -312.17597584943235;-177.23801462962174 147.80815137241558;-287.97591741244213 -166.299716457426;17.307645197568377 742.0139786034792;462.5509912833879 504.69391084355806;366.9390115971036 -603.6349434837231;-457.3824819357828 300.77164190163916
750,11,16,LXSSA_REPAIR,1775.1913802474735,152727.92001975252,1.9092813722999684,,6030,6030,0,0,100,0.0,1,-101.16200642111521 -448.4872432218044;-344.5784387900485 -18.69603061237374;521.2427410088585 -503.61094015996997;-591.6790304430432 445.8427202385903;-102.4202867280112 346.40429643543297;172.83330738800495 -726.2947626946456;204.42737959139242 667.8053992789601;185.85885926687553 -166.0332141060309;525.7671980839503 165.54677858219384;-748.7424268135353 -43.06259626893467;-592.198551521629 -438.181142533629
750,11,17,LXSSA_REPAIR,2302.426648176101,152200.6847518239,1.9092813722999684,,6030,6030,0,0,100,0.0,1,526.1542517526661 136.51374172743294;-362.49193140093575 -497.18284119091237;195.36377246503687 116.913446598223;-653.6555807096086 366.85674994872363;-3.7756166051970976 -721.4621967162549;510.13522301303584 -467.9303099752393;670.3668063044688 -146.07605863114037;-664.1102651734282 -91.83261249375255;-351.4595361228363 426.46517063804623;-199.77774500975593 -27.10570707573813;-13.136803622797833 693.5289971344386
750,11,18,LXSSA_REPAIR,1695.499523210019,152807.61187678998,1.9092813722999684,,6030,6030,0,0,100,0.0,1,-258.23489863698416 -25.927583638822526;526.8586212570661 -231.56197067084318;-29.954848382084105 -716.4266091861123;351.3622692022923 310.42243099712255;-708.3984129741618 -129.64771667176458;301.4063429408998 -625.2696147417466;-19.55945841174381 412.26034420354864;-440.29382438828156 -606.6822809218685;227.80897530048014 664.5461464213693;-442.12706128348816 531.6837811163466;686.5081165346412 302.0040684670885
750,11,19,LXSSA_REPAIR,1835.7477782549104,152667.36362174508,1.9092813722999684,,6030,6030,0,0,100,0.0,1,-625.6887854186388 173.16408601366973;-636.7766253693285 -379.81686113347564;571.2133879825552 448.10723813286046;60.008322458322986 304.7705178254781;741.9342840241114 -109.69718709509286;-352.8165836214117 657.8281210898239;440.86053127593084 169.05144804703866;-409.27437964344284 -611.2334298426447;56.94076459545581 -738.460391665349;281.9811299264227 688.527310106312;280.48553588110735 -111.80400948628527
750,11,20,LXSSA_REPAIR,1433.5986391255865,153069.5127608744,1.9092813722999684,,6030,6030,0,0,100,0.0,1,202.92900734633972 311.9783555748063;447.010096733395 558.2759673287189;-476.0904087080535 -85.23747407935919;-178.39116532050528 531.3614217708916;34.33639059183231 -211.20694991510214;601.4677020752436 283.13651734987815;196.0139735611342 -511.3025831344953;-636.6429507299899 396.03601542874765;-146.3179417469106 -729.1772331495118;-642.2784481327429 -386.464798656202;747.80837671611 -1.7901847556638673
750,11,21,LXSSA_REPAIR,2079.8358992789,152423.2755007211,1.9092813722999684,,6030,6030,0,0,100,0.0,1,-385.5786853950699 604.3607293367728;-512.4478754689973 -547.5711154829013;556.2062714008869 -503.12463370991753;-730.7818171074844 72.84745653386074;156.75187822352555 251.77439282980868;-72.52148613323097 -691.144417154412;732.3531462802334 77.87717855575623;-388.0784044934912 -133.85339705767882;145.70758825502114 -406.59197227028903;268.6231459902336 675.7755868191798;580.8286123033855 360.9870318716523
750,11,22,LXSSA_REPAIR,1801.4898025110012,152701.621597489,1.9092813722999684,,6030,6030,0,0,100,0.0,1,241.1614784521716 388.6328415643333;237.37477151655912 -557.8128578920129;499.3837539325864 -112.36652739064478;-385.9953937646868 -389.83502926405555;-184.28021396221575 402.5518074397247;-567.2974689086766 184.22436358290057;-21.297365879322122 695.1491390544031;0.7435398489969427 -177.09323777719618;701.6496546048318 263.4989030251795;-726.9177177752489 -184.46812867553524;507.6385915775648 552.0897212782958
750,11,23,LXSSA_REPAIR,1690.823645893397,152812.2877541066,1.9092813722999684,,6030,6030,0,0,100,0.0,1,-436.5724497742377 587.0208306246238;680.0482085213929 307.947289382751;-422.3406833368955 -561.3656454653096;-179.79854515032434 -97.9565013466406;666.2370676978505 -308.0864805357687;-740.6197070723935 39.38217240693492;43.91495218900628 708.8155581353548;383.4350844397475 19.709872547581135;49.57622313905618 -316.9790224929777;370.73492772462674 -607.7445517291509;395.29345988640387 636.8601786936348
750,11,24,LXSSA_REPAIR,1795.674202990573,152707.43719700942,1.9092813722999684,,6030,6030,0,0,100,0.0,1,-334.21257630283935 204.22793434754888;-335.4592087363981 -618.4614214827012;-11.933980409805335 258.53900792030436;-731.5415383928839 -165.3692160160794;-577.9799844165849 438.0157513994154;687.9950529953303 182.49575987736415;218.869657557724 50.818128449596394;498.47611631830756 552.4563546655252;215.9279918138443 -691.168670870427;482.2700818049209 -425.42739124297424;-163.4568696153459 -299.92240142046103
750,11,25,LXSSA_REPAIR,1786.0718921441585,152717.03950785584,1.9092813722999684,,6030,6030,0,0,100,0.0,1,-158.8835645710327 20.31486990749911;173.68993977631575 105.43324183049376;-172.6630462504202 -624.4915784446565;-492.5762019197986 -538.888559446896;-475.45980784052097 323.32035605009145;186.78790676234112 724.7364667676108;488.8588853311371 557.7041343315375;166.20268146924997 -553.6581543891962;661.6543177502039 249.67964834370073;485.3927774475262 -224.66577914643764;-699.3525616905926 -60.17157308542118
750,11,26,LXSSA_REPAIR,1903.4294096257072,152599.6819903743,1.9092813722999684,,6030,6030,0,0,100,0.0,1,129.6701869134781 -590.883939008833;-574.8567773868995 385.5829659756566;-383.91595485488995 -269.8737086020167;-726.6969629164754 -185.49240899909114;307.82391957151367 86.85335046682607;-212.09989914846125 -679.5897618782443;-202.22486759649092 63.487913040774245;-186.6783130585828 629.450021335281;621.3203227249329 157.72860760831762;135.99185325365423 425.1304889783893;473.89003347706034 -268.8599169369089
750,11,27,LXSSA_REPAIR,1647.2862989170244,152855.82510108297,1.9092813722999684,,6030,6030,0,0,100,0.0,1,165.76938062217775 -180.78412320616036;-341.05745182722154 317.66289005145245;179.96226880892718 445.27492653614974;-62.568838847273746 -746.2386195365723;-528.0366632878921 -167.1031809674433;742.3069499064545 -106.63851501021024;-354.1221585907847 -466.15086776394855;582.7520887667744 346.80590918249084;-695.1048075898751 270.15301624239066;-94.37615245813656 729.5756075572991;573.0257621360312 -425.58663589608744
750,11,28,LXSSA_REPAIR,1598.214934481104,152904.8964655189,1.9092813722999684,,6030,6030,0,0,100,0.0,1,26.5987003976962 -727.0234158193142;749.9634905746814 -7.372314183508032;-428.22857239381693 615.7273700044021;-369.97740331446886 -630.4423560755029;612.4394173886479 268.2201625824633;-740.8606981642844 58.074926910165104;416.3591622890625 -614.4496389680749;31.34587056117177 464.81885610649397;458.3249594428208 538.6530344626859;-507.71257819637486 -351.9022408779503;265.71028916706524 -283.31466803259286
750,11,29,LXSSA_REPAIR,1941.1964281442636,152561.91497185573,1.9092813722999684,,6030,6030,0,0,100,0.0,1,513.1047496764241 508.3435342144359;314.48404307937807 224.94186127076247;-203.76318070987412 -23.610182687979623;-675.037673105273 -326.83952694871584;729.6405838937334 -6.124280217679389;84.63263517434402 616.6902036487674;-222.47072967064182 -607.4367715446486;-661.7289677812115 239.8039307605621;-484.78133216991085 572.0291396805078;78.2961650795814 -541.0284102838236;511.97212266259237 -403.86274398520226
750,11,30,LXSSA_REPAIR,2089.3787864985643,152413.73261350143,1.9092813722999684,,6030,6030,0,0,100,0.0,1,-666.8560407691533 8.98329069514218;-311.7040755020355 -4.780431579827547;17.764776292847568 644.3387745374016;330.9779523583839 116.57564512324385;471.4144840422514 583.3252756537296;468.9313962356565 -225.98731085709673;-484.2876203037099 549.2747627463883;-124.951194506995 -585.1296291605638;-474.82310133433776 -509.8959376829597;326.2484012642755 -675.1278890832058;9.898311617144298 -88.0118419470566
1000,11,1,LXSSA_REPAIR,1385.083687273349,153118.02771272665,1.8988101199999925,,6030,6030,0,0,100,0.0,1,59.35884870949421 -581.383041365865;-143.07332166627916 109.98769687913672;239.49330194651455 314.83184178811615;-944.394527929652 -159.68037482040933;-750.0069727046605 467.90989093963833;868.8641268512333 -455.6299979311123;-333.53977775767135 -506.09156454870526;503.4383150019432 -820.013986538437;687.2696159576279 -91.85371929106284;-321.0104235785656 476.11576300695714;996.7437715459907 -80.63391119962432
1000,11,2,LXSSA_REPAIR,995.1780053662078,153507.9333946338,1.8988101199999925,,6030,6030,0,0,100,0.0,1,525.7541850042851 -463.71386035020794;-856.1025091694961 -168.43572518090787;538.8394153314366 841.3236284257555;-239.51502606663234 -505.2295550677988;-651.7820089411109 -758.367573578732;252.26535622289 -619.7436739963165;-635.4203372735493 217.85191810438585;1.3112505806123762 349.68983549437513;-456.53450674043484 -96.4598395721466;28.976816616914657 -996.0332567973346;733.3832595459321 243.28661436495284
1000,11,3,LXSSA_REPAIR,1028.79116894264,153474.32023105735,1.8988101199999925,,6030,6030,0,0,100,0.0,1,311.3233239875493 945.0635560863576;735.3336600061346 125.61601125883469;-825.7625912273202 -544.70894018812;-323.2451563921251 667.4551380888817;-818.3172144980581 549.8943099521183;-575.3351097019777 -291.98490201552096;-161.9366757688191 198.13652055539887;596.5420845049497 422.27942474477413;999.088069891765 -38.07067940881278;36.91243481382131 -156.49128224347905;314.1808474233715 -669.4245372421393
1000,11,4,LXSSA_REPAIR,972.6558820268838,153530.4555179731,1.8988101199999925,,6030,6030,0,0,100,0.0,1,436.02616969815665 -580.2418753902175;53.3556895494189 940.3188492019033;-225.54954977588724 -194.4921514681795;-566.5494893995236 -793.3186539485891;-993.6299444889424 -80.18411789356443;769.8686953202352 637.4996733001699;435.4321886050217 558.1711350486332;-817.28609992272 -551.2752283145433;-240.18688585114722 -970.7266421735867;752.4577066454551 -505.214602329119;998.1469174809035 -60.832419410873904
1000,11,5,LXSSA_REPAIR,965.004806450568,153538.10659354943,1.8988101199999925,,6030,6030,0,0,100,0.0,1,-96.83262566074762 -875.9970568279829;-726.7266009717562 -541.6285118404985;-945.7030186658747 -325.0319991727773;-285.5386545060988 -550.0323695079742;-52.52862009487083 429.5272115935951;137.4327094089355 108.62515606535995;-708.0098070763945 570.058376294341;-443.1075923798628 -253.05136555262328;521.204475289976 -722.7275064172951;797.2050651808564 -255.22770281144145;536.7057392354845 527.359134377295
1000,11,6,LXSSA_REPAIR,1176.5307519063645,153326.58064809363,1.8988101199999925,,6030,6030,0,0,100,0.0,1,-909.9285705433005 -235.9890883409293;-565.8964275693202 -257.7079989175851;164.82435392118438 -248.2040128553134;715.9904390587681 -692.0882896468356;158.07091615523078 662.4898395116224;712.8262258072388 317.92014661114666;-24.252618840078284 357.719734838326;985.5365667576908 158.44221908240195;-551.5457723944065 528.6965636168705;-239.10183317233538 -345.3033087928175;445.1957457184128 -529.9106158004295
1000,11,7,LXSSA_REPAIR,915.3650808136736,153587.74631918632,1.8988101199999925,,6030,6030,0,0,100,0.0,1,748.4487762077257 -657.6139254112002;-256.23720770880095 296.85409675464814;753.2450607778239 320.95037193979425;-712.1842955236709 -295.3942766861412;950.0761302334174 -312.01797817336404;-518.49942564472 37.20305149290697;387.3672523033362 229.1471996981007;-259.1031151170302 -844.1414647785003;-29.754934634881554 -438.3220315867245;-981.345128750213 157.18906442766263;399.2721933346324 911.1502376331708
1000,11,8,LXSSA_REPAIR,2030.7409718385895,152472.3704281614,1.8988101199999925,,6030,6030,0,0,100,0.0,1,-445.66777177754034 668.7104011097493;469.71065553031036 552.715893635527;-641.8691543554199 -37.20140620490437;679.9471158965341 184.9396634336526;-314.1541132123462 275.18051842021737;-365.79902328154037 -663.2479820716154;113.17594711087918 -274.63765235166994;-893.0595676894917 -303.9301674509676;42.79786822500932 982.358724753786;166.6815022581098 640.969820702409;-57.36698041202511 -592.9170829944175
1000,11,9,LXSSA_REPAIR,928.1487594229112,153574.96264057708,1.8988101199999925,,6030,6030,0,0,100,0.0,1,869.3529420934639 -163.8776280048666;-287.37259766519315 -848.8666487927434;-266.52960126219773 323.6563066417525;242.66888566795004 -561.9185965837314;-998.5446343108588 -21.571596110720808;877.6682809177323 479.1382204901233;-18.66349032485786 -111.95009087711774;258.5597218958848 818.431722037979;-766.0765460557375 377.8800556434851;-781.4942642981772 -560.1877735030179;545.1519327187989 -92.84099833854522
1000,11,10,LXSSA_REPAIR,879.761000444938,153623.35039955506,1.8988101199999925,,6030,6030,0,0,100,0.0,1,990.5927758869149 54.89003410587578;-725.3227352811114 -630.9289189402243;786.610383773543 -325.97476836755123;-259.57258396758704 -609.5885685721904;537.3147204612839 149.09734253406907;193.11343567341402 724.823032579419;221.00709998007332 -907.6724593872448;-251.16592430358898 716.3412664458922;804.264848258614 566.3729097389916;-689.3444330260592 669.7949950516734;526.2732021450372 -592.9737209899127
1000,11,11,LXSSA_REPAIR,870.0947747793107,153633.01662522068,1.8988101199999925,,6030,6030,0,0,100,0.0,1,689.6318983766964 459.28749385701906;-775.9006053546834 182.0951766345554;-531.1554066798909 -479.2045760087921;-980.0005628720064 -198.99459823880858;878.0316872145652 -76.84578982529234;338.5468148732478 -549.7996790484517;-523.1214455731267 700.256710699136;-178.85361356625108 187.97117577284854;-174.77701860467477 -849.0525477884671;672.7051969390004 -739.5405106239419;126.37934558116115 116.61116022422016
1000,11,12,LXSSA_REPAIR,1264.0830081669849,153239.028391833,1.8988101199999925,,6030,6030,0,0,100,0.0,1,-394.4097003082579 -473.0653634958667;-18.984640802849157 801.3358312619187;916.807026458504 171.72869451168953;-220.38933900341283 56.78758508501427;300.38945059618214 -604.7285937982107;-449.6855721273423 869.6104844618226;-572.4813357673918 -815.3867433271771;905.5626697428524 -424.2125070860092;468.61885215578496 44.23952362350422;-969.1719805929639 246.23526403121076;645.1921802114474 594.0668548816253
1000,11,13,LXSSA_REPAIR,893.702982988616,153609.40841701138,1.8988101199999925,,6030,6030,0,0,100,0.0,1,99.49927905238569 -990.380665001906;-294.8494714248278 -609.3226782347313;962.7313297465155 236.85347484701123;-494.32485325563135 -42.374879075102214;495.03908859274236 -216.505005987432;-991.6984283945739 50.01622703783391;732.9249588115379 -632.2249932496592;93.09702665909683 525.6646881916787;-141.16452778132748 -128.52639223840617;-507.2640247810898 -839.2348258016646;-835.5990430623253 528.2849541583953
1000,11,14,LXSSA_REPAIR,829.8219367842539,153673.28946321574,1.8988101199999925,,6030,6030,0,0,100,0.0,1,-307.94754071594207 91.901602068923;590.4076813594166 800.9620098856384;-612.5128869011434 -763.0692821716577;-8.43087283139192 -931.4855137406338;994.0795933952531 -30.582742735482203;808.180091275911 468.5613831334585;-4.886097358599248 936.0284546381273;524.9349936727468 -817.1305928647771;-807.436250440758 -407.03135971857097;-995.3604453841368 -74.33927915822903;-329.0065987154121 -938.4428142583682
1000,11,15,LXSSA_REPAIR,1027.1272266802844,153475.9841733197,1.8988101199999925,,6030,6030,0,0,100,0.0,1,248.40687093657994 728.8544664648612;-861.8935243524561 430.8527857059237;-877.2199747591947 -476.088003326628;310.482308754181 -889.3326058120358;-115.20674401931315 945.5961003878223;-99.23153110944975 -293.25105541115454;387.5209469911829 444.6633437717335;790.9715496776868 551.8336911399304;962.6815885368469 263.57642181689295;579.2498698753081 -99.75603009097472;-428.011523961447 -903.7731121154385
1000,11,16,LXSSA_REPAIR,1000.2194492994169,153502.89195070058,1.8988101199999925,,6030,6030,0,0,100,0.0,1,832.6623752689908 -340.11563004436425;311.11420566793953 -625.8535072747251;-468.5596702515848 -87.94659657034441;-667.2052135467867 -744.8737468488175;-280.59554559391063 491.22872730386604;-673.7781136698502 511.746747375769;-266.1301909203335 -652.9384951026489;-999.2673018795043 38.27348160875276;627.2823294723293 302.75706880185055;370.095064701069 894.0786256243114;-166.18099756208645 789.6093910331118
1000,11,17,LXSSA_REPAIR,827.8282863736968,153675.2831136263,1.8988101199999925,,6030,6030,0,0,100,0.0,1,131.97592028986674 -909.4602593571664;322.54201714055057 -230.61488785763825;979.3379152955983 -178.85437366909315;523.0984887483386 473.00639243720497;-973.5737028452164 -149.45392309443764;-213.1227301186284 656.2506484106254;-531.6896291386521 309.4382669146037;-215.70080864489364 -261.28297165514834;759.7360716948533 221.43759830451256;-738.670473743108 -386.8268410236205;-724.393443080028 667.9150163837907
1000,11,18,LXSSA_REPAIR,862.4809495621885,153640.6304504378,1.8988101199999925,,6030,6030,0,0,100,0.0,1,-482.8740612691456 229.98376870624048;461.38754445360047 -835.2325000544547;75.84175956053795 -417.8074331959132;853.6411944840023 415.51830087268615;835.9174688772878 -479.5358266834169;101.5765377767318 485.9883789110984;-215.11641031712378 672.8860060582767;-878.512114666545 -469.22663818495465;-177.69899933156435 -824.5650355579756;-711.5613527567186 -176.4021816097625;438.24558067790014 821.714560898447
1000,11,19,LXSSA_REPAIR,926.8065538808004,153576.3048461192,1.8988101199999925,,6030,6030,0,0,100,0.0,1,290.93992123865786 -815.2250183259886;317.7729524469759 847.6837443584003;-793.4379380065384 477.9616175532985;26.81059775297001 -359.78474197511594;996.767145810628 54.107630233422135;-206.39143942786316 -777.7499476523493;303.61177383618667 187.66672132657655;-267.81401038472484 806.5347443086177;-471.5745201538466 131.14203876020224;-974.0575405850205 -147.07402072828418;794.3138285343623 -298.7596595401232
1000,11,20,LXSSA_REPAIR,1133.4610654045828,153369.6503345954,1.8988101199999925,,6030,6030,0,0,100,0.0,1,980.215652822319 197.93249849914727;356.9330596068965 -144.3870787073681;-18.208857987056334 -754.2208459690889;-688.9553652806197 -17.973862779421886;39.74293041329493 395.95582209995;-999.0583356736806 -12.150347355417809;869.8724274383463 -105.0585154803731;714.5047685245308 -624.4129931117974;-441.35215663935423 858.9826870438947;-113.94078951963202 854.6398214229628;353.62911052890814 925.217612614565
1000,11,21,LXSSA_REPAIR,932.143112238613,153570.96828776138,1.8988101199999925,,6030,6030,0,0,100,0.0,1,34.65730999493906 171.68035327195213;-564.19944890087 2.0837404000436206;224.18916227164806 877.0838462048416;989.6862735627817 143.25176596553962;264.4428032046725 -544.1770999858769;789.489917054223 -547.282516620871;-191.02210730006772 -537.2963452232631;-555.5795996407991 816.1162941592811;38.12404277547464 -983.0795947697612;-745.8226101187305 510.2602744474705;531.8727202241232 276.7358730229974
1000,11,22,LXSSA_REPAIR,920.0416054498928,153583.0697945501,1.8988101199999925,,6030,6030,0,0,100,0.0,1,-131.26912553834 -654.3495074525437;497.7755859733184 445.5029620449374;-769.4179937864227 638.7456072942313;258.71411915064607 849.0142955143045;-989.6232871600871 13.387542041231539;814.5446577486052 -341.36768378702857;-122.4229238309367 469.1010666549383;-467.7100903181086 -36.99126431958159;-456.3004149483744 652.6186985871124;978.8054934443469 171.1021126404507;227.85825822447666 -657.367062179688
1000,11,23,LXSSA_REPAIR,920.8758539214614,153582.23554607853,1.8988101199999925,,6030,6030,0,0,100,0.0,1,756.6805701011785 -90.57427908443239;-980.9880302404222 -194.06824708080498;192.14596540154008 249.90304112560216;502.3371453698031 -503.529085594549;938.4132854357321 220.1791609497734;-128.35093566454051 -338.08085493135997;-144.87250731390074 799.7676351760241;526.7999395579834 618.8950463333503;-849.8728018826366 182.21368056237958;-616.547649295284 -595.7540242762559;-296.6093428229904 -931.4606160051395
1000,11,24,LXSSA_REPAIR,912.0440062050184,153591.06739379498,1.8988101199999925,,6030,6030,0,0,100,0.0,1,-404.654443013018 633.867891250316;-259.7871122148381 918.3293392918705;104.00623268615122 -615.9700536478454;193.25192879077497 931.042153782066;-372.1257108965116 -885.9712836522566;784.9075473903417 -471.4142495172575;-746.112974157067 -665.8193672419688;-967.6399281014304 -252.33480332217775;264.32057083011426 -909.232347652652;-732.637644783462 641.8595208176979;962.6545538221947 -164.9028263362997
1000,11,25,LXSSA_REPAIR,706.8107085926749,153796.30069140732,1.8988101199999925,,6030,6030,0,0,100,0.0,1,-438.73465284867495 745.2681018207278;96.76747432177729 -185.1749855790665;-785.3096603075033 -333.46386951515376;995.245972325949 -80.88542423747322;-460.89245345711976 -882.6040180583168;114.54134773441254 878.5946155557724;-203.63820114423584 -10.141454091429036;711.459671582726 501.43528142765723;707.0193144244923 -564.6980703435532;-973.5633484636983 187.70562070632596;399.5142141874433 -8.721100445599557
1000,11,26,LXSSA_REPAIR,1064.9685197806975,153438.1428802193,1.8988101199999925,,6030,6030,0,0,100,0.0,1,-281.2103554336277 678.326114956206;773.8821444916179 -476.94780481437755;968.0380994411989 236.11328781888207;491.7674977117529 1.354563035753368;-111.02621195268678 380.61183331258763;205.34077579556111 557.1157893240413;-999.5093127817482 -31.198081590717063;-377.0657398211487 -615.7129168247526;-183.76393303379862 -982.9692136133535;-819.1605820827056 530.3377817680363;-830.9588279600993 -332.1170042999318
1000,11,27,LXSSA_REPAIR,1215.0079924314632,153288.10340756853,1.8988101199999925,,6030,6030,0,0,100,0.0,1,851.2286373167248 -341.8314076673003;-187.5440919184424 -386.7183907521897;-726.8402062970389 -545.1529201086037;414.2703204699202 -809.7165992875409;485.6857931300302 358.82658382364656;-508.3640298297872 166.4511518119916;651.1184277122379 14.767652501154961;330.39171354165154 838.7098009324736;862.2649637660228 358.6721649644067;-177.48618503672733 811.0830389244816;-920.4609738884973 -212.3597421220195
1000,11,28,LXSSA_REPAIR,1129.711760589562,153373.39963941043,1.8988101199999925,,6030,6030,0,0,100,0.0,1,-462.9233113120675 -111.62899893752429;452.49356925898473 -601.032299246349;142.24157570202212 731.8263400685858;-129.02659774932354 -923.1862146403986;785.9601564814737 155.15550616348645;-820.6190155423184 521.9189557945402;129.31378864527485 -74.58829417135703;-466.1581906294282 739.2508531288598;940.0448908730087 -111.57018862560868;-833.8920857800186 -510.45777069514963;-140.7488550719806 205.358032085562
1000,11,29,LXSSA_REPAIR,943.166390434315,153559.94500956568,1.8988101199999925,,6030,6030,0,0,100,0.0,1,339.73124742480275 -413.98719547304046;999.8637642973873 12.781010887369733;833.9630308667114 496.154993941817;-771.7987167134685 -503.8192923105469;-388.36760861432873 107.20974954956073;-974.142700703949 78.73619426916343;547.7963444921041 -814.1848202632282;87.69685647248036 -160.15689309264158;822.8861171120319 -537.6714166909738;-398.8293349939748 -900.5667518250118;75.94464176337027 -928.3992743403512
1000,11,30,LXSSA_REPAIR,749.272421183734,153753.83897881626,1.8988101199999925,,6030,6030,0,0,100,0.0,1,-792.7521167585082 560.3671656514902;418.8513030432435 -733.1056187312541;981.2954688923504 118.73810406120744;34.93930841525199 999.3447866111644;-468.955465261439 878.8084191992;19.49264927068356 -353.180661823518;-980.6560608917816 -24.537483558509827;376.47382024731553 922.5035727359232;751.4481838249692 551.8873169183668;-208.79081972260056 22.003758687760904;760.9230946519078 -629.8134222631222
500,10,1,LXSSA_REPAIR,3050.7741012183837,137406.59989878163,1.4768032313666482,,6030,6030,0,0,100,0.0,1,-324.4518364966921 -378.2136331447264;-309.7593968201608 243.5143156696647;-119.28461564361395 485.5625900932307;79.8020710142864 -457.3782629518783;-126.60976858007352 -111.61449883053595;82.94514880393312 170.2571816291537;266.5289569332753 422.6352772137513;249.4498805861134 -180.91517277510846;428.4045796453941 160.21176576401592;-481.4425273187644 -113.2249705791641
500,10,2,LXSSA_REPAIR,2256.4581288156915,138200.91587118432,1.4768032313666482,,6030,6030,0,0,100,0.0,1,16.88226705744412 -288.02568643654706;-316.46536223722734 -278.44725095305813;355.8254695862122 -282.73204199227894;-494.966424256742 12.812817316461508;367.6721820961866 321.3323251892969;-307.19711460401896 333.93061553802454;-139.2092915242201 18.635055484318432;31.61300624868414 333.6928497085708;499.9715588995567 5.3329439849924345;190.48102943856202 18.200006591937175
500,10,3,LXSSA_REPAIR,2692.2798134786426,137765.09418652137,1.4768032313666482,,6030,6030,0,0,100,0.0,1,483.4532240812636 -122.50346429018524;13.669513979880284 149.78276421028912;7.454793632406908 -423.884342066349;184.60587663366172 452.62152620738186;-327.3441372511793 149.59700280547887;-171.4483487244942 -148.80218346592636;-173.90908186662935 446.0692664850366;-480.50042392974757 -138.27132243262966;335.6194364347822 150.36123133960078;171.17843155927653 -146.55626828075563
500,10,4,LXSSA_REPAIR,2270.270023981895,138187.10397601812,1.4768032313666482,,6030,6030,0,0,100,0.0,1,326.43367191019973 -247.07082897332177;336.78015465955644 351.37257559457896;0.23190522811276473 -246.21150147934412;-487.585030803223 50.85565626323322;-321.7221766577359 -252.3583270439904;-309.66344353530644 349.4085437278063;12.509750635909162 354.07708753054595;497.39401362135874 48.10082758634298;-152.61997239191894 49.59204507398362;168.9378175728128 56.93386001342451
500,10,5,LXSSA_REPAIR,2162.694421509397,138294.6795784906,1.4768032313666482,,6030,6030,0,0,100,0.0,1,-180.3162070825925 -17.32123325477197;-17.248724798454326 -324.64156913375365;-4.045150370579871 297.06833838185355;-499.4747625944077 -22.911027025521026;159.27484208490418 -15.31191720528425;-340.40296367197203 285.7410399858962;336.0552555525618 292.4655674498719;499.98146037102 4.305726673208611;-352.19295176986395 -321.09922004429615;325.2486755985204 -315.45048524029596
500,10,6,LXSSA_REPAIR,2236.5986361026007,138220.7753638974,1.4768032313666482,,6030,6030,0,0,100,0.0,1,-342.4342726855175 -280.14158449538627;-22.541026780900605 -283.6531138100625;-499.5653106042748 20.844674160426948;-176.29269763448175 16.134725059424735;147.840536125055 21.20810130087628;330.34556201086207 316.62797783179735;-332.4266154787926 306.40203663529525;-14.154291044609478 314.70720953034197;318.74423555484185 -293.30044356303375;494.51595236921 21.026044607524874
500,10,7,LXSSA_REPAIR,2304.570725986356,138152.80327401366,1.4768032313666482,,6030,6030,0,0,100,0.0,1,-347.38803022267155 -352.8086473179393;-496.0531687846815 -62.699710834072455;317.35931104010075 239.54136625754685;-11.570050538893083 238.35728597573075;490.08911127529905 -50.081337267702;-188.01661501768055 -69.87395130351608;-21.37784378222523 -366.37961278451263;148.91816741878333 -56.200705793043674;-338.9511883061954 239.34946939161173;304.9594349529587 -354.63939216001296
500,10,8,LXSSA_REPAIR,2215.467806487024,138241.906193513,1.4768032313666482,,6030,6030,0,0,100,0.0,1,-318.9649550882294 318.56568458227935;7.213448595443585 313.7098780568223;166.64215132098946 5.282270211376389;499.98177440315067 4.263507202320634;-491.7735731400674 10.822095434530647;335.5883564088007 305.3099896850602;-329.51136511855543 -299.21848986717146;323.8739625540783 -301.1512161709468;-161.5777872145889 3.2219349666879182;-0.9322503798436419 -302.8685863726371
500,10,9,LXSSA_REPAIR,2484.8327024707105,137972.5412975293,1.4768032313666482,,6030,6030,0,0,100,0.0,1,-165.78021367727192 -84.19828566794219;166.2092262366162 471.5121755124492;-486.45680189289465 -81.89860950280661;-326.1381722022441 -376.86381260953544;478.8315451639761 -82.0937067440836;-14.671691708023605 -365.4857629158439;-1.6701036053092229 205.83962444060873;-315.88837492688714 206.20036300034926;154.50807794237767 -90.35496280995243;316.11737077593375 202.45097595210177
500,10,10,LXSSA_REPAIR,2906.9110463476973,137550.4629536523,1.4768032313666482,,6030,6030,0,0,100,0.0,1,113.69394559120414 443.9585044667372;-47.913809680476504 142.2727675462082;330.3668226255959 221.5970768406939;-66.1860493303155 -492.3354350383727;103.49681600196129 -164.81673253457208;478.64376984109094 -121.34087183350535;-268.3398982725552 421.8879379283694;319.06012373033053 -384.8532600850449;-447.4359468836228 126.89881238017766;-269.54291262417485 -197.23082445688243
500,10,11,LXSSA_REPAIR,2365.163439361728,138092.21056063828,1.4768032313666482,,6030,6030,0,0,100,0.0,1,341.64091367503534 348.8969267578626;-492.4953725594345 84.4524600467037;-176.47542739474216 68.5948781108414;180.15530450652966 55.618896924811274;-12.742236798986955 -297.2772809263779;-332.3311704946549 -230.90534409589125;-321.6035462253096 381.03575351825526;-1.9135857860898753 379.8243159906452;330.5565690707844 -237.2899169187522;497.31792194931705 51.12618448900328
500,10,12,LXSSA_REPAIR,2391.907195082662,138065.46680491735,1.4768032313666482,,6030,6030,0,0,100,0.0,1,-297.3252015396301 350.8804262746088;341.51390364985014 -252.10837470673636;-307.5106077505686 -234.77316843525182;-145.70493740053917 47.45808541871401;181.77102261929065 51.37595831845483;18.204029943525782 349.28826245511283;352.2622517507041 338.4989328359566;496.50991493511594 57.39131677170742;10.870333246113908 -241.89232068630366;-474.19525315009423 60.273903049780486
500,10,13,LXSSA_REPAIR,2301.889739395556,138155.48426060443,1.4768032313666482,,6030,6030,0,0,100,0.0,1,-177.186040173025 -39.28714729878682;151.97900680781274 -42.50414523062406;491.3043864110307 -59.837464255865555;-337.7839137522542 254.36560850294475;-7.876512033384017 253.82840952207232;-17.83018092632226 -337.52606494519694;-345.8044987475521 -331.06407434408027;317.009586202862 -357.17704085647637;323.3833234734792 249.4720707222558;-499.16409441709516 -28.899945411042484
500,10,14,LXSSA_REPAIR,2598.0569707970426,137859.31702920297,1.4768032313666482,,6030,6030,0,0,100,0.0,1,-308.60290133710487 159.62456266612287;485.93212071637555 -116.0946627016605;163.4580318010287 -113.9797327427246;-319.75498782229 -384.3913991789712;-156.10935944821165 -115.70607260038334;332.52730794212255 164.15636729257005;-469.905392381703 -113.40510233639559;174.60221686176607 447.98218792420295;-142.57517423292086 429.7850359714214;11.645771444502524 159.31854281283145
500,10,15,LXSSA_REPAIR,2828.496612822637,137628.87738717737,1.4768032313666482,,6030,6030,0,0,100,0.0,1,-3.6449642304774574 -150.05574679819497;482.0346592487143 131.83352636109717;-163.0360526166919 119.31279958608252;-330.33773925476004 -160.51221250798358;178.2089863345372 -450.2600711735247;337.2435672076412 -155.15188493384062;-0.07445624373766398 409.3260608652642;-488.25440915491157 107.73521058407707;174.0354275008954 132.52278728516887;-175.0092285013329 -456.5452682699381
500,10,16,LXSSA_REPAIR,2433.210723472759,138024.16327652725,1.4768032313666482,,6030,6030,0,0,100,0.0,1,495.934774547398 -9.265988056654507;16.866614321997268 -270.1065280238119;-303.19649022399676 346.72434001806783;331.59269412764763 -291.33441610678057;347.47410138622996 326.5613389775528;-137.92403881875086 41.76001767873905;-310.9525114698055 -263.7590824907966;27.123219210837423 332.12471954195894;-489.76939396063335 47.02417806259191;182.36489773685324 24.66740210199269
500,10,17,LXSSA_REPAIR,2821.964314468933,137635.40968553108,1.4768032313666482,,6030,6030,0,0,100,0.0,1,-172.52357472570574 177.12537530039947;358.2258418828343 -158.14113954789204;-478.7578748840854 144.19048941062096;189.5345223848866 -431.7139125849098;183.50773307842644 191.12178861282575;-353.08729595040734 -142.18778949229795;-187.99197491505754 -435.5646940923521;484.2322978143317 124.57252970852537;-6.302090071530925 453.4966498572622;-8.846910939910572 -127.86991658513206
500,10,18,LXSSA_REPAIR,3338.524989865953,137118.84901013406,1.4768032313666482,,6030,6030,0,0,100,0.0,1,30.88988336859673 164.5672385696119;184.21621990678727 -111.1563233431879;-310.2833481315124 162.34357555220814;28.06310468096589 -411.62670497261405;-156.65000036172785 -116.79118782479874;-151.4886401680771 453.019989181763;-318.091107743013 -385.7694222911179;-472.77561106727154 -114.05584271476656;199.56892008759044 445.0584713502674;344.6047112300222 167.527324054796
500,10,19,LXSSA_REPAIR,2209.4055848906573,138247.96841510935,1.4768032313666482,,6030,6030,0,0,100,0.0,1,499.92192087556435 8.811841512405532;-361.7462395568008 -345.09413140894344;27.60788916923383 -444.5969656328783;350.97771181321104 -356.11039591062325;-499.6820736430614 17.823267709916482;188.6165024735207 10.657553041554968;-351.0922040248974 355.9693894861011;359.8199150183214 314.1340512696691;-167.15217644381283 8.327412722882;39.517978069123394 374.4366741722821
500,10,20,LXSSA_REPAIR,3478.4188748568704,136978.95512514314,1.4768032313666482,,6030,6030,0,0,100,0.0,1,-312.7864357084413 154.72808193721525;-319.85956062964664 -384.3043864878586;158.22851776384377 -121.46924949608707;325.79229130628534 165.53900315185115;-164.68265841000454 450.1617097127514;-165.73384566641172 -116.33979253504604;10.970430048019905 170.1322439707121;474.29815870192647 -112.78612768885363;4.90242690383296 -397.5021653780971;172.53723889239535 444.6160764781176
500,10,21,LXSSA_REPAIR,2303.497694784048,138153.87630521596,1.4768032313666482,,6030,6030,0,0,100,0.0,1,336.27155779629663 -252.2066336518094;496.7663579522753 44.26317401049202;345.73495532291446 340.1143560335864;181.49359498724294 44.964939640822756;-314.6085978190236 -251.3614236413499;18.068712367502798 343.93690669386416;5.34013782238266 -258.98815790968706;-153.60724869738775 47.57485464829075;-303.6578953784225 339.3970766543687;-480.55516082159824 41.93173728912684
500,10,22,LXSSA_REPAIR,2216.9519490121165,138240.4220509879,1.4768032313666482,,6030,6030,0,0,100,0.0,1,497.0376186321193 54.32753042852715;-332.2302876595361 -244.27412286123524;20.47995285043738 359.8903674974847;179.72012850226264 57.09400526867146;-151.3860893282721 60.01883898781295;10.057875503059238 -236.99892260605202;345.626249104818 355.41406998359633;-496.6296728643028 57.951256277644475;335.98530595620855 -230.95792863813546;-322.39829545340143 361.0403660558159
500,10,23,LXSSA_REPAIR,2284.797450172424,138172.5765498276,1.4768032313666482,,6030,6030,0,0,100,0.0,1,-5.457924625700287 -354.1415361571245;-341.78132523688055 289.0448837607494;329.8626709768409 -360.49787478467925;-178.1782769711355 -40.90771572175723;494.52054435873447 -73.81978887571276;343.657708881597 266.4669019797194;-352.6342315625495 -343.05105007412203;166.21910533831547 -47.24498445773647;1.6657010113995983 296.3100121575834;-499.9981511751954 1.3226788854221008
500,10,24,LXSSA_REPAIR,3599.3536351229413,136858.02036487707,1.4768032313666482,,6030,6030,0,0,100,0.0,1,-79.49034210209095 127.0456796245821;-79.8488551655313 -463.7910813552641;418.19696852136076 -165.06447204107926;-260.618368028108 410.38445948929535;-423.0641870374913 119.51988695748477;258.5747603061842 114.07023954228022;75.07271820515699 408.73274130578596;252.43962054939414 -431.59499299328985;-256.3277572181318 -169.0467809618755;74.02983107428913 -177.4800717878948
500,10,25,LXSSA_REPAIR,2238.809338910127,138218.56466108988,1.4768032313666482,,6030,6030,0,0,100,0.0,1,-325.3129453029618 -284.74491270141806;180.87234208191018 14.540247893546086;19.076147785227896 334.4641886903911;7.208518305281606 -299.9790607536182;499.81482393095854 13.430130905597517;-159.7860075124904 18.743401863527108;333.1088160895648 -287.9037619428745;-498.5274160870863 29.900928707921313;-318.5015828338663 351.96558396186106;343.5577060681238 310.6840224052737
500,10,26,LXSSA_REPAIR,2222.633614907798,138234.7403850922,1.4768032313666482,,6030,6030,0,0,100,0.0,1,-497.65531066246285 48.365002507782656;320.2447002435687 -249.0610811329694;164.96472742123328 54.33696832630535;497.4380074606049 50.5512485861937;-168.09387305266 45.94701421490094;-321.7602207440552 356.02769734663525;-330.08833092625497 -245.9777924402321;11.884108822704544 357.2874762297451;330.1731673302594 354.3805572156263;-0.8725879164614356 -251.2456102767528
500,10,27,LXSSA_REPAIR,2773.210041453014,137684.163958547,1.4768032313666482,,6030,6030,0,0,100,0.0,1,201.00826837804541 406.94204191585766;-359.8661276111555 -307.3649807466971;41.03863737453341 138.095259829944;348.93249070373827 127.16648143426006;-356.33787824447364 288.08338945220277;-104.05236219867045 466.56319537432336;-93.96942648778301 -462.82121945580604;-499.1230144136918 -27.010296307563912;198.9875008943964 -309.10223350817324;475.76143882620147 -153.78898961246395
500,10,28,LXSSA_REPAIR,3516.52947395129,136940.84452604872,1.4768032313666482,,6030,6030,0,0,100,0.0,1,257.4475554229165 -428.6125555186163;-264.435619928977 -153.1735338083779;-80.64341485792411 139.19952392119896;-86.00598651224469 -437.4144220198666;428.12497186541526 -154.31616825784263;264.9902180451107 144.13189465049106;-405.7942530014246 130.4687587490772;82.2084013538309 -147.3165315636767;-267.15097637096693 418.4154436140864;81.53096971489119 423.0439838454354
500,10,29,LXSSA_REPAIR,2155.795024107705,138301.5789758923,1.4768032313666482,,6030,6030,0,0,100,0.0,1,499.6747146661544 18.032674672985298;-182.84263059629032 7.576783598193071;-353.8149895022898 -299.4371177902874;-12.373745543652472 -302.8512643317211;330.9069122248178 318.7569510201469;-3.0108526591382963 319.6989519235983;-499.98721555662075 -3.575511143489878;320.91878371817063 -293.6650637839298;159.62768669385477 8.97621291060916;-340.75277254027503 307.01518835344183
500,10,30,LXSSA_REPAIR,2157.9136390091157,138299.4603609909,1.4768032313666482,,6030,6030,0,0,100,0.0,1,335.6937688823301 -356.4847637125188;498.3305946078631 -40.8238835258125;11.186000848511766 263.9369295524068;178.83284012304082 -48.60984268236191;348.08141499354866 254.68566649809077;-323.69071485275686 265.8293178754298;1.5949415553045971 -358.20738749639935;-497.165141318715 -53.16786865713322;-160.8589432436261 -52.761983221472356;-334.96406490424187 -355.4006748239908
750,10,1,LXSSA_REPAIR,1214.223382386146,139243.15061761386,1.5343258710666607,,6030,6030,0,0,100,0.0,1,422.63698104373884 -312.9016717920184;749.1586160931033 5.0363029924861396;-366.29495116038987 101.00246318796667;445.1255559459015 506.8801624517984;194.1678036496507 -556.1703178276545;209.57864963093334 270.0770650986157;-565.8214571935648 -254.07972110285704;-101.43392799973574 593.9695737610059;-744.8744859830714 87.5297649364553;-112.48315668150813 -270.9908047955598
750,10,2,LXSSA_REPAIR,1675.1932028026786,138782.18079719733,1.5343258710666607,,6030,6030,0,0,100,0.0,1,296.89518625327446 -10.678531888604963;-215.42628028808005 369.6557187298314;122.85693694652831 277.09358705451046;-322.8755683954979 11.515589085570523;-722.6719853877205 -85.1628030557942;726.0795733988535 107.95125916176758;543.593211069209 -426.29592484394516;-334.2009999976157 -619.9459783959556;-590.8083663732714 266.22751929965096;556.3966878118338 399.952118283618
750,10,3,LXSSA_REPAIR,1133.1265602968342,139324.24743970318,1.5343258710666607,,6030,6030,0,0,100,0.0,1,26.70114278898502 642.0685725445406;-738.3159114810593 -125.18836289228129;406.27688076760535 629.9415776287377;-485.4618667940635 321.8198999680271;422.01979025950163 -577.140468619512;-177.1604165041622 311.547718433565;740.835880368128 42.44334483955499;-495.2313729558444 -556.775517814717;2.449084929201058 -150.89392518241382;218.94407027555187 68.42244193456828
750,10,4,LXSSA_REPAIR,1639.955125092587,138817.41887490742,1.5343258710666607,,6030,6030,0,0,100,0.0,1,-408.82964131685833 565.6388996830178;345.8851601761518 367.8579655624814;-430.1797667773244 -138.89203100022766;327.7940553494445 -472.42052972700117;519.3343712660231 -174.3329667386586;-601.2223444959745 -423.96601633954486;-57.37072129087539 -547.3135022605977;-738.6810401693301 -129.80878589046443;157.14264744252364 21.543578318889764;-270.3714971996873 135.4667521106432
750,10,5,LXSSA_REPAIR,1376.2574262513954,139081.11657374862,1.5343258710666607,,6030,6030,0,0,100,0.0,1,523.1720919491751 -125.32761136157619;-234.94088449137283 282.0006151624415;300.4196132910245 -665.888842277592;-204.94517076536064 -721.4551108558018;-497.4397749290901 545.7772959217721;97.9213374146047 -15.020517697199999;-42.860543378077324 -435.82023465332475;659.0262034814502 292.069560135739;293.1990410757641 658.8658667270792;-679.0218313125072 273.8554385190167
750,10,6,LXSSA_REPAIR,1131.19999110169,139326.17400889832,1.5343258710666607,,6030,6030,0,0,100,0.0,1,-487.0905840235459 551.4242856986117;579.2544163122474 237.37430660104516;-277.8790825371995 203.6120997493956;14.45668884831282 705.9476431817249;-0.12385367260824276 -66.19977320861878;380.7064635766599 604.0249799436899;-8.408508128101463 -711.6710101117109;744.7084820077008 -88.93411508406672;-498.4347460467017 -531.0801602404646;372.8587777675136 -477.6471381263142
750,10,7,LXSSA_REPAIR,1384.234395568783,139073.13960443123,1.5343258710666607,,6030,6030,0,0,100,0.0,1,-741.3816302267088 31.881318847753484;512.0556257607775 288.079204424286;143.91440485203262 -734.3597003558376;-150.77525450018916 669.2434042028134;-409.26048586262687 -426.2192435831306;-624.211602775969 359.6920853761966;342.758755408101 -369.11882577414974;114.40378590138256 512.5779077982075;-143.86444638389005 -269.8607283297129;689.4121654022345 -32.83035701256261
750,10,8,LXSSA_REPAIR,1073.5053732169326,139383.86862678308,1.5343258710666607,,6030,6030,0,0,100,0.0,1,154.05305468577484 -248.74818020054934;-653.9958023829586 -253.4445690615159;-236.68648688132365 172.10131403624885;14.091114429616612 -706.3441124383387;156.51882043675977 688.527165430716;479.63592783185476 -576.5842321230054;485.7925647737951 371.0852464699586;685.6161401405076 -253.96558569414515;-413.6963911493665 619.2818909265111;-455.0929873957614 -585.9114408732299
750,10,9,LXSSA_REPAIR,1141.6398942018277,139315.73410579818,1.5343258710666607,,6030,6030,0,0,100,0.0,1,-221.52050102609994 711.3422142326494;134.57144646062767 181.43195111153443;292.5219398546548 690.6014911223454;-587.3244176678543 356.5545169897513;126.49883882377219 -739.2542498710167;-740.6616252217939 -117.97754080669368;749.6842262301534 21.685836299669592;-218.75423124540092 -410.05184888842575;-421.5041864603439 48.083670525043864;575.2687850007454 -283.65098329808666
750,10,10,LXSSA_REPAIR,1811.8683705187575,138645.50562948125,1.5343258710666607,,6030,6030,0,0,100,0.0,1,127.46771732221761 458.86531247979474;472.1371323424292 -568.5056219721938;-365.6567350141181 351.7398412377678;-59.957531440335224 -516.5441322978639;660.9455739624842 341.37581491870384;279.181037828247 26.272533549254717;637.9157278021471 -293.1356754385055;-745.5773634311424 -61.32204537938129;-205.90427418585213 -98.58125209478006;112.63450466030288 -256.6307708294558
750,10,11,LXSSA_REPAIR,1405.3715561438294,139052.00244385618,1.5343258710666607,,6030,6030,0,0,100,0.0,1,-333.5379875435766 -665.0929156616139;-626.8485105623242 398.52459438604353;405.1678740197008 -244.93926493363617;277.9102702684121 -663.2231551977089;401.9418457647603 632.6421343601653;-749.6720290697269 22.176630017784927;749.1694904520252 -35.28525060367265;-0.5044957384230384 404.2396697865739;-222.52544900671353 634.6719275138806;-217.07806752027113 -360.6080118495539
750,10,12,LXSSA_REPAIR,1467.1494512249192,138990.2245487751,1.5343258710666607,,6030,6030,0,0,100,0.0,1,-311.71194201555903 -308.4139259795709;323.5836618251577 -645.4754871370156;375.20213150541605 296.7962965799502;255.21150710310593 635.4421751984821;-732.2908058475452 91.42651573213703;-292.0370204483863 525.9541772727073;8.665807559454171 -7.298017510336508;723.0126181366034 199.36968555169074;-577.7046373909844 368.17789579314814;570.5753518315099 -259.3610774835099
750,10,13,LXSSA_REPAIR,1859.656447068672,138597.71755293134,1.5343258710666607,,6030,6030,0,0,100,0.0,1,-136.3806090632979 119.78675213252404;707.3653821867765 -220.46731492413252;292.08618593866197 522.3755700842844;550.5910272613321 -502.75540615422614;291.3490620294004 -299.08945244993185;716.6544072464648 221.14581899918022;-512.098963384554 -312.48889275532997;-496.87744686246685 530.1496979241142;21.843375242059192 682.0625591847734;-738.20144983659 113.47973053747208
750,10,14,LXSSA_REPAIR,1599.954777369916,138857.4192226301,1.5343258710666607,,6030,6030,0,0,100,0.0,1,45.30041051414324 215.8519741474725;431.7428011354563 -569.4765245552777;-359.5446039612923 140.79786283796815;-110.60381940285913 664.5301699526516;194.39421434957683 -167.8535699735878;-711.3936608846892 232.36554136742845;624.0800305009247 299.3260072694252;198.487808286306 495.70973240314703;-158.03508924180045 -550.9265182893054;-522.613782945574 -343.3862058982863
750,10,15,LXSSA_REPAIR,1120.313676943042,139337.06032305697,1.5343258710666607,,6030,6030,0,0,100,0.0,1,544.6939611694603 -339.0072846271956;736.7084459253117 2.3207734005846006;-494.1338053886969 541.5949530503697;92.4709470671343 -71.4663856013004;-491.2972894726569 -391.8672953673824;-106.63356140418314 -738.6461373546224;-747.7269043039063 38.61634039135787;322.9949123789438 383.51633828840454;120.68878989838662 730.2288887771875;-330.8874216796448 30.875927176898525
750,10,16,LXSSA_REPAIR,1056.3343740779965,139401.039625922,1.5343258710666607,,6030,6030,0,0,100,0.0,1,-645.98699313948 -284.5867008477205;-6.384837696843864 736.4897202411225;-309.81707943200223 -620.6712034019968;-636.4497189339087 389.80087994082874;234.06979157899016 326.156742576413;-294.6450438300854 447.334158442183;743.5294062338755 12.858430695926943;-0.4460338387216528 -691.6802677031889;470.2577818951702 -442.9463604772313;473.6078065743282 581.210887443122
750,10,17,LXSSA_REPAIR,1107.855235781928,139349.51876421808,1.5343258710666607,,6030,6030,0,0,100,0.0,1,-334.90760254828086 665.8148860830025;86.60184062711745 549.2994976858218;359.59842954232505 -190.36914159304746;-564.9069141820107 -63.674185874337155;-340.5559109297827 -480.77742545141064;536.6469977274421 -500.51775917869423;-115.14686359496753 -73.64717194846686;549.4061735480134 415.4212323827943;70.28789605598062 -481.4796359377464;748.2618159249926 51.03190010799626
750,10,18,LXSSA_REPAIR,1153.8317898183886,139303.54221018162,1.5343258710666607,,6030,6030,0,0,100,0.0,1,304.1163359066992 -135.39105632175173;670.8917137244545 -335.2672486296103;125.3327962648469 -697.6934415839129;-253.53532849802215 -668.7358147167505;117.11911614828958 429.8238894348377;-487.68622852747563 31.166954195547795;487.3082644661435 201.52599390449186;-281.98834791439884 657.1199784871577;-650.444649263665 -270.25356620035717;-64.79582985847462 -93.41834820425869
750,10,19,LXSSA_REPAIR,1607.878373826621,138849.4956261734,1.5343258710666607,,6030,6030,0,0,100,0.0,1,235.8286658811913 106.09829689673215;5.174578373080238 -112.33527235764203;-422.7992871809078 -108.99430079163128;689.2767311842318 -26.02495421724034;-724.3519909812973 -174.04934571288035;-166.44256875207464 368.6703169822884;534.9101379608627 -520.5341232766903;249.4961307466234 629.8472043085555;226.7146633010903 -705.0527907616229;-166.24677619104006 -609.7074564368487
750,10,20,LXSSA_REPAIR,1141.7366392029217,139315.6373607971,1.5343258710666607,,6030,6030,0,0,100,0.0,1,117.90876712134401 714.4422572086087;-516.6285562661435 510.1890076330652;-702.1733038575042 -124.26435677025111;377.5299341983558 -11.213609735713813;-235.38368216536946 355.5262857632637;-237.58888057257522 -553.4393956600211;111.73886804401016 -299.50758476658433;592.6846185708994 -394.56866168963495;607.0944657501647 430.3254119539821;745.921022127947 71.53122728771636
750,10,21,LXSSA_REPAIR,1300.6451692781702,139156.72883072184,1.5343258710666607,,6030,6030,0,0,100,0.0,1,-673.0416867121281 271.5072278409977;-154.03112687798532 -592.8909616948206;389.7749420499342 -449.29349855656045;601.1896922501581 250.21200494513937;218.65622587255532 21.610079519099983;400.75558484313376 621.3802205715957;-478.32915064947076 -243.08835363243523;4.967680590546046 628.8427305781664;748.7208347298714 -43.78483346325096;-139.12666824991217 115.93810011607904
750,10,22,LXSSA_REPAIR,1326.463092766353,139130.91090723366,1.5343258710666607,,6030,6030,0,0,100,0.0,1,300.53823807641686 -532.3344386232862;-122.92506904386359 656.2452666572864;-714.9064315149105 -147.45876657387026;613.5356781699787 -365.88007870189824;-337.0306354570533 -145.04717090068578;461.7751095615833 57.83967318316961;-496.97137597306937 282.4386932991623;-155.37582849920804 -588.6751352158681;68.82142111672437 267.81634264315886;601.7504491614159 447.6527670065215
750,10,23,LXSSA_REPAIR,1017.7623891057448,139439.61161089427,1.5343258710666607,,6030,6030,0,0,100,0.0,1,-539.6766688325488 485.51859882250267;744.2668993413155 92.55489153315845;-376.52827174450385 26.849763521381075;282.9300542466646 693.3009925954963;-749.0543840279631 35.67168452728498;-150.95667541387672 -734.2432946878059;278.0017044080623 -332.89882266101654;593.2124027450866 -407.396325452225;-553.1409615606948 -506.49291865110007;-156.43358712134665 403.25493009894785
750,10,24,LXSSA_REPAIR,759.9598799226515,139697.41412007736,1.5343258710666607,,6030,6030,0,0,100,0.0,1,590.0477666372501 276.00831380966883;-187.34045773866438 -123.62561457757751;37.328936693613954 698.1989763679651;-746.0426121790135 18.131160626215703;369.63912628501237 -632.0398197972363;16.8282897863949 -720.9879291418633;405.41720193583427 603.8039826243372;-425.7955206251623 591.8348903151948;749.9398996820166 -9.4945702865766;-433.40396168458716 -608.4253496748881
750,10,25,LXSSA_REPAIR,1273.9788550102676,139183.39514498974,1.5343258710666607,,6030,6030,0,0,100,0.0,1,-553.7887906206382 52.53980860537162;-35.264866530631934 215.29389686660434;462.8927089810538 561.4937423469697;204.6427835831175 -721.3070916125769;678.7146492216298 -87.93254788810628;-713.1220571227395 -232.28631394258292;-43.3451235585081 -486.9754787882975;434.5142755719123 -504.1302369610446;-342.53400650515954 529.7765753594427;-352.3903331624654 -574.104253682514
750,10,26,LXSSA_REPAIR,1932.7782756250235,138524.595724375,1.5343258710666607,,6030,6030,0,0,100,0.0,1,-605.4426728722517 -244.08578205003144;-228.333544881323 -439.35733233736835;551.5443260789066 139.28791024907449;537.9539926053177 -517.2978865512043;96.32888104343081 -636.9013438512084;108.3796589576902 166.30188697333725;-439.82900275622853 326.9381560035934;254.80261644393136 696.0614997786421;-748.357134259899 49.45394877572964;-223.95383754515865 107.17625429641566
750,10,27,LXSSA_REPAIR,1297.4929096245032,139159.8810903755,1.5343258710666607,,6030,6030,0,0,100,0.0,1,-94.27178659253542 657.0153093345307;-483.53323810347786 314.320648021867;-289.5204303619912 -78.816485935022;200.3900371259743 344.35171308090685;-58.827928993968456 -738.9956467577312;526.0317478825104 -322.3890392120683;-680.965759356199 -314.30182084174305;190.18417304138026 -508.5581539332229;362.66506832494457 57.964555848130324;529.8571959939812 530.8025510106247
750,10,28,LXSSA_REPAIR,1564.4285691028635,138892.94543089715,1.5343258710666607,,6030,6030,0,0,100,0.0,1,136.36342458761558 -179.63902297980655;-467.4820012921955 -40.75577914156217;375.454992705623 579.1573256298373;562.902197473305 -50.29277980094976;-190.92171498240822 270.96017419535485;712.2160159056176 234.66187025908891;27.85615027970338 -531.7551803179878;106.51172118344067 742.3983083836983;-645.5920318839145 282.2470203728733;393.4295046558227 -573.3671996679777
750,10,29,LXSSA_REPAIR,1307.581641874218,139149.7923581258,1.5343258710666607,,6030,6030,0,0,100,0.0,1,-174.15168602435224 -88.08638863862357;-0.024656574371513057 505.5895377360364;411.42496565584827 -596.4849607036213;-323.86260213511054 187.78731953606032;698.9168465176401 272.04018503354746;437.12139762753094 558.6667244887192;-481.97684804131916 -274.6304626374112;239.07597899736072 -313.04263286198574;-723.0359171143215 175.33141316633998;-0.415636646139837 -568.0471308149633
750,10,30,LXSSA_REPAIR,1501.2233863820438,138956.15061361797,1.5343258710666607,,6030,6030,0,0,100,0.0,1,543.64118750106 281.999085843707;-695.1170948240316 64.72548604142237;228.9300711315915 362.21263559545474;528.9516800501362 -428.36355224125276;-243.30826593232013 69.58966426192022;-481.78139784641013 435.5780067126621;1.381671625596731 -415.4528716340089;-245.76236588027962 -657.9516984008092;-476.43830927924097 -327.7299170929248;30.86737988339693 735.0635530048993
1000,10,1,LXSSA_REPAIR,575.8872797914373,139881.48672020857,1.5458876764333278,,6030,6030,0,0,100,0.0,1,-747.881606342473 -492.6835954810341;-438.554052950305 49.10293120669344;125.15679527616193 603.7037076657814;692.861065714059 -392.90018137818544;103.3079764357692 -757.1242260715279;973.8216058014389 -227.31361612166353;413.0597242149125 97.76632796397128;-974.9899701831314 -78.99647974997093;708.2678212390941 626.8854648030821;-266.1567406602233 594.7536640564709
1000,10,2,LXSSA_REPAIR,866.5466838126304,139590.82731618738,1.5458876764333278,,6030,6030,0,0,100,0.0,1,438.3596649772545 -608.9683441377997;664.0152167180013 259.7135291445297;231.4996339755967 14.432430187183163;-837.0241143936605 547.1660003358288;76.00276691230945 281.290595353195;-604.352386720497 75.34637098659744;791.5850178508722 611.0590474856209;-405.11911695273244 419.7442775808876;-833.3281853537064 -552.7785591854108;-208.81259044456203 751.6358395047941
1000,10,3,LXSSA_REPAIR,483.29258967764326,139974.08141032237,1.5458876764333278,,6030,6030,0,0,100,0.0,1,-452.2424210303133 -861.6620567523757;841.9670422224095 536.1170961037805;468.1944588433948 -883.2867191727254;29.001797866933877 -986.3991840138756;-993.732744223349 37.75155917559093;-783.5748247716314 -567.1616034982108;-18.906635516225645 896.9291602125546;480.3532277397044 754.5603367744263;843.1122694833081 -501.272634492512;-779.285683523552 473.67096698755586
1000,10,4,LXSSA_REPAIR,832.2894700809557,139625.08452991906,1.5458876764333278,,6030,6030,0,0,100,0.0,1,-913.1343748181355 -46.60801414962236;-686.1963323117492 -453.6544543827954;667.7865889576458 117.07385240812356;-484.57003396063357 -802.6064656538208;525.8417021991593 -285.7338716656878;881.716778102076 471.7791042567428;192.60470809837372 872.1877843730248;-460.2609115803301 373.2843490894304;-155.33257804133228 871.7049037674717;878.3653866758824 -290.7841703633341
1000,10,5,LXSSA_REPAIR,703.4504116053577,139753.92358839465,1.5458876764333278,,6030,6030,0,0,100,0.0,1,-830.1120173597948 557.3706923729126;984.0210535426189 178.05214456690578;212.6700986396133 184.61743163845065;404.38493898240625 914.2888217467797;-433.4517147528236 -886.6793760940703;754.7680002920267 600.8832171756112;752.1697628079178 -559.4683752559416;-7.888216679983936 807.0973464399854;-985.6125973630664 163.58684383434738;-60.26140479047277 -977.7413474054929
1000,10,6,LXSSA_REPAIR,1096.9823469866242,139360.3916530134,1.5458876764333278,,6030,6030,0,0,100,0.0,1,91.66855022024724 -0.8902539390055928;-104.90069563849592 745.116510494383;506.12940077537377 -709.3125411736136;-141.30846183159608 -357.4293725516472;723.6671853284219 136.36530910470913;58.7055448719753 -992.4257516997444;-954.1634956448197 -95.17201548573563;124.17185783984294 976.9440126002302;944.9208198697784 -271.89965686608457;-550.554690594146 -791.983536051527
1000,10,7,LXSSA_REPAIR,724.8191098554817,139732.55489014453,1.5458876764333278,,6030,6030,0,0,100,0.0,1,526.9671186459339 849.8856722324493;-999.5811403401373 -28.940350314236277;46.169713361762575 -123.92086930211049;501.1352528489076 -863.1531707531308;27.827155294707485 994.4172329882906;-533.6039620510886 842.4916592080757;-154.28889788419676 -945.3087408852467;-818.0032819981122 555.6246980943728;903.869225176228 427.80886360537835;-826.0670867307069 -560.6238837635352
1000,10,8,LXSSA_REPAIR,1106.3419522075856,139351.03204779245,1.5458876764333278,,6030,6030,0,0,100,0.0,1,150.85048828092053 -98.15198673919032;-111.58626195013332 573.1260947763028;-872.3036166721852 484.8731263031815;-531.0032175417747 568.8415192694706;802.8612222579952 594.7479908631342;572.8378038715167 -201.2843495989404;584.3670382376865 374.03936613663234;-180.59343438588044 -671.6067782637203;-889.5539854750505 -299.0849356769232;-563.475949807023 -470.31856232520585
1000,10,9,LXSSA_REPAIR,584.0890595972596,139873.28494040275,1.5458876764333278,,6030,6030,0,0,100,0.0,1,48.64836764399926 -326.12797561051366;-954.996898679172 228.79785390530012;-677.3361811337542 -717.9497508523997;-269.6373852578154 -956.6523275674685;-682.1312955072399 676.82634661273;284.2206760413732 -958.7466710833986;414.6223320726486 909.6817769788452;283.6599826549224 522.4304410509844;756.6190795586684 381.8267498483709;-293.17466857666795 897.8460821765727
1000,10,10,LXSSA_REPAIR,835.1166085911682,139622.25739140884,1.5458876764333278,,6030,6030,0,0,100,0.0,1,-914.8826493874611 -403.7198754703313;-489.68044847916616 -1.7608833201417669;93.67125613387847 -841.7611300255021;94.77537216842545 767.6624292542302;-202.16019108530008 -295.72593168678617;963.9857384084871 109.97703729098733;-901.2027806837406 227.83684192576558;340.7428678010628 -28.536390417535006;617.5509767641814 453.2126805854755;-681.2261874978369 588.2417268727759
1000,10,11,LXSSA_REPAIR,696.6871927313914,139760.68680726862,1.5458876764333278,,6030,6030,0,0,100,0.0,1,974.834442200693 -214.114558936241;-931.6435498154773 -318.8192837454746;488.8083549620653 872.0545423388295;187.40947554933223 -232.82332100642267;-3.5288987835455297 -903.8973118815685;765.5597301639535 413.0182447198194;-394.90025529673346 854.0744445294124;-377.570144282931 -290.91367480997985;462.44901511294256 -779.369957735913;-916.9738199791768 344.043474323678
1000,10,12,LXSSA_REPAIR,830.9254202724551,139626.44857972756,1.5458876764333278,,6030,6030,0,0,100,0.0,1,291.93026021111484 -956.4396076977735;-574.9298071168512 481.0495872000539;-589.294062319731 -717.8570643807775;-898.030656244864 301.74486114253256;981.6821974115245 188.22085702938605;-193.856980452041 -15.576996129857463;-207.02965564946905 -819.8543107718592;780.9127173896632 -476.7227367235246;-193.20392710273762 909.2081323263027;122.83183793500042 -500.7738415763476
1000,10,13,LXSSA_REPAIR,698.5290443499398,139758.84495565007,1.5458876764333278,,6030,6030,0,0,100,0.0,1,-351.12035926603755 386.8276890259154;-840.7412037566374 106.02303263213177;-583.161608227374 -350.4144399900658;288.53967011695676 305.3821848880546;-77.44029749916446 915.7777158450644;-15.792294174009553 -643.6021825261058;806.750430496573 -213.26334858523967;304.9419778363885 -951.7756961408015;963.7521831680318 266.7901262192809;-578.4136179472293 784.9734567740328
1000,10,14,LXSSA_REPAIR,618.2895786620211,139839.084421338,1.5458876764333278,,6030,6030,0,0,100,0.0,1,-426.08319803160924 15.305885751531761;-434.62462421129777 -900.6115374695424;452.62080028359355 860.2188889608317;-202.31778374624355 978.8602659766508;901.8777189332828 430.0594149194482;137.2420100763237 -324.4794212697318;892.3457513717701 -416.9005241730912;-760.0227087415492 -579.5754421918201;440.8270844430152 -897.5910461843745;-979.3976038939044 -0.27596383575872996
1000,10,15,LXSSA_REPAIR,828.1234443518915,139629.25055564812,1.5458876764333278,,6030,6030,0,0,100,0.0,1,834.6260722812765 -246.6319748919928;95.55253133915575 -978.831530818471;-993.7178656066862 38.13003667749832;513.0377596770438 -858.2299481738584;546.0257163505177 453.77776262105857;-433.5452615049594 186.45650711269394;50.168582853622496 458.0958674202705;-217.53164284295917 881.515239730519;-651.8502550781025 -558.8439145363681;-177.8927889020134 -242.20683409083134
1000,10,16,LXSSA_REPAIR,573.0237679358106,139884.3502320642,1.5458876764333278,,6030,6030,0,0,100,0.0,1,-414.99755853657416 -611.8182189705267;717.5817338772918 374.8237090814423;-786.5645748186124 371.67324716525263;-67.04800647735077 970.7083807296679;-802.4276801503289 -596.52341067679;991.8969753755425 -110.23686483571709;330.5891469103479 -792.3382221356536;-404.88450444980316 763.7726829364644;-83.99588054630922 -114.64019291374335;327.9792788957937 597.4767166988087
1000,10,17,LXSSA_REPAIR,625.7192020146176,139831.6547979854,1.5458876764333278,,6030,6030,0,0,100,0.0,1,-490.1455623639907 -594.2418858416214;744.5630982113438 -368.12271634697896;477.66830599751773 533.6082556921086;933.5653412997575 280.6706663360244;-945.7751205244882 -320.53865645042737;256.911886571442 127.28935014269771;-3.592618199808586 987.4670395596589;-72.49075680836944 -495.0222867091237;-317.5189755742074 -908.3078050309615;-760.8023331470743 264.8057047723871
1000,10,18,LXSSA_REPAIR,636.1394341595587,139821.23456584045,1.5458876764333278,,6030,6030,0,0,100,0.0,1,-60.83404853373315 200.86370766791555;226.52047910473135 477.652444025764;-76.18207477865651 -788.7831956326248;914.6035678206907 -175.36383782189444;573.1171266210196 819.3475816942572;-681.4395105852493 40.15362968122961;-855.9616817550012 -493.34531118165216;-451.1783970265519 839.8827284227096;567.5598991308002 -806.0178704663853;-440.361114210846 -709.0776274316314
1000,10,19,LXSSA_REPAIR,814.8756265903357,139642.49837340967,1.5458876764333278,,6030,6030,0,0,100,0.0,1,-560.6259868839184 500.88475099942355;902.7577110458689 -383.2020998456371;727.4721755017931 87.37733500614677;-127.020019840086 -775.5947334533599;-886.8472797814279 -458.3227725012471;230.68795388684873 -209.55179974296655;-123.81648695735645 380.4535425053292;911.8411417972982 409.9341547139815;223.18348706611533 -974.7764518601222;-575.3603308786927 -777.0266574196638
1000,10,20,LXSSA_REPAIR,721.084113290708,139736.2898867093,1.5458876764333278,,6030,6030,0,0,100,0.0,1,677.1307464214055 530.2579951931937;-367.4791615114348 -802.0839988097725;315.0298318468293 145.15912413785512;972.1325176180767 -7.067585329587542;-800.029836378057 326.03386996765073;-50.59682160685436 -617.0951038400507;-46.72601770447034 520.8611637401734;-597.6017935187294 -31.9250000018251;-966.8514611625511 -254.66265930879223;305.3983336119509 -709.5976524919399
1000,10,21,LXSSA_REPAIR,583.4415514031716,139873.93244859684,1.5458876764333278,,6030,6030,0,0,100,0.0,1,994.6412751329332 -103.38633276179608;-516.6981690649171 -131.6812979493515;95.12401102825969 -803.4901640860687;87.91894068955328 943.987563026865;376.7346448752071 -64.77496991572148;603.0841519633408 658.8246026367168;-948.5908661698304 305.771745700002;-498.7293697393892 775.8913462204162;-530.3815589934183 -847.7590470645011;610.9213184653217 -788.4661694390735
1000,10,22,LXSSA_REPAIR,862.2746096844785,139595.09939031553,1.5458876764333278,,6030,6030,0,0,100,0.0,1,417.0695083146847 -25.6587337819056;3.726419540743532 -893.3928275030918;601.0963953239218 -332.6846338826984;-869.3858211923895 29.064471000359813;-354.106660246409 -275.1943958507884;945.2068116608972 264.22792554831904;-350.12469467070093 563.9406442371462;622.2411211965918 735.3708292704648;934.3083911962972 -344.99434373173403;-15.440836911111546 763.1817325742487
1000,10,23,LXSSA_REPAIR,603.1165943152155,139854.2574056848,1.5458876764333278,,6030,6030,0,0,100,0.0,1,-811.1307113310118 -507.88233025774747;-810.4175153063223 506.58761336983906;-993.5181272020401 28.54127924429702;932.8511807163692 234.10153449374312;701.8082123031911 -544.0469183390359;-486.07248264145676 835.1301468050284;-176.3121124721073 506.46356755402104;99.46742839568502 1.815650781976225;104.56195227688262 994.5065940374444;531.7060091416432 -841.9223470348413
1000,10,24,LXSSA_REPAIR,844.3389794265968,139613.0350205734,1.5458876764333278,,6030,6030,0,0,100,0.0,1,-719.3796305710786 -687.4069858442115;967.7093014612017 41.027731707462195;141.7678904822343 -541.7825910173398;665.3118200123577 600.0851441693012;312.9711331946213 -907.0877538117367;-910.0421075962419 -357.41568705167487;-198.8956306146674 957.7398496591344;659.0693032377752 -263.11928187396006;-349.95811397833944 684.8913137216952;-279.65758779816844 -923.2057768081337
1000,10,25,LXSSA_REPAIR,786.5097927711322,139670.86420722888,1.5458876764333278,,6030,6030,0,0,100,0.0,1,710.8733984619826 -689.7963030551191;323.721125287455 922.1055685795861;-16.738616740492525 353.1647125877831;-933.3412511696052 -250.54096983170157;328.1460106088858 -298.57463816980817;707.872851004751 351.57374113399146;-194.80843990444112 972.3433921795372;988.1774310652221 -138.58293340009627;-80.26423417829686 -716.1367304313607;-429.72566232368285 559.313616445543
1000,10,26,LXSSA_REPAIR,726.5394509663165,139730.8345490337,1.5458876764333278,,6030,6030,0,0,100,0.0,1,450.1921685747334 773.9692470094557;114.53688222326157 -230.92440571606645;-790.737162080868 23.310731127056535;-76.53690794291398 -854.9668394214112;454.2649903402614 -853.1928222406457;855.7124270180865 -217.4651968744496;-571.4535981754162 734.5737495096043;-566.5567170916839 -585.4353735771297;-369.25410158351826 128.1506292297108;-88.26145985993585 407.7761061489909
1000,10,27,LXSSA_REPAIR,988.376621511212,139468.9973784888,1.5458876764333278,,6030,6030,0,0,100,0.0,1,108.0846556954668 -714.8904982321612;-653.7741088207764 102.27586048418615;165.24273947869085 885.2787271628249;-838.3206856585049 -520.797577532026;863.1012044082465 -8.89620682580276;623.6169283757669 -420.4614633184332;-193.7675582128705 227.8094271334584;325.6177104646681 -942.7583478760687;367.4553013991031 102.38196463172335;626.9434014493671 779.0647780919553
1000,10,28,LXSSA_REPAIR,1063.9080508637708,139393.46594913624,1.5458876764333278,,6030,6030,0,0,100,0.0,1,152.14348390583177 42.863029164608534;-701.94786426528 69.68830379878491;140.8345392314993 -823.4461494947959;-715.4665024749387 -696.3956092162282;805.5374121699163 430.6583060275083;-928.2185148713434 -329.0074828685401;634.313525218736 -89.9478781423867;-481.00524592608656 408.3906412679582;-220.2064665202023 -726.5198651648698;-484.94118583060543 -315.25989644420054
1000,10,29,LXSSA_REPAIR,711.2836484448344,139746.09035155518,1.5458876764333278,,6030,6030,0,0,100,0.0,1,771.4367708350901 -337.55299494332996;244.7105354102763 969.3855112356151;-738.9317094986638 24.713522030510877;-506.7919773224311 768.1962262815207;224.48524841224983 -503.4309449050541;-71.06304954267081 -997.4718256621065;-927.4079732984562 340.6959704724228;-47.017057281597786 505.204261232467;478.7772561017969 525.2625690869967;-473.0585176796295 -762.9594598287365
1000,10,30,LXSSA_REPAIR,869.6441802475601,139587.72981975245,1.5458876764333278,,6030,6030,0,0,100,0.0,1,-150.92683764929336 595.051996189059;-786.6949596951981 -513.9745328212744;63.177596747301195 -72.27823512267756;347.15595480930676 472.87213673855496;502.3144607740564 748.7191088782047;992.5540666727771 121.79117456476568;-145.15704561694864 -822.9140616600755;75.86395479174651 990.5119533185099;819.1908556498175 -525.6408146944968;-491.2206540219208 677.9022399315371
500,9,1,LXSSA_REPAIR,2318.6865519293497,124092.95004807063,1.0550131614999676,,6030,6030,0,0,100,0.0,1,91.24633908924845 -488.9596492795307;-279.7106023789513 183.8952505518114;450.71074978034153 151.1281863287668;240.6527044808947 -219.6239123034326;-117.23616241475517 -137.79518643747508;-294.8605748066308 -403.8034688121231;-451.3369656459265 -134.20145326459834;-113.83301829381082 472.8510894749822;95.84022757091205 165.1685312447437
500,9,2,LXSSA_REPAIR,1706.4097491907305,124705.22685080928,1.0550131614999676,,6030,6030,0,0,100,0.0,1,-118.14186223030221 25.163940570100245;-310.0434543375309 -323.0364817584044;-499.78059678723156 14.806954893591245;242.72492034855216 25.272400412659437;80.50062482257808 -336.9129542902793;90.79085837032503 380.8124479777373;398.58655458989995 301.87536219925494;-300.05554782037746 370.8444721694837;390.9461800475646 -270.63424625042256
500,9,3,LXSSA_REPAIR,2188.3940273831686,124223.24257261684,1.0550131614999676,,6030,6030,0,0,100,0.0,1,40.53358971238961 124.62594808988115;-170.3134571137166 446.57168257191216;-476.75083091180505 -150.6936568898137;34.671984696194755 -450.1950661622241;203.08846105855704 -182.5108907638839;-168.01021281434623 -196.3925098645627;384.84916812455367 130.4958436060589;219.17651708734002 446.35676982191677;-343.4355206063987 141.80552607408057
500,9,4,LXSSA_REPAIR,1728.6986610077,124682.9379389923,1.0550131614999676,,6030,6030,0,0,100,0.0,1,-328.5007015288719 322.6124476044816;318.20323082084957 -256.3838152859446;493.6993655158961 47.998460579500325;330.5624893121267 341.2254375941942;-496.23251740872297 40.262381191228556;-5.605445218739996 336.7731791341929;-178.43198690970678 39.87393596170478;-14.873776165779605 -254.84737323068958;154.78415347398519 37.174733214297405
500,9,5,LXSSA_REPAIR,2180.760745978667,124230.87585402132,1.0550131614999676,,6030,6030,0,0,100,0.0,1,-336.5339997684192 166.6597506887535;69.6704521246931 181.4305037275279;-167.60496232212517 469.8971020713325;217.34641655228893 -162.5125317290382;59.51200013672213 -437.4890337113568;-487.1447997067534 -105.47070832194402;234.64794988151658 441.5204858732573;455.3264674656023 189.46036633116591;-171.0841813519087 -180.71560617960765
500,9,6,LXSSA_REPAIR,2479.54167415126,123932.09492584874,1.0550131614999676,,6030,6030,0,0,100,0.0,1,212.96871659891477 -173.52135206622;365.66625406620443 109.21467553421499;51.751067286259804 -442.74005593988903;-142.4629866480696 -162.37411329755153;-143.43669380845182 433.1674127449321;-454.76517964079005 -159.24700456360685;230.1091919422484 429.8058646759164;57.16849406715301 164.6848427086274;-308.2131054037347 145.33039134909012
500,9,7,LXSSA_REPAIR,1645.906747773508,124765.72985222648,1.0550131614999676,,6030,6030,0,0,100,0.0,1,354.4085504214801 -268.1625498656249;11.486637538813211 -275.67982633795145;-160.1694117721419 39.8830520032387;-327.4504794223253 363.11888658781373;189.66242602153537 44.27746299703784;-337.5691417737693 -277.0395903811451;-498.73100284664315 35.60037639662821;22.47970282886083 357.63213487948275;499.9893719935837 3.260045009166612
500,9,8,LXSSA_REPAIR,1793.7880214446632,124617.84857855532,1.0550131614999676,,6030,6030,0,0,100,0.0,1,342.0341070738205 309.07032310376024;-318.4545824148763 310.54349202399254;-147.48663225413944 4.2119532053415165;-496.86861307440495 -41.38277886451776;326.3687219519248 -313.99602678264154;-334.85216523839506 -336.03156131072336;499.87525539749316 9.824004938863526;13.385026177855577 -321.42655343760924;26.92336754390784 309.247535540526
500,9,9,LXSSA_REPAIR,1866.914055936068,124544.72254406392,1.0550131614999676,,6030,6030,0,0,100,0.0,1,107.78789840219738 -233.91367382492422;285.99943239922646 69.09916916386504;-485.5980276971826 66.28474210323473;-293.7234015986194 404.62981786054615;445.4203941007811 -227.15780502250487;-49.23991901344708 156.00105240829453;-59.04088966720647 -496.50183818745757;125.21400295976304 434.49670557554543;-303.1973674589085 -254.2265760996121
500,9,10,LXSSA_REPAIR,1750.146684078005,124661.489915922,1.0550131614999676,,6030,6030,0,0,100,0.0,1,-92.37343598800935 372.4056556983678;-419.4267000461632 -272.1786973449352;275.01212633982 -350.9442272195137;470.68505463127934 -0.49703586856111576;-404.93161416193215 293.19194101173224;-102.47717352465594 -345.79575982930885;-277.15106671552394 12.04005838231517;289.1323935566407 341.68319097557884;96.27669428978253 6.439837833966475
500,9,11,LXSSA_REPAIR,2175.839565032365,124235.79703496765,1.0550131614999676,,6030,6030,0,0,100,0.0,1,-216.49318876052178 -450.7002321058877;187.96606965285184 200.41318416338805;-34.46118664557644 -144.6651819796712;179.88608000668742 -452.9009960841964;485.33440048241425 120.18784698202028;-31.126419729611175 474.38440567428336;335.07095027307355 -162.8174462384765;-381.6471009881804 -151.7712903694872;-207.41661213357156 170.99522248249525
500,9,12,LXSSA_REPAIR,2202.4125129121385,124209.22408708786,1.0550131614999676,,6030,6030,0,0,100,0.0,1,-35.9913794016225 495.6549828118153;-398.7918332093747 -108.54668674160358;-221.56447958715856 -414.8187424713722;-36.59606872594927 -105.03702706964803;-212.3199250689763 214.16243353410724;158.6728831186832 194.44729954627917;155.28810842133734 -414.8841635164152;331.1570306358045 -104.22530132007118;466.34495741206575 180.23829071359555
500,9,13,LXSSA_REPAIR,1877.854783735369,124533.78181626464,1.0550131614999676,,6030,6030,0,0,100,0.0,1,246.99942424872316 17.277934521710595;-457.5344185900265 9.936333192169036;400.16334165602 -286.2477633805602;66.08305269094208 312.1372679982805;407.86347308862247 289.17451768181195;-286.52278209408956 322.06890963981004;-110.56533444352449 7.240761149047359;-288.9421903148461 -309.34822444789927;55.88790635930002 -295.62754160329564
500,9,14,LXSSA_REPAIR,2277.143813415445,124134.49278658455,1.0550131614999676,,6030,6030,0,0,100,0.0,1,-480.4771147138509 -137.60200364463796;-171.1884073734813 448.8426342052681;360.0914387242566 149.797828639055;-167.33024370686763 -148.1834608075543;-333.56044784690897 156.4981825943072;26.450677187779505 156.73464840136867;19.217877198031314 -437.84139320220584;205.37549369374557 455.8737836178455;187.03439082194026 -154.45586433666864
500,9,15,LXSSA_REPAIR,2096.033706529357,124315.60289347064,1.0550131614999676,,6030,6030,0,0,100,0.0,1,485.99530727224123 -104.94235752078222;-318.48703028992884 -385.44261769698215;-153.5563474719535 -108.39832753044413;-307.0547755650759 173.09683447596865;0.8944188534006754 167.5026509777867;333.3102407227049 -372.4359465603094;154.49999867913303 -110.87008553777603;153.78062271332095 449.3211021222169;-483.4558575047368 -111.35552255464832
500,9,16,LXSSA_REPAIR,1798.8338812441652,124612.80271875583,1.0550131614999676,,6030,6030,0,0,100,0.0,1,-184.1185921832214 -5.705785451068961;-358.7615983738748 -347.45981686462926;166.86514666169853 -30.514744444734134;-23.12062063926639 310.9618497618285;-29.227903998539055 -356.21536213150114;498.9188236762434 -32.80669092698435;338.50960665014145 -346.1434795391114;-499.1564352779449 29.03193277435658;-352.06204677761843 308.12720059276967
500,9,17,LXSSA_REPAIR,1758.1549365226238,124653.48166347736,1.0550131614999676,,6030,6030,0,0,100,0.0,1,352.22121351164407 341.5878562378375;35.23907018271053 -495.91497409186974;-273.5439819555142 -418.5345028003617;-267.5283455541283 333.2424546415862;204.06268798913993 -176.5701228315832;-486.1092837496207 -26.428873697825235;494.47458662871736 64.00641718901355;-131.3715491964946 12.741061436033048;18.166775339691085 498.8106379824829
500,9,18,LXSSA_REPAIR,1686.6475221904402,124724.98907780956,1.0550131614999676,,6030,6030,0,0,100,0.0,1,126.29077775789207 26.094644143709544;-50.91366475949922 346.94427894012244;499.7079566191593 17.086781192031424;-230.0736872362004 27.71241496162266;-60.216548050673964 -303.98218598502757;320.7361570368 -319.4953856900749;-375.6239052193662 330.01012382615266;327.4927753788146 364.24146930100045;-390.0628635993522 -265.1083424016239
500,9,19,LXSSA_REPAIR,2038.47567973283,124373.16092026715,1.0550131614999676,,6030,6030,0,0,100,0.0,1,-307.3310280769342 -116.7363366863887;426.42833229787266 -108.467494084918;-133.7310917102599 -436.91340626702083;47.87297783936068 -108.71735531774581;274.6563633509686 256.7709455985867;-468.793956127852 167.87192422002005;-125.23147305271318 194.17570828723777;263.9839547788797 -408.9888027006039;55.89985181460165 477.99796427281433
500,9,20,LXSSA_REPAIR,2153.580229439889,124258.05637056012,1.0550131614999676,,6030,6030,0,0,100,0.0,1,-212.69987944037246 -178.74294302702242;149.77547049692365 -164.9078974438169;164.89618831629494 448.71645370957674;320.33994538590076 144.84081916205815;-10.056699085228074 143.77892099101243;-17.818202916117418 -463.5703153592472;-387.2733452606119 137.41509355512417;-218.93674110956593 449.5158255190266;478.2389127294611 -145.50682279179566
500,9,21,LXSSA_REPAIR,1665.4116051109304,124746.22499488908,1.0550131614999676,,6030,6030,0,0,100,0.0,1,-338.5162918608668 -367.94290800136196;24.402326921838252 -409.7763669757338;396.0232364600469 305.23039852496635;39.158508940192704 310.52551663564014;215.34334327724642 -28.57662043653509;-326.98152354970233 316.74065978641124;-152.70996250518058 -31.46808916550659;-499.77606486543607 4.5374061717668335;379.651479381482 -325.36864354675015
500,9,22,LXSSA_REPAIR,1573.3289487695583,124838.30765123044,1.0550131614999676,,6030,6030,0,0,100,0.0,1,62.8809131584286 296.2903838404403;239.5062365599151 -27.293878410141133;-308.10372786676874 300.44770840056094;-125.25617393709379 -32.68854614245505;-498.13490249890697 -36.11255064666716;394.6291590028322 -307.0283882758842;409.59170520736427 286.7603668975899;53.377600149037214 -381.14253689774625;-318.5770541291366 -382.51364018193095
500,9,23,LXSSA_REPAIR,1685.4957485858904,124726.14085141412,1.0550131614999676,,6030,6030,0,0,100,0.0,1,348.0265453040682 358.9875613162247;338.65309020462524 -245.40903544277833;-158.1386064250984 59.93973514994169;-322.2048980049266 370.56013566590855;-496.21754523358413 61.28128190229251;182.38416036326507 55.250447033433865;4.680490756734025 361.43453692720607;496.6569683415682 57.72222966728265;-333.2778512643331 -246.18066690754318
500,9,24,LXSSA_REPAIR,1733.42422678812,124678.21237321188,1.0550131614999676,,6030,6030,0,0,100,0.0,1,-168.20413929661103 -137.6972276437943;-483.0786023686756 -125.90889721011054;-329.8589301597418 154.68806651672907;173.4208346329572 454.5704286416346;162.649626199577 -135.2845827997707;484.4911760704093 -123.5649639255061;335.1848482834336 153.4278440934605;-158.32620236034884 454.6740012065781;2.9603014248151975 153.35419050406378
500,9,25,LXSSA_REPAIR,1836.4183682658916,124575.2182317341,1.0550131614999676,,6030,6030,0,0,100,0.0,1,-341.4098610230365 -297.21217044922037;-495.53682894918705 65.69349202095447;-181.90336984193814 81.345448589838;325.0154815901954 378.32185576148055;-29.3727511418087 -366.19952828119193;167.93654410516072 82.28459866891819;483.5054011233466 110.00554791476871;-22.057506589820314 448.34136940352835;-336.22410063403703 368.02180034479636
500,9,26,LXSSA_REPAIR,1866.618794424517,124545.01780557548,1.0550131614999676,,6030,6030,0,0,100,0.0,1,384.48734182094034 319.51490395465163;35.263781484937965 -265.1320644608266;378.2675646485055 -272.88097662242114;-117.7318916542839 32.91684099696319;-475.24533409766144 30.9640639179788;213.0449683204856 36.965462933780934;47.40871457275644 363.57859348381334;-289.216328282451 370.9666294763312;-298.6459110444536 -276.06254659718894
500,9,27,LXSSA_REPAIR,1980.1466767731615,124431.48992322684,1.0550131614999676,,6030,6030,0,0,100,0.0,1,-390.89975283958955 -311.7644515683733;-63.57558526826476 259.3547436611314;95.83171438835997 -39.96141964495746;263.09321482109715 -347.60412561249944;-71.80726600108824 -333.7134581065888;-234.24866302472043 -39.4326949440983;272.97289127827725 268.6168834582554;447.53231510361735 -37.16080146714416;-386.9492530422635 265.27332367195754
500,9,28,LXSSA_REPAIR,1761.1773359645886,124650.4592640354,1.0550131614999676,,6030,6030,0,0,100,0.0,1,22.117454137275413 328.5716350530458;345.1931177539853 320.20732333716063;499.2514740900211 21.415657863301327;-492.2216973561695 38.82781454726574;-322.0616459701213 -265.4491101397918;338.4061024280122 -271.6227058908815;9.58936326662226 -271.74386308594563;184.42575818992808 20.622291364743287;-156.6719187163398 29.804527385941782
500,9,29,LXSSA_REPAIR,1836.702503943656,124574.93409605634,1.0550131614999676,,6030,6030,0,0,100,0.0,1,0.8548314967047097 353.5775046203301;-314.81214484005704 347.0790335292437;156.99019588835935 59.344492938384455;-12.932552564192962 -242.2765485142431;322.38259790262083 -253.31697289118142;496.10376319390093 62.298123124616055;-328.85468981443125 -238.5727347828667;-491.275753302661 60.135383783940306;333.1337908601167 359.49158266920284
500,9,30,LXSSA_REPAIR,1679.566708335522,124732.06989166448,1.0550131614999676,,6030,6030,0,0,100,0.0,1,-499.1483543584478 29.145900747659876;-187.6933967122127 38.40983692998278;335.861869183857 343.47559151428607;157.587173269089 43.86402621227544;-22.357462939005647 -271.4118721531219;322.82032201348915 -258.9840670071969;-10.789829669400298 349.31370517132694;-342.0149098833426 319.210477226744;497.1053363280665 48.45002607861984
750,9,1,LXSSA_REPAIR,1388.9754581779998,125022.661141822,1.086117821500011,,6030,6030,0,0,100,0.0,1,449.17363030497484 -515.6428218659353;48.89519627613314 -103.77889028072678;-281.561890765281 -36.074871213444816;38.79082380344167 -743.8840867139619;437.4356763864851 560.3189360556435;-684.8545945373097 302.42586865769357;673.9842282445393 324.623649021018;659.230544453075 -178.38611802163786;-496.3383116497462 -256.84892112862144
750,9,2,LXSSA_REPAIR,662.2657259497792,125749.37087405022,1.086117821500011,,6030,6030,0,0,100,0.0,1,-191.44853370644756 -694.4361857640453;-434.93722603700394 -267.007739802157;681.4450335160211 307.40736258441643;-181.8389308529475 618.5993691701628;306.3763542271698 509.56307926987137;-745.2608340715792 -84.18009977978237;490.7087434259285 -26.237380362195683;294.72051735049774 -687.7324496047257;23.019380627617572 -10.61902751076407
750,9,3,LXSSA_REPAIR,1091.4399925417383,125320.19660745826,1.086117821500011,,6030,6030,0,0,100,0.0,1,150.21146012319497 424.3649637139545;142.04002520677292 -392.49706607877863;-198.54794089723313 410.15978253095744;562.0643746515518 -414.19102602476613;-367.9580335694386 -83.1943030793372;394.5562215887915 -129.20559078156919;570.639048834034 435.3970353976878;-28.79679267059106 106.42876412932966;-688.9087442138476 -145.6967008914605
750,9,4,LXSSA_REPAIR,944.7012932303188,125466.93530676968,1.086117821500011,,6030,6030,0,0,100,0.0,1,-250.15674629948015 357.55416352571183;317.9283868553334 -377.15737959307444;-719.741442557538 76.99335662726374;-556.5601658871975 -204.56616270406607;604.9610654741645 60.10221733083636;-264.2878609249789 -698.9252537809127;-81.52566707184712 -116.95362152746925;330.3145555702548 661.5861583035726;-45.505586605791876 734.2861501170746
750,9,5,LXSSA_REPAIR,825.1260042750946,125586.5105957249,1.086117821500011,,6030,6030,0,0,100,0.0,1,-439.62699734953213 -412.2597870784042;100.90801328533078 -580.6092201349189;287.7380185030329 -34.485901411367756;-404.0699516979919 631.8445015466879;-724.5954964484833 81.56365001154633;475.61229027954676 422.32533802641467;469.61344207064485 -579.2726533914208;85.23673446265367 652.0542878749922;-163.11333247498638 203.64854593077573
750,9,6,LXSSA_REPAIR,584.6524905664555,125826.98410943354,1.086117821500011,,6030,6030,0,0,100,0.0,1,-550.0390697468912 325.79177073892436;240.50595892945168 -695.5004016167533;8.785146262409853 18.96478171160473;738.94940739059 116.42083948345957;274.8487646982317 546.1093271978855;-721.2411723535465 -183.83028929651627;-210.5919584691659 -704.6842637293499;-200.50047568334995 663.4553654090473;559.5476951278988 -494.0167661392921
750,9,7,LXSSA_REPAIR,804.456557318219,125607.18004268178,1.086117821500011,,6030,6030,0,0,100,0.0,1,-132.51033568334321 352.3627500601921;-707.3818983076451 -249.22048460484228;661.132210582597 -173.08188218705803;67.87850493324744 -11.587233656640842;405.78874545072546 514.7805666171871;-321.2746523546177 -235.52370443467484;78.58453050945765 720.791692484375;401.6726161585695 -630.6722615651646;-517.7480137143955 335.6995847457033
750,9,8,LXSSA_REPAIR,655.2715366987832,125756.3650633012,1.086117821500011,,6030,6030,0,0,100,0.0,1,-695.9555728788459 6.991345641623032;-287.83982463942885 617.1828547063765;-533.4395850786094 -292.34049988820425;198.31865210336798 -533.7155962981295;412.3321444117374 195.85923788523723;-53.6282242145059 205.0112372444852;-311.57194047324003 -671.5095015108927;222.6635959596016 715.4560892532371;614.9414824045245 -429.3564640460486
750,9,9,LXSSA_REPAIR,1154.834160840648,125256.80243915936,1.086117821500011,,6030,6030,0,0,100,0.0,1,-499.55028008749963 544.2694431056582;-69.18834787967599 114.57555281077123;749.8218859610046 16.344397629838483;-502.5246939965926 -542.3142465926356;604.7720091302502 296.4120667087919;400.0426595902321 -571.5337798074719;416.1554939835917 4.673354101192193;-220.78266120168587 -387.1617506175935;89.65241142985036 631.891363948754
750,9,10,LXSSA_REPAIR,982.4291178249988,125429.207482175,1.086117821500011,,6030,6030,0,0,100,0.0,1,-118.03234151335971 149.33592705755578;55.40300692741441 -200.02824796924506;-122.88249362574768 -739.864779096017;667.7280912444788 341.52450080989513;-543.5434296027518 408.03045283457936;-717.6948112431703 -132.1694831309181;56.74592803432187 737.385735805014;497.89543069856654 -205.36186418270907;327.3502696704029 261.9064099034024
750,9,11,LXSSA_REPAIR,844.1814391341031,125567.4551608659,1.086117821500011,,6030,6030,0,0,100,0.0,1,-377.0041531639339 461.8514790879427;-392.704921520451 -554.1905147258499;88.35058819938845 342.08151619972193;582.3089135642721 30.4462368626995;-572.2581424554637 -235.20036498123028;394.5687260343119 517.8448245797763;380.8807208014755 -620.4294123053836;80.48578284530453 -442.01541833494537;-744.9230842914858 87.11775279114565
750,9,12,LXSSA_REPAIR,921.2044872592088,125490.4321127408,1.086117821500011,,6030,6030,0,0,100,0.0,1,103.05068567429458 92.12401316159712;453.7882477528484 452.07289595531824;94.02589259973756 -633.7124788108476;-294.66388862780525 487.34979033371894;633.4633048324731 -58.9191880328786;-319.6878160394262 -385.740312877078;-596.8877590979153 421.70526940416124;433.6815700905453 -611.873801324179;-738.9206927694808 39.98884330301837
750,9,13,LXSSA_REPAIR,806.9338743949193,125604.70272560508,1.086117821500011,,6030,6030,0,0,100,0.0,1,674.4720222376152 324.945778796841;-363.1127261165074 596.5164717565733;-749.6813472005132 -21.860413070744556;363.462149675051 -646.5833556291527;-36.97657375920555 -748.2296083517841;-596.4758079489534 -454.6609841757298;365.41445364452886 637.7297595057041;670.1861350052442 -336.67572595411843;-43.79108081668696 527.585381119116
750,9,14,LXSSA_REPAIR,828.7966861869209,125582.83991381308,1.086117821500011,,6030,6030,0,0,100,0.0,1,603.6926099594186 -34.76395420951294;-733.6146705766896 146.74869151219096;-212.289999327778 -705.3451780959084;151.0459717485732 431.46088511583514;-552.0702934855371 -394.99850952636734;2.3798138634499515 -54.17620024012359;-187.16558281260103 508.29591054140485;435.66737183789536 -578.8750393881801;-544.4949180764779 510.41209953135325
750,9,15,LXSSA_REPAIR,795.6941911595495,125615.94240884043,1.086117821500011,,6030,6030,0,0,100,0.0,1,264.5476370341969 -520.4457625002317;-418.82199761546485 -454.33391459961285;-411.6434607808899 557.5443526898488;-740.0474582710947 65.23024132872685;736.9361923291414 126.0448513446748;259.2969129606753 568.2545177391992;-217.04700118773363 193.81469143572244;538.4574391467222 -227.65310614588674;-58.498008705154454 747.7151750349404
750,9,16,LXSSA_REPAIR,1253.2159910248738,125158.42060897512,1.086117821500011,,6030,6030,0,0,100,0.0,1,143.7146071207457 502.6178423185276;444.2878998794294 -577.754032998033;-567.433989031718 -338.1536416770885;-383.4014896053226 -644.5954527984352;634.2461507914369 0.02487253597450359;1.5277725246370395 -673.2487703693592;-368.67895936437895 24.04200736443367;-743.5843709774014 97.88913748798892;136.8615603232296 -286.86535188928906
750,9,17,LXSSA_REPAIR,758.5501430342119,125653.0864569658,1.086117821500011,,6030,6030,0,0,100,0.0,1,470.70098857709405 529.2980611856692;-734.3048298089511 -152.24654322783385;-565.574661328206 410.7039865710848;684.4039977865775 -152.4551736399645;-61.83617567230505 -160.10622431636037;128.92974450931246 -713.2020677905953;467.63939888280936 -520.2770275494037;-310.91117953579754 658.812457631267;-578.9160383189211 -476.54899622329685
750,9,18,LXSSA_REPAIR,779.438310841113,125632.19828915889,1.086117821500011,,6030,6030,0,0,100,0.0,1,-422.29063753738257 613.3046499429972;-431.0116620558461 -591.0086413867125;249.30519234580066 626.0840650318116;241.85940375408472 -629.3333713121635;-4.043903958927664 -173.70497086092016;-185.31716058769217 371.8118670821834;641.5935174340301 -388.4041173657006;655.5641216784413 233.97292860452788;-748.8253835964774 36.47737342990671
750,9,19,LXSSA_REPAIR,812.438510743159,125599.19808925684,1.086117821500011,,6030,6030,0,0,100,0.0,1,-368.53868922123354 357.9447522010826;-744.8994403076784 -68.74956947990086;-375.98838053265393 -405.6792717820962;513.7961821481337 -376.4754024824035;230.26559241151062 538.5323693235761;536.9311844018982 463.54885841013265;749.2817970681784 31.419771387883536;-85.47743693585885 -687.3842116964564;222.5001075645211 -691.1668599976392
750,9,20,LXSSA_REPAIR,1282.7956299562502,125128.84097004376,1.086117821500011,,6030,6030,0,0,100,0.0,1,-2.8943151276435253 -304.87382077144946;-235.98129492758522 539.9249762423041;478.27840842540115 -55.27247212258791;480.61559125825494 519.1383494869782;210.9623365027395 99.02563888055735;-684.4929383855234 -305.4017574520567;694.1662638846296 -275.03357736951364;-399.0006902556549 244.56863470515157;193.31249850246348 -668.451714550784
750,9,21,LXSSA_REPAIR,1010.7430422831676,125400.89355771684,1.086117821500011,,6030,6030,0,0,100,0.0,1,-743.617735905545 96.81674477731131;565.3543483915123 -309.72018107743867;-359.1919524111782 533.7513032890741;370.592705747358 128.89118005765303;722.9147916224715 187.71368799684586;-54.324064335331535 -645.2971173592213;-371.40918848262424 -107.72025463937581;-587.7757679475883 -332.22598127909356;187.43737049219433 477.2981603221761
750,9,22,LXSSA_REPAIR,869.9425232073554,125541.69407679264,1.086117821500011,,6030,6030,0,0,100,0.0,1,-105.46364651081663 -256.241288609101;267.43556978174996 357.932860190232;-344.90557060464516 156.16909157307143;538.5064706927873 -454.2808534767605;708.0476006127968 38.43661739358283;-567.52918129402 -385.37796468523396;-746.1293595294983 -74.92487400342065;258.84424745505515 -624.0959126767506;-95.82043955656859 574.9262380202788
750,9,23,LXSSA_REPAIR,893.3399400998605,125518.29665990014,1.086117821500011,,6030,6030,0,0,100,0.0,1,384.95413710270714 -628.3706111573908;-395.05135766166336 232.66671128659323;-172.2603845178226 -453.9134996405485;55.01698100726773 -68.96462853014195;-548.927145200393 510.1351700782147;67.73614703860498 715.8457611933549;703.7320979161419 259.1746186079513;521.5956283607443 -351.9596695870481;-742.3223724994735 -106.7557713304419
750,9,24,LXSSA_REPAIR,810.2206151638529,125601.41598483616,1.086117821500011,,6030,6030,0,0,100,0.0,1,593.3452377631196 -456.204579711722;-713.0936962239576 231.77564088946957;-276.6102594959655 334.15982566872066;-70.08802491331998 -97.98625302375801;186.7299467278293 -703.9188457438231;-261.0421724922719 -686.3124896191441;387.6402929955681 -91.93943856673921;-510.25305840549225 -367.15916710540233;153.64670635956176 731.7546798860365
750,9,25,LXSSA_REPAIR,732.2289715449297,125679.40762845508,1.086117821500011,,6030,6030,0,0,100,0.0,1,-679.5939266896936 -264.1941273205067;59.07970936429635 -679.4514977971406;391.13216812085733 -344.5818516091349;-404.8867851949227 463.78771309892585;-401.83728791879014 -555.6818095115613;395.5562852439107 636.9783924893977;749.8185387079898 16.49588440739867;70.06855187769148 731.0778503514958;587.4191513155964 292.9181579357086
750,9,26,LXSSA_REPAIR,935.7106707628265,125475.92592923716,1.086117821500011,,6030,6030,0,0,100,0.0,1,-410.3610170862859 352.5943316835863;-87.27864093879091 541.8686513136039;-734.6769091757179 150.6369897389358;321.3141128296077 127.1411639183933;-417.8914962898206 -407.3735909228551;558.7944631627912 500.2257238909978;548.5860567622715 -264.2682437225669;-117.63672556630131 -693.704149504932;301.0891155135581 -686.9099973935911
750,9,27,LXSSA_REPAIR,915.873053031406,125495.7635469686,1.086117821500011,,6030,6030,0,0,100,0.0,1,429.1946256523775 606.3034453427813;-187.91598737727378 601.8832676105558;74.50866046993124 -110.7495430458454;320.4250530788581 271.4625460561201;318.29997885036545 -550.1480193958567;706.5226574112985 53.97861690489958;-678.2575468223545 313.37069655639687;-192.46959906063657 -543.6763212320129;-504.21595371245473 18.793859338470597
750,9,28,LXSSA_REPAIR,654.0241944591689,125757.61240554084,1.086117821500011,,6030,6030,0,0,100,0.0,1,-542.4914418238843 473.64446173882004;384.35023960841784 471.8657320392873;-65.82088346313385 -738.534236847205;172.0796520241416 -330.3841804370921;-726.8053197236369 -108.12355730874494;694.7061904897129 165.35373381639678;-69.71492881588118 584.7671705252649;-262.63007040583057 -87.9240196381585;359.3816931870502 -657.7516534730912
750,9,29,LXSSA_REPAIR,1119.6353002516698,125292.00129974831,1.086117821500011,,6030,6030,0,0,100,0.0,1,57.72134465587899 -493.28729383172225;243.4708236593235 82.24056869759852;493.28307918192144 -168.42097395459558;68.92553662228332 575.5679718857745;711.8559306152162 202.4635328770004;-261.2364432106449 -497.81355386533727;-647.2581356134215 377.84836838439634;-659.0389946293169 -298.16916940475954;-497.35276317311474 -16.69933040588349
750,9,30,LXSSA_REPAIR,1154.6022044673737,125257.03439553262,1.086117821500011,,6030,6030,0,0,100,0.0,1,185.8066311852563 87.03848358844421;-535.6664852516925 310.56799097128294;451.65629967346405 -333.31263533053783;-158.73795400623226 -271.91058899594884;675.4283247363647 54.709773697764106;-309.7094447505791 -545.2443138305927;-699.8081999324144 30.99597016652082;473.30049634149435 375.14683352862687;172.5460654164441 -622.5711655878098
1000,9,1,LXSSA_REPAIR,699.0535712066776,125712.58302879332,1.170790206666667,,6030,6030,0,0,100,0.0,1,-999.9213939941502 5.557210842490067;36.27850720756919 164.89740906540405;357.27506064595394 -440.29488979993033;652.6483277698345 702.301694044499;-195.18697123840747 -462.12433686728843;-814.395756264458 -313.6854750480184;640.1903646943107 -277.80548345590455;-203.19793876507498 629.8879379030625;-471.9098281860211 -306.48129968666626
1000,9,2,LXSSA_REPAIR,291.8106895485689,126119.82591045144,1.170790206666667,,6030,6030,0,0,100,0.0,1,76.89482588487505 927.4395570919936;-699.7065366353988 -457.98141091380234;516.1850844327047 820.2895254614972;45.221230352467934 -890.1927594333695;-985.3700708240578 37.233575784087485;-400.03188087463957 640.165510605544;970.1318838174126 -42.209387751716775;505.0197142465002 -766.8117698148365;788.96254226691 287.5649510812148
1000,9,3,LXSSA_REPAIR,307.2243597307388,126104.41224026926,1.170790206666667,,6030,6030,0,0,100,0.0,1,428.49703037762396 903.5429034710401;-593.0029514304466 -805.1489704132687;429.1332822365788 -771.4702507445086;799.1276738751517 -410.41928004976097;-896.3537555269062 -298.69809819931595;-165.81368037450102 -125.66202871066935;96.18415572230921 322.4260079168741;994.1324703084153 -85.65519800641141;-592.5380503611332 711.4187600846317
1000,9,4,LXSSA_REPAIR,485.3727572389762,125926.26384276102,1.170790206666667,,6030,6030,0,0,100,0.0,1,-130.518180292244 397.2808561077538;444.07182731128034 271.18152662657616;654.960273909198 641.7144228435868;-951.0644065960325 -11.113470883600383;-347.1474695787904 -374.74504657361933;-707.7052538141764 -462.30487927617656;-498.30293917420454 -831.1413257193367;181.0612858451978 -688.9681832395054;935.4724750301768 138.38434223319564
1000,9,5,LXSSA_REPAIR,679.1700960704038,125732.4665039296,1.170790206666667,,6030,6030,0,0,100,0.0,1,654.996206038398 -203.19624808323252;425.813198513198 -432.810308290441;-724.7326349235692 -664.4577888833574;114.15164633959193 968.5557300014626;-973.5068804942025 -228.18347689699226;-55.59303476927623 422.28462543277095;841.1169620209524 -540.8279580028992;-714.4472921512324 208.27647649652693;112.11113922373013 121.9414017937481
1000,9,6,LXSSA_REPAIR,406.1777426116023,126005.4588573884,1.170790206666667,,6030,6030,0,0,100,0.0,1,413.5176321487851 860.153233633068;-24.5859179935219 412.17601287802614;441.8023366035258 -856.3706048745707;-758.4362858251417 620.5164280748621;-984.7566663042775 -171.11340984403114;984.7271034375729 169.3169046191527;701.0931313858628 -117.18662506285668;-391.58671344251206 -775.6208093001967;-394.79100006969253 629.3948959881725
1000,9,7,LXSSA_REPAIR,495.2384700338298,125916.39812996615,1.170790206666667,,6030,6030,0,0,100,0.0,1,79.74243687046668 -22.672183974623948;-653.5212502924732 506.39257434261583;423.60886863870695 569.9487028381564;97.49353008351571 908.1615198918078;-939.7652837117167 221.51492210013842;-667.9733264325331 -675.2892465535199;-215.3713694219377 -553.9628729548327;800.413341406304 163.21417921654037;-426.4780567944118 98.47000244837993
1000,9,8,LXSSA_REPAIR,333.46863207314163,126078.16796792686,1.170790206666667,,6030,6030,0,0,100,0.0,1,928.682749944984 247.29053662444605;355.8447909768182 844.0466021699598;-536.8891331188713 -790.523596649682;733.5026582403532 -352.4761750623819;-554.0085256470843 732.8747463533724;-924.6998120789884 -380.67179810233995;-125.28652916915614 841.7013183100175;-134.8840066620081 -810.5508392596639;176.97257487472322 278.41842202066937
1000,9,9,LXSSA_REPAIR,323.2876906376332,126088.34890936236,1.170790206666667,,6030,6030,0,0,100,0.0,1,-668.6917000549751 -699.8874110608436;-183.8601050416909 846.6441940500072;177.04010630837018 -206.47657552006822;-669.0359641605281 737.1682251017245;471.51111625100896 857.4205441571;-940.7017314689916 -230.8688268374286;-243.7371382237894 -948.0198957232961;797.921201126506 179.74613458996484;490.1690533403851 -739.2274681045175
1000,9,10,LXSSA_REPAIR,544.6959460607468,125866.94065393924,1.170790206666667,,6030,6030,0,0,100,0.0,1,-870.9777946978454 -471.5173549094586;926.3199117683401 329.3530728180435;-610.0727605078109 681.1835213276316;-114.73226952020488 538.6246773637486;516.3343378024896 -711.8880640839159;-853.1324053176031 293.972014272857;245.87007650667744 157.70299140559933;-125.93530971059371 -876.6040738106752;716.6203166648019 -363.5048692144369
1000,9,11,LXSSA_REPAIR,301.6763780772162,126109.96022192278,1.170790206666667,,6030,6030,0,0,100,0.0,1,-206.3970665793946 450.42612934506906;-564.2474946283642 -723.2272880722982;957.8294071675357 264.0646677645969;681.7918314628383 -657.2727895335576;-880.9433448922772 -153.8943887851489;-577.9300807166811 813.5359826584479;256.02869024378475 718.3710668381666;246.35160110335192 -908.0466094091587;693.2468468681548 714.6118529968307
1000,9,12,LXSSA_REPAIR,467.57789913765737,125944.05870086234,1.170790206666667,,6030,6030,0,0,100,0.0,1,-291.7280022007105 -956.298059041514;506.5200472867331 70.68847404853123;848.8613375977847 -273.8600422756689;138.61602690608768 -966.9066414592693;-856.738950498172 515.7502987873985;-263.3003242840902 671.5936515017675;522.717995047016 843.9996320157494;-599.5551370500568 50.447385770280036;129.02505002568788 446.3441269221492
1000,9,13,LXSSA_REPAIR,450.41071929360623,125961.2258807064,1.170790206666667,,6030,6030,0,0,100,0.0,1,-712.0018498727328 -511.1523087944908;834.7603602072569 14.686508394699988;565.7760100856115 493.71528739999314;-710.5243991398271 403.3810745096613;52.775709832422436 202.42338402040565;-442.7286094007769 -76.65681320053548;-168.97533360078233 891.7716336864714;275.88623340716657 -508.2350414122033;-166.59836553085714 -610.0193775222459
1000,9,14,LXSSA_REPAIR,540.3493034017883,125871.2872965982,1.170790206666667,,6030,6030,0,0,100,0.0,1,983.6452763325751 -180.09605674907698;-168.4792162357743 823.6202016405912;440.95393667913925 150.002509432155;792.6757214141703 154.93248271494446;-870.6290390040716 436.8117092776304;-559.5265951370343 -171.0589099964758;-319.87316947537516 286.4125911930537;-313.4463664342627 -910.1376214033702;134.76649385896468 -163.57034238828726
1000,9,15,LXSSA_REPAIR,500.81901640968863,125910.81758359032,1.170790206666667,,6030,6030,0,0,100,0.0,1,-612.9595203160893 -236.78951497316754;-401.9659682719108 -599.7581236267876;246.04731087023416 -229.76733321753144;-971.6581590329201 -31.24436378833809;-192.71063853599466 -971.5062633719713;252.2637828015934 863.7542090549537;925.6714600163932 158.95456852298906;712.8297252961871 -504.1951848392562;238.080895451103 -971.2453243928225
1000,9,16,LXSSA_REPAIR,429.5063158723642,125982.13028412763,1.170790206666667,,6030,6030,0,0,100,0.0,1,986.8068971825925 -19.450889283739667;821.8922163701923 -535.2847940071492;486.19714465126674 -869.9181653510053;-446.08275116643944 128.40998592468017;113.60625334941355 244.43713502470533;-58.270989266358875 539.6402890814228;-839.0961893488856 527.7444987563647;-457.5201762687787 -881.7994207588973;-851.9755537304601 -515.164600714966
1000,9,17,LXSSA_REPAIR,538.7379276913998,125872.8986723086,1.170790206666667,,6030,6030,0,0,100,0.0,1,-169.28601096541982 480.83900396564144;-687.1185413049086 156.40781481646596;410.74681762701664 842.9034479261992;-201.71309286756244 -979.4446529364495;373.856123880614 -927.4867107603014;979.6340558741565 -127.84314328281324;-506.6919302492597 -156.82017571133906;751.9806483678333 267.6547446464839;389.6981458771772 -102.99413517910287
1000,9,18,LXSSA_REPAIR,437.3311088713672,125974.30549112865,1.170790206666667,,6030,6030,0,0,100,0.0,1,-861.9999685191277 506.9083292598601;922.1166309526005 103.79796842369232;-58.192502940589016 -804.6639640719198;673.0488545984099 -637.6664537290765;-873.5426429480933 -401.7267527772268;426.16834914117914 107.8964131908519;-496.5089986206519 -791.837623609935;396.4255769104444 -917.9147967810126;-62.79726041873138 902.2434823093489
1000,9,19,LXSSA_REPAIR,703.1761465644668,125708.46045343552,1.170790206666667,,6030,6030,0,0,100,0.0,1,509.36537203486677 -278.5043344378892;-203.95633847020818 -459.28320235419125;-202.5595758922313 579.8439081029178;177.1538400591058 813.045898333393;517.4213921070981 742.1331168172965;-850.9897142955551 -27.397431840911192;-351.7650532035286 -911.7875532770524;-664.1038589671773 -352.67417745148526;880.6350237377477 -189.55874179594628
1000,9,20,LXSSA_REPAIR,363.5782171856117,126048.0583828144,1.170790206666667,,6030,6030,0,0,100,0.0,1,995.8529006074513 -33.29311205323187;297.07142604587403 -200.37611363153536;-2.2608490926789915 817.1105793799939;594.1127743965749 -768.73326346968;-414.35829555485856 -910.0340580698229;-673.2710411900468 -477.2352118401605;599.0302567855047 695.234270583976;-398.6898339841997 3.89515836526548;-965.6485821643457 19.441735268073234
1000,9,21,LXSSA_REPAIR,454.6503775811143,125956.98622241888,1.170790206666667,,6030,6030,0,0,100,0.0,1,666.6056377004622 692.3770018687131;25.042624304721674 144.88395170145432;-898.086720139212 438.7896976807447;-204.73755175435923 881.6192083250097;995.4670126499295 95.00561718702082;314.0068400992814 -944.6332495145792;-220.13001567306156 -628.616772157168;-555.6743701224638 -818.8123485455224;284.1818991808636 910.5902068279203
1000,9,22,LXSSA_REPAIR,529.736986982025,125881.89961301796,1.170790206666667,,6030,6030,0,0,100,0.0,1,-307.11238309508025 302.8963965643392;-496.89977755772145 865.9315271637533;767.9618575530855 616.8305214805887;-87.04321800553681 -435.46924698258795;-796.0913347342121 -445.86812439194307;-86.10087590676557 987.1868338585352;-991.4402958979904 130.56086576652802;431.0407622067905 -759.2177413281621;450.1675786993919 114.4371990205886
1000,9,23,LXSSA_REPAIR,708.2878725888149,125703.34872741118,1.170790206666667,,6030,6030,0,0,100,0.0,1,-921.4120554154256 4.160554861399873;17.455508859141627 -883.1227511806285;-219.02341108151978 -633.3812943949841;-500.81532698608675 238.03674411096426;257.5215344256334 -500.5110209438654;-91.10687067690836 924.660457075077;-763.0688932913312 500.38344304528215;887.9715521574187 -347.4523952029145;453.2108406698491 93.14416983765744
1000,9,24,LXSSA_REPAIR,503.4547416498244,125908.18185835016,1.170790206666667,,6030,6030,0,0,100,0.0,1,-120.00451970208778 -906.698898644628;818.8969996759147 471.97510405575895;805.960519971883 -591.9692899523184;408.7578363548365 69.83064826579391;-956.8994060588591 -145.37726790508128;-36.8647704766443 926.3923264447227;-738.6392448055353 -530.2527152845455;998.6690199646858 51.57701583819907;421.4273570014344 906.862163049482
1000,9,25,LXSSA_REPAIR,426.6162329702929,125985.0203670297,1.170790206666667,,6030,6030,0,0,100,0.0,1,-27.769192522868675 168.36755743041954;469.33453497133803 -883.0204382024449;-346.91563982935105 -929.5885950612336;439.21917696389687 896.8567342939718;891.2182423176491 446.26564301869706;-33.715609171829364 -918.2483015445629;-789.5216258298713 -461.18884191203665;736.3065636011574 -22.844290042224507;-995.411824073645 -91.39212222348463
1000,9,26,LXSSA_REPAIR,435.496601874911,125976.13999812509,1.170790206666667,,6030,6030,0,0,100,0.0,1,31.180436983644288 997.9136558718669;342.1062907870384 696.978376250775;-482.20918222122583 876.0561081240953;-885.4109133897625 -415.4997939416469;576.5105355287739 -64.20110276066393;-490.71431500064085 -506.27162140660784;992.3991260822875 -58.11057999231907;785.3818687570325 297.336319004552;-15.452678011153552 -955.4110558418774
1000,9,27,LXSSA_REPAIR,419.6145203367341,125992.02207966326,1.170790206666667,,6030,6030,0,0,100,0.0,1,-979.8852255849824 -197.65927184428318;440.9411651755985 -897.518136361209;873.4123417098008 -479.2467681964154;-25.95141736949059 -470.43005164025544;193.00547841806116 -59.05723250591018;887.7734257029723 395.1126697474896;-462.95749969541225 -201.8996980521516;-726.0489927091684 -650.912740175843;452.36848944711835 840.9273623014068
1000,9,28,LXSSA_REPAIR,544.4105165810761,125867.22608341892,1.170790206666667,,6030,6030,0,0,100,0.0,1,-616.4977845813352 762.8864090639198;418.5905113931602 858.9533268367735;-190.9283562376814 -960.8229681706572;948.3823425489413 310.1625523414461;-259.5411625527904 964.9951709466437;104.66209099331766 -473.5419019380583;401.4374540356144 -2.383692882280862;-632.5426107747451 -41.53519824157235;-885.4743076249468 -464.6881010371472
1000,9,29,LXSSA_REPAIR,725.4422959049116,125686.19430409509,1.170790206666667,,6030,6030,0,0,100,0.0,1,26.66678669206329 -935.6469500299906;611.1754965158589 123.29156856646843;-508.6315625118139 605.2832076561282;-124.87990221726564 -583.2451159120322;287.31511671251036 208.38763063572296;586.3018381200942 -794.4718960711739;-847.7796668011589 526.7760860524004;-293.66350583488224 -79.77958606728176;852.9146256211162 522.0310620202675
1000,9,30,LXSSA_REPAIR,486.5626893622102,125925.0739106378,1.170790206666667,,6030,6030,0,0,100,0.0,1,145.0513283873212 981.3745296103398;-478.43085255650345 -873.5962521965695;584.0489263963984 188.53083973416116;-68.82201730367099 -972.3198719208546;-835.632778636649 488.7498659199837;-79.09507583947922 578.3108172782728;-828.4602591414978 -530.4799078608582;581.0206572033062 -773.9982470379291;902.9088077361944 -429.83215736714567
500,8,1,LXSSA_REPAIR,1411.1312883868231,110954.76791161318,0.9428423512333514,,6030,6030,0,0,100,0.0,1,-255.09644028993 430.02684253936997;-269.21997570663757 -209.59274975901826;327.58184733466226 -368.0759966984107;93.61076553488907 -138.52607767949445;499.05440346036903 -30.736011237882202;-76.95092271273894 136.26950585152304;105.98129392232137 488.63872774319935;-441.2022909307579 148.62284661965975
500,8,2,LXSSA_REPAIR,1304.0999644099356,111061.79923559006,0.9428423512333514,,6030,6030,0,0,100,0.0,1,-388.59840078176285 304.7890903318147;116.47309697203303 -2.229678151249237;-235.0799640617466 -2.210066660994346;295.9206142548449 322.2215844421805;-56.46769074805629 321.7279329540232;498.77833764465885 -19.742806786967428;-397.2309433782533 -303.656954648975;-66.91984287872805 -321.3331379236554
500,8,3,LXSSA_REPAIR,1301.1356989197084,111064.76350108028,0.9428423512333514,,6030,6030,0,0,100,0.0,1,-76.8947839468737 492.85823789582906;-260.88438753298107 163.60390013845426;166.05099159979457 246.8462006761453;-425.36395191412123 -107.3309416700533;313.89775163325936 -164.66875377569204;474.1348038576459 158.69200264272794;161.92256085813906 -441.5915539715412;-85.89376759125439 -172.85598293006984
500,8,4,LXSSA_REPAIR,1695.808217049591,110670.0909829504,0.9428423512333514,,6030,6030,0,0,100,0.0,1,464.33702454813437 78.15571205610865;86.25104390445533 107.9591158524098;-129.87462507204344 -134.56472331071805;-108.38976600451134 471.95158851679673;-293.43969215221506 -404.7075966347585;253.6259707118313 430.89867395312547;-497.0952244507748 -52.547648065378894;-281.0654363185173 168.03083400644394
500,8,5,LXSSA_REPAIR,1288.090705025577,111077.80849497442,0.9428423512333514,,6030,6030,0,0,100,0.0,1,-29.627245406120757 -353.94057899477554;-284.5800667596506 344.06317239083;311.9756210370291 390.7314302129306;483.59913303113393 -82.53692288747885;-498.9070386203613 -33.041894846713944;-18.76209703895661 499.6462336959272;303.7647018580379 -396.4574825192957;157.97248723007255 -32.24728314977875
500,8,6,LXSSA_REPAIR,1496.2949049674353,110869.60429503256,0.9428423512333514,,6030,6030,0,0,100,0.0,1,248.8942839216564 7.586393942984444;400.1784040043609 -291.48471891561985;75.88794687700998 -297.2502004382844;-251.3287663209964 306.20248482554945;84.93010851176096 303.3852245211317;-88.1936501260245 2.338535509497285;406.11187559466924 291.67291546515526;-422.57783886802287 2.947925572221171
500,8,7,LXSSA_REPAIR,1350.500305424779,111015.39889457522,0.9428423512333514,,6030,6030,0,0,100,0.0,1,-477.30797038761585 148.63700226569986;481.699370356765 133.97428518560213;167.46516011545447 161.7294992006977;155.2802640966 -441.4665809520589;-163.42516641698236 -447.75661900407806;333.6018159794573 -137.64544661794832;-151.10065591567115 166.91245215767884;-326.6511052084739 -141.1868138091018
500,8,8,LXSSA_REPAIR,1379.5841134910734,110986.31508650893,0.9428423512333514,,6030,6030,0,0,100,0.0,1,-230.82213155233896 -286.0639350014516;414.5357914036137 77.3439952876254;-9.021970109680707 -499.91854621833824;212.89443618519124 443.5943545072923;-431.53909652068234 82.5141996626759;204.50172490097248 -277.81222308294116;-231.81671618734757 443.0135552058365;0.3426293002597113 82.29694322892068
500,8,9,LXSSA_REPAIR,1586.8013206346511,110779.09787936536,0.9428423512333514,,6030,6030,0,0,100,0.0,1,-270.9743858300069 320.5291780600783;-101.51854957764651 -11.715612648868564;-280.67360863969475 -343.73081318308164;92.6927454370038 352.4594472699239;406.7368313858963 -290.7021497151135;82.4201947369482 -341.7861097966277;270.74915376562865 -2.9567520126220637;416.81452154523777 275.74328974041947
500,8,10,LXSSA_REPAIR,1666.3125968643726,110699.58660313564,0.9428423512333514,,6030,6030,0,0,100,0.0,1,-289.48999167266896 -187.57524038510476;408.69199453467036 -152.0438523090985;250.18218904614514 -432.53631550024255;262.5910054380631 147.38525853204948;-109.06102096924599 130.29364778801016;-457.0002740952653 112.52972635133025;34.752896911316924 405.61927648752635;-273.7769260779659 418.18843959212137
500,8,11,LXSSA_REPAIR,1172.443995647831,111193.45520435215,0.9428423512333514,,6030,6030,0,0,100,0.0,1,-103.57601979982508 373.7702269901336;452.0408835835752 41.731794827352005;-116.5256700753693 -307.9118973982058;266.14928274960295 390.2573186083775;-303.42487370929814 47.06479000382971;-444.4193673336452 -229.11007384827604;73.84996079035513 48.768823519688375;261.1435331118467 -293.15284582323056
500,8,12,LXSSA_REPAIR,1326.278126799225,111039.62107320076,0.9428423512333514,,6030,6030,0,0,100,0.0,1,-57.17300819241192 -334.71693730123013;-391.2705723748201 301.79115796658135;311.27119375588836 -346.8691360985745;-229.7477698947998 -0.12554391843623772;-48.27578805683158 320.64154613987876;483.00614990830303 -17.830225973968567;-397.00675802048454 -303.9500519593053;120.1831522609659 0.2875054410518831
500,8,13,LXSSA_REPAIR,1458.3987738430003,110907.500426157,0.9428423512333514,,6030,6030,0,0,100,0.0,1,11.485679357203438 -147.47585851868413;-483.03430125080644 128.64869277228388;28.495629535897738 496.9615733320792;188.55466229798307 189.8119979533513;-332.1691365870323 -141.28865985157526;487.0185479373 113.19423114736794;-157.42180641710945 192.4883642718167;-170.13071241191423 -462.4291906901826
500,8,14,LXSSA_REPAIR,967.7997938880872,111398.09940611193,0.9428423512333514,,6030,6030,0,0,100,0.0,1,-339.014914993234 227.68375083943187;101.8149537007863 -35.36645968667574;-79.74957599559862 489.94102252460635;-92.78550769114288 -396.34854552471285;-472.83003555776367 -162.57836204458758;306.6511260349427 -394.92413048346805;323.1680903786983 381.52638881338925;497.21787635941894 -52.45390764855054
500,8,15,LXSSA_REPAIR,1194.9090038139402,111170.99019618606,0.9428423512333514,,6030,6030,0,0,100,0.0,1,345.3348682574538 353.92929534973615;142.35995466866873 -19.706858105563636;-42.00633511569559 -375.1925115372385;495.9174633142203 -63.360591601224264;-24.151790925313314 418.4485509497881;-398.5407825008327 301.90038323464034;-251.93260619934844 -5.936438950523592;332.2677512518406 -361.78797545674615
500,8,16,LXSSA_REPAIR,1460.0532954297232,110905.84590457028,0.9428423512333514,,6030,6030,0,0,100,0.0,1,-369.79506024138016 336.43198611403477;495.76831255420757 -64.91363698910689;268.89918737449375 -344.3839138999222;-230.0369032538881 -49.682206871585166;-379.58709193901313 -325.4437580186216;287.75887068791025 285.9103357379847;-79.89261238678083 -396.48763663199685;100.30290672859448 -58.83300594560308
500,8,17,LXSSA_REPAIR,1246.9164830310035,111118.982716969,0.9428423512333514,,6030,6030,0,0,100,0.0,1,-93.12494640984933 -369.49468142613506;-72.26005709850426 428.88696682894334;121.0138133588045 7.521902957284131;462.57064005254375 -71.32831758637609;-286.403029239771 -5.442550289707383;-407.508899816763 -289.7122869183375;307.8072533326336 343.5797595307614;296.93503403715056 -359.52835183701586
500,8,18,LXSSA_REPAIR,1376.188060523782,110989.71113947622,0.9428423512333514,,6030,6030,0,0,100,0.0,1,-208.14353236974975 -28.32136007504127;133.75674304765133 -23.485834255726456;-378.7879850890568 -326.327334017845;-35.30224402210883 281.9930910851061;299.9270795381411 -328.2579578338665;-371.3578321543504 285.8684752401669;-44.13954643603283 -336.71407822764826;472.74945430686284 -34.436959683674154
500,8,19,LXSSA_REPAIR,1406.3123849143594,110959.58681508564,0.9428423512333514,,6030,6030,0,0,100,0.0,1,277.133476845245 22.441027530072557;98.14886083081855 -290.257584362782;-418.9012230641451 1.6817937704361807;-244.0391628672952 -297.94188165165906;-228.65590611966218 334.25617699615907;-69.80941296654065 19.4301141388623;109.24440894849522 328.610687372436;425.6756500007465 -262.2973380767855
500,8,20,LXSSA_REPAIR,1226.6054308299208,111139.29376917008,0.9428423512333514,,6030,6030,0,0,100,0.0,1,-390.25124989259143 299.16384816960135;-234.83487744270212 -21.938644490220362;123.61325049985577 -8.594559329985634;-57.705783915589194 324.9863504752113;492.36213520795525 -4.826980735983383;-71.35773407696107 -346.524173450921;317.3696196540544 325.91582607454666;304.6243878559999 -340.6292681185841
500,8,21,LXSSA_REPAIR,1339.17705977874,111026.72214022126,0.9428423512333514,,6030,6030,0,0,100,0.0,1,-498.8094259403881 -34.48403614561609;371.3658131529345 251.73956441751355;198.60890045839554 -44.97952887744319;-337.91130145253817 -362.49341433142365;-159.96917705029855 -43.70407619094591;-328.6648774775992 267.0360971631819;13.95890416042444 -361.5448168631618;21.54580442758454 269.1201419118749
500,8,22,LXSSA_REPAIR,1175.8271333741286,111190.07206662589,0.9428423512333514,,6030,6030,0,0,100,0.0,1,-53.322233878831256 313.902019900663;322.25334968952035 327.8893943376625;-226.844204967494 -3.1494140550360052;310.75778205598124 -345.3320990592761;-398.16842252376654 -302.4266974077111;499.9583019655799 -6.4572668904108355;-391.6627237891784 310.8059053397179;129.42556731774968 -8.883265044519744
500,8,23,LXSSA_REPAIR,1055.6985716127529,111310.20062838725,0.9428423512333514,,6030,6030,0,0,100,0.0,1,-231.83995630775618 344.9765236260443;-494.8970629986497 71.25233426424995;482.6350944580878 -130.62681152787877;-243.560135634108 -436.66744067221805;-14.576628144050305 -40.49611307629001;328.9823320454636 156.73608805733386;143.399165602981 -470.2602769890761;155.27778852955814 456.4964840374299
500,8,24,LXSSA_REPAIR,1175.4361228764028,111190.4630771236,0.9428423512333514,,6030,6030,0,0,100,0.0,1,-59.59324862316534 248.0341013254582;-71.27771529863305 -414.5414663093637;127.11849099883419 -80.69619040378507;486.4888009427349 -78.22759487882765;-246.2700698136909 -79.02893724722236;314.8798940779408 245.92340889606274;299.77871383103553 -399.4995796684105;-417.8069068731766 237.56683473553397
500,8,25,LXSSA_REPAIR,1357.449554405539,111008.44964559446,0.9428423512333514,,6030,6030,0,0,100,0.0,1,300.32113858253945 -98.91799932574563;-52.65260478093211 -104.76644133305646;-420.27367293107073 -105.98743546455087;-231.50753087008903 206.89395416194458;133.27422551718857 204.97125484575741;-39.69818651028877 498.42153315108783;-243.66918465657704 -424.15793378914765;458.94691260689694 190.83533842409494
500,8,26,LXSSA_REPAIR,2280.3942155447585,110085.50498445524,0.9428423512333514,,6030,6030,0,0,100,0.0,1,-264.7853940940511 363.3074382055333;122.49743533554793 -384.0414720490014;-352.38619473055496 68.02769596538809;-445.88709938605916 -226.24034697879725;-126.64621295432677 -149.7929411766073;-33.29830726993088 153.44679122686367;497.4645708708612 -5.444501621104627;283.39042585380594 226.18717344762436
500,8,27,LXSSA_REPAIR,1255.413083625317,111110.48611637468,0.9428423512333514,,6030,6030,0,0,100,0.0,1,-408.5103848785422 277.05512777515133;-420.31495280104144 -270.8049860173522;143.73271347099578 -105.11682687853478;499.97638414463245 -4.8276124729822;291.6993830443225 -394.52060816574334;-59.99389030706098 -483.5898761346819;-48.68267219495664 492.99629922457046;299.3261695986267 400.50448710771536
500,8,28,LXSSA_REPAIR,1339.50997038286,111026.38922961714,0.9428423512333514,,6030,6030,0,0,100,0.0,1,492.05225813660996 87.37371666969302;-24.95651516400294 -402.36435496989367;-202.24856525686295 77.56630056361983;372.8943351123937 -286.4807090037154;-11.60090346732987 451.9300193901987;150.32871557913143 169.4021063126866;-354.7687753845031 352.2502333589204;-372.9417143667212 -321.5671461387583
500,8,29,LXSSA_REPAIR,1436.9540439641714,110928.94515603584,0.9428423512333514,,6030,6030,0,0,100,0.0,1,-292.3173727404126 361.6086544737829;-303.5301998419139 -248.39800937601007;-469.6603339576732 44.31909242659171;-131.71724776351246 51.45313347808047;208.06558410575568 42.892899362663826;366.48701664546826 -247.5477138225517;375.22675319211794 330.4577697729235;35.290912738538275 348.4139370243938
500,8,30,LXSSA_REPAIR,1330.6448175785772,111035.25438242142,0.9428423512333514,,6030,6030,0,0,100,0.0,1,26.42351273433692 -483.8535597277179;38.438197351824876 211.09257753517446;311.35921849435186 -318.50674721996376;-293.69416768377454 398.5550916142712;491.5049839404807 91.77609035946;-453.23878368034417 -73.23224802681116;-301.3932681866351 -396.04463614124626;322.7880368939492 381.8479844626006
750,8,1,LXSSA_REPAIR,591.882975334709,111774.01622466528,1.038658059433328,,6030,6030,0,0,100,0.0,1,667.3149529811699 -92.3559448296619;70.11298404382778 -401.8831847339896;-506.07457982759945 552.1258527180835;-518.3897372752434 -331.52739298284916;-746.7875472437578 69.34233397897782;336.3415496944881 488.3561842265091;-199.56401102845345 -664.2673494848763;96.1651596009141 734.7466766278534
750,8,2,LXSSA_REPAIR,646.8414359774324,111719.05776402255,1.038658059433328,,6030,6030,0,0,100,0.0,1,585.8587428083113 443.1846338505249;411.7485795632966 -74.49813612627764;-502.06101929211087 554.8458380680141;215.95904755321985 525.2634835273374;-730.9542864243731 165.69182061327672;-514.0167955745303 -231.13255029370393;212.96623990949848 -691.2691990641276;570.1655160723064 -487.24868833276554
750,8,3,LXSSA_REPAIR,674.9701629418851,111690.92903705811,1.038658059433328,,6030,6030,0,0,100,0.0,1,-72.67642583906014 -726.3183479103691;563.6444687176171 -365.89446211637903;-631.9815524662297 -125.60506822747874;-54.76801755283016 720.5762332098565;197.51862421333175 288.7004210612782;-414.85045785916316 622.710086990713;-66.49263350851285 23.70043775310782;734.4429238522636 151.85459881145746
750,8,4,LXSSA_REPAIR,641.0184391947405,111724.88076080526,1.038658059433328,,6030,6030,0,0,100,0.0,1,-74.26750393181331 687.2544025164647;-125.80305365811826 -717.4710181976867;-658.5494454090726 -358.90476167279087;410.25966523313616 -166.2152897198863;749.5179330451523 26.830344112120837;-649.9388803061049 364.6077869801658;583.638888084798 -471.0261652128686;-349.60150116035584 -347.0050825703896
750,8,5,LXSSA_REPAIR,660.9695803551149,111704.92961964488,1.038658059433328,,6030,6030,0,0,100,0.0,1,723.4473789330874 -169.4725458851682;-572.4010396813276 -284.11933246358717;252.21728332524012 506.60592841741027;545.1752939658162 -477.9320295343268;238.08325535192625 -296.178373740159;-562.0688677419727 495.0787570263708;-295.80377645234677 -442.37221608663543;-47.05551246761321 -2.690064590163809
750,8,6,LXSSA_REPAIR,564.3234551096539,111801.57574489036,1.038658059433328,,6030,6030,0,0,100,0.0,1,-7.185359012502528 710.4088237021787;479.7408225791352 -475.94687230817533;-22.80456482930301 -749.6499729117415;-253.63124936755494 30.449680540376793;232.1995017105211 322.4614643922643;480.6758209564718 575.4410769305325;692.4871518573332 -116.48920577922077;-682.5383610990002 287.2782624781422
750,8,7,LXSSA_REPAIR,596.6455728587025,111769.2536271413,1.038658059433328,,6030,6030,0,0,100,0.0,1,-31.625588356674303 661.2230207101805;-181.00707452598624 216.31396859459002;-648.9928739286836 111.0106976878529;218.97272939325146 225.5881412393501;-415.62296685880904 -554.1282335443045;410.75789015936044 -127.42455952571162;-391.511407817142 580.2189593692386;599.0905091669761 447.7379591068918
750,8,8,LXSSA_REPAIR,627.5551620203041,111738.3440379797,1.038658059433328,,6030,6030,0,0,100,0.0,1,7.63802131693191 591.3902741927418;-414.2187544472255 614.712302899863;368.8789353784367 -106.33803586555955;-427.91783226905335 -187.5649445306146;741.7700023850629 109.61336480503446;545.0546264193414 451.7226823594202;-741.62656190535 -111.75885949869982;-193.47624420004436 229.3587958032765
750,8,9,LXSSA_REPAIR,785.6682999447075,111580.23090005528,1.038658059433328,,6030,6030,0,0,100,0.0,1,579.7318484369307 -405.21726378575954;737.4971912065063 -136.37409197686276;252.68272036973633 286.8873960762355;233.98288977493291 -711.5485056448045;28.747968957217275 -89.05693583082844;-313.22727467547793 -398.9362929356828;-131.7057001004778 276.2534534920314;-575.1719645075669 481.32858968121354
750,8,10,LXSSA_REPAIR,511.812149930789,111854.0870500692,1.038658059433328,,6030,6030,0,0,100,0.0,1,-9.18114618758661 -521.5806522713843;-301.1437867449326 466.4652725207644;-476.0616256430522 -44.312063027461335;309.2448133176646 -332.03909805056844;-14.774465379190444 749.8481760260835;-659.0731238853488 -357.2895045653642;735.0059911976098 -85.70203740548034;543.9749811909933 456.85885564714783
750,8,11,LXSSA_REPAIR,834.4347196821036,111531.4644803179,1.038658059433328,,6030,6030,0,0,100,0.0,1,-370.9545021625184 -560.7809757312695;-60.37845656923948 -566.3782816541562;439.19066053791107 -298.7022950088387;197.79109613778198 -64.55286941728548;633.6193385481957 401.28111570038647;-59.26246531093439 704.4624177392722;-696.5551226311119 108.20756702086194;209.36877244606444 553.7021706740287
750,8,12,LXSSA_REPAIR,672.8623104475992,111693.0368895524,1.038658059433328,,6030,6030,0,0,100,0.0,1,-664.6192000372015 197.0141603627193;-450.60614782953985 549.6448333239917;-129.07078972722687 356.66951092950274;140.15870803599944 -579.699175741292;530.5009574673506 530.1591592401513;351.85582001834007 212.6131967616034;740.385008825056 -29.622294095211725;-458.39036280538295 -210.6606842238339
750,8,13,LXSSA_REPAIR,614.4791927404003,111751.4200072596,1.038658059433328,,6030,6030,0,0,100,0.0,1,-370.96838342763255 -125.26423742478526;-722.416490543982 -124.06910951931991;-152.79233326320244 593.3126270520978;-177.00058549387407 -668.6836155095621;339.76328080491345 -157.21119055507054;-548.9567785653852 371.7845306596976;517.5249241071781 409.7871833617411;149.05921681925173 416.80006572459524
750,8,14,LXSSA_REPAIR,563.7462333953881,111802.1529666046,1.038658059433328,,6030,6030,0,0,100,0.0,1,129.77331650590432 471.7898437862148;-735.3881141862958 111.08348277365809;523.8870530162334 -483.63943331349805;-466.1079507001676 -410.4444372893942;718.141790460683 126.9022435481994;-139.72878817762023 729.4621310267902;-474.5392174463524 530.8872497904883;-170.18000479719782 -702.2895080004793
750,8,15,LXSSA_REPAIR,574.7849063353933,111791.1142936646,1.038658059433328,,6030,6030,0,0,100,0.0,1,32.791202483553 -290.02476670565466;-229.18857283403995 -713.244972363902;585.5766500369871 -426.21456147980865;218.91354430615033 236.95320582037155;744.4462079979353 90.88355133928277;-621.1829032727693 420.2534309393908;-635.8308078698454 -322.66547571235543;-228.04128682263817 511.95283365295074
750,8,16,LXSSA_REPAIR,622.11316160344,111743.78603839656,1.038658059433328,,6030,6030,0,0,100,0.0,1,-487.0626967208414 270.21751754672454;373.0265906234032 38.21274122751225;-239.81424243076117 -583.7861419612492;583.5959334458321 -342.5313827016642;-638.383744548723 -2.4645660504256246;747.0391989170893 -50.17112657400179;-33.330812835368725 144.63610911112696;191.2861434294168 -565.1093201463602
750,8,17,LXSSA_REPAIR,453.569258358606,111912.3299416414,1.038658059433328,,6030,6030,0,0,100,0.0,1,-744.6305229033503 -89.5486416423266;279.1455780892201 285.3577610123084;-143.97480922872614 -694.1599145539344;512.0694964196707 -525.501620272154;-557.5833393843642 501.59733486136736;717.7224248855332 217.65688782216404;72.88250988675006 -90.82519553507828;-169.32567180965398 730.6358563387731
750,8,18,LXSSA_REPAIR,406.1223676511872,111959.7768323488,1.038658059433328,,6030,6030,0,0,100,0.0,1,-525.085588975819 509.5746305408673;-197.01101709376843 -714.7479212041807;7.769106403825995 1.4077855538990414;-529.8986954099882 -525.6080567616538;540.5395909195461 -496.0694043421348;548.9718444319394 484.04306635348576;-732.3634232616752 -161.68591565628404;199.5546780935517 681.5188911606712
750,8,19,LXSSA_REPAIR,527.5291760893888,111838.3700239106,1.038658059433328,,6030,6030,0,0,100,0.0,1,427.92243294531625 434.0765255150495;652.3969167344902 15.52145962307471;167.18807512588523 712.3769379542296;-440.5846420007376 564.9701871588142;161.56527712944504 -433.5717600147051;-742.1749158525556 -98.30679762600806;-168.86557663346719 -242.4416107155562;-469.2835669663349 -563.7005864885045
750,8,20,LXSSA_REPAIR,562.9126412198675,111802.98655878012,1.038658059433328,,6030,6030,0,0,100,0.0,1,-278.20851814671164 -554.6155937397871;-570.7588708728446 410.6391930414113;632.6375631489486 -346.21601742480016;-743.34993475377 -93.27600269694761;339.5592455313814 561.868863107602;-265.6047980786335 701.3942275439751;74.90338488700039 -650.5340840946856;95.78098180067471 149.91100419868965
750,8,21,LXSSA_REPAIR,547.4140458929323,111818.48515410708,1.038658059433328,,6030,6030,0,0,100,0.0,1,741.9088454994928 -67.25584088382779;-629.4856557984664 -382.7985687476592;-482.4544798308835 55.74034231876188;361.9601793385533 -70.6462161996053;197.1145777051452 -359.7650447686126;-122.12075966931833 716.7247766912224;542.0923237154614 518.2997593568371;-115.53129150912916 -671.4827062727497
750,8,22,LXSSA_REPAIR,447.2298953814752,111918.66930461852,1.038658059433328,,6030,6030,0,0,100,0.0,1,444.03527759223095 531.573035474547;-372.4643867255578 501.143593832288;211.876635741458 -197.13897296942048;-20.242378128445836 -613.0718428330454;441.67971520988993 -606.1508268262136;-14.815530398246672 524.9880909382615;686.0521434841563 -188.5550998098226;-645.1571752486133 -15.919851701263557
750,8,23,LXSSA_REPAIR,926.8044272875268,111439.09477271247,1.038658059433328,,6030,6030,0,0,100,0.0,1,-516.3228121564916 -533.8823947745622;139.49367384753367 -696.2627515120163;-505.85434291064144 131.27981373423907;633.9297804266408 -190.61965192370332;-224.68965755012974 652.2568291734367;153.14330681316085 -65.41563062215151;372.9956530071769 646.4750386427324;-255.8089451175164 -292.5473184397566
750,8,24,LXSSA_REPAIR,790.3796473233815,111575.51955267662,1.038658059433328,,6030,6030,0,0,100,0.0,1,170.13035010790054 -595.7982119947902;500.013994629183 -270.3372508459776;719.5222662454371 211.63059571196712;349.6910187207509 4.290093518383061;-16.952609800174322 1.5527495658721244;166.47654455176843 551.1824040556512;-539.7151032670566 -167.96854640865163;-381.20025461810405 226.06270331529748
750,8,25,LXSSA_REPAIR,604.527634695507,111761.3715653045,1.038658059433328,,6030,6030,0,0,100,0.0,1,481.7606942195089 419.59557841857895;176.17234455564846 -728.442115412811;-160.74646969331363 -122.91557445864663;-575.7722862204029 458.7557242493511;687.503356648983 -215.9211280449214;-380.0524491691531 106.58926917650028;-743.0247672272012 -101.87515320763954;192.23012677778536 251.15721031770914
750,8,26,LXSSA_REPAIR,781.4408130589145,111584.45838694109,1.038658059433328,,6030,6030,0,0,100,0.0,1,-364.5306301659087 397.4643530658925;-729.5486753474551 -173.75907226259153;650.7648400312657 -207.25423015815144;161.27731480311638 365.1059785601862;663.9280817033191 348.7235675878163;-160.8026591359493 -208.29111597484965;-581.1839099577256 -457.3831909037045;448.63036023167234 -550.9978104322701
750,8,27,LXSSA_REPAIR,644.8818513343722,111721.01734866564,1.038658059433328,,6030,6030,0,0,100,0.0,1,555.1190435488785 53.38368963381557;128.50038301265968 -607.8235790340135;-482.14427039328484 548.570640116955;712.4770352531682 -234.0027938769585;390.73270806564824 528.6295900246249;-198.85233297993582 709.7803034522532;-723.7259157562283 -196.77601190899424;-486.040533358838 -444.84753815131427
750,8,28,LXSSA_REPAIR,687.1525525852339,111678.74664741477,1.038658059433328,,6030,6030,0,0,100,0.0,1,288.20617802639333 660.0640455699232;-337.8233481451403 228.65412832805808;121.35430150055336 107.36332892064057;-351.1019312565738 -624.3221853899777;-77.22751089400336 683.5032037292823;-630.1410719218218 386.8625965915617;552.7321237581566 -346.69934076881094;719.3208234403538 212.31474975868073
750,8,29,LXSSA_REPAIR,519.0461661448207,111846.85303385518,1.038658059433328,,6030,6030,0,0,100,0.0,1,602.3618793534937 446.8316928570231;-267.7439057898602 700.580616997352;-731.0210742140367 154.02463330287807;-538.2327345044677 -166.28056956897356;421.9897501670022 129.39770805679126;261.0613983143672 -146.40216756597025;53.98786872422049 -524.2268747486993;-290.5528055109816 -608.9261593441252
750,8,30,LXSSA_REPAIR,478.2327582686557,111887.66644173134,1.038658059433328,,6030,6030,0,0,100,0.0,1,-68.66540553318426 -519.9001273483389;434.5722551276863 -522.4464781853429;697.1164490221705 -83.44511473117423;445.3480025889781 400.2987058214582;-297.6580344112138 176.98338542915704;-85.02317788561719 719.3974998418549;-490.47168018141866 -428.22593689078343;-694.11738677351 168.98928814957378
1000,8,1,LXSSA_REPAIR,406.8549349085224,111959.04426509148,1.070676770766659,,6030,6030,0,0,100,0.0,1,987.6508331500277 156.6380626572986;402.46439200432985 188.26377239960232;-597.4951095577953 -69.26111924360552;-237.9718910623066 -440.9882528212964;-855.8913743223387 -504.3743221646619;762.2587266486314 560.2531049236396;-261.42484224285135 934.6711131122148;-845.8764331066537 354.2886889178539
1000,8,2,LXSSA_REPAIR,201.1172804141679,112164.78191958585,1.070676770766659,,6030,6030,0,0,100,0.0,1,262.89984155277193 937.0274386003301;677.2202181818843 -624.4534469833524;-906.3878689319541 -122.1758530607837;-401.54305699606186 -915.8400953206225;958.6685856047594 -121.21162271302238;-337.8481302247845 936.0756822792969;-32.71459999051061 412.03127134920913;260.29247943950736 -517.9066103902927
1000,8,3,LXSSA_REPAIR,300.8484383873147,112065.05076161269,1.070676770766659,,6030,6030,0,0,100,0.0,1,-995.0152097380845 75.01341632526926;274.70359769862847 -811.3935994169851;-440.5487020822877 85.67831595483796;591.2549281717584 -806.4843679753455;893.9143982024543 -249.8861971555423;280.04517696542786 326.70149194097814;-778.8780172246095 -573.9850491025854;-212.94085545455002 831.3819943186414
1000,8,4,LXSSA_REPAIR,295.4140549609583,112070.48514503904,1.070676770766659,,6030,6030,0,0,100,0.0,1,752.2092958551964 462.52059749088545;-117.47998822075469 -910.9391952282083;-466.2934115392844 319.51901057635865;524.709839230495 850.7522534420373;-948.9444383561995 200.97928703351877;996.7873996027179 43.58619682329992;517.4064780713289 -249.49665002531071;204.264996844048 305.68846241977707
1000,8,5,LXSSA_REPAIR,323.72093980062346,112042.17826019938,1.070676770766659,,6030,6030,0,0,100,0.0,1,27.20398031192303 -425.784880927223;361.2440299713162 -82.58624575995901;995.5775754007632 -93.93124025941646;823.3224615414869 402.62625019642235;-490.94875887011455 758.4893060054916;-857.9751963930653 -427.13396162599923;-514.7227216613134 -769.5710365245873;-200.00834542246847 240.30904753710382
1000,8,6,LXSSA_REPAIR,428.5413472178189,111937.35785278218,1.070676770766659,,6030,6030,0,0,100,0.0,1,824.1727063605575 -385.59418036423557;-440.95743825195876 -132.62343579694874;73.13608302218071 711.2022688744778;-241.9968255238256 532.0376503711159;403.84970106686865 710.0868876037598;989.2221840198308 146.42173265683513;590.9109485060061 381.92460544389075;-934.37322605905 356.22468220330165
1000,8,7,LXSSA_REPAIR,275.6889925235155,112090.21020747648,1.070676770766659,,6030,6030,0,0,100,0.0,1,946.0087664472878 17.22325338905599;738.6357418918316 639.3542810137249;-471.80515923578935 863.323906351416;-850.3138027437942 488.3738820863682;-863.6363902624312 -488.1004845505213;-474.49636255141564 -878.5786358947589;111.53789188584952 993.7601267732515;732.0100016991898 -645.7303129027412
1000,8,8,LXSSA_REPAIR,347.8508872125385,112018.04831278746,1.070676770766659,,6030,6030,0,0,100,0.0,1,-748.6291401037403 -47.03424044490607;-949.7751691668551 311.4013226977426;173.5622301639739 -273.641057650797;-334.84478713784335 -807.4285627771171;700.1711397077929 713.9750487590796;359.22603036330713 50.62053120627189;971.1057027907085 -97.54843064106998;-120.5066364679679 -442.1735954063111
1000,8,9,LXSSA_REPAIR,226.43834660422,112139.46085339578,1.070676770766659,,6030,6030,0,0,100,0.0,1,207.96137545791413 921.8143053831483;-742.0613664054616 558.3110233636207;202.8975182502163 -790.8496816216955;998.993743024007 44.84976475840271;-358.2032218267718 -932.730766237554;-933.0464320683866 -67.69594011150197;655.2302129830837 663.7278023646327;-361.79267685360094 931.3530868633279
1000,8,10,LXSSA_REPAIR,385.2766048990161,111980.62259510098,1.070676770766659,,6030,6030,0,0,100,0.0,1,386.88168678125817 -658.9124741319331;72.11538365236497 -54.69179653145621;-619.0701163633873 -403.63338454765835;-836.9834370692283 226.03003195424137;-357.7219558289354 -858.4838150158944;628.1361620604582 249.3485899391383;396.702582530588 917.947199469317;801.3849228316916 547.6300539959884
1000,8,11,LXSSA_REPAIR,280.4925083750132,112085.406691625,1.070676770766659,,6030,6030,0,0,100,0.0,1,792.6861745065955 609.6297096369716;309.67988781868934 -688.564518830589;-489.5130605602133 -480.7885337663582;-926.2385255753052 -376.93791762050756;988.7755155581765 66.41623617000769;-729.4192355746748 255.6441910683859;19.01298973305576 -177.69763630065938;315.3530246734585 882.386092126838
1000,8,12,LXSSA_REPAIR,374.94961672410136,111990.9495832759,1.070676770766659,,6030,6030,0,0,100,0.0,1,998.101031413284 -43.84674894205756;337.6891911124763 661.6599328466774;-622.0513511531242 -362.0542450482669;-831.1736885790799 294.63818392895894;-982.5145526381476 -155.10355767519385;-288.0714432331282 808.0889377879458;-22.031901910920748 18.16706596778852;723.9748197334033 443.6561955169167
1000,8,13,LXSSA_REPAIR,404.0659597512713,111961.83324024871,1.070676770766659,,6030,6030,0,0,100,0.0,1,-647.9166486099997 112.96865816521598;-663.3532392649885 -748.3064078014079;119.23912929167368 -771.9228805448574;978.8631048434896 23.60738320769933;114.9223499620984 596.962637780294;-957.3758574584018 288.8450580428715;784.7067608766132 -595.2573210831614;-329.45793327348906 877.5633015601696
1000,8,14,LXSSA_REPAIR,350.8345432438073,112015.0646567562,1.070676770766659,,6030,6030,0,0,100,0.0,1,-835.8724723811762 -334.79404594372375;-454.9249521976676 658.8097906489689;-77.34899091012608 869.5348254415342;458.943736055013 -888.4648725425124;-465.40983832312 -692.9553940923527;472.21748700214334 714.4966884189225;927.3288990751502 -96.22103834049295;-823.2079078700033 566.187626589422
1000,8,15,LXSSA_REPAIR,335.8487568629498,112030.05044313704,1.070676770766659,,6030,6030,0,0,100,0.0,1,439.46082346981314 734.1804325744683;-23.91141557311693 611.7554197282792;442.50207602447387 -892.6248972635;-317.743906807661 -658.5151506009597;-734.8112748075508 -654.355568733594;-728.2988438577443 669.9254458036584;-236.06167963776798 961.5157189293747;782.8718385800321 -558.8931369763241
1000,8,16,LXSSA_REPAIR,312.17264727725706,112053.72655272274,1.070676770766659,,6030,6030,0,0,100,0.0,1,715.922498865922 403.2342533034756;-602.7643031219432 -496.98427268944585;-246.05142174535158 129.35458040585056;366.80492696199684 489.0990016673395;40.83003772121848 -879.2514229245378;700.1884905446503 -700.3780859670645;-994.3935496855668 -105.5407875812417;995.3636451444038 -96.14941455938582
1000,8,17,LXSSA_REPAIR,368.1576571645128,111997.74154283549,1.070676770766659,,6030,6030,0,0,100,0.0,1,-733.4135109054413 -66.94535212306822;82.65494988270709 -860.3770760375461;443.82203306671363 836.9938901433956;-318.01405771716924 631.2253209142215;-307.34829715835355 -858.4935607426546;112.54834135914302 507.9918797272621;954.3214884353015 298.7816074224031;748.4304651785554 660.7216637399902
1000,8,18,LXSSA_REPAIR,332.66973906247586,112033.22946093752,1.070676770766659,,6030,6030,0,0,100,0.0,1,614.252430476195 678.0308004593168;-436.5613253462121 899.6740227120445;996.9687042040534 17.41740169779923;-814.5852153526117 -447.57535439473924;-456.7976759339463 -529.0283669544606;442.1140123237733 143.9303378957408;-67.4116533769636 267.9191635351743;276.7373996602342 -366.45691074074125
1000,8,19,LXSSA_REPAIR,462.04807651221927,111903.85112348778,1.070676770766659,,6030,6030,0,0,100,0.0,1,802.5205873896023 -574.4089979416942;129.75551773778324 180.77426896043534;-556.4330587434767 -830.8879670335222;316.09258923309864 889.5040943353006;137.78489248985792 -952.2018775099019;-246.60327356117014 559.879705153041;809.0217445121402 587.778714233965;-828.2808290937764 -559.8142947852745
1000,8,20,LXSSA_REPAIR,377.0665807764162,111988.83261922358,1.070676770766659,,6030,6030,0,0,100,0.0,1,248.6420396911575 -902.3770720337095;878.7174333007459 -328.7874859727005;271.36310561623173 394.89259545092585;-325.3419493466475 745.430818541342;-943.19748708701 -133.8888970260886;-339.0428012469538 -266.03071191274086;678.2763009395353 8.095052455652308;-650.0888916120621 411.4441170628393
1000,8,21,LXSSA_REPAIR,282.9934365356894,112082.90576346432,1.070676770766659,,6030,6030,0,0,100,0.0,1,142.97685475932545 -906.039475575315;840.4770046549527 -527.6259926515554;568.957681071681 -802.3017016059529;-767.5040562125258 -617.6650817861907;-396.6390152711397 904.4688062850109;-125.81195762601213 -4.6001917082294135;130.70540598284185 786.3540345859248;999.5906305747397 -28.240475269795077
1000,8,22,LXSSA_REPAIR,370.3076910428936,111995.5915089571,1.070676770766659,,6030,6030,0,0,100,0.0,1,-8.628961694435073 -988.3595189959678;-678.2280346843378 -584.4383804512305;567.3821427164238 -163.7398120725562;-220.61743891239087 -323.79585235511996;-939.9043925772622 -330.82721246211486;349.8553594410475 508.5807411249016;767.5863757264741 500.2352073357008;-670.5732081309552 568.1485603700648
1000,8,23,LXSSA_REPAIR,437.4073402315553,111928.49185976844,1.070676770766659,,6030,6030,0,0,100,0.0,1,722.660649612221 -552.4503257072017;-686.2085086223673 -332.40208139746795;-282.8891153240059 -572.2584381150597;259.2350177420768 311.12264438954094;-20.245861989091857 -140.80095066938844;-40.16359694302329 -998.7816552236816;3.128910684261832 746.1936097979835;742.4076688977934 586.22487864914
1000,8,24,LXSSA_REPAIR,330.1026924652542,112035.79650753476,1.070676770766659,,6030,6030,0,0,100,0.0,1,542.3114244486718 -833.1837831661231;-340.2743651102234 936.429566592598;999.1807061357124 40.47118093333829;-671.8190370059499 740.7153174576573;-329.7251327662081 -307.1270441906674;566.4383353386246 790.9925721122092;66.62727120957767 -950.34617982638;59.46840493004002 294.9078471568319
1000,8,25,LXSSA_REPAIR,298.4658565745194,112067.43334342548,1.070676770766659,,6030,6030,0,0,100,0.0,1,-59.5511784015255 -563.8435032945468;675.7746121207264 696.2626082827618;-55.09082500026784 781.0126403046781;959.1448911188714 -272.4754240093178;315.8132421139173 693.1281407162417;-766.6107217660343 -595.2608298659228;-971.8404287763174 0.14923827818184937;671.6865371552567 -561.3346439715014
1000,8,26,LXSSA_REPAIR,222.4837651217822,112143.41543487822,1.070676770766659,,6030,6030,0,0,100,0.0,1,999.6760057669069 -25.449217920574586;-888.2866183098268 -459.22673265166117;458.514191548832 869.7709390260945;-48.216733007953735 994.2232725997843;446.077995245034 -894.9841911011146;-77.37017742011899 -931.7591102530012;-514.0771180714924 -838.1645278573826;812.6169969244295 513.4184112676443
1000,8,27,LXSSA_REPAIR,355.4633767669584,112010.43582323304,1.070676770766659,,6030,6030,0,0,100,0.0,1,-510.90753015505067 -859.6356761040494;259.3563938785163 555.7339827831565;-929.7252603120243 316.9992657993627;-500.0598643261876 311.12897313801193;636.9605592536893 -753.8350289531558;110.48815435514359 129.20315742065105;934.877489994158 354.808858371187;-699.9230414688229 -338.0625314109407
1000,8,28,LXSSA_REPAIR,262.0917072098964,112103.8074927901,1.070676770766659,,6030,6030,0,0,100,0.0,1,-140.15270988149635 -938.464974446057;147.51010875741062 15.659251401110362;-888.3652610050733 -5.956425952685206;-372.8155515167082 -540.6729919909466;645.0964833279694 334.0382708062742;622.4740850761282 -782.6065030733446;-702.9321513284698 588.9557693604834;970.9899173161083 -215.6368264550468
1000,8,29,LXSSA_REPAIR,363.8749626408244,112002.02423735918,1.070676770766659,,6030,6030,0,0,100,0.0,1,-575.1341678249511 -393.22384472350296;208.34953008557065 -882.8693371908961;-249.393626596581 -56.77658229363506;949.9415934662961 -312.4275420040848;-883.1069291665333 -399.6293805098253;-863.1823910698329 502.95638045050555;652.3628746494345 -612.1126400556321;223.18443015935446 849.6228357554561
1000,8,30,LXSSA_REPAIR,340.1459274607041,112025.7532725393,1.070676770766659,,6030,6030,0,0,100,0.0,1,941.1008712665022 338.0437814140954;189.37592645601612 -945.3800683453788;587.9520216567624 -257.5075427536638;-329.00454277553484 21.906117253756065;-990.5925002635125 -136.83489856687663;599.0780705124228 674.1673158696876;-824.7254226871854 153.53341761365328;-613.7014809093129 -506.72317797049374
500,7,1,LXSSA_REPAIR,942.051680026445,97378.11011997356,0.7349609432666815,,6030,6030,0,0,100,0.0,1,-292.98134985567657 -117.14794658409946;61.821554944902005 235.29445558038907;216.0430662975483 -152.01443790281303;-122.06725184229803 -475.1718684752981;-457.14812047386704 202.47811689960005;499.940685447701 7.701365728419868;361.0833623072173 308.1393036222409
500,7,2,LXSSA_REPAIR,504.3835260201449,97815.77827397986,0.7349609432666815,,6030,6030,0,0,100,0.0,1,253.5880391348758 427.9641857698757;-252.9753051192056 -429.83451461190197;-64.57767419463231 -112.99361592786703;-494.7447001491446 3.5098157697595536;484.1567683655827 7.93157141591711;240.35116294319437 -426.5670794960899;-242.10388732583928 425.9866354915563
500,7,3,LXSSA_REPAIR,599.4464000295993,97720.7153999704,0.7349609432666815,,6030,6030,0,0,100,0.0,1,-277.3478224090686 -416.02133739042654;-494.5385945628112 -30.814527376097196;491.51138955400404 -12.618778175619056;-270.81643073326694 396.5125148373437;271.6581411798166 387.8962730130335;257.73530585623956 -425.424500542072;-3.095642045238553 97.23250926064736
500,7,4,LXSSA_REPAIR,717.1676344155567,97602.99416558444,0.7349609432666815,,6030,6030,0,0,100,0.0,1,-9.983445613517777 -36.21521292708675;417.1094312178093 -28.674427110308866;-215.26292316559935 350.44828455066147;-424.72859099941536 -40.032148722747394;212.97783244290645 338.2983567990289;-221.3730517252703 -388.9841784170283;199.0234410744691 -398.82521066343253
500,7,5,LXSSA_REPAIR,739.8841000594839,97580.27769994052,0.7349609432666815,,6030,6030,0,0,100,0.0,1,-66.35752422101153 -368.4075325996116;112.70404257914805 216.58550285464435;-249.93334517946298 144.27828286542288;-48.558385882681236 497.53329019166347;499.53765483319523 -21.497241770782953;-407.77686580192506 -287.75989283476105;306.51327491468214 -366.1385580107266
500,7,6,LXSSA_REPAIR,901.258281617338,97418.90351838266,0.7349609432666815,,6030,6030,0,0,100,0.0,1,-462.1995431422716 -189.5586619916861;67.73806163178678 -342.22268762260927;78.73175388413087 348.4287697736103;419.1286433115907 272.63742803204445;-117.10066124647996 2.651702308521964;-279.1542685804297 414.81669489581844;268.21520200601157 -1.3727804684244165
500,7,7,LXSSA_REPAIR,935.3651411878236,97384.79665881218,0.7349609432666815,,6030,6030,0,0,100,0.0,1,-96.21082442886002 -490.47682852837653;133.94212171071183 89.53972132789373;-270.98289202753597 15.240675584016598;319.8322772641263 384.3246968486745;311.1717181566324 -391.37215258555295;491.1292750203504 93.76585315553315;-86.64916604401806 484.35243584181234
500,7,8,LXSSA_REPAIR,775.9152570257138,97544.24654297427,0.7349609432666815,,6030,6030,0,0,100,0.0,1,-272.56251543007073 419.17736613412353;-283.22946776120097 -411.7632783805901;-454.15016531904905 -91.55343189279068;138.4701475193765 474.4948385620596;-59.934754668514095 -175.6709759298352;499.8832714841262 -9.852165453350343;356.28460284381504 -282.44580454645575
500,7,9,LXSSA_REPAIR,1086.5631600432243,97233.59863995678,0.7349609432666815,,6030,6030,0,0,100,0.0,1,-120.93226344802896 -163.28151852312487;363.18475920820856 -303.860568245645;-295.8927241458816 138.47031700109318;125.06669009405908 95.20488252091752;-108.12576241521514 485.1475689290207;-446.0681395729255 -225.8831885243988;373.75988368267537 331.07392067671924
500,7,10,LXSSA_REPAIR,785.0159868252376,97535.14581317476,0.7349609432666815,,6030,6030,0,0,100,0.0,1,-151.49763569960658 -334.7213026900316;257.6572081438729 -424.3650612241473;7.4262187494794825 138.2425705625411;-147.2755489427128 404.57812518560155;269.3732784173301 401.76520819763874;-442.5475886728743 227.59458775312578;494.7260430527878 18.420358016987443
500,7,11,LXSSA_REPAIR,1661.023917668921,96659.13788233108,0.7349609432666815,,6030,6030,0,0,100,0.0,1,-407.0152718110952 8.441909257200535;58.51651880762021 -496.5640110062724;-207.3344101334941 438.38223635689343;61.88315801211717 164.71525089108005;376.67197172970157 -327.2128960687631;388.6524952261576 236.41693896160092;154.35504861634988 463.2356857344769
500,7,12,LXSSA_REPAIR,820.0772552024282,97500.08454479756,0.7349609432666815,,6030,6030,0,0,100,0.0,1,-77.82458708434056 -114.82253603994738;442.97444312482634 180.27767341390825;-453.6437624853034 94.92985490580489;164.934974801639 -345.370171211744;-257.72982381343746 -428.45692655982873;179.92984505920975 447.54847130851573;-255.8794948601757 429.5595776188719
500,7,13,LXSSA_REPAIR,734.917237836693,97585.24456216332,0.7349609432666815,,6030,6030,0,0,100,0.0,1,-307.3343546431796 201.83024502964517;68.65199835227331 -4.823270742702596;-479.01889627222357 -122.81757869174668;481.93120229946254 -105.09000277206313;-99.26454723444174 -483.10662836865316;303.7460851839986 -397.13026707491485;312.6247779356472 390.21193775135265
500,7,14,LXSSA_REPAIR,726.5962208904966,97593.5655791095,0.7349609432666815,,6030,6030,0,0,100,0.0,1,-311.99243302464987 -314.013765641978;-499.4291712719316 23.88500819036003;67.83955549937352 51.08600431988781;-89.21670272130378 455.7147285086476;256.5744081088218 378.45133044338087;244.14453395236055 -436.3409750885019;486.78058160591036 -48.46595848164894
500,7,15,LXSSA_REPAIR,660.1851422733744,97659.97665772664,0.7349609432666815,,6030,6030,0,0,100,0.0,1,-267.9962022745898 -379.84156060259573;496.30576323537576 49.93590212261284;154.7099189563215 -283.2266320413339;-492.1581053320933 59.25497484572609;-250.87950711056806 432.50372589372967;343.2806415480861 317.2322046869959;-46.594404591378115 76.05159672564173
500,7,16,LXSSA_REPAIR,932.9818971709028,97387.1799028291,0.7349609432666815,,6030,6030,0,0,100,0.0,1,-220.3580655374429 305.56210121026623;-60.400296613470616 -147.7588821431984;-392.20772141323835 -159.5815854780548;466.7207868594155 179.36473207776376;299.6213700177243 -345.07263427657057;-227.01773342681054 -445.49180543501984;87.39838411591252 293.2615470970845
500,7,17,LXSSA_REPAIR,572.5977590500552,97747.56404094996,0.7349609432666815,,6030,6030,0,0,100,0.0,1,-4.6456581471800895 -15.282306882214437;251.65691324456824 432.0458108364596;491.2293468419741 -6.845575113206114;242.07911817064087 -435.26177799554296;-224.03290085662002 -425.1444125663469;-207.46812469252555 337.3473392307806;-497.76912530233835 25.028429553513085
500,7,18,LXSSA_REPAIR,826.5994310968672,97493.56236890312,0.7349609432666815,,6030,6030,0,0,100,0.0,1,-260.88739725355094 -426.5416194471527;321.0752280812835 -265.78774227375675;466.9824639950291 178.68233914164927;-448.75915558309316 35.74771549771505;88.59547710905674 166.59439883117187;-258.6871629483068 368.64023705032616;-90.07781265034663 -156.0480239115648
500,7,19,LXSSA_REPAIR,764.9589206697856,97555.20287933022,0.7349609432666815,,6030,6030,0,0,100,0.0,1,-333.64217075879907 -327.65575725780724;-321.289367025257 335.53588210717305;224.30156963343214 446.8655344283989;490.7909298174637 13.905222691389003;214.0774556779725 -451.85267465475107;-26.97533849224633 4.143364297392007;-499.9605721135959 -6.279039086187317
500,7,20,LXSSA_REPAIR,798.9045984422555,97521.25720155776,0.7349609432666815,,6030,6030,0,0,100,0.0,1,-59.263635310919426 127.92944384596557;101.71008509515457 -285.5263586704336;498.0323496657605 -44.31454260625575;-312.9118013858482 -302.305326235124;283.62991645395743 325.8673243645805;-298.4713612766883 381.04027847270027;-499.26157680924086 27.16390844393425
500,7,21,LXSSA_REPAIR,708.4949693634553,97611.66683063656,0.7349609432666815,,6030,6030,0,0,100,0.0,1,66.44323054909198 -367.35073373075454;313.1327902567651 118.92873714475593;-488.31721111772697 -43.91580948302035;-236.34944037517968 432.52116206995487;473.0258429235214 -154.5135887442229;-252.35670158569525 -431.22111025841025;81.63317311418713 493.2910145616978
500,7,22,LXSSA_REPAIR,837.5734225729684,97482.58837742703,0.7349609432666815,,6030,6030,0,0,100,0.0,1,-79.47502258105038 432.51607922758615;265.3022597694521 -317.5305240529441;492.7689979718511 67.23844272829886;-473.08504996157745 71.12811952075062;-298.6017774523402 -247.97008890051583;275.3781735014808 417.3330343490536;-74.10622597962724 -494.2965334526228
500,7,23,LXSSA_REPAIR,818.402327662523,97501.75947233748,0.7349609432666815,,6030,6030,0,0,100,0.0,1,467.259588913605 -177.9563895123995;-287.0624224133413 -82.45198335339029;273.14234217263 409.07311598799555;-453.250062124472 211.05970374951517;-39.8281248952316 -497.9294962307384;-28.078526161385465 473.33811199750085;135.43946536946214 18.08777143176427
500,7,24,LXSSA_REPAIR,652.2262881669012,97667.9355118331,0.7349609432666815,,6030,6030,0,0,100,0.0,1,-70.56035108821726 111.17920099544013;-259.1812719286217 -416.00564823262647;499.9653233026492 -5.888590228350134;113.19296268145374 -405.35730288238733;320.6909715825067 315.84242782474723;-250.2568545525045 432.86430523835827;-499.9999685178617 -0.17743206381381882
500,7,25,LXSSA_REPAIR,805.6456316686817,97514.51616833132,0.7349609432666815,,6030,6030,0,0,100,0.0,1,89.80583885499537 489.888655192412;-129.78953912278737 89.62511802886966;292.5506344250318 -157.78279340352694;84.78739168229164 -492.75281043487036;465.053204352144 142.60367018744253;-327.87162076371396 -278.351620057774;-315.7118960651612 387.71562918153217
500,7,26,LXSSA_REPAIR,775.9963320907118,97544.16546790928,0.7349609432666815,,6030,6030,0,0,100,0.0,1,-72.15723476087196 60.817825414663844;66.16038962870229 485.0814610487585;463.84212991955656 186.68282864711804;-252.5664396999229 -431.51520151294466;304.4757893800231 -324.4667161133908;-248.8533838273639 407.6381122490702;-496.6151915398991 -46.05529249900912
500,7,27,LXSSA_REPAIR,917.2371374103386,97402.92466258966,0.7349609432666815,,6030,6030,0,0,100,0.0,1,-226.45265189398822 -38.509816210477084;0.14434533348258854 375.7784860062357;489.4739107313343 101.73512776651951;-15.377270097790708 -433.30160703666445;331.8399840855208 -374.00832204928446;167.9361793183532 -86.53172883008291;-352.5874240333813 -352.08479944858675
500,7,28,LXSSA_REPAIR,977.9311450273526,97342.23065497263,0.7349609432666815,,6030,6030,0,0,100,0.0,1,-344.1622429655218 -353.7761381987258;308.8764447534579 106.44437706818672;-332.0709423697867 260.3753522499189;9.44388319075551 444.2368740749275;4.86261105172492 -449.1917128427787;467.7252818235432 -176.72876302915523;-495.32420218014704 -68.20156495567876
500,7,29,LXSSA_REPAIR,918.792764873462,97401.36903512654,0.7349609432666815,,6030,6030,0,0,100,0.0,1,-338.3511570010625 -330.7578388417944;-497.3121700852921 -51.77456407404573;471.2958760402232 -166.97364231362545;-57.83997128309596 448.78632214094233;327.98551308632915 105.65462868377561;175.89116556669444 -447.6958704006077;-181.63375604804588 137.892505395958
500,7,30,LXSSA_REPAIR,755.4663203567179,97564.69547964328,0.7349609432666815,,6030,6030,0,0,100,0.0,1,143.8968965755333 -118.40875466255672;463.1143422848921 186.42794829123375;-44.988744281268055 469.50073873319064;294.7386267668687 -391.69748620882444;-278.92275745732786 231.92235231243768;-430.386012330884 -254.45965239776947;-55.12256435640526 -476.512363572059
750,7,1,LXSSA_REPAIR,349.72544744472543,97970.43635255528,0.7776527922000241,,6030,6030,0,0,100,0.0,1,748.0462731645007 54.09965993147467;17.54793353723681 -148.20773388871794;-272.87696325284503 -632.8467034243291;31.8249927894794 749.3244756672169;-580.0568082253744 413.24905494116194;217.85296232132902 194.15623528586895;582.2830363095859 -464.88092810439355
750,7,2,LXSSA_REPAIR,406.646428193213,97913.5153718068,0.7776527922000241,,6030,6030,0,0,100,0.0,1,72.67963586058589 -697.3642215295635;428.119438035446 -322.9157185648514;-148.04305337021506 -313.9173921618724;-514.7121078459023 449.507348282779;734.6577488889258 -140.57453744376593;117.90094370229443 740.5644277273173;-526.1196806537137 -534.5073099162909
750,7,3,LXSSA_REPAIR,326.78833176715125,97993.37346823284,0.7776527922000241,,6030,6030,0,0,100,0.0,1,462.8337384613211 -346.97880095982487;-377.51799495726294 -623.8397995477774;155.75106566064136 731.5886665015681;-149.2582728798173 204.1031057292434;733.5851087927392 155.37641770923852;152.13794020558686 -343.30396308764244;-685.048749308488 -305.3001982817508
750,7,4,LXSSA_REPAIR,430.672882744213,97889.4889172558,0.7776527922000241,,6030,6030,0,0,100,0.0,1,-30.712328477653724 -202.78777165244367;-654.0987636355376 361.1584077397138;429.38940371159356 42.84961750095335;-339.52663019829015 -201.4568847128444;183.9064029163861 575.8552156775188;-325.9868761343596 675.4466825511337;748.7546121767997 36.20223613432012
750,7,5,LXSSA_REPAIR,464.6396581043955,97855.5221418956,0.7776527922000241,,6030,6030,0,0,100,0.0,1,85.39124154421066 -373.8613270851906;265.9597126419084 211.08428394920668;-158.87641860308972 456.76538398505267;691.1474211991651 -24.672581849228806;-583.9828628518692 450.3408798439712;-375.45533389537394 69.16549248105602;-595.6354351138119 -306.4520031564489
750,7,6,LXSSA_REPAIR,263.5455212267844,98056.61627877322,0.7776527922000241,,6030,6030,0,0,100,0.0,1,-406.8012194206764 579.4551072108226;-410.11653090959777 -604.6261677084502;-15.188985604028417 679.060796833319;-52.40696856012931 -690.1506898637914;326.0262863812778 85.33537520432265;662.9237577874176 6.254223290031281;-742.9568151992177 -11.751458005595836
750,7,7,LXSSA_REPAIR,286.16895745764486,98033.99284254236,0.7776527922000241,,6030,6030,0,0,100,0.0,1,-350.1114986203704 -426.0806283438039;691.3369603295092 209.069682727926;-91.02486626989496 1.2133471685112656;160.61059809282438 732.2969014556819;152.94345393921333 -724.1853503841246;-588.1502218278811 288.60192781443396;505.35544640462456 -373.6816445472358
750,7,8,LXSSA_REPAIR,425.7367450809543,97894.42505491903,0.7776527922000241,,6030,6030,0,0,100,0.0,1,-165.3623463166643 -543.096525556123;318.3880172858505 678.383559745816;304.40641942056425 -31.37681019100484;-748.2489897847656 50.822351067684956;-158.77494345950103 690.9194367933146;-458.3517024066424 -236.93980585960867;636.6393944084372 -375.97733411664973
750,7,9,LXSSA_REPAIR,461.98913421246107,97858.17266578754,0.7776527922000241,,6030,6030,0,0,100,0.0,1,-646.3405772187195 336.1227515950103;699.8463999860056 269.6572177587657;559.9015383962198 -123.95835175678197;72.20612857858727 743.3481489617545;-318.71167618260154 344.045094231284;66.57073572995564 -389.3303536458907;379.7092597385803 195.64949747914707
750,7,10,LXSSA_REPAIR,280.0331475645653,98040.12865243544,0.7776527922000241,,6030,6030,0,0,100,0.0,1,256.8899749763394 658.9762841795788;-95.82422269209412 741.2646737268539;-98.33892240804978 -588.0150667821209;-705.7837050122613 134.30772897309706;243.47668056644883 -394.8171644792873;726.7364699111571 -124.44712512720508;-471.9390055118834 -582.9009993785004
750,7,11,LXSSA_REPAIR,413.0483564269671,97907.11344357303,0.7776527922000241,,6030,6030,0,0,100,0.0,1,-387.4736936334165 13.602629036768203;-111.46159660811531 464.48152069054726;-728.8509879862518 -176.85089004996448;94.95017618357716 -119.11496950581736;-573.555363131259 342.92484459430847;417.51391051786794 449.3357121387862;661.5683790660557 -282.04947961593564
750,7,12,LXSSA_REPAIR,323.42009154467087,97996.74170845532,0.7776527922000241,,6030,6030,0,0,100,0.0,1,-509.63368913950376 254.66080331328777;470.3370253134499 -359.649656347244;-257.6403703968554 -181.82701246281357;481.7783141121813 548.95572866403;210.2581599134782 89.2024857547168;-731.2553400676868 -134.33971332280979;-36.384950641059774 528.5882559998083
750,7,13,LXSSA_REPAIR,235.959618240624,98084.20218175938,0.7776527922000241,,6030,6030,0,0,100,0.0,1,-383.2381354062846 518.4262044701668;-393.41839818680575 -635.367468352946;541.6961788170609 -365.2277087545193;-725.7645487747276 -60.921405153678286;261.60208979012975 487.1784159714405;31.512336531574302 -220.1421844071236;732.1305726054303 -15.181136167976742
750,7,14,LXSSA_REPAIR,294.5768934279622,98025.58490657204,0.7776527922000241,,6030,6030,0,0,100,0.0,1,-264.82835098500817 -691.6241842090118;-737.7330121312812 135.09257126765718;286.9055583993924 692.9502822079141;-247.04670046683668 658.742936086004;77.7669363610319 334.4182964997543;-512.448444802992 -263.7766855444532;645.3236200980045 344.3469164275654
750,7,15,LXSSA_REPAIR,401.08824640591047,97919.07355359408,0.7776527922000241,,6030,6030,0,0,100,0.0,1,-311.51906159631807 682.2432661904031;272.23407824955626 686.1297419196719;560.887991294117 153.613759749547;115.98006624226872 416.7306541599265;-307.0320735446697 -684.2742913589992;-637.165443270745 366.8889794646763;733.0214202946787 -158.67971617723921
750,7,16,LXSSA_REPAIR,307.2786366613436,98012.88316333866,0.7776527922000241,,6030,6030,0,0,100,0.0,1,490.1588998945205 -511.38055736971035;-686.9698250425296 -300.95258676581636;104.71245115016475 553.7893152104963;-153.35558054692126 -321.67290006826096;726.0059618680261 -99.41496367542938;89.27226441869145 -744.668021876567;502.7727605570564 556.5245288770628
750,7,17,LXSSA_REPAIR,483.4797782550304,97836.68202174496,0.7776527922000241,,6030,6030,0,0,100,0.0,1,-109.44674600217424 289.3913936994683;-122.79372009535538 -420.0730526644421;-723.0218711576126 -67.35655130990664;514.9109993258876 129.5015718365056;-415.7075361747191 -590.2498175842804;715.1427878197728 -212.8742018803745;191.58982652123484 -725.0905736122606
750,7,18,LXSSA_REPAIR,331.5771777270711,97988.58462227292,0.7776527922000241,,6030,6030,0,0,100,0.0,1,95.60946787390361 -335.9184875640062;-157.76015666244862 494.73467070099787;424.3972976337647 618.3570011294012;726.5095045578187 59.37617690922901;-695.128346212156 -65.66309947419577;423.94323210186434 -421.03058614762665;-451.4540891752604 -481.53674300158826
750,7,19,LXSSA_REPAIR,308.214759845403,98011.9470401546,0.7776527922000241,,6030,6030,0,0,100,0.0,1,-6.900363467958986 731.8179480698225;-740.5894643101408 -39.335336706573926;423.63363649816074 -29.406822659194603;-400.1542995787447 -626.637643557192;634.1512096448054 -400.4400616698359;-1.4639829275063168 -733.3530977267102;649.4810800866605 370.44540551023533
750,7,20,LXSSA_REPAIR,475.8303415058763,97844.33145849413,0.7776527922000241,,6030,6030,0,0,100,0.0,1,-71.77317346256136 -742.6766298089167;187.30449084639068 -10.77221266377467;-90.10246334605345 740.8277161893343;610.3884660393263 -404.21414441057965;396.93809509980264 -634.8645011454778;746.992743520291 -23.58088201317419;-643.0305861162939 386.02029133056664
750,7,21,LXSSA_REPAIR,327.7171482918202,97992.44465170818,0.7776527922000241,,6030,6030,0,0,100,0.0,1,-147.30397112464482 549.0298817237431;748.2202184243271 26.073012005168138;-190.20945073307732 -700.1128862928952;140.28714193960772 -362.4021869484494;-504.20677776368245 -188.89921902328882;-724.4690944923492 194.02194946448853;577.4622284196766 -478.51881468590886
750,7,22,LXSSA_REPAIR,448.0689419843257,97872.09285801568,0.7776527922000241,,6030,6030,0,0,100,0.0,1,32.71792388561171 -335.6771969186199;537.8598847416444 522.6918254437361;323.9397217846789 156.33209449778028;-584.79586882128 -457.85168140758344;529.3338968033785 -322.9750255953947;49.909914839814675 645.5917578304404;-299.759618276196 558.3325387782675
750,7,23,LXSSA_REPAIR,353.24113321091863,97966.92066678908,0.7776527922000241,,6030,6030,0,0,100,0.0,1,225.69012299467298 519.7477831177999;-35.68964550244252 73.05037000436774;732.6738015831122 -160.27819712534284;-359.28606779336144 658.341493063884;-588.3120369674474 -40.857208862942876;217.52212421712034 -717.7584589657934;512.6079720729684 218.63508019321415
750,7,24,LXSSA_REPAIR,305.44896585332754,98014.71283414667,0.7776527922000241,,6030,6030,0,0,100,0.0,1,-747.3578850833524 -52.396928674169615;22.678474125575836 -282.64236913206844;689.938302513776 -123.49523454364913;389.7053866998005 -640.8039572109078;-458.7505218496772 444.5121930034558;30.299079572149516 737.2101493659766;407.5984880831543 358.96094935108437
750,7,25,LXSSA_REPAIR,380.8258241818403,97939.33597581816,0.7776527922000241,,6030,6030,0,0,100,0.0,1,302.8399121222293 -56.73360290247263;602.1524327392557 -367.13158792466834;-674.6421448968874 180.07998749436746;-441.96223996394826 -515.683752462117;-115.44122308604095 45.89944638656729;114.48778482037106 -648.9522765806678;747.5633873847912 60.405211946779815
750,7,26,LXSSA_REPAIR,431.3330738643708,97888.82872613565,0.7776527922000241,,6030,6030,0,0,100,0.0,1,116.77768876144285 664.9010832799971;-513.7863997457196 -321.3968983647322;-238.35783845006793 229.95291269179336;-742.5152257476725 105.68403209793209;308.23568750912074 90.34457778571198;470.1367083658934 582.4501508130936;90.31850357671365 -674.7410624951004
750,7,27,LXSSA_REPAIR,261.22943775742897,98058.93236224256,0.7776527922000241,,6030,6030,0,0,100,0.0,1,729.8310428579631 -172.7051000913347;-128.7009040584458 721.4689610857123;532.4465225141603 -525.5787479133578;-485.7529507311462 356.3287503662636;-669.8319512795724 -238.64836014094436;-165.84124489143667 -714.293451197667;198.2934876767907 721.2891272863563
750,7,28,LXSSA_REPAIR,518.4401640133146,97801.72163598669,0.7776527922000241,,6030,6030,0,0,100,0.0,1,379.24548944817036 161.54533087284614;568.9300151884546 -188.99837086115187;-445.1824654371323 -87.05975325753545;-665.2837890334598 308.7643892967608;126.74202866479462 -91.2540501464485;-82.42360766867974 276.0813096759256;710.2605912660257 239.12936331547823
750,7,29,LXSSA_REPAIR,411.2815597708541,97908.88024022916,0.7776527922000241,,6030,6030,0,0,100,0.0,1,510.8591103820451 549.1110719514453;709.4578195592928 212.74713287396187;-145.19457378980007 727.913367429072;-455.3453686137086 -133.6677769958099;500.1898361900315 -470.0787732810811;-618.9971180828834 -423.4848592438666;-146.65675211105807 -448.3724034039152
750,7,30,LXSSA_REPAIR,308.55764601760893,98011.6041539824,0.7776527922000241,,6030,6030,0,0,100,0.0,1,-729.2152503013397 -7.297536239338387;208.11211693119915 345.8412505196139;-30.068074485791467 742.3785553980747;-48.08159979304363 -679.1736987395441;490.6249953800879 -154.54321082371467;-438.5708774009647 506.83086990950267;659.5299206504798 356.9775053868749
1000,7,1,LXSSA_REPAIR,159.0731060829712,98161.08869391705,0.7670077856999948,,6030,6030,0,0,100,0.0,1,302.777567703803 760.2415949463141;-360.27811381516955 -444.8893687513307;993.0703603531525 -82.12208031840957;765.4565302748215 297.9132060162565;-996.8434517658677 -79.39227085497782;-660.9590964298194 511.82927081307804;299.62672639717243 -475.6447728758498
1000,7,2,LXSSA_REPAIR,149.4379485551326,98170.72385144488,0.7670077856999948,,6030,6030,0,0,100,0.0,1,-911.0316476090882 406.24829001653785;-519.6164492735829 -841.495773911977;-31.050985325131013 -959.2195723253324;-496.0715911325881 828.790762730543;518.7207168058434 -632.4790623115938;534.9663501541961 814.2199404155872;909.2842187242113 -407.96502800261453
1000,7,3,LXSSA_REPAIR,317.5948207669717,98002.56697923304,0.7670077856999948,,6030,6030,0,0,100,0.0,1,355.2326878913068 -737.0129095953588;-145.74045205970856 790.3340810433685;47.304377857357146 254.40911537798974;-872.1890717414697 384.18244475677716;672.6471534318596 -735.0810949066765;368.96001285841163 262.03833601062036;-556.564088544212 79.31853537549993
1000,7,4,LXSSA_REPAIR,175.9947013434139,98144.1670986566,0.7670077856999948,,6030,6030,0,0,100,0.0,1,-856.0013615445612 -376.3377599360478;-52.595862432698205 -608.6587366247297;694.5047105328371 642.41068510088;-57.33724753804471 825.2071006555046;-509.624100423994 -719.6641233649001;360.2750326292985 -711.0121316834392;939.1940973777901 222.17570083865107
1000,7,5,LXSSA_REPAIR,239.0789138377295,98081.08288616229,0.7670077856999948,,6030,6030,0,0,100,0.0,1,-82.61747782487964 -891.1491765024653;655.5250164028255 501.67785965459905;-881.6770599939638 263.7368825181765;-401.0326146144424 -562.0607572305415;929.5029939843936 -368.8145661088351;183.20594487577543 -414.5199056002933;632.0907917111018 -673.7065518158676
1000,7,6,LXSSA_REPAIR,208.771741471297,98111.3900585287,0.7670077856999948,,6030,6030,0,0,100,0.0,1,-942.1689186630883 -332.67689405109746;440.86702240196684 -879.0746545339427;999.9862797621153 -5.11120531915917;-756.1655857298916 277.9616395953955;-421.9289656038402 -850.1975401309578;49.54031087309984 -971.3599670297601;801.426524551037 588.4485384393261
1000,7,7,LXSSA_REPAIR,260.07825524052896,98060.08354475949,0.7670077856999948,,6030,6030,0,0,100,0.0,1,-761.721150273053 -425.121328874047;-747.2055111372356 591.3688865474967;803.0216517727928 -595.9486627995058;430.8100767325205 758.3966028949917;416.05415202542173 -374.8939819940977;-62.7359471181718 -833.7842650578314;977.9092578132552 -50.33541813273159
1000,7,8,LXSSA_REPAIR,224.8261835999729,98095.33561640004,0.7670077856999948,,6030,6030,0,0,100,0.0,1,953.363996933195 -301.82233269529075;-695.0747187104265 710.7461340605144;-456.42956414062445 294.11611685763944;76.05488088471834 612.3694682784786;270.7829530404929 962.6402485723133;-176.3578091480927 -203.98411965422352;-956.1553181875051 -182.71227437371567
1000,7,9,LXSSA_REPAIR,198.31132596821408,98121.8504740318,0.7670077856999948,,6030,6030,0,0,100,0.0,1,-327.82238194364834 503.641636715711;432.91514877156555 -757.2475412440584;93.20732938840484 391.02289650711697;449.57359769021303 748.6343942504161;980.9144085561455 -181.58204190521352;-859.5580896430637 370.84172930167983;-614.6522947403564 788.7981560862646
1000,7,10,LXSSA_REPAIR,137.52947441185825,98182.63232558814,0.7670077856999948,,6030,6030,0,0,100,0.0,1,-602.3051895643636 -729.7101042295689;416.17210613850847 -909.285861581625;454.84593440547604 797.3403187933687;-108.19958910238576 792.4471596050629;-937.004760514537 -125.04097259568782;-610.4468834821344 792.0348941476021;939.2880473541991 -25.126783310697608
1000,7,11,LXSSA_REPAIR,211.58676172539708,98108.5750382746,0.7670077856999948,,6030,6030,0,0,100,0.0,1,-839.3221261863765 -145.04056070472453;956.544270621456 290.9110577057317;383.33526536721456 144.30676227981397;-131.33870793829064 628.1006835207563;636.673795886485 -269.20822547062323;-147.15793702725273 -875.5467266587575;-558.2777795522916 -634.3188274919012
1000,7,12,LXSSA_REPAIR,264.4126437391533,98055.74915626083,0.7670077856999948,,6030,6030,0,0,100,0.0,1,-472.8622078829904 -828.9821960948541;386.1441866093027 897.2672668977465;35.2884684449609 -968.137226533959;-950.8002661603924 -309.8022450261847;370.2705825618338 33.29269394801795;759.993512505241 -591.4147579593218;982.1019755959474 188.34875678410754
1000,7,13,LXSSA_REPAIR,189.2961766849039,98130.8656233151,0.7670077856999948,,6030,6030,0,0,100,0.0,1,-1.0305030222836713 -769.0828629386265;-829.8807343209145 -556.7984627037945;-804.0028024247504 585.1358698234926;-530.5562087827354 -251.77389573773695;971.653097345325 -225.72900734949746;-13.610471975304026 999.9073683608844;717.8702335184673 576.3294897682703
1000,7,14,LXSSA_REPAIR,295.00715534614574,98025.15464465386,0.7670077856999948,,6030,6030,0,0,100,0.0,1,742.7282617543988 669.5457081070723;-141.37458376628004 -219.17543359696006;-298.1330580877906 -486.35427246477;947.7243308148126 315.43221540856143;254.52768596745435 163.08651365132863;-765.725356529663 381.9345647635949;241.4336991810389 -970.4173154873591
1000,7,15,LXSSA_REPAIR,215.5222686129273,98104.63953138707,0.7670077856999948,,6030,6030,0,0,100,0.0,1,547.1360223724711 -816.4016970066235;556.3749909850717 596.1385803528271;-327.50452665988007 -361.120812041599;-620.0253133897473 542.769694856116;-944.3670434017879 220.7554705063668;922.6417171645513 385.6014014805235;-311.3932112713909 849.3330408948165
1000,7,16,LXSSA_REPAIR,175.94484477548394,98144.21695522452,0.7670077856999948,,6030,6030,0,0,100,0.0,1,-587.8985545870735 -722.1297327913697;-974.5715927220247 -94.08082327181603;-563.1048459870841 633.8339623058328;-170.8265831955346 -615.3374230550132;719.2233360589439 -687.4301351957847;954.8395182061624 -262.7618385999407;184.1994931375442 -700.3468916711884
1000,7,17,LXSSA_REPAIR,172.29336513413,98147.86843486589,0.7670077856999948,,6030,6030,0,0,100,0.0,1,-916.340049683445 -389.7202165242518;-627.7706672928684 622.633123117321;456.1705964666784 889.7540220259308;695.6243909615772 487.39849843089314;980.6483152219141 193.660264944789;-273.8552708749636 -545.4251923521256;32.487927317371636 467.07006656299797
1000,7,18,LXSSA_REPAIR,145.1132572752831,98175.04854272472,0.7670077856999948,,6030,6030,0,0,100,0.0,1,-361.14530865449586 165.1203006561007;65.41963426238254 997.8578413045498;-623.0464414830005 -635.2953790662841;-993.2569436589251 -4.481026390816658;852.2428913792372 -203.90361546865796;12.919089557073635 -999.8686732120018;-618.8135152829706 626.830620118558
1000,7,19,LXSSA_REPAIR,229.71518075178028,98090.44661924822,0.7670077856999948,,6030,6030,0,0,100,0.0,1,976.7507016529195 214.2790206152869;-302.7644927719652 -367.6335489406018;-998.0504048564748 62.00813569466441;289.19067052130237 6.481758128815158;762.7773250171867 -474.85485521848835;275.06692052909506 -961.0421376349027;-696.7723090461601 -467.43917877488457
1000,7,20,LXSSA_REPAIR,228.1108832338796,98092.05091676612,0.7670077856999948,,6030,6030,0,0,100,0.0,1,822.2038461589752 -569.1930475107914;-534.0303658960681 -132.03889105925492;840.0476179758435 343.1370205916492;-971.5156483400164 -136.73584814710196;74.4293457701556 -123.64602083783244;397.49860137643725 454.5031056334937;-306.33888238472946 -829.8801561849425
1000,7,21,LXSSA_REPAIR,187.2637257164606,98132.89807428354,0.7670077856999948,,6030,6030,0,0,100,0.0,1,271.32441587575283 369.5136542018967;626.5392522501958 -683.3982747356345;-666.6697262572826 -734.6995327125011;-70.22158101600266 957.4946666101573;-470.50094596931973 -394.743309189206;-917.9058880205546 -291.45385593199126;651.34958453279 758.3852937835621
1000,7,22,LXSSA_REPAIR,260.7937730625272,98059.36802693747,0.7670077856999948,,6030,6030,0,0,100,0.0,1,54.61209131652274 -230.955681340847;658.5188918221122 -68.68538559009981;-373.04382755919767 912.7139981237508;66.9099718586887 997.7572172389243;-887.998622994933 392.73675039365605;305.75757980815564 577.1688301516367;855.0114666066222 266.48125746006
1000,7,23,LXSSA_REPAIR,136.58893528075714,98183.57286471924,0.7670077856999948,,6030,6030,0,0,100,0.0,1,-392.65925435296083 -802.9996428840461;458.91621917049747 649.7717452674335;68.92362866551318 -920.6676043497406;994.92207495556 86.85670115691929;-750.0823862519345 -447.68252714333585;-973.4698291195875 228.5708925955015;-392.1519066212577 878.8010882402078
1000,7,24,LXSSA_REPAIR,278.574177934046,98041.58762206596,0.7670077856999948,,6030,6030,0,0,100,0.0,1,383.7435205101927 473.8876540653879;697.2732792338745 145.71841830370312;-549.3509198816377 774.2949963923033;-5.9261463064849185 -972.1584891626101;882.1006254786497 470.2802050592202;387.6266424682503 -738.9468177031844;-319.6208996569714 65.84803064846037
1000,7,25,LXSSA_REPAIR,215.43985469441395,98104.7219453056,0.7670077856999948,,6030,6030,0,0,100,0.0,1,-330.65840894715467 -743.9312863114933;-741.3517597006825 147.43419636867532;259.26580258163176 169.25956324116297;20.85192183856738 599.4630440871342;995.8942821737697 -6.346273474200541;740.12309227557 440.74460842347116;-994.1495840940559 -108.01205694558277
1000,7,26,LXSSA_REPAIR,139.83738228981383,98180.3244177102,0.7670077856999948,,6030,6030,0,0,100,0.0,1,696.2074268631668 709.0393895003947;230.55920486065878 973.0575559920163;691.4769459927248 -720.3765410810864;965.0867782469518 235.21414003128064;233.8684007163489 -839.4084323405956;-874.1479754156207 -136.56494839597877;-571.3683356206932 -657.3760904007231
1000,7,27,LXSSA_REPAIR,261.85298839396273,98058.30881160604,0.7670077856999948,,6030,6030,0,0,100,0.0,1,956.6346503564085 291.2904834310106;224.1574278989173 -208.74231019995756;-735.849552797607 303.3531619781606;566.1663930315843 -410.54218780105504;-410.2814883259723 909.8845769412269;-981.455889131788 -134.0659004525411;-61.107693560737395 -377.594376276941
1000,7,28,LXSSA_REPAIR,160.86507790655014,98159.29672209344,0.7670077856999948,,6030,6030,0,0,100,0.0,1,-630.391103123158 -378.37912247969365;424.3364358697855 -905.197374506355;444.67872038648926 679.6722664919364;989.818935667257 138.29982226783352;-74.42210424795728 812.644334075868;-98.22610486678947 -909.2700444898983;-462.4272829154383 143.9902677591676
1000,7,29,LXSSA_REPAIR,197.3900120249018,98122.7717879751,0.7670077856999948,,6030,6030,0,0,100,0.0,1,-455.47390674996404 -357.7891783483699;-243.3694247495857 317.33220019839894;948.389385229983 -298.8300814314303;417.47041477117574 696.5188483872131;413.29512879151235 -838.7726247253295;-966.728451888214 126.04104082137908;-727.3825041907071 -631.7811508185424
1000,7,30,LXSSA_REPAIR,120.41435856808675,98199.74744143191,0.7670077856999948,,6030,6030,0,0,100,0.0,1,998.6835977854477 -51.166340515501375;-923.9682329154059 -380.27023950925513;-666.6322147946223 467.8749438888585;-292.54760174747884 -745.4157971962638;132.5630134383175 -991.1745797124503;599.1650964832498 697.4276481478461;149.18408531732803 699.4419762784873
500,6,1,LXSSA_REPAIR,424.01409084012266,83850.41030915988,0.6021054316666777,,6030,6030,0,0,100,0.0,1,-278.95570684758695 394.0403355509961;268.376463260312 407.61629894441097;-481.70792609481873 20.88597574848616;-42.90811311006115 -406.5087748509356;498.9943443127415 -29.149338468221615;264.5812613923337 -424.26024574551116
500,6,2,LXSSA_REPAIR,501.66220055099984,83772.762199449,0.6021054316666777,,6030,6030,0,0,100,0.0,1,-345.9079158449984 342.86857371256053;235.63421957316612 -208.62283547279162;-37.915225975989244 340.40794429530246;395.6411633690743 303.7169640257499;-485.8308502796844 -83.82105004924107;-53.984804655391315 -497.0705093344576
500,6,3,LXSSA_REPAIR,489.4675959701417,83784.95680402986,0.6021054316666777,,6030,6030,0,0,100,0.0,1,81.8077473374798 440.52372982719476;293.03924824364157 -229.2907400158425;-135.41672568282345 -467.5108858155944;-289.80528542433035 -184.42945282810697;-474.0743254302299 158.91360535798202;445.4423478429487 227.04136191221212
500,6,4,LXSSA_REPAIR,631.3268535763782,83643.09754642363,0.6021054316666777,,6030,6030,0,0,100,0.0,1,140.91225160305865 -199.48195876708039;-321.31936271275254 -191.18812391278038;487.81369476724205 -109.7167589312693;152.8842857127106 471.86718112596753;-157.47105216547212 113.18361597448806;-485.9201090001041 115.64008154245529
500,6,5,LXSSA_REPAIR,486.3897608677071,83788.0346391323,0.6021054316666777,,6030,6030,0,0,100,0.0,1,-103.6442047848581 -98.48537957530438;452.3151858754953 213.09789220541546;-303.1278940290493 228.16004655540974;-491.1553167814352 -93.62800515073154;89.17448970234376 -429.08814592231374;315.2551540506889 -195.12600947733975
500,6,6,LXSSA_REPAIR,429.126972503509,83845.2974274965,0.6021054316666777,,6030,6030,0,0,100,0.0,1,179.21455788343593 -410.5036864815921;-32.495987394281975 -56.926650608946;-290.1841759162508 393.0663748060451;197.16872863296214 405.65628317916367;-466.91955901417884 -178.84665333744644;494.1346933414369 -73.88218809102108
500,6,7,LXSSA_REPAIR,454.2525715680677,83820.17182843194,0.6021054316666777,,6030,6030,0,0,100,0.0,1,95.26681069841511 -490.78453086785817;101.35689019541533 489.4104973727886;-281.4893507392136 402.1324193870892;302.5002769883045 -176.30884782804384;-458.3845572506299 -163.6277643213861;474.93708325213976 155.5229174937672
500,6,8,LXSSA_REPAIR,378.77557438968506,83895.64882561032,0.6021054316666777,,6030,6030,0,0,100,0.0,1,480.794531989875 -137.24654996288584;-298.98410352314346 -354.50398389911186;-98.76098373706895 4.703186056158407;282.88380350744524 226.29710072166736;-499.95174302996253 6.9465560749390445;104.92434998511315 -357.83915870534514
500,6,9,LXSSA_REPAIR,450.3235270039586,83824.10087299604,0.6021054316666777,,6030,6030,0,0,100,0.0,1,299.1957483825521 123.00188414466831;-225.09425109589833 -166.660319366279;-389.74340226425795 313.09750900084185;109.80224218291943 462.96474703975684;94.30718575220124 -491.0256003598;457.48201163338473 -150.44507400326518
500,6,10,LXSSA_REPAIR,473.227380643264,83801.19701935674,0.6021054316666777,,6030,6030,0,0,100,0.0,1,481.21218799229786 135.77480613814296;-213.70197464758564 -249.87687403818876;191.03656411735068 451.0042170603172;187.0900086206561 -358.04411212525673;-498.64566436725084 36.77605520109255;10.035341560140854 140.6686744984781
500,6,11,LXSSA_REPAIR,573.8715878606163,83700.55281213939,0.6021054316666777,,6030,6030,0,0,100,0.0,1,471.384358403886 -166.72368353703297;-254.50354994403884 232.5827545095202;-268.49587495680527 -421.646737781017;267.6822648800604 194.9956982507381;90.43579813393654 -384.3342940641318;-499.6898505146711 -17.604181001579647
500,6,12,LXSSA_REPAIR,383.9192195369542,83890.50518046305,0.6021054316666777,,6030,6030,0,0,100,0.0,1,-495.3246972243768 68.21615878645945;-312.5108985353337 -253.0741759445341;80.35937772253354 146.17698015538895;459.238300774783 154.00331778822894;-100.1844591041765 470.5435938318454;277.1116543694439 -412.93297731935144
500,6,13,LXSSA_REPAIR,506.8910015509755,83767.53339844903,0.6021054316666777,,6030,6030,0,0,100,0.0,1,182.5908822445674 426.5015211796168;53.730931388884265 59.83727843003877;-118.14028659242894 -485.8424279463222;-499.0817390921955 30.288855717519635;467.8858628173911 -167.61205489344044;-348.7211767447773 299.09306424589846
500,6,14,LXSSA_REPAIR,668.9601024930744,83605.46429750693,0.6021054316666777,,6030,6030,0,0,100,0.0,1,-286.08866388906813 228.77335720918595;-462.9453062816642 -69.91101007848249;-45.34091148008949 -495.95653878210646;113.04467292070846 -46.71048556505918;339.91370357791953 -279.8087355188966;347.00907488899526 359.97875207390183
500,6,15,LXSSA_REPAIR,558.2731626282039,83716.1512373718,0.6021054316666777,,6030,6030,0,0,100,0.0,1,480.73675479224084 -137.44868682980277;-39.227920583686206 -288.5845612873428;-240.55980572821892 90.12498676811896;290.10944820621535 407.23019105923004;-407.33831163503055 -203.90727019376607;109.18225914199785 91.44319477219176
500,6,16,LXSSA_REPAIR,473.092354510678,83801.33204548933,0.6021054316666777,,6030,6030,0,0,100,0.0,1,147.56664853487365 -461.8427033489611;-496.8799426024027 -55.77026662508416;-98.73162383896093 52.65281815240907;495.7513642328771 65.04294628352274;350.0801311864193 336.41703228756626;-326.69852377591894 -357.3881405099385
500,6,17,LXSSA_REPAIR,433.8813761405472,83840.54302385946,0.6021054316666777,,6030,6030,0,0,100,0.0,1,-312.2622228998462 -322.95369025975975;499.84598583151245 12.409288783948275;-114.00551238112398 395.6854877872751;-499.52211436659786 21.85537139294408;340.79587459909055 291.5061379217351;134.0734901364233 -76.7906033030431
500,6,18,LXSSA_REPAIR,436.7760726358247,83837.64832736418,0.6021054316666777,,6030,6030,0,0,100,0.0,1,-111.55727134358938 460.71501829802287;196.45154791248686 459.7899404323543;487.86709164950554 -109.4792258168324;-496.21113760946935 61.43701581551846;-336.4240094042851 -369.736492448311;180.20895008329913 -417.7728480168607
500,6,19,LXSSA_REPAIR,450.5444734017801,83823.87992659822,0.6021054316666777,,6030,6030,0,0,100,0.0,1,302.9056521979971 -323.7178680280472;-491.68777580290106 -88.30230237983567;85.83490169447454 255.55334902310088;-144.24881175911503 478.654749764889;499.73794424053995 15.142789914801378;-153.89102983598596 -432.9491059859631
500,6,20,LXSSA_REPAIR,448.3725985286583,83826.05180147135,0.6021054316666777,,6030,6030,0,0,100,0.0,1,412.9971358321787 230.3069712538903;-62.61820230657366 -459.1259399031916;-51.72141466666326 497.3177005344562;169.2135880262392 -219.74505759607408;-299.4302130643053 249.10775402610906;-449.71898462397445 -218.52422032530262
500,6,21,LXSSA_REPAIR,457.8093876966159,83816.61501230339,0.6021054316666777,,6030,6030,0,0,100,0.0,1,121.64097104262902 -291.1677599236119;305.5440051015765 298.5185113522708;-452.20202368727905 210.49606677218253;-227.42055970953555 -213.60088515755587;-68.68308382146077 297.3154408798657;496.947227660499 -55.087708059934634
500,6,22,LXSSA_REPAIR,474.51259955942805,83799.91180044058,0.6021054316666777,,6030,6030,0,0,100,0.0,1,-20.812117281257883 -265.5329370471134;160.53090509418405 327.4057103954595;-277.3572939161698 207.25941978234084;-429.5453516352738 -255.91066860237626;499.93484585888024 8.071548553879483;351.82716285746613 -262.0120158705323
500,6,23,LXSSA_REPAIR,500.5709021001967,83773.8534978998,0.6021054316666777,,6030,6030,0,0,100,0.0,1,469.52563537295185 118.4006013273482;-205.05970346675034 -320.1290364502734;-478.8102863673209 144.01635208837965;91.64273862460182 -491.527203174975;-193.64910962761138 460.9772470962459;120.20772452755902 482.7615126911248
500,6,24,LXSSA_REPAIR,510.0843925790832,83764.34000742092,0.6021054316666777,,6030,6030,0,0,100,0.0,1,335.9833311619032 196.8393950432172;76.23329195304889 -71.68676553188011;-103.10667176686025 457.75973968967685;-462.40729780264513 -190.2087786224446;492.7289508531224 -84.9598787144926;-280.59311764509147 136.95700577898694
500,6,25,LXSSA_REPAIR,543.9020466136717,83730.52235338633,0.6021054316666777,,6030,6030,0,0,100,0.0,1,-234.4623535972844 346.77402064903004;84.0579406842007 12.694983722685166;488.06604645244926 108.56474303137799;-248.87869368485505 -339.496994404197;-488.4354227378646 -103.15270434662567;267.59803925195547 -312.7980481854241
500,6,26,LXSSA_REPAIR,441.1169533433422,83833.30744665666,0.6021054316666777,,6030,6030,0,0,100,0.0,1,282.6437153625109 -278.3030922019085;84.9151738456041 322.35585057109364;-98.4884312123406 -278.6993524106947;-458.0654033081885 -196.32587346352625;-296.09434058821506 317.1011866323317;440.83127904525907 235.94021152682072
500,6,27,LXSSA_REPAIR,553.2604194432206,83721.16398055678,0.6021054316666777,,6030,6030,0,0,100,0.0,1,-159.42173916661997 473.78214822317165;317.7196801925684 338.8438005675211;316.2946689188503 -387.24331992521496;-477.6447380237572 145.982397145805;-163.8229911236821 -421.19246143163303;32.6151385795026 -117.29420953658149
500,6,28,LXSSA_REPAIR,344.50097340138745,83929.92342659862,0.6021054316666777,,6030,6030,0,0,100,0.0,1,-450.9549880767816 -215.94848706709567;482.9288622334384 14.60669677775153;-255.24712150116335 429.91911160980385;231.8813276323957 -421.5935977107865;-68.04996532482804 -119.95877445664502;242.68774632672614 435.8378636841724
500,6,29,LXSSA_REPAIR,360.6676971618872,83913.75670283812,0.6021054316666777,,6030,6030,0,0,100,0.0,1,141.4885930781002 -479.5633201452961;-112.39709536340762 -34.03114029887889;-331.8163180211937 345.7413566384318;-496.32195670060236 60.36542975304801;486.6749328990289 114.66259062015698;156.63825953889415 454.12426346015303
500,6,30,LXSSA_REPAIR,503.01457086399023,83771.40982913601,0.6021054316666777,,6030,6030,0,0,100,0.0,1,-325.1061697234495 -335.3099754452526;80.1550322798384 394.00040327010373;300.73274354817124 -319.7350201576807;461.870421742171 179.5932943832632;-110.96840683419676 55.53954713537095;-309.3315479876012 392.8281983508749
750,6,1,LXSSA_REPAIR,201.6525125917251,84072.77188740828,0.6337061104666646,,6030,6030,0,0,100,0.0,1,-144.8750239858887 735.6921283886394;-154.6607077343234 -657.8427749320167;540.2224119960638 76.23096967738537;-664.081316022573 -150.38945909033455;-448.10449928357457 218.8639752569745;74.1520122718597 79.23644411144737
750,6,2,LXSSA_REPAIR,191.9078917596344,84082.51650824037,0.6337061104666646,,6030,6030,0,0,100,0.0,1,-6.316650908008518 -663.3161472856484;-341.53434859092414 -655.2229276595682;636.5962006142943 -305.5650943871286;-699.2184989387708 -28.66923229315594;362.39087206048583 531.5337152046895;-330.5772250755254 347.5691505951874
750,6,3,LXSSA_REPAIR,219.87844571295136,84054.54595428705,0.6337061104666646,,6030,6030,0,0,100,0.0,1,-267.0809758091866 -148.09720026592652;51.40272331311822 -732.597226461059;375.64143114364043 -164.60496840978487;710.5769177455984 -168.36873079481825;-491.67251312239785 566.3298817620908;54.766533493046296 433.53115266865797
750,6,4,LXSSA_REPAIR,174.95957982588152,84099.46482017412,0.6337061104666646,,6030,6030,0,0,100,0.0,1,311.0021715387886 -580.8472754010597;-686.6503768475594 -301.38448817008873;-399.28097649347853 633.0732442137556;-404.1490316546299 -592.2826862101006;-158.52001497723708 205.74364558544346;731.602564799573 137.895606773149
750,6,5,LXSSA_REPAIR,176.20314585357846,84098.22125414643,0.6337061104666646,,6030,6030,0,0,100,0.0,1,-463.29651395548643 456.55922176829165;534.3346819094485 492.0646039024792;241.74530233718238 -631.9527737625639;-749.1549590638265 -33.83816485218105;732.0993404521477 148.4137394349088;-52.822348410602245 351.4230323924976
750,6,6,LXSSA_REPAIR,184.79545565447188,84089.62894434553,0.6337061104666646,,6030,6030,0,0,100,0.0,1,583.3398206673342 112.14754935759231;-517.4546512633774 317.0643056709579;-235.59468008895044 -614.1318913825263;345.95783556066226 -637.0448664240009;-744.1335856299551 -81.09827032995835;354.93082923966057 516.0215264359048
750,6,7,LXSSA_REPAIR,186.2651567569992,84088.159243243,0.6337061104666646,,6030,6030,0,0,100,0.0,1,100.78946276057766 -609.6758739258744;-621.5614106380795 -164.52818184244975;741.3138174172883 28.576600152513656;-167.44340310879943 294.8127674641596;296.2509593345786 29.149440873296715;-368.6101089620328 653.0424074855615
750,6,8,LXSSA_REPAIR,194.1116076401231,84080.31279235988,0.6337061104666646,,6030,6030,0,0,100,0.0,1,494.9176320845716 563.5210069435516;-499.4976021713118 -559.465946617942;712.9868057751154 167.426142040221;-22.596345869373852 264.5447433749286;-493.53537463021814 529.3033829992563;493.23043120975206 -563.6509765239158
750,6,9,LXSSA_REPAIR,234.3745389728574,84040.04986102715,0.6337061104666646,,6030,6030,0,0,100,0.0,1,-202.17405898389046 32.02111522424256;626.3353045041183 -194.13257716265667;-689.150913046572 295.52458976218134;422.7832389345319 416.6027497980868;-460.4308785025122 -437.3003937819963;6.024610605152518 409.40208560538395
750,6,10,LXSSA_REPAIR,248.71797556537783,84025.70642443463,0.6337061104666646,,6030,6030,0,0,100,0.0,1,-305.60057251712294 -72.87522715324246;-730.4819150376916 -169.96253484472797;362.4311102652565 -464.6388960937464;-539.654574004305 -497.0385617706542;-517.5573584035004 542.4103704728631;725.2824167874729 -103.21777280829652
750,6,11,LXSSA_REPAIR,185.02190228219845,84089.4024977178,0.6337061104666646,,6030,6030,0,0,100,0.0,1,603.5745176858586 -445.1941167628826;116.74315133352967 -726.3381816433346;128.67919989327768 678.7405572178402;386.1110509510241 224.4470099496373;-738.0367599002799 -128.4629043351371;-141.26415518585924 -277.1311285083696
750,6,12,LXSSA_REPAIR,201.5992034523952,84072.82519654761,0.6337061104666646,,6030,6030,0,0,100,0.0,1,-686.4260625330962 -302.1825717804111;726.7537703191941 183.55291291113704;120.6115250598071 -386.7513159447282;-510.1450746324318 220.36899330932414;354.6344817859232 400.7548783648038;-212.8605572155512 719.159497734602
750,6,13,LXSSA_REPAIR,192.74851928705172,84081.67588071295,0.6337061104666646,,6030,6030,0,0,100,0.0,1,52.85043677935454 345.83897437969324;-734.402013073818 -53.172966810925914;-353.11780735506613 587.4286535626662;488.6852204792901 349.1545976030134;729.2883585316829 -73.8062163262087;-367.4270171909283 -422.88682448150456
750,6,14,LXSSA_REPAIR,140.0238896440569,84134.40051035595,0.6337061104666646,,6030,6030,0,0,100,0.0,1,507.9288469923971 498.2625357502152;203.27627880619903 -30.186289589580234;-518.1682343425286 409.6490258256737;-712.6233650427858 -233.79199002627638;736.3212167492329 103.24024960672804;-187.0556917499484 -726.2989368747867
750,6,15,LXSSA_REPAIR,222.5809371411451,84051.84346285886,0.6337061104666646,,6030,6030,0,0,100,0.0,1,-153.58227341348538 734.1058606251867;-711.5377211599215 -237.09453192422114;558.5857915116263 -500.4816815042584;-167.38439737294638 -361.0453027002263;-477.47357344436506 165.6022757833702;223.6336659774885 -578.5568976056403
750,6,16,LXSSA_REPAIR,194.05606060464925,84080.36833939535,0.6337061104666646,,6030,6030,0,0,100,0.0,1,187.71706153865026 -157.04705577565167;-514.7734143251178 -536.7566485332645;-512.16989404202 545.8086140583077;-62.767906613965735 283.18949295275263;667.1674772832356 298.2390500001275;-736.0595519292854 -132.83087624528483
750,6,17,LXSSA_REPAIR,194.20387954277976,84080.22052045722,0.6337061104666646,,6030,6030,0,0,100,0.0,1,227.83339512572695 -36.64229154834997;748.7642653207156 -41.27324534810056;-707.8951043537138 -247.75857010395245;-492.4529172964399 127.49248869078609;-283.2154021654611 495.47421134945904;487.8588856984993 417.3400700312769
750,6,18,LXSSA_REPAIR,179.25838986939925,84095.1660101306,0.6337061104666646,,6030,6030,0,0,100,0.0,1,-742.532749564867 -105.5609480547718;299.4456643656262 -669.9057146550022;717.0291704251315 -219.92991783622276;-17.50239470792111 -83.43962899973597;-202.43360730256043 -674.9522166405578;314.5087155110058 494.1142855996739
750,6,19,LXSSA_REPAIR,241.90876118451703,84032.51563881549,0.6337061104666646,,6030,6030,0,0,100,0.0,1,-481.0022007032704 348.2275301511649;608.8786035821587 437.9116790778246;597.6259394658986 -345.52675874350456;-88.69582959418372 -744.7368997253993;-741.8848433056479 -109.78496557371847;153.58626252579123 -334.1036904174149
750,6,20,LXSSA_REPAIR,267.61709958263964,84006.80730041736,0.6337061104666646,,6030,6030,0,0,100,0.0,1,-575.5313616235187 -427.3289881688828;-561.863184784962 496.79949284963214;-216.69884348168856 704.7874469450467;692.8179952120161 -287.23364959771186;114.57883403089548 696.4795025653448;489.15911724797945 311.5033515400413
750,6,21,LXSSA_REPAIR,215.6214993488829,84058.80290065112,0.6337061104666646,,6030,6030,0,0,100,0.0,1,-489.1065244625186 -419.21666165114016;488.54679247182145 264.24774384444237;-707.6207533008493 238.49565302136585;731.6791136995251 -157.9584010264566;-57.304818413785 397.01936734130624;187.76501867471808 -27.742102523224247
750,6,22,LXSSA_REPAIR,193.45128430645852,84080.97311569354,0.6337061104666646,,6030,6030,0,0,100,0.0,1,438.0627285957959 233.1234659372925;164.92115316920402 -730.9455861815001;-166.542180579867 -388.2689922186169;693.9625636340874 -213.26669676766656;-622.2930421000195 418.5037852070242;-405.14391889033146 34.03891937103156
750,6,23,LXSSA_REPAIR,164.95250544085866,84109.47189455914,0.6337061104666646,,6030,6030,0,0,100,0.0,1,-658.4022144315405 -248.60880407789193;-372.93534259428094 650.7067159973734;136.0063752300856 661.6517028345401;698.4871519120261 99.97049399186794;499.5935437300006 -535.2619268432625;-54.44689213039987 84.18060217218152
750,6,24,LXSSA_REPAIR,177.4968382318184,84096.92756176819,0.6337061104666646,,6030,6030,0,0,100,0.0,1,618.6755217773293 -419.568544774415;23.950220975200157 -749.6161654590337;630.5700946216394 406.0556503715443;30.782522500516023 749.368024610408;-667.6657409081222 341.64668653099534;-369.8876237590762 -652.4439790433076
750,6,25,LXSSA_REPAIR,184.82779629832655,84089.59660370168,0.6337061104666646,,6030,6030,0,0,100,0.0,1,-348.937115268921 533.582849293691;227.98015932201034 -469.03151495308197;677.5014794393852 321.70130184142243;-123.6575903430108 146.30166256392164;490.3254557121223 -5.746256744466608;-632.4167834369151 20.034846027687827
750,6,26,LXSSA_REPAIR,269.9643958281231,84004.46000417188,0.6337061104666646,,6030,6030,0,0,100,0.0,1,574.1859726285765 -137.72909830902867;-223.9831844659857 -142.44537257922335;-749.9796854970624 -5.520085300731267;735.93799374742 144.55196075813788;-12.534454142006243 516.6510492380728;-449.9205599948903 516.1962953482965
750,6,27,LXSSA_REPAIR,182.62612253136467,84091.79827746864,0.6337061104666646,,6030,6030,0,0,100,0.0,1,-412.8120612345619 388.9397814105366;-104.95708727378938 -675.7990802732725;-644.5520828351288 -382.3169806208614;702.0255648668307 -217.34957012940635;464.1083532756605 200.20896613700367;227.79759884045518 -677.3785687223851
750,6,28,LXSSA_REPAIR,91.50522434954472,84182.91917565046,0.6337061104666646,,6030,6030,0,0,100,0.0,1,737.35585266967 -5.197535872251926;8.189245027080023 -6.569856902709332;363.146223980722 -651.7851549043113;-364.0986889876856 -641.7553396142287;374.18126212360033 630.5334948619072;-350.6867510226787 622.8881113349757
750,6,29,LXSSA_REPAIR,156.10583402133489,84118.31856597867,0.6337061104666646,,6030,6030,0,0,100,0.0,1,182.0918249980656 719.6552187713954;-733.9249252323393 152.8824139329677;696.3515874959074 236.83335236315827;-303.29117263397177 594.0785949765846;-308.55295177821904 -654.6107444262682;460.3941195667599 -188.04256740482077
750,6,30,LXSSA_REPAIR,281.1106845006143,83993.31371549939,0.6337061104666646,,6030,6030,0,0,100,0.0,1,-462.0230871483439 384.4118878607409;749.9946755686567 2.079290041749339;531.9682523318452 392.319915576972;371.15215966972755 -92.78821113887899;-471.94759541908104 -582.8898950607434;113.20180078530832 -732.7411859812311
1000,6,1,LXSSA_REPAIR,77.03870457599987,84197.385695424,0.6402024056000301,,6030,6030,0,0,100,0.0,1,903.214472642131 168.75156434140555;210.40482899456816 882.9977739362573;-214.00309404106636 775.4552402266717;-616.8826271515084 -653.7303394468328;646.3363878313324 -679.3314164420735;-932.2933997942155 340.05434101825557
1000,6,2,LXSSA_REPAIR,97.3138815180282,84177.11051848198,0.6402024056000301,,6030,6030,0,0,100,0.0,1,329.0068475439844 -461.71996288327597;987.8947791139016 155.1254505214909;-458.92979284771627 -883.8016958901793;793.7626821666831 -467.20880635483365;-967.4422697935678 3.769302282376368;-435.9864647338228 899.9532224337569
1000,6,3,LXSSA_REPAIR,105.85672032138972,84168.56767967861,0.6402024056000301,,6030,6030,0,0,100,0.0,1,-154.2905233464836 -203.0445204021716;-999.9620415101828 -8.547707467994679;953.8009932801089 -119.92783432819277;-526.8384898164898 -847.2604057879877;284.7491899914572 47.45484384758774;661.0396703774334 -631.0499346580293
1000,6,4,LXSSA_REPAIR,100.32206205684632,84174.10233794316,0.6402024056000301,,6030,6030,0,0,100,0.0,1,-966.3949073139127 -257.0619456677363;588.7818924536019 -610.1095538988344;611.2683327967679 790.380912021559;-592.2143259549517 -630.7992140040902;988.8800576039146 148.61531899953928;195.89031509366245 -612.0201500380425
1000,6,5,LXSSA_REPAIR,72.98475047131069,84201.4396495287,0.6402024056000301,,6030,6030,0,0,100,0.0,1,-995.9684502225438 1.9628061232461722;321.83304295006036 -917.5220622556719;-622.995578936119 -657.6020036915321;339.21802861615 809.8964101508125;970.1244957088318 142.29217496535998;-84.87101810790055 -517.1880227742228
1000,6,6,LXSSA_REPAIR,134.2865634651098,84140.1378365349,0.6402024056000301,,6030,6030,0,0,100,0.0,1,-806.2303108069729 591.2522556711997;885.5482202068954 464.5474676374847;-520.6454451056945 301.84589990726676;481.6636646754206 875.84788059258;-810.9514555462001 -585.1134392128585;484.6085473613974 -872.1678362245337
1000,6,7,LXSSA_REPAIR,88.3497797720047,84186.074620228,0.6402024056000301,,6030,6030,0,0,100,0.0,1,769.8797541399587 -613.6307307967407;-655.8193020717547 -617.4835926205942;44.31172780382851 -611.985672745063;59.66225792974027 998.2186208334952;-642.0874781469623 607.7662252242555;-999.6781506367291 -23.255938773559958
1000,6,8,LXSSA_REPAIR,159.54252576763977,84114.88187423236,0.6402024056000301,,6030,6030,0,0,100,0.0,1,356.9892747427041 -784.4441519778215;-986.097632048342 -166.16696443232195;-307.420540401848 -950.8570809174472;718.9975392427725 693.0421514667679;965.7499935195569 259.47437256302544;-39.95014305248255 -681.8443127054242
1000,6,9,LXSSA_REPAIR,67.66735493206943,84206.75704506793,0.6402024056000301,,6030,6030,0,0,100,0.0,1,693.1117207327833 378.77617816450123;-947.1126805725236 -31.598044130519323;19.175332763409497 -957.6444180541507;-497.8542512184839 710.4744795412164;-507.72563638145976 -822.344398588095;946.3272138672447 -65.73387424678297
1000,6,10,LXSSA_REPAIR,89.77486045355909,84184.64953954644,0.6402024056000301,,6030,6030,0,0,100,0.0,1,847.5128588057838 -196.99067595859174;-718.4595479309435 234.80303954437395;-373.66017811685225 -837.3286657526872;-976.2207219453903 -216.77656255956336;-337.4402174585936 912.4052127894622;433.72677222101703 -610.9534434751332
1000,6,11,LXSSA_REPAIR,97.97745108927484,84176.44694891073,0.6402024056000301,,6030,6030,0,0,100,0.0,1,931.234987373007 269.4145649822842;-23.140835052881314 490.7780117873994;-277.76073340426035 930.7673742038687;505.2129350945879 -506.3971975394706;-724.4381272441591 672.921959670348;-970.1848075775506 242.36633253344215
1000,6,12,LXSSA_REPAIR,123.09416243896705,84151.33023756104,0.6402024056000301,,6030,6030,0,0,100,0.0,1,-318.9138703669318 814.5601468123562;179.4006675736018 537.5778310413159;904.313840206825 145.33302803162476;-701.2810046219548 -453.2625893181318;576.7153057086786 772.4610833313927;581.6308891373712 -813.4526457543491
1000,6,13,LXSSA_REPAIR,125.7943605340115,84148.63003946599,0.6402024056000301,,6030,6030,0,0,100,0.0,1,957.0035968344541 211.6540652965234;-180.39528822660125 983.4361729471998;643.8076501550539 765.0930824535936;-970.344864070648 98.31454205650977;638.4000772318165 -769.7026607717899;166.94173387223566 645.8027713371969
1000,6,14,LXSSA_REPAIR,94.8006117852783,84179.62378821473,0.6402024056000301,,6030,6030,0,0,100,0.0,1,112.35313042328373 877.1303598027362;-392.11987448190337 889.765804751185;-678.1523352071342 395.5133429124041;999.9863023459435 5.234034819064608;-972.7819299550719 -123.90969631446876;626.044448474795 737.7846411277042
1000,6,15,LXSSA_REPAIR,93.67967766118818,84180.74472233882,0.6402024056000301,,6030,6030,0,0,100,0.0,1,108.83388031867108 -864.4726799560246;628.0806891674589 547.6802221018096;-498.8899398006643 -714.7659038042224;-963.949199491472 -251.43749401337448;388.9060778566517 128.44915657786964;917.3921517014918 -397.9758997017804
1000,6,16,LXSSA_REPAIR,71.68609017723065,84202.73830982277,0.6402024056000301,,6030,6030,0,0,100,0.0,1,-461.20196647212 -177.64637590627507;-875.580730169698 238.50956853896756;303.24320126185034 907.4720233725101;-61.07647404668963 234.7397691079187;290.7532190569896 -920.5924835525595;961.9507161525252 235.18211070176704
1000,6,17,LXSSA_REPAIR,137.99058563559083,84136.43381436441,0.6402024056000301,,6030,6030,0,0,100,0.0,1,-561.8341741930882 295.36919349981144;-999.239919164935 38.96457945738964;285.68282762786447 -662.663829550843;-577.2370735760163 -686.9840809490028;-143.4355936537915 48.32361231396472;850.558944270438 274.9698798800772
1000,6,18,LXSSA_REPAIR,94.93368050154822,84179.49071949846,0.6402024056000301,,6030,6030,0,0,100,0.0,1,294.0805612904152 955.7806356435112;-599.9825265185991 750.4625493504556;-302.7730062089706 -219.68672632854904;638.2453154206999 -267.03257846002174;-925.5504741413956 -370.8860079257555;848.8284188355387 425.1161730571927
1000,6,19,LXSSA_REPAIR,103.98590028913168,84170.43849971087,0.6402024056000301,,6030,6030,0,0,100,0.0,1,729.158001649321 678.8010539470081;118.92417114668586 818.6716543784579;707.247631528219 -637.4038460337528;-245.17284936688787 -395.3567435819982;-606.9290134292415 794.7560460026758;991.7811219969681 -127.94610603857835
1000,6,20,LXSSA_REPAIR,81.3443714853056,84193.0800285147,0.6402024056000301,,6030,6030,0,0,100,0.0,1,-912.5593428488372 408.61791237349047;489.82352583081234 787.5567522581067;942.2042135730728 22.1593790353764;-62.819714865950644 -994.746089940568;-484.31252252008244 515.2455470312249;479.03267363102225 -451.3050290794322
1000,6,21,LXSSA_REPAIR,106.38794374802092,84168.03645625198,0.6402024056000301,,6030,6030,0,0,100,0.0,1,985.0164294004345 138.5285363851775;695.292468918335 640.9533088480838;-193.3832896897352 -980.6211396441768;-178.28887728691305 448.73216706445623;-612.8669290533044 554.7408563348649;-887.3271000154808 68.67561407489355
1000,6,22,LXSSA_REPAIR,91.99982439962332,84182.42457560038,0.6402024056000301,,6030,6030,0,0,100,0.0,1,-749.0698049147237 -657.7127798646453;216.08714267919433 960.5898558670322;-247.96183023649934 -942.2275007066008;187.36352241362502 -689.5415021175551;-732.4476496674665 668.560485873546;981.5458317080114 190.86535361503527
1000,6,23,LXSSA_REPAIR,104.60199923094478,84169.82240076906,0.6402024056000301,,6030,6030,0,0,100,0.0,1,903.8726461045834 56.93376894485483;-200.794824576587 -979.6230882993934;-870.2763924650135 -275.1119558633783;-593.0356602406341 -755.9314791685798;340.1579851391962 65.40980782550086;-155.76647138658694 944.3372346909748
1000,6,24,LXSSA_REPAIR,82.0892159415962,84192.33518405841,0.6402024056000301,,6030,6030,0,0,100,0.0,1,-942.8463635369269 295.80885410577946;293.9310280844139 932.3162943303824;-705.3321457539432 708.7895930340792;-400.04437213374314 167.93003902247213;263.22425346117143 -963.8333710664127;966.9144213333814 253.52437773514123
1000,6,25,LXSSA_REPAIR,122.59306062068208,84151.83133937932,0.6402024056000301,,6030,6030,0,0,100,0.0,1,-970.6136110090841 -42.226618003008284;-525.1308560951995 -837.4315479633899;923.7062040888841 278.1306131491758;-279.4204445894395 -44.402939607165415;613.3454696938358 789.8147471439414;601.6209001635218 -269.7240302376909
1000,6,26,LXSSA_REPAIR,150.69511082106328,84123.72928917894,0.6402024056000301,,6030,6030,0,0,100,0.0,1,132.4774725361593 80.1046123703774;-971.4544266971734 -141.9362737535386;-451.8631001839688 892.0868243757345;-154.98270787182938 594.1087608255062;885.2124863743691 -373.9787685990427;-492.8064036295741 -606.026112924567
1000,6,27,LXSSA_REPAIR,158.50037895978312,84115.92402104022,0.6402024056000301,,6030,6030,0,0,100,0.0,1,57.48009662739464 -88.41944896149937;516.6903896012263 387.86098216814435;-349.8044082496271 324.11456346702624;706.6512765494108 58.23942246749853;938.2589780623356 -345.38755430803354;-946.322254421548 -322.907095817284
1000,6,28,LXSSA_REPAIR,85.8664603568468,84188.55793964316,0.6402024056000301,,6030,6030,0,0,100,0.0,1,979.3756248502449 -89.82979539699633;-764.4548186006666 353.7792089519124;690.2779031418991 -589.7454246700411;-143.19547528168684 958.2999931369347;-998.7548537778245 -49.88680184358883;-170.87553303112725 -808.8606117979751
1000,6,29,LXSSA_REPAIR,188.51026218713375,84085.91413781287,0.6402024056000301,,6030,6030,0,0,100,0.0,1,-411.19492120740523 151.60207399331895;620.8699610780048 -646.136504864522;247.01048349650856 574.1237281504148;-926.5895993227281 -376.06756452653264;-655.0873725178786 598.4233439518694;-60.92323484550363 62.302251323467345
1000,6,30,LXSSA_REPAIR,60.62261613919691,84213.8017838608,0.6402024056000301,,6030,6030,0,0,100,0.0,1,243.52300502577677 966.9824795054442;233.92212634735162 -954.5190127013714;969.778774184754 -226.75247933633452;-964.6348838697779 -257.2042720608423;-299.1790415384272 -953.7027918274943;690.8318744285319 710.9988248467571
500,5,1,LXSSA_REPAIR,124.3931543501094,70104.2938456499,0.4411951463999988,,6030,6030,0,0,100,0.0,1,-265.59641845127715 423.61250289355536;499.38421857590095 3.055354637158127;-499.9387806350198 7.808993738416552;4.661447831337512 -481.693934920372;260.47380116814696 426.78701901031957
500,5,2,LXSSA_REPAIR,216.1869474350533,70012.50005256495,0.4411951463999988,,6030,6030,0,0,100,0.0,1,-36.00366755345251 374.77801954324235;-259.3583990446705 -427.46315617621804;431.9616472192782 251.7641827010077;-456.10844777859666 145.28804017225056;221.92416480807228 -441.7539314705435
500,5,3,LXSSA_REPAIR,196.6568789597659,70032.03012104024,0.4411951463999988,,6030,6030,0,0,100,0.0,1,-499.9444623068193 6.677305764229067;-37.372218694617565 273.0070953613456;499.39161832095994 -24.65789023360847;244.3150306479132 436.235940700188;-246.92190026979537 -434.7753157288868
500,5,4,LXSSA_REPAIR,190.54378972503764,70038.14321027497,0.4411951463999988,,6030,6030,0,0,100,0.0,1,-214.5891305639095 -451.59472089573177;499.57354955808654 -20.646272833953397;261.3036159402889 397.03653610550816;-43.10285043757034 -153.21996335726237;-436.7649370366077 231.2989252332436
500,5,5,LXSSA_REPAIR,216.23357838710945,70012.4534216129,0.4411951463999988,,6030,6030,0,0,100,0.0,1,132.07088570835575 -336.5748542561117;-276.53142008554397 403.96690740345923;-499.9811865750966 4.33709164089285;436.33063632444686 241.56928683015647;-48.53451837638939 -15.500364008983126
500,5,6,LXSSA_REPAIR,221.6912050867686,70006.99579491324,0.4411951463999988,,6030,6030,0,0,100,0.0,1,474.9204000748765 -155.605939610669;134.0886310495037 -481.6792957939151;144.81199002032957 452.45716635934104;-492.896444079077 83.97938028166362;-247.22062683347747 -378.76235924512457
500,5,7,LXSSA_REPAIR,235.32894355247845,69993.35805644753,0.4411951463999988,,6030,6030,0,0,100,0.0,1,-405.9651779986166 152.83734452406287;137.00739949994636 -457.3681012194776;146.33811366395813 478.0713797449865;476.54520633485055 148.86454864069017;-189.9809826418009 -462.4864630376707
500,5,8,LXSSA_REPAIR,216.62694512913004,70012.06005487088,0.4411951463999988,,6030,6030,0,0,100,0.0,1,-247.9934417175183 364.4039301845223;143.05119140621127 -460.684367461007;477.56709768986536 148.08668813934156;154.2578673832444 474.34990457836057;-490.4712897418778 -97.14892659694661
500,5,9,LXSSA_REPAIR,179.1998491857521,70049.48715081425,0.4411951463999988,,6030,6030,0,0,100,0.0,1,222.13430565653815 -432.7073999630569;-241.44263407745385 -432.4319150958997;485.9997398486787 14.270949324111214;-498.9072066937225 15.541930369546824;231.92028340931498 442.90626750816443
500,5,10,LXSSA_REPAIR,222.7777191200585,70005.90928087995,0.4411951463999988,,6030,6030,0,0,100,0.0,1,-441.67119874247135 -233.6086713344729;444.27888980324917 229.31182737751894;-244.28255284195967 414.79590539507643;253.36173364785935 -405.3104513470647;-32.70988352456794 -236.94962565682624
500,5,11,LXSSA_REPAIR,239.9993950890785,69988.68760491093,0.4411951463999988,,6030,6030,0,0,100,0.0,1,310.7297021546522 354.7248106748199;70.36372903136991 -399.1438369416428;-363.0073522935213 343.839587861618;-197.0778459488257 52.13864152466814;498.345077236868 40.64706623829101
500,5,12,LXSSA_REPAIR,241.0385261063493,69987.64847389366,0.4411951463999988,,6030,6030,0,0,100,0.0,1,321.4795538820669 -382.940090904987;61.24136832552869 359.7372568349866;-145.45146575264 -265.1131022350304;-357.65301745646775 349.40566552974434;486.9085312264192 111.91781100839432
500,5,13,LXSSA_REPAIR,190.8225377132621,70037.86446228674,0.4411951463999988,,6030,6030,0,0,100,0.0,1,13.45157034741818 -99.80425452091016;491.7229819728773 -90.60082229042631;-241.73789185374278 349.5914386630057;-489.04221421155717 -104.10433573611333;190.30619493116563 462.36733467106126
500,5,14,LXSSA_REPAIR,166.67750960525882,70062.00949039475,0.4411951463999988,,6030,6030,0,0,100,0.0,1,-50.01157906495603 -463.1144682406437;-296.1683798151434 338.4681714139524;-499.23897764864387 -27.57613454305818;479.66803792801977 -141.13317607948807;196.83717070943513 350.29801905140926
500,5,15,LXSSA_REPAIR,221.6360274093604,70007.05097259064,0.4411951463999988,,6030,6030,0,0,100,0.0,1,-327.35850515682205 324.44220919710835;121.89510126109558 435.95230365547894;466.2832634450846 -180.49814464311746;-110.42615039284539 -348.78839573999494;-479.77644977455657 -140.76219425579507
500,5,16,LXSSA_REPAIR,303.8142128030013,69924.872787197,0.4411951463999988,,6030,6030,0,0,100,0.0,1,-144.31777942973594 -39.38853372331939;7.420953855126103 428.95120918885414;-497.77360213729503 -47.107645751511406;482.00881587821345 132.9067906802185;-322.89573899316974 -363.6855567753697
500,5,17,LXSSA_REPAIR,236.20174566516653,69992.48525433484,0.4411951463999988,,6030,6030,0,0,100,0.0,1,-311.9343420585696 -260.3409152769376;-496.65951452660886 56.9565007198148;166.61548473028577 29.68118083738678;-81.61127886301794 468.4126874096989;436.5761748995087 -243.31117108925304
500,5,18,LXSSA_REPAIR,173.6180823866016,70055.0689176134,0.4411951463999988,,6030,6030,0,0,100,0.0,1,-144.97325536489433 -477.8284324801247;-130.80035578599148 482.58809239998664;-481.85624035346814 133.04946530785338;162.98576377313512 -472.61261682688047;486.2060396988384 116.6348445378632
500,5,19,LXSSA_REPAIR,243.305794480184,69985.38120551982,0.4411951463999988,,6030,6030,0,0,100,0.0,1,-120.81339647871201 -458.2985917794103;493.9841677023465 -67.7854897025586;-497.3579583147049 -51.33284816789577;37.240122229493615 -179.65461709706128;225.5384523234311 408.44616846324544
500,5,20,LXSSA_REPAIR,230.765498749126,69997.92150125088,0.4411951463999988,,6030,6030,0,0,100,0.0,1,-139.85572477778948 121.21414668048075;194.06522834137252 -460.8022212932691;-385.90891591581493 -300.5054075883804;201.10760009646347 457.7725780160285;463.1103448401247 -26.607401180918526
500,5,21,LXSSA_REPAIR,286.02345734751725,69942.66354265249,0.4411951463999988,,6030,6030,0,0,100,0.0,1,-309.8429486933002 -167.81637782091101;-25.709165863216864 390.0003137588779;162.69686676992126 -180.00255588407657;-480.73906411856365 137.4403197757498;417.6055733735098 274.9645786397186
500,5,22,LXSSA_REPAIR,124.27805384302336,70104.40894615698,0.4411951463999988,,6030,6030,0,0,100,0.0,1,4.981181362987842 -488.36179587888535;-499.6099810651014 5.309304955820252;-266.2002864282472 421.4106021774455;264.89430238174765 422.75124256700764;499.9767203696445 4.822090327641087
500,5,23,LXSSA_REPAIR,313.74908378832333,69914.93791621168,0.4411951463999988,,6030,6030,0,0,100,0.0,1,-29.50094020894544 181.41371927415983;499.8648477657877 11.51321488096277;-448.9999760433173 -219.9941326901037;-260.8170285508888 425.07094111357077;344.20985667797976 278.51641962495046
500,5,24,LXSSA_REPAIR,227.8837209282501,70000.80327907176,0.4411951463999988,,6030,6030,0,0,100,0.0,1,75.84469747197164 425.60111333559337;-256.3596859758343 428.0420477014363;499.97236214419814 -5.255022806326798;52.24993960213063 -491.0202036660249;-456.72501187795007 -202.87093071666197
500,5,25,LXSSA_REPAIR,257.6865859813552,69971.00041401865,0.4411951463999988,,6030,6030,0,0,100,0.0,1,397.971968770417 -172.7285873072138;-297.87109125936416 -187.56006347667503;152.7563197350483 476.0940104443698;-127.50534949194497 -483.4690952231854;-475.42196133686 116.89516987142258
500,5,26,LXSSA_REPAIR,216.4657203607494,70012.22127963926,0.4411951463999988,,6030,6030,0,0,100,0.0,1,92.64989022919266 -462.49135869242133;-486.4886508536749 -115.16613548818684;-298.9967925064135 218.13838975598748;288.7579835381998 -116.80340727948175;462.86297264223106 188.90970734752236
500,5,27,LXSSA_REPAIR,284.78017413923226,69943.90682586077,0.4411951463999988,,6030,6030,0,0,100,0.0,1,300.9478908615686 -169.19690000072865;-0.4513509523393921 -482.14800812668295;-498.23546136487255 41.96933450190207;479.83708090198377 140.55737544313746;-299.8852836103947 -309.9887475143145
500,5,28,LXSSA_REPAIR,218.22706661395205,70010.45993338605,0.4411951463999988,,6030,6030,0,0,100,0.0,1,-221.64799859481286 133.82404993105422;-2.8573864586679156 -250.1766878210089;216.788341458439 135.1972164342758;-436.97391982255516 -243.003251867366;433.8456256498876 -248.54945054436126
500,5,29,LXSSA_REPAIR,236.5759824978013,69992.1110175022,0.4411951463999988,,6030,6030,0,0,100,0.0,1,259.0497611043068 427.5249923265543;-442.5761593796599 232.65068912158827;-50.18588489309638 -497.4433269556323;499.16026829802297 12.939712335005648;250.19512075729284 -429.22806462456384
500,5,30,LXSSA_REPAIR,314.5848178113374,69914.10218218867,0.4411951463999988,,6030,6030,0,0,100,0.0,1,-470.82796612188275 -168.2885167200638;-326.12645938360896 246.83943441938627;-86.61205351831627 -168.21296549640212;307.44372941034726 69.06880281362044;458.55673245069624 -199.3131283286191
750,5,1,LXSSA_REPAIR,122.86683770347736,70105.82016229653,0.4580700205999771,,6030,6030,0,0,100,0.0,1,-155.03395641768182 315.2272048884155;-443.46009812397466 604.4902515370418;549.9752757778432 509.6916425870822;259.2109210638035 -420.1745946086556;-449.988015875487 -600.0089879063834
750,5,2,LXSSA_REPAIR,60.73520725904382,70167.95179274096,0.4580700205999771,,6030,6030,0,0,100,0.0,1,-383.96714004722844 623.1996594912114;14.451604308582112 723.0869136813002;405.01627033201544 -629.816167754555;-662.4322064012998 -351.6807028246713;749.6556263559482 -22.54345721527456
750,5,3,LXSSA_REPAIR,81.74848207394825,70146.93851792606,0.4580700205999771,,6030,6030,0,0,100,0.0,1,311.57360982288185 -650.1697330342068;-747.7129752052797 -26.425928539628288;-85.96392892441736 597.9232390453399;637.136984516581 395.6688109441057;-340.4200613587945 -259.4187111736913
750,5,4,LXSSA_REPAIR,110.38634715639635,70118.30065284361,0.4580700205999771,,6030,6030,0,0,100,0.0,1,-256.3292302762875 553.8396401845772;-558.9736366047958 -500.0484264780361;469.64902272236753 -579.1768326980563;487.4345559692826 570.0066187084722;724.1706956727248 -131.76577334038927
750,5,5,LXSSA_REPAIR,66.76239446412364,70161.92460553588,0.4580700205999771,,6030,6030,0,0,100,0.0,1,-185.16373550763853 -711.4027113098911;-733.4607597424695 -156.6375239781308;460.26845557847366 -549.2254388190607;154.25059544758318 396.5044113374538;705.2032610713537 255.3201139243205
750,5,6,LXSSA_REPAIR,115.98397392038896,70112.70302607962,0.4580700205999771,,6030,6030,0,0,100,0.0,1,-614.7805032063534 428.8804282532978;-281.38697267654436 -168.1920801585766;749.9999867715193 -0.14086419250048607;376.72609543681807 213.39463264460008;143.19840885371815 623.9799237123898
750,5,7,LXSSA_REPAIR,83.22837849750067,70145.4586215025,0.4580700205999771,,6030,6030,0,0,100,0.0,1,141.45657964239285 -725.5762948082747;722.3399415449703 -153.2910967049241;496.189212177277 533.0485182435064;-735.6939974904174 127.66724073299416;-492.7283068269015 549.1528338752356
750,5,8,LXSSA_REPAIR,69.47806696561747,70159.20893303439,0.4580700205999771,,6030,6030,0,0,100,0.0,1,-309.68451526169787 -404.67962569094453;-579.6937358297766 475.8118320883769;222.33730861210884 -716.2863402293274;238.85716716510555 674.5283078755557;727.3130694929413 182.1747395054546
750,5,9,LXSSA_REPAIR,87.777743432016,70140.90925656799,0.4580700205999771,,6030,6030,0,0,100,0.0,1,-19.761340184894216 -719.3467243420167;-399.4741148336122 554.3919300462917;310.02420042858387 -138.26942739021771;523.7059321407177 536.8725122399708;-666.6305061317129 -343.6622860662285
750,5,10,LXSSA_REPAIR,106.45758363786445,70122.22941636214,0.4580700205999771,,6030,6030,0,0,100,0.0,1,-341.9198169415321 -545.9941976345661;-11.742681850178576 510.8448907156548;-609.6687838921148 -98.53035035413983;352.41462481333417 -120.47255448954944;568.6291158298467 -485.6782729916382
750,5,11,LXSSA_REPAIR,94.97729732499285,70133.70970267501,0.4580700205999771,,6030,6030,0,0,100,0.0,1,-442.29137753468933 605.4511851587582;421.5512590027152 -273.5843366438458;712.2931070860188 234.49575882097548;-114.13779931056175 37.08753382505165;-455.2954600457468 -525.3281388354822
750,5,12,LXSSA_REPAIR,65.50013679453696,70163.18686320547,0.4580700205999771,,6030,6030,0,0,100,0.0,1,190.87471545009063 -723.8289740821076;-500.36039628762325 -558.6940234002905;-732.048370001251 -163.1109516795008;201.01052669678518 722.1872160140838;724.4272759509067 192.4354951707932
750,5,13,LXSSA_REPAIR,57.727784407456056,70170.95921559255,0.4580700205999771,,6030,6030,0,0,100,0.0,1,512.1500069637249 -484.75055617489403;-643.3287970695999 183.23418762092876;722.9237858567143 199.7027787553181;-149.29555870006823 -656.4005852468226;-132.25664784493944 702.2537051458226
750,5,14,LXSSA_REPAIR,114.46896330617892,70114.21803669383,0.4580700205999771,,6030,6030,0,0,100,0.0,1,91.71454128612886 -613.9914598905814;478.03399799622093 97.47270438424376;-746.87445767572 -68.3998864882042;-497.46408269190226 377.95429566904323;694.5614224454827 -278.7875313035839
750,5,15,LXSSA_REPAIR,79.85497022689378,70148.83202977311,0.4580700205999771,,6030,6030,0,0,100,0.0,1,-65.07834696908961 -708.69835252537;-746.5167022403327 -72.19981493202323;-367.42840480941135 -167.03145973541803;289.73769465845305 500.26339450416407;711.8054523796843 -236.2900716546358
750,5,16,LXSSA_REPAIR,123.25457708819886,70105.4324229118,0.4580700205999771,,6030,6030,0,0,100,0.0,1,660.9580337804231 354.44954165736635;-608.8687425259031 437.90893979806117;-370.35246189068243 -307.46850258802385;272.7454183601567 -328.86528512360195;-122.86073362050102 -739.8683937932693
750,5,17,LXSSA_REPAIR,104.54389595190878,70124.1431040481,0.4580700205999771,,6030,6030,0,0,100,0.0,1,347.995615453372 360.66224958822335;-680.6008198139522 285.12890606241405;600.1679335326037 -437.2077385409175;-288.63955052074556 379.4366863716667;33.11008864645591 -749.2687375346061
750,5,18,LXSSA_REPAIR,66.55836915325199,70162.12863084675,0.4580700205999771,,6030,6030,0,0,100,0.0,1,-17.297299250635707 749.8004816151843;-691.0671696907823 -291.4209446412035;731.1261757911734 18.11219708011638;-373.80492579728985 -611.0707178836515;377.1814072207181 -600.7917440395072
750,5,19,LXSSA_REPAIR,80.29776819454855,70148.38923180546,0.4580700205999771,,6030,6030,0,0,100,0.0,1,-252.74044567197038 -705.7288608097944;255.6159060714241 -697.0347007508873;-656.7206095081469 -61.389723692536414;-223.99739356056244 715.7682210677154;725.4464282282635 190.06280259414459
750,5,20,LXSSA_REPAIR,69.94917425150925,70158.7378257485,0.4580700205999771,,6030,6030,0,0,100,0.0,1,-470.509684305473 526.548728686741;213.02107825956864 335.81010134751114;-79.52883130802414 -617.5117280679405;722.0037080574384 203.00405304158153;-709.9464828439919 -241.81809588499667
750,5,21,LXSSA_REPAIR,88.6730659952882,70140.01393400472,0.4580700205999771,,6030,6030,0,0,100,0.0,1,695.3884607194959 280.95353476717463;-719.4334097801654 -63.745015002130614;-367.2314243959351 -653.8494788183233;-144.32728459274642 81.2208296913359;366.11096937461275 610.6548097900314
750,5,22,LXSSA_REPAIR,75.34322027895541,70153.34377972105,0.4580700205999771,,6030,6030,0,0,100,0.0,1,-540.3867099427601 516.7800143056623;-738.6835774160381 -127.92517454344362;666.1988134004813 170.3475368938256;-196.6618512973263 -663.071490907503;205.73178950356063 -663.2377763926278
750,5,23,LXSSA_REPAIR,75.46318417901057,70153.223815821,0.4580700205999771,,6030,6030,0,0,100,0.0,1,-749.9575907573669 7.975717234566085;301.6725880202913 589.6082762750766;-440.4612588323704 -533.0699309479976;731.9244167175589 -163.06532162314033;-101.504362149452 686.5804269903279
750,5,24,LXSSA_REPAIR,99.63010278761794,70129.05689721239,0.4580700205999771,,6030,6030,0,0,100,0.0,1,-274.2815533534509 -698.0465081521272;105.09105501686153 -700.4934687500469;445.0946478199106 603.6465882312904;-591.6249262184792 354.7541764912918;672.934492767105 207.7202635373453
750,5,25,LXSSA_REPAIR,74.33748089143774,70154.34951910857,0.4580700205999771,,6030,6030,0,0,100,0.0,1,-501.7441331561791 -557.3305026523916;709.5998975022928 242.5564434364899;-144.68254140811746 735.704266237961;205.8512922804992 121.24566671474015;-733.8213119614182 154.93960794846137
750,5,26,LXSSA_REPAIR,32.10384329526278,70196.58315670474,0.4580700205999771,,6030,6030,0,0,100,0.0,1,726.5722693293937 -12.88893059314673;-397.5192354081073 623.0543344417474;367.9826227304056 619.6509519636826;-5.3558513092593945 -735.0545162515692;-749.5635921024999 -0.8574670741613353
750,5,27,LXSSA_REPAIR,88.52746204992582,70140.15953795008,0.4580700205999771,,6030,6030,0,0,100,0.0,1,-657.5500285158771 -356.4296844990957;82.30058705130449 -180.4689474522806;-359.732759125629 647.2215605247778;356.15551911020555 -659.9363764534883;632.034248164478 -189.8994589607514
750,5,28,LXSSA_REPAIR,127.76559316219937,70100.9214068378,0.4580700205999771,,6030,6030,0,0,100,0.0,1,741.41879237776 113.12901621203989;17.800179107264373 209.22173131148844;-187.4779637595386 -461.1960510437204;-648.5583802766185 376.65902266867204;401.0976732853723 116.6072434728968
750,5,29,LXSSA_REPAIR,59.31322343785723,70169.37377656215,0.4580700205999771,,6030,6030,0,0,100,0.0,1,742.4192607478177 56.75319323407222;39.94964605255091 748.923908028695;440.54316418748476 -452.18003993885884;-743.7881780229811 -54.7895692959915;-401.88907599391445 -633.2338988057711
750,5,30,LXSSA_REPAIR,81.10088231890404,70147.5861176811,0.4580700205999771,,6030,6030,0,0,100,0.0,1,-730.53668170615 -164.5759684509446;-519.1966498777308 529.5459244274534;223.90667593532183 -715.7970905175436;231.74797222500425 713.2971782226617;-162.70205400848806 -716.9131933852746
1000,5,1,LXSSA_REPAIR,27.791507779125823,70200.89549222088,0.478219251266637,,6030,6030,0,0,100,0.0,1,980.8137002618499 194.94739131021453;-586.1738764423598 -670.5732001685964;342.3419478446689 850.6890172749106;-998.7341006292929 50.29685774180984;-177.10887911507538 850.8991090938051
1000,5,2,LXSSA_REPAIR,56.51226647164731,70172.17473352836,0.478219251266637,,6030,6030,0,0,100,0.0,1,17.29776713920634 764.0174650131244;564.6766251245097 -203.54975980392305;973.6405139104348 203.7403769752423;-441.68281734110747 880.2175648667159;-985.6030101428006 -164.8165100620133
1000,5,3,LXSSA_REPAIR,66.35137894042418,70162.33562105958,0.478219251266637,,6030,6030,0,0,100,0.0,1,967.354120923441 -253.39090787539672;54.37324817222707 254.66695885284037;-611.2508164890262 -760.4257624011068;386.5038559882941 830.434801005744;-178.8147194456137 973.4379495164627
1000,5,4,LXSSA_REPAIR,25.028546854970045,70203.65845314504,0.478219251266637,,6030,6030,0,0,100,0.0,1,-293.16930327302356 232.11149311313795;899.9391479412732 242.58757620681152;141.96650536604344 987.1860487609567;623.0116018483487 -685.8229955264972;-984.7209576185796 -174.13970146622893
1000,5,5,LXSSA_REPAIR,25.11799531243741,70203.56900468757,0.478219251266637,,6030,6030,0,0,100,0.0,1,989.6297517931077 7.050072006034672;-521.480558134539 828.1828153979172;523.8418268272451 -821.9020219164066;-16.869086158154914 -958.803452215528;-892.8725600528301 -450.3094397241804
1000,5,6,LXSSA_REPAIR,45.83769719323027,70182.84930280678,0.478219251266637,,6030,6030,0,0,100,0.0,1,563.7446911613287 615.6070483066227;-145.9043688457163 -124.06904539248269;-991.0179427642731 -133.72896888583185;991.0651615424855 -133.37857990234815;-565.1470382271606 296.92126451006277
1000,5,7,LXSSA_REPAIR,53.7515196295717,70174.93548037043,0.478219251266637,,6030,6030,0,0,100,0.0,1,714.4612831566014 -255.43372090693327;979.201417222687 202.89057274570723;-33.9698892004954 165.8054333901219;-931.899428729665 359.4151611540784;313.3513212750197 -949.4353979778471
1000,5,8,LXSSA_REPAIR,57.00286087911809,70171.68413912089,0.478219251266637,,6030,6030,0,0,100,0.0,1,-467.06378200303453 -884.2234313301146;-466.274344568836 884.6401729499415;829.4320710262414 558.4191360131823;-886.4470055928276 -462.8292418014802;817.6095964938047 -575.7672142792403
1000,5,9,LXSSA_REPAIR,56.31456743059971,70172.3724325694,0.478219251266637,,6030,6030,0,0,100,0.0,1,-554.875096982807 -830.8822454178257;980.7890080004154 82.90046270609514;751.3657113034277 -659.7735723849803;55.83917290734593 -830.779442922617;326.43893824096244 77.45764172105036
1000,5,10,LXSSA_REPAIR,32.50245812823414,70196.18454187177,0.478219251266637,,6030,6030,0,0,100,0.0,1,689.4097788146057 -706.3364446198995;980.8367235111008 -194.68516365496427;219.71669837713054 975.561751263744;-958.1502103863329 -272.2906335523441;-652.9128784218116 756.3972212745491
1000,5,11,LXSSA_REPAIR,34.79871138135786,70193.88828861865,0.478219251266637,,6030,6030,0,0,100,0.0,1,584.8000691167456 -707.2509620188767;908.8610837237695 394.98526163892586;-633.3691178296178 773.8492066218072;175.47011728327774 -12.48284743773641;-947.4016452388219 -284.5263448905523
1000,5,12,LXSSA_REPAIR,22.32696431370277,70206.3600356863,0.478219251266637,,6030,6030,0,0,100,0.0,1,999.7336330119173 12.819283095617632;541.6915023525514 813.8088576498926;-534.4989562511965 845.1549311146;-814.6866570361236 -70.87124705689514;31.761954933035014 -936.8965551751617
1000,5,13,LXSSA_REPAIR,46.56578143137449,70182.12121856863,0.478219251266637,,6030,6030,0,0,100,0.0,1,-786.9514411528729 384.95412466343987;-383.4623370831945 -319.8162386972525;704.7960906520238 709.4099453782869;-120.43805346058566 -778.4261624075606;354.8887198924495 96.58969474165667
1000,5,14,LXSSA_REPAIR,28.25274079455994,70200.43425920545,0.478219251266637,,6030,6030,0,0,100,0.0,1,955.9525262698926 -293.4694606678349;-182.29795977964167 -960.0775606042645;502.7651859971911 161.17664956792768;-866.5408781832865 -263.6173767241286;-181.99469541744432 858.0621206231314
1000,5,15,LXSSA_REPAIR,51.08523193861765,70177.60176806139,0.478219251266637,,6030,6030,0,0,100,0.0,1,-320.91450442108663 -947.1081674508822;-844.6070840094521 -428.5845805182622;229.1593466083638 -382.97799452677344;653.0793399420953 378.7976238301602;980.3112493387296 -195.86494152760574
1000,5,16,LXSSA_REPAIR,13.722256823370117,70214.96474317664,0.478219251266637,,6030,6030,0,0,100,0.0,1,522.1229138938543 -841.2977036324236;-878.5764078081411 474.08332204717794;-489.9029982686222 -845.7878825661076;-1.3335398524494955 980.5576450827061;999.9050141996843 -13.782691258574847
1000,5,17,LXSSA_REPAIR,26.734714990539945,70201.95228500947,0.478219251266637,,6030,6030,0,0,100,0.0,1,28.608688684850357 82.99997328609749;553.0243368055268 610.3571190213025;-248.96627131777075 -852.067360679187;987.7823452539825 -155.83913804889363;-888.7036124489316 305.33895113649544
1000,5,18,LXSSA_REPAIR,40.03224364425114,70188.65475635575,0.478219251266637,,6030,6030,0,0,100,0.0,1,-201.14978417804926 -28.45985948200409;-629.4838027848292 -777.0136047918018;558.7006355922863 751.8706822456141;540.7699591693074 -782.0972784113814;992.1247341048254 8.965081553072904
1000,5,19,LXSSA_REPAIR,33.065938610670855,70195.62106138933,0.478219251266637,,6030,6030,0,0,100,0.0,1,-963.5069101268741 267.6675025213078;-241.1397693957253 271.1526172981644;598.2722813321799 -577.5797810993619;854.8748985677003 273.75218489362726;-494.75244311968686 -571.5411224536647
1000,5,20,LXSSA_REPAIR,50.68569187336834,70178.00130812664,0.478219251266637,,6030,6030,0,0,100,0.0,1,953.9952577149367 -299.05886047678746;-169.96414925703388 -985.450089373839;-671.7184285015585 -696.2985088101786;-168.77854603570165 985.6539973023365;688.6048037717089 517.3768998590963
1000,5,21,LXSSA_REPAIR,24.111718820946408,70204.57528117906,0.478219251266637,,6030,6030,0,0,100,0.0,1,-999.962400624576 8.671639818091313;-521.3252998393758 -827.5133491016506;-39.284137810962086 983.0217796995074;495.1862486904259 847.3489628233432;882.095878355608 -471.0698905765512
1000,5,22,LXSSA_REPAIR,48.609576676331926,70180.07742332367,0.478219251266637,,6030,6030,0,0,100,0.0,1,-575.0895639888194 -480.1754012137364;980.773710349801 -50.63474159784621;-56.06392915286571 -998.4271810442374;-997.6865296745295 -61.938000061166385;393.05389518821016 -205.20694361125624
1000,5,23,LXSSA_REPAIR,39.2121051150898,70189.47489488492,0.478219251266637,,6030,6030,0,0,100,0.0,1,593.555051822679 793.9516220952108;870.2496805052668 -61.540171672636106;-35.75234005172642 948.6243080408489;-897.2218833452528 441.55328351240564;-502.6357131550121 -864.2873814962369
1000,5,24,LXSSA_REPAIR,37.92468039682717,70190.76231960318,0.478219251266637,,6030,6030,0,0,100,0.0,1,-967.3268529461459 -253.5325611618857;675.8023985604847 737.0828434442737;664.8517356738522 -743.4938302863645;-261.11583735265106 -965.3074740638983;970.6028131663207 -215.54061450764246
1000,5,25,LXSSA_REPAIR,37.73616044809751,70190.95083955191,0.478219251266637,,6030,6030,0,0,100,0.0,1,-8.364086469907702 826.8023353410949;429.8753473385666 -517.2561424141636;-885.0972278857327 300.8258174932195;-51.30618306952396 -998.6814162181852;776.958606153885 629.4945833007741
1000,5,26,LXSSA_REPAIR,27.28542344777088,70201.40157655223,0.478219251266637,,6030,6030,0,0,100,0.0,1,734.2801791253319 678.846535340404;-217.27107649035372 -975.7171186530245;-967.2322118905687 -248.13941284137346;68.19846113622869 4.6012390527934395;-680.49840474737 726.0007247220302
1000,5,27,LXSSA_REPAIR,23.057573923826567,70205.62942607618,0.478219251266637,,6030,6030,0,0,100,0.0,1,-966.9380144596132 255.01061088255904;701.2395301623088 -712.9257433865475;229.3699735788664 948.9650112911567;976.9407672512801 211.45814058162867;-660.7983730111637 -734.9454253109483
1000,5,28,LXSSA_REPAIR,32.037006301863585,70196.64999369814,0.478219251266637,,6030,6030,0,0,100,0.0,1,-192.13868292202864 624.0388481388978;984.9688942538733 -43.174478581530465;-969.6419869167289 -115.12657075083769;-569.4835689721668 -822.0027157319635;537.4347741057835 -843.3053204989669
1000,5,29,LXSSA_REPAIR,19.95842225481465,70208.72857774519,0.478219251266637,,6030,6030,0,0,100,0.0,1,-280.31675120805284 -958.1266800398581;-960.5261493486352 236.0067806816198;-262.81493752973563 933.0869088006039;288.6242124508393 -957.3931265870134;744.1975194263974 667.821123662321
1000,5,30,LXSSA_REPAIR,31.22612166909676,70197.46087833091,0.478219251266637,,6030,6030,0,0,100,0.0,1,588.4450442725202 598.0567455352017;-964.2681195808672 -264.9202599290029;989.6623681204856 -84.81673375091992;-341.99580821921796 807.7586425602383;-352.5889584420011 -880.1910016591947
500,4,1,LXSSA_REPAIR,84.47654367493669,56098.47305632506,0.3237572474333622,,6030,6030,0,0,100,0.0,1,-99.88996496010728 -489.9195565968916;423.1613306144996 -185.91303139484563;-438.763090638386 77.58926934339013;202.99164730788237 456.94024896394524
500,4,2,LXSSA_REPAIR,74.75667303184309,56108.19292696816,0.3237572474333622,,6030,6030,0,0,100,0.0,1,74.64501317228351 492.58080031937226;495.33774059172725 68.12136672742116;-178.12185605696249 -329.1930267456448;-468.7324635253072 174.03986947629483
500,4,3,LXSSA_REPAIR,123.29011447879748,56059.6594855212,0.3237572474333622,,6030,6030,0,0,100,0.0,1,-251.9809219464581 427.28914824752286;-499.494289196175 -22.48232773553198;499.79331169501694 14.370203528191158;47.9415510616052 497.38344052745765
500,4,4,LXSSA_REPAIR,97.71518265394116,56085.23441734606,0.3237572474333622,,6030,6030,0,0,100,0.0,1,-118.27514175770318 -418.55226372939416;263.3820800834368 -424.9927876693757;459.1370970365478 197.97253881498742;-499.510791632588 -22.108703757486524
500,4,5,LXSSA_REPAIR,76.37234733943478,56106.577252660565,0.3237572474333622,,6030,6030,0,0,100,0.0,1,-496.9412761945655 -55.22108305816306;261.9016010049128 376.46598619263733;-149.81891203519257 -406.3778937463631;498.4483329285488 -39.360632626402136
500,4,6,LXSSA_REPAIR,78.46518143872527,56104.48441856128,0.3237572474333622,,6030,6030,0,0,100,0.0,1,-158.99335968018744 351.13947930842596;107.42584567336466 -460.29484879395955;468.0766928761536 175.7957117308363;-371.16044934920245 -335.0222691686302
500,4,7,LXSSA_REPAIR,62.52679226033069,56120.42280773967,0.3237572474333622,,6030,6030,0,0,100,0.0,1,-123.34700825444943 -484.54572327417867;148.5613031387683 457.03273692277276;480.7389032628494 -137.4412852444007;-378.60525485261843 326.5854574196222
500,4,8,LXSSA_REPAIR,131.95301572677272,56050.99658427323,0.3237572474333622,,6030,6030,0,0,100,0.0,1,127.07812661417013 -394.931422418642;-499.6525938261649 -12.131786342352289;456.48370872542216 -204.01623383516292;-277.8639767263153 -399.66714984064976
500,4,9,LXSSA_REPAIR,65.43722101491585,56117.51237898509,0.3237572474333622,,6030,6030,0,0,100,0.0,1,-390.90242663794237 -311.76159617337106;187.9123326986286 -312.5394628420055;-187.11614267308974 349.44741487583417;467.15991414395285 178.21788523325765
500,4,10,LXSSA_REPAIR,87.23842368320766,56095.71117631679,0.3237572474333622,,6030,6030,0,0,100,0.0,1,-63.785711150503744 136.64612395869688;146.11748491427687 -478.17327466340697;484.4742616611279 123.63126541415382;-479.9885116913891 140.03938247609227
500,4,11,LXSSA_REPAIR,79.84267101498699,56103.10692898501,0.3237572474333622,,6030,6030,0,0,100,0.0,1,443.55624104156993 230.7766475037556;-499.96799643029954 -5.6570792350825005;236.79319296454358 -440.2207638862507;-72.71679172500377 101.20639824675878
500,4,12,LXSSA_REPAIR,64.09411582256871,56118.85548417743,0.3237572474333622,,6030,6030,0,0,100,0.0,1,-476.66188209991975 -30.747259850140985;21.187151822793638 456.50386975701383;499.27600159131754 -26.886098738530507;-237.07179168298765 -440.22376763211923
500,4,13,LXSSA_REPAIR,88.62764941126079,56094.32195058874,0.3237572474333622,,6030,6030,0,0,100,0.0,1,119.93737255834685 -165.20439267871154;-478.68465463975286 -144.43338053379676;-187.16010097748162 359.5448171788198;467.17238685827033 178.1851872551324
500,4,14,LXSSA_REPAIR,92.30214981515746,56090.64745018484,0.3237572474333622,,6030,6030,0,0,100,0.0,1,487.4272769279236 -111.1036287514546;-477.36120401048055 -148.74905346140625;148.72051360003752 477.3700962927412;-310.37598306774515 366.4898381193517
500,4,15,LXSSA_REPAIR,56.98474103873741,56125.96485896126,0.3237572474333622,,6030,6030,0,0,100,0.0,1,-499.95724002449174 -6.538286702681692;-13.721236200680153 -499.8116900075126;254.39497873075703 430.44534394978393;499.9916974893513 2.879887294052352
500,4,16,LXSSA_REPAIR,125.29059041132132,56057.65900958868,0.3237572474333622,,6030,6030,0,0,100,0.0,1,275.24215200106727 -181.94390686070412;-190.01623667594725 311.6111732305208;473.33768338344623 161.09449863105937;-499.98673731160017 -3.6417732632462085
500,4,17,LXSSA_REPAIR,95.24250160936936,56087.70709839063,0.3237572474333622,,6030,6030,0,0,100,0.0,1,-475.2844113172913 155.25694514407934;-117.12664854674034 -486.0866025397373;77.274998377047 -149.8400578874024;359.500923552727 347.4970397171054
500,4,18,LXSSA_REPAIR,65.63486732993624,56117.314732670064,0.3237572474333622,,6030,6030,0,0,100,0.0,1,-442.58423362021136 -150.82328825820613;478.99019914739216 -143.41571464701758;154.92383365928467 432.69998038185184;-110.3940641092347 -484.5964335909684
500,4,19,LXSSA_REPAIR,63.17162008051673,56119.77797991948,0.3237572474333622,,6030,6030,0,0,100,0.0,1,-225.40405189683537 446.3104450810991;498.35494966983435 36.107135566727244;-440.2576798811816 -230.79717667490297;243.12676818829786 -404.9118420016996
500,4,20,LXSSA_REPAIR,45.6618652075922,56137.28773479241,0.3237572474333622,,6030,6030,0,0,100,0.0,1,486.4770018820342 115.49946597221704;-147.23395608264704 477.8306835859886;147.29297774628674 -477.81249325089004;-486.4916199051846 -115.43787836767176
500,4,21,LXSSA_REPAIR,60.64303961382393,56122.306560386176,0.3237572474333622,,6030,6030,0,0,100,0.0,1,-20.64119663679501 499.49980058536227;-439.26412475963707 -238.8451981915274;499.9681874711991 -5.640169923319741;260.26195971342287 -425.4433578980192
500,4,22,LXSSA_REPAIR,81.73897009361826,56101.21062990638,0.3237572474333622,,6030,6030,0,0,100,0.0,1,-454.5293169549509 207.9238352200954;424.3619255747036 -264.41800324313425;-241.77863578731356 -437.36286999739497;21.906774829982464 481.9839302451802
500,4,23,LXSSA_REPAIR,60.749769127774925,56122.19983087223,0.3237572474333622,,6030,6030,0,0,100,0.0,1,155.04543282762046 -461.941549951052;483.36919306088055 127.8836314767186;-374.9199642361551 -330.80964377895657;-133.71248331341008 481.78934380718823
500,4,24,LXSSA_REPAIR,66.67284688710788,56116.27675311289,0.3237572474333622,,6030,6030,0,0,100,0.0,1,-237.36277986940922 428.6300981929891;-441.7776414581364 -234.16343759794418;429.07721377717706 256.6958211915703;225.0896341014203 -407.1367889824744
500,4,25,LXSSA_REPAIR,86.46745249273226,56096.48214750727,0.3237572474333622,,6030,6030,0,0,100,0.0,1,-229.2324496970249 264.3294379190548;144.38482710022222 478.69922415380756;481.56622560612163 -134.51328126092972;-473.9775980079187 -159.2018736907445
500,4,26,LXSSA_REPAIR,63.2629712881826,56119.68662871182,0.3237572474333622,,6030,6030,0,0,100,0.0,1,499.8393605424293 -12.673344119426847;-260.26837581511666 426.91850968255744;-499.93961527866287 7.770502748408304;21.76804905729092 -499.525927200948
500,4,27,LXSSA_REPAIR,94.8883340000757,56088.06126599992,0.3237572474333622,,6030,6030,0,0,100,0.0,1,454.3706376794278 -208.67995499038744;-499.59037602484335 19.761717237953167;239.4393683202671 438.94053002473066;-114.99480745994217 -205.3910923314533
500,4,28,LXSSA_REPAIR,86.32748134613212,56096.62211865387,0.3237572474333622,,6030,6030,0,0,100,0.0,1,318.831713197074 -368.1685523671331;-134.67806450425323 481.06087401391017;482.2101546488907 132.1868626989511;-480.9620683726586 -136.6582920524548
500,4,29,LXSSA_REPAIR,70.47269698922901,56112.47690301077,0.3237572474333622,,6030,6030,0,0,100,0.0,1,-499.930557660384 -8.33291769894733;245.5956635388598 435.4434292180434;499.9249992242287 -8.659974056250968;-245.77150397798374 435.42665034699
500,4,30,LXSSA_REPAIR,74.83250737598428,56108.117092624016,0.3237572474333622,,6030,6030,0,0,100,0.0,1,499.96845609718616 5.616307309613411;-6.022895253568684 -499.95875627896623;-499.9694259522357 -4.537664501584158;6.465939278382365 499.9548912559953
750,4,1,LXSSA_REPAIR,29.60076782588294,56153.34883217412,0.3285056079999776,,6030,6030,0,0,100,0.0,1,-292.70443743820175 325.4576175140919;690.2383030270911 293.3785216979949;80.89334364206425 -324.5319081285783;-735.6306717463991 -116.09504989512442
750,4,2,LXSSA_REPAIR,23.921948499279097,56159.02765150072,0.3285056079999776,,6030,6030,0,0,100,0.0,1,727.5286221963605 -182.214444449681;-527.007646186018 533.6318359687225;185.32545932330257 -726.7423693829373;200.30932127246066 722.7559556718019
750,4,3,LXSSA_REPAIR,27.02708571559924,56155.9225142844,0.3285056079999776,,6030,6030,0,0,100,0.0,1,-749.9667408911208 -7.06311242657758;-372.6785573399398 649.8673083093508;377.7640574490709 647.9153624506946;363.9974498185282 -655.7483166180318
750,4,4,LXSSA_REPAIR,16.899157243744412,56166.050442756256,0.3285056079999776,,6030,6030,0,0,100,0.0,1,407.10632667125634 595.7799510885117;748.2874587795835 -2.9969567424926695;-565.9682814595969 339.5995275407188;29.455070384879306 -715.1511512812677
750,4,5,LXSSA_REPAIR,21.56805448819796,56161.3815455118,0.3285056079999776,,6030,6030,0,0,100,0.0,1,-300.24797521315634 414.90459066328094;277.8476081343449 -660.6501944215826;734.2455958114593 152.91320777569163;-630.0632223653339 -156.84710097263473
750,4,6,LXSSA_REPAIR,15.331621603647363,56167.61797839635,0.3285056079999776,,6030,6030,0,0,100,0.0,1,-749.8310795302509 15.917040255603602;-25.732272749845382 749.0325066006814;385.69768526989793 -643.1932597887447;749.0390603198814 -12.309645533091519
750,4,7,LXSSA_REPAIR,22.438642790286394,56160.51095720971,0.3285056079999776,,6030,6030,0,0,100,0.0,1,593.0375846687448 198.930891670561;-552.8024498310098 -506.8593833902173;167.57213341716292 -518.0724277284078;-205.83386243097485 668.7237833897711
750,4,8,LXSSA_REPAIR,49.11737407965848,56133.83222592034,0.3285056079999776,,6030,6030,0,0,100,0.0,1,615.7785281868664 281.47256171972543;109.838295120444 280.87916781273015;-447.85640328148327 601.558944366576;-746.4475845033909 72.91092914682312
750,4,9,LXSSA_REPAIR,23.361206042383856,56159.588393957616,0.3285056079999776,,6030,6030,0,0,100,0.0,1,122.33403989723024 142.94100116863552;-345.93778159740765 -665.4522807172169;-661.734857784942 347.85248322639393;749.7966820194324 -17.460748833173234
750,4,10,LXSSA_REPAIR,26.066174030856928,56156.88342596914,0.3285056079999776,,6030,6030,0,0,100,0.0,1,-430.8375651555689 -307.74108257763686;155.41688892186835 706.6026548769585;-723.5232133101722 197.52002126768332;705.8424952959036 -253.54757037519994
750,4,11,LXSSA_REPAIR,26.247687130722625,56156.70191286928,0.3285056079999776,,6030,6030,0,0,100,0.0,1,725.6483766071935 189.56379803998564;-726.1801366724791 187.51642355361722;225.3088453078779 -715.3543665612674;-225.7192511426338 -715.2240960734914
750,4,12,LXSSA_REPAIR,63.45169195476774,56119.49790804523,0.3285056079999776,,6030,6030,0,0,100,0.0,1,-581.2707860743915 -51.34202629979423;146.8556340348196 735.4817623518826;536.395540476339 512.7171011312605;137.91261668778208 -737.2110350220817
750,4,13,LXSSA_REPAIR,22.979474574392952,56159.97012542561,0.3285056079999776,,6030,6030,0,0,100,0.0,1,716.4544557307196 221.79479608817445;-499.82048174352826 559.1774611917607;187.43879323919936 -703.0444850225439;-727.1333768910098 -183.78526429189125
750,4,14,LXSSA_REPAIR,41.25072406902473,56141.698875930975,0.3285056079999776,,6030,6030,0,0,100,0.0,1,375.1407915051847 516.1409441947853;708.192107810188 -64.22997300914396;-711.9764225899683 235.7744126829517;-239.66986534673006 512.5968679156213
750,4,15,LXSSA_REPAIR,26.45590657312277,56156.49369342688,0.3285056079999776,,6030,6030,0,0,100,0.0,1,-174.3891329227929 148.71137484108112;515.6279206886849 544.6355179441231;-551.6231833879217 -508.1455141482362;206.19131762634493 -512.1038723295773
750,4,16,LXSSA_REPAIR,30.701475056412164,56152.24812494359,0.3285056079999776,,6030,6030,0,0,100,0.0,1,-672.44550319291 -158.6767791782511;-215.6761602800546 668.6665077824381;331.8280531678153 -399.29620179539194;585.3638462202813 468.88075437507837
750,4,17,LXSSA_REPAIR,18.82661113179347,56164.12298886821,0.3285056079999776,,6030,6030,0,0,100,0.0,1,-653.8983888651123 -367.30978939400933;749.9670549312928 7.0291427858619;382.6463552320346 645.0439864092504;-5.557728367383741 -743.4382930037017
750,4,18,LXSSA_REPAIR,15.49573459833482,56167.45386540167,0.3285056079999776,,6030,6030,0,0,100,0.0,1,373.1075698178522 -645.0374725731102;749.9230731804201 10.741647557368047;-648.0131534688343 -377.5962821627742;-343.190525862843 657.9782388684258
750,4,19,LXSSA_REPAIR,21.76481514317129,56161.18478485683,0.3285056079999776,,6030,6030,0,0,100,0.0,1,181.6588272193811 -727.6675549268904;-723.4952827240554 -197.6223061196257;724.0068763211015 193.8247836937841;193.41228280771827 724.6321058710463
750,4,20,LXSSA_REPAIR,14.966607834212482,56167.98299216579,0.3285056079999776,,6030,6030,0,0,100,0.0,1,553.5754292208401 -505.89173541188654;-219.65773162235914 -698.8039245148804;183.02469132393378 718.4667980473404;-725.0137854343474 191.6590394151098
750,4,21,LXSSA_REPAIR,21.931027859449387,56161.01857214055,0.3285056079999776,,6030,6030,0,0,100,0.0,1,189.31934053099963 700.9453310197072;-711.7983184811537 -210.8002253730025;-89.3704783602188 -210.76794571054472;688.9508903443547 -218.75113145457672
750,4,22,LXSSA_REPAIR,19.155993728178142,56163.79360627182,0.3285056079999776,,6030,6030,0,0,100,0.0,1,-657.2664007161954 361.11184418789077;360.5018544066565 -657.6765254313469;-340.9083561616571 -658.9330538671602;661.758141092463 352.95348517594755
750,4,23,LXSSA_REPAIR,37.37167298291024,56145.57792701709,0.3285056079999776,,6030,6030,0,0,100,0.0,1,-294.1072523082932 169.00797029751416;215.91243837549607 689.9816191735861;730.4990513280927 169.91454350092533;-731.4062049916499 165.966753597558
750,4,24,LXSSA_REPAIR,13.876997949257202,56169.07260205074,0.3285056079999776,,6030,6030,0,0,100,0.0,1,-749.9445500327973 -6.683290628055292;747.6970923200058 6.930679072378646;-15.039353560323057 -748.8608686970773;379.0953779610152 647.1293375494489
750,4,25,LXSSA_REPAIR,23.04039704656316,56159.90920295344,0.3285056079999776,,6030,6030,0,0,100,0.0,1,-321.4102251513274 645.4354579642088;298.3117477691029 -427.10784055974824;-631.8504338517723 -404.0606751978311;749.6465910787047 23.021478755227307
750,4,26,LXSSA_REPAIR,18.565250048610324,56164.38434995139,0.3285056079999776,,6030,6030,0,0,100,0.0,1,202.00135946883316 -713.4775095406569;554.9574747855362 504.5013977518751;-724.590913208173 190.0077458542972;-213.50209311169715 702.8640761065016
750,4,27,LXSSA_REPAIR,22.765798259140865,56160.18380174086,0.3285056079999776,,6030,6030,0,0,100,0.0,1,321.2939359771766 -604.4115701690398;613.6970470332428 382.59892411754817;-354.2633018850033 -595.765347912415;-653.5270148315007 367.97070655886114
750,4,28,LXSSA_REPAIR,24.654590807200293,56158.2950091928,0.3285056079999776,,6030,6030,0,0,100,0.0,1,480.13625737018873 -540.2076660907293;714.46015842639 228.13580810621895;-728.8915500782169 176.68363218973226;-219.26073798271418 -717.0497532554239
750,4,29,LXSSA_REPAIR,41.47634660524636,56141.47325339475,0.3285056079999776,,6030,6030,0,0,100,0.0,1,-585.2730830777454 -69.61813313882777;741.0452926356592 -109.70656436512252;-242.97495973321836 -659.3321639091963;160.52765716649054 -256.2350088981961
750,4,30,LXSSA_REPAIR,18.04972814278153,56164.89987185722,0.3285056079999776,,6030,6030,0,0,100,0.0,1,672.3954109704699 332.241495460535;-749.0873430596386 0.10514102461927854;381.3122896023157 -645.8335217362442;-28.476525827164274 736.0104606153615
1000,4,1,LXSSA_REPAIR,19.692057207641483,56163.25754279236,0.3107671650333335,,6030,6030,0,0,100,0.0,1,940.6772452802803 329.69917478707924;335.85777302462003 172.24291484054766;-419.13833305596205 368.75571153964194;-963.2701429723828 -177.89082294990249
1000,4,2,LXSSA_REPAIR,6.554539154691156,56176.39506084531,0.3107671650333335,,6030,6030,0,0,100,0.0,1,-205.27428277093705 -813.0001737548033;746.9658194533539 -570.1054565457162;-843.0154370876103 309.56647928758616;294.40371158580615 955.653916795415
1000,4,3,LXSSA_REPAIR,10.37699311063625,56172.57260688936,0.3107671650333335,,6030,6030,0,0,100,0.0,1,-926.3355066502382 -277.4548177202883;344.91149453524747 25.13976648290127;-230.5983114458496 -971.8826305354818;-210.65974214980673 973.5425310616789
1000,4,4,LXSSA_REPAIR,6.181431961726048,56176.768168038274,0.3107671650333335,,6030,6030,0,0,100,0.0,1,-876.3295923957469 481.6195393470917;999.2424007564871 -38.03128812541612;-466.86511109994154 -878.0439001488008;493.1892154158444 837.1884077391319
1000,4,5,LXSSA_REPAIR,18.55729631468421,56164.39230368532,0.3107671650333335,,6030,6030,0,0,100,0.0,1,-771.497359928373 636.2275437353704;-371.94677983121164 -61.58018688972292;25.185931832204716 632.2474738190431;721.9162473013799 -691.9804418350947
1000,4,6,LXSSA_REPAIR,21.789916931273183,56161.15968306873,0.3107671650333335,,6030,6030,0,0,100,0.0,1,-488.6763195968838 -848.1582195502542;92.92496392122686 -995.6205409079053;-977.3908772811769 17.438700086931707;-472.05585012477013 881.5508663886362
1000,4,7,LXSSA_REPAIR,8.886850133661937,56174.06274986634,0.3107671650333335,,6030,6030,0,0,100,0.0,1,-272.6537655151 958.9844028613596;421.93902532830947 -282.4593163043496;-964.9403844463423 -262.4691495481806;965.3939443706854 260.795958888189
1000,4,8,LXSSA_REPAIR,15.334092777273328,56167.61550722273,0.3107671650333335,,6030,6030,0,0,100,0.0,1,-642.3761647257254 -734.80990590848;276.0142834021661 961.1535201228564;262.25784582305585 -964.9978266107469;-956.9502162713459 278.85572097526693
1000,4,9,LXSSA_REPAIR,13.103658669780998,56169.84594133022,0.3107671650333335,,6030,6030,0,0,100,0.0,1,777.6032215075169 -628.7553020859002;-955.9518769593244 -240.30539317476334;-660.04249570477 751.2282634884145;27.284316135512405 750.1049044165353
1000,4,10,LXSSA_REPAIR,3.118633253565349,56179.83096674644,0.3107671650333335,,6030,6030,0,0,100,0.0,1,-273.5621870663628 -961.8543183910276;969.1053585183622 -246.64492997428772;-969.4402875670488 245.3167505994352;273.88659943627766 961.761992724412
1000,4,11,LXSSA_REPAIR,6.167057638274855,56176.782542361725,0.3107671650333335,,6030,6030,0,0,100,0.0,1,494.7711738418495 845.8530910751002;-465.39633856722594 -877.4776980012184;999.5565757162543 -29.77670133503329;-874.9325028398644 484.24489204778484
1000,4,12,LXSSA_REPAIR,5.085376664472278,56177.86422333553,0.3107671650333335,,6030,6030,0,0,100,0.0,1,-971.5062116277466 -237.01409402966772;-282.05279896616605 959.398883986922;272.3144892502891 -954.4528132865871;965.9580983075376 -258.69857424053475
1000,4,13,LXSSA_REPAIR,10.023395595912008,56172.92620440409,0.3107671650333335,,6030,6030,0,0,100,0.0,1,-960.6915473121288 239.2236143373296;707.7380500405341 706.4363632746297;-209.0700255261014 -191.2162528307463;236.41285588445584 -965.8218474303164
1000,4,14,LXSSA_REPAIR,22.455153866387263,56160.49444613361,0.3107671650333335,,6030,6030,0,0,100,0.0,1,673.3634076126644 -714.1351683058768;962.2997397823617 -211.13991360396537;-744.1920414897096 -667.9642152815331;198.78325010580932 980.0431211246923
1000,4,15,LXSSA_REPAIR,10.085545789290336,56172.86405421071,0.3107671650333335,,6030,6030,0,0,100,0.0,1,-924.4549678815677 -248.26971727060652;946.1374076403121 -154.1418857372028;-224.9748317050148 960.1357267170766;228.114946606299 -564.4069863445311
1000,4,16,LXSSA_REPAIR,11.503525562053255,56171.44607443795,0.3107671650333335,,6030,6030,0,0,100,0.0,1,-724.5425470318289 -680.5300405211495;679.2521628434267 -689.7980229271567;-414.19074938189704 374.91205775728514;184.64162779882835 976.003906875663
1000,4,17,LXSSA_REPAIR,4.555506493146822,56178.39409350685,0.3107671650333335,,6030,6030,0,0,100,0.0,1,-999.9855534014135 -5.37521985306019;18.147398985697787 999.8353223956702;-507.4259199335826 -860.0595404330818;869.4549285581647 -494.0122743474261
1000,4,18,LXSSA_REPAIR,8.509181886525766,56174.440418113474,0.3107671650333335,,6030,6030,0,0,100,0.0,1,-143.62529486291098 -892.1638175737569;383.8317389703645 772.6747667397772;974.5997543974498 -223.95363662641475;-917.1705367479844 398.49492659432195
1000,4,19,LXSSA_REPAIR,12.08006710364134,56170.86953289636,0.3107671650333335,,6030,6030,0,0,100,0.0,1,649.0044939808326 738.0106090744138;-726.5725085723645 -686.2336358564571;961.9014436560634 -272.6705573076956;-251.8035718880995 967.7783636682495
1000,4,20,LXSSA_REPAIR,9.04217805708322,56173.90742194292,0.3107671650333335,,6030,6030,0,0,100,0.0,1,378.88721578366534 365.21436278756215;-255.4849822174013 -778.7915442889897;866.9584156276219 -498.3804827362761;-908.2279180391693 400.84772774567
1000,4,21,LXSSA_REPAIR,6.550668547984969,56176.398931452015,0.3107671650333335,,6030,6030,0,0,100,0.0,1,-482.29649765041773 -875.9933357997094;-886.9563151269947 454.7296940052303;965.1464442901248 -50.86767721484541;466.1984865393691 814.03428762354
1000,4,22,LXSSA_REPAIR,11.113387956102088,56171.8362120439,0.3107671650333335,,6030,6030,0,0,100,0.0,1,-439.5553101139561 898.0519457729962;-923.6498618286861 67.32865275472349;573.6117161555215 -819.1273399717027;864.7071140363677 151.5512840770592
1000,4,23,LXSSA_REPAIR,4.582855625245429,56178.366744374754,0.3107671650333335,,6030,6030,0,0,100,0.0,1,505.5131180714807 861.6521091314057;-867.0001538914051 498.2620025258016;999.6047469886478 3.673842718245526;-12.514456534384243 -998.3731628121958
1000,4,24,LXSSA_REPAIR,15.318476376596664,56167.6311236234,0.3107671650333335,,6030,6030,0,0,100,0.0,1,-525.0847711712994 -524.0466074979881;998.112387535145 -57.42985346780407;561.0602165197998 -818.3005690361127;-850.9192876755634 524.9974964601382
1000,4,25,LXSSA_REPAIR,3.4528009033892886,56179.49679909661,0.3107671650333335,,6030,6030,0,0,100,0.0,1,282.686552251566 -959.2123399832399;-970.5384787085296 -239.81937871482592;-279.9661876225541 960.0098612973164;970.6085431259766 240.6637820920907
1000,4,26,LXSSA_REPAIR,19.853976824473648,56163.095623175526,0.3107671650333335,,6030,6030,0,0,100,0.0,1,269.05514561200886 -382.4664639847516;-29.842089662885765 569.7801685171232;-940.5585816612712 -339.63149804359705;954.1020625101228 299.4816426993977
1000,4,27,LXSSA_REPAIR,6.8013907287531765,56176.14820927125,0.3107671650333335,,6030,6030,0,0,100,0.0,1,716.4319765763738 696.3173342297999;-295.68477538107066 703.5404775748617;219.2107250275072 -975.6774891034349;-902.325646103207 -328.265150629645
1000,4,28,LXSSA_REPAIR,6.118300346141041,56176.83129965386,0.3107671650333335,,6030,6030,0,0,100,0.0,1,507.2418271832251 -861.8037452377275;-999.9838019116983 5.686122008703968;-33.53348418738355 985.9690105404942;890.3697372346721 455.23808909304773
1000,4,29,LXSSA_REPAIR,14.40247676992294,56168.54712323008,0.3107671650333335,,6030,6030,0,0,100,0.0,1,-133.3308402364263 667.6954212348505;260.46799124542474 -15.408663561207844;-549.8605090960068 -835.2562595537812;999.9692074379041 -7.656977334048582
1000,4,30,LXSSA_REPAIR,13.096426924705156,56169.853173075295,0.3107671650333335,,6030,6030,0,0,100,0.0,1,989.7377860795361 -60.15338298415674;-480.23745460779315 -122.12586242359232;463.757170281791 851.6395545540923;-845.6180091356844 512.1435866883389
500,3,1,LXSSA_REPAIR,9.95103104480222,42127.2611689552,0.232233442400017,,6030,6030,0,0,100,0.0,1,0.1527575566139941 499.9999766651283;432.75435560471436 -250.44693590688706;-432.67425246712287 -250.58529735803816
500,3,2,LXSSA_REPAIR,31.478167554618267,42105.73403244538,0.232233442400017,,6030,6030,0,0,100,0.0,1,-228.05183284587977 440.778476949942;422.19093651194373 267.8708889132373;-438.76955308502187 -239.7525375998556
500,3,3,LXSSA_REPAIR,13.276742460060632,42123.93545753994,0.232233442400017,,6030,6030,0,0,100,0.0,1,-119.82950408755777 -485.42856317910463;356.99011912716185 350.0793545787044;-480.25974584555877 139.10634967663876
500,3,4,LXSSA_REPAIR,17.55502946798515,42119.65717053202,0.232233442400017,,6030,6030,0,0,100,0.0,1,365.86257270551846 -340.79990888100195;-362.82941581456066 -344.02734632535334;-110.34495858094598 487.6720107980048
500,3,5,LXSSA_REPAIR,13.272365481388988,42123.93983451861,0.232233442400017,,6030,6030,0,0,100,0.0,1,119.88354868319914 -485.41521891585046;-357.57580709513917 349.4846808949711;480.4223843100981 138.54361282210164
500,3,6,LXSSA_REPAIR,14.613177271508905,42122.59902272849,0.232233442400017,,6030,6030,0,0,100,0.0,1,128.49327911376355 -441.01777575453883;-471.2805013832485 167.01703211335632;472.7830711252475 162.7149890372093
500,3,7,LXSSA_REPAIR,16.407145388286153,42120.80505461172,0.232233442400017,,6030,6030,0,0,100,0.0,1,115.642905488845 -390.5479314087923;458.6800617808016 196.8019527068228;-458.7987676376244 198.60127716013142
500,3,8,LXSSA_REPAIR,13.271988926986523,42123.940211073015,0.232233442400017,,6030,6030,0,0,100,0.0,1,-357.6160456119821 -349.44350605047555;120.05151564947526 485.37370508739326;480.49934007918466 -138.27647733243728
500,3,9,LXSSA_REPAIR,13.274958095564216,42123.93724190444,0.232233442400017,,6030,6030,0,0,100,0.0,1,-119.63410316028487 485.47481768777607;357.20511764589486 -349.86355044157204;-480.3868362626913 -138.66682207911953
500,3,10,LXSSA_REPAIR,14.615383078416926,42122.59681692159,0.232233442400017,,6030,6030,0,0,100,0.0,1,-471.08591949268924 167.5650812542026;468.79937881695366 173.85954797145422;121.91111903309448 -430.76364058138535
500,3,11,LXSSA_REPAIR,14.531884180847555,42122.680315819154,0.232233442400017,,6030,6030,0,0,100,0.0,1,498.91270901783423 29.76829064454488;0.33921589957601456 -468.5480278030001;-422.26936127535237 267.2912816479116
500,3,12,LXSSA_REPAIR,29.618281817885872,42107.59391818212,0.232233442400017,,6030,6030,0,0,100,0.0,1,-492.18739696039273 88.04297969374241;3.942961485774006 -415.6917008968375;479.7356169581444 -140.90329244481308
500,3,13,LXSSA_REPAIR,9.950931518724246,42127.26126848128,0.232233442400017,,6030,6030,0,0,100,0.0,1,432.6840646606842 -250.5683543241421;0.0010086172644243603 499.9999999989827;-432.68363451724883 -250.5690970988718
500,3,14,LXSSA_REPAIR,18.579426120057175,42118.632773879945,0.232233442400017,,6030,6030,0,0,100,0.0,1,113.89582182497672 409.0420231488917;460.23982971827616 -195.14679579555607;-497.0599327499489 54.14237383044944
500,3,15,LXSSA_REPAIR,13.35610450267268,42123.85609549733,0.232233442400017,,6030,6030,0,0,100,0.0,1,-124.63900013391289 484.21598450032445;483.19662855106554 -128.53411281400574;-481.47321746274105 -134.84636022553988
500,3,16,LXSSA_REPAIR,13.358267152150802,42123.85393284785,0.232233442400017,,6030,6030,0,0,100,0.0,1,481.182000128018 -135.881870581767;-483.2016909397689 -128.5150803328077;123.97631339441693 484.38607919419945
500,3,17,LXSSA_REPAIR,13.271904673529209,42123.94029532647,0.232233442400017,,6030,6030,0,0,100,0.0,1,357.58203598574494 -349.4783076820211;-120.18847368557408 485.33980961088696;-480.520090935108 -138.20434945295887
500,3,18,LXSSA_REPAIR,34.428392848079966,42102.78380715192,0.232233442400017,,6030,6030,0,0,100,0.0,1,465.10534893588414 183.5129815332676;-5.795497935723084 -85.6748718906089;-493.3112386022086 -81.51086963561828
500,3,19,LXSSA_REPAIR,9.950997877815098,42127.26120212219,0.232233442400017,,6030,6030,0,0,100,0.0,1,-432.6154916680246 -250.68672876603156;432.66808895669664 -250.59593930979813;0.0776353667327224 499.9999939727498
500,3,20,LXSSA_REPAIR,16.949239975634555,42120.26296002437,0.232233442400017,,6030,6030,0,0,100,0.0,1,437.96956850295135 -241.2108145696179;8.447907692402929 499.9286277616242;-268.5848372886007 -421.73710434185875
500,3,21,LXSSA_REPAIR,13.35673170123482,42123.85546829877,0.232233442400017,,6030,6030,0,0,100,0.0,1,481.356053622142 -135.26395138774143;124.49973004782814 484.2516233621039;-483.35169713006553 -127.94974357725535
500,3,22,LXSSA_REPAIR,9.950969496931066,42127.26123050307,0.232233442400017,,6030,6030,0,0,100,0.0,1,-0.016187676682502646 499.9999997379591;-432.64095848492695 -250.64277576112926;432.6597083221052 -250.6104083924505
500,3,23,LXSSA_REPAIR,11.33343866805808,42125.87876133194,0.232233442400017,,6030,6030,0,0,100,0.0,1,414.9610569865234 -275.37552365880674;-6.624491487841392 458.69957639314873;-423.5144538724148 -265.77341357094065
500,3,24,LXSSA_REPAIR,9.950963927934936,42127.26123607207,0.232233442400017,,6030,6030,0,0,100,0.0,1,432.7289075931636 250.4909030947576;0.061711268458646176 -499.99999619171933;-432.6619406897813 250.60655434076773
500,3,25,LXSSA_REPAIR,13.272940444723645,42123.93925955528,0.232233442400017,,6030,6030,0,0,100,0.0,1,119.89268632669534 485.4129620903923;-357.80416060920845 -349.25068704277203;480.42083539428415 -138.54746330186262
500,3,26,LXSSA_REPAIR,27.233854270802112,42109.9783457292,0.232233442400017,,6030,6030,0,0,100,0.0,1,-499.97959339205266 4.517321276782359;229.0685301997023 439.60726814499725;499.1355455276901 -29.388895705269523
500,3,27,LXSSA_REPAIR,13.385913343721768,42123.82628665628,0.232233442400017,,6030,6030,0,0,100,0.0,1,-124.96975542917376 484.13072638283603;-481.621873372077 -132.87463375873406;483.4088682523782 -127.67257862234133
500,3,28,LXSSA_REPAIR,13.755918939888945,42123.45628106011,0.232233442400017,,6030,6030,0,0,100,0.0,1,499.9305377389614 8.334112792185444;-435.1188659914603 246.31600122262782;-7.6118686197688845 -499.9420560986197
500,3,29,LXSSA_REPAIR,13.356623664447396,42123.855576335554,0.232233442400017,,6030,6030,0,0,100,0.0,1,-124.69575007880513 484.2010231490015;483.2633808062163 -128.28271642352055;-481.53323480702664 -134.6297605520412
500,3,30,LXSSA_REPAIR,13.35571647578763,42123.85648352421,0.232233442400017,,6030,6030,0,0,100,0.0,1,483.2492629929472 -128.33607828134603;-124.53375626549493 484.2430624700846;-481.41424413924324 -135.05674933094252
750,3,1,LXSSA_REPAIR,2.159342187755101,42135.05285781225,0.2438472531333294,,6030,6030,0,0,100,0.0,1,649.7680788502087 373.76636964543087;0.47308947034806886 -749.9988980680439;-649.2502266831832 375.4651108498086
750,3,2,LXSSA_REPAIR,2.9983911088565947,42134.213808891145,0.2438472531333294,,6030,6030,0,0,100,0.0,1,722.6811247683295 200.57903064753393;188.15971684699653 -726.0137195370746;-725.0505611806495 191.83764941122791
750,3,3,LXSSA_REPAIR,3.085096804512432,42134.12710319549,0.2438472531333294,,6030,6030,0,0,100,0.0,1,749.941471886055 9.369564844607332;-652.1160589221364 370.4654446717812;-8.807740595035282 -749.9482787956271
750,3,4,LXSSA_REPAIR,3.47314072316658,42133.73905927684,0.2438472531333294,,6030,6030,0,0,100,0.0,1,-13.355863290388305 670.5426078047492;620.6419727941042 -420.9524472073741;-744.6430518670836 -61.44694079035423
750,3,5,LXSSA_REPAIR,3.9493509316816926,42133.26284906832,0.2438472531333294,,6030,6030,0,0,100,0.0,1,-543.4594558115375 516.8673136202632;175.14980084449613 -729.2611218516839;541.5876499869144 518.8283120471083
750,3,6,LXSSA_REPAIR,6.113481384127226,42131.09871861588,0.2438472531333294,,6030,6030,0,0,100,0.0,1,-731.0375356359884 -167.54601787646456;-220.43095947782888 715.9886209613437;215.90632808442584 -718.250971104878
750,3,7,LXSSA_REPAIR,2.155979777489847,42135.05622022251,0.2438472531333294,,6030,6030,0,0,100,0.0,1,0.03128712981151083 -749.9999993474103;649.2535705668475 375.4594533450976;-649.2285481331439 375.5027194161582
750,3,8,LXSSA_REPAIR,7.416973775580118,42129.79522622442,0.2438472531333294,,6030,6030,0,0,100,0.0,1,-14.6379031519105 -618.9345551230535;-719.4671692618828 -211.8183003290636;736.655289844062 140.85092284627038
750,3,9,LXSSA_REPAIR,3.0853969437157502,42134.126803056286,0.2438472531333294,,6030,6030,0,0,100,0.0,1,749.9441198500078 9.155168070392953;-652.4083219592918 369.95051214758587;-8.999792805721727 -749.9460005423417
750,3,10,LXSSA_REPAIR,2.9826627196234767,42134.22953728038,0.2438472531333294,,6030,6030,0,0,100,0.0,1,-721.9341991554818 -203.25110599879412;-184.74941038923194 726.8890254783264;534.2242648296141 -526.407099640624
750,3,11,LXSSA_REPAIR,5.113730810095149,42132.09846918991,0.2438472531333294,,6030,6030,0,0,100,0.0,1,717.9474829073738 216.91337392370775;-514.7106480559469 544.42631021177;54.104408219899184 -443.09624911713996
750,3,12,LXSSA_REPAIR,4.086245390652039,42133.12595460935,0.2438472531333294,,6030,6030,0,0,100,0.0,1,199.16006326595112 721.5139069303514;724.8411223722326 -192.62748328876182;-726.6907699306636 185.52769307459013
750,3,13,LXSSA_REPAIR,4.613867209154705,42132.59833279085,0.2438472531333294,,6030,6030,0,0,100,0.0,1,-723.7104888755401 -194.05038756878355;540.4873078082167 -519.8822409103648;-44.120307703982235 490.97994489898883
750,3,14,LXSSA_REPAIR,3.0852046705185785,42134.12699532948,0.2438472531333294,,6030,6030,0,0,100,0.0,1,-652.2466781595976 370.2354262219788;-8.947854060042209 -749.946622039009;749.9374296769422 9.66150207076433
750,3,15,LXSSA_REPAIR,10.309621602929838,42126.90257839707,0.2438472531333294,,6030,6030,0,0,100,0.0,1,-691.5904616689033 -290.17690006027897;-77.82935383609698 -288.6314119612222;620.4128205651904 421.4118319154612
750,3,16,LXSSA_REPAIR,6.7123936305360985,42130.499806369466,0.2438472531333294,,6030,6030,0,0,100,0.0,1,695.812317913486 276.05764153917016;-155.4861593008364 277.9210428421313;-585.8250137703944 -468.12124034077834
750,3,17,LXSSA_REPAIR,7.665503863863705,42129.54669613614,0.2438472531333294,,6030,6030,0,0,100,0.0,1,-1.7208859032119581 681.9324374566692;-746.6144939127378 -71.18144055458883;695.950846827127 279.55754112633923
750,3,18,LXSSA_REPAIR,7.7402084283021395,42129.4719915717,0.2438472531333294,,6030,6030,0,0,100,0.0,1,153.30923148090108 -544.9522710172791;-674.1053027081559 -328.7583320020125;748.1479051924844 52.11953491699621
750,3,19,LXSSA_REPAIR,5.498854588789982,42131.71334541121,0.2438472531333294,,6030,6030,0,0,100,0.0,1,-177.2461413975144 -728.7508963792537;-555.8594081952596 502.8995831778546;721.4202558907422 165.4076894552995
750,3,20,LXSSA_REPAIR,3.1551016337252804,42134.05709836628,0.2438472531333294,,6030,6030,0,0,100,0.0,1,1.0529692849523653 -747.035554186445;749.9842247156326 4.864429842367997;-648.608593769859 376.36279119386586
750,3,21,LXSSA_REPAIR,7.025581135712855,42130.18661886429,0.2438472531333294,,6030,6030,0,0,100,0.0,1,166.9761226561945 726.2645134452666;732.692287350568 160.1936704648242;-726.2839205786807 -187.11404733172898
750,3,22,LXSSA_REPAIR,6.149808881047648,42131.06239111896,0.2438472531333294,,6030,6030,0,0,100,0.0,1,125.72296684259348 -584.5964671621945;661.8111744670476 352.8523882671401;-643.4290494595829 -385.35575551889406
750,3,23,LXSSA_REPAIR,2.1567861271469155,42135.055413872855,0.2438472531333294,,6030,6030,0,0,100,0.0,1,649.2377465125581 375.4868153521443;0.7501853453820932 -749.9996248145378;-648.659282206454 376.48523956113837
750,3,24,LXSSA_REPAIR,2.992580688020098,42134.21961931198,0.2438472531333294,,6030,6030,0,0,100,0.0,1,536.713637007221 523.8687544132413;-182.77682152944624 -727.2863337307036;-720.0249596354229 201.6493079610499
750,3,25,LXSSA_REPAIR,6.003509111025778,42131.208690888976,0.2438472531333294,,6030,6030,0,0,100,0.0,1,722.6171521144595 170.48720110555072;-225.965080715859 715.1501814658125;205.98047824366506 -721.1602059060879
750,3,26,LXSSA_REPAIR,3.1641745844026445,42134.0480254156,0.2438472531333294,,6030,6030,0,0,100,0.0,1,714.7008047163673 227.38240821490402;-713.1555219864838 232.1834574664599;-185.21267321488534 -682.0780629551361
750,3,27,LXSSA_REPAIR,2.982621259165171,42134.22957874084,0.2438472531333294,,6030,6030,0,0,100,0.0,1,-534.3971479504488 526.2315918513693;184.64341666763454 -726.9159570963498;721.9255681496923 203.28176025345718
750,3,28,LXSSA_REPAIR,2.998536855520797,42134.21366314448,0.2438472531333294,,6030,6030,0,0,100,0.0,1,-723.0749296741545 -199.15482940846906;724.6557309749202 -193.24971048953566;-190.0468270490464 725.5220213946575
750,3,29,LXSSA_REPAIR,2.982641266396968,42134.229558733605,0.2438472531333294,,6030,6030,0,0,100,0.0,1,-534.4900650711913 526.1372160086286;184.52886086018287 -726.9450455372133;721.919628412605 203.30285293186148
750,3,30,LXSSA_REPAIR,7.591571609205857,42129.6206283908,0.2438472531333294,,6030,6030,0,0,100,0.0,1,-356.24164685918447 -654.2518447251368;-749.4372070001467 25.928171732637225;363.532908081812 655.8474355615243
1000,3,1,LXSSA_REPAIR,0.7520003610552521,42136.46019963895,0.2311670553666772,,6030,6030,0,0,100,0.0,1,-873.5617829348932 479.4441763476042;844.1772691687647 478.04378487067834;-11.361583655267054 -999.9354551254017
1000,3,2,LXSSA_REPAIR,1.0525616591257858,42136.15963834088,0.2311670553666772,,6030,6030,0,0,100,0.0,1,195.7083214694721 980.6621502370741;900.3542650929195 -237.83280021807977;-748.3439980810471 -663.310832518265
1000,3,3,LXSSA_REPAIR,3.6077046429054462,42133.604495357096,0.2311670553666772,,6030,6030,0,0,100,0.0,1,-47.04542507415988 -156.38198912109056;914.6322646033129 -404.284178936694;-801.3648956289641 598.1758136648284
1000,3,4,LXSSA_REPAIR,2.4679468057802296,42134.74425319422,0.2311670553666772,,6030,6030,0,0,100,0.0,1,-974.4730173551952 -224.5046512806837;-228.47213103411306 -970.694496056516;968.7031820702166 248.21970977119014
1000,3,5,LXSSA_REPAIR,1.020815962132474,42136.19138403787,0.2311670553666772,,6030,6030,0,0,100,0.0,1,8.902942359542296 -999.9603275826049;-999.954730182796 9.515124016608334;868.6969842306319 495.3438700424233
1000,3,6,LXSSA_REPAIR,2.7714417477327515,42134.44075825227,0.2311670553666772,,6030,6030,0,0,100,0.0,1,90.20388596012754 -297.4584046070165;873.1087439331928 485.58029327721454;-999.9301758899494 -11.814890403206206
1000,3,7,LXSSA_REPAIR,0.991081191248668,42136.22111880875,0.2311670553666772,,6030,6030,0,0,100,0.0,1,-966.4228250291113 -256.9570455596645;253.24163295373626 967.4030543703203;964.2700029843717 -264.92142484993485
1000,3,8,LXSSA_REPAIR,1.0702061913325451,42136.14199380867,0.2311670553666772,,6030,6030,0,0,100,0.0,1,-195.4563114604241 980.7122855059686;-901.1154106941424 -232.56652787541336;753.3202804299156 -657.6536659891652
1000,3,9,LXSSA_REPAIR,2.620816979186202,42134.591383020816,0.2311670553666772,,6030,6030,0,0,100,0.0,1,-442.3930286384775 896.821274079361;-961.9387362353565 -2.7281573944005477;532.44125718493 -846.4669418091647
1000,3,10,LXSSA_REPAIR,2.481449821643764,42134.73075017836,0.2311670553666772,,6030,6030,0,0,100,0.0,1,965.7590760819976 259.44056538106406;-961.7112168155811 -274.0648380421941;-140.3870227544779 547.7232144463401
1000,3,11,LXSSA_REPAIR,1.353422351538029,42135.858777648464,0.2311670553666772,,6030,6030,0,0,100,0.0,1,-263.5327576872774 964.6504473775663;-966.6095454788282 -256.25375429291427;967.7888518498385 251.7632583106026
1000,3,12,LXSSA_REPAIR,1.353878027664905,42135.85832197234,0.2311670553666772,,6030,6030,0,0,100,0.0,1,-966.0254936903938 -258.37817400156683;967.9865607711232 250.96210987235435;-262.64353905198914 963.9986695243518
1000,3,13,LXSSA_REPAIR,1.3158363738839398,42135.89636362612,0.2311670553666772,,6030,6030,0,0,100,0.0,1,237.87565573114335 -971.2956153563541;-721.3685218403108 692.551410147958;719.1488304739769 694.8560711600002
1000,3,14,LXSSA_REPAIR,1.4851731743401615,42135.72702682566,0.2311670553666772,,6030,6030,0,0,100,0.0,1,-968.0646675700572 -250.6739087580889;926.1938408751021 245.4628882737719;-284.23297763870136 940.4448884437106
1000,3,15,LXSSA_REPAIR,0.7305266634866712,42136.48167333652,0.2311670553666772,,6030,6030,0,0,100,0.0,1,858.5668310306881 512.7015815621576;-1.2513792448922076 -978.3641902535609;-857.9209873244779 513.7816285138981
1000,3,16,LXSSA_REPAIR,2.2061553058811114,42135.00604469412,0.2311670553666772,,6030,6030,0,0,100,0.0,1,316.52316320931317 -570.1501867682741;-822.9478227373091 -568.1169607148888;898.6344252746414 438.698250339507
1000,3,17,LXSSA_REPAIR,0.9916582850928536,42136.22054171491,0.2311670553666772,,6030,6030,0,0,100,0.0,1,964.1771909603625 265.25901385586224;-966.3157278206457 257.35950374224706;252.1579058892817 -967.6861012216369
1000,3,18,LXSSA_REPAIR,3.527779776668467,42133.68442022333,0.2311670553666772,,6030,6030,0,0,100,0.0,1,-850.619606626696 -525.7815942216357;878.3421575564855 478.03248243086756;-99.8398105960378 225.34381553839825
1000,3,19,LXSSA_REPAIR,0.9910569615822168,42136.22114303842,0.2311670553666772,,6030,6030,0,0,100,0.0,1,253.69911070288578 967.2831856434623;-966.3752748604268 -257.13581652199787;964.4308954209814 -264.33510542015404
1000,3,20,LXSSA_REPAIR,1.5576787359605078,42135.65452126404,0.2311670553666772,,6030,6030,0,0,100,0.0,1,17.778408169724234 -999.8419516118288;-530.008611655856 847.9922591454665;876.0707343969514 482.18260890785587
1000,3,21,LXSSA_REPAIR,1.0172236297657946,42136.19497637024,0.2311670553666772,,6030,6030,0,0,100,0.0,1,948.113261919468 -254.0647939856946;236.7970465893562 971.5571249789623;-726.0842642406004 -687.6056377815835
1000,3,22,LXSSA_REPAIR,1.320205104748311,42135.89199489525,0.2311670553666772,,6030,6030,0,0,100,0.0,1,999.9978283589118 2.0840531328062744;-999.9970644218461 2.422328958757602;0.2125261218699237 -999.9999774163235
1000,3,23,LXSSA_REPAIR,3.195040477985458,42134.017159522016,0.2311670553666772,,6030,6030,0,0,100,0.0,1,-866.3059532868384 -499.513752714495;523.013545419498 852.3243697722872;0.24885357160448857 -999.9999629699945
1000,3,24,LXSSA_REPAIR,1.50808787727874,42135.70411212272,0.2311670553666772,,6030,6030,0,0,100,0.0,1,55.55554608579482 -662.0819566404726;968.0452194600517 250.7031966270126;-720.7342551079894 692.1686198957633
1000,3,25,LXSSA_REPAIR,1.0253206687411875,42136.18687933126,0.2311670553666772,,6030,6030,0,0,100,0.0,1,-869.0729005102828 -492.6496469050551;-11.648163120849619 999.6953765500467;999.8800539389342 -13.234861431865514
1000,3,26,LXSSA_REPAIR,0.988275767835148,42136.22392423217,0.2311670553666772,,6030,6030,0,0,100,0.0,1,-711.5715256718325 -702.6136661445325;963.2337117564879 -268.66487774887713;248.50748915782452 968.6299746716874
1000,3,27,LXSSA_REPAIR,1.359344068732753,42135.85285593127,0.2311670553666772,,6030,6030,0,0,100,0.0,1,-788.2141211337612 463.1531463372202;53.23299344026303 -998.5821190114456;574.3617239531826 818.6016186506889
1000,3,28,LXSSA_REPAIR,1.7661105127554038,42135.446089487246,0.2311670553666772,,6030,6030,0,0,100,0.0,1,275.5656283341133 -900.5433440734434;959.1650941723686 282.84679925509363;-409.54482591503944 285.7333335995113
1000,3,29,LXSSA_REPAIR,3.134499567677267,42134.07770043232,0.2311670553666772,,6030,6030,0,0,100,0.0,1,573.1922247443531 819.4204363320249;-458.8835113197792 822.5979465706214;-994.3437562485457 -106.20663394276473
1000,3,30,LXSSA_REPAIR,1.5702407784192474,42135.64195922158,0.2311670553666772,,6030,6030,0,0,100,0.0,1,665.1216552435521 -746.7347291183073;-824.4839280160902 -366.23930675991267;-186.76039393773536 734.7413378117812
500,2,1,LXSSA_REPAIR,1.1698898017639294,28090.30491019824,0.1175398254333534,,6030,6030,0,0,100,0.0,1,499.9999999983418 0.0012877078263459519;-499.9999999983109 0.0012996577585375514
500,2,2,LXSSA_REPAIR,2.3397190731557203,28089.135080926844,0.1175398254333534,,6030,6030,0,0,100,0.0,1,-433.0130527351156 249.99939232129347;433.0123740173714 -250.00056789503506
500,2,3,LXSSA_REPAIR,1.1698898017530155,28090.304910198247,0.1175398254333534,,6030,6030,0,0,100,0.0,1,499.99999999986557 -0.0003666669230892937;-499.9999999998203 -0.0004239081983222211
500,2,4,LXSSA_REPAIR,1.1698898017748434,28090.304910198225,0.1175398254333534,,6030,6030,0,0,100,0.0,1,499.9999999975842 -0.001554268395619676;-499.99999999745285 -0.001595976139693215
500,2,5,LXSSA_REPAIR,2.3397190731520823,28089.135080926848,0.1175398254333534,,6030,6030,0,0,100,0.0,1,353.5531179844501 -353.5536632018872;-353.55367780711373 353.5531033792005
500,2,6,LXSSA_REPAIR,1.636282150833722,28089.838517849166,0.1175398254333534,,6030,6030,0,0,100,0.0,1,-484.0281278158788 125.36654850100685;484.0379459647053 -125.32863546001394
500,2,7,LXSSA_REPAIR,1.169889808690641,28090.30491019131,0.1175398254333534,,6030,6030,0,0,100,0.0,1,499.9999993611505 0.025275471899917006;-499.99999941848995 0.02411451888207523
500,2,8,LXSSA_REPAIR,1.1698901960080548,28090.304909803992,0.1175398254333534,,6030,6030,0,0,100,0.0,1,499.9999935777804 0.0801387520379374;-499.99999604088913 0.06292146562691361
500,2,9,LXSSA_REPAIR,1.1698898017530155,28090.304910198247,0.1175398254333534,,6030,6030,0,0,100,0.0,1,-499.99999999992576 -0.0002724914577739303;499.99999999992997 -0.00026463796818103265
500,2,10,LXSSA_REPAIR,1.1698898017530155,28090.304910198247,0.1175398254333534,,6030,6030,0,0,100,0.0,1,499.9999999999764 -0.0001535984174363029;-499.99999999996425 -0.00018908217247160907
500,2,11,LXSSA_REPAIR,1.1698898017748434,28090.304910198225,0.1175398254333534,,6030,6030,0,0,100,0.0,1,-499.9999999988709 -0.0010625822525740488;499.99999999906845 -0.0009651635875689738
500,2,12,LXSSA_REPAIR,1.169889801993122,28090.304910198007,0.1175398254333534,,6030,6030,0,0,100,0.0,1,-499.99999997460475 -0.005039368240396514;499.9999999761091 -0.004887827483572382
500,2,13,LXSSA_REPAIR,1.1698898017530155,28090.304910198247,0.1175398254333534,,6030,6030,0,0,100,0.0,1,499.99999999997607 0.00015469620111404104;-499.99999999997857 0.00014634884197229115
500,2,14,LXSSA_REPAIR,2.339719073232118,28089.135080926768,0.1175398254333534,,6030,6030,0,0,100,0.0,1,353.55186806420414 353.55491311578686;-353.5548897109159 -353.5518914692751
500,2,15,LXSSA_REPAIR,1.1698898017530155,28090.304910198247,0.1175398254333534,,6030,6030,0,0,100,0.0,1,499.99999999976535 0.00048439004091081815;-499.99999999977257 0.00047689205045437817
500,2,16,LXSSA_REPAIR,1.1698898017530155,28090.304910198247,0.1175398254333534,,6030,6030,0,0,100,0.0,1,-499.99999999997306 -0.0001641310009712878;499.9999999999772 -0.00015100017520382436
500,2,17,LXSSA_REPAIR,1.1698899418443034,28090.30491005816,0.1175398254333534,,6030,6030,0,0,100,0.0,1,499.99998399745107 0.12650118050473164;-499.99998416344545 0.1258433720367594
500,2,18,LXSSA_REPAIR,1.1698898042996009,28090.3049101957,0.1175398254333534,,6030,6030,0,0,100,0.0,1,-499.9999997149475 -0.016883498191528186;499.9999997101068 -0.017026249897735955
500,2,19,LXSSA_REPAIR,1.169889802506077,28090.30491019749,0.1175398254333534,,6030,6030,0,0,100,0.0,1,-499.99999997004755 -0.005472879231665421;499.9999999768805 -0.004808277684572679
500,2,20,LXSSA_REPAIR,1.1698898017530155,28090.304910198247,0.1175398254333534,,6030,6030,0,0,100,0.0,1,499.9999999993889 -0.0007817457082736892;-499.99999999941076 -0.0007676111235050278
500,2,21,LXSSA_REPAIR,2.3397190733230677,28089.13508092668,0.1175398254333534,,6030,6030,0,0,100,0.0,1,-250.00246009198167 -433.0112815481337;249.99754408405445 433.01411980666546
500,2,22,LXSSA_REPAIR,2.3397190734867763,28089.135080926517,0.1175398254333534,,6030,6030,0,0,100,0.0,1,250.00359726408328 433.01062499090943;-249.99639772282168 -433.0147816479395
500,2,23,LXSSA_REPAIR,1.6362821461261774,28089.838517853877,0.1175398254333534,,6030,6030,0,0,100,0.0,1,484.03291733396395 -125.34805517905727;-484.0331365106804 125.34720882266599
500,2,24,LXSSA_REPAIR,2.3397190731484443,28089.13508092685,0.1175398254333534,,6030,6030,0,0,100,0.0,1,433.01273218683144 249.9999475281853;-433.01268691746105 -250.0000259370404
500,2,25,LXSSA_REPAIR,1.1698898017893953,28090.30491019821,0.1175398254333534,,6030,6030,0,0,100,0.0,1,-499.99999999579404 -0.002050846650132303;499.9999999957214 -0.002068482577826231
500,2,26,LXSSA_REPAIR,1.1698898017530155,28090.304910198247,0.1175398254333534,,6030,6030,0,0,100,0.0,1,499.9999999998894 -0.00033258873016726387;-499.9999999999073 -0.0003044929294495723
500,2,27,LXSSA_REPAIR,2.3397190733121533,28089.135080926688,0.1175398254333534,,6030,6030,0,0,100,0.0,1,250.00159941582922 -433.01177846512127;-249.99840426679708 433.01362318529317
500,2,28,LXSSA_REPAIR,2.3397190731484443,28089.13508092685,0.1175398254333534,,6030,6030,0,0,100,0.0,1,433.01288841086205 249.9996769399559;-433.01252353758247 -250.00030891903836
500,2,29,LXSSA_REPAIR,1.1698898051363358,28090.304910194864,0.1175398254333534,,6030,6030,0,0,100,0.0,1,-499.99999961304246 0.019671235712919472;499.99999961648604 0.019583512282967768
500,2,30,LXSSA_REPAIR,1.6362821461407293,28089.83851785386,0.1175398254333534,,6030,6030,0,0,100,0.0,1,484.0331805452357 -125.34703878138973;-484.0328853332188 125.34817875022753
750,2,1,LXSSA_REPAIR,0.2470632009462861,28091.227736799054,0.1291305515333685,,6030,6030,0,0,100,0.0,1,749.9999999980605 -0.0017056581719621666;-749.9999999980632 -0.0017044321445445353
750,2,2,LXSSA_REPAIR,0.2470632009462861,28091.227736799054,0.1291305515333685,,6030,6030,0,0,100,0.0,1,-749.9999999997381 0.0006268411062694651;749.9999999998375 0.0004935704096319888
750,2,3,LXSSA_REPAIR,0.4940658715458994,28090.98073412845,0.1291305515333685,,6030,6030,0,0,100,0.0,1,375.0021532851717 -649.5178096337963;-374.99790014692405 649.5202651845418
750,2,4,LXSSA_REPAIR,0.2470632009462861,28091.227736799054,0.1291305515333685,,6030,6030,0,0,100,0.0,1,749.9999999999915 0.00011327069097464479;-749.9999999999989 -4.180441716577551e-05
750,2,5,LXSSA_REPAIR,0.2470632009462861,28091.227736799054,0.1291305515333685,,6030,6030,0,0,100,0.0,1,-749.9999999999989 4.208302328404861e-05;749.9999999999961 -7.64240818889322e-05
750,2,6,LXSSA_REPAIR,0.2470632009462861,28091.227736799054,0.1291305515333685,,6030,6030,0,0,100,0.0,1,-749.9999999994745 -0.0008877948780190479;749.9999999993483 -0.000988663666374516
750,2,7,LXSSA_REPAIR,0.2470985096406366,28091.22770149036,0.1291305515333685,,6030,6030,0,0,100,0.0,1,-749.9998062175658 -0.5391415525047303;749.9999910272552 -0.11601343503116729
750,2,8,LXSSA_REPAIR,0.3464770905629848,28091.12832290944,0.1291305515333685,,6030,6030,0,0,100,0.0,1,-725.6299912019209 189.63416324149034;725.629642705477 -189.63549674868835
750,2,9,LXSSA_REPAIR,0.4940658715458994,28090.98073412845,0.1291305515333685,,6030,6030,0,0,100,0.0,1,-530.331193402817 530.3289783746914;530.3289187957009 -530.331252981552
750,2,10,LXSSA_REPAIR,0.2470632009462861,28091.227736799054,0.1291305515333685,,6030,6030,0,0,100,0.0,1,749.9999999991907 0.0011018003052370798;-749.9999999993311 0.001001695930870971
750,2,11,LXSSA_REPAIR,0.247063200953562,28091.227736799046,0.1291305515333685,,6030,6030,0,0,100,0.0,1,-749.9999999984519 -0.0015238640528400524;749.9999999981053 -0.0016858521755997705
750,2,12,LXSSA_REPAIR,0.3464770960672467,28091.128322903933,0.1291305515333685,,6030,6030,0,0,100,0.0,1,-725.6128336086081 189.6998041709226;725.6469138696004 -189.5693972969389
750,2,13,LXSSA_REPAIR,0.2470632009935798,28091.227736799006,0.1291305515333685,,6030,6030,0,0,100,0.0,1,-749.9999999841262 0.004879613359008681;749.9999999816313 0.005249104590318425
750,2,14,LXSSA_REPAIR,0.2470632009462861,28091.227736799054,0.1291305515333685,,6030,6030,0,0,100,0.0,1,-749.9999999982206 0.0016337699842677393;749.9999999983232 0.0015859231155754686
750,2,15,LXSSA_REPAIR,0.2470632009462861,28091.227736799054,0.1291305515333685,,6030,6030,0,0,100,0.0,1,-749.9999999947979 0.0027933990427490454;749.9999999947887 0.0027958691875049624
750,2,16,LXSSA_REPAIR,0.2470632009462861,28091.227736799054,0.1291305515333685,,6030,6030,0,0,100,0.0,1,-749.9999999999836 -0.00015636639365033633;749.9999999999989 -4.191930727820912e-05
750,2,17,LXSSA_REPAIR,0.4940658715458994,28090.98073412845,0.1291305515333685,,6030,6030,0,0,100,0.0,1,530.3288512495891 530.3313205273579;-530.331351386978 -530.3288203898235
750,2,18,LXSSA_REPAIR,0.2470632009426481,28091.227736799057,0.1291305515333685,,6030,6030,0,0,100,0.0,1,749.9999999999941 -9.420145691308536e-05;-749.9999999999937 -9.684022084928056e-05
750,2,19,LXSSA_REPAIR,0.4940658715458994,28090.98073412845,0.1291305515333685,,6030,6030,0,0,100,0.0,1,375.0013346341886 649.5182822850927;-374.9987458852779 -649.519776900187
750,2,20,LXSSA_REPAIR,0.2470632009462861,28091.227736799054,0.1291305515333685,,6030,6030,0,0,100,0.0,1,-749.9999999992889 -0.0010327378498742972;749.9999999993721 -0.0009704749085044159
750,2,21,LXSSA_REPAIR,0.346477092414716,28091.128322907585,0.1291305515333685,,6030,6030,0,0,100,0.0,1,-725.629399058768 189.63642904677178;725.6295624868952 -189.63580370034836
750,2,22,LXSSA_REPAIR,0.2470632009462861,28091.227736799054,0.1291305515333685,,6030,6030,0,0,100,0.0,1,749.9999999999951 -8.573043031034735e-05;-749.9999999999989 4.0845513541295974e-05
750,2,23,LXSSA_REPAIR,0.2470632009462861,28091.227736799054,0.1291305515333685,,6030,6030,0,0,100,0.0,1,749.9999999999317 0.00031999881189943976;-749.99999999995 0.0002741250813460126
750,2,24,LXSSA_REPAIR,0.2470632009462861,28091.227736799054,0.1291305515333685,,6030,6030,0,0,100,0.0,1,749.999999999785 -0.0005677273620595846;-749.9999999997117 -0.000657601197289101
750,2,25,LXSSA_REPAIR,0.2470636606776679,28091.22773633932,0.1291305515333685,,6030,6030,0,0,100,0.0,1,749.9996469529439 -0.7277159195654155;-749.9996418830116 -0.7329224750250374
750,2,26,LXSSA_REPAIR,0.4940658715458994,28090.98073412845,0.1291305515333685,,6030,6030,0,0,100,0.0,1,-375.00137317530294 649.5182600332628;374.99867826796685 -649.5198159388809
750,2,27,LXSSA_REPAIR,0.2470632009462861,28091.227736799054,0.1291305515333685,,6030,6030,0,0,100,0.0,1,749.9999999982737 -0.0016091742711632068;-749.9999999982701 -0.0016108438038602182
750,2,28,LXSSA_REPAIR,0.346477094986767,28091.128322905013,0.1291305515333685,,6030,6030,0,0,100,0.0,1,725.6433581627446 -189.58300755683462;-725.6167665944382 189.68475963300924
750,2,29,LXSSA_REPAIR,0.2470632009462861,28091.227736799054,0.1291305515333685,,6030,6030,0,0,100,0.0,1,749.9999999952825 0.002660122150587243;-749.9999999953848 0.002631143833664509
750,2,30,LXSSA_REPAIR,0.4940658715458994,28090.98073412845,0.1291305515333685,,6030,6030,0,0,100,0.0,1,649.5193940170091 -374.99940906057094;-649.5187508196044 375.00052311128934
1000,2,1,LXSSA_REPAIR,0.0813755899434909,28091.393424410056,0.1306272133000069,,6030,6030,0,0,100,0.0,1,999.9999999999677 -0.0002541931654167824;-999.9999999999485 -0.0003210548800061119
1000,2,2,LXSSA_REPAIR,0.1142442023483454,28091.36055579765,0.1306272133000069,,6030,6030,0,0,100,0.0,1,-967.2624789138899 253.77804650000064;967.2646843257122 -253.76964053306358
1000,2,3,LXSSA_REPAIR,0.0813755899434909,28091.393424410056,0.1306272133000069,,6030,6030,0,0,100,0.0,1,-999.9999999962706 0.002731074270619572;999.9999999963192 0.002713244452043362
1000,2,4,LXSSA_REPAIR,0.0813755946765013,28091.393424405323,0.1306272133000069,,6030,6030,0,0,100,0.0,1,999.9999848055271 0.17432425424995246;-999.9999847791528 0.1744754829855781
1000,2,5,LXSSA_REPAIR,0.1626906499732285,28091.312109350027,0.1306272133000069,,6030,6030,0,0,100,0.0,1,500.0283390906322 -866.0090415845921;-499.9725350070998 866.0412601248132
1000,2,6,LXSSA_REPAIR,0.0813755964190932,28091.39342440358,0.1306272133000069,,6030,6030,0,0,100,0.0,1,-999.9999791792254 0.20406260960236328;999.9999792173995 0.20387545348836006
1000,2,7,LXSSA_REPAIR,0.0813755899762327,28091.393424410024,0.1306272133000069,,6030,6030,0,0,100,0.0,1,-999.9999998870289 0.015031370829849072;999.9999998863178 0.01507860267931271
1000,2,8,LXSSA_REPAIR,0.0813756032803212,28091.39342439672,0.1306272133000069,,6030,6030,0,0,100,0.0,1,-999.9999919794805 0.12665322319152236;999.9999937555158 0.11175405260736307
1000,2,9,LXSSA_REPAIR,0.1626906495403091,28091.31210935046,0.1306272133000069,,6030,6030,0,0,100,0.0,1,707.1048271037226 707.1087352639722;-707.1087128599877 -707.1048495078304
1000,2,10,LXSSA_REPAIR,0.0813755899434909,28091.393424410056,0.1306272133000069,,6030,6030,0,0,100,0.0,1,999.9999999989616 -0.0014411020643806305;-999.9999999988054 -0.0015457051498906792
1000,2,11,LXSSA_REPAIR,0.0813756106435903,28091.39342438936,0.1306272133000069,,6030,6030,0,0,100,0.0,1,-999.9999334030977 -0.36495725805384477;999.9999336214553 -0.3643584567491864
1000,2,12,LXSSA_REPAIR,0.0813757913092558,28091.39342420869,0.1306272133000069,,6030,6030,0,0,100,0.0,1,-999.9993522163293 -1.138229731564707;999.9993546475238 -1.1360917815099334
1000,2,13,LXSSA_REPAIR,0.1626906513374706,28091.312109348662,0.1306272133000069,,6030,6030,0,0,100,0.0,1,-707.0529604409268 707.1605978359662;707.1605810403049 -707.0529772391446
1000,2,14,LXSSA_REPAIR,0.1142442023738112,28091.360555797623,0.1306272133000069,,6030,6030,0,0,100,0.0,1,967.2603743460039 -253.78606782096682;-967.2666929012272 253.7619845523025
1000,2,15,LXSSA_REPAIR,0.1626906499550386,28091.312109350045,0.1306272133000069,,6030,6030,0,0,100,0.0,1,-707.0811640619509 707.1323973831185;707.132520344009 -707.0810410921295
1000,2,16,LXSSA_REPAIR,0.0813755900089745,28091.39342440999,0.1306272133000069,,6030,6030,0,0,100,0.0,1,999.9999999847106 -0.005529808640550433;-999.99999999009 -0.004451944308807389
1000,2,17,LXSSA_REPAIR,0.0813755903000128,28091.3934244097,0.1306272133000069,,6030,6030,0,0,100,0.0,1,999.9999988501411 0.047955373302191746;-999.9999988522393 0.04791159959630311
1000,2,18,LXSSA_REPAIR,0.1626906495403091,28091.31210935046,0.1306272133000069,,6030,6030,0,0,100,0.0,1,-866.0244645481746 500.00162680140085;866.0262997549868 -499.9984481302775
1000,2,19,LXSSA_REPAIR,0.1626906495694129,28091.31210935043,0.1306272133000069,,6030,6030,0,0,100,0.0,1,-499.992756288158 -866.0295859030282;500.0074151844824 866.021122583354
1000,2,20,LXSSA_REPAIR,0.1626906495403091,28091.31210935046,0.1306272133000069,,6030,6030,0,0,100,0.0,1,-499.9990510917998 866.0259516361504;500.00108840035205 -866.0247753952905
1000,2,21,LXSSA_REPAIR,0.1142442038581066,28091.360555796145,0.1306272133000069,,6030,6030,0,0,100,0.0,1,-967.2424432202496 -253.8543992790399;967.2847138837441 253.6932838820202
1000,2,22,LXSSA_REPAIR,0.0813755899434909,28091.393424410056,0.1306272133000069,,6030,6030,0,0,100,0.0,1,999.9999999981678 -0.001914233895065796;-999.9999999981968 -0.0018990197228963587
1000,2,23,LXSSA_REPAIR,0.0813755899434909,28091.393424410056,0.1306272133000069,,6030,6030,0,0,100,0.0,1,-999.9999999985122 -0.0017249801049734103;999.9999999986366 -0.001651294760874042
1000,2,24,LXSSA_REPAIR,0.1626906497076561,28091.31210935029,0.1306272133000069,,6030,6030,0,0,100,0.0,1,-707.1212519906876 -707.0923100862591;707.0919466257814 707.1216154361024
1000,2,25,LXSSA_REPAIR,0.1142442023374314,28091.360555797663,0.1306272133000069,,6030,6030,0,0,100,0.0,1,967.2637842207675 -253.7730713352393;-967.2632907784285 253.7749520982818
1000,2,26,LXSSA_REPAIR,0.1142442024320189,28091.360555797568,0.1306272133000069,,6030,6030,0,0,100,0.0,1,-967.2688619277186 -253.75371671180721;967.2581977187476 253.79436350297473
1000,2,27,LXSSA_REPAIR,0.0813755899434909,28091.393424410056,0.1306272133000069,,6030,6030,0,0,100,0.0,1,-999.9999999964547 0.0026628123327969537;999.999999996278 0.002728360317865116
1000,2,28,LXSSA_REPAIR,0.1142442023447074,28091.36055579765,0.1306272133000069,,6030,6030,0,0,100,0.0,1,967.2638225625553 253.7729251943029;-967.2631800658536 -253.77537407891282
1000,2,29,LXSSA_REPAIR,0.1142442023447074,28091.36055579765,0.1306272133000069,,6030,6030,0,0,100,0.0,1,-967.2624682103093 253.77808729616575;967.2646386549605 -253.76981461097452
1000,2,30,LXSSA_REPAIR,0.0813755899434909,28091.393424410056,0.1306272133000069,,6030,6030,0,0,100,0.0,1,-999.9999999959227 0.002855599462311158;999.9999999956771 0.002940397536972535
