Radius,Turbines,Seed,Algorithm,WakeLoss,EnergyProduction,Runtime,RuntimeSingleRun,Evaluations,ObjectiveCalls,SurrogateInferences,SurrogateTrainPasses,Iterations,GateAdmissionRate,Dataset,Coordinates
1000,12,1,GNNLXSSA,1571.6103204204992,173656.0615238064,18.165071797733333,nan,2199,2238,9000,5590,100,0.0,1,-596.2847700941596 72.1796209526659;-984.2739360041893 -174.5177008184334;176.44496138564483 -984.3105077167561;-377.4602952159238 838.5930538712853;-759.7513884438179 649.8453044489165;755.1529746720116 -186.5333168646378;571.3730154744345 339.08397275999994;-316.4713670487495 -948.4314064442194;-655.5591540819388 -755.118181577057;23.351637650440303 37.70188712570351;232.0194280409432 843.070922306621;11.679503918207391 -723.6091503667145
1000,12,2,GNNLXSSA,1093.5392594984733,174134.13258472842,18.165071797733333,nan,2187,2238,9000,5590,100,0.0,1,200.14939745588757 -979.7653896204157;-696.7334808771953 560.2357803171226;578.66021211532 -814.7466765122314;164.83748271120396 435.7883802422581;-668.6234990887352 -743.6011138146149;-426.12503489980065 -463.8732402302103;-343.6626208643663 677.4546472153326;-924.1271278536839 90.14080369738157;363.0061575473893 931.7867403986171;-200.46405501385215 979.7010577964091;899.6905789647144 -419.78175000030484;642.0527435699825 518.2038152480217
1000,12,3,GNNLXSSA,1211.0844871814188,174016.58735704547,18.165071797733333,nan,2200,2238,9000,5590,100,0.0,1,-321.6124595475217 -906.5359711054083;957.8116843324162 172.3674899218485;776.5252582899283 -371.5691034792114;254.65622116671682 967.0167998654379;-619.6171237587223 -636.3664266761109;622.5765510419063 -64.78241401707746;136.9087396946592 -990.4803089057128;-73.88894810856848 995.1823436571832;-233.04157494223637 214.7884842624578;-926.9221804962767 372.3978158615384;297.917665328031 -540.220972293929;-700.3807373304488 713.7691401576117
1000,12,4,GNNLXSSA,931.3420616094081,174296.32978261748,18.165071797733333,nan,2188,2238,9000,5590,100,0.0,1,-576.9250875997413 816.4774398749164;-312.4271465274614 -193.39811313367778;266.56191259442363 175.4097274151179;-311.79636290942403 -950.1489504685329;-5.371244275408605 -795.4754156603711;-835.3967629714007 297.8367473857334;-987.4741964691457 -157.78057962757921;439.6838618856938 -184.66097061700188;460.32179104270233 887.7521324622311;-548.760101439818 -538.2503101499935;932.390092919895 361.4536133791298;684.7619829207055 -527.2133460974105
1000,12,5,GNNLXSSA,1154.515295094112,174073.15654913278,18.165071797733333,nan,2209,2238,9000,5590,100,0.0,1,986.7388172503956 -28.38713023597082;-62.353068210204256 -286.7854172919803;-983.2426994383204 -179.75184969146866;-681.0417158971651 225.23590872794134;-351.47296106024265 284.2686036715851;-188.99680849774944 981.9776528454784;-427.3226502667376 -786.8389727755665;453.322279485773 -299.17631019517546;149.89786397348885 441.80172472980894;125.81635003383693 -812.0883424036391;802.8761083744474 596.1456952972868;622.1681376897723 225.69124719090937
1000,12,6,GNNLXSSA,1437.6346111401217,173790.03723308677,18.165071797733333,nan,2205,2238,9000,5590,100,0.0,1,-696.5081581061761 717.548873381836;-752.1597553042333 -658.9808058666625;638.0161086417038 491.5033292702442;-136.2531324562196 837.5910473621603;845.8446080061015 -300.0473049185581;-404.7123376335647 -715.7200827443364;-752.9284695868182 56.205388765351856;-365.58787738920296 561.1861401926226;491.13420482793714 -21.840916545328117;198.04163345786742 663.7256218234236;-131.63861512864452 58.961492081564955;534.7265239389559 784.0096279524919
1000,12,7,GNNLXSSA,1479.647624372912,173748.02421985398,18.165071797733333,nan,2199,2238,9000,5590,100,0.0,1,26.250769937984124 -920.6563898489514;248.45290389130702 -215.06411356271911;125.35186464771695 992.1116991979984;976.7550500873091 -214.35440635492;730.233769664409 -683.1957158756434;-119.15192623199087 554.8506560245114;-622.3265603958919 384.37340020144677;-814.4412359934531 93.04469931202244;-412.76466318053434 -600.5266969027963;-427.1990847019184 759.7503913461719;762.326776346494 578.3871335452944;-99.58760585599293 -512.9487399851513
1000,12,8,GNNLXSSA,1502.7786148723972,173724.8932293545,18.165071797733333,nan,2196,2238,9000,5590,100,0.0,1,-49.82054965988791 16.608515735412503;588.0399348371549 808.821696627829;-64.455229915005 -997.9139180211438;251.21212579316708 -607.8744168266004;-618.6078828229263 -153.00331202947376;256.5857020115452 346.84091341041324;524.1469736625211 -243.93164961117077;442.9106281786371 -896.5635357794489;-604.4666001419915 796.6021493237766;868.220044570295 267.57299198800746;-360.70360143098395 -913.6408194149108;-250.3985089477864 767.9179649852243
1000,12,9,GNNLXSSA,1487.8454403334763,173739.8264038934,18.165071797733333,nan,2192,2238,9000,5590,100,0.0,1,-390.6020800880802 -262.11742447583146;945.5768858233129 -324.8667499761324;-541.475956234199 -766.6333233879358;-177.46325718259794 298.8443312081775;48.41430408096781 896.8867684207016;172.07379736948712 -385.5435366068943;628.1714071938616 -44.62554922112366;-744.0667597380856 667.1183984623997;-384.2047422324576 616.4046868070509;437.5800531428236 -751.6288298587738;674.158881921277 713.4038358736207;-11.725112793169696 -979.6716546991483
1000,12,10,GNNLXSSA,968.7026828933158,174258.96916133357,18.165071797733333,nan,2199,2238,9000,5590,100,0.0,1,818.5689000837534 265.18030406061456;12.967106849621333 -611.5338631377812;375.8992101774004 926.6605547815265;381.11937483287284 -75.81898009274335;-275.32116156243427 552.1890330273462;-714.9251984884027 325.0351116979027;-702.2935044353078 -665.8253859256195;-957.4227481379295 -14.103571178618822;219.8614625894155 -975.5311052283485;596.8659609932395 -554.1586546211305;609.9277597043373 591.2910270443059;-275.84296261148324 -961.2027003497954
1000,12,11,GNNLXSSA,1258.5273869186058,173969.14445730828,18.165071797733333,nan,2197,2238,9000,5590,100,0.0,1,140.95429034678332 990.0158366318457;847.6097019745289 -290.9149808268662;179.08600102358437 -571.9858301120863;-26.054081055954715 -161.89271913540261;-432.02346467503776 -226.88109964372325;-774.6183271001003 -444.91927959439636;-211.7731815701029 109.6348492283554;655.6008290387766 436.4106031218799;-447.7208841380984 -664.8251415202864;-954.5343456692763 136.0441046073196;981.49559550916 113.29249889032694;298.5734579845928 512.9231432491463
1000,12,12,GNNLXSSA,1392.7832160854014,173834.8886281415,18.165071797733333,nan,2201,2238,9000,5590,100,0.0,1,465.98159661388166 -540.2571763948104;245.8252049516631 969.3141743575572;-982.8311874908063 83.95336299052383;-162.588921957722 79.17031113843366;951.0395863462769 -134.3319486197831;-757.6328241775007 -611.3328704367283;-870.0543131904419 436.34331151170477;-240.28204297690255 -970.7031162115665;-431.1622684141212 -463.03028547974304;122.4068893445652 -992.4800015320144;516.720160142194 353.93787954118847;-404.11996428552044 867.1522484061786
1000,12,13,GNNLXSSA,1197.153554969991,174030.5182892569,18.165071797733333,nan,2200,2238,9000,5590,100,0.0,1,-819.6168598881925 -447.6729634947494;-165.95104913234354 -976.0090530301626;-972.9756252035758 -110.50999624895196;-357.302680607371 -549.7282464719698;209.83118572613216 441.06326371700305;-821.1051298599888 423.55569794533966;-215.55655422250368 722.8076365601361;546.0176925981949 324.45730525395487;-336.6697788720638 351.80376159369155;969.9939760785793 -243.12895008877166;495.6299467801333 -592.23103480996;82.79741894621141 20.47007403942467
1000,12,14,GNNLXSSA,1726.9745823121339,173500.69726191476,18.165071797733333,nan,2190,2238,9000,5590,100,0.0,1,131.51740872346375 557.5785032523331;-129.68878825058022 780.1828573042478;-518.9344869625287 64.8473165134194;-842.1637135743212 173.95820971939187;601.4732693004377 -75.7169453438824;721.7372484799957 -462.5431012746979;-712.4641872681202 566.2490798116896;161.38300968032675 986.8918502989674;-991.0720146160504 -125.85588379688014;861.5270647688518 408.90347710224626;496.81446984030714 867.8567753709679;-183.42150468499037 -469.1405672142072
1000,12,15,GNNLXSSA,1385.6381317250198,173842.03371250187,18.165071797733333,nan,2211,2238,9000,5590,100,0.0,1,665.0867475808969 728.2430178319343;-59.14710272670458 -287.33637827868984;627.036970906429 -642.6367656273145;-993.9578647068031 109.40801485332322;-750.6007834806533 -81.97191645052636;-514.4163501185149 857.5405638981432;-353.98556511302473 -930.0110565901086;210.5301685032245 -845.3457243733156;932.362659417406 289.20484025096596;-757.4617841301597 -652.8795031109149;436.4246219227969 -266.477752666881;233.2479073443712 922.2781327692624
1000,12,16,GNNLXSSA,1057.641956958134,174170.02988726876,18.165071797733333,nan,2206,2238,9000,5590,100,0.0,1,-656.2650107890981 142.44995281798026;268.27590085465204 799.444216395395;-644.331364894502 -764.746423471982;849.8126933301959 -527.084765226764;-27.766474845322023 -754.016695974831;-881.2936718687322 -218.02777962191465;-250.44301437473422 968.1313426136438;551.4401084444596 211.27218275730843;827.1793886664817 561.9378899756176;999.6582048343796 -26.1433262479259;-327.3247635385436 -511.31443219921647;246.97418657302063 154.05278296176283
1000,12,17,GNNLXSSA,1465.39851605086,173762.27332817603,18.165071797733333,nan,2202,2238,9000,5590,100,0.0,1,454.67472088236394 -528.958915744731;742.7036996475393 -669.6108914835768;725.1085748805328 423.8523673452587;-331.81783567259026 -418.870416996417;306.44216869079526 -935.7237554667579;341.9555745927655 911.5689384643869;-546.1939976993061 145.74027340955269;-860.9747073518874 369.21215601426024;-545.7314277356412 -757.1352950979679;-78.21950176369043 -996.9350395786952;-583.938028538465 811.774542097272;963.6752788792346 -111.70084560402677
1000,12,18,GNNLXSSA,1532.2852702730743,173695.38657395382,18.165071797733333,nan,2192,2238,9000,5590,100,0.0,1,-596.8231812552915 -151.60421599354794;100.09661476550949 -6.973876603132145;697.2373095234037 -170.9820827422177;-341.1886256741509 880.8167760953174;-338.4539191660681 -552.4958477090382;-68.34884684773868 -879.068434545592;91.6287512822648 874.3166785453955;-992.5818281628183 -121.28731237190833;-62.74323286100218 459.71625375354455;256.7602128961396 431.12738864253595;-607.3345774017002 -794.4284108988892;-597.9169659031995 558.7847475834209
1000,12,19,GNNLXSSA,1470.324354360433,173757.34748986646,18.165071797733333,nan,2209,2238,9000,5590,100,0.0,1,-65.26126265107104 -492.6907585924971;505.70471027973315 -130.13433035735113;-953.88685100335 -257.41234167476875;-627.5032050019869 778.5129390307267;-413.1947677120627 216.2936062445813;-235.12113408659243 -971.8281220410299;724.3150130507086 689.468459158962;798.1376049351306 -491.4908209391744;927.8075858160556 373.0567988136641;79.18589275476265 -996.8594740148774;268.9105530576893 757.5132788000649;-841.5039949759309 532.4660104624134
1000,12,20,GNNLXSSA,1854.3257678294613,173373.34607639743,18.165071797733333,nan,2193,2238,9000,5590,100,0.0,1,-499.39107310372015 587.5645294569656;999.7381418476575 16.670723240631723;114.88119302621853 -95.75687292625408;-486.1404319064354 -357.960542425754;436.78415576341405 -318.9150480271749;765.7640814017514 -462.02442578984346;-122.99296452418754 -680.4588742110668;-313.2348059285128 39.23454423055874;334.49635928621524 363.66538613693075;-73.5152186364071 996.7200152930824;139.18633987005006 684.7522130289026;-664.9621934312149 114.38235517150574
1000,12,21,GNNLXSSA,1385.271136893396,173842.4007073335,18.165071797733333,nan,2196,2238,9000,5590,100,0.0,1,193.6637446276304 609.9226784729133;-439.9273274127098 898.0333772168551;706.3552086659818 134.43142335964103;-982.9869142031943 118.05754444897636;176.21652585755544 -713.0868462201415;-244.8629342821987 152.0881976588166;524.009978029132 -253.1345422955477;-256.35010000269745 -575.5009946542407;411.04992594897783 911.6100754803837;698.0603439011292 -715.9994058394022;-795.964990456371 -496.7501988097185;821.8591756912342 491.9500643882559
1000,12,22,GNNLXSSA,1103.383490209264,174124.28835401763,18.165071797733333,nan,2209,2238,9000,5590,100,0.0,1,956.4554402881415 267.61590095733635;304.26200739567213 -715.8437985617643;-310.33474837660583 60.19061124600222;-638.0159091596546 124.84239592303719;871.4446663663264 -285.45365897364996;-625.9379033466137 -779.8729006408962;49.162208410989166 -998.7908075588974;715.3399488223879 -698.7766149627384;-878.9310465355604 -209.41097311638774;336.80266412302404 616.4691768580005;533.7614108298078 -113.32250717084813;-132.6375564388656 991.1646072282477
1000,12,23,GNNLXSSA,1058.198643078067,174169.47320114882,18.165071797733333,nan,2194,2238,9000,5590,100,0.0,1,875.4076975920924 -142.0942107118378;640.3943894694677 -470.06771632701975;432.05420071460406 294.2181058294909;890.9902303161617 283.8514256079012;-623.2140205218881 516.1517465490598;118.55902226761992 -87.07187242432083;-175.3794101742679 564.0368283634498;-196.79830734453625 -971.7661600918619;-835.470555959087 88.36167676942623;-602.4644298049909 -553.6595542685528;-414.17028587094114 -127.1910485686934;-939.6049713467044 -222.6558812292519
1000,12,24,GNNLXSSA,1065.3505943220225,174162.32124990487,18.165071797733333,nan,2197,2238,9000,5590,100,0.0,1,505.562971843896 852.9239737617714;209.69081524205987 -744.6527169758645;-995.0094655640894 -99.50813726116186;-487.0154094545437 -788.956426028696;513.8560772058349 -579.981456314746;-691.0051248505532 -45.19229896190232;819.9285473775728 501.0589754914786;-812.4826832370098 321.3357212578379;-281.8122678663423 -140.75769926306103;927.2179780940068 182.23628262847828;-578.1405546844683 813.7617500426771;2.410141855800291 52.84167976967537
1000,12,25,GNNLXSSA,1454.9102134228742,173772.76163080402,18.165071797733333,nan,2206,2238,9000,5590,100,0.0,1,949.966175088867 268.038530123689;652.3448353472062 -603.0632599688579;707.7580317165671 538.2498763096421;-174.07029250431347 -311.4419957610134;-170.15022359100448 577.5759197988402;310.10542513709646 -356.96039641440126;924.6443500730749 -308.17906202655234;-579.1163032647669 533.8537752447463;-703.5569318390952 -586.0965978410042;-406.2464334433903 62.38021250511161;-883.2166879200521 59.9352347808225;-404.6610117201682 790.3007643026539
1000,12,26,GNNLXSSA,1249.8667673806485,173977.80507684624,18.165071797733333,nan,2193,2238,9000,5590,100,0.0,1,-762.3425775134403 -549.9594473266222;-251.69064537003993 -761.3620692461828;-155.55076249463042 603.6058494198032;-392.6955496634077 -342.3811813761096;27.908621872027275 -999.5996117546063;917.6638799785217 397.3303659519151;381.90939722518874 -343.25703174062886;613.4501535832665 754.3857048756319;-970.0413383057548 242.91575177214506;-652.9668806205468 632.8444462149505;-573.828388729054 -818.9665211030573;-1.206564961825802 999.9926747966938
1000,12,27,GNNLXSSA,1271.6548246586171,173956.01701956827,18.165071797733333,nan,2197,2238,9000,5590,100,0.0,1,-682.9857098468705 17.90469649017865;98.23824801696769 749.9234245703609;677.3713550044705 515.9168477900325;67.10382197950408 -670.6802545257003;-326.3765217371475 945.1480840454647;360.16765934498153 -302.33791965857796;-714.8098882600184 -613.7430539231452;-948.2961791968801 316.96015974034873;378.973209638757 885.3452545601879;-344.959342822576 -938.6043384141443;696.6200705968603 -717.4335394289939;-444.6416328849686 660.2012979671168
1000,12,28,GNNLXSSA,1371.07146780545,173856.60037642144,18.165071797733333,nan,2195,2238,9000,5590,100,0.0,1,-947.9002578341829 -212.4945765782719;621.5758804151233 -783.3438768225918;-729.5745058531247 -679.5166882867616;-707.500127990299 706.7007536951498;-593.115712136931 420.5631915672037;68.74406450157217 -238.62083683241835;984.7806346662096 -173.66244604881928;273.893438301827 392.74509861612364;847.5992071864805 295.05535505792005;-437.78107746529827 134.24151873900527;-320.7816487902418 -947.1498027714587;75.43120481135401 988.9662957697717
1000,12,29,GNNLXSSA,1773.549167002464,173454.12267722443,18.165071797733333,nan,2197,2238,9000,5590,100,0.0,1,555.7556020920495 547.4306521528567;-561.1785167681971 -805.9925606378364;-570.2681218199762 97.13254735515083;88.83599519194141 708.1621486495528;89.0882118890829 -206.49829345102734;-533.4856171959362 657.0149360250316;-192.89150502007485 -540.0429376357599;145.38272907364967 -988.5695146455672;-15.383270173437761 999.7682575412472;487.64599553765936 -872.9850308069146;-895.8670926442702 154.7359747593856;884.0231879579532 -464.7197687742116
1000,12,30,GNNLXSSA,900.2090419269225,174327.46280229997,18.165071797733333,nan,2197,2238,9000,5590,100,0.0,1,-920.9367818801192 61.10800947112946;210.14399616296672 -975.4055982418311;-266.7571342800832 963.7293423262122;277.3628297390648 947.8230751061192;770.5893644828667 -361.0002499397924;775.2422286716362 630.6414491409865;-94.32143489505437 708.518299239815;287.3910089307965 -132.86232109706452;-460.2415904174176 224.6055535674068;985.6184024840543 111.84528902912945;-706.2062820166155 -684.968740291037;530.8489511576911 247.4582610429359
1000,11,1,GNNLXSSA,843.8331934270391,159781.53266378093,15.137841163,nan,2136,2174,9000,5590,100,0.0,1,390.3016619706181 -920.687032961241;359.89177197383964 902.2052776843836;-994.0938130116537 -100.62429656542851;-797.3284829003208 603.5455992349483;-148.00316789435715 977.4147156628138;-709.0951803439383 -705.1127748190339;192.1902363370988 -342.56999315222475;981.1134507231542 -191.68349085032602;763.8441420856572 -645.4007488386005;-535.8187002634946 -450.31731511418934;-378.1751164330424 436.0647417675164
1000,11,2,GNNLXSSA,1051.1846355329617,159574.181221675,15.137841163,nan,2132,2174,9000,5590,100,0.0,1,48.80629444457979 -19.224840107026225;796.5878924087466 239.577820477587;-784.8479620879295 217.39972010349285;290.25305018815595 -881.440511090645;-551.8879686712947 418.87875951604997;990.0674893324517 -140.57751709551775;-197.21156268404872 -484.0293056696264;-93.13736368918684 398.7801437998698;-350.3584994869564 -54.161989799469104;605.7396408794916 -44.534941859624965;45.18295868313325 870.0020122363363
1000,11,3,GNNLXSSA,815.2514857545902,159810.11437145338,15.137841163,nan,2131,2174,9000,5590,100,0.0,1,-706.6674081534944 707.5458813770471;399.97985944927245 -287.2430125147434;514.5940639505342 857.4339329341203;-992.9984872665239 -118.12706838991302;-313.72729562957085 279.1479742920123;-926.7061580934076 375.78677005950624;558.6554421928372 -829.3998413963711;-303.11572218396196 -934.8394835857822;-68.93338631966314 -372.5397550632829;998.9157489115752 -46.55455484081912;194.93402863765726 466.2176520700641
1000,11,4,GNNLXSSA,764.2669252200867,159861.0989319879,15.137841163,nan,2134,2174,9000,5590,100,0.0,1,-34.148134152660546 -966.2618139804475;-192.50915436647284 -514.9325484901514;961.2664938547309 -270.43938398736816;-882.0538073372617 242.2131788144326;-693.4481949468108 -128.79361208293537;-174.80581282096557 782.8552664387261;-697.7623427241399 716.3293328324061;-997.3321974634416 -72.99649240026922;340.81666678465797 22.97486031481513;648.0485331087888 -761.5990406608632;582.5901816285581 812.7660673711739
1000,11,5,GNNLXSSA,954.9072500794427,159670.45860712853,15.137841163,nan,2139,2174,9000,5590,100,0.0,1,521.7740830993325 -774.3413720726074;443.3198324026996 746.1389628636259;-679.7566682433144 651.4077372861134;-195.23107742454414 -369.1962371134831;698.8293018893925 -175.09467807749274;302.754272377758 -138.13771783153285;878.901876351772 242.39185808733944;-653.7408736611651 -649.9286475621215;821.9407888531962 -569.5729449503247;77.96539803823332 -996.9560655860115;-988.7336677887832 149.68545079913417
1000,11,6,GNNLXSSA,943.6650878239307,159681.70076938404,15.137841163,nan,2135,2174,9000,5590,100,0.0,1,-583.3172643669021 -517.9884654357879;535.8054656480334 -661.3777528343642;689.0262289035513 124.77176016419038;538.033608372431 458.4215653715874;121.69060618126004 426.8165563818027;-853.6557280316771 140.93981609809646;-196.84689198371274 -535.760781418251;329.66225934258676 -268.6027884215279;842.0109452745104 533.5155533681179;-518.4932382063197 794.2021979056211;-324.1956060546751 -903.3090879917835
1000,11,7,GNNLXSSA,877.8136522121495,159747.55220499582,15.137841163,nan,2130,2174,9000,5590,100,0.0,1,-992.4746110390668 105.85590659786627;757.6424271155695 652.6698649657643;576.9992091688712 -816.7447046773534;-569.870824705686 821.7342898706743;151.25770534995416 983.3749626864142;215.6844608997575 -976.4631141658044;649.3225909002599 329.5701267871189;-185.6807418221083 675.5532704715702;-552.8812221966351 -644.146414566501;986.5402454694604 134.07044779014973;-76.121999243112 349.96023454012766
1000,11,8,GNNLXSSA,1077.352227989526,159548.01362921845,15.137841163,nan,2125,2174,9000,5590,100,0.0,1,582.218442277987 -295.61870693926875;-350.7600943233982 52.31913586530336;-12.782215577766085 -890.0017498993433;-182.99404036900154 491.84257776362705;987.3326744229881 158.66150164818623;-562.0908974970298 827.0752386918319;879.5813026276236 470.7800018896177;405.36048324876504 -907.7461217629264;95.37144839983554 990.3833878769244;180.4249976941359 -230.20322996884326;567.2487006893808 762.6056799966377
1000,11,9,GNNLXSSA,694.9734602181416,159930.39239698983,15.137841163,nan,2131,2174,9000,5590,100,0.0,1,179.66499991495772 983.5132152624203;999.0743226232503 42.66163179051267;530.465651637993 -847.6995393118016;168.61594645124416 -308.89068340645;511.923390777425 858.9980757588976;-90.2460918647138 547.1901977899105;-555.2934134681561 230.90439080953664;-699.3126138726561 714.803686535652;-894.9044771641034 -437.78563926043614;822.433033802252 -366.9571476772978;-52.85810466089359 -998.5939727658139
1000,11,10,GNNLXSSA,1444.4420346647094,159180.92382254326,15.137841163,nan,2129,2174,9000,5590,100,0.0,1,-702.0324842452451 -196.50449446907777;-33.10741203557398 -222.40804924850968;114.53387493092043 -595.6480201339967;-268.9987607745297 939.4162728231731;194.98288020202241 558.2352124025879;-403.715057930133 536.4999006226615;-434.842013750184 -769.6999454972816;-902.2727947071486 -430.53014614645366;784.0313057550854 -439.48406051572874;430.15811696684756 -855.6613135001026;-610.1299549155297 781.259091805556
1000,11,11,GNNLXSSA,1187.2455475501192,159438.12030965785,15.137841163,nan,2128,2174,9000,5590,100,0.0,1,-427.13664194725453 -904.1870874470741;733.1085921354804 677.8417984221003;-669.1986205520444 -444.02253526899324;-403.99873087980615 914.7595451524438;-950.4918841834592 -310.7493814979805;458.12683939563215 862.0372779779611;427.5767680068343 -900.491284795003;456.173466686872 54.129966102031716;-84.43461590461123 996.4290218761398;-923.2078072038245 261.6862633360274;728.6764713818827 -672.3721861911694
1000,11,12,GNNLXSSA,982.5470697916171,159642.81878741636,15.137841163,nan,2130,2174,9000,5590,100,0.0,1,-35.27389165011342 336.5092076781551;484.75958189084247 -672.945151462515;787.4966275394576 -616.2505095291864;-27.43679763822029 -912.8003999906525;-381.11298774004825 791.6214266237739;663.7527766228973 -218.5736785820911;165.91479106051875 916.4770089718104;-503.35940711869694 -238.98005751121931;180.90460467661848 -198.01749381376428;993.7689047791528 -3.340721204249052;-787.1135168047201 596.3865684077291
1000,11,13,GNNLXSSA,879.605796498392,159745.76006070958,15.137841163,nan,2136,2174,9000,5590,100,0.0,1,-431.99094501050587 721.5513032449495;624.9703948462724 -684.443370193117;-164.15629528686102 -344.66899709042787;-123.62926981329336 612.4724876191868;220.3564622443649 -739.6988600300854;-884.372166581421 63.57510061785202;947.087097475093 207.15303705245643;-3.5260613523089663 999.9936290377467;845.1422571864439 -92.43494589045864;603.8218735139146 707.9625092173238;-439.09161078412143 -838.5740515530375
1000,11,14,GNNLXSSA,853.0567217191565,159772.30913548882,15.137841163,nan,2134,2174,9000,5590,100,0.0,1,266.24899284159744 203.71733724587241;449.56963545346747 893.2452870730616;-898.2010327027143 363.5654483471075;-783.5466446511055 2.357877127941224;-16.311135700628142 675.2212803709822;620.5602506248059 -433.96223945788483;-40.91588648543117 -530.9797840006677;687.4156240773839 549.4145306859732;829.8064342905905 181.97361843216058;-566.323126682811 406.14360128005933;-570.8234397524405 -661.2336817325872
1000,11,15,GNNLXSSA,1246.082717102894,159379.28314010508,15.137841163,nan,2137,2174,9000,5590,100,0.0,1,366.14496971489217 -330.56580590330515;-417.1412355933632 -892.5697920942173;170.89375622563966 -622.0716020118061;545.7760520505277 -626.010124056388;-414.4358889802742 -115.11611227455175;733.7694851051529 495.5540505789336;977.0049491253527 -213.21662548817986;131.4172064469684 831.7671858632311;-7.398825684693799 -985.1832908843031;-393.4975383346105 472.9910008791936;866.376740125069 104.01055751483499
1000,11,16,GNNLXSSA,785.8662001567718,159839.4996570512,15.137841163,nan,2139,2174,9000,5590,100,0.0,1,-995.077498147598 18.36592645958876;413.86059018191037 385.5136216628575;-517.9967333400292 593.9019405503536;999.8232252370747 -18.802081707452455;-298.48125569460416 6.193588158955407;382.2470045181139 -924.0601861009536;-130.18903714757587 -481.68152171733806;876.29405237773 384.8082250423422;711.9143533739712 -702.2661005653897;134.15024737745802 990.9609125348568;-813.0493744917309 447.7691576599269
1000,11,17,GNNLXSSA,1499.8212478777568,159125.54460933022,15.137841163,nan,2133,2174,9000,5590,100,0.0,1,556.720644004752 -89.07327170253303;-244.74009107264854 -26.49459903224196;-418.8248501877565 558.637751253617;646.8303350467561 -762.3935772130022;-625.466052036177 -688.787960986434;319.4928478548479 -923.3973086104746;859.2326818407181 -418.2071752464567;132.9828978522289 -505.5565284416321;-658.4657960173395 752.1223689072514;987.548102578774 -7.7261015314538115;171.02393427059167 800.838781560585
1000,11,18,GNNLXSSA,709.8374396363506,159915.52841757162,15.137841163,nan,2129,2174,9000,5590,100,0.0,1,-603.5493665062176 556.2705699571511;-807.5765477634916 316.83798918964783;383.5213043204356 662.0324802911003;645.8419544217335 280.60693524732653;-47.075550868384006 678.5420063789624;763.0919923953719 646.2898816646145;362.98239323283957 -884.9275388660002;71.40400389151645 315.6813885744911;966.7129636807357 255.86333432441702;-283.4891803193336 -254.1382852939891;-120.55421211011313 -790.3930348740255
1000,11,19,GNNLXSSA,1033.537892307766,159591.8279649002,15.137841163,nan,2137,2174,9000,5590,100,0.0,1,-848.9199244684058 517.3792991369116;-706.5225714984031 112.436802991092;83.96794711951027 738.3579916814876;-342.26632385661514 46.588463446535194;-301.1422154983781 747.6223161866036;-864.6554865535389 -452.68849646735964;89.76418011583807 -893.4402420218855;-531.3362297082449 490.3803039094953;398.4044280862034 -917.2098514959949;827.8654204529569 -405.9194927325017;649.2047177450445 -698.000098397498
1000,11,20,GNNLXSSA,1035.5885436980752,159589.7773135099,15.137841163,nan,2130,2174,9000,5590,100,0.0,1,-391.05762570980045 106.68079678540877;112.24098274992055 536.8938390876109;536.2206697802566 -62.5826769250334;510.28702760475767 -708.2000552411743;792.4511343709889 -492.18074937596526;-852.4251069730244 399.1440940709252;792.4488751651453 440.0814721903972;-2.373941451931921 -827.5487871815249;-47.11200209638399 954.1786387455676;972.4330307786328 -233.1823334875148;-465.5560679300406 -663.616198693225
1000,11,21,GNNLXSSA,679.7478833143832,159945.6179738936,15.137841163,nan,2129,2174,9000,5590,100,0.0,1,-438.322783704712 500.01046747677464;51.67945144960014 -998.652980378793;227.9898156308376 -557.3593272147693;996.8245537735836 79.52487208213634;-681.4387886698671 -174.52361248571947;812.3208998190652 353.50675546386645;-988.7407155556971 -149.60901777029736;258.97227901758947 904.8138685443597;-175.12738648304193 -208.76569100610772;699.2676881835409 -527.5540898625919;505.70420368176707 27.429756471669297
1000,11,22,GNNLXSSA,825.0498652184906,159800.31599198948,15.137841163,nan,2137,2174,9000,5590,100,0.0,1,675.5886867088582 331.83412499399674;9.691761389137596 -379.06160772103493;-404.9990960491924 520.1107238433101;-998.3715395068471 57.04599014197492;675.7384980917357 -627.4903956239199;395.0120734501391 918.6759286215253;-739.1949710812506 -443.62363099495064;236.20936420230677 433.70254742987765;-745.3288209048334 543.7863270479976;499.66524137366764 -215.39026586959835;-29.099170602946753 999.5765224166589
1000,11,23,GNNLXSSA,723.736277125543,159901.62958008243,15.137841163,nan,2138,2174,9000,5590,100,0.0,1,-812.5458495394321 532.0329031249082;-994.804166600549 28.21875293095115;322.11751672066197 -63.724035024355075;-506.076751289275 589.5444032872523;163.01224831157856 417.7491337928257;956.8280111748021 -246.90019631198803;11.071232470006453 -999.9387120276897;4.384096202002073 -137.25675047964174;533.80784814372 -512.2253303354674;712.6157474033054 38.41724305337429;-495.4717246911744 -531.5000911705006
1000,11,24,GNNLXSSA,1012.8881034659571,159612.47775374202,15.137841163,nan,2140,2174,9000,5590,100,0.0,1,474.67356810144145 299.61778804611254;75.20728764024018 -612.2714560006947;917.966747511675 396.6544134311083;-539.3359896603695 842.0657323484943;-880.1079951317802 -466.1491035512929;766.471197947003 -642.2786799495108;70.17104974644481 626.3346568174563;-318.1731392765612 279.55971891132356;530.5427370974382 847.6415120522263;-990.2450991773633 -135.51417619690187;-551.3173060407623 -86.8196567138181
1000,11,25,GNNLXSSA,793.8799931709946,159831.48586403698,15.137841163,nan,2133,2174,9000,5590,100,0.0,1,578.5955370872638 178.4023876846038;-767.2452957016637 123.1695080150564;775.022588430373 -570.6060818212388;-136.89540702422946 -32.083443331014024;-343.99571438781385 -605.5528425217137;374.9359355771756 665.8460605340254;381.6245724264315 -193.13610565177626;999.3542758787269 -30.786070195382766;-143.73856530644542 776.7011828260897;-546.8644811486865 -215.5839165404038;71.07615204883051 997.4241731093246
1000,11,26,GNNLXSSA,977.4377500988776,159647.9281071091,15.137841163,nan,2136,2174,9000,5590,100,0.0,1,89.50228532878914 -92.39976995088345;-407.49505393590556 177.00090537635188;644.0223793471762 318.78996208162624;-250.43232943921373 968.1341066048902;-635.3636909837761 -381.48812489288485;266.62573215830076 955.601932720201;-215.5691385781839 -429.8842249029544;-617.7377338766472 639.6187726018799;780.6444129818047 615.4861805784863;226.75794862392254 -472.8730398456687;355.59954862892727 -864.3955114744873
1000,11,27,GNNLXSSA,829.2517407402629,159796.1141164677,15.137841163,nan,2134,2174,9000,5590,100,0.0,1,268.7098559600069 108.8656202622149;994.4389166907647 105.31496081230907;-519.1390166126868 -854.6898159159335;-317.7053559958073 166.55882354017103;157.95644039990694 -987.4460810273089;539.9877960700899 -841.6728462385886;576.8657148981298 693.6918635166262;-544.693982944717 838.6348817833779;-187.63110630982052 545.5335587765896;840.0886331612838 -360.10620664758164;-853.9949362459024 492.75766125443147
1000,11,28,GNNLXSSA,795.592070658051,159829.77378654992,15.137841163,nan,2130,2174,9000,5590,100,0.0,1,-448.3056508756505 -893.8803294585687;-879.6954005125243 475.537592958863;370.9826888366679 -928.6397819302789;144.1839293196987 -452.1799575044046;644.4903031926966 -337.08891162312494;733.4642008623425 679.7280824369146;256.2016608052508 966.623354259885;-282.252248637717 959.3402254356648;-653.6463002767466 -301.6349313803658;751.3370653447358 -659.9186421364078;-94.67090364139227 259.0788601983295
1000,11,29,GNNLXSSA,706.1550816959061,159919.21077551207,15.137841163,nan,2135,2174,9000,5590,100,0.0,1,230.21539190803134 -951.2337500299108;901.6523198002556 287.9524147784221;-991.5543404963958 -127.25537916428173;-569.4890764888457 396.07888166311477;-266.9717017663104 -831.2928577904612;189.38295289911423 981.7836940607972;740.6658826436039 -279.3278773289039;-277.4723098854308 844.9541035947425;91.2701898539486 -536.7124611312036;-794.0787157037169 607.7939464688727;551.777257487933 -833.9767065931688
1000,11,30,GNNLXSSA,757.7767761237919,159867.58908108418,15.137841163,nan,2132,2174,9000,5590,100,0.0,1,908.6147848164892 417.63521197011295;261.6656749604027 432.4662507170673;72.60342719243529 997.3608699862192;-154.64249705239595 -274.0991343683851;-992.3391442508464 -123.5435821672899;-464.33340661302356 464.45069301712266;641.2225638953778 767.3549505545388;-621.4634245115396 783.4431660368354;563.5653149585415 -826.0715009068693;-44.986634886123895 -609.8331999429092;-855.0302012067037 -410.5313985517436
1000,10,1,GNNLXSSA,586.522363344382,145436.53750684467,12.598725842766667,nan,2053,2110,9000,5590,100,0.0,1,209.75271721351288 514.8113386825228;-981.2073353576732 192.9563811857349;753.9957713379493 298.7205737896432;-10.51412314336222 -320.83501565437103;-348.4670301045758 -761.1974552108559;-836.235668794095 -191.55462253048603;-204.88176385385833 197.9350993700047;-672.9629537082207 -739.6761878932612;485.217815330476 -472.0075214300269;5.011460101788821 999.9874425549793
1000,10,2,GNNLXSSA,812.4013525054906,145210.65851768357,12.598725842766667,nan,2076,2110,9000,5590,100,0.0,1,-58.45135179919011 -601.6895294019747;184.74301858719264 165.10106785313098;417.9933635691266 -683.2414876214468;-943.4754673788917 312.7184344452337;397.79025483989454 417.49821907958136;886.2663164625413 -463.1760100695183;-378.5596792816721 -824.5831279302633;-665.8581176513878 -442.7804096567056;-336.91855216576016 248.0644233614529;-277.3660694541707 960.7643121575364
1000,10,3,GNNLXSSA,654.7607597031165,145368.29911048594,12.598725842766667,nan,2070,2110,9000,5590,100,0.0,1,-990.1384603509272 -140.09221724955106;295.01283177090966 -955.4932909709564;-608.5805185530569 -793.491858250916;820.2095760346052 -265.8184059486799;958.678583923567 190.06377770675644;354.2979248425052 793.9648285295391;627.9675027716818 -778.239561743489;-623.7696052339247 257.7817354791617;-261.42289410733986 389.1132678432995;-397.9037826816186 674.6066032499923
1000,10,4,GNNLXSSA,519.1803518260131,145503.87951836304,12.598725842766667,nan,2069,2110,9000,5590,100,0.0,1,690.583064251631 28.25984340863187;998.6321855555473 52.28535141462624;-650.6948778648874 336.313497449147;864.8117596954592 495.6994644863908;319.6231179427246 -947.5447548673208;77.39628462677106 -32.34662531656426;-347.4674411010584 -566.0982368632484;-102.7062851172777 417.975511616426;336.15353836885987 912.972235292743;515.3252885645285 470.1750213595599
1000,10,5,GNNLXSSA,404.6115765912982,145618.44829359776,12.598725842766667,nan,2075,2110,9000,5590,100,0.0,1,-450.5773515316007 892.1781938414268;-964.8258945704779 3.109981817566542;426.6428949459413 334.34074605628314;880.1069540957177 -474.7507375806107;-437.87189470142476 -678.5483113599105;0.9983382010809901 555.8274203267001;-206.22106079277273 78.72623912029425;-771.1224422889857 636.1574366749956;8.764434403425183 -641.3704948954783;744.2225555871701 -185.6503796666346
1000,10,6,GNNLXSSA,617.6606808542565,145405.3991893348,12.598725842766667,nan,2068,2110,9000,5590,100,0.0,1,481.00941186897666 130.82590210237092;720.2211446689416 693.7445515258188;-551.0666728030471 -834.4612166696421;292.5744689229017 614.0618900997681;-563.6498906418972 755.2995810721358;718.831215983666 -331.67441303782715;-121.84580264332442 550.5287702012675;-893.5869098998435 -448.89018615585877;-394.23999619394294 -524.4115415327949;977.0202471874326 213.14651378688922
1000,10,7,GNNLXSSA,570.0125625752262,145453.04730761383,12.598725842766667,nan,2066,2110,9000,5590,100,0.0,1,29.1565952645519 32.91318478943265;-638.8557453857588 348.7281074335201;-888.5707938711877 -150.84180750189202;319.80477258995205 -398.22558833732666;391.0281389967102 513.3365661097289;694.9610307511258 719.0429428127262;-344.08274918598516 -289.50282340952083;998.8962926582745 46.61921517812256;721.6425470840437 -654.0291981968066;-635.2486564430661 -553.2836192017332
1000,10,8,GNNLXSSA,731.0049907562789,145292.05487943278,12.598725842766667,nan,2082,2110,9000,5590,100,0.0,1,299.05497027443823 453.8103736673812;478.0359353403617 -878.2454445006583;-308.7447580848832 655.2188681487141;667.4288438890541 -518.4899708734195;-959.6533610741135 -227.46820493968005;-134.704617395081 92.32811489443253;-719.6111194774219 235.24709289310113;-710.1691496861156 -703.8066594979134;895.4131089959806 324.68768823675873;-415.4189466043527 -462.94398469153947
1000,10,9,GNNLXSSA,492.012037024193,145531.04783316486,12.598725842766667,nan,2073,2110,9000,5590,100,0.0,1,-550.7587234631729 -314.3595882255749;-928.0743029911981 12.963723550126675;993.9756044097985 106.87639130482277;674.4501426642037 386.7377571994614;134.30413335326932 -990.9383857061415;466.9073394044645 852.4278256857774;-244.30112260446788 -969.6386130345453;31.877453576127618 -694.1065361935341;71.99537158074278 992.4625584696641;-772.6059377333456 520.4690881917143
1000,10,10,GNNLXSSA,835.1584150075505,145187.9014551815,12.598725842766667,nan,2068,2110,9000,5590,100,0.0,1,856.008417809296 -516.9618831593153;9.63841089454128 999.9535494388866;14.400309631474606 221.06947268065505;-989.3588240729244 145.30384875586014;472.52461790756377 375.5757187150556;481.3710369411533 -714.2531962770412;-697.2979314990286 47.50591288327041;-170.42697960429268 -985.3703083729274;656.2119508748488 754.57662005195;998.2162948579019 -59.70116146409805
1000,10,11,GNNLXSSA,1071.752727837622,144951.30714235143,12.598725842766667,nan,2072,2110,9000,5590,100,0.0,1,-236.23028981193752 201.79470695639787;577.8678832789865 312.8432586356717;974.4564040878889 224.5767497585199;810.6623402855909 -364.26770839680546;25.060122245866296 -217.13126298222738;-286.75417477246793 -584.9003224976944;107.6803173731134 994.1855708319375;-601.3023888398629 -2.773596531785414;380.2321937512994 -329.5971469911156;152.55753109441702 -603.9526214224607
1000,10,12,GNNLXSSA,753.0450289130094,145270.01484127605,12.598725842766667,nan,2069,2110,9000,5590,100,0.0,1,410.060043493391 912.0585292239738;-352.97050930096236 -701.5159709585472;-790.0042890318239 469.1541168717267;-584.8217930366712 69.94409125263604;941.8186925437834 -336.1213328176574;347.80663369846286 -920.9696194105106;39.67081975511446 -776.2193601550038;-165.75516926270294 0.05064619372950485;994.2274488255451 107.29296343119586;638.4255195393483 275.15048504840036
1000,10,13,GNNLXSSA,1290.1696292165434,144732.8902409725,12.598725842766667,nan,2073,2110,9000,5590,100,0.0,1,-234.00362518840205 121.0754568731436;163.6942027172767 32.98017793700048;-302.4812232441097 -728.9521199456449;601.9939774914136 -543.0141260412287;-772.716274196958 91.12630600678057;501.5058912778865 -249.70847239981643;-513.116129883573 -406.7375994028645;161.07391661373964 765.1789283532735;-911.3749210640048 -230.54337425291575;179.73186386354982 -689.9809297365795
1000,10,14,GNNLXSSA,752.5641961341607,145270.4956740549,12.598725842766667,nan,2062,2110,9000,5590,100,0.0,1,855.8439406541349 -211.1324878715666;193.6011588471019 -940.6945448157121;-420.10647368812374 -907.4748210090072;-848.2774342914422 -529.5520696512551;-671.9278688803963 92.28229388719289;539.6968597800791 -635.430245948608;-846.2356545073442 532.8087997026014;245.2230598280677 99.26358261040588;-163.67155185503765 -444.761388932786;-993.4852265627735 -113.96097841592366
1000,10,15,GNNLXSSA,843.937318035285,145179.12255215377,12.598725842766667,nan,2073,2110,9000,5590,100,0.0,1,723.9871919851606 686.4785301629781;-372.39258888923865 928.073689265245;971.2625649292657 237.91293874462627;340.04704110589233 -630.2352442992947;-787.7919564595801 -615.8985285860324;-939.3486031858838 342.9638489589376;518.817548287241 -70.93633910892757;-124.73185589649515 591.2985781227844;718.0320913989896 -695.9665796732891;3.0040452985346775 999.9941023332943
1000,10,16,GNNLXSSA,670.302137411345,145352.7577327777,12.598725842766667,nan,2071,2110,9000,5590,100,0.0,1,-851.5208833475688 -220.95574186101214;-713.4360049610111 -594.7130296101283;133.20324041627458 -344.90725397017115;458.450592129604 515.6231602303089;-995.8840162904878 90.25576060300374;-187.582598943982 657.0085003916744;117.48174551960406 992.9300879870409;-425.255723362423 -904.4338558044776;779.735592286672 -204.5677530542739;-18.300506658804572 -842.9959468015013
1000,10,17,GNNLXSSA,950.6675299347844,145072.39234025427,12.598725842766667,nan,2069,2110,9000,5590,100,0.0,1,-205.28384482021693 616.3996066948039;321.05035746617295 643.6877177871166;841.9746724306898 539.5086799299361;-67.5104390037379 -863.3165891800317;-946.6655497085428 -192.68337341507547;-736.7577282152398 -644.8086218435756;648.6764908037004 299.2987389783173;-491.3002427349982 135.74869491945074;348.1967845022422 -832.1695503199888;-338.7748582929561 897.8722794612331
1000,10,18,GNNLXSSA,802.0285608754202,145221.03130931364,12.598725842766667,nan,2073,2110,9000,5590,100,0.0,1,-256.5138667131721 509.2617873232803;710.7124118520729 407.190410123383;991.118418009976 82.7583702790945;-339.03952805302134 -635.3353919155124;-941.8560178754726 102.27725262683305;259.03203172441584 939.0877992407374;-782.1411618405707 -440.66920294413234;58.87669054171039 -696.125464591833;159.96707843121985 -987.0631464213761;-571.9599359819247 777.6374571577995
1000,10,19,GNNLXSSA,587.4365667321254,145435.62330345693,12.598725842766667,nan,2074,2110,9000,5590,100,0.0,1,105.41430358476147 -994.4056690984999;-478.3201572783144 -643.2688404263803;-297.5302372457373 425.84059384692745;708.6586841362529 -281.7210153473975;-983.9215039592875 -91.54803435400089;111.24572364138498 487.34222793084456;327.66902147226926 -359.2811526946;716.2315226781924 593.0429139865925;-50.91210097238736 -553.5780817143824;-434.4900728383173 823.5059568235316
1000,10,20,GNNLXSSA,664.2923117167957,145358.76755847226,12.598725842766667,nan,2068,2110,9000,5590,100,0.0,1,630.936774644323 629.5566172204778;-726.9011889824067 -143.22239552025087;-97.31768920649952 -44.79164881575925;-579.9242155893933 -656.9170528815216;157.2190230219643 -352.4976224943666;476.5308223320828 303.2814343341435;-444.804246203634 514.9763055686626;798.0428680960199 326.7777813905458;461.3430749630709 -887.2133839003791;-86.0333233573446 -974.3939717451216
1000,10,21,GNNLXSSA,340.12114048036165,145682.9387297087,12.598725842766667,nan,2073,2110,9000,5590,100,0.0,1,-574.8609829932728 818.2510924111302;774.5263253701703 -366.17459512222274;979.0819602896287 -51.819577587606105;233.01621551607542 972.4728496500896;-169.22241270788152 910.6754935759137;296.0671189835164 -898.6042103482373;-122.66763867354317 -917.9754847542057;-868.170566480007 339.423318464725;-996.9985761696445 -77.41988837308907;-575.7790122772575 -813.1651441754764
1000,10,22,GNNLXSSA,724.870094776008,145298.18977541305,12.598725842766667,nan,2064,2110,9000,5590,100,0.0,1,892.5072672216545 -175.46621007634417;-943.3184599090245 150.65210842784037;-8.13365473195564 817.3158047564251;-392.6806928026161 -819.7391942736906;486.58449307207394 -320.4924960976059;14.737522942637131 -863.6366745247618;241.31394124205997 487.4702594291257;993.1596154250582 115.6328569580455;483.6653879975406 875.1251034749068;-519.1629661079127 504.29722403849905
1000,10,23,GNNLXSSA,893.253180240019,145129.80668994904,12.598725842766667,nan,2072,2110,9000,5590,100,0.0,1,4.025832791682516 854.3037661095495;-428.24862172959905 471.3872461109337;-921.5600582351238 -364.8244423466842;835.0658741503836 188.28377521476258;-34.72933557504906 260.2668436771102;-924.3727819694163 371.1973741484643;521.2357616890536 -737.9506701571953;697.1262815146193 -106.41446196273156;-398.6023090995605 -886.8648009978579;-654.2415506822705 756.2856559269507
1000,10,24,GNNLXSSA,583.6850318258221,145439.37483836323,12.598725842766667,nan,2072,2110,9000,5590,100,0.0,1,982.3864698019086 185.93991707610562;216.08925144486278 -350.48803776064983;-711.9250914713783 -23.694256773109174;-466.83483409176023 -533.7464713400974;-254.83619364878527 -966.8332255724445;8.265426193856086 -591.6436253734855;644.666158727554 -83.28070212333674;488.67799107645135 261.9526513358325;-867.2073889385672 497.9471302963323;-249.1472275118103 -168.05208525138752
1000,10,25,GNNLXSSA,732.5749124750437,145290.484957714,12.598725842766667,nan,2072,2110,9000,5590,100,0.0,1,-679.537517970211 -733.3348694413376;-25.325617689736184 121.66266969448674;-25.15953980897384 969.1700915744436;-998.679417767406 -51.02674517405102;-873.2268081306529 -438.91449364469975;-177.6585787098289 559.1755381924266;685.1148140362671 -669.8463001895359;589.8334909568556 807.3215874794613;-678.1295301563289 240.33672977195295;188.6535186870299 -656.3300180583778
1000,10,26,GNNLXSSA,781.0487752106565,145242.0110949784,12.598725842766667,nan,2063,2110,9000,5590,100,0.0,1,-397.34337001926514 -917.6700094814765;-437.19309796766964 899.3676044868203;-718.0565977156353 -695.9846246967904;650.0465037485119 759.8944059471581;602.6678892445203 -797.9919977876873;-214.4389698522009 32.50425001155983;-866.0859910703527 499.8949423070498;-36.39698784223179 -631.990071962689;164.57616307191932 986.3643781830957;917.0863787737625 398.6885675155822
1000,10,27,GNNLXSSA,722.0054953024664,145301.0543748866,12.598725842766667,nan,2067,2110,9000,5590,100,0.0,1,-578.4820380428877 -412.72305283762586;-263.0142172174272 743.6918472617815;443.1511325897416 896.4469162668971;655.1269457255338 -755.5188184183987;-98.95222369017944 -925.4426310742522;804.4960872439398 593.9579493610563;158.67381882765272 79.52065619725894;999.8843648795971 15.207132186074556;661.2699405072793 296.95737087047803;-937.4511761016844 348.1167798678607
1000,10,28,GNNLXSSA,522.5448951419676,145500.5149750471,12.598725842766667,nan,2075,2110,9000,5590,100,0.0,1,-336.4876961971198 524.4174350231966;-996.7071898712637 54.88716772794079;578.8965886543847 68.93965130000112;294.75032757184727 -403.01883042049013;300.45030508986326 953.7974702060222;-801.5229866480015 -474.3405783521035;866.8582028460497 -323.10280647478345;-451.1311142534408 -845.3960490835146;995.4037808076565 95.76697318920998;120.8166902956642 -752.9851037107175
1000,10,29,GNNLXSSA,577.5230994490557,145445.53677074,12.598725842766667,nan,2079,2110,9000,5590,100,0.0,1,-850.677963240385 339.9315509620085;-514.0722110349758 -857.7469101323603;-499.36940523052476 649.9159473025869;-878.507193125268 -255.63352502380553;755.6370939082072 -654.9905207787049;403.5078471383153 -891.0335686345787;976.79555269054 214.17387385949348;26.3924942989463 587.270370227407;-160.99142033781123 966.4830636981548;775.6066008072739 631.2166036981172
1000,10,30,GNNLXSSA,661.0324437784147,145362.02742641064,12.598725842766667,nan,2077,2110,9000,5590,100,0.0,1,-560.093056621075 248.14207840186918;-992.6678216494023 -120.87397517891704;544.4470003090499 -315.0999794311285;227.53958792374817 -973.7687939227437;-158.9018297598716 -166.9698788223996;-736.6706789488876 560.4556052561549;803.984430421054 594.6501104352857;-154.15526317083444 -988.0465873117081;-721.8355794296889 -692.0644092744201;552.6909040251068 833.3863237466223
1000,9,1,GNNLXSSA,374.7301039038721,131046.0237792663,10.081364624333334,nan,2009,2046,9000,5590,100,0.0,1,266.4197710190391 -963.856654751954;-417.32786309162 908.7555605964118;-992.2155920963322 -124.50572001963053;-388.2310802595842 -473.7145618624212;609.1066106529196 -793.0860494971046;-149.56366547809074 374.8517103635797;269.0397272604966 -164.44149529474612;992.0299585644374 -125.98956354395018;-171.14754696435813 -985.2428403650366
1000,9,2,GNNLXSSA,522.4193869852315,130898.33449618494,10.081364624333334,nan,2006,2046,9000,5590,100,0.0,1,-139.0755546529593 681.4974468837484;-554.3707943577135 -832.2698014245126;738.5542517093317 674.194050168102;-958.3323829722535 -144.89893844999688;992.1351704718143 -125.17109695478443;71.17937890752735 997.4635311721119;-570.9267192968282 183.46434041504403;251.50284826873246 -967.8565582320114;-733.9716767528423 676.2805967455325
1000,9,3,GNNLXSSA,465.7083735077176,130955.04550966245,10.081364624333334,nan,2012,2046,9000,5590,100,0.0,1,-115.7566587833359 978.9652616244759;221.0464795482225 -959.8589189371984;665.172580154067 162.90151383311579;-906.144608576219 422.9680228436315;-55.85373257273513 -776.5926780401903;860.4640733846863 -395.0703673792875;438.26279946640284 -657.0686320105851;-715.3277967175899 -105.15156154984783;402.6435290958412 902.1694184999347
1000,9,4,GNNLXSSA,350.6803291483957,131070.07355402177,10.081364624333334,nan,1998,2046,9000,5590,100,0.0,1,981.4231906125623 -191.855468850534;295.02222977452254 -375.2765509265619;17.1767624034738 638.4636617384052;-664.3753017025942 -641.8097619255313;484.45819626846986 -874.8144095401758;-689.9760541745122 616.9025870511291;598.681526939995 800.9871519139241;-393.7693600025171 -59.61371079869299;-180.25640897127957 -892.0347913183392
1000,9,5,GNNLXSSA,510.2408955209685,130910.5129876492,10.081364624333334,nan,2011,2046,9000,5590,100,0.0,1,592.2703495014384 -351.6853669290655;396.8238543287769 392.4056488028658;-888.7825914298946 76.60087576447563;759.8627066685875 209.60233328322553;52.58607319172623 -478.3713015272117;-592.6065742800591 -612.6733975027165;-394.65516305779045 835.2499922013463;238.01709800746997 32.80135072282652;-437.37410911034294 -80.00001931011504
1000,9,6,GNNLXSSA,333.3394967892382,131087.41438638093,10.081364624333334,nan,2007,2046,9000,5590,100,0.0,1,205.02167862275843 522.7125209777804;840.7850685401165 380.57156603071746;559.576545318663 828.778545608641;534.9654217176648 -672.8321335165291;-331.6987782199149 -851.232724277489;109.01858939682629 -939.6902034140611;-773.7296339937313 269.3820244578828;-321.63188884124014 851.5193645140563;996.0469821923997 -88.82504295208682
1000,9,7,GNNLXSSA,279.6474408302456,131141.10644233992,10.081364624333334,nan,1996,2046,9000,5590,100,0.0,1,190.16676689907118 -647.0447641565046;946.7424480257127 126.63060236577309;453.8717735171918 309.1355877568281;178.8056846914568 831.0885147696356;-766.4642211197337 631.5592414909462;-984.7211841660151 155.99989117519937;-760.0390778119644 -649.8677402217415;-482.6316364418946 -515.9832541930571;-113.62313070503585 400.0073498485576
1000,9,8,GNNLXSSA,612.7221555551077,130808.03172761506,10.081364624333334,nan,2001,2046,9000,5590,100,0.0,1,724.619643068812 -288.80324487398303;-81.55429019994476 -996.6689007639313;432.76641458402906 -647.9566490289377;-709.2853050078259 -24.221115502015554;429.1509893636486 454.64953607850225;933.7167147476678 302.1758858632933;-745.2760535155486 -666.7560303861445;-434.76384488351084 400.4443851168471;-286.24484251650733 913.676000587588
1000,9,9,GNNLXSSA,372.25789492153854,131048.49598824863,10.081364624333334,nan,2011,2046,9000,5590,100,0.0,1,258.4166891114828 -966.0334321713367;-672.5092392924025 -314.2903057596074;-317.4912180451105 602.6849050863727;19.66004736492108 -443.98489769633994;288.96809532239763 285.25983203614555;995.9522289286958 -26.262617878495988;-884.650294591052 465.14594200489216;526.9376400053609 849.9038289609617;-119.204623930841 -23.57777830924112
1000,9,10,GNNLXSSA,355.90678115298215,131064.84710201719,10.081364624333334,nan,2011,2046,9000,5590,100,0.0,1,-580.4240140848785 -646.7803829167493;-25.47223239683963 -875.387392291957;-788.1010270897527 141.33514674890387;719.6325642572446 694.3550766434581;427.50932953706337 798.7224427806185;103.23368909119709 -497.5843534123934;-321.38113612061886 175.19921075152146;321.535711680459 -946.8974527973663;963.7656743722802 -266.7503044079689
1000,9,11,GNNLXSSA,366.7830574404361,131053.97082572973,10.081364624333334,nan,2003,2046,9000,5590,100,0.0,1,-821.5624297681259 -570.0752439402797;128.16912091454012 -991.7523261601123;-568.8539003951713 143.12229131776078;257.22049422641913 961.1689300251597;928.1663537262282 372.165581173969;-840.2361657739733 542.2206061424187;679.878881765538 733.3244207915359;-365.2539203058777 -283.0603885102658;98.48587128958853 399.3818691990564
1000,9,12,GNNLXSSA,368.13298070394376,131052.62090246622,10.081364624333334,nan,2015,2046,9000,5590,100,0.0,1,373.49537544919104 851.2775136561002;960.7601799303486 270.14476994657286;-507.80764680707244 592.4389864766208;-229.6206449440931 -549.5868405419001;-916.4772193881198 -400.00952269484594;357.23177773834703 -933.9994880705915;68.90942658681463 11.59976387106354;663.6720237417135 748.0229059249303;-721.2992930977839 94.5463516701129
1000,9,13,GNNLXSSA,251.87409194002976,131168.87979123014,10.081364624333334,nan,1996,2046,9000,5590,100,0.0,1,523.7260474212324 -236.3698913183658;-617.499818780964 786.5710227344233;773.2204800940689 -634.1372794301701;970.366891020954 88.21930564707937;-253.24085740741458 -554.0941932190306;764.2632513364665 644.9043980751045;139.2491821087696 990.2573732530542;-969.9587464990914 177.2925904702491;152.06200323045323 -854.0635646763147
1000,9,14,GNNLXSSA,603.5077892386762,130817.24609393149,10.081364624333334,nan,2007,2046,9000,5590,100,0.0,1,372.2141952044417 -714.8258800799204;397.42705441892076 424.61164561569626;-867.7379407742169 422.4922736888191;61.03098615028828 -998.1358718779339;962.2425783005384 109.7265041480887;536.9560959338921 843.6101890324896;-536.2412168653636 -803.9217064960404;-348.05522747414926 937.4740309085463;-153.47735632307973 -503.5454605527695
1000,9,15,GNNLXSSA,240.09026618758799,131180.66361698258,10.081364624333334,nan,2008,2046,9000,5590,100,0.0,1,-679.3250373348563 -731.729861894393;-207.48611042989296 793.5897217430052;766.60744568156 634.3907881869948;345.475908579568 -873.4526111821062;763.6783262202048 -645.5969439685309;-228.49335387388226 -832.9237970550348;979.9436676602468 179.63405613484179;349.0746839639787 795.9985282457192;-714.9001133554655 634.0100590803038
1000,9,16,GNNLXSSA,498.2689932685462,130922.48488990162,10.081364624333334,nan,2005,2046,9000,5590,100,0.0,1,-241.81276724975118 -636.9105007295195;310.62603622844114 185.7738954462143;-549.2138062861231 -835.6814499845677;932.5924784999793 360.9308593153161;567.9081361426847 -823.0914738216082;-69.8850540697786 -952.6871964518658;72.03875954513649 -576.5723011742781;619.4896401773178 785.0040072491993;84.89358981033196 996.3896640526779
1000,9,17,GNNLXSSA,289.24425133218756,131131.50963183798,10.081364624333334,nan,2004,2046,9000,5590,100,0.0,1,-358.61495188993706 933.4758629645924;-317.76391570260375 -948.1492613206385;737.5291003640668 675.2965091319493;253.15213314334844 967.4163909726685;-936.2709161614573 350.8875047609199;990.445275750212 -137.8094503300817;-677.5369175105236 -293.83247622172854;284.00521890502563 -826.5334966275184;-62.05454056049929 610.3163864542216
1000,9,18,GNNLXSSA,251.59016597789014,131169.16371719228,10.081364624333334,nan,2000,2046,9000,5590,100,0.0,1,-940.0246133349764 216.7854571156994;70.10325799121706 776.9144972328322;-27.962344834730015 -958.9192130941096;471.03455373530835 -882.1107922008763;743.1718811443641 171.2522837238408;-691.4814199149223 577.8431769286617;918.1929959158073 -396.1293680846341;-718.4800648052353 -636.5092286036245;500.3560804276683 865.8187422613986
1000,9,19,GNNLXSSA,363.71457899066445,131057.0393041795,10.081364624333334,nan,2007,2046,9000,5590,100,0.0,1,747.8907359811424 663.8218488672885;103.78924011963304 994.5993131082431;-289.745226755423 957.1038102381833;351.9809329118961 379.6098645135324;-393.2935800502567 -919.4129430735964;-828.3735767061606 560.1760593019328;125.40180675910727 -483.7691700405422;-999.8586689483135 -16.811963862286873;-525.7737212615282 -544.5652476033649
1000,9,20,GNNLXSSA,559.4594106939039,130861.29447247626,10.081364624333334,nan,1998,2046,9000,5590,100,0.0,1,-397.9547825653837 533.0583927695133;395.6140041583394 -918.4168768668209;971.613513882182 206.62483222107952;-992.7903313425198 119.86391447307943;-775.0170602031329 -631.9403107842489;47.29662182371066 881.297765816844;-365.7209655300457 -830.0962690660773;-647.1144531477078 191.0753315415521;72.60679211319821 -470.12364688956933
1000,9,21,GNNLXSSA,422.31218416702177,130998.44169900315,10.081364624333334,nan,2003,2046,9000,5590,100,0.0,1,845.2596827351196 -534.3557511083089;-798.187378284089 243.29711585236905;-385.1141718684469 618.4759031788997;58.94859199600445 568.1299037990485;-43.5925793180347 870.6241591620163;445.2306591228169 895.4159146324472;402.2459494843287 -620.1113543457142;-356.12146825171726 -932.8796360757489;-992.6869248110311 -120.7173115556266
1000,9,22,GNNLXSSA,473.3009984590026,130947.45288471117,10.081364624333334,nan,2003,2046,9000,5590,100,0.0,1,-683.9891260549155 -460.87794189160724;339.4122607935523 -919.4511945019503;-91.60256882923473 494.27566094198346;-351.6495925017027 -847.7059193975142;-706.1119273724755 637.0794089101262;571.1536782212152 -403.38080435456453;147.71870230025277 -372.50296426141796;-280.0026187498877 916.0095445018185;352.7891625447667 157.57517614382124
1000,9,23,GNNLXSSA,402.4100726103352,131018.34381055983,10.081364624333334,nan,2004,2046,9000,5590,100,0.0,1,-959.5414221660787 281.56750371358373;100.94362673781244 389.5485078854026;132.6899477299423 -915.4338849452638;894.2066484428954 -434.92241886648475;-320.770483694539 -61.81847385042919;-694.2853507636183 -690.2156411183777;-76.73280234201751 -272.9475683944883;746.2720571667851 -148.3103042228458;902.2529054387071 398.58718156733113
1000,9,24,GNNLXSSA,362.7551414292684,131057.9987417409,10.081364624333334,nan,2005,2046,9000,5590,100,0.0,1,340.02124749470374 159.24332865660017;144.7542577677852 -290.1479629919334;981.9131098955531 189.3243608069626;-342.87653276868 449.1046396096297;846.0194963940585 -252.96608226916123;466.73604925705416 547.5621389790235;-341.9307408634076 -603.0516796709867;-994.6440434863359 70.08253434047225;-838.1267881742048 -387.5442719298609
1000,9,25,GNNLXSSA,557.0779948105483,130863.67588835962,10.081364624333334,nan,2012,2046,9000,5590,100,0.0,1,64.36016140916789 997.9267355990548;816.541693877747 575.6742550476778;-142.9206544003208 -989.734149428918;-904.6461329931549 -426.16355318179313;71.04168905294675 -335.2040062340912;-467.1023108252481 -406.82834145298;817.0749677416565 -407.7199761835846;-297.16871111264385 211.5150084805722;439.72869334857376 637.126512430361
1000,9,26,GNNLXSSA,261.54047498235013,131159.21340818782,10.081364624333334,nan,2019,2046,9000,5590,100,0.0,1,-49.164221057551636 -415.45601029473903;542.5174552499767 -344.9832298021777;778.8752702917801 395.8714885195194;-57.834431889902596 796.4190086518372;531.4835584868491 847.0686082355761;-975.3614958122834 220.612650363271;-788.4863758885499 -486.6862840475014;959.882875056033 -280.4012592235706;-520.194124157716 -179.39460259225265
1000,9,27,GNNLXSSA,367.85363227415655,131052.90025089601,10.081364624333334,nan,2016,2046,9000,5590,100,0.0,1,-476.02834459000746 -727.4421710367899;-756.7433652037072 -291.52643148284994;599.6871502335279 -793.2850139241427;628.0955804743245 778.1336127064825;-148.44887060581468 -988.8985319978528;-986.1345218184496 165.7892914327666;-149.08923797476675 988.8185377391908;903.516527589227 428.5408043991562;172.67642877411515 622.8545076475245
1000,9,28,GNNLXSSA,328.16163203463657,131092.59225113553,10.081364624333334,nan,1999,2046,9000,5590,100,0.0,1,-503.92017508973856 -595.1415350693809;937.2853881760944 -348.56290839902624;153.80431340615868 -635.7739515969383;-922.799020910796 -227.6241618364688;-180.3698160868593 758.1347545022018;648.7055363046327 761.0395043410813;-338.90004889522487 -940.8223832683905;156.35020832538035 824.1262980777783;636.1386132168328 -592.8975143131772
1000,9,29,GNNLXSSA,320.84497958267457,131099.9089035875,10.081364624333334,nan,2008,2046,9000,5590,100,0.0,1,-116.10635023327598 -993.2367871940244;-473.9254411018215 -244.95019302022814;-770.5466120360953 637.3836510922563;-105.7516399463765 255.32423581892215;612.5019843535307 -790.4690500980967;170.45033413835435 934.8753399532544;996.3209774028171 -85.70011661074453;228.72618793959936 -973.4903541479018;-789.8323966816237 -538.6891098023945
1000,9,30,GNNLXSSA,484.15534976759227,130936.59853340258,10.081364624333334,nan,2003,2046,9000,5590,100,0.0,1,574.259266571781 548.5012779369753;-812.0163710914019 583.6346571953644;-964.6032747846506 263.705370204567;161.46361060301479 986.8786665294969;33.90663707232803 -999.4164505491952;608.5907951418828 -793.4842431129749;-449.24618560269 455.6027198670521;-253.03331522908516 967.4575656762307;998.5300675149242 54.200592880897645
1000,8,1,GNNLXSSA,182.34599589620484,116636.10190025505,7.558988520933331,nan,1948,1982,9000,5590,100,0.0,1,-686.5796359819703 674.0807619149928;956.9407527768439 290.2833024389924;195.26443881957306 -970.3588628224093;174.02008133890828 984.4579386538329;702.7836967937922 -123.58286194741268;-661.1205717130563 -750.2796742933941;-920.6866440178287 -171.5142722704959;530.5598438500308 447.6598452742959
1000,8,2,GNNLXSSA,179.8611701188638,116638.58672603239,7.558988520933331,nan,1943,1982,9000,5590,100,0.0,1,-737.4156909329705 -9.974738817645495;-920.9678391287747 -389.6386008732647;124.27653656379458 -222.3934210891253;-183.94597733615618 982.9363485830247;735.3075482556395 677.7335829647815;768.2558896382282 -595.4202219699815;-593.1304591203029 485.116676713371;-200.03960812203334 -978.8812060045753
1000,8,3,GNNLXSSA,247.65041459532222,116570.79748155593,7.558988520933331,nan,1948,1982,9000,5590,100,0.0,1,17.376487439275696 -861.8071430712544;-737.1697614845572 540.7072145814526;293.0371681617162 228.49160218506708;-137.08763394218445 -530.3955619412875;535.5858356746822 830.6302343790811;987.7683445178093 124.77171771126912;-999.2826641681671 -37.870266608118264;431.32598669811955 520.17850154312
1000,8,4,GNNLXSSA,137.09738345362712,116681.35051269762,7.558988520933331,nan,1936,1982,9000,5590,100,0.0,1,-180.09096391916515 -896.8611593248393;-637.1783765468492 770.7155373716644;-933.5156293035253 -358.5364521613259;-194.36092929363048 980.9207365148166;501.47074593766257 865.1741214648429;133.54791608295716 223.26508466205954;965.8946650440471 -258.93042084339265;458.01862881534316 -888.9425941297407
1000,8,5,GNNLXSSA,304.9256382571475,116513.5222578941,7.558988520933331,nan,1943,1982,9000,5590,100,0.0,1,-395.3921362668592 -405.075983388003;366.54866110395704 31.20155632591774;118.23170520624055 710.4068280949934;-539.4371547520742 70.52648227001816;644.0842060225899 764.9216962059729;-808.2424710554421 588.7876192007402;846.3505755666431 532.6152034529046;-224.88343014235406 -974.3374646350113
1000,8,6,GNNLXSSA,281.4230556601251,116537.02484049113,7.558988520933331,nan,1936,1982,9000,5590,100,0.0,1,935.6197305974421 273.09668238434506;29.609906371721014 -999.5581818295358;-712.5888024676059 -686.9008828554395;-973.2438319929843 -184.58717206968166;632.1183072634542 -774.8628676389169;-285.94055312974837 958.2302776786091;214.36782380147272 976.7509673395509;-742.8213539064091 642.555639338672
1000,8,7,GNNLXSSA,179.84157849638723,116638.60631765486,7.558988520933331,nan,1938,1982,9000,5590,100,0.0,1,-693.4681310650219 720.4871769095819;-296.1511327820104 -955.1410493295583;159.24541427802816 -572.0015199588373;-727.7073773253863 -682.5049617803461;-998.5525477011611 -53.78105887994557;681.091364527827 692.2939766978708;943.9581165614196 -330.06518712784884;-241.6608431446971 702.0030056642471
1000,8,8,GNNLXSSA,285.6752753299079,116532.77262082134,7.558988520933331,nan,1937,1982,9000,5590,100,0.0,1,814.223229106224 580.5519211783156;-999.9992290029 -0.7189868816618288;-245.87337048700363 969.3019579498231;378.24758872377134 -119.99722522171139;811.7484853030596 -584.0067378188197;-70.17912483572778 706.5323512144995;-283.37637150355613 -896.916055124097;393.481735504791 919.3324337932049
1000,8,9,GNNLXSSA,220.35731741169002,116598.09057873956,7.558988520933331,nan,1943,1982,9000,5590,100,0.0,1,630.4097918895128 43.897384585861154;-879.571140937892 -446.455066961497;-145.43599138410107 478.89912960631415;804.1648224694185 -594.4053513345049;194.0344270948364 -727.8853809769049;-362.5647949513081 931.9585663868946;492.1641482010497 501.60979006686904;249.76296361651552 968.3059714694592
1000,8,10,GNNLXSSA,242.26795706921257,116576.17993908204,7.558988520933331,nan,1930,1982,9000,5590,100,0.0,1,192.0689606339754 291.6117210868936;781.7811096976013 -623.5524802810838;-884.0340774026431 442.73076945603674;-198.48383315695418 -980.1039699210936;-740.9899251605165 -22.061165860873935;596.6366125819283 74.89411746356902;800.3349574330064 599.5529813770306;407.5526772751791 791.448844704844
1000,8,11,GNNLXSSA,280.9494477752596,116537.49844837599,7.558988520933331,nan,1949,1982,9000,5590,100,0.0,1,127.0482336753046 991.8965401290526;400.6102430305238 338.0927414881121;-106.46641691944095 -508.23728306843236;-890.2102780418311 -455.5498445490744;660.5231469267602 750.8056821668104;56.97684694612268 -998.3754999558423;646.7667809246543 -541.1697812525707;-388.01260022368666 -921.6540685461404
1000,8,12,GNNLXSSA,311.65997226693435,116506.78792388432,7.558988520933331,nan,1932,1982,9000,5590,100,0.0,1,851.7576923697635 102.65371422864794;48.89367172054872 422.8328459597361;-883.3914703965895 211.20723526358094;-260.498628953392 565.3805904344653;376.1917850978382 647.5248758488574;-588.2839521751016 -808.6525196127691;656.133253826366 -482.4401281250303;222.2878290329167 974.9810674275643
1000,8,13,GNNLXSSA,278.3161317091435,116540.1317644421,7.558988520933331,nan,1942,1982,9000,5590,100,0.0,1,303.81354781680926 -10.952665429810072;-891.8259464057088 321.5332411181321;-106.04085191916468 714.7829700619072;-659.5562916972335 -118.77275170317499;170.69477334580012 -385.1845565172336;692.5367193568957 720.4608569067594;-394.4668046224313 918.6945456083341;883.8259846765847 309.1150871691812
1000,8,14,GNNLXSSA,157.77260613950784,116660.67529001174,7.558988520933331,nan,1937,1982,9000,5590,100,0.0,1,-997.4976487124414 70.6996521430669;993.5965282156864 -104.75296718132209;-351.5644672166392 -936.1636744665328;703.500263889368 -710.410564381961;118.28149703409454 -992.9082282456501;98.2207057901946 995.1646562022166;-603.4857112883647 -5.263834463866832;739.6661675465172 626.7375465980978
1000,8,15,GNNLXSSA,224.76109820674174,116593.68679794451,7.558988520933331,nan,1940,1982,9000,5590,100,0.0,1,257.5259761094531 386.5907049527436;-250.4717334208245 750.8898661895616;991.3925785302404 -128.89309905837786;-588.0666725159398 261.7003380450087;867.7292442892965 -496.98970326132144;50.086972049841094 -390.9884775190733;-951.303937030752 -307.01363208844293;-711.1709355945495 655.1845183408411
1000,8,16,GNNLXSSA,271.8573838609882,116546.59051229026,7.558988520933331,nan,1946,1982,9000,5590,100,0.0,1,933.6003948734855 -357.92006796432497;371.6476665345043 840.2457818345265;-199.28323544058682 -906.6945791417776;-930.0026722705069 367.4682264276608;44.244568199172846 -41.596745850419296;-757.3760089228693 110.8005851661882;585.2370723771946 17.089680433289825;255.02539322616386 -842.3141909772112
1000,8,17,GNNLXSSA,138.58575634534645,116679.8621398059,7.558988520933331,nan,1945,1982,9000,5590,100,0.0,1,988.3360934290433 152.28843168611803;645.6225782616848 -763.6566548120527;-450.9374303788987 -892.5555634711352;-926.4117290754288 376.5120293316993;40.05374288340099 999.1975268589441;-142.1252821443188 316.42506455864736;-746.5644075533493 -293.052799211682;649.397499399458 760.4491355598551
1000,8,18,GNNLXSSA,368.39545415308385,116450.05244199817,7.558988520933331,nan,1949,1982,9000,5590,100,0.0,1,-842.3116437358476 -3.5413899326030513;874.6345840677495 -236.41717408045207;-424.30494398698664 905.1682146100837;-539.1587401094708 591.5387431354126;-152.352853406528 237.80883850389577;-170.42281621785014 -984.7718804894535;306.2005562852624 -254.88697615931022;668.2322683045337 369.7205763574019
1000,8,19,GNNLXSSA,296.971258112535,116521.47663803872,7.558988520933331,nan,1938,1982,9000,5590,100,0.0,1,814.0520034994248 -109.34616414450772;175.37770805995902 -272.23049992724015;-328.8349955564843 10.726982137971717;-964.7968821052776 129.28695604586136;988.6387569856398 150.31103813722066;-45.851388118352546 -948.5417381993765;484.9647095391451 692.8358553584482;-459.92152530068086 -407.4915800194689
1000,8,20,GNNLXSSA,128.96830920416687,116689.47958694708,7.558988520933331,nan,1937,1982,9000,5590,100,0.0,1,348.01444590470123 903.0933645371598;-151.73496805748067 -948.4880140394563;289.2925783786693 -921.5796737432354;-985.3795960591974 170.37327158393367;968.0766596291742 -221.957003416578;-639.9990975727395 -760.8520523189974;-640.7087776040222 767.7839945591205;-127.58227157760263 882.6208354807061
1000,8,21,GNNLXSSA,351.14672084628546,116467.30117530496,7.558988520933331,nan,1951,1982,9000,5590,100,0.0,1,816.9863415728225 223.60359425985814;-621.7999913797604 329.3573936821993;613.1141149409378 -244.45356246086735;-390.2895060342179 7.536608614816356;83.9142021313051 705.3489952039646;-222.25196697630582 602.0855237258396;89.89452462692819 -656.3157838289811;960.860703204615 -277.03196392678717
1000,8,22,GNNLXSSA,316.7275366695103,116501.72035948174,7.558988520933331,nan,1950,1982,9000,5590,100,0.0,1,-812.6067653370126 -367.75907528659826;31.2277495085688 298.5955203804932;-527.8887897918476 161.99425149953663;510.0823460428098 -714.5142088776238;263.9108549232396 -245.38189206466882;-129.97974669996123 864.6618974505636;850.741151252584 -191.4204327178922;650.4159946349878 540.4255192119856
1000,8,23,GNNLXSSA,269.62914445987553,116548.81875169137,7.558988520933331,nan,1941,1982,9000,5590,100,0.0,1,-933.5991996317636 358.31904002847847;-504.0619746235641 863.6674856324008;609.3930190701457 792.8683045175743;-129.71357115650528 -277.7582196726276;598.6795632872364 -91.25135469223727;-600.0961832567468 -799.9278535222315;340.52841353329393 462.41596499411867;940.2431810965007 -340.5036863259088
1000,8,24,GNNLXSSA,443.22261473396793,116375.22528141728,7.558988520933331,nan,1942,1982,9000,5590,100,0.0,1,889.3505928330303 457.2258993402905;710.1731731981289 -211.13421429650057;-251.62244721014227 -967.8254719007859;416.6976443207468 -740.7269190754034;176.9597113613842 -947.4256517033966;-703.9514442167502 710.2481004445922;-585.9704589471684 -810.3324140383653;-943.6272700599138 331.0099321761728
1000,8,25,GNNLXSSA,182.0777712243871,116636.37012492686,7.558988520933331,nan,1947,1982,9000,5590,100,0.0,1,594.4022877337181 -501.5155832584048;74.8627585539131 997.1926849939662;-301.3135449947107 -53.30110878979404;-846.6188972017529 -532.1895307270402;587.4878351201777 809.2329970940427;72.35359703319017 -880.2265059526655;993.594461208238 112.99184665930196;-580.6251436461393 525.2837417456897
1000,8,26,GNNLXSSA,201.7988483995141,116616.64904775174,7.558988520933331,nan,1942,1982,9000,5590,100,0.0,1,-532.3586721759236 310.6587395305477;-860.1822904045129 330.7354834120532;677.5509012114823 -735.4758842188561;463.7596766984138 47.115675227484246;-369.0771981629807 -151.53341894813693;-112.97536500408323 -993.5977893001746;-548.3220598207984 -763.8720987902615;-51.800756499805765 940.0662550155173
1000,8,27,GNNLXSSA,278.0291551815608,116540.41874096969,7.558988520933331,nan,1937,1982,9000,5590,100,0.0,1,686.8816634630685 726.7692759041261;394.4386685339924 918.9222691637913;948.4000113106601 35.87397289350173;279.5133929134871 -960.1417932690935;-824.4447427214003 565.9424583816308;-797.3132121564091 -603.5657724894851;-215.09178029439485 976.5938388346445;-426.56929343062296 -797.9343846601846
1000,8,28,GNNLXSSA,260.5492579489073,116557.89863820234,7.558988520933331,nan,1933,1982,9000,5590,100,0.0,1,243.04995950318101 970.0135377820836;-162.20346307055235 -548.3926609085875;-736.2656184442752 -676.6926474381622;-732.0671589529361 430.5274185521882;601.130473730445 793.4241911794859;12.849302059457106 -999.9173788166511;422.87216236265635 416.9495045389658;-996.7929260119929 -80.00847930450499
1000,8,29,GNNLXSSA,277.88202366774203,116540.56587248351,7.558988520933331,nan,1940,1982,9000,5590,100,0.0,1,442.6323790844449 -823.4043912324878;998.4127686287584 -55.893749976481175;846.1430501262928 485.67897300608945;-826.882070214292 -562.3753568197372;-533.6463896189998 841.5925395507259;-226.4399066234707 477.58420503670453;475.3415778457734 879.8013323308226;693.8736431053488 91.49267095576548
1000,8,30,GNNLXSSA,308.5766197923658,116509.87127635888,7.558988520933331,nan,1947,1982,9000,5590,100,0.0,1,-3.074124235142836 999.99527486893;600.6097158741564 -797.9146127574274;1.4072261946315812 -553.2237514487197;994.4513240178143 4.155892921534607;361.13506311787745 932.5135206455972;-641.8888403964339 -766.7976442509328;-387.8893131785058 206.9958934794328;-646.8180100671526 762.6443875442661
1000,7,1,GNNLXSSA,241.49111707108386,101974.65079206126,5.389136260233334,nan,1874,1918,9000,5590,100,0.0,1,489.62688567288916 562.2112417552679;976.0715244497915 -217.44971639038764;-163.36624172368107 -644.6265433375617;-715.5927733745134 698.5177039232236;210.01825856062638 -977.6974639790991;801.9051327007886 -597.4513855939499;-901.6388130727121 432.48982734953535
1000,7,2,GNNLXSSA,233.73677895795845,101982.40513017439,5.389136260233334,nan,1883,1918,9000,5590,100,0.0,1,26.183796793978242 815.4646803443077;-450.55622610990804 353.25192510047106;599.7421614121714 435.81715382341173;-705.8208336572949 -253.00278796678364;929.0689068306623 369.9066995344612;-439.96728311664026 -626.19413355129;440.50177738351897 107.68054386372545
1000,7,3,GNNLXSSA,130.2219420294714,102085.91996710288,5.389136260233334,nan,1882,1918,9000,5590,100,0.0,1,-922.6986917877858 -385.52188546580396;-411.4669151235603 -50.09693123138276;402.26821487942703 247.55371024254728;-609.7787637079581 -792.5716745700632;932.4988636042092 -361.1729078666592;649.3185573863364 760.516542248574;-186.62502420107813 838.837801469634
1000,7,4,GNNLXSSA,128.76702245474735,102087.3748866776,5.389136260233334,nan,1885,1918,9000,5590,100,0.0,1,104.30195065100273 -359.6849375192925;-336.7093165125616 941.6086427883101;-295.6697845120151 -955.2902064433711;640.6286484711762 -333.49964905701245;-745.2234258709486 -445.941706040437;-928.9257009588861 244.00702431518135;960.3222043141777 -269.6461463674383
1000,7,5,GNNLXSSA,208.50819544024125,102007.6337136921,5.389136260233334,nan,1875,1918,9000,5590,100,0.0,1,490.40189414454244 -505.28225504359375;107.76441010867808 -218.19501914629987;905.6244510924943 -423.999389659181;-670.5809803393162 735.8135482587177;-394.70052761839327 81.55260891712803;-997.5878516085731 -69.03750116643758;758.4552567005317 92.9725461418623
1000,7,6,GNNLXSSA,149.63294811439118,102066.50896101796,5.389136260233334,nan,1872,1918,9000,5590,100,0.0,1,-333.2426160778703 -785.384031118981;551.6350863504942 522.883533241503;-356.59081086802644 405.65551110432915;43.237421288442775 -982.9271102210984;66.48052387429237 940.2121560349746;-648.0093418892668 -729.233727727744;869.9987829038337 -492.55867996055144
1000,7,7,GNNLXSSA,182.08813237839786,102034.05377675395,5.389136260233334,nan,1879,1918,9000,5590,100,0.0,1,-435.0756940597044 -900.3938807202471;-935.4702132912098 353.4055461433765;110.89447540810211 -550.3775768840509;998.4013561549591 -15.77764852691515;457.67732933709476 -50.65308795787837;-224.46516915068358 -107.2019249475039;866.9387970126162 416.0472803513898
1000,7,8,GNNLXSSA,148.94999059653492,102067.19191853581,5.389136260233334,nan,1874,1918,9000,5590,100,0.0,1,140.96647169644902 -990.0143705307788;-741.7859239451408 670.6367444726346;995.5059342203785 -94.69918126367973;724.4100007443113 689.3693863391577;-304.40258730373506 952.5434713664212;-999.7738629525892 -21.265534483230258;146.11435565627474 989.2677064734053
1000,7,9,GNNLXSSA,273.4662592759705,101942.67564985638,5.389136260233334,nan,1876,1918,9000,5590,100,0.0,1,-364.3165466970512 -692.67136683903;859.160266647682 -501.85463139577433;-759.3138227263888 80.33743713286452;-568.4026590138573 -308.207829276809;249.5357782942699 360.78852197933674;5.173286996910885 -613.8868195283478;-889.9540497134345 -263.6866106821319
1000,7,10,GNNLXSSA,125.44809088486363,102090.69381824748,5.389136260233334,nan,1878,1918,9000,5590,100,0.0,1,-692.1723498616868 -721.732248196622;-948.0768167322101 316.4442128284216;985.5314873380437 -93.32255555546504;724.0872738295094 689.7083585676984;-189.54519682947642 -963.8373057477049;-404.07194375575455 -125.20266055440895;351.3093242137562 -899.9173087221101
1000,7,11,GNNLXSSA,225.7541584548162,101990.38775067753,5.389136260233334,nan,1878,1918,9000,5590,100,0.0,1,186.76873360818777 -375.64227848949133;-360.98456846892253 -630.5850446119186;993.143052506449 106.2853334824523;722.4454760005794 -456.3568015485006;-355.2862443196943 353.89675434073285;440.2468247842009 -7.862021041809562;-693.691082572123 506.5374482176132
1000,7,12,GNNLXSSA,156.4613507212489,102059.6805584111,5.389136260233334,nan,1867,1918,9000,5590,100,0.0,1,-822.2387123676676 -569.1357244784894;-515.8764411158177 -195.86080863749953;440.504872681797 464.8135376402703;906.291679712061 -343.83646270476015;561.4238361117958 827.5229591965622;-951.0361360749765 -220.3621473481853;100.68817116448925 -816.1867378048956
1000,7,13,GNNLXSSA,136.5514148017246,102079.59049433062,5.389136260233334,nan,1881,1918,9000,5590,100,0.0,1,88.28264422918856 996.085739774877;-475.60333253291856 632.7057623436262;488.04174529873706 818.0865121201548;728.1542617106951 -51.69056240404318;-436.42623757795616 -754.6578849419049;867.4163593550225 -497.55735972658937;-245.30898646025832 -191.03076388716352
1000,7,14,GNNLXSSA,112.85681306575134,102103.2850960666,5.389136260233334,nan,1884,1918,9000,5590,100,0.0,1,399.2608945010439 916.8065268661522;-298.1751795034079 954.4990273182923;-883.4882423194308 437.6876232882011;358.54783767363546 -933.5113540281983;-870.8589395095887 -491.53301768674135;-362.0143349493753 -932.1628939191446;974.833618792561 222.87037688841033
1000,7,15,GNNLXSSA,122.8639878318354,102093.27792130051,5.389136260233334,nan,1864,1918,9000,5590,100,0.0,1,-138.05793465935287 -990.410029180931;-746.2948360896174 -665.6155178674629;924.6752918674381 -380.7566212291891;-152.73142214061724 -18.293367765193587;190.8502888478663 53.70452248157083;-146.50590528959086 989.2097956021652;410.1284064163271 912.0277902840483
1000,7,16,GNNLXSSA,105.59053837149986,102110.55137076085,5.389136260233334,nan,1872,1918,9000,5590,100,0.0,1,-735.8379481968109 677.1576729193191;387.62736665916475 -921.816155541267;817.4321870273293 -576.0248428772124;995.946463214907 89.94799836415416;85.43920986047125 338.04842127859956;-327.0498090488903 -375.7856545821255;-970.7001668383269 -240.29395768525742
1000,7,17,GNNLXSSA,207.75539131795813,102008.38651781439,5.389136260233334,nan,1879,1918,9000,5590,100,0.0,1,-354.9807708254564 106.23186110684162;-997.8865438115621 -64.85423499210873;-852.9158080287368 415.1000840275551;-102.90030323255598 -592.5104315491001;573.1090741925855 -78.78468768895506;840.2196140267331 321.38202050492265;985.7666874970735 -168.09687492849116
1000,7,18,GNNLXSSA,118.44593127197004,102097.69597786038,5.389136260233334,nan,1883,1918,9000,5590,100,0.0,1,-327.976745846939 642.6999277330913;390.1711966087178 914.2940220711249;985.898923254085 -167.32735229267985;20.83720470767957 270.5592016588622;397.01077947321585 -555.4534024221856;-774.8912896001775 -426.543185177465;-961.7524022823764 273.7409449170898
1000,7,19,GNNLXSSA,164.9595254889573,102051.18238364339,5.389136260233334,nan,1885,1918,9000,5590,100,0.0,1,673.8886723674215 351.73784834302;-84.54685213684157 -955.4675403890981;-370.64390904570075 -637.397478845989;-953.4696438661776 301.48903500078455;-685.7772999916692 532.2663712328986;13.361228603003168 999.9107348009712;659.8331191694532 -751.4121737416224
1000,7,20,GNNLXSSA,143.45499601063784,102072.68691312171,5.389136260233334,nan,1881,1918,9000,5590,100,0.0,1,-747.450907877753 664.3167340365475;-173.7003145428448 978.9048808377925;472.0072476965514 -198.9149486462809;979.7106932017477 -139.7063789517518;269.9462321102771 557.1565933259409;-929.2136001510846 217.6562322704507;-451.9380955150682 -166.24033983448086
1000,7,21,GNNLXSSA,135.9975375120266,102080.14437162032,5.389136260233334,nan,1880,1918,9000,5590,100,0.0,1,-843.2029460567788 -537.5953792223003;111.2641970800749 -993.7908447663017;994.4505220126731 105.19845131408809;499.0586638758157 671.1152796893726;-259.4149827724648 -345.0040681098115;805.1509825282409 -593.0680210767268;-998.7970641895773 -49.03493210234154
1000,7,22,GNNLXSSA,103.52938880996953,102112.61252032238,5.389136260233334,nan,1871,1918,9000,5590,100,0.0,1,-297.2224629773494 954.808256929986;-728.3064171669898 -685.2427654783613;563.2127547579726 -406.3370587686802;-260.63825740357316 -965.4361205588826;-731.2886589007984 682.0578597127891;194.30571739154152 979.6095169409047;946.3038963014221 249.02777292082177
1000,7,23,GNNLXSSA,170.38361598395568,102045.75829314839,5.389136260233334,nan,1877,1918,9000,5590,100,0.0,1,-995.9765450054622 89.61429461298327;31.038425758868822 500.8043114831635;580.1353455851091 559.3806504111325;-384.6575089778716 -923.0593701311625;-381.0379761712799 924.559387338258;-752.2171912139096 435.29095565324764;965.2623478762337 261.2826051853834
1000,7,24,GNNLXSSA,162.75710162681935,102053.38480750553,5.389136260233334,nan,1878,1918,9000,5590,100,0.0,1,164.9540736119216 800.7630579516772;-580.0796807504141 -814.5544837354369;543.4222117034444 -492.8859224490487;-841.1534718572503 -344.46016235406125;853.4452241225576 276.6025289620395;857.3801649982747 -514.674365115476;-296.5367454514111 141.2834753532237
1000,7,25,GNNLXSSA,185.1558271773829,102030.98608195496,5.389136260233334,nan,1886,1918,9000,5590,100,0.0,1,-146.1897315010967 528.8287355297072;145.66254409397112 -678.1837503334077;515.1055331204766 849.404263078184;-965.6510316920102 -7.597495508259413;787.1421250800296 213.88264380201986;-301.51585290026634 952.3127417825649;-627.0358167202004 -413.6473057097365
1000,7,26,GNNLXSSA,170.62330754210416,102045.51860159024,5.389136260233334,nan,1873,1918,9000,5590,100,0.0,1,-729.5400774770407 -682.8401056897151;157.42469219683144 -987.5307030357739;167.87808940639613 982.0777485463512;168.02221214166002 220.72172887951538;-419.21469137244486 907.8870056430234;-918.2886381465662 -395.266321784285;949.8593234100134 296.8026047421171
1000,7,27,GNNLXSSA,177.1008236859343,102039.04108544641,5.389136260233334,nan,1878,1918,9000,5590,100,0.0,1,477.5637266635175 -608.359366382703;487.95970346267626 872.8661568629047;-377.9654242872752 925.8197114143444;-946.5694766366588 -102.11522228123374;-570.9648168381332 -759.5896103711084;80.07745921617213 491.0634165271731;938.8658165604558 344.2832823334131
1000,7,28,GNNLXSSA,215.09703591436846,102001.04487321798,5.389136260233334,nan,1881,1918,9000,5590,100,0.0,1,-799.4903910607746 -228.75118610544047;368.92564929679827 -530.4109317421644;674.4916981055094 -20.794216181514887;-453.8171648855081 615.8070977196542;961.2407385393369 -222.76824405255041;-980.9073962128003 194.46523155487174;374.5748361170144 361.9771848865127
1000,7,29,GNNLXSSA,140.661645442975,102075.48026368937,5.389136260233334,nan,1878,1918,9000,5590,100,0.0,1,573.2878101346496 -819.3515421475936;198.9072708123906 -800.6535801928919;-199.16484906288144 902.5423251695009;-413.3815082521426 234.13738580090325;576.5481104263814 519.0280740057465;843.1455954094896 130.59239193377644;-758.7220557460179 -651.4143308067598
1000,7,30,GNNLXSSA,228.7425462766114,101987.39936285574,5.389136260233334,nan,1876,1918,9000,5590,100,0.0,1,35.50029205090959 -999.3696659716563;741.4769436904108 -670.9783468753125;703.5130498466972 710.6823380694782;-268.058216698211 963.4027156182273;-971.5145217690465 236.98002867723025;43.12738673340292 999.0695814174043;-743.1834787051089 -669.0876751067628
1000,6,1,GNNLXSSA,109.89324003182992,87503.94268208162,4.2347140844,nan,1808,1854,9000,5590,100,0.0,1,-591.6423820430981 -806.2005282622735;-973.5809018053247 228.3423474520892;249.80149389224246 968.2970689045815;998.5239284265294 54.313574359003844;825.8170072028776 -563.9381797808005;-196.5407908190168 -980.495648916524
1000,6,2,GNNLXSSA,77.22829155375075,87536.6076305597,4.2347140844,nan,1809,1854,9000,5590,100,0.0,1,61.58363167205751 -998.1019268141307;361.52733210376874 -580.7756380424987;-998.4426216563506 55.78827170645548;916.7012996998568 -27.679648237719878;721.8716090223027 692.0270082067258;-681.2475928570349 732.0530836124492
1000,6,3,GNNLXSSA,90.61322615739482,87523.22269595605,4.2347140844,nan,1812,1854,9000,5590,100,0.0,1,942.5286289428449 98.93052791280326;520.523799714553 824.8159288056554;14.766832369772866 722.8796952789054;1.1473845247869399 -982.2713907139532;780.7105623894608 -233.73321948472054;-988.6379479891694 150.31635904240198
1000,6,4,GNNLXSSA,68.65201872870966,87545.18390338474,4.2347140844,nan,1818,1854,9000,5590,100,0.0,1,-610.2110702585499 -783.9031922936031;-961.5084338632037 -177.00155496077656;924.6255648951424 330.5514517948989;160.17444840682327 130.51916528930906;551.9384114668691 817.933559536687;-68.90806897640856 978.5850282597107
1000,6,5,GNNLXSSA,83.50678446757956,87530.32913764587,4.2347140844,nan,1813,1854,9000,5590,100,0.0,1,445.2746560168438 -895.3573304941831;-604.2503512177026 796.001326383523;504.5900150126739 849.7054114223282;-90.10115564798662 995.8462402512063;933.7914451751288 -357.6750530521979;-912.7941043969323 -406.71400159852624
1000,6,6,GNNLXSSA,84.10879130559624,87529.72713080785,4.2347140844,nan,1821,1854,9000,5590,100,0.0,1,78.35840569710314 238.83387173849096;-206.2753092314154 -883.1892035535585;525.6979354355519 -528.6401459752025;-721.395639350684 -692.5177946668491;-999.6396678501322 -25.528281496557824;970.883114041352 239.43484826671312
1000,6,7,GNNLXSSA,81.62821950486978,87532.20770260858,4.2347140844,nan,1812,1854,9000,5590,100,0.0,1,-270.1658135497944 34.531571230320715;429.2902586549109 -113.97113003011015;611.4749578692239 -791.2637840182191;190.53572982684915 -750.5066761792294;-974.8726533058029 222.05292832902725;-464.43179206196965 -703.7241750936305
1000,6,8,GNNLXSSA,58.94795021702885,87554.88797189642,4.2347140844,nan,1811,1854,9000,5590,100,0.0,1,-999.9055827273102 -13.741383873477435;256.27817010036824 -966.6030723776987;973.8983745658189 226.98448409099674;261.86205419347544 965.1053126853946;-502.61185419682965 -864.5121884744162;748.9870138209 -662.5846761944098
1000,6,9,GNNLXSSA,67.47812866796448,87546.35779344548,4.2347140844,nan,1807,1854,9000,5590,100,0.0,1,-101.37517349627944 -543.4866073655227;661.3800366337706 -750.0247370058052;170.00700053146468 565.0339436030779;-779.5441319381707 -553.7219753167229;934.5712545724465 355.735393365193;-999.8915758950714 -13.13329917839511
1000,6,10,GNNLXSSA,78.01848188680015,87535.81744022664,4.2347140844,nan,1803,1854,9000,5590,100,0.0,1,-957.5573590688701 -288.0672949891951;980.1687263434771 198.16474938345064;187.58076485151332 -982.2491825691285;-330.96433036299254 -187.08271438224529;-597.8324095138922 801.6211138279815;827.3667184037002 -345.93602111712727
1000,6,11,GNNLXSSA,82.30022646862199,87531.53569564482,4.2347140844,nan,1811,1854,9000,5590,100,0.0,1,661.1359682138639 650.4256998032985;-913.9959794980514 -400.2359023015218;-287.14011193430645 -630.3627158820743;-312.24511995425826 504.6483317969283;16.25132635408758 530.5591320891069;918.6471630635239 -395.0789665311725
1000,6,12,GNNLXSSA,58.09331203636248,87555.74261007708,4.2347140844,nan,1824,1854,9000,5590,100,0.0,1,249.99490874106547 718.9528722050198;-468.59470778302176 883.4106786777846;-425.13247262965444 -905.1310664272894;-997.2537868912084 -74.05996021136176;805.7126419902279 -592.3064023917223;817.8989349990225 572.6396465587848
1000,6,13,GNNLXSSA,42.60995332681341,87571.22596878663,4.2347140844,nan,1805,1854,9000,5590,100,0.0,1,-683.595440836463 693.3969241712427;756.6616563747093 645.4657721685672;-954.8207419015963 -253.89481963604908;-252.62684585987833 -966.6685278845014;321.82287767972326 -945.4923322266004;275.5643347072957 961.2826314031297
1000,6,14,GNNLXSSA,88.7410285797232,87525.09489353372,4.2347140844,nan,1817,1854,9000,5590,100,0.0,1,-755.7900792297597 654.7556312693133;-992.1058675754699 -125.05721488407181;14.435680069691578 -999.8909956876957;994.9142143276779 100.48296657068046;474.8398114745505 624.2521146419617;20.434997799987087 999.7882756692034
1000,6,15,GNNLXSSA,69.48854344341089,87544.34737867003,4.2347140844,nan,1804,1854,9000,5590,100,0.0,1,-720.352842381873 -693.5997445623641;-949.737825491711 127.5455292208741;701.7039014668906 702.4552847940164;-305.9613725564618 952.0398159896574;327.14067327456087 -729.4691510681837;953.5518455015412 129.0252613768153
1000,6,16,GNNLXSSA,111.64410779197351,87502.19181432147,4.2347140844,nan,1814,1854,9000,5590,100,0.0,1,21.530784827261073 451.9672453945062;272.25433086017125 -535.3592481186937;783.284117643496 -588.8832056684981;407.0075209437025 -913.4248069191364;983.9674469305929 178.34815216561853;-748.3386409243989 -574.2627126083688
1000,6,17,GNNLXSSA,96.15326060188818,87517.68266151156,4.2347140844,nan,1809,1854,9000,5590,100,0.0,1,470.71724776333065 406.22523812778337;761.2678968563113 -648.4374983111084;67.90474726689611 -977.8043121780196;-428.61401978490534 903.4876988890467;-864.3322716976235 502.92119074664737;250.35363065671163 -299.93826295818894
1000,6,18,GNNLXSSA,136.31378669933474,87477.52213541411,4.2347140844,nan,1818,1854,9000,5590,100,0.0,1,225.76674701643634 -519.4601789338279;-592.240183698555 805.731158872474;-774.7367331875246 -632.2630670002744;-159.77667523249963 -987.1400391323273;-182.3406907022066 409.25768758800046;550.050444217362 835.1248776552216
1000,6,19,GNNLXSSA,78.26416431629332,87535.57175779715,4.2347140844,nan,1814,1854,9000,5590,100,0.0,1,381.3068147099883 924.4483604189838;-71.93354687388529 -924.6314896460111;-602.1761071345388 672.0742929728846;887.9289950712687 -366.8936051795001;616.057821472768 550.7886827522021;-999.6067259164663 -28.04181134543962
1000,6,20,GNNLXSSA,98.85763390155626,87514.97828821189,4.2347140844,nan,1810,1854,9000,5590,100,0.0,1,999.6358163878398 -26.985822103782912;-42.93496281692224 999.0778693214605;-718.9310928017575 695.0813504927827;-57.39742536573166 -672.0297812722774;-995.3642695622666 96.17676891420018;-432.9875336558268 -314.7716870843157
1000,6,21,GNNLXSSA,100.7047139541537,87513.13120815929,4.2347140844,nan,1810,1854,9000,5590,100,0.0,1,-842.397488255041 -531.5677722897697;-513.8678328030531 225.44386351249813;553.1241900225081 -427.15829909854426;999.4398312467135 33.250908415172105;-995.2978885299614 -96.8533155978462;536.2432970404976 810.8920271822421
1000,6,22,GNNLXSSA,62.4004707885033,87551.43545132494,4.2347140844,nan,1807,1854,9000,5590,100,0.0,1,-851.2166949042575 -524.781655856785;997.4849838945644 70.64764513337504;426.29494549097393 -904.5359887419323;-422.27683903880217 906.4186839056044;-90.29441195596154 975.025688127587;182.27334386192638 -142.512832490012
1000,6,23,GNNLXSSA,81.21269415334973,87532.6232279601,4.2347140844,nan,1801,1854,9000,5590,100,0.0,1,-417.3224960106969 -576.956016629219;918.7048554510448 221.51915532416282;-87.63796372583468 411.20496409577953;-901.1685722000204 264.5094956476415;-371.38903133944484 928.4757253860438;156.74974315446983 -553.9034566075849
1000,6,24,GNNLXSSA,95.03714648587629,87518.79877562757,4.2347140844,nan,1812,1854,9000,5590,100,0.0,1,-134.66377596889782 -602.834614480753;-115.985174629781 748.8854981348717;-902.1609543566299 431.39959716524385;260.6780563241025 89.27893145778799;900.1819673810569 269.53481142870646;466.10007368428523 884.7320053617954
1000,6,25,GNNLXSSA,149.14627313548408,87464.68964897796,4.2347140844,nan,1810,1854,9000,5590,100,0.0,1,-261.3611403878932 118.40081057784421;392.25576817707014 919.8561182581141;699.1582118868026 466.5774881077224;149.11118666215825 572.8338019159768;-239.0220598562706 -970.9658452644708;-735.4510032525495 -677.0989235651816
1000,6,26,GNNLXSSA,33.01272176952625,87580.82320034392,4.2347140844,nan,1817,1854,9000,5590,100,0.0,1,711.6101057001887 700.5497711622259;282.7023158462089 -956.3780615058696;-966.5028096890123 -252.98629039954957;213.56070809431668 974.9769599402592;-474.9854114198475 571.9258726638161;957.5998827094359 -286.23837087931116
1000,6,27,GNNLXSSA,75.5227658469812,87538.31315626646,4.2347140844,nan,1826,1854,9000,5590,100,0.0,1,-410.05573371860856 188.99197264069915;65.52153374259555 997.8384851024458;-951.9224065808073 306.3177556972409;388.96584527626555 182.8076548077437;955.7654347079446 293.9631673776629;49.713395814634836 -998.7536389092206
1000,6,28,GNNLXSSA,52.12459675298305,87561.71132536046,4.2347140844,nan,1820,1854,9000,5590,100,0.0,1,110.88308443754312 447.6123111481445;938.6046306496651 -343.7663392857619;-793.919079065914 -461.7433885856895;150.90928002697785 -988.516943690511;536.1441475397785 357.1271646539416;-984.0626591126604 175.84606245216915
1000,6,29,GNNLXSSA,148.7871592125157,87465.04876290093,4.2347140844,nan,1815,1854,9000,5590,100,0.0,1,914.4546456449875 404.68839995520045;130.61551110840128 -991.4330982259423;561.8080608964646 -605.8262041437232;-288.6436519302882 -957.436599572184;768.0910709702603 -29.518206247844734;-999.3938619851648 -34.81247802695648
1000,6,30,GNNLXSSA,78.00039039550757,87535.83553171794,4.2347140844,nan,1817,1854,9000,5590,100,0.0,1,734.9495560812856 -393.6830680755157;970.0822798591894 173.65677174628388;-988.0322150047855 -154.247664853434;302.44101466037654 -953.1681030391239;733.410609295183 679.7859061302082;-629.2006741808709 -776.3978756521755
1000,5,1,GNNLXSSA,45.37824585822818,72966.1516892363,3.0159116493666676,nan,1760,1790,9000,5590,100,0.0,1,-473.75686044023996 880.655685944176;911.9058306784074 42.42145960913801;707.7707071896533 -706.4422312151631;-990.6877899592009 136.15323288763304;198.54310714695498 980.0921561794241
1000,5,2,GNNLXSSA,23.897290214546956,72987.63264487998,3.0159116493666676,nan,1756,1790,9000,5590,100,0.0,1,135.08445003726558 791.7803742512071;550.7733117236106 -834.6548742402493;-252.8998910313004 -623.5190374327219;-868.6091983695281 -495.4977906185309;997.7701776838342 -66.74333318594438
1000,5,3,GNNLXSSA,30.224426156899426,72981.30550893763,3.0159116493666676,nan,1744,1790,9000,5590,100,0.0,1,45.088662951710035 -904.3922986420548;112.33823489113409 982.1324188544096;536.6597832633356 261.4491114237318;-729.1558518205895 363.26636412731494;-707.9939071573373 -699.4674393417298
1000,5,4,GNNLXSSA,23.418856517542736,72988.11107857699,3.0159116493666676,nan,1756,1790,9000,5590,100,0.0,1,-269.47466250861555 -960.4766456276101;969.08587185245 -246.72367737202828;696.8353567678247 717.2311242258372;300.0390878058613 -953.843207325828;-933.725544150079 221.3018779397183
1000,5,5,GNNLXSSA,8.892026282002917,73002.63790881252,3.0159116493666676,nan,1753,1790,9000,5590,100,0.0,1,413.4200445041999 -760.7501031501901;-951.8183975691927 306.66175722531506;967.7238046516516 251.89377200176494;-19.39334807050047 851.8375394752303;-655.8397027373151 -754.8943735804172
1000,5,6,GNNLXSSA,32.38492880026752,72979.14500629426,3.0159116493666676,nan,1749,1790,9000,5590,100,0.0,1,951.076175801337 307.8934396703242;760.6593023727185 -409.72012970353256;-256.68901417839 -966.4125582234919;189.19117244196977 981.921548428961;-821.6247149852095 569.94598140629
1000,5,7,GNNLXSSA,54.856249070959166,72956.67368602357,3.0159116493666676,nan,1752,1790,9000,5590,100,0.0,1,369.8048317559216 -595.2481287364217;-991.2661442011266 -131.87657623941806;754.1959834969628 -655.3251831394242;-196.9522906874914 -131.517422352549;977.3014652347033 211.85304561166424
1000,5,8,GNNLXSSA,19.498921666425304,72992.0310134281,3.0159116493666676,nan,1755,1790,9000,5590,100,0.0,1,-987.6329784824735 -156.70100584043826;-285.44692651722124 -616.3769820465463;992.7108081150864 119.77998623155759;-334.159173759027 942.5164167516768;803.8451396376909 -594.838241051858
1000,5,9,GNNLXSSA,31.181489603826776,72980.3484454907,3.0159116493666676,nan,1746,1790,9000,5590,100,0.0,1,-895.8448310706647 444.36637994838134;311.7019429548959 668.646677134428;-596.566719852285 -799.8931398221625;987.117872613982 85.53706504117979;-57.17001824256366 -910.7851263442911
1000,5,10,GNNLXSSA,19.991219346033176,72991.5387157485,3.0159116493666676,nan,1745,1790,9000,5590,100,0.0,1,61.14407588818807 -998.1289505789216;24.809079589980136 916.9009963398935;-912.0880289129934 -72.64202863540771;-692.0917698423145 721.8095192753644;957.3913313307804 -288.79376498234114
1000,5,11,GNNLXSSA,30.680475718254456,72980.84945937627,3.0159116493666676,nan,1737,1790,9000,5590,100,0.0,1,-589.3394307783619 -807.8838388057708;-999.3296624042828 36.602119284462326;-317.7857010609356 189.59317431764066;984.106206493966 175.59090390699598;136.71682551647746 990.6027075741597
1000,5,12,GNNLXSSA,7.494233157281997,73004.03570193725,3.0159116493666676,nan,1748,1790,9000,5590,100,0.0,1,-424.55481590890565 -795.9127672379772;461.9369515417657 -792.329457192085;966.9202227232314 52.23094812474034;473.29240080805204 880.9053884143008;-796.3122635584991 588.8081726337158
1000,5,13,GNNLXSSA,22.114567114942474,72989.41536797959,3.0159116493666676,nan,1751,1790,9000,5590,100,0.0,1,965.5300263022191 260.2889018471347;-949.5670507935089 313.5626852985988;-520.8652715821364 -853.6387490017;311.45799687753805 -949.671754430181;244.71371143716615 969.5951088946184
1000,5,14,GNNLXSSA,9.900138660828816,73001.6297964337,3.0159116493666676,nan,1758,1790,9000,5590,100,0.0,1,414.15530052841666 -910.1866980723869;960.4165166265057 2.2253690903888748;-573.1471501907374 -815.4525010494956;-997.986992691509 -63.4174523154969;433.84903853471553 900.9834970379347
1000,5,15,GNNLXSSA,30.08248572294542,72981.44744937158,3.0159116493666676,nan,1750,1790,9000,5590,100,0.0,1,974.0841104088768 226.18608677137337;-644.2329984078159 -762.7874447073613;-75.98690591533445 -191.42370142564715;-997.4556665538593 71.28950315155922;745.1065219737965 -666.9454782155077
1000,5,16,GNNLXSSA,27.62992507976014,72983.90001001477,3.0159116493666676,nan,1744,1790,9000,5590,100,0.0,1,792.5614884497269 -539.0157997427328;348.3181460589094 937.2571353173979;-98.29752565893604 -994.9556575547864;972.7779799661078 131.63606800665409;-998.7146985821173 -47.83935445230005
1000,5,17,GNNLXSSA,22.96004430933681,72988.56989078519,3.0159116493666676,nan,1754,1790,9000,5590,100,0.0,1,-384.9577015311246 -922.9324722617935;153.62359506522648 988.1267528579918;654.6008581026333 -751.8421007287683;-926.1534866500631 -377.1329417394669;947.5003502077936 319.73871211449466
1000,5,18,GNNLXSSA,30.403262489649933,72981.12667260488,3.0159116493666676,nan,1754,1790,9000,5590,100,0.0,1,181.6609086291074 -983.3612328519195;618.0510150768232 786.1379921887178;-305.3136397695258 -952.2518476593701;-975.0201179126938 219.0396546055626;988.7451735281759 149.6094309351434
1000,5,19,GNNLXSSA,35.27516169572482,72976.2547733988,3.0159116493666676,nan,1752,1790,9000,5590,100,0.0,1,129.64138198160325 991.5609472331491;-615.1044505175374 788.4456322115801;-563.669840836409 -826.0001879730157;896.8966441377487 -442.24021722865115;-942.9124569303711 -333.0406860513156
1000,5,20,GNNLXSSA,19.026677013229346,72992.5032580813,3.0159116493666676,nan,1749,1790,9000,5590,100,0.0,1,-310.13231206027393 -950.6794959000124;473.2041064754408 880.9429589348922;-785.319347526904 619.0872473309937;226.33489683136366 6.834779088716326;981.7537993976973 -190.10436529296462
1000,5,21,GNNLXSSA,64.48913575349434,72947.04079934103,3.0159116493666676,nan,1746,1790,9000,5590,100,0.0,1,68.1460532749288 366.9348649795468;935.7044990240004 -199.5800991940901;728.6062380905332 -604.8418892224538;-652.1913741104715 366.0989339198867;-425.43685301532787 -522.9696751991128
1000,5,22,GNNLXSSA,35.70282495459833,72975.82711013993,3.0159116493666676,nan,1761,1790,9000,5590,100,0.0,1,-185.98728773288747 982.5521506778987;534.102995243709 -845.4194169000962;895.1042407555844 445.85692568509995;180.7068853594025 352.1292441882264;-897.3242997616195 -441.37183990068866
1000,5,23,GNNLXSSA,36.25180338596692,72975.27813170856,3.0159116493666676,nan,1748,1790,9000,5590,100,0.0,1,-49.41140554353317 -998.7785104827859;442.35425531010725 896.8404054284354;-962.9136304612279 -130.29739333326407;-643.8988880130405 765.1105946303252;805.5059683319026 -592.5876601665647
1000,5,24,GNNLXSSA,14.447731857319013,72997.08220323721,3.0159116493666676,nan,1745,1790,9000,5590,100,0.0,1,-86.14293574865283 90.35377619869008;713.2978294480708 -682.8501634404107;-945.7259326981575 324.7133771855794;956.3143936995607 292.04073736205976;-335.17985076535433 -799.3445416500077
1000,5,25,GNNLXSSA,37.568143295735354,72973.96179179879,3.0159116493666676,nan,1753,1790,9000,5590,100,0.0,1,-657.3592703513918 -721.3013399577966;-999.9588494703662 5.457692351672134;931.8728050756396 -358.48358369466723;589.4992826989069 807.7485118209613;-165.36464000307592 -228.54720104939096
1000,5,26,GNNLXSSA,15.738492072967347,72995.79144302156,3.0159116493666676,nan,1746,1790,9000,5590,100,0.0,1,63.57745491582042 -819.3476190225425;-448.9985031993363 864.4224617937914;834.5878365752404 516.268533580267;110.99422184248274 944.0656182990045;-822.3581464954051 -568.9701915677498
1000,5,27,GNNLXSSA,13.18900001255679,72998.34093508197,3.0159116493666676,nan,1749,1790,9000,5590,100,0.0,1,434.07854331948334 -207.2711404453862;235.24598460589127 -971.9316843398913;-970.8013147746818 -235.85765201112366;-230.6178325715088 970.9616563953763;963.1491695183084 -268.963386312441
1000,5,28,GNNLXSSA,13.66530818719184,72997.86462690734,3.0159116493666676,nan,1747,1790,9000,5590,100,0.0,1,872.8116856627933 -488.0571292077122;-121.46012013295628 509.9276292222443;585.6850639869791 697.765502630316;210.0815392719886 -873.0723609278735;-863.1572809360316 469.27981220791725
1000,5,29,GNNLXSSA,33.97840239672223,72977.5515326978,3.0159116493666676,nan,1750,1790,9000,5590,100,0.0,1,-984.9583332608328 172.77804190619787;993.7108578087934 -105.75536790636173;-47.983789758335874 998.8460981909197;-771.7740470143049 -635.8937090558716;698.8319210613868 576.5348112382115
1000,5,30,GNNLXSSA,18.558712376543554,72992.97122271798,3.0159116493666676,nan,1751,1790,9000,5590,100,0.0,1,999.9944774284511 -3.323418811836287;-484.07606748352333 -875.0259201244768;-541.7524960363685 840.5380616238414;306.5779591732354 951.8455520456951;328.4622004969421 -656.8084084393943
1000,4,1,GNNLXSSA,1.4551915228366852e-11,58409.22394807561,2.0996233494999994,nan,1682,1726,9000,5590,100,0.0,1,-955.3401526362552 -295.5083632673305;727.1438744852377 686.485095103016;-279.11038795361105 -960.2590230434623;966.4611588231893 -256.8128277289473
1000,4,2,GNNLXSSA,5.313637127772381,58403.91031094785,2.0996233494999994,nan,1693,1726,9000,5590,100,0.0,1,-990.9898770751144 133.93678932485167;630.318551757343 -776.336604386606;948.5081817926654 316.75263072683725;-617.4974725565575 786.5728646389115
1000,4,3,GNNLXSSA,8.052976175909862,58401.170971899715,2.0996233494999994,nan,1681,1726,9000,5590,100,0.0,1,794.1816939961783 -440.25464021874495;-678.0862128247004 598.0811861810414;464.6639936810599 885.4870823317344;-922.6787530857099 -385.56960280110195
1000,4,4,GNNLXSSA,13.807633319083834,58395.41631475654,2.0996233494999994,nan,1691,1726,9000,5590,100,0.0,1,284.6932623428001 -947.540911057871;971.5460150463042 -236.85088272507312;-993.196964319183 -116.44651161438637;-174.13487341935294 984.7218114062599
1000,4,5,GNNLXSSA,15.996845910478442,58393.22710216515,2.0996233494999994,nan,1681,1726,9000,5590,100,0.0,1,382.88366975112973 921.0026876759441;-197.80139057903028 -980.2405809519298;-909.2689253010653 416.2069320898179;930.6385522558198 365.9304905479105
1000,4,6,GNNLXSSA,13.195847052062163,58396.02810102356,2.0996233494999994,nan,1690,1726,9000,5590,100,0.0,1,601.2912313976021 572.6695994821999;-127.44850813758326 695.723788686173;622.1259248295046 -782.917194634933;-982.9227841766706 181.7149945643391
1000,4,7,GNNLXSSA,6.661303784952906,58402.56264429067,2.0996233494999994,nan,1684,1726,9000,5590,100,0.0,1,-605.2322180317205 -796.0487950581705;104.4846615891051 -987.4074461701728;-559.382293183504 828.9097961013396;828.7541329172195 -559.6128904632449
1000,4,8,GNNLXSSA,1.4551915228366852e-11,58409.22394807561,2.0996233494999994,nan,1677,1726,9000,5590,100,0.0,1,230.39387289194633 -973.0974582917426;-971.0483876183413 -238.88287695818556;-266.3091351397412 963.8876721595328;696.3031125561666 717.747849487962
1000,4,9,GNNLXSSA,3.605582541160402,58405.618365534465,2.0996233494999994,nan,1677,1726,9000,5590,100,0.0,1,-461.86336621317355 -599.6552782058877;780.6179890389553 -625.0084440939797;414.391383610176 881.98215142581;-489.95921744076963 871.7453557345909
1000,4,10,GNNLXSSA,1.4551915228366852e-11,58409.22394807561,2.0996233494999994,nan,1682,1726,9000,5590,100,0.0,1,-962.0780259113359 -272.7743977329011;694.3630602253286 -719.624861017542;-222.84668488822555 974.8535043965979;953.8952113962829 300.13984353171213
1000,4,11,GNNLXSSA,3.4948576828319347,58405.72909039279,2.0996233494999994,nan,1682,1726,9000,5590,100,0.0,1,-317.05128720495736 -948.4083937216496;-48.55833960503948 137.23793735216506;394.45911366280455 918.9134930168099;-926.805418205576 132.0197760026753
1000,4,12,GNNLXSSA,1.4551915228366852e-11,58409.22394807561,2.0996233494999994,nan,1693,1726,9000,5590,100,0.0,1,594.0579893631539 -666.7441617461039;864.0006637355077 293.3166082550265;-304.5708446503835 -894.6827115124643;-719.9992204042903 676.3155262202846
1000,4,13,GNNLXSSA,1.4551915228366852e-11,58409.22394807561,2.0996233494999994,nan,1678,1726,9000,5590,100,0.0,1,-507.25570849386895 -861.7955942103574;-999.9055374642112 -13.744677093580533;540.191566358696 -841.5420795390676;30.572693132771374 999.5325459606653
1000,4,14,GNNLXSSA,17.419194880581927,58391.80475319504,2.0996233494999994,nan,1689,1726,9000,5590,100,0.0,1,297.4166042155571 954.7329996973423;-147.58016268283586 -989.0467834449267;977.6945576456965 68.22954129514855;-742.0975466787347 670.2894277652349
1000,4,15,GNNLXSSA,2.239429322973592,58406.98451875265,2.0996233494999994,nan,1685,1726,9000,5590,100,0.0,1,532.0682888968967 -846.7014444007572;907.5263812805904 419.99508006613183;-388.80826360682914 -853.0961537746047;-807.837774802216 589.4048944508385
1000,4,16,GNNLXSSA,3.4876861800148617,58405.73626189561,2.0996233494999994,nan,1685,1726,9000,5590,100,0.0,1,-105.06597475610126 -994.4652537663396;-491.8107836093904 617.5858667039112;-799.3910935383205 -600.8110181842607;786.6570704938247 617.3901954534699
1000,4,17,GNNLXSSA,1.4551915228366852e-11,58409.22394807561,2.0996233494999994,nan,1686,1726,9000,5590,100,0.0,1,501.27765705584505 -799.6787699189824;-865.7895085497383 500.40836012720905;-508.5053832255802 -794.9598255395111;854.3122376064051 519.7601376365229
1000,4,18,GNNLXSSA,1.4551915228366852e-11,58409.22394807561,2.0996233494999994,nan,1688,1726,9000,5590,100,0.0,1,889.4072632157063 457.1156529141692;513.1512353871717 -858.2982055326805;-999.8925363783941 -14.660003232662092;-507.98248618275903 861.3673976484035
1000,4,19,GNNLXSSA,1.7833817356222426,58407.44056634,2.0996233494999994,nan,1681,1726,9000,5590,100,0.0,1,-990.751349596038 -135.6899527364838;964.6216756672459 131.68111148046393;-344.3136079291367 938.8546955705236;-57.547018472556026 -149.035996893983
1000,4,20,GNNLXSSA,15.617139120971842,58393.60680895465,2.0996233494999994,nan,1681,1726,9000,5590,100,0.0,1,-152.5448372401113 -483.407348498038;-949.4388176070938 -101.90941023332827;201.19553339713113 979.5479998950318;711.0715666457708 -703.1133275873194
1000,4,21,GNNLXSSA,10.626345690863673,58398.59760238476,2.0996233494999994,nan,1690,1726,9000,5590,100,0.0,1,-39.45125375047512 999.2212175070629;-106.5125150399933 -886.4689100576851;-821.97775421113 -195.06524588703664;719.102231257302 572.4334713861634
1000,4,22,GNNLXSSA,1.4551915228366852e-11,58409.22394807561,2.0996233494999994,nan,1692,1726,9000,5590,100,0.0,1,216.13933945502254 975.954345568983;239.49406170399888 -966.5485051715334;-959.906440387319 -276.3150708957583;962.6780698059085 -266.62170770910683
1000,4,23,GNNLXSSA,12.654581538721686,58396.5693665369,2.0996233494999994,nan,1691,1726,9000,5590,100,0.0,1,-875.9061813935766 -480.56668169324513;-514.8735189365739 857.2661544105596;120.35766250862827 -992.7305944089056;543.0399023983236 839.4386863338709
1000,4,24,GNNLXSSA,3.487409014996956,58405.73653906063,2.0996233494999994,nan,1670,1726,9000,5590,100,0.0,1,-617.9903767437485 426.0948928190347;612.4916501347842 790.4770575514314;-606.3941224471348 -795.1642398030542;621.4595485384616 -783.4462518452502
1000,4,25,GNNLXSSA,1.873911943162966,58407.35003613246,2.0996233494999994,nan,1686,1726,9000,5590,100,0.0,1,-610.1936637826944 792.2353022196819;959.015801367008 -68.176753668721;-939.2004687965533 -332.19965715775277;117.21432159185088 791.8942910714738
1000,4,26,GNNLXSSA,6.722019919907325,58402.50192815572,2.0996233494999994,nan,1680,1726,9000,5590,100,0.0,1,-795.9265286714257 605.3910280420823;698.4255092632618 715.5983704550558;263.52932108384215 -942.1295673197578;-764.6838912513219 -644.4049982132836
1000,4,27,GNNLXSSA,4.371978052186023,58404.85197002344,2.0996233494999994,nan,1682,1726,9000,5590,100,0.0,1,9.03995500794631 880.8237588594754;-693.9820667542073 -719.992285391697;950.5265093593198 310.64345318256244;387.24287505566946 -706.3042726627352
1000,4,28,GNNLXSSA,15.673379454194219,58393.55056862143,2.0996233494999994,nan,1696,1726,9000,5590,100,0.0,1,139.9307935052946 -989.8246427800538;981.1684182445223 191.8936453839148;-311.81960540012807 938.175693537191;-992.7946674121301 119.69550301677477
1000,4,29,GNNLXSSA,1.4551915228366852e-11,58409.22394807561,2.0996233494999994,nan,1682,1726,9000,5590,100,0.0,1,-454.02949854457927 816.9653776076887;494.0346065623363 -869.3020364186905;-465.85499329790326 -878.0342026675737;881.1353461109968 472.6608091168339
1000,4,30,GNNLXSSA,3.4959575231114286,58405.727990552514,2.0996233494999994,nan,1692,1726,9000,5590,100,0.0,1,-726.8609984369259 -686.7697172623206;-348.4571355149667 937.3247167917339;320.1408114623791 -947.3699704108259;973.4329912235493 218.75681391170585
1000,3,1,GNNLXSSA,1.4551915228366852e-11,43806.91796105671,1.3696374268,nan,1618,1662,9000,5590,100,0.0,1,-919.6607086340397 -74.114711230333;-435.9246907621222 -899.9831464999487;999.5713206381827 -29.27755040366724
1000,3,2,GNNLXSSA,1.4551915228366852e-11,43806.91796105671,1.3696374268,nan,1621,1662,9000,5590,100,0.0,1,-109.0812935635035 -734.6374986826401;951.7740501778632 -98.8571946631738;-111.64785233709824 978.6802437180811
1000,3,3,GNNLXSSA,1.4551915228366852e-11,43806.91796105671,1.3696374268,nan,1618,1662,9000,5590,100,0.0,1,-71.09994055128212 34.14641274365124;999.4467867920085 33.25838798152214;-895.0829652240717 -445.8996359784153
1000,3,4,GNNLXSSA,1.4551915228366852e-11,43806.91796105671,1.3696374268,nan,1608,1662,9000,5590,100,0.0,1,-601.911503809626 288.600999285337;115.53100333763173 993.3038745861207;100.79066151633559 -993.619297312099
1000,3,5,GNNLXSSA,1.4551915228366852e-11,43806.91796105671,1.3696374268,nan,1619,1662,9000,5590,100,0.0,1,-672.9944911710728 -739.6474936436874;954.8794992280474 -296.99350490203227;262.7148392528162 964.8735218858308
1000,3,6,GNNLXSSA,1.4551915228366852e-11,43806.91796105671,1.3696374268,nan,1621,1662,9000,5590,100,0.0,1,997.1944946518113 -74.85412370817423;-998.5273563967553 -54.25051637825384;188.94002015581475 -75.54985568755149
1000,3,7,GNNLXSSA,1.8462085212086095,43805.071752535514,1.3696374268,nan,1627,1662,9000,5590,100,0.0,1,986.8428360600153 161.682457047837;-621.4054778830149 -747.7939523022001;-939.4827026905073 342.5963387798238
1000,3,8,GNNLXSSA,1.4551915228366852e-11,43806.91796105671,1.3696374268,nan,1622,1662,9000,5590,100,0.0,1,-245.93750731790374 -969.2856867272187;-724.7843582946076 688.9757862011362;300.78394716853614 948.8152321574751
1000,3,9,GNNLXSSA,1.4551915228366852e-11,43806.91796105671,1.3696374268,nan,1625,1662,9000,5590,100,0.0,1,-862.2655558871891 -506.4564256977659;539.6201466363648 -841.9086039138382;-470.30652643561825 882.5031281485993
1000,3,10,GNNLXSSA,1.4551915228366852e-11,43806.91796105671,1.3696374268,nan,1629,1662,9000,5590,100,0.0,1,913.3754341888749 407.1183074000532;-793.5563634588176 -531.7323591409913;240.00742910254388 -815.9572502535427
1000,3,11,GNNLXSSA,1.4551915228366852e-11,43806.91796105671,1.3696374268,nan,1617,1662,9000,5590,100,0.0,1,-604.2485766257383 -478.72914910972;-202.17299895003538 962.2525533261428;615.858513022684 -482.841354531164
1000,3,12,GNNLXSSA,3.4881766190374037,43803.429784437685,1.3696374268,nan,1617,1662,9000,5590,100,0.0,1,-626.7361842030649 -779.231515924877;604.4913430103561 796.6117098220036;219.73389844477404 -770.2244607645271
1000,3,13,GNNLXSSA,1.4551915228366852e-11,43806.91796105671,1.3696374268,nan,1631,1662,9000,5590,100,0.0,1,256.08221168356994 -574.3854038564475;-52.709664413231515 495.8049307087632;-795.8228812919892 56.18217960959409
1000,3,14,GNNLXSSA,2.7953821465271176,43804.122578910195,1.3696374268,nan,1629,1662,9000,5590,100,0.0,1,868.8799495315352 -495.02192612073446;-610.9686185375347 -791.6441902877333;-62.63851545915203 998.0351738733581
1000,3,15,GNNLXSSA,1.4551915228366852e-11,43806.91796105671,1.3696374268,nan,1626,1662,9000,5590,100,0.0,1,824.6921900712568 301.7682161405241;568.1527961041083 -625.3886802539785;-648.6431777011538 -599.611505758247
1000,3,16,GNNLXSSA,3.487363183623529,43803.4305978731,1.3696374268,nan,1632,1662,9000,5590,100,0.0,1,-923.8755290275495 -382.69309748683145;923.8782943253252 382.6864215967529;-634.3624742348952 755.05735776554
1000,3,17,GNNLXSSA,1.4551915228366852e-11,43806.91796105671,1.3696374268,nan,1615,1662,9000,5590,100,0.0,1,-966.02738712196 -258.43971701408196;-280.93016179527035 959.7282137114044;970.1798486337483 -242.38618216597484
1000,3,18,GNNLXSSA,1.4551915228366852e-11,43806.91796105671,1.3696374268,nan,1625,1662,9000,5590,100,0.0,1,842.9608979921165 -537.9748362668316;498.64066380018414 866.8087957588523;-438.20175963471945 -898.8766421779106
1000,3,19,GNNLXSSA,1.4551915228366852e-11,43806.91796105671,1.3696374268,nan,1627,1662,9000,5590,100,0.0,1,974.2835185085336 -225.3255989953912;-691.6329893601575 -722.2491315527711;221.54014593451674 -975.1512517242198
1000,3,20,GNNLXSSA,3.49314545213565,43803.42481560459,1.3696374268,nan,1627,1662,9000,5590,100,0.0,1,915.6462446408817 -401.98501797336996;-944.822762387647 327.5819709235782;303.7015928547514 629.5831278807938
1000,3,21,GNNLXSSA,1.4551915228366852e-11,43806.91796105671,1.3696374268,nan,1620,1662,9000,5590,100,0.0,1,162.58824939251545 -889.5678467095555;-574.2056321580691 -126.33720257117018;185.92938265045422 643.3890024683864
1000,3,22,GNNLXSSA,1.4551915228366852e-11,43806.91796105671,1.3696374268,nan,1620,1662,9000,5590,100,0.0,1,-492.6764070599995 -336.62654912096326;250.81874914420126 394.19404708072966;524.3431496242451 -617.3707143669735
1000,3,23,GNNLXSSA,2.105745708657196,43804.812215348065,1.3696374268,nan,1628,1662,9000,5590,100,0.0,1,948.2995849056297 -317.37498385588304;-821.4828759431819 -570.2313056689264;628.7653113913555 777.5827529396367
1000,3,24,GNNLXSSA,1.805185071003507,43805.11277598572,1.3696374268,nan,1627,1662,9000,5590,100,0.0,1,-998.0783112756025 -61.96518830150977;942.3093891344346 -334.7432077714031;119.14700563815144 992.8766242829279
1000,3,25,GNNLXSSA,1.4551915228366852e-11,43806.91796105671,1.3696374268,nan,1625,1662,9000,5590,100,0.0,1,-999.1039224803004 42.324367502396655;517.465363706143 -800.7898456101625;273.86076192292666 70.01470035425307
1000,3,26,GNNLXSSA,1.7438692362775328,43805.174091820445,1.3696374268,nan,1617,1662,9000,5590,100,0.0,1,-415.4569319339696 -909.61285045233;-990.0983985730963 140.37507308275895;989.7396249092556 -142.88273123259557
1000,3,27,GNNLXSSA,1.4551915228366852e-11,43806.91796105671,1.3696374268,nan,1623,1662,9000,5590,100,0.0,1,998.7251643663727 50.47817410883429;-832.3725319911599 554.2165352879914;4.733372301023159 -999.9887975305822
1000,3,28,GNNLXSSA,1.4551915228366852e-11,43806.91796105671,1.3696374268,nan,1618,1662,9000,5590,100,0.0,1,-859.8203829672422 510.5966206645564;766.959274155322 489.2698010723989;-523.7346384813322 -764.9017513234005
1000,3,29,GNNLXSSA,1.4551915228366852e-11,43806.91796105671,1.3696374268,nan,1623,1662,9000,5590,100,0.0,1,-363.45579960094824 -881.6522337812019;516.8145461035529 764.3295420883289;-321.4469847095791 770.3546465357867
1000,3,30,GNNLXSSA,1.4551915228366852e-11,43806.91796105671,1.3696374268,nan,1621,1662,9000,5590,100,0.0,1,-494.4327429045919 -869.2158896061677;999.508454237441 31.350437124242728;-832.0100701826007 554.7605277187122
1000,2,1,GNNLXSSA,7.275957614183426e-12,29204.611974037805,0.8565377679333361,nan,1563,1598,9000,5590,100,0.0,1,-357.39597359992837 365.20811295599134;-373.24822002155435 -649.0129131177845
1000,2,2,GNNLXSSA,7.275957614183426e-12,29204.611974037805,0.8565377679333361,nan,1557,1598,9000,5590,100,0.0,1,-559.6687246845706 -453.12188557279063;64.3550399508071 672.0561975071395
1000,2,3,GNNLXSSA,7.275957614183426e-12,29204.611974037805,0.8565377679333361,nan,1565,1598,9000,5590,100,0.0,1,-447.98859353644525 -808.3788266487982;395.2813996190654 700.2543030314325
1000,2,4,GNNLXSSA,7.275957614183426e-12,29204.611974037805,0.8565377679333361,nan,1558,1598,9000,5590,100,0.0,1,34.59807284540857 376.1455148539992;-850.6717614116043 -128.52478278977168
1000,2,5,GNNLXSSA,7.275957614183426e-12,29204.611974037805,0.8565377679333361,nan,1552,1598,9000,5590,100,0.0,1,-176.95364430384896 -677.8620747313764;781.8606662056555 289.99204201240786
1000,2,6,GNNLXSSA,7.275957614183426e-12,29204.611974037805,0.8565377679333361,nan,1553,1598,9000,5590,100,0.0,1,-287.54572541050294 -546.6806551101249;494.5327322036819 789.8738615040138
1000,2,7,GNNLXSSA,7.275957614183426e-12,29204.611974037805,0.8565377679333361,nan,1551,1598,9000,5590,100,0.0,1,774.0193788817996 485.96020287060526;59.743499221720555 -741.5625929630446
1000,2,8,GNNLXSSA,7.275957614183426e-12,29204.611974037805,0.8565377679333361,nan,1555,1598,9000,5590,100,0.0,1,229.80842611973952 -525.4846558424429;781.7930008066835 393.90496272327323
1000,2,9,GNNLXSSA,7.275957614183426e-12,29204.611974037805,0.8565377679333361,nan,1562,1598,9000,5590,100,0.0,1,815.2203653516723 -180.83797100884618;-66.26944343286867 308.959921928955
1000,2,10,GNNLXSSA,7.275957614183426e-12,29204.611974037805,0.8565377679333361,nan,1558,1598,9000,5590,100,0.0,1,853.2278660329645 -66.9071179287108;-270.5984400508269 579.3904666738582
1000,2,11,GNNLXSSA,7.275957614183426e-12,29204.611974037805,0.8565377679333361,nan,1560,1598,9000,5590,100,0.0,1,-737.6950465559215 672.3945599460684;163.26467740009375 -197.5010204031141
1000,2,12,GNNLXSSA,7.275957614183426e-12,29204.611974037805,0.8565377679333361,nan,1553,1598,9000,5590,100,0.0,1,758.5100983272904 348.98835097247695;-595.7737530919485 682.615106229154
1000,2,13,GNNLXSSA,7.275957614183426e-12,29204.611974037805,0.8565377679333361,nan,1563,1598,9000,5590,100,0.0,1,800.6940833181152 153.4165635114836;-659.5090854920987 -659.5426491877088
1000,2,14,GNNLXSSA,7.275957614183426e-12,29204.611974037805,0.8565377679333361,nan,1554,1598,9000,5590,100,0.0,1,825.5919786807648 363.62269005956335;502.8098879103453 -826.769853618769
1000,2,15,GNNLXSSA,7.275957614183426e-12,29204.611974037805,0.8565377679333361,nan,1557,1598,9000,5590,100,0.0,1,816.4714622599017 196.8846385217675;-143.25817907800507 -74.86866531816148
1000,2,16,GNNLXSSA,7.275957614183426e-12,29204.611974037805,0.8565377679333361,nan,1551,1598,9000,5590,100,0.0,1,-162.13541259905634 604.5090384258402;-761.3512914145267 -2.40796052417289
1000,2,17,GNNLXSSA,7.275957614183426e-12,29204.611974037805,0.8565377679333361,nan,1545,1598,9000,5590,100,0.0,1,-604.6085294002376 725.129522723762;532.8330231031383 723.17132200371
1000,2,18,GNNLXSSA,7.275957614183426e-12,29204.611974037805,0.8565377679333361,nan,1561,1598,9000,5590,100,0.0,1,-326.9298180603144 -783.8969988438309;89.73858644378325 777.6439948463114
1000,2,19,GNNLXSSA,7.275957614183426e-12,29204.611974037805,0.8565377679333361,nan,1563,1598,9000,5590,100,0.0,1,27.262714190180326 204.21355783673508;481.5007368908896 -608.5917881728375
1000,2,20,GNNLXSSA,7.275957614183426e-12,29204.611974037805,0.8565377679333361,nan,1566,1598,9000,5590,100,0.0,1,361.6169633463433 850.2394421054785;-707.4223685611195 549.3470705203789
1000,2,21,GNNLXSSA,7.275957614183426e-12,29204.611974037805,0.8565377679333361,nan,1561,1598,9000,5590,100,0.0,1,147.35450714064712 -984.7717553862957;180.9155216630294 876.3869405266285
1000,2,22,GNNLXSSA,7.275957614183426e-12,29204.611974037805,0.8565377679333361,nan,1563,1598,9000,5590,100,0.0,1,-661.3142641108582 -351.0448520177577;-105.46656392586611 -903.1328082308285
1000,2,23,GNNLXSSA,7.275957614183426e-12,29204.611974037805,0.8565377679333361,nan,1560,1598,9000,5590,100,0.0,1,-777.9832437038657 -241.03816347941182;-537.5570434371405 722.2382415409235
1000,2,24,GNNLXSSA,7.275957614183426e-12,29204.611974037805,0.8565377679333361,nan,1555,1598,9000,5590,100,0.0,1,-467.4073446912973 -275.61083066139327;495.479170111053 662.5080123844878
1000,2,25,GNNLXSSA,7.275957614183426e-12,29204.611974037805,0.8565377679333361,nan,1561,1598,9000,5590,100,0.0,1,512.7336899449389 825.1333719412935;-190.38353173958484 -384.4838449668259
1000,2,26,GNNLXSSA,7.275957614183426e-12,29204.611974037805,0.8565377679333361,nan,1562,1598,9000,5590,100,0.0,1,-657.3418471328713 241.4201163212428;633.2863926652361 617.2914003762651
1000,2,27,GNNLXSSA,7.275957614183426e-12,29204.611974037805,0.8565377679333361,nan,1555,1598,9000,5590,100,0.0,1,-932.4967243604913 -267.6280083232228;435.5534633713448 -287.59143402027433
1000,2,28,GNNLXSSA,7.275957614183426e-12,29204.611974037805,0.8565377679333361,nan,1560,1598,9000,5590,100,0.0,1,524.8469048033014 -102.52063343373435;-749.3313332777142 596.1820178019922
1000,2,29,GNNLXSSA,7.275957614183426e-12,29204.611974037805,0.8565377679333361,nan,1558,1598,9000,5590,100,0.0,1,722.5450822974506 433.1325505232001;-421.80133089535803 725.100253913647
1000,2,30,GNNLXSSA,7.275957614183426e-12,29204.611974037805,0.8565377679333361,nan,1564,1598,9000,5590,100,0.0,1,255.09268412513438 -707.0300405654926;583.544343118274 637.0009879731397
