Radius,Turbines,Seed,Algorithm,WakeLoss,EnergyProduction,Runtime,RuntimeSingleRun,Evaluations,ObjectiveCalls,SurrogateInferences,SurrogateTrainPasses,Iterations,GateAdmissionRate,Dataset,Coordinates
1000,18,1,BBO,4352.756533910637,258488.7512324297,5.902583513633333,nan,3030,3030,0,0,100,0.0,1,-500.0054276326844 -204.5034625911784;-719.3532330734697 593.8650055548273;593.462260545411 -725.9092463124755;-431.3040086391968 790.8714305630212;455.84429685375676 -280.5675456277876;-275.12932089994297 -554.9315357501932;-609.2601048514252 -524.3243678967165;359.5138517206108 696.7830306961753;44.92353401076707 972.0941047047363;669.8111778003247 711.2693547849531;-949.5258998183947 -266.91154916015876;-264.75201462654206 365.4120085465188;111.15522724109246 -387.2503709962465;-92.37214371916423 -40.10441918310926;-100.43416560353126 -951.0827109102142;808.0901316452137 251.20067230421978;760.156957759179 -387.67748194258013;299.19687333366915 54.888878684550036
1000,18,2,BBO,7334.59438462276,255506.91338171758,5.902583513633333,nan,3030,3030,0,0,100,0.0,1,648.8751103670108 732.9381585101628;302.1187396869643 -325.5028514148654;831.1953223527128 -547.8004581259153;-835.2149501645139 201.50301602697868;-856.2472806822088 -353.21607347003714;475.9194268922197 137.31253458538868;106.60614892668264 -779.5513101625597;618.2406377827567 -171.7258193765565;-567.79410153135 24.740050988636767;-39.31380161021548 962.4717050421384;912.8681120905712 372.5645739782899;-370.0436989251183 -679.0290713536601;273.3013745651099 673.8147507363578;-118.26767954826448 -411.3521068134319;-259.638728794694 323.271106810161;-147.45788149013595 -72.45343839531745;-661.6234062816177 518.217511948189;-396.42569860462527 708.3595117478769
1000,18,3,BBO,4645.675240036362,258195.83252630397,5.902583513633333,nan,3030,3030,0,0,100,0.0,1,137.9296134493327 24.07270809442116;-485.3030258807902 592.4670909634083;539.4305777408345 -442.5124470874673;-827.227648079508 403.83575295732135;-49.48012716948335 552.771564184156;818.3031499416659 -190.80290980170344;-58.043170695790195 -945.9544348706024;-931.0427835905173 94.76480492294104;-629.2860450505038 16.140444643309593;-526.4082652485571 -847.9335894283611;582.5732869472231 599.4159424152617;-361.9620390714282 929.2574105197457;381.4531558627705 900.1496377603123;397.0193030205867 204.04984643315743;389.24617122505515 -719.9424743775589;953.1894875029072 156.2990778455287;-373.23405889864716 -391.97908977262387;-204.05802199479854 -650.2897237659158
1000,18,4,BBO,4799.042380188388,258042.46538615195,5.902583513633333,nan,3030,3030,0,0,100,0.0,1,602.521462216401 -769.6995096219844;287.73527555871306 -951.5026750877629;-827.1543195030972 -387.7617661608283;59.063431247606786 815.2305461447584;-22.504169168930275 -616.9204332366985;-401.2023455319347 -479.14937081775815;-250.22790111044708 -962.9245890771363;-84.71516609591117 506.5456790292226;-577.3566012354963 -747.2736635701682;300.4394952419111 469.47020734046146;-372.31339203322716 826.9064794025157;383.73621195376813 -287.11762418643195;-952.924587681337 -20.34568459826528;-761.2798710618869 465.6974207324897;721.5025648160672 -47.58592270263034;850.8426431562796 -388.546692854836;35.90973439907589 155.91761458047995;518.7320886569789 763.8387254909092
1000,18,5,BBO,7785.215195085737,255056.2925712546,5.902583513633333,nan,3030,3030,0,0,100,0.0,1,173.3753856826538 859.4284870894408;-451.8139659992197 -223.89752891453065;472.7080806429592 -266.8541114802106;562.8927104904474 -761.5390691113844;-421.49020488554174 460.8786150848191;-692.343052426647 261.6659384280522;769.4235697249576 -430.6246787416594;-75.97515327434269 -927.4716107961052;647.5489581469371 73.66450399570658;395.70535190081023 641.4908415337711;-166.9330713620294 911.3129719558804;6.979957539184852 387.6558703103806;255.16247694841832 -958.4596989697732;-367.58034848070827 -711.8438915129315;-757.6948242445995 -349.09525760108545;785.0707805012285 485.41896027198686;-250.70107882758964 78.9928511920316;172.07049424594015 -188.39211730283284
1000,18,6,BBO,6316.220780684351,256525.28698565598,5.902583513633333,nan,3030,3030,0,0,100,0.0,1,-198.82275315281333 -523.9543580105088;-1.7127339907359556 -905.328116712343;294.04496342638686 -672.8126814192706;-68.10553999196429 -134.61191642275128;763.6290031193446 -600.8886571807126;313.07618284166574 16.945751022514855;940.2279211446682 -115.09155440007726;826.1235422102282 188.76582201081965;-529.5923727378215 -720.4243068907914;86.65743987623932 844.6214543102001;-429.4659969901488 -156.85368710282717;404.4693538873662 557.937482581716;401.95281111184477 -363.4724399050009;-383.39724353124075 731.4105248679746;24.484960584499277 187.36943775659392;-612.996338954051 442.38629211846956;-922.0758132982799 188.07723056052237;-760.3909005547333 -162.61972502207243
1000,18,7,BBO,5523.880738467618,257317.62702787272,5.902583513633333,nan,3030,3030,0,0,100,0.0,1,-357.1419940555869 -255.4818474468699;-906.7819531077891 277.79926038008307;551.6166876434786 -812.8436146474827;-453.0748894677407 -819.8429022497185;-577.8019030230612 357.49666246894367;818.7552967163297 -312.650085504452;-684.8600893882497 -567.4150382729963;253.41594441434495 574.4594322982161;-70.51714072626635 965.141436267505;-149.62021603016854 406.2287680349307;216.94042237033136 -170.69574412734312;532.1568340583062 341.9314729783034;-434.34817868550306 796.0891503336775;883.1089787709375 392.1777095022826;131.32395576272393 -891.4066016553011;-191.9466075025083 25.7813586131208;719.3399088164274 677.0869219557042;-948.0206926671149 -278.7493743101887
1000,18,8,BBO,5862.249816419528,256979.2579499208,5.902583513633333,nan,3030,3030,0,0,100,0.0,1,-133.0579858478527 497.3486076060692;957.8674220580633 217.55913736311595;-824.7496811657478 279.73856437491963;-584.0067411816012 537.2650340153609;-298.1935159578526 -950.6099232265997;278.95614286899786 -412.34204491878756;388.9999085318291 -850.3980020138526;930.700975103417 -348.24397797079735;580.0378846582121 747.4994864867024;806.971854666629 531.7028520363683;97.30821227121282 958.5207532858076;-2.497538139783387 -183.88990583713837;718.5356575295968 -679.0849118649983;-511.68362168453154 -633.2025472466258;86.7068649123812 -929.3600336689365;273.96666751961357 634.8179179173908;-958.0760308373513 -6.523899750723331;-302.65096345261577 5.787696039142702
1000,18,9,BBO,5862.880947052443,256978.6268192879,5.902583513633333,nan,3030,3030,0,0,100,0.0,1,185.48294555363418 -628.6591661977245;480.5333856631978 435.65890059623325;59.9365680003807 -340.3645427232434;-619.1659893042863 -306.3690350955393;309.07429206676625 -934.2605889834421;-765.2079202580442 -616.8330433430924;-967.9243123071312 -150.89983266138552;345.96350227984453 897.5522684426439;805.7748528211084 408.7584920000545;179.9727408526321 520.4958323090884;433.38423693484947 -310.37605996192406;-926.7091186474752 319.62169352922524;748.9191869604733 -64.00202135588495;-464.22574371813766 806.2325080835642;714.8094327910585 -445.5600957410535;-55.32679400827806 877.7359586780906;-38.65590092747584 -985.4782408891327;-319.7844309704128 -606.2214593219719
1000,18,10,BBO,5549.638914649928,257291.8688516904,5.902583513633333,nan,3030,3030,0,0,100,0.0,1,559.0312734509866 -794.6119001467436;710.2870257183527 50.17380156866011;937.4885606619587 -284.5970062413186;-189.89245575511404 -135.82034315451483;-985.1672754628252 67.69480197306802;-366.19499878077045 -798.7692829643267;98.58619758728969 896.8688180728113;-703.8818087055909 -567.1354921349756;395.59402590565855 227.65328024503856;682.680482608404 -505.04300266101245;255.8685919416871 -211.6137377388951;-620.2324645981738 733.577180924;269.7951364976934 -953.5886122548658;-2.060236538948857 285.85059039495854;-26.751805598665555 -473.03561052364535;567.5817659941481 528.6806358254876;-192.81039532489228 620.4288507917381;-554.6094884234353 -237.0398453335614
1000,18,11,BBO,7707.892381174228,255133.6153851661,5.902583513633333,nan,3030,3030,0,0,100,0.0,1,191.31108949132454 -907.2027249094996;-789.5900501421968 -590.46048098944;354.9570315154442 -109.45102339680398;-528.8464688007595 708.1973933650615;38.457999082678725 306.01276316310464;-18.42569599765386 -225.7640000641419;-292.7962515015679 -839.2951918593715;-286.92148275395016 23.367447456270156;580.7331879838205 138.08030556139488;945.1887779914266 -38.088771639666106;-827.3903845063851 494.5837759090307;602.6362791171173 633.0720470513313;786.2824569075078 -576.6533777618541;620.8365289216849 -281.6219972320042;-564.9386474619178 -109.91206149100208;871.8285602302715 370.09711969113005;-180.5836747753051 889.9426727608634;419.74254638537536 -654.3084824134742
1000,18,12,BBO,5402.945318016951,257438.56244832338,5.902583513633333,nan,3030,3030,0,0,100,0.0,1,-105.5704746629118 24.67537583293415;-899.7624198718934 -348.4996254561552;-386.9640008556165 -850.6783346048466;-612.6755681551261 707.5650516445212;-9.878284152731226 -972.9686775195543;-351.77840631615845 265.59368897952845;54.743891594980596 381.52816286498296;471.06280087629557 -454.32035427531935;657.8217291108917 -733.6575479508253;753.0065771326224 -278.53363644947035;-669.9500474914519 72.14127329887037;365.3352817460104 -881.0347256730615;-88.60903022444575 827.6765078821206;953.7951595295547 146.08684399079993;409.38438055118013 693.033071251825;-730.7485310431402 -667.250110308632;-874.8001527154432 457.9072650629287;265.54539520919934 -155.47206750667965
1000,18,13,BBO,5213.102999049996,257628.40476729034,5.902583513633333,nan,3030,3030,0,0,100,0.0,1,747.666379379503 -362.5053283798378;539.7466016509209 350.0806926691132;-154.72869886722185 -921.5719738088551;578.2737473593336 766.4193406305187;-39.38419395483493 -20.390449873735065;636.8720235868477 -676.6488374195823;-163.33087857991814 300.33149760144215;359.42043330137017 63.390689513641064;827.788616167107 50.262352673927126;-727.0998379648408 -577.6929047921262;-508.1301658764499 210.98556010942707;-796.0168909324518 411.1933201804684;-925.8195833550791 41.12207372538478;196.27467509928397 -487.30565224066186;-633.3332043566649 -159.31595964160533;-443.2176206523975 -724.4741041576665;-477.36629725884836 741.8585314700535;54.268659362861854 895.353976990303
1000,18,14,BBO,3386.396376148303,259455.11139019203,5.902583513633333,nan,3030,3030,0,0,100,0.0,1,-679.7661715998256 -432.0169301397168;319.8091349823469 130.71825349209507;488.4199918476829 687.9578660400082;828.2851057829901 -396.7451234239945;949.4252735635973 272.10512434138263;-675.7408104587737 504.8961405824689;661.1969675665805 -696.1735486587812;-909.8600641094163 -7.705362867380472;-212.37870803824796 -605.5108691271648;17.73769216127289 -878.4986845272808;817.2482741765343 570.6792325261472;-497.8692506440998 188.80297648839382;42.70156082678136 998.5019394283804;-217.90565246576637 395.3292413389961;72.60941582214605 -231.72837633437985;436.80055038368687 -213.468717766969;-383.88214144863866 739.0935052094351;-377.4933690723801 -135.33001245294577
1000,18,15,BBO,3.44066528434124e+20,254915.04976786085,5.902583513633333,nan,3030,3030,0,0,100,0.0,1,-533.5535016012905 253.9728570766281;676.3147399591353 -679.0422529956024;935.4228534708959 98.43315736478598;290.84112281997113 898.239083982512;913.6615941483669 -313.4950604803155;132.8915242976443 186.18442441585557;-352.2229013134039 772.7905819203063;604.8055165930459 358.1289316659929;334.0517736818747 -109.63313356629214;13.88131558239354 -117.74646008806508;720.3888412351207 643.8841201442285;-151.64391207356528 -434.8915358658179;-406.92474932999767 -123.62381232417556;-976.7602962088373 34.69506377791549;677.2488315344485 -118.98586772445844;-776.9653751625691 -227.83228784110122;294.7254114730847 -600.67595076326;154.92943381551208 563.3289277519259
1000,18,16,BBO,6200.4858218081645,256641.02194453217,5.902583513633333,nan,3030,3030,0,0,100,0.0,1,30.917671653312937 -273.9928886733303;-307.86364323877774 -331.54168625027376;610.1585712292704 764.0253688007429;867.9888653673347 -491.3167438672781;-712.430559532713 -187.9093993694845;648.3643913608848 -729.238949656336;845.3683741534358 223.3548210333522;-349.4881168616495 437.1595540209721;-406.8102772695372 -893.3230263791661;193.5280960408145 927.5053318096507;104.26080442197986 368.5477393320066;-704.6541908212128 588.7356927104825;404.18352927075716 534.2566495801543;-896.8429803090876 65.26909737995447;-176.55873346491524 73.08420450942458;344.38770343359624 -576.6180966655204;-210.13429031144028 910.4591810961178;-54.996078113361364 -960.2067560409592
1000,18,17,BBO,4291.290048771043,258550.2177175693,5.902583513633333,nan,3030,3030,0,0,100,0.0,1,-724.1715674828242 560.70123560264;-311.7594061768125 -908.5806256431024;106.10145873101101 -0.8956124249103823;-156.31570674147576 -559.9856561588003;683.764539570137 -579.7468399418544;568.1350810424678 702.446833887423;-318.76379655089386 915.6076946778999;-45.753250994506175 285.82081238390606;-605.9860807189414 229.68063359278426;965.8736741578675 -253.46203625306282;14.960670704358108 -990.205520244978;-696.5008692584981 -660.4645515219854;-452.3393797948671 -286.6190432992224;773.6616030054251 351.9791710344914;309.3924347400816 -785.6316704328385;492.64869337769005 104.38758600646338;-942.4812387755015 299.0571988088341;332.61738004602194 -222.62050736148956
1000,18,18,BBO,4614.1141065462725,258227.39365979406,5.902583513633333,nan,3030,3030,0,0,100,0.0,1,719.9655121445903 301.50046135796833;470.37264884849424 -401.0200632725997;986.9180928015219 -65.94359825175889;284.9724331981845 -61.47319172521941;504.85505500066074 759.272964261985;258.96948242777967 -641.9397132340812;-178.14378323087385 35.547517107602516;-106.33353975265902 -972.0756380588678;-86.09708769542567 973.090825268461;-931.854099179543 241.51963785610883;168.1009340467731 250.0424595192112;-433.43541912044543 -371.2128247586295;-127.44980748219814 575.3347879727114;-789.828504583244 564.1940490261518;-408.7019053785539 740.8810332808605;-602.168406064872 66.22936854318732;-317.367487294415 -723.6452250265199;684.9640602057682 -678.5271237170493
1000,18,19,BBO,5241.937233638455,257599.57053270188,5.902583513633333,nan,3030,3030,0,0,100,0.0,1,452.9214550904942 204.8099001936414;-413.2653618192312 418.881080018479;746.033059835418 -434.0694601332584;771.5561738159556 427.75844905397025;-126.69014964619964 883.8458750699397;-851.7838681877465 -492.76152296740696;547.4027831873177 -794.2254675920226;884.0158087145326 102.44111402513818;-689.2187147033393 575.8329083685142;-530.5400204078787 -831.5111359924931;38.36799627699497 -651.4807152527435;-724.7215183880988 -124.49701694253145;491.1341019915251 608.8766715444838;-985.6624421254359 116.99721780670552;-137.4610431620256 -257.7527021522769;205.58987915676494 852.0726647830534;306.40588792758786 -233.32190948863365;-266.1446399270246 107.7584727652195
1000,18,20,BBO,5488.022684057447,257353.4850822829,5.902583513633333,nan,3030,3030,0,0,100,0.0,1,948.1002907772788 -148.32590045577376;-381.6381298509157 918.6109368682066;204.92084999821304 -911.4559349307893;-392.63115372346454 -533.5751699026467;-122.56789528383786 634.2039031868694;-115.2438391602924 -193.93144781710373;-315.3270533510706 165.14692546839296;418.3853479297843 -255.6073333275657;-151.58268867855963 -910.9850048603889;-528.378086703488 -819.7915269926152;274.22803403128887 807.9438119329091;-717.5443916995584 -345.218529396842;50.67488764995437 238.52024185144523;714.2362746174822 -405.4307229394485;297.1064195298784 -597.6455971934308;655.9060796723907 709.0677143135124;-953.7303736580038 28.408685923317535;640.9134910283958 -708.2611245635533
1000,18,21,BBO,5637.646175630682,257203.86159070965,5.902583513633333,nan,3030,3030,0,0,100,0.0,1,814.7923306459102 -394.3661952772642;-805.3948949455707 -135.38236052726927;982.753075692302 112.17237290746607;-415.1953414467205 622.7724473870403;353.9861082718717 805.2808530314587;-424.0998872878167 -7.3682417118856165;632.7515693318046 -107.25800625273018;168.72425320500156 261.70567636025953;-587.9477930433391 293.9718293918663;0.1745153184293713 600.6675723443609;-514.5892561162202 -389.86480829316656;-774.0463100910913 571.7812125011526;-935.072945348358 172.73600106653475;-294.5008860038374 -635.4075611366736;331.58992131890636 -704.5616010225795;634.4610662553846 622.2743272714238;-82.79190034229896 -870.6224466101664;-50.787934424782634 -175.22748642328656
1000,18,22,BBO,5589.577065773949,257251.9307005664,5.902583513633333,nan,3030,3030,0,0,100,0.0,1,558.577827677813 -166.61499752370435;-847.0994318919492 -523.4062730611395;-694.440075305607 286.11775036519225;542.9378159425821 715.5769098617159;191.89350251556107 972.1648195163116;-342.2141541195241 2.5191544483635653;-433.4919090209945 -536.4052163714618;111.01664746527285 -44.31063115988354;-116.6039128581009 -446.8500801189555;-828.3359184705062 -94.877205548912;-76.98982603715399 242.69240748572975;-3.703852681141484 -748.3847986020162;782.3977611444552 -529.0231069394736;749.8293847977379 320.94252581580963;274.11945147764254 -317.74669558582457;414.89204538625086 -638.641894441058;421.6937885328723 205.1182713909045;922.3382755979762 -78.8564685662327
1000,18,23,BBO,5597.842826709675,257243.66493963066,5.902583513633333,nan,3030,3030,0,0,100,0.0,1,856.2191716115731 490.5525961558319;-470.3926872193232 -811.6608743327398;602.5357295032054 154.1571723322786;107.14511463856934 -914.8744858629409;-653.9533268220971 363.44301547552095;518.42643534734 -544.7285968112527;218.70398690580578 238.65503295907843;-279.3030609794487 -436.0645336912437;-703.6751894199415 -290.19949610199956;-395.70803176961294 -76.40176829801896;265.79453310025974 -355.6876201082764;389.82325103769153 581.9964869466328;-166.55623361503785 513.5586893544071;-19.37988956643744 876.2177810733442;-29.16665163985499 -632.2205909024865;808.5885566430743 -337.6169883403554;-465.5181042955428 648.3986204079338;-949.044863355406 234.13478187428336
1000,18,24,BBO,5133.154628819699,257708.35313752064,5.902583513633333,nan,3030,3030,0,0,100,0.0,1,559.0110577536962 -139.1733570371889;359.00818608304417 -694.2004084671873;34.83819071530911 -431.2406481287177;346.3794535426132 206.47959069233025;-309.3362983007346 -1.854824802976168;674.823147865586 -426.2395083019752;-922.607190908687 -112.71111494086904;76.77881839948896 938.5441049076155;-606.1124218651184 594.0655388416103;-74.56847518300845 616.2152719725755;-308.85581810723806 917.7423913817286;-233.2346583543623 -765.1167596459811;404.82120092242826 723.5736101004238;736.9791410473993 649.3390973798482;-735.6642969682266 266.2195084109244;952.4878244831252 112.37207745867227;-685.1894708700268 -671.04798975722;25.56373710089838 -959.3458701980267
1000,18,25,BBO,6576.167605743452,256265.34016059688,5.902583513633333,nan,3030,3030,0,0,100,0.0,1,-224.9502073790684 903.0873162349035;-568.7149422199738 604.9526993683598;623.4193003897642 -506.31653039449634;322.0749307444769 -10.176355104416302;-952.1393992551145 67.55242413313113;-662.3409390177957 -638.0384600564453;555.6530276003671 502.7058897003892;288.5028147393034 887.3684566254594;226.43391460335147 -566.6496440010867;-273.44861812045224 -839.1177797383307;-672.5133454164664 261.5004766644033;-850.1788732241946 -327.29841871822657;166.53883480598938 -872.597571344962;-26.11051230219698 -300.5381882767151;-491.2981407472303 -282.1806543365475;-310.0170670104385 386.7503629793043;-11.581745452346809 658.56116432254;992.6986221057998 69.51325648990223
1000,18,26,BBO,5096.265600445156,257745.24216589518,5.902583513633333,nan,3030,3030,0,0,100,0.0,1,211.49884912021184 610.5726799974532;-239.4942987861 -509.17889889650803;-648.5284106175468 -217.18958931372674;-929.2074575854367 339.8516757460177;-428.0983605831883 -850.1298771914755;-23.120093391472096 -16.220890353671393;457.66285140915033 801.0755002845128;726.9541175502297 640.8480888170031;-179.4403439613011 518.140521908023;819.8245623867392 -418.99792593360723;-797.4746928510746 53.955369872415986;-409.8452128281151 17.4705415553002;545.279005147595 -827.678895770021;536.6240378183923 227.9891659971354;993.1903328875171 47.553554614112954;238.438268156317 -672.8537382334288;-618.1719563315802 485.5760879152224;-701.2919127749067 -689.7973751902753
1000,18,27,BBO,5760.896660355997,257080.61110598434,5.902583513633333,nan,3030,3030,0,0,100,0.0,1,-70.02575083689953 -644.4225534690925;-713.7501817191715 281.7213224916088;-518.2719636314343 655.7512758792175;652.905364963422 -637.7390016188551;618.9672928575412 626.9797570882699;776.0355967145633 180.0705043123694;-549.3508655964554 -502.9043278032472;-356.1746503584311 84.49974121091554;256.0547233225741 758.9507440805332;-368.6419436642485 -856.0797707979848;-702.4055211841107 -37.18393424402416;220.44816095318333 -434.6166245188716;-51.8117778671143 838.6967698371616;496.5462555494164 -171.77420811394643;-204.6964058476368 -307.6399038789175;397.1324820241075 -882.307948823964;-900.567395967274 -275.1640654176224;910.5749424262249 -141.03081828211964
1000,18,28,BBO,4213.940120282961,258627.56764605737,5.902583513633333,nan,3030,3030,0,0,100,0.0,1,-326.96348269735574 403.41805507994695;-816.3651895747392 -305.6486188367604;-482.0029900782854 859.1948455427673;398.5765177130618 569.0800446766984;755.7276907647322 -431.4408080457557;-49.148079858486426 775.419815913018;151.37503414532944 246.2379854749472;-931.7920495334495 24.455430614003717;-558.68110502897 -529.8726075488707;477.65693899142707 -681.4997437307924;-68.39341418759034 -871.1327202838197;837.7019141258459 528.8220574925899;-65.16231854760463 -17.544940666178036;-755.3871508156296 432.51097524253146;506.75561585739615 255.2027823950857;244.5201943550128 913.8733115216928;-436.28901990772226 -845.4560362669276;109.6921336236253 -351.508024144666
1000,18,29,BBO,8750.88784514286,254090.61992119747,5.902583513633333,nan,3030,3030,0,0,100,0.0,1,-17.41599861562065 -217.9729536129811;298.11917780327235 555.5393457702835;461.5392160640358 -484.383738802959;964.1525827448309 -153.90448848705512;-688.1441409469048 -451.1266599835018;-443.25331793113287 78.79255068443058;-320.6681679401206 -380.3390365620314;-211.85851987092747 491.9340867263395;196.6278557480955 29.960381510964908;836.2457076080966 -480.6368149270968;-852.9462400089972 -20.70407458376701;-732.8716781953976 655.9689264374858;497.66225222805315 -149.1787687243824;401.89361280472826 -835.0922953452214;-322.1516390170216 789.4712848117747;-222.2027321920874 -775.6005618379895;527.0498703204139 275.1285257675272;80.05136183574109 -917.0934253445475
1000,18,30,BBO,4737.931683794537,258103.5760825458,5.902583513633333,nan,3030,3030,0,0,100,0.0,1,227.34493270687517 898.237853485926;206.73498688278846 190.90045100809607;-444.42630064934497 276.1275017124144;-101.1333417151443 -897.7214145830186;-300.64491484170026 802.3509825213082;-309.30098278493824 -94.55505825104797;498.6052412764577 -856.3347430861803;940.1618278834301 -293.2731127143194;797.3724265408698 65.7389967593515;716.6841606670523 -602.9662193709928;-726.7131016941402 648.1893262165243;173.05329111581727 -251.97790723615367;576.0158849073384 -268.12063564467144;-953.0528394297581 -253.71997258448812;-537.0543935175049 -565.1780551374188;-795.0187500856381 283.6384898734202;-107.93071432860859 273.36256284358933;64.4294775351816 587.0748099595546
1000,18,1,GWO,14365.79806550892,248475.70970083142,5.9001392632,nan,3030,3030,0,0,100,0.0,1,12.631595241449574 201.58906355348321;756.134113768482 355.38172512316396;-696.6261685994294 -511.88593628406744;406.91753252663665 -121.56092144066605;-232.44070947974288 -342.6258661991596;377.447511307016 -462.38187815904826;-341.3077623671966 -13.943084108565467;-964.9054377245108 -3.4893677324564436;0.8167024522843928 965.4192800161424;483.387392322496 851.5860645357965;-3.591284007058021 577.0519154933221;389.40092005569386 210.38606831793308;-2.190119955877741 -923.035279740517;899.3758819642156 -61.373602719968346;322.9610665793744 533.8775848074512;76.18658368063463 -549.2981104758593;0.6164244191530285 -120.95123543757886;-630.7342765414388 117.71047686674075
1000,18,2,GWO,15104.54635670199,247736.96140963834,5.9001392632,nan,3030,3030,0,0,100,0.0,1,350.766507531752 803.6797097292465;-546.6966713963151 227.3603710815016;962.0786133480782 91.86205087838987;47.09977968280492 -321.5787484926207;15.072962890404057 311.6706573432685;348.6595468342871 -858.4643814534278;-1.5356924576777697 -693.4198952593174;-389.7732227709101 -112.77738221650702;314.8136009212757 44.534175812666284;1.4274043418289797 650.9929317399038;833.9291485543041 -327.0505679007287;288.0878111897733 -528.4669826126227;-316.48040750119054 -780.7846017348844;-3.027737748518265 0.8666138742174917;-279.46543648771944 -405.8081543852295;-869.57040102869 -74.11123365470392;45.82758252361606 996.3984443345781;635.1053519926694 -34.72979196328555
1000,18,3,GWO,9346.089605599525,253495.4181607408,5.9001392632,nan,3030,3030,0,0,100,0.0,1,-458.76663108952874 18.935475592963314;298.8041609451886 794.3082470568547;14.912611752884773 -343.12175509572944;270.84166735029066 -3.648971857556878;-711.9258752183952 239.51601486617312;355.4066769378331 327.7802300384599;-407.6565262243239 612.5090620877522;462.29586780673145 -413.89512716546164;597.5369459805169 -56.70478599686148;-990.9862390666341 7.259190883100877;-88.10293602848098 -41.94914980046912;-3.1043220469643362 987.1338063801223;853.0851154377918 -305.56743255253576;-17.48857754739382 277.3940753258065;-728.4273179706242 -183.93946297376365;970.7185985093896 1.240915479740391;2.036589228741993 623.4276813680405;314.1988724067542 -733.4681893551045
1000,18,4,GWO,9939.033171654475,252902.47459468586,5.9001392632,nan,3030,3030,0,0,100,0.0,1,383.7440745551919 530.2937313309361;888.3647791817194 -26.827774547590213;-305.7298566451648 -866.3655962901361;300.0271260423489 -593.777603288644;-26.824634702522953 -593.5074109892336;322.1698661268459 24.663435789416166;0.8686992533384768 -946.2981511507013;-651.0432749619828 -43.382604415666;644.7493865294949 239.705537385373;-340.51203375345034 7.283007161529457;-377.6766386477328 403.5234064895173;100.22472184223562 -299.1695872488211;-977.5623274003302 17.128091207016787;14.281894842342915 864.528598661157;-7.840620816889143 314.70244070922337;-221.54930923960993 -303.69404683851815;825.1554006946766 -418.71971150312106;-5.424585378242338 0.8430976449944861
1000,18,5,GWO,13461.498457392765,249380.00930894757,5.9001392632,nan,3030,3030,0,0,100,0.0,1,-26.932678105886335 441.2338140422533;275.8878229217407 1.5361212041765577;-477.0832345460015 -684.0600874537771;761.7137620784439 408.06854802694653;352.92649444356636 -368.42513655683405;-445.6021712667423 -273.73193275079933;600.6325185809496 87.8288955675283;316.6774591664307 398.29206389261185;325.9006860962922 -828.8704374148705;987.9415651217346 7.472008730931665;206.78997993159453 961.1078713629131;0.32154720179935287 -854.9853239113792;-445.62142301615586 663.8856917560503;-107.30079174516119 852.342268426747;-899.9356642143504 -54.838576042317946;-34.43404761157689 73.46771160525272;19.72617162234617 -256.371996573897;-354.8004926866441 47.9090949761007
1000,18,6,GWO,11570.760698068654,251270.74706827168,5.9001392632,nan,3030,3030,0,0,100,0.0,1,546.7245960124827 299.0603285786558;270.3786092141281 -685.149057259061;-419.8946835469248 -294.69414203437856;2.7269531409591004 -997.2049799046721;-856.109104514472 363.44701909815745;383.15191195703466 0.1818938827205198;-386.9566527825379 -660.6640353286842;-362.16767245287343 562.9591155023677;-0.07726185046642096 -331.49935602031417;774.5602654554468 -61.51770499888203;-67.05777541730193 782.7205404638139;730.5421345860565 -633.0809194704999;15.4287494246284 -7.1835340208770075;-313.82834429537564 4.266914207332224;-987.5692318406622 1.0720041006322736;-65.10126834197088 -639.9221562037368;-661.2862897157139 -6.753142531781124;321.3495744613792 -354.77776986447924
1000,18,7,GWO,14964.381020098022,247877.1267462423,5.9001392632,nan,3030,3030,0,0,100,0.0,1,-2.3208663356839128 563.6457351761884;415.00010627751607 -323.2885782608034;823.5582886416483 -470.1213278950349;59.07431441391622 254.66878565710704;-306.39804400854285 147.93937321419878;-895.3067347184369 82.91467218346014;-586.0883483830772 -28.80160942939288;697.6218082113254 -4.713332915996311;102.52361122509448 -315.4022896708403;-58.51389563278075 932.1600714632792;-700.1889605333284 533.563654376402;-44.35439400902948 -38.270142317109986;-2.7158094841625746 -624.0935237772113;57.67986172947821 -978.2679494078583;-370.63859186735164 -300.4359088342772;329.75701493628577 6.72702609845241;679.8086626231812 381.2433957601091;-296.5913482840131 681.500130208976
1000,18,8,GWO,6821.747397717525,256019.7603686228,5.9001392632,nan,3030,3030,0,0,100,0.0,1,-7.019147595818751 -661.8465483283245;616.8820373036988 671.7513685003797;810.1433682604364 9.777889720116137;-716.2442001156395 319.23279918110103;-833.6222607842491 -323.9978989292301;410.52961357741015 8.628026921105205;-303.0281822850168 -822.5370619281306;273.66488335150126 707.1292590594825;440.6779260394723 408.40611522215227;-306.32119498749336 2.1401099040765494;1.484958275095356 909.6335570081386;260.3236047625717 -382.2399438705069;-455.5113889792232 751.1500051184274;68.06433911452332 333.93637843760285;4.538090189101998 -7.616985397357705;-623.4416847250744 -89.65672623485722;-148.42967416486405 -313.40612911967014;-987.6825125901723 0.7273934529308997
1000,18,9,GWO,1.4691923390616243e+24,242257.4201570675,5.9001392632,nan,3030,3030,0,0,100,0.0,1,51.2948318899729 254.75563915522875;5.4483997815308465 999.1599013915039;564.589354366415 -749.5278796037347;-276.8304599494372 4.37581437794676;6.993065968930971 -376.44169125054515;-19.807847697987913 -935.43856155744;980.999493111752 -11.415489651829681;659.3281771908164 -43.48229719070161;-959.2833937223304 3.5309594594822027;-251.51326250996863 385.471554605434;374.2566232022027 42.420638104413776;20.08371385352164 2.738081442041827;-603.3450584040506 -36.393320611982496;250.98530270479395 -204.23000167320563;243.60419157126114 -570.078249346559;57.19689319657971 506.39848372444516;43.16154518087007 749.5342024184955;489.59494443627517 374.2108530519477
1000,18,10,GWO,1.1780918139009889e+23,246769.07786411466,5.9001392632,nan,3030,3030,0,0,100,0.0,1,-307.33932485007944 341.1264730265298;402.79488887763 -264.20436788119645;-704.3864190558429 -153.51648409364512;-71.66364047224674 -713.8038186274371;-372.71524955886116 -39.07157070497362;222.38870980604517 -18.279557165987587;-8.981555805941541 220.25968557186522;-1.7753832018472835 970.6543621669089;519.8396093088973 580.027039694142;306.96028765667916 307.7620388398337;3.7716307595631284 600.5107292011159;-6.055591234184824 -999.1792619074222;-650.7450516653774 279.60573496048994;18.123500054554828 -445.19233902717906;-267.7059848378637 743.9347924738299;609.2773941570831 66.31409099558948;-106.94401495958739 -182.3753425634193;607.9222567705818 -586.5798595464272
1000,18,11,GWO,9556.441115500696,253285.06665083964,5.9001392632,nan,3030,3030,0,0,100,0.0,1,48.8110749463936 874.729464895082;974.4023119248886 -3.3738215281713604;-807.2644713471763 275.2331336351551;-3.629510505811563 -816.8233606780244;806.6077017438148 450.69294156293523;464.274089329579 -509.04156378614726;-297.80790072181213 934.0098318431874;-670.3174334031906 -16.699655050319905;517.7506468644091 327.2671762660991;490.3591003084478 -0.4226324209364918;-2.4460092592886156 1.5203929134849645;270.8284511973285 544.0396690440684;6.204966294989558 -446.8572947102679;749.4724004862954 -312.3171212397776;-342.92443538326944 27.26080117752922;5.868439320119208 334.2334653441371;-985.4442204519165 -82.07905085634737;239.59173043561316 -193.73552728794655
1000,18,12,GWO,7260.375500718044,255581.1322656223,5.9001392632,nan,3030,3030,0,0,100,0.0,1,322.2524613510245 36.20783966700086;502.3579300177207 -353.9996604992855;56.21405927710572 364.3324280365457;717.4921861112498 151.08212987401052;-10.748572767582749 -9.877074170567992;-585.7249278329841 -361.5335272169013;-398.5021577594721 760.721423011781;-628.7843375748457 216.42738796940435;-3.243214435981447 979.9064414124068;-29.052969397438584 -400.22030858960574;323.7902438601627 -691.9251036999175;233.62866293521827 736.1069685075585;-255.18666619914111 284.99942000250445;-777.1150024762716 -86.83349001481038;450.9345373657161 393.7400380487281;954.1664562939671 -62.190823778491215;-83.52317270160164 676.2470553035824;-395.1672531155455 -9.069910257312296
1000,18,13,GWO,19492.172808234987,243349.33495810535,5.9001392632,nan,3030,3030,0,0,100,0.0,1,6.681036979571286 661.5887376535505;669.7268989640264 40.23736276997764;2.144156437409746 -938.2097554060937;-305.04171754570933 4.801825285052207;-929.6713433538453 -321.9568454549227;-38.346198537048565 -301.93247876099014;-575.1826309448223 -539.6794434123466;3.85838757118624 351.9391754858604;-343.175557332526 -809.4457361512021;-930.4845159341679 1.5324169115200965;3.730166182265291 998.2090367433271;-638.6788927804389 -138.29532046333279;-313.63899095940445 312.98146256253244;327.4176689534825 10.100654671015198;645.1508992875678 -267.0936877102221;-405.11077278998664 620.3473589297414;1.695426147373544 41.2977066085815;-366.333076307289 -300.9785929562574
1000,18,14,GWO,10714.64535739916,252126.86240894118,5.9001392632,nan,3030,3030,0,0,100,0.0,1,232.54747926025266 -1.1621033539082948;322.55081637348115 829.5299669135375;31.964092130547993 297.46524625383216;-474.85590782722255 -5.481277513994786;-784.2002016365199 389.10227154133923;-938.1290019332781 -3.3207177324905572;1.840140777404106 -329.8045145063697;0.7861399590432926 664.9072646354157;6.970872711651833 -984.5493286616503;-0.40269886854921727 992.8345968592611;961.7671493842503 -207.81164209818903;514.6901253208947 267.59164108845954;-303.7272849942747 749.6598085369052;139.58941877696915 -663.4318191354678;556.2196412352831 -261.1027557431523;-219.40379342638076 -592.8601100543846;-91.88681671797428 -2.3639545728314886;812.4189644190374 96.6540528469343
1000,18,15,GWO,10434.404904768278,252407.10286157206,5.9001392632,nan,3030,3030,0,0,100,0.0,1,-390.1015881356022 -299.0415736370033;-361.1211537521256 124.36342780223742;246.24782628753155 -5.090020371597131;-781.2263686552172 -374.7410212791533;952.3164781850686 -2.6846063566191893;-13.170847351524422 618.0062190247205;-5.309998213106018 996.5588373806148;-936.7399529277885 21.61095883995442;12.990859210795058 277.358247093673;-590.2661048486408 394.588569083797;2.3544943738882957 -517.3332913562707;-80.73084144857604 -82.27598987504531;452.86493774732753 -326.8313998792208;607.4150677847566 -16.73341274004984;781.1187416272678 493.04373639137293;319.4396664652394 710.8313803496981;418.16602150032014 304.1137901140276;-389.40277054608555 690.3745573512941
1000,18,16,GWO,13420.434443784208,249421.07332255613,5.9001392632,nan,3030,3030,0,0,100,0.0,1,8.820367110948647 -982.7767732160759;1.3469350513618832 -563.9202094961307;-21.155257237291206 -213.4527244376203;-16.433642734646707 99.82668459405788;-592.2256306725949 748.7946403010181;-69.01677657878825 424.8531758755723;279.7958411420729 -4.254791563865517;-20.433461831285673 967.9700831345926;635.7321614252415 0.12280901608058466;461.62295052438975 -457.08174449171605;-242.48885327197138 713.8724516291622;-387.5077893275431 340.24955663295026;-770.881562975423 377.390486857179;774.0358586713022 282.3972757066031;-970.9825682205519 -1.3361333920494778;-640.4664941174257 54.08668890124241;-325.5450758263666 3.0132737279830693;164.87544992065656 680.9638831692356
1000,18,17,GWO,1.2003235528977786e+23,241716.85315981368,5.9001392632,nan,3030,3030,0,0,100,0.0,1,503.784002166721 -490.46435950711157;303.19279617251806 140.1094204466049;-368.3187922636196 291.6010333375564;-217.72383861140938 -875.9504806303635;608.1971745992008 33.75917542560988;-22.772086036165135 -160.65643066716507;271.27077854240036 -267.38599293732;806.789775951081 462.92062615423794;7.874105607676178 -500.0413646284089;-0.9251492141312315 133.69554597522742;-33.86810744587624 426.64514551466647;-314.1878323113133 -31.458305170858;-755.8737672682302 -24.673030547801904;4.7443841117413195 999.8101867043056;-282.5703359021964 -340.81501174832806;-1.700555103403411 714.2870852892988;992.1745556159703 0.3062448639058967;153.46447507193014 -882.3605695987495
1000,18,18,GWO,9.748629545156438e+21,247179.0558917159,5.9001392632,nan,3030,3030,0,0,100,0.0,1,-6.050851028434251 -464.57614957789974;313.2448787203778 -7.753627046554006;-305.2015637631354 -573.2582077894992;-376.5623913694986 9.137545676033193;680.5942625988167 491.5549712088876;-46.93357911924642 661.7187780219657;4.710293568979449 319.52208054161406;3.901786577631347 -38.3454314670012;142.4729936507606 -728.6552537758098;2.7557669104576363 -997.6802037733478;-322.73681139063416 874.1099847460964;469.30536019996043 -756.2411661258719;0.22000000225918184 986.6664433599138;547.5100150795752 -393.47074177112773;952.051697404319 34.52799616280428;-333.1495779891041 370.9492996240474;-873.1547356136294 297.6500568135398;-220.9475566513007 -251.7821231440637
1000,18,19,GWO,7.496607380000732e+23,247580.93519018983,5.9001392632,nan,3030,3030,0,0,100,0.0,1,-381.5055458027905 789.978373003286;-561.2575466560335 408.10287145854653;-493.3293955961414 -85.22483709460698;-729.6832747907732 37.286467106645034;6.492142077875166 75.64531144550357;-228.00636643614635 296.29979954162724;304.8477683506237 -21.511737274071464;774.3181642736058 -137.93619545543663;404.82519682861397 -621.8633845454028;319.10887034748407 578.4068736469299;176.11658587380543 -289.0079913562377;-1000.0 -2.74806394186896;5.804477415384746 -580.8334903462934;-243.76273910382722 4.328103628295984;79.64551910899439 385.7029257989855;-60.31935695936403 673.9365155620691;-6.946030112567326 990.5677468123267;-207.26156136098317 -353.79874503252034
1000,18,20,GWO,21681.18750180406,241160.32026453628,5.9001392632,nan,3030,3030,0,0,100,0.0,1,-610.0658161336579 1.9514975372790466;335.2655657710956 467.18979172222066;15.695456511930034 9.13404942992594;-352.48349568894565 331.11049428179416;-934.2287374519319 25.886448961844895;9.01796939236297 324.3683062082426;-0.8220784193245523 -327.55118493906184;28.270393240508042 635.6801564626525;-372.7651812911965 -328.40130658727327;-29.212636368340554 946.4991752677398;335.1733380025078 805.9269938617223;-293.6227966340371 21.4270351903382;-684.7245889649813 -504.38878606769754;590.9755630865391 242.10782698493426;335.2268889141421 45.42364590105284;13.520443158931082 -640.4809839033911;-0.4852083390349642 -976.0873659417251;659.0244384212469 -137.9193157816802
1000,18,21,GWO,5169.085953262838,257672.4218130775,5.9001392632,nan,3030,3030,0,0,100,0.0,1,126.75677348868494 -434.56232556040544;429.65148580079267 -30.080401362003197;-944.5908843606363 104.57174627793485;-567.898563452948 527.3767002215308;228.75292532733064 600.0995365222825;-337.1975348178901 -3.931817218955638;4.938553805297902 -993.924566829497;-201.72924420270365 -426.35909158640146;-557.633030185959 -734.3392519446364;625.3404107621627 -492.5054465164747;7.778502596270793 983.2348855828537;327.44599581047913 -733.9423424879951;647.374427373842 727.6373622509806;-333.36546463992363 870.7215666415867;868.2877445679366 204.0990374962755;-158.95327095139456 439.4066039878755;81.64869388575646 222.23760529073408;-0.08966537094762872 -91.50392243462375
1000,18,22,GWO,8619.111797103338,254222.395969237,5.9001392632,nan,3030,3030,0,0,100,0.0,1,879.8876371652451 -270.63338165053085;416.672888508021 -270.47500131585736;-0.16910216329293115 293.1010377632633;-718.2877358307364 -425.1319064746708;139.9231198792102 -610.5834467161426;284.09322391687925 860.9010313597363;-259.7566147424366 -312.8480319925314;-897.4638501183152 91.50781569026361;685.4194722512035 23.394592741510166;-364.6084848903184 647.2978696247927;907.8312541825585 340.2194427247731;-527.656282444132 165.80914295170157;-179.9932870454197 17.09716247749577;-291.1810804437141 -733.7283241121721;58.035026848197894 -213.13582639747747;278.65977345026937 49.80764344471816;-30.162125270663342 -986.529190821102;0.46474608307036197 716.4227168992087
1000,18,23,GWO,7414.946189385548,255426.5615769548,5.9001392632,nan,3030,3030,0,0,100,0.0,1,-527.5042114777613 -78.93361435758383;343.4911881057304 316.92175316438625;955.9170963403744 34.59275123575083;618.1910498314716 563.9158533847378;-0.646711898084213 507.50181531478114;-616.5143586251688 716.1026749736762;592.9825671491054 -18.0442234888515;6.668758684584277 -587.1779742410071;-932.1356623529447 -2.659817516721113;-338.3867646465651 -425.19251328283326;532.9855883843061 -383.2419416123823;-330.99571313209884 395.5885416060928;-183.46349579066984 26.845533994249568;6.379972610227518 -975.9379339336889;196.9818155456184 -17.575550598479822;-683.2100569778848 -468.1499710263094;189.1644320497177 850.9977977430449;-19.10749075725281 -251.64428051809242
1000,18,24,GWO,6359.289113761042,256482.2186525793,5.9001392632,nan,3030,3030,0,0,100,0.0,1,478.2987191179127 -722.1944152755846;-13.065307168017725 -466.297069617903;1.1576031449251178 -980.5512011836475;-46.138925585065635 259.0156444400789;-755.3483034375892 -445.7238455047156;111.20670258872921 -93.51280280408459;-980.8579153883003 -0.8355554789697209;-12.116198069420355 884.7323180303009;-396.26209413320015 734.9954589341083;-264.70851833891146 -76.10051244651629;-808.7401977310311 282.67007382535235;848.0203894850059 -5.725728166110282;-345.47097960661114 -917.5739404002734;268.9937412390977 646.0778081972175;-619.373803020076 -0.9991407464038802;721.4182101339497 -370.2804546329376;506.1254955761885 -44.730567763827366;578.6754396686401 369.6837846152028
1000,18,25,GWO,16190.148853248189,246651.35891309215,5.9001392632,nan,3030,3030,0,0,100,0.0,1,810.764905825286 -303.4804230746151;-634.3306038325072 17.20566856327147;345.52717813894054 -498.7935266221348;11.241337853420147 980.2130317366203;-326.3125168719645 288.51338885835577;92.23973968057669 656.7098682912052;2.8773727580117683 -998.3142105880839;-319.7510630871901 -25.89960707685142;1.598621272890014 -661.6043791147214;26.43384857363534 -347.4387721046396;286.3010676188714 -131.07489190298583;-968.9801182873697 -2.0655254429191507;623.7336477612371 -24.530369940313467;-9.350031754983311 39.926122821989594;-794.2533885743175 312.1715688441466;-393.4852162089842 -364.5873268341922;361.5698496554725 186.0599168277142;9.855332444288722 354.80126609036074
1000,18,26,GWO,3.435545881722687e+23,238274.71684573632,5.9001392632,nan,3030,3030,0,0,100,0.0,1,-25.366286210708328 -716.4300384256927;-761.1106133545145 -393.1201652997831;36.27106181400009 -440.303302443055;-294.53835016906754 789.661998089016;908.310926735436 35.45417954820588;601.9979227332655 644.141928724185;-334.5216326396865 317.04364241950685;16.645629955975558 415.5086400610869;-5.175345385251852 999.7417253627426;-773.1111616019565 -25.352523562297637;12.086666029863332 120.64521744091071;306.9012504298812 34.88710634224817;3.9200447677003587 712.6060439201065;5.229793347098057 -997.8980605968259;-365.36880649622645 9.753919632774336;555.443356085511 -182.21650432570505;65.31582411393158 -170.21243040699042;609.0252215490989 167.94137885853596
1000,18,27,GWO,10689.181157782528,252152.3266085578,5.9001392632,nan,3030,3030,0,0,100,0.0,1,969.7310049462931 0.12542154004075576;11.046104286788372 96.37557603290708;-943.7341128446889 70.55667401662309;-107.3419548958462 -601.6341487179956;-277.2059397560576 -52.4055770594745;-44.38461575962245 -960.712939891872;-9.918337461320851 922.1586353586413;-731.8586872762804 446.8679783247824;-364.6238632357745 328.76560331828136;39.86162720757659 -282.8884402952;312.0129203177369 269.21212985315276;575.1718024110322 48.68448176443891;757.3694807325172 466.6126810347939;-330.2783409682438 742.9289183316174;-14.492341563368896 466.0495409449896;-731.6514034924311 -264.29212231034734;-565.2400250237802 -720.914442201197;-570.0324337341505 62.47880088290071
1000,18,28,GWO,14816.918436775653,248024.58932956468,5.9001392632,nan,3030,3030,0,0,100,0.0,1,-357.6931293463751 -235.7631951060391;0.7680385265458204 577.3035815136486;-337.484310234873 170.13604440957383;-3.4192232580662885 978.0849603450171;-0.5371620992520733 -114.43592041447005;308.3426542572483 -33.71032088132935;14.231011591079225 239.45879024945273;492.9519907094546 -411.1795450412235;271.5823737535555 794.7675525875617;986.2038228889043 3.219876243348956;416.09595743155955 322.2582882602198;-380.4897528021881 746.1849671805885;-5.262191904820539 -954.2100187917737;649.990008987984 97.92208111276682;-731.5767477621039 245.29823929182916;-672.0269418911595 -99.92465464506097;-986.4838382076181 -0.8901991433883881;5.565057478110759 -483.8296360994243
1000,18,29,GWO,14998.946418213163,247842.56134812717,5.9001392632,nan,3030,3030,0,0,100,0.0,1,329.44900298457804 -890.3827948456666;-373.58233720502705 -483.53173882411653;539.7750938358653 305.24484273569004;238.52766162645136 575.3232451565783;-601.4649363623192 305.9906241592943;1.84925376075985 -659.6296307042766;911.3901318903863 -294.13487586602923;-35.491534127550544 786.7665047528664;-828.7326388183941 -419.3787203565959;766.5566522822633 14.076555680850172;528.5089225021613 -263.4073145760347;5.905150249339449 -999.8173722016064;-18.915921935909005 6.79602459084833;-18.482096163443664 -330.36482044131;-429.61620984454095 -11.380000559015864;299.80038543044856 -493.9718888834479;326.3443253485302 -27.06729824733641;-19.05083106412738 347.5366248096602
1000,18,30,GWO,6939.8431263520615,255901.66463998827,5.9001392632,nan,3030,3030,0,0,100,0.0,1,-749.4526517264691 -407.5272992940407;-439.1667874354282 299.43846818363664;201.719076220411 -569.309045684332;-783.7535741282876 357.5340454463222;887.6504877552821 -0.29226307453650185;-964.9751114414594 0.27066517912152466;-604.3524671608676 -56.91639453200651;1.8186495341168258 -839.8736581394925;307.1668488120263 714.496290602386;557.804146356413 -109.72344513850025;-369.7003915912574 878.7343960872448;-138.0352783622983 -440.0763879912781;178.8225913429586 -68.4516413880006;699.1955439118028 -531.1121200876411;9.955625543542956 513.733015937007;-48.71108745566528 187.87884981431804;-9.179587203276615 996.6193767258577;-274.64869298358616 -42.16828676846941
1000,18,1,LXSSA,11966.271807008918,250875.23595933142,11.455694834433334,nan,6030,6030,0,0,100,0.0,1,-395.58585742860504 161.5628614379851;258.0904805192124 64.57174638714604;-69.2789605268913 310.1111117712413;-101.30460614262346 687.1410269890686;-739.6224116749665 -7.190442710935263;-300.9541807658519 -866.5142606859472;-581.7014532229707 -676.724831775868;233.70615763008962 -376.772058521129;683.4333477504154 23.910114654544888;-707.2969882976992 387.4950967323691;861.5686162977737 -363.81554582555145;-363.92548593315536 505.1573377592508;-396.4992535345916 897.6774691387925;614.2507728409181 415.53285521919054;-330.17680603586837 -362.60805463016436;501.45541680051105 -555.2266660866103;-706.5657083297081 -365.9400592103094;288.6764990122117 491.63578780319426
1000,18,2,LXSSA,7823.719255423086,255017.78851091725,11.455694834433334,nan,6030,6030,0,0,100,0.0,1,687.8941101515272 438.83099731280277;153.26213042442035 602.4822645904926;-297.1486596374242 163.13714733583745;200.16055608439905 -420.2812344810734;-597.9626784422193 -744.767488195288;-860.5112372179933 290.8973717491672;428.05758420012836 -170.46801980225467;135.95892842422893 -27.58825663621924;771.934668369413 -231.35919858567132;-637.1703832297693 512.5136124358685;-857.7030890771916 -511.8955459434849;-332.08772609552113 781.2570553664802;-270.5631955607035 -548.1650036767941;278.29016196615856 937.4347949187259;269.83376707981466 272.81045930033736;-88.47544065495173 398.33986266369953;-604.6845787328886 77.38029541281409;578.8632529958663 -646.9031679731813
1000,18,3,LXSSA,9474.078434907773,253367.42933143256,11.455694834433334,nan,6030,6030,0,0,100,0.0,1,-844.9340475022701 474.7995105062016;275.4142898496574 -120.46657867758624;-683.6961908532796 -327.4058812593509;380.0540348702449 773.6933518260851;342.90749825233985 -922.1444528179177;-459.30802433678605 -757.8326179949751;-123.08809786000238 -752.5533364387876;214.52948206690726 236.91091687149705;57.0155619145963 550.6665667841888;512.9405704008352 485.176520895087;901.7803425175042 339.72430003983726;-88.33050579804645 180.87360289247349;-561.9212710682151 310.3923752674263;636.1940773526168 -717.4749235042763;444.25248119406 -464.3243026489828;553.6424060264138 60.52475407763776;-145.58694293940886 790.7928222902613;-817.7098791403279 -45.401334525259465
1000,18,4,LXSSA,15147.903337300697,247693.60442903964,11.455694834433334,nan,6030,6030,0,0,100,0.0,1,-542.6635648128195 22.820108925961684;648.3022060158842 -414.6586962165087;350.74411230952313 -279.01614384353144;-861.3244964911065 46.0035797636419;248.12366756509755 -928.6843853227194;-542.7829122187343 731.4446201956939;-107.0434685858334 -665.3453868141106;-226.00729735316148 423.2184573242421;-456.9206018930696 -424.49928696700454;-818.2993080761645 -376.08706233896675;-80.86796052664182 -996.4819493328962;-542.7983080273144 343.1188877590574;-228.95349048184613 75.95033142629516;-883.6972113466165 374.57229403321503;549.5801909434091 43.986298817037635;826.2930417488269 -147.31354101592117;363.6647140450923 913.5001096769131;49.00350153251416 706.9060016724189
1000,18,5,LXSSA,9955.968006541894,252885.53975979844,11.455694834433334,nan,6030,6030,0,0,100,0.0,1,65.81448056502688 924.5492696743773;535.3484888528401 -245.49625913026813;-491.7053600945524 -862.6449559032433;383.1603034171051 -923.4923438156717;-221.158583982307 -39.70301573367736;-299.8534083811652 -619.4830219216138;998.2595738044811 -50.612978755031435;-358.91478160307486 -315.17975590101105;330.37832530007324 130.87115727123174;-491.67747064149233 110.17780788556455;-45.870093316680716 -370.93124955944944;834.8678777063035 -343.6366897502492;22.23065279729917 170.79972544628203;-443.74325979527936 554.146720745356;275.34711794100224 461.73462381953925;850.3935036829275 220.25863770817645;678.2392142936576 476.0354219864412;-626.9102967869748 -471.0993492619273
1000,18,6,LXSSA,9.36894833367821e+22,252836.03596712078,11.455694834433334,nan,6030,6030,0,0,100,0.0,1,-666.9561617361933 691.968724954443;11.762475142625705 177.5142724441268;-543.6202954677899 387.719284374456;179.17135722541624 -608.522846841643;-136.749254544186 -85.31383995653067;-706.2877777229411 -565.5452070735496;-772.224529210611 97.97419602604944;-110.46442280102521 466.06455219195743;-412.79365714265253 -402.2290007285633;661.6772687809674 520.8640724512711;309.4440376177574 158.5508063897167;-294.47834531646726 955.4457645749065;-897.8702134770299 382.4530511762686;-81.22915705528334 761.5725740647023;360.39459718554406 464.08442123330883;217.1321391235392 726.2922869579717;-358.8018093581747 628.47026833121;850.1885608962473 183.56396260726072
1000,18,7,LXSSA,7264.586444864835,255576.9213214755,11.455694834433334,nan,6030,6030,0,0,100,0.0,1,371.3789823793671 631.6169492119924;-395.72270513806706 26.219625524107723;-543.3096345395344 -328.44178446132094;-199.7209494639548 284.1271830345301;-233.7204067994391 -245.0413817205893;477.55471369045114 -803.6417585092237;-523.8182713380063 340.7615912693051;-61.64957089527069 -519.7118181297382;810.1356551867178 221.24154778762767;134.29051891077677 -966.33811059735;-852.3017889340477 -329.2756293550797;-28.49082331645631 -1.7304892177566085;776.9734943791734 -617.3678675414009;561.4818748714999 -195.74018585696854;224.94942014808967 -262.4264426757739;94.22057346009471 800.9683758355047;-400.85002670462956 725.3097042090976;406.69445283796523 90.48904112168218
1000,18,8,LXSSA,7148.228472567571,255693.27929377276,11.455694834433334,nan,6030,6030,0,0,100,0.0,1,676.4529473172672 361.47562011555686;414.98769511857296 -607.2262497268491;61.4951610263598 81.63414919385936;510.59623387970737 856.7492464087273;834.6220466327243 -50.77485538209592;-989.1169216360069 -61.160842252090895;-13.414069314913176 -236.17426249780243;-263.51984193085724 198.14300255037085;-471.4570085402685 753.9752810336404;-599.8815490585982 -101.72551219446454;-340.33727304511774 -325.606225646311;226.82094371507614 665.061839089024;-461.9040042903074 -719.9974812086126;896.0298057676695 -405.9324821798416;534.1622476863786 -312.2085284511377;-762.7351551243702 407.64870381325966;88.72984232246029 -909.1971738421292;-664.7059812314423 -484.8381922940142
1000,18,9,LXSSA,2.1746890973741077e+23,245713.03701045702,11.455694834433334,nan,6030,6030,0,0,100,0.0,1,-359.6382320817656 288.0271609115073;-288.89664356316854 -269.05300959417644;-608.9340975977832 -169.02143377720574;51.56586946499651 -233.50822057166127;862.2106715785532 -243.23432788018556;-358.97392735043616 -933.3371637715913;-386.99396392149566 -643.3046684504667;356.3750754908225 -204.83226292774353;625.4522142832045 -726.4273152768363;-613.8290665251571 -480.01873187006254;391.01274704763864 -520.1035858273804;-653.0219422173507 145.43363411423334;-875.6721700724622 -392.2875267655673;416.1703192455069 705.6131177103592;-221.92824219287124 732.6473728223651;321.84197411770333 -896.6015453739379;-894.6594640041094 426.8540425016367;465.90763856806944 74.18826178665132
1000,18,10,LXSSA,9914.345731788693,252927.16203455164,11.455694834433334,nan,6030,6030,0,0,100,0.0,1,854.6078461341257 501.64788851976095;875.384720611412 -461.8301487311368;-532.381435794695 172.49969164445307;38.368753757351115 477.03310998965475;-328.860472965145 -655.1807044643133;91.52908094823214 -325.59729924544285;-289.073964410124 563.953884034985;-912.4629533726796 39.74977691695689;914.9014693816488 174.1520616903132;-610.4125169184563 -792.0801455103643;514.5523349167258 -49.5653569564138;-528.996155359708 -358.34542950187887;200.15267385232792 -36.46530448229638;-147.48209304722815 0.8703353784579043;-216.32243974950947 -309.83471906782916;117.95054866436412 -701.0242547762856;-523.7277204858738 773.2623912346857;-716.5905816514065 420.542575037871
1000,18,11,LXSSA,9.192309795846076e+20,251045.77949635222,11.455694834433334,nan,6030,6030,0,0,100,0.0,1,-417.23160369484935 514.3424271933119;-202.3531685964428 -83.14848392088959;253.99071455908046 -407.6936983151401;-2.6473652831848846 815.5907511772659;957.7191904134223 240.50108891217303;-482.56039165396425 -660.4081924072052;-108.52938841676493 528.2822842181463;-16.40018354666731 -562.2031668622573;-465.30882250665854 200.73998184787928;628.0867680864773 216.41865555680945;631.7406624730816 -284.41115020797713;94.05037082063522 -4.395000415569092;385.3274418391321 -101.01862912051753;600.6236695077649 -750.136587166179;-805.8720808348086 170.98305662408876;-501.0716553342705 -151.91180802626627;-120.03854245274833 220.85594110224156;228.35055924476006 -932.9128491620756
1000,18,12,LXSSA,11026.23405747817,251815.27370886217,11.455694834433334,nan,6030,6030,0,0,100,0.0,1,838.1620117474083 -545.3338835071049;-37.91568473681427 -60.71405564100508;45.13689302651647 287.37064843062245;10.981970740327348 692.4449563583697;-298.7180360771631 653.6096803137609;-600.4678658966321 755.0676348028823;-139.70970799221814 -549.993501020231;262.0243083864882 41.179360797137285;-492.47763785184384 -732.7629485580153;-439.71390699867385 364.85723408446677;107.66600289602276 -797.2249273788724;481.6456707668053 -217.05399447655927;-840.4701195385688 273.42774213518777;810.9691545809604 -225.51417963793853;-338.31107305205666 8.546483104170937;280.81033415399565 520.6929306504801;-208.91619362482857 -892.1213584666314;766.0176379010195 340.28067785802466
1000,18,13,LXSSA,11693.23355455327,251148.27421178707,11.455694834433334,nan,6030,6030,0,0,100,0.0,1,-842.6786309579132 -95.27904777207208;747.7222909844453 191.79844968564305;-642.069088079117 532.2193364803181;169.2845548276543 -64.01885830748704;37.91891327949244 372.5040611265265;-515.4047438928426 -103.32846119516509;-428.4372760490305 289.24008510368935;-141.16327625511616 108.3154945043388;624.6777419064077 740.0034913538873;-381.5655564553089 -490.5888743108498;382.2535830041284 526.6299418264242;401.3448856403367 181.4050719370756;829.7947745078972 -396.4724916164235;570.042885651064 -576.8775864063886;-612.9397044501733 -720.1922984187374;295.8719856270706 868.381352534365;548.3055417897723 -136.90465368868445;-46.85108567975793 -376.67432187015373
1000,18,14,LXSSA,10264.280689607898,252577.22707673244,11.455694834433334,nan,6030,6030,0,0,100,0.0,1,-147.73850069353614 959.6270560125677;-783.1088063222408 320.8024477578113;498.2936178206382 827.7560035411211;-310.00507371104254 575.7224054308879;-388.6528415769933 -481.4061625046366;-717.8297147668129 -24.08379244044574;-144.17379542910376 -709.9393066841302;-73.97447986570367 248.9770727782373;-473.2796213154182 -861.4878911700766;-420.94169450901273 -114.49881151029425;-62.782765706325684 -403.23483356663564;694.9096419463857 163.9799876417236;43.83827202737108 -101.20312767517535;-398.548503145722 240.81885134698697;-783.3741554240758 -361.461540019147;370.1762030132997 -682.9678994159424;360.23815332991285 274.37039595578443;570.4295301991833 -375.1132855320518
1000,18,15,LXSSA,11861.03183736265,250980.47592897768,11.455694834433334,nan,6030,6030,0,0,100,0.0,1,550.470700712087 660.9329220262249;378.76262270497006 -120.0756450506;473.5329478973791 -500.55067941827724;898.1157630988048 311.17367632450816;-334.9322781125207 386.19612366338504;-294.6414762437097 -688.4521141913576;74.55838644950636 -229.72087944652935;11.598354420466253 267.9485546943047;165.24484493263944 -571.1267728744273;-147.07602662712787 -14.066222116244502;-578.2642937175804 770.0721506925481;-0.13201815244535678 -843.612575159177;471.6800335437899 221.52329376487657;767.4769493825261 -373.0518479824933;-202.07126273149314 -382.0496300794339;-643.597003022879 325.06988956432605;-448.34606305289617 -145.55465984782597;223.83201421350935 499.8205159417345
1000,18,16,LXSSA,13770.213631220773,249071.29413511956,11.455694834433334,nan,6030,6030,0,0,100,0.0,1,-643.6142626194984 14.716038854258764;-291.4173335579526 136.33525364313093;786.1691936683967 333.94563566715397;490.9395088231766 -756.1604229168868;64.57048099790183 -479.63313917269784;-593.4573550984213 492.16821323792107;648.9314552278911 654.7174460846168;-249.25939104041595 -660.38330310029;-418.0281661660028 -259.5370387746241;769.7521715587721 24.74800116923281;789.6373113729807 -413.32586783068206;519.0650129554552 -172.2151617491284;95.52137429926255 166.90272730119864;434.3970713364017 139.77313736963026;148.23157696872667 652.5115244015576;142.76445492964254 -154.16554984322048;-894.7193455488009 419.37040833310283;370.4475076391899 -442.12137125984805
1000,18,17,LXSSA,1.84054960712942e+17,251550.17760665063,11.455694834433334,nan,6030,6030,0,0,100,0.0,1,277.34485888144764 -594.4699741609496;558.2071346598833 -14.443854391881873;85.83799016410534 635.3209228931913;-440.442880249166 897.7789726897703;-789.1909015996979 28.404697771585436;-390.4982574373085 251.8569199497764;547.1487986213003 363.11411721816046;-142.58861661837196 60.266317550210175;641.1860223836725 -553.3271279647794;-693.876577673704 341.3149986973487;239.84715371193406 322.49671948636995;329.172491454743 828.273109401235;-209.73990159902243 -966.9081455560214;-19.389463881357287 -246.78307816413775;268.2818010343069 -136.86120690939447;-120.44560382435107 404.476105357376;868.5688559492877 354.70734108039125;-418.41111810017094 -627.359701218547
1000,18,18,LXSSA,12844.682410259265,249996.82535608107,11.455694834433334,nan,6030,6030,0,0,100,0.0,1,-780.4317107412973 564.1047531777639;-415.1800301984093 -71.49857838893661;-924.3837797165784 152.42184060642535;-803.6012160415136 -548.7128962821953;492.93888147113177 316.75690541314873;291.6143354734982 -508.2396162923571;453.2580131611029 -778.6449266612797;-26.638506310198782 -131.74940290417075;533.4863332944235 1.7724265139945334;682.7743082717496 559.3286107978982;-21.230221924893655 -546.4012894799532;201.7552122789078 143.75152862188352;-672.6240456151314 -245.1233622919106;-457.5031919292301 -684.0229316931993;-447.832893554272 244.79041831161197;721.3806824555846 -612.6647037872598;-161.29553145334714 -831.4739458265899;-311.9582256970564 -369.0691505776474
1000,18,19,LXSSA,5792.312731701386,257049.19503463895,11.455694834433334,nan,6030,6030,0,0,100,0.0,1,-85.55560256719575 -619.8582169157094;147.76561806488988 -34.02354622209205;362.98206194524 -817.6051451880957;409.0371316919452 825.162731379956;36.85432943563396 304.471545030247;-643.6146031943849 421.3599173423114;-934.1709412848039 252.05296649233287;-169.9547232806964 1.5255354591704156;-163.6403041839104 842.3684660339272;762.7865685116033 383.35259036922383;-433.4217059485629 672.236747070974;-404.71324397970443 -905.3743514360556;-704.7825242628792 -368.2437979053382;-954.7182903949607 -85.40539573927154;-302.4997435202485 -384.2255922082261;826.6447754571352 -283.910541493781;-475.65388172692246 -104.23800447149335;373.19658409180647 191.11132401703054
1000,18,20,LXSSA,7265.536234324332,255575.971532016,11.455694834433334,nan,6030,6030,0,0,100,0.0,1,628.1215825812076 -680.885599513614;-745.4207494578399 154.38159706527787;-410.3947427045544 -817.9429643797199;-588.9018923769712 645.2166537516792;179.80791425337156 -250.56984560147058;167.56287537843417 964.7880499122903;302.55440108241714 64.46209801611064;29.04267195918611 501.87133084858243;495.5545767727015 -271.0989846249199;853.6041205098733 -181.71396978810864;-529.0607897952455 -367.9481939360526;-860.7131608789622 -456.2789460260138;902.2263355168933 431.1075794859264;669.3867077747201 668.3318594292626;630.545365270368 264.5317276821582;-338.2940399212691 -96.89377647797467;328.9726211765212 395.4813434826011;-282.648926787619 497.016586454693
1000,18,21,LXSSA,10320.501463590306,252521.00630275003,11.455694834433334,nan,6030,6030,0,0,100,0.0,1,-661.1200134395823 -311.26775780986793;333.574019136902 -508.657569103553;808.8355198170144 -506.55815388803575;-610.2347773745021 696.0731334110376;-73.87321790056312 -880.2293273269746;158.5386208651636 577.1839930341752;-276.9410092120958 296.25642455854916;-550.9791641775198 4.722994480877535;492.462202588675 637.7927530138663;-141.5386426259534 -102.30576729480497;517.1039398043453 314.3030295493703;761.6717761299309 -17.756648626402676;-374.0681705147332 -453.2968218481599;136.6070933833092 189.8447599151779;-111.01908823605653 813.9529364213117;-453.1606256028114 -806.1977538987711;545.4094021215234 -263.55711212263867;-53.798879197446716 -518.0677516251297
1000,18,22,LXSSA,9435.168613814982,253406.33915252535,11.455694834433334,nan,6030,6030,0,0,100,0.0,1,496.84976590011587 -380.7565552372167;733.9397328866914 494.963208687567;-174.86374840612214 -158.89469765839837;-479.1417517796308 -206.76375726358214;-244.8436200128383 189.90035855449085;-787.2242237778429 -219.06237678154406;-147.08739826002315 762.5528657878639;-731.954504129985 588.6853604934508;-76.72915685477976 -816.4222480614595;735.793130212088 -10.205963017052717;228.99676603739678 -542.112540753292;857.4829068385048 -293.53387490468634;196.7203656591191 824.2655324228796;49.0324532752399 58.40079572084032;-670.8755811755493 -524.3245308271515;488.7131610472473 179.264771986359;756.7524103118589 -586.0520646975813;-476.54726135702697 393.5209882346381
1000,18,23,LXSSA,8744.67042833654,254096.8373380038,11.455694834433334,nan,6030,6030,0,0,100,0.0,1,-278.72079374183716 873.825426532142;833.1603283351777 529.3186724913699;-450.8745978430289 155.60235872920725;-890.0959143691157 -454.92978288939594;-816.0537853045704 104.60398781058751;-130.4362696219228 390.4615316600193;-134.4072965190054 17.775892403461974;-364.9633397641095 -607.6012716246516;-756.783503778465 436.3946505838944;68.35869803587488 -681.0712530652168;-535.7318727700098 669.9464565850606;-684.1102165231148 -722.0818498518729;-522.8642627466015 -253.77909664070415;189.6417610450781 241.4084642596318;370.2200464314306 -256.14650314315014;282.86267394661706 708.5023249642329;527.0888100542044 81.36541750627039;893.095520001151 -403.85643607225535
1000,18,24,LXSSA,8633.421734164236,254208.0860321761,11.455694834433334,nan,6030,6030,0,0,100,0.0,1,988.5271330771856 -118.50948022682546;-898.7917230588803 -329.41881649753185;791.5860896999468 120.97986168764102;488.826643088667 -852.0405844135028;-509.0245149672285 -400.8254853799418;335.594824543207 807.6245344588709;630.2913228187448 608.056197923764;-164.34908353330925 326.69965090273047;-199.97929707375945 -465.4703721974105;-955.2285040974298 174.9068595608497;101.66380659751051 -327.71490650459344;-522.9831156874529 737.1043980146892;-648.6806580623436 354.57462887381706;-185.4432217877547 -37.75833870124703;-138.0309948978742 -831.2966670523454;174.59506893793426 -934.3820682241139;360.26502454870587 421.3325474321132;277.9036397884939 -605.1723057721338
1000,18,25,LXSSA,10407.348663232668,252434.15910310767,11.455694834433334,nan,6030,6030,0,0,100,0.0,1,75.94496228680674 527.117856955298;-386.11744512256035 -324.3001061348563;-554.3282820248667 744.4752215508188;-591.3728392231143 266.7490462132618;-206.91634725418717 20.804259795035886;208.83417974016947 158.54607514965437;974.4893272298957 15.604384218599028;-199.22837027813722 701.7905487020324;607.171393418437 479.10131089222034;373.7152252597658 729.4771278483112;-889.8437422932748 378.02819650623525;601.0588177097136 -397.49106313907345;509.4717026105731 -717.4108480806343;667.4445929195593 152.15123804300984;-525.2121608257673 -41.459171918548954;491.33383303069917 -102.50791643358426;56.09783774713381 901.6550725497372;133.51669709625432 -699.4382270134096
1000,18,26,LXSSA,13085.390976050898,249756.11679028944,11.455694834433334,nan,6030,6030,0,0,100,0.0,1,-483.09991697107563 -214.85988960227553;-224.6356670334784 -424.630501364469;422.160390338515 95.07500324663691;-298.63730154668906 313.9774566935137;-867.1769779681789 -113.41757139397819;-677.2120957717367 -481.75396510557295;-64.25188907443625 513.8084835028928;-922.00129433331 266.22285909279645;-757.1285381295529 567.8733906309715;-623.6080928260216 80.26524185906139;400.61351810822964 523.3518721602833;-51.019899912365226 -976.9423145422525;669.6829950196676 703.111925172363;271.39891478552266 -180.67121430105965;-12.218449257536168 -666.0663786314901;739.3031893224095 -497.6460058670233;128.16015941532092 272.2355651319839;-247.375224050995 -11.643168672674454
1000,18,27,LXSSA,11204.455226851918,251637.05253948842,11.455694834433334,nan,6030,6030,0,0,100,0.0,1,146.6800990075092 110.15420371954197;-99.55178995656904 609.9619376527907;475.11407707419914 14.173188353655725;-134.73872222410117 990.7111643914999;-298.8049871706245 -229.23302556825433;381.11951611134276 -336.4919400902247;-674.5449533103155 240.54099444295346;-790.4965421677397 -109.22246434279914;-493.81650127281813 862.0351381222166;-826.1010031683205 563.5213606624675;406.4220581694118 833.6012975471602;-47.66996575318436 -411.40376233815266;-245.5206518604991 -886.1920343373627;833.9723343799316 241.23919983230306;200.84371768330652 -604.1929202880218;269.264976697594 -940.0238264217583;-618.0417570726443 -445.25459829011317;430.072573818034 452.19487114172455
1000,18,28,LXSSA,7281.506956964498,255560.00080937584,11.455694834433334,nan,6030,6030,0,0,100,0.0,1,-874.0345408464236 265.3345223312342;-621.4164958397488 67.54991348651933;-794.0616140219479 -268.35608883225365;-427.0730190762695 -190.57193396349507;-326.56283070865027 795.2609928478355;434.54595423978975 -873.1945704791216;442.8467556744362 464.9065445937017;26.46403772753672 -102.47857287995687;144.42919349459015 -410.09252911003546;459.8788978246179 -556.5541565132708;-416.5017403817269 306.4382020891722;67.50173915551481 -725.4044592608716;780.298321884321 -401.9183050124056;917.8008929305637 45.48883673578638;496.62542422517254 -177.88761560429967;133.13269643519476 546.2617439493481;613.7836131086883 194.31438476456486;-198.69935593742562 -491.44080862806936
1000,18,29,LXSSA,9965.08565376728,252876.42211257305,11.455694834433334,nan,6030,6030,0,0,100,0.0,1,513.0080755082472 197.65292429154525;484.4696122114623 -122.77536423735715;-34.853391684939524 93.36636071427377;-528.4584601320295 121.65813055336059;-147.4837185007128 444.90048147622053;-460.61174264422976 536.0383430705261;266.56569153206004 390.8378716991194;-92.98703636766177 -254.68006489090527;195.05209018226395 962.4469252672912;-910.3716035475159 -14.210905150861581;-800.3072661432649 302.1114813577016;337.4651893689868 -597.977735404764;23.77001699204431 -748.7146757048746;-837.5962359494712 -369.0043846210633;442.5642508486284 743.3055349780458;916.3500607414112 184.4194185402869;664.3975195533704 483.6900209813346;-285.28085436743174 -527.046335047016
1000,18,30,LXSSA,1.4863168442433203e+22,253808.8374145453,11.455694834433334,nan,6030,6030,0,0,100,0.0,1,222.89267019902718 -952.7911793819607;-863.2001973487465 -490.7866819523683;-480.6239445155753 712.6015368629136;773.559489759834 -576.3884802169673;-835.6370460067916 -24.22753371471909;80.58303203448628 560.7918164280048;-708.4475484235712 286.8798474015702;287.2402005052451 -390.43230801967013;351.7489138949847 704.6781644375424;-145.9458595983932 -529.8051274887705;204.26874740291035 975.451339302043;-360.5644393575346 -777.1548495973952;592.7584772489577 81.41320999952201;-52.638745910944294 -820.7924383529537;796.7694575073978 332.6312002413993;424.0372783270183 -725.1159670348079;-445.3793626821933 -483.9034587320732;-639.7879394348315 -253.91963311356773
1000,18,1,PF,5487.04453599421,257354.46323034613,5.865740738933334,nan,3030,3030,0,0,100,0.0,1,451.6164881831479 -697.5902834594867;-617.6477010368375 748.0296335294403;943.5155486303452 307.1274628298903;-284.1073878687219 893.7471361568067;-409.99282435551964 -613.3378078645954;629.9543462347809 -173.623824590703;776.6053455686801 -517.3359674267482;194.49145594945597 744.5592105014885;-93.60173122547435 -379.3496036739092;-633.4165413421681 -225.68053185580214;-129.28900204570385 440.462985894987;-778.6678138490939 -568.3084504290964;396.1900826941664 41.4690194127524;462.92075450004353 392.38969053639;-989.7216771579859 -54.83259683009042;732.5478279809207 561.370407110005;-124.89025749966508 -887.6270813909118;-764.0418307216587 207.8064680470906
1000,18,2,PF,1.3512332042041466e+25,248165.59598766887,5.865740738933334,nan,3030,3030,0,0,100,0.0,1,-413.73404473988376 -192.18800950287516;-730.5190714896894 169.0881303891568;7.735009983917195 -840.0542450448354;229.63583730831797 -880.6569288074729;-342.6837099339148 -326.1114637013824;-91.13416580033015 90.92217656252762;-79.66830448104895 394.12877513489644;459.3126717158152 -620.808060312075;160.96861470977012 562.6090795359088;646.4639758681103 385.04551310071565;-176.59272618840464 -610.4378248453643;260.14307504594206 551.5894429988448;-231.73933082289798 -561.0927092167692;565.5424524787021 640.0756958953793;268.45603842561655 227.84180860039294;-511.71300919958287 -650.0622319172032;660.6348042195037 -222.2043542208299;-596.730696563828 407.49119566673306
1000,18,3,PF,9582.159960893332,253259.347805447,5.865740738933334,nan,3030,3030,0,0,100,0.0,1,-628.7984212228291 134.59928392235216;133.35002854088614 -970.1472385404298;239.77201619576655 410.35258453118735;-327.84119571317444 -99.14424098988957;-158.6448664976732 514.4145291953889;588.8488201059806 36.61379632393965;-714.3952271338645 -510.5044177231056;578.6742368229259 -661.147960139408;343.9945456337814 -434.01884460404204;813.8527900565316 -446.9162699709799;-716.8217990449313 -161.93877766946218;-1.4819502304658982 -231.07906399392;-404.86751215248825 844.3695249682158;281.40258281502366 874.1550599572907;23.14581487216767 -654.4225552991596;-362.3332443444933 -906.4425255301593;786.9711561296629 392.91987603466976;-343.0918353153455 -537.5484334474463
1000,18,4,PF,7.131091654708126e+23,251949.4926717709,5.865740738933334,nan,3030,3030,0,0,100,0.0,1,245.65196206333638 844.1825345095191;390.510871888668 -859.7176095642635;64.9135257131984 -69.43083124389389;-53.088060462582476 237.57092015670418;-818.4493287011313 -341.96659506976107;-407.9736052076309 -325.37825092083733;-588.7757847198152 54.77961059015564;-52.30403340988582 838.3075827422916;915.9369230659923 132.5667349689405;273.0222137591929 410.59047068298116;-141.4714491821664 -407.98578997788337;303.0514343217978 -225.92866333345444;561.2718010061819 794.1386418575795;621.5212105899727 -674.3031811288861;-691.1538198334825 -717.8884730520184;-1.9181584712326583 -1000.0;-995.5608142778035 33.82488217141264;401.4795078815889 -580.1245037325662
1000,18,5,PF,1.229129318953222e+25,235619.73860242375,5.865740738933334,nan,3030,3030,0,0,100,0.0,1,-916.5903344376271 -371.7054442272598;851.0824527409318 502.90300952189637;295.7588221879066 663.3951238837396;473.56645472964647 385.85544705401776;-565.7386076888715 -807.1147385458835;-896.0435194635727 -151.2346772111597;550.2556075660498 567.4887112858278;-130.51765407174992 159.0903451633983;-658.3921775096879 730.0882893492683;-5.231958277529088 797.5110533966774;-31.822752699587113 -7.443094748306407;330.60806098093553 227.8858319524727;-456.03562690430135 882.6463946374779;857.9248103654977 458.8745503069779;-110.803577862888 -435.757612955092;-715.9042415364956 -621.5394789810263;207.8656673821588 -447.531594248827;-377.49684319926496 635.9266624826223
1000,18,6,PF,4.579800163262725e+24,248672.69341122895,5.865740738933334,nan,3030,3030,0,0,100,0.0,1,528.0762814996423 -248.62594918677485;-348.9414970777857 -928.5160264281022;-658.2360484817896 419.469732950974;-50.110953161484915 -164.64468504915433;-749.4009924253571 -68.34967885390277;-519.3854935116235 -608.2021610075955;224.3850249784467 -902.0104432793771;540.2616937715159 -675.2184821592317;547.2449530075338 827.2466583952307;-321.14634974972546 -408.170858381754;42.368704812758224 486.9558936487539;238.80478661022426 829.3340205162789;733.0782185022026 205.80111178572378;-576.3955411769109 3.8659440614638214;513.4449518684157 672.9612468034491;-278.95098641428615 748.2699088540245;-886.3874850295945 255.3876901105429;76.0845971913771 267.1487266243565
1000,18,7,PF,1.4596268951813027e+24,250285.81223960282,5.865740738933334,nan,3030,3030,0,0,100,0.0,1,35.603767346047846 -718.9221562094625;-762.3063769316188 -602.9100881200633;-833.310062111148 184.27320248588322;109.69892543500747 -403.69723702438773;417.83966270072295 22.20535623787534;343.56379230870425 -769.9659336207084;-62.40291369100399 358.88773503422567;-305.74277579128403 -864.1502166825261;613.8823146806891 254.3696261985713;275.73096201234443 744.1966288959537;-332.6954379413457 -458.6055354496025;255.20149667882816 229.7817402154906;254.27631681862084 -118.18019007039;468.2432081021378 529.806606604185;-824.5788807775874 444.1676718851675;16.007834482053035 821.2710648418521;-384.73718513638863 752.1380003765495;847.7660632418172 -190.5848532284411
1000,18,8,PF,4.1985001560044565e+22,252822.55359728067,5.865740738933334,nan,3030,3030,0,0,100,0.0,1,-946.714095471428 -172.36084434470132;693.6215077901712 374.61826967316694;-452.8811955547601 621.1195697314286;-42.374869273110754 815.5962297540484;226.4246014134358 -27.965829668496077;-332.67315074409 927.9311906351621;-246.52126661266405 189.96477824087995;-446.65211309296166 -311.88330336403055;-893.7466844423706 281.96914078510457;-757.7602482036403 643.1516424354099;73.85918401973116 236.80208136353232;-717.2374313722845 -553.2637360168721;-268.9007807044673 -639.3438668732247;-162.5327900072389 -120.4559969930156;295.0011176490391 -410.9133256052731;213.1067221463386 643.825686041831;484.32508709594316 163.21199434026914;-587.898666081128 363.6347016539285
1000,18,9,PF,14302.785935485881,248538.72183085445,5.865740738933334,nan,3030,3030,0,0,100,0.0,1,-556.5759174172005 -495.85357570269673;-644.3303557654124 748.2791235683868;-432.6820540720885 186.8480533722573;154.05870946604426 -392.8838240966465;-410.6992908540045 534.9438815572705;-506.0130653649763 -166.4213807809824;155.8123564685665 767.330538082693;505.8961890928529 -430.2570012449325;477.2100397649235 778.814760819752;-156.03820421783735 743.6994901655041;114.61049642947472 -57.61471957254143;-737.9810594588015 440.4967185437158;-162.00803797531438 -294.2238157291947;-130.9551745206895 380.2657894225345;442.9759159800111 -88.18067417828318;584.8565350439987 265.5807939145578;567.0946862308274 -733.7197100541485;-900.8745351418123 -24.643039482728454
1000,18,10,PF,5.112992995122472e+22,250749.6920749908,5.865740738933334,nan,3030,3030,0,0,100,0.0,1,496.94532455492646 -797.4638349801004;448.631909313124 4.903896403184778;251.92654869974163 257.06719624668256;-666.0456495642466 -172.73874473120523;-629.0847404766649 -546.0602025183649;875.2654679791953 360.7600138641422;126.90548579801519 -544.4994945851148;52.50676004981002 625.694246718822;233.8799849723331 863.6174936024618;-158.54638400434348 966.7424453460542;-954.4082653674576 -236.38675303203493;-739.2845296164771 114.79992648533675;55.99494170750333 -839.4681467526292;665.8359784821248 714.9228824725657;421.03215239825283 -472.12645180522395;-264.2159211154949 -605.8951765763865;831.8867481095647 52.64812428427944;-400.19188013162255 -307.6513006443969
1000,18,11,PF,6.04617615770922e+22,248454.95397918505,5.865740738933334,nan,3030,3030,0,0,100,0.0,1,-627.2741033227493 443.57465340233443;498.2359758942977 316.2657312239777;713.7514048526941 74.18029533231042;-889.649652605928 239.98980503689512;-386.3488342077517 820.0587229892241;-74.61112081863385 643.8291826851074;-579.0370174581733 -736.8559715446111;192.611943646281 961.9133321127903;30.1089039498209 -658.6731519888481;224.05254426373963 -117.4906330903695;-253.26928809661115 -727.6019894833545;576.8203471864946 -247.09170486943077;224.7810784509277 191.20848526180964;-418.73870199622144 -191.30560894773203;-85.21686879818526 251.16102374346795;-336.1602483854102 448.70307140978304;-865.5354225014656 -81.61764870090643;-120.91823919927371 -77.2091261736947
1000,18,12,PF,2.4699810675035388e+23,247218.1106565165,5.865740738933334,nan,3030,3030,0,0,100,0.0,1,-376.40924828619313 -187.0284808361345;96.49232965125844 -828.8076839562973;-389.55106313340065 128.0394098038029;687.7887000561741 -218.78324989392152;-484.91982660812323 704.3234141012817;386.5205341325482 -663.4867373660479;-228.51912944266084 480.97102725703616;-107.82574841476678 183.13052666496293;408.9791329675827 -381.69995453967834;-163.46200310929345 -372.6914555976322;-515.9233390353844 -574.8783384484643;-391.1560807903857 -847.3675413971048;821.7080752818814 143.47122927868634;-517.8622516545452 396.4622350981974;677.8487151672603 -709.4372642340351;-815.9816650010955 338.1412987239251;261.37318857705515 -52.08895582946165;103.86777799756801 -484.6370189810109
1000,18,13,PF,4.7877907662423956e+23,249827.3373808114,5.865740738933334,nan,3030,3030,0,0,100,0.0,1,415.37820782841067 813.9970502522995;124.55187633219805 -341.7502603925262;-82.93077866837498 -525.145013468913;372.74133994403314 -178.12192247322417;-186.1497431053063 -966.8617881955198;605.1973119122413 -692.3902195969115;622.6868293441905 617.616897453403;821.7733882596558 -418.92590784674775;520.3172443639723 45.64896355724332;114.82650575479033 843.7311987466081;420.63593198975286 -453.473079286404;-497.4627113272297 -489.6572145976042;341.16782701186906 262.4591150460672;-973.8781755386335 -99.76263003595022;-88.7450575986112 -122.77992777077485;87.86060394482926 -802.9944612237937;-36.92906023551674 556.4982716988976;946.6587824114852 -114.88695452128067
1000,18,14,PF,9965.099438814388,252876.40832752595,5.865740738933334,nan,3030,3030,0,0,100,0.0,1,-541.3435505910852 772.1578673095744;-537.9310456859882 -69.07580072898365;526.5381777424207 637.3112389179432;-900.6602836706854 111.75515751756222;182.55442596698498 -673.8772358698333;-213.5285601862576 828.7136230150066;612.1320886786692 159.24696621609172;116.86260997103565 283.66549824992495;-610.7448558806511 235.67229460871675;-160.75241674433119 74.20486548478242;660.7959955467667 -483.96998098172986;-249.57631703224206 -749.6020569793077;954.9666245935977 90.41870687231038;261.1160169651992 -175.47447376799863;-288.07028235447893 397.7741783061588;-620.1922898392182 -606.1670029835947;-922.9454258722358 -258.7467112908187;-149.53777457267708 -418.9117935863575
1000,18,15,PF,7.025624499973265e+21,251021.0362746964,5.865740738933334,nan,3030,3030,0,0,100,0.0,1,-185.2077262484925 8.479572710196363;-130.59259937879924 320.38263630801754;789.5217449700157 416.9533473365548;799.4851720553992 -177.6770286183379;-718.9964321758074 476.40062650497833;268.1542122525224 -527.419592673682;-80.97787428863566 732.1361185864067;277.5420838905367 -948.7427302246462;675.1428354926385 126.01123579301856;-107.24428713971282 -305.8787124748683;181.70950147756625 420.2977219776829;-635.3288050067088 -46.046827059144185;165.66435095065378 -171.43084991605843;-529.642090538939 -337.2055342768887;466.5364488639974 -287.9964671150942;-404.2047983039144 -621.0934749880994;496.15003744585033 482.08281741321656;-966.6643558920348 89.28220532899822
1000,18,16,PF,11396.693084806699,251444.81468153364,5.865740738933334,nan,3030,3030,0,0,100,0.0,1,672.8334722300708 395.0811590357027;112.73749544020525 -950.5077567748909;-239.62108077478277 -957.4747825096914;348.5126478097899 417.92475137044755;320.0370872801929 -460.1268883480537;-428.68369410056096 -246.39275493104674;-369.86874943369133 788.2895640270514;386.1193155727084 806.7010975228262;-5.596293859615795 -340.45345532845045;729.9414185744336 -580.9699487054077;-845.0218972851247 496.0572542862869;652.4203077942357 -245.96034824752965;477.4687253581964 60.60228150711403;188.55284578558332 -88.20894379600513;-413.5715131610309 -570.038371193806;-305.9025040556929 65.10501581868223;58.49060998541336 801.8725880320541;-19.86443131797119 -669.8590898850873
1000,18,17,PF,9362.251770755334,253479.255995585,5.865740738933334,nan,3030,3030,0,0,100,0.0,1,-311.4924417136781 -505.5224234075265;-615.1754823307338 -47.6419655708874;66.72589290543321 -423.9940533693776;188.9651366214028 184.13407085070438;-6.430831557146705 -106.36733924247885;-246.44658774020434 529.6696045398132;486.8431354464815 535.5620640473091;714.441536608657 -490.380204792508;-383.52653025309456 -869.5627018781358;795.2598442889843 -9.148168635873539;153.246616642097 -868.4032445176883;-705.5128465837952 -498.2256995243873;-82.82421976676808 934.5474833231908;105.20060518272231 661.7010143936809;-604.3633067305368 708.8008324939188;409.57077189948967 -36.48832685415747;-364.7572867244663 228.70312793294576;387.7656729485582 -539.0693485190548
1000,18,18,PF,6.966714706700356e+23,247938.03446847855,5.865740738933334,nan,3030,3030,0,0,100,0.0,1,55.16846570164267 354.42035395540773;452.22560199341564 -824.160346653583;117.8503170607821 -237.19366472986567;714.3432532200509 290.21865731987737;-68.60351503993247 923.0509887515905;217.04333510360308 576.0991145808174;-129.94981639329356 539.71191088738;962.01863754221 138.9372434155514;219.25029803363998 -714.5757791105068;592.1208569746233 666.1109177324822;-898.6361838735256 425.21194183075016;765.6719522420188 -191.29005893434726;326.00751542577893 919.3466019035293;-425.6738632723523 -190.22462640016084;-499.3069606184526 461.6643754973082;-218.76961176084407 18.286999166680445;408.2930760546813 -206.56495100499268;73.6399013419776 55.35226712436996
1000,18,19,PF,5.026393862055134e+23,254562.52979678108,5.865740738933334,nan,3030,3030,0,0,100,0.0,1,-41.426332239032774 949.4166260465618;-355.56685272958623 542.1460187116851;803.8240355186435 35.19193600053607;802.7329119165504 481.5945753016895;-93.06397815859572 287.5723680058243;654.1141876434696 -220.14769738316343;-654.9483773238657 -679.4576139555661;472.867779759591 54.14059400341513;-302.47156707201697 -1.9935985245725867;-853.3446800909838 -437.46278932616104;-765.3596137626291 161.94788682252184;228.883972941815 -442.8893587053999;-528.9074903834668 -425.589309730737;335.7183734678554 -846.2930713583036;-2.181173142477004 -882.0234812705071;484.72636216076484 836.6963336730868;-283.51802031218364 933.9115281011148;60.121806350010964 -167.3746804085998
1000,18,20,PF,6.225266894392121e+24,247850.44009940524,5.865740738933334,nan,3030,3030,0,0,100,0.0,1,-160.1460287005916 185.09552037899618;10.47560711770052 -129.56598679690904;65.83461622608527 699.7799998894321;-340.09877302651455 228.94563545746826;551.2426622314247 35.670790183090105;513.3722058305987 414.01373645390163;-858.1377837839775 248.5481272104559;469.71929754403175 -651.4997160675392;342.8208258140112 -335.8001072126471;302.1615702234262 220.30938317161838;754.8669010839404 -110.00587799900896;-552.983713381251 -386.8798611429942;865.069279712789 -346.72798293471135;101.06175258505405 512.1164953758403;-290.6006612118021 -447.5392771051522;-618.3689744437227 97.50257077400181;223.20556592263134 -424.0527909229679;-267.37720475471383 726.78274004545
1000,18,21,PF,1.4659439050382497e+23,251875.10737897825,5.865740738933334,nan,3030,3030,0,0,100,0.0,1,640.4313797840217 55.64464773690823;-266.0128552067133 -562.3489995267053;-639.7725232603381 215.43641698055114;-904.6124821736166 403.4249823594387;-354.46613616149614 -913.5845231900603;636.4569318175226 752.4308910636192;-79.14093806878643 518.6482923433276;-689.4232238856248 -521.4728429076158;-282.89350082174343 295.71415161944867;-351.8993379202148 -19.115050943410626;292.0598509438163 -832.0268863247811;-3.0313915154101974 800.4034036613382;856.3792909843241 239.1294070836946;-470.71380152620645 -290.0360049478865;172.68344377972087 -332.91794700132533;76.59348100485545 -0.359557246647217;-128.52336478896007 -308.7369455385327;-909.2244467350554 -188.25504417304776
1000,18,22,PF,7631.225718061323,255210.282048279,5.865740738933334,nan,3030,3030,0,0,100,0.0,1,-474.5749864032834 -270.8881040106208;842.8053137085185 359.9189767226454;-782.2805906671031 -179.7982747477843;133.73144052149084 -838.610473289622;-188.53371429930098 -507.2983511950227;128.81895157773346 832.0078769286204;-183.67615806169695 736.3942084094944;429.179114206183 133.50351652105343;69.43126653644305 113.27543228311187;-328.9652247964693 438.0828478413847;-724.4164034445397 680.3938995632678;515.9436252145955 450.0942876945826;-278.1768253988136 -831.2858386220804;-746.676834792339 273.82215575280185;-446.67473709961905 145.50994110943614;-44.617675860804404 -179.46312336231946;465.9100311553083 -344.7507762121976;746.9944186460042 -108.184043989745
1000,18,23,PF,7990.367296653916,254851.14046968642,5.865740738933334,nan,3030,3030,0,0,100,0.0,1,352.22843929039135 -193.09886613217265;176.41203057826786 226.34765526571155;641.9738462228157 -555.1604714889637;-875.1608747990707 -334.5777026312197;578.5518918808623 654.6571095532316;253.27990281022707 852.1140151502301;-389.5018886453109 891.8979066608687;817.3939817157649 456.8008647172209;-514.8510488680857 -415.06232354872714;-401.90503388800545 -15.478108064609817;-18.590100611465893 -541.092358417648;-470.0841894599953 334.7999709919053;-110.72351005672009 750.221940524144;316.3499371661024 -796.5260293369944;-167.66049704304973 -908.6323233885229;475.76503813644655 107.01333538911653;16.47894874994236 -55.492663058119014;-750.4356439101047 24.148974800912534
1000,18,24,PF,12837.969262388186,250003.53850395215,5.865740738933334,nan,3030,3030,0,0,100,0.0,1,-395.39497236275673 340.3909992708438;-715.406490953792 572.9838120430012;459.74305991266726 231.6424512648596;-481.37753818846716 -53.15801843183028;796.6778279281075 73.88202326951728;-25.197063827358953 708.7543886767058;850.122282817398 -317.8912619363277;-146.23738318220595 -785.2618460605066;-429.7298986786681 732.1562675340497;181.7795865143558 -438.26871536346283;219.25094517906214 -57.90057993003407;482.82227659274554 585.2269561472294;-632.8887050606168 -420.3523128890097;-150.08503519853127 -91.50824632190879;-69.03357227596598 371.88798418645297;-331.5999234830677 -356.2044332273408;504.7114109128845 -180.9455893788594;-753.4540712881399 188.59550350116965
1000,18,25,PF,7.116742530922559e+24,245993.65218186198,5.865740738933334,nan,3030,3030,0,0,100,0.0,1,802.9147069836152 -522.8437105704699;-882.4273000058904 -250.6018120497785;371.29680555191817 729.1975081881509;744.0848661794013 202.57322829507305;-737.4920045197642 304.5189755826996;-910.2315523543523 358.89570587115395;76.9920487024825 -98.02576814898981;133.95441850196192 924.1382747633165;-249.4430342149018 77.05022414398621;-527.0091940005346 372.6304460992588;-181.81070761055594 -265.1073237270449;-293.61177342282656 -666.5982436107886;-579.2976659618431 555.9370718692476;-871.4893284906426 33.32986393101643;129.4322206535504 370.1599497311496;-603.12398117745 -722.6683818967082;226.2900612982646 700.409651566385;-616.5712041342522 37.32733629435436
1000,18,26,PF,3.0759090392007244e+24,249384.94287507556,5.865740738933334,nan,3030,3030,0,0,100,0.0,1,-317.8658553391674 298.03911598524195;619.4317668575866 356.64992332570824;-842.3759189428364 21.05793716251895;-16.828752246851206 -931.5156262255357;-642.8371987426652 -132.50294457923863;-81.87396490934911 -389.00968370791907;-540.3094755783716 158.66489538379287;109.78646399373152 -639.9852411503645;-644.7013875687536 -691.2040331349015;-618.5167547755816 -426.5550268911167;-417.2910936556147 -104.24570511607634;836.104409337992 -431.2034180259571;198.87460057064888 383.69408869306454;63.36025396438124 -22.484884639026046;-564.0179275638424 543.0277774236491;760.5951063570822 585.057601810965;-259.82562607693114 -263.4183010259056;384.92770443062335 -416.4390185574662
1000,18,27,PF,4.668119871130261e+24,246793.67959992576,5.865740738933334,nan,3030,3030,0,0,100,0.0,1,47.582759872267424 880.4775002403105;168.0875524363912 -228.45240009651928;-35.43605659352774 128.6886214389806;-897.9682904237796 -374.0413571665237;719.7870472536272 458.9855924994003;-352.2511978906671 -418.5263842483637;-543.9924523434186 -797.4045994565366;-657.1319748376706 -588.9335800017759;-627.1388053189592 -155.72884552170356;525.9076581040035 -768.0678898941305;-557.2064031403424 565.8156758473724;696.0633842868082 266.51888848110383;-240.0450160644323 -865.7597958109211;77.68237678247203 501.0255814579124;37.332498579589895 -839.8171206787677;93.19140322051611 -525.4524541683912;-412.8468266012809 -678.8426609217292;620.7883940382774 684.7379528892517
1000,18,28,PF,2.9788494756713112e+23,253187.20657017786,5.865740738933334,nan,3030,3030,0,0,100,0.0,1,975.242313567778 102.73572170030793;503.5808230225254 -477.50517757201436;626.8051328338541 83.21420761801221;-710.3600771467005 355.9976013576993;702.5850095420782 647.7544225834231;-127.87913743812209 -218.75115397082612;-889.4440744106513 40.66154141551053;-493.6428057600957 721.9736426311614;-528.0253913888159 -14.857300223559465;-21.811862050421716 184.31712792427965;454.81749381204565 -166.12790157372123;156.01820249931262 454.85097512421675;253.7638760203607 33.335392847472875;847.2429336233461 -383.84437074463176;-262.29141715316365 839.8345955823474;-354.29410528402263 257.8939953211824;-749.9986733256976 -347.0161322858436;-85.23047282087904 -814.7109076428293
1000,18,29,PF,4.795547497286544e+22,251938.98841729533,5.865740738933334,nan,3030,3030,0,0,100,0.0,1,15.236340135513139 997.6216785922373;-216.51844098764624 776.7979286572802;-459.1367357935138 529.4885471401611;139.7080030344132 -134.68404397185776;-71.68925940136009 -522.4532060652398;-461.06995467555157 -45.98148231195798;968.788548478768 22.708748116179542;764.6220509052623 -610.9463548624663;323.80938342019067 -438.052132228536;217.72590344662666 -769.5755513911319;731.3266614650961 -147.5371628501751;-247.02064217676215 312.40248814685884;3.604136525705679 539.2769934011583;-582.4837942463364 250.0568262076635;541.8773740085436 -826.9004379287747;365.8543659135825 413.8439259217698;-272.6914104093472 -273.2483640053013;-111.86340199581 -821.5509221012559
1000,18,30,PF,2.8240054083488273e+23,250306.0408494904,5.865740738933334,nan,3030,3030,0,0,100,0.0,1,-352.6704273700066 300.82090833473103;-451.52547088070844 -496.1085635272289;325.89530662215236 -495.4166264403512;-281.38398885737547 -242.86597566656786;-211.03912272334725 -637.7536526357819;641.3250248846506 -490.2902776439076;564.1596825568357 358.9038908724778;20.11083334348353 -903.7954627271315;299.90335732797325 878.0268093983425;98.25936334598354 439.90204589704786;-588.161724947734 560.7235733565163;6.147947087884495 853.7695519472209;-76.15662454778548 83.03427666629992;35.15573499322115 -167.90990831309014;360.20824091091777 579.2017999637399;923.6543557820197 -342.7268002602982;479.4834697861905 -53.16676244493714;577.6811637949584 767.9882729817353
1000,17,1,BBO,3859.0843243531126,244380.1174549683,5.729584483933334,nan,3030,3030,0,0,100,0.0,1,-223.6779595668106 12.037031472050785;513.6649896973706 66.1513860396501;-86.93579498157214 -333.549801219109;-293.4500025975419 -945.5716827924027;-838.3898828588539 485.61322112608946;-523.7325026180058 -121.10420583908967;-815.4506448242242 -396.48502295022263;-391.9161347125273 309.667335776855;795.5168841970851 -547.8032082290274;115.46314220692125 -755.4280420697037;-986.2828742103209 -28.06862997275323;234.72278854047545 473.4462015576787;-678.9468368264979 -719.6776832609521;-607.8734180947594 717.0158164906891;713.6850654044297 669.817251953157;876.2627704625068 322.57026541022014;94.66135514418124 852.0616806074331
1000,17,2,BBO,4165.381503545912,244073.8202757755,5.729584483933334,nan,3030,3030,0,0,100,0.0,1,-464.1055656070025 808.9363104696554;20.161695725706068 135.58216436230168;-716.6194946098348 420.11457433394776;-858.5561392018557 -53.37673472518077;230.13869482671726 -650.6434674186441;874.1113711404391 131.2578933796524;644.2497221386755 -86.60120884617095;-54.016830941652415 -773.8205234809692;368.56822657691555 -301.33577472517504;639.1651559070185 746.2693225624255;-185.0545949005591 621.9931142233941;121.82457993200069 538.1376104649867;-416.77008454857776 -908.3493510453675;-196.90501710497438 -371.536046207612;265.3083978127272 918.6419423732498;483.84944230680594 463.7468729527677;-427.2796169270789 110.12295224108175
1000,17,3,BBO,3485.7184321158857,244753.48334720553,5.729584483933334,nan,3030,3030,0,0,100,0.0,1,-600.9882423714395 620.4905222520777;-745.416352864515 -181.52902497889806;-610.0921307259839 -566.8125423046084;571.7434291018083 -395.90353712220144;973.5176603816071 216.0886924999179;-356.7121411784981 898.4342877949871;138.6036970677328 944.4058575040715;149.56168241883938 -31.851153887974647;871.7449213615339 -486.89550891915917;-27.511464162253333 479.2076573971917;134.86158655883264 -566.3381324140469;648.9737985719546 158.28134329292607;-291.37128686432413 -218.60923555513102;432.28011727339253 -809.4271308027938;-57.707906634162555 -978.7218488145013;-147.9884333989852 176.4683300741392;-929.5470092077967 180.82944219182582
1000,17,4,BBO,4572.826140321733,243666.37563899969,5.729584483933334,nan,3030,3030,0,0,100,0.0,1,290.29577920859674 -753.671470747118;136.4264789281924 980.2017881229422;-673.7151317225114 -638.6990958619432;-572.5479459703579 797.0317599111388;-253.95709863721413 -963.8489765666691;-236.47918165011413 166.51137126257345;-803.8579314739529 391.23804363560475;99.51599538677306 -27.676642542311583;732.3108149992695 324.2998797800317;942.6788985587796 98.74850516430934;655.0016584517532 -636.7980505067915;296.2295758231064 628.4016521092594;374.7017852727756 -426.05634446244585;-24.484069484031124 -623.750953289144;-872.4674939396166 -265.23964808561277;-49.47228465893818 448.48694634855315;-587.266335261756 -7.713981693456162
1000,17,5,BBO,4370.856618428748,243868.34516089267,5.729584483933334,nan,3030,3030,0,0,100,0.0,1,889.5690279796577 -395.8764718942516;-228.08807209435633 -957.6158019703549;-408.48300822804526 777.7144998184863;-893.7424022712574 309.0750617437907;-757.2693073666552 -646.8448899765453;-5.539732892879897 667.4729473115303;461.91640542883647 771.0563077065574;-239.02028048288355 305.92469287221024;631.3369646609447 -739.128230586409;-742.8807251211196 588.2913408499915;85.7381240436132 -136.7066097086622;512.992769861319 -419.00555699831204;101.60067514470666 -946.2243049518229;817.2520871317406 528.0213339739944;174.5945946889167 964.7615895648021;724.4749023316062 -3.4503093192726055;-474.4715745278696 -426.8108482242711
1000,17,6,BBO,4155.198040485237,244084.00373883618,5.729584483933334,nan,3030,3030,0,0,100,0.0,1,-593.3862487419108 -128.41786664710435;144.19831429035503 -2.922315158801098;-251.99986235776123 -12.104652135993547;-881.4602527743796 349.51258987476876;215.56795726300334 -779.6805492108094;-241.04724671002202 705.1413305993767;870.5311745150975 -352.9091008770448;-602.7541618015637 657.8390342830883;-968.0309727260119 -223.0423125114562;437.224305890265 -255.98139521656924;668.1597097712054 363.21350380102194;225.98915643578903 527.9393578370125;-27.12755004202097 -422.70269837364503;-268.66481522039965 -852.444388394048;450.5675657367997 822.3140578487346;-421.373666991244 -575.7386044596944;645.9278880837153 -689.1245621342385
1000,17,7,BBO,3238.1461556628055,245001.0556236586,5.729584483933334,nan,3030,3030,0,0,100,0.0,1,-583.3834806297789 592.9102091642781;-316.34070294348953 -908.2898446433543;496.4843470433427 -140.38164713617402;-780.4381698911686 107.82246343865768;-462.49880951987143 -503.3997404202382;25.867671184044866 -213.7731128246552;263.7295017613776 779.62474609272;-827.410839270668 -370.69384201716684;-108.97541527770943 -569.578973542381;-14.721419464158544 982.393181272919;237.87317788755763 -769.7082252297063;-293.5866301275387 28.22034300707969;972.8186165901529 105.03676395408024;653.1047504645994 -684.4530920150457;235.45996842457112 131.3822381914781;629.5635949247169 759.3930484890536;795.4237852685724 453.95989218955765
1000,17,8,BBO,5107.791383387143,243131.41039593428,5.729584483933334,nan,3030,3030,0,0,100,0.0,1,872.7718341222851 -322.38355578503877;-184.13260943171042 -284.2249903531417;830.1538755079987 421.1904591597879;175.52548465529003 -311.99621465292444;-810.4803893727803 -248.79577016785004;346.1436343618782 -889.4110064486936;-705.8877385225326 569.8011616160779;-682.8422078569718 -530.7748829211873;-337.497720040677 879.1007081495138;-353.02940091099197 -587.216582477331;461.35442474240995 351.53671741149583;21.87333479604115 51.030167785524554;-923.5252376151633 139.99086669859298;492.28238920648846 736.1587830377568;998.7647828409865 -0.6830396752446859;-578.9032748300478 160.747698142211;584.5423837364503 -488.52483909720723
1000,17,9,BBO,3058.985215429362,245180.21656389206,5.729584483933334,nan,3030,3030,0,0,100,0.0,1,-576.2246626095368 659.3170916091585;-577.909522157566 -99.7206303804279;-202.29431049288758 -875.5661967936728;-42.52245664509985 762.790208564156;-300.96287898488504 391.4183159413153;-588.2584953961756 -728.9011249593148;320.574807055521 548.3818318971707;756.0626558155416 562.4046780842011;905.8469449877282 95.29024392966403;-752.5887462415456 291.1529789121944;-961.5306983062171 -190.9846317742938;178.55628513058286 161.05766578121234;724.5335614449818 -503.0674039850873;323.186237337673 -276.36419398883686;520.9086885677193 -846.2560444459897;-134.25677118572435 48.89205907142127;-23.739146169752303 -271.72255941815536
1000,17,10,BBO,4194.1957985883055,244045.0059807331,5.729584483933334,nan,3030,3030,0,0,100,0.0,1,-268.173797024033 -264.55410468418745;-406.7893400325406 -657.9365323673436;100.29703995824002 713.8706573183695;-334.5299386530494 643.5254051462978;781.7029182122294 89.73810187483946;442.1425165452624 -428.4862343189051;-649.2346119205434 -311.67190489726045;550.8380506868496 -752.0726448979693;-169.61849774914356 260.4114424614627;967.2905193998706 -235.86631295483312;-771.0179831410043 -594.6841743460099;-477.5388887411194 209.61187123303466;11.026173835865848 -523.957582503233;628.5286991474122 399.90761150584353;-839.9507070338033 138.1488583542423;254.7404753502551 251.19916577039498;-941.6266838059893 -155.67724831050577
1000,17,11,BBO,4042.3068755962013,244196.89490372522,5.729584483933334,nan,3030,3030,0,0,100,0.0,1,-513.6233530690646 -556.1581223280518;-902.0370341030429 411.72367202970236;-305.3671695740669 -321.254348422259;69.44328713136338 380.1637288068232;294.50522923181256 781.7986606678223;-748.7560482359619 37.06796359933105;-614.6122193611352 747.6198878033447;442.88437534942454 479.71793647399386;-450.4226359886261 174.547662325969;569.1812582548 81.05456801185073;196.4632423387593 -667.5215482668901;920.5075207870889 -138.75839884889945;503.63481020584095 -726.7001359258669;-86.0382360661207 861.368777940067;-910.3484149280634 -238.3617533124625;-67.01235946875681 -900.4157391390548;646.7642881649926 713.8844388290856
1000,17,12,BBO,5159.3577820577775,243079.84399726364,5.729584483933334,nan,3030,3030,0,0,100,0.0,1,823.6979171714111 -436.3726635162968;411.2919613276474 525.338064220299;-385.3394325718356 -272.78613321254204;-44.04041269573611 -266.2238048858703;-24.27157123646964 -896.853089318636;-324.5792740969997 872.7434050072716;179.763857130735 920.5074632011408;525.5714896796019 826.9916094885732;-813.4091829070704 495.9770228628156;312.84064254417376 -858.2315819398882;447.1506497286757 -446.0392441121302;-640.51095534792 97.92136544710797;39.20890896591709 476.1184215517751;-204.56971254320467 174.28541506420584;-825.822865389538 -488.433008970089;737.2036751770402 521.8204146862176;-253.81444944895827 -675.0981005705137
1000,17,13,BBO,4271.341633934382,243967.86014538704,5.729584483933334,nan,3030,3030,0,0,100,0.0,1,379.11604757430587 596.2533210056426;185.12327355074717 975.9573908380671;50.89321343765573 -745.980748568254;-391.1384032653373 482.7850603346353;723.2086460622077 664.8406444093473;552.0128240141908 104.67801061964747;442.69353779425023 -742.5371437787737;-447.3665280238812 -53.73284291819493;-125.92077734063434 -150.8036523243062;801.6878025044532 -473.814015380624;-731.1988688594184 -381.39338649477645;296.9677609962673 -318.7537983274451;-138.97389010451207 820.621448240249;-755.0686639031001 548.745485282936;116.69901485554169 75.4606645328488;866.6824690674696 256.62058604429103;-472.06568190075916 -773.9570133732818
1000,17,14,BBO,3489.6722877061984,244749.52949161522,5.729584483933334,nan,3030,3030,0,0,100,0.0,1,926.1562586946711 94.23314711937883;147.075245568102 511.6501179230411;503.1300415744113 -57.9630284339778;-1.6587258446629676 -872.2837618708572;-638.3977703857506 661.7426514034028;-568.6352703814991 -273.32742275190697;-195.55262034412135 567.3631966163919;632.7209846580704 595.8050181786018;-793.8427144999167 254.98944542398112;-2.505796193982519 959.2588598335203;149.95791791020315 -349.16381322313987;-344.36621063506425 162.97757133572804;-337.6822009091161 -779.5653001759324;670.9900662348675 -531.7835663084383;-318.57014661505593 906.2486013955954;-931.4270248424131 -150.50726216847465;467.7745056277445 -826.6062400779252
1000,17,15,BBO,4272.096715709253,243967.10506361217,5.729584483933334,nan,3030,3030,0,0,100,0.0,1,-529.6416598644147 256.40473702003897;-427.2028999128829 -872.6567645517694;353.1096019642696 590.1302402048282;-647.2135476825367 560.4293423034364;925.7322352266892 231.70442312826162;634.4356529794873 362.37360741314615;-846.3702407471063 250.6665686559072;-366.8458259333256 703.0176222668515;310.5482378113211 -27.846266008108273;-913.762698302923 -400.34404448525265;84.94038409307564 806.1751196157672;605.9550268835353 -355.04102809483084;463.19538231337856 -789.7156680079984;-171.6964196922786 -38.90987583363858;-569.0054063061856 -408.729631198335;19.303583566318935 -523.2501838600165;137.85091481583936 -901.8094054662604
1000,17,16,BBO,3276.635529232881,244962.56625008854,5.729584483933334,nan,3030,3030,0,0,100,0.0,1,-99.19772271151953 85.17536161333669;957.9734059191144 -46.06234854238676;227.74965495696165 621.9629559466878;-692.2664727139498 607.3745612157009;590.441910601598 -281.4057004247219;-917.1883504702032 297.9191038079057;-736.4580456730073 -314.08295045066166;-480.2310674825359 -854.9907651598063;762.570423757225 -589.1036146608377;829.7261659345186 340.8940292391501;-235.8749965779108 -204.51373560686716;-63.79667341835636 -809.4694520347572;411.65190275222267 883.6063769240409;285.50751215453874 -218.55461602363516;448.68280474779885 -737.2481697032302;-501.216649732247 274.01193422146775;-93.87717281096025 968.0310783434129
1000,17,17,BBO,3148.8476810937573,245090.35409822766,5.729584483933334,nan,3030,3030,0,0,100,0.0,1,787.4729840065265 606.308534342224;661.1055370543622 -147.7033509502446;127.2502408092023 -877.2749090074263;-798.409558686348 595.034249102194;-743.8232994506136 -398.2380167478343;498.0625635431402 -579.6064466869277;985.8941217123977 -131.45623764058348;513.7104483774667 223.29729995647563;346.53517703890793 -157.9253736180242;-12.44777761193916 512.7447320646402;-577.2486064525731 100.89270983054848;-372.95727650803065 587.7609678829735;169.86112755864133 125.83415112004673;-603.7769260639279 -685.942058802846;-928.299190667324 -20.897088603770044;-174.83797245752203 63.57665040644429;-374.8575140830592 -434.4182529323888
1000,17,18,BBO,4789.246939869889,243449.95483945153,5.729584483933334,nan,3030,3030,0,0,100,0.0,1,-923.2537531538399 -372.5952849446064;788.0454676023219 600.4103207585306;485.7822835620202 -533.2267947391294;-559.5366793129373 401.50605182341656;244.2031980411714 -920.4968206207383;249.30941710842194 8.890062602162402;149.83612504646817 659.5022088987619;-112.62301550705115 -163.20371865613572;-579.9088002031139 -365.5145718170219;475.2587921691836 808.7120411634583;-27.020220343294568 324.33868730418794;-713.9193827468771 80.45734694763723;-373.2014710100375 876.9251018162847;893.4731231817207 -255.46989873041775;-216.5074844201871 -922.2271958600625;47.18688492661863 -492.4830519626837;-67.36451568718076 991.7921641992566
1000,17,19,BBO,5462.970920426451,242776.23085889497,5.729584483933334,nan,3030,3030,0,0,100,0.0,1,620.3196455085072 368.445420448081;678.7035681714995 -342.247877505234;426.53436396440884 669.1100045922349;-640.6212051311817 -763.664078893149;-75.80486642996334 -272.30623583559145;-384.29381741588656 637.7769816817224;-99.88969291240937 -906.8005003352888;497.12848969848847 -656.5195028195694;-960.76127299461 118.69265784001618;-379.5186111096141 -504.18253682773997;-602.9096588162861 74.350683651915;-10.926021235817075 162.32363425091398;-753.4636593255259 518.313469395001;72.35220182607418 705.4373505335698;763.0878366124814 88.8246654259126;343.0286489462053 -936.7809968357872;237.49434262608042 -121.11988709896116
1000,17,20,BBO,4053.7299977074435,244185.47178161397,5.729584483933334,nan,3030,3030,0,0,100,0.0,1,954.0182336264768 -59.30394757211798;315.0705042268987 710.333999959739;861.5536163328045 -377.43423965538364;145.25354760128926 -425.92498318065043;-446.97220976595315 -846.1819042179442;694.9871903726078 192.04197044575994;282.80157552391074 -796.1114119750437;-269.81826094891767 -388.6381074916758;-966.568707722913 112.95571136315834;-28.151731172421364 -879.588544382578;314.7320244549087 2.762428003636728;-234.927546742 501.85774211226226;502.63277114981474 -470.92676688980134;-566.6099816435515 680.5275132928075;-36.62478530165299 247.51591892673105;-659.6959639846953 -321.5339471566558;766.1410879925031 575.8349286228429
1000,17,21,BBO,4628.001129023673,243611.20065029775,5.729584483933334,nan,3030,3030,0,0,100,0.0,1,-424.64166918576814 837.0653514011726;518.5869499868163 834.3802473771455;-237.70550898002955 -189.71230968640373;509.24173388503436 -91.21457403318664;871.168039116556 456.68026897917457;-115.87465741828987 -538.7241507121978;-365.5222427884688 -902.9948717862706;113.78339636296869 -906.9088132561156;216.21179297969184 -482.98031547644246;-112.90552944565673 896.0043248395041;-636.829523021787 -522.5576546115537;846.9831536595805 -305.4666034426141;719.3363122926139 -686.1462987374478;-629.7455367208399 540.3363837086106;-832.1607978714914 169.36532169494376;-160.55136802503898 116.08233981193916;245.40885594687234 611.9475284677872
1000,17,22,BBO,3920.4676587312424,244318.73412059018,5.729584483933334,nan,3030,3030,0,0,100,0.0,1,416.736855981399 816.1365957108642;-555.2720749197833 -553.1578000293505;-568.1059480708959 583.3666038877209;712.0513392332366 -610.1254368135147;595.1508018780576 524.9648590380102;342.022792615106 -472.9406129407621;-949.9871740231263 301.21907775230125;468.3029140361698 -878.8285355802275;-203.8829589212578 -326.729063640852;-312.0675483342699 872.0965300449443;922.7637321877248 -152.33109434408323;104.89056998703245 -813.2962862541195;105.88647167466002 953.8794058376639;140.4977204735137 140.09168173821422;-288.6058754229755 -875.3764613855899;736.6977316316429 181.71596146231923;-719.4067721410187 -101.50906776738645
1000,17,23,BBO,7181.081596796226,241058.1201825252,5.729584483933334,nan,3030,3030,0,0,100,0.0,1,843.0626730833553 -151.69818153384495;347.34632207204095 -842.1191929821301;776.5893537832385 536.3927510257622;-639.5787164254285 -512.3027123310148;387.7186524251415 -207.2202914473604;462.4709088673678 456.5178568513131;724.2131913016879 -515.4346018790638;-379.90991287930115 -808.7914706329682;171.57942202808613 -582.4188517763164;-394.22034043639576 194.61030984110175;-204.5841226760108 849.5619972516313;-962.7693937079995 105.22639510084628;766.5641466083823 207.24966294370006;88.00215117389553 587.92592892894;-34.190157259659486 -343.6239443641258;-644.8755519542915 680.7734590021737;46.66547158067169 -932.0608971400766
1000,17,24,BBO,4555.968379993195,243683.23339932822,5.729584483933334,nan,3030,3030,0,0,100,0.0,1,225.1070507560928 -882.7609636938903;-645.7356118340072 -102.92749496001056;-378.0186461429795 390.65010662169857;451.8885212043292 -647.39730607292;233.18880396362056 64.84168227943883;906.0196358274814 -387.22965705629053;-560.9665234862864 -696.2145204789388;41.62015488241036 414.5996922329373;592.1121886294975 -266.50974549280977;335.3963283735625 775.333796164914;-168.1114256834402 984.955713644832;-835.8807724896915 474.8875696458074;-996.6698500637043 67.37699212303505;-201.7273203946295 -673.7257872137527;-571.3863858455342 722.8956931901605;32.585310048704514 -182.00306526756367;-805.3054517333167 -425.2033111877324
1000,17,25,BBO,3520.100830914511,244719.1009484069,5.729584483933334,nan,3030,3030,0,0,100,0.0,1,697.3966087409003 148.3433419647074;445.3541936517845 -837.3514135524858;-123.49966148298734 561.381970102032;159.7890545946682 -577.2326632564309;862.1858812313062 -176.53313359656988;-315.236451564072 941.3241213980896;231.58523283616296 -214.68619907635286;-594.9419441281483 -792.5740114300348;307.23108821636174 878.643298628193;-425.3492103859073 193.05246256085275;727.6295139108227 -595.7967023047917;-964.8679940416908 -75.9688237757972;-768.2082525006206 -358.4924604159165;-741.7912769980492 637.7230330699117;-164.14091011785877 -838.0084417841629;-465.6270931665505 -435.0977876851589;457.9830181045111 452.32745064036476
1000,17,26,BBO,6480.865618362703,241758.33616095872,5.729584483933334,nan,3030,3030,0,0,100,0.0,1,989.2778031539519 -113.78572617423322;-12.66809461394746 -85.33650210565804;-73.52802572967175 -821.1909568130553;-787.9331622753796 348.6523586970852;610.1713306786 -201.6423333866744;-354.62127074056934 -523.5312984934708;721.264543733191 -512.8210913384612;252.9757142130204 -280.4277574578582;657.2197503743212 744.3904573101045;471.8948731434002 -786.8486336589123;315.56388297641433 137.0734547624238;-220.49893469857068 425.2851724181378;-425.8752028526327 -841.2811622742306;229.67457990431922 875.9683187482731;-850.0102592850931 30.615110499815955;-424.11894867395233 13.784267346565798;-509.27023148111437 733.0976867358781
1000,17,27,BBO,4224.558593121852,244014.64318619957,5.729584483933334,nan,3030,3030,0,0,100,0.0,1,-30.381389284128204 888.6657281339224;111.02993407399504 -929.8066417522275;-323.40460024245306 761.533360644786;965.7474377182614 226.59906430468436;-625.4027778958247 625.7376642269069;-587.6078254461761 21.76401788312978;-755.8985630135344 -488.0013024215211;471.38493451715976 757.5905327689968;268.59182098651036 224.78259695187853;-870.5470828000033 -128.8807736974294;591.1859009862253 -482.8233686013492;799.6605973505798 -226.0184411220323;603.5461099867582 463.6636200565731;-334.84414010499756 -913.228449057401;101.93880568948657 578.9336644509779;-151.8352224326485 -355.3434275275629;155.91849260413392 -413.2718078302919
1000,17,28,BBO,7505.200443562469,240734.00133575895,5.729584483933334,nan,3030,3030,0,0,100,0.0,1,-90.36095776427032 938.8752964390471;10.133429732186187 -529.2612165721694;-501.1572761694782 -623.0666645427989;156.58993699758412 -9.540894445255958;301.02017709710253 -320.3318290878592;700.3572841502821 235.92620924421612;-216.68923359763005 -21.35026158234507;-213.83539354409663 -845.3152822915322;-880.7777722518391 -250.59893236053108;-528.4612561686919 -77.93652112676955;470.4890213468541 4.638828302043748;850.3906028837696 -185.92709116914637;464.03139583901316 546.9779710040905;233.57291620088813 818.1205611778673;602.4133625045995 -765.8239622914165;-273.808803202799 -325.1910097672437;-613.7954237743339 663.1034680804798
1000,17,29,BBO,4583.13591141926,243656.06586790216,5.729584483933334,nan,3030,3030,0,0,100,0.0,1,722.6089206125282 -599.714779559157;-586.3832415769108 347.95311702783647;808.7559970732684 175.9938982677793;-874.1826052317978 166.60176233416405;924.2258581095391 -161.50129225449984;-628.449068331722 -724.8210485961015;-656.8075320943383 -154.57017257883422;-361.30149910028604 -881.1410750272581;-6.3226381408017005 245.47703801892976;-972.5421331250408 -192.56042693310224;385.0008270941414 -738.5133138111823;-23.67607136776644 -586.0273585856785;392.0995912575322 242.25258657426434;-188.36503216098595 792.10749332456;-299.7782228117886 58.62164961093913;120.67557144653756 -173.37836994855843;624.8213967245624 587.3332941211736
1000,17,30,BBO,3475.096506736474,244764.10527258494,5.729584483933334,nan,3030,3030,0,0,100,0.0,1,768.4514779816063 -629.4783834601965;-884.0270126869054 464.751747947382;960.8037912507673 -234.8249877755435;-217.31262548947439 -457.8986962859577;-165.21551707773006 208.49089482805857;373.039226764831 -436.02465011350296;114.51710593825487 873.1069356661592;169.08292141089373 -873.5183575517116;585.8067900087658 781.9785347548068;815.8646899893483 182.10809545431061;-651.7852866575797 125.67763672085994;-392.9625183189702 -848.9420860921291;-834.8709058040824 -522.8648780486142;193.88832370824525 46.55560896508837;-979.0909641990651 -121.62163204244348;384.64964451341984 511.4931587572835;-367.76395438594943 837.6842058506575
1000,17,1,GWO,6691.461556412105,241547.7402229093,5.800759257266667,nan,3030,3030,0,0,100,0.0,1,367.6356861312995 -69.74380053060214;802.8171882832036 3.1032704499984245;-803.396749308885 -462.2537676032664;-19.814297404913283 -562.1382372787193;-637.6107376417493 2.073960485030417;-378.71692481169583 -464.37457139500884;-72.94901827242124 439.2307062272273;201.72072765808278 202.8349827081864;529.279811842585 -524.6112775623118;531.7547642065139 261.6271268253034;364.3562069364286 706.9571854264096;-444.57042030673637 411.08795606942857;-14.690578807383355 -122.81289555723538;-1.26903605263127 846.4207697477103;-973.5076052598155 2.5230889289078853;-2.6908931423048372 -999.8396274438395;-298.9022349437929 11.485179623169136
1000,17,2,GWO,5466.87964666367,242772.32213265775,5.800759257266667,nan,3030,3030,0,0,100,0.0,1,-6.612221037791836 -575.2394005762106;-132.23219652932463 640.624713350897;819.9553340773415 321.6121995442386;984.6262824495866 -4.096233679122645;-26.37712690068163 -39.34518538952613;38.118667019657885 328.0250472604086;11.122861694435842 989.9766783840672;235.42778640076827 718.3501226595504;376.9169711350061 -574.5613027255566;-373.0734054947955 367.15008593203424;-407.5042861999075 -15.02905063987337;414.8498524084857 351.14889269439664;-931.1217675991996 7.17626819306513;593.1416681608017 -28.609207410409606;-539.3917739415641 -334.52037273067214;-762.0134557309075 397.07095511481504;239.57209449893574 -236.94383041150914
1000,17,3,GWO,6525.643380924041,241713.55839839738,5.800759257266667,nan,3030,3030,0,0,100,0.0,1,684.678177709262 -426.58941473697706;-195.60968894433006 -31.139313738060455;471.4131002738 -680.6976601885026;891.3414485005878 -13.172095399271692;-405.083856625373 747.8809894638365;-756.8769702276801 297.0501029653626;46.71324931259149 986.537680390959;-308.2971295418188 281.0390410311388;-605.0238217167807 -6.758965177890421;134.65151817340833 9.595017612125087;501.20038605128707 -33.79495740367153;15.859589204729465 -797.371132545794;-961.0231977377402 -3.2082311173800107;102.16351521751828 -371.4113148785093;41.39134828351738 346.70418474327056;372.40993501016004 286.0293131166987;-379.896047742742 -389.9752935352837
1000,17,4,GWO,7633.133292484796,240606.06848683662,5.800759257266667,nan,3030,3030,0,0,100,0.0,1,788.8556436796499 11.65973864683127;-299.0880699879883 43.90981600957946;3.6289703189825535 -307.45849686926994;-403.7357340449496 -256.8141723249842;-22.39673923250928 532.1198786588966;-571.4084037685765 -796.3198268325419;0.6282205415602881 973.5119799122973;-608.9326178806646 724.1576698073492;38.845448356787074 -950.1151761270985;-657.413778858935 1.4056187551617911;441.2731219083673 -292.1572509507385;-987.8681584225887 5.276612787189479;-817.9704048594696 -435.7156067278208;362.3514305397105 143.41589038006182;22.762787917739104 57.45796092557513;360.41676571125936 -767.2440128054923;-185.5684867887799 -662.1055074571583
1000,17,5,GWO,7085.983561830944,241153.21821749047,5.800759257266667,nan,3030,3030,0,0,100,0.0,1,-3.426658113178158 -910.2681435490352;-547.5143761517784 -20.250559459526276;768.346019230813 -219.39217384260914;988.2927333755651 0.22089771999626073;314.44514265685706 -847.4340861145929;4.538596342571555 -282.3898553178635;101.87369587309156 663.1250664292897;13.076672625373496 277.55031904596166;-206.8333530530516 535.543566701163;183.05329852337115 -0.23042467362652655;501.2762982399823 -38.33014091700685;-577.9107569463636 -396.9547169259404;-193.8963115147122 0.5231830950344634;-145.36145171317568 -597.0413474299024;-958.637068063798 -87.5626337504023;343.4108745402894 -366.8943007536918;817.0849129276958 450.47067155717696
1000,17,6,GWO,6142.104674552858,242097.09710476856,5.800759257266667,nan,3030,3030,0,0,100,0.0,1,-62.178932971377314 786.4277718330133;-388.4798519078809 666.8319727383258;275.52484827062716 764.9878845646498;-64.71590203069708 -141.0684652921249;419.67508121571046 367.52924699025874;949.2811087901922 -3.637807703450356;1.2614151986928013 250.56693384444824;-973.5082333760619 6.53424996582858;411.8779678468523 -468.08652228802356;245.4532687891158 -0.8662567369270945;32.95878664953611 -506.5223937074984;736.7583790576155 -308.4536973159571;5.291877074386075 -956.0310204955662;586.5803883592991 5.7777606646993815;-284.24856780335944 -604.3041478383112;-446.329245464138 -78.73318032973002;-765.4177902492453 -443.07077463135914
1000,17,7,GWO,9709.468346645328,238529.7334326761,5.800759257266667,nan,3030,3030,0,0,100,0.0,1,463.51382986978336 -769.5525844792763;542.5000125475921 -2.3979072014608604;-320.8373641819987 -323.0098872538908;67.28272986849696 -435.7426090948909;22.593733056685988 304.64935444331735;-118.65718469177733 -705.8589094640023;-333.6593916095802 3.4357341796401286;968.350973954667 2.5669591792993596;-673.3038583129173 -32.452735392445625;-55.38557974970821 -140.5681963034621;-512.7685600439006 399.88379903197773;437.96688913019347 -400.5511506810592;219.69842043627327 1.770518863211909;-997.8402443236968 -40.01810017722291;-113.9737404033885 648.0783871926366;-651.6379160430412 -421.8766874231754;-0.09162797029293106 -995.7212735836605
1000,17,8,GWO,13197.120924657705,235042.0808546637,5.800759257266667,nan,3030,3030,0,0,100,0.0,1,761.5858873054655 282.57850737694656;-981.9471136782608 2.6709242246433416;-831.5632114433198 335.6449532422014;-298.31474186362635 -34.93829889415539;-625.6649255716057 35.39693471529671;2.507720519816503 515.3901042330463;321.4403594032635 -109.93620480960207;790.6229572990609 -439.5841501402239;10.875773687158093 984.7757748289891;-766.0468069675002 -262.89245624538125;-368.36418394291894 381.8093336504674;3.3695657815398743 -244.19053442276856;875.966966443391 -33.32060543531841;13.864354286585247 -595.177672796815;96.18705393173656 -957.2553043641295;-535.4136953331637 -624.4995835441788;-3.4037950089789724 108.87940399424112
1000,17,9,GWO,7030.900593090599,241208.30118623082,5.800759257266667,nan,3030,3030,0,0,100,0.0,1,243.522251729834 4.528956130281002;393.704614839385 -320.7404667472186;-359.54652837751314 502.357278927861;283.2755992805953 709.0191115910079;601.804428041933 128.95874535871505;-876.267944618322 -1.896568248461067;760.4811017807104 -211.49998461127385;814.9823874553986 434.71173642565265;-25.806825536293672 434.57820581626476;-499.612794568164 62.2298882641133;0.30263065042382925 -259.99907285620225;-23.452636228111686 975.9844828723958;-201.1325012078665 -556.1157315641104;-93.41441298341415 90.79178371886694;-669.2767111752775 -424.9234294949917;119.15107358222936 -553.9099419884825;235.26441300560873 -874.8962591746645
1000,17,10,GWO,6982.683809561364,241256.51796976005,5.800759257266667,nan,3030,3030,0,0,100,0.0,1,-1.1540743952498713 982.6571390067584;-11.132673617383686 -0.18043314295565485;-543.2989751694388 -288.8612434203513;-505.5345524505563 481.8244069482611;235.99750733808162 -827.7653261166638;-25.408891118572644 406.2200121740814;887.1177771798942 -4.9278485869471895;689.9783775318507 -395.36842909200874;236.38483722765207 761.462024356901;-681.2362246465647 5.963061938223098;558.3136818061943 712.3432315289501;483.06327553892805 -1.033834508844031;-785.4387404735697 -591.5003962077004;268.8763394336255 253.37780668246424;-134.74920036539575 -384.9439858430771;691.1925492142959 324.9108188094846;164.78991732452096 -290.90168521632
1000,17,11,GWO,8718.50018430641,239520.701595015,5.800759257266667,nan,3030,3030,0,0,100,0.0,1,-11.052512464106295 -449.51008386469834;664.4589709920532 125.0465782663699;-828.6983729681809 -4.584788723702347;-36.170773735500745 -14.161437376188232;-380.80736020776976 -2.71139782101617;323.59676008097705 18.16962126301192;596.7499394452833 633.375184572391;181.00463686276433 -832.515625057852;336.5425133808873 -319.85686153371756;991.9437858893738 -0.3414751585047415;594.6219856198428 -636.4221687105802;-642.814614945188 355.47741159433417;4.997393808120729 941.5796622334295;-31.755933266332885 348.93890615432855;857.2678832985918 -384.7313191130479;325.2972288013024 896.1067875499795;-488.94993670915073 -661.4057354890258
1000,17,12,GWO,9494.925523973856,238744.27625534756,5.800759257266667,nan,3030,3030,0,0,100,0.0,1,-709.0071493187266 -297.06962534733367;-3.071521122114065 319.62710502953564;-461.4952005485199 -15.993405182441458;-408.67757502859286 -539.6036532729016;-39.027655235934155 -616.008298092583;-903.6821318688403 -5.879067996012779;5.440865465216258 -306.8677503185802;0.03684886463846075 -992.4153543862129;782.1521004816976 347.1823793745951;556.6412049700485 12.02445463435234;209.14761852192524 5.62798847336077;906.9514360730221 0.9714765958837887;-652.4579801995734 246.38982705740662;-272.8190416023208 569.1692045342402;302.2127486792665 449.66863642227713;-108.77099972362169 -7.874164002063137;0.08208162913477725 808.2812335432371
1000,17,13,GWO,7175.888132311666,241063.31364700975,5.800759257266667,nan,3030,3030,0,0,100,0.0,1,-0.2434236679291638 -984.9372441738825;351.9704970969984 595.7244556651058;524.6547402134033 -302.55967343429205;-948.6817032023555 1.59144439990166;855.9245315147664 -2.3356724353513623;-573.6320586337006 -181.26052228794993;-8.828112705935519 -567.9474047719427;2.8725782799184056 -5.798293986953575;352.39529680464267 -800.3764060999232;-727.6368984229857 -518.3279530516553;-315.8484801232194 112.7753494176962;343.07904486420034 60.77219658181509;92.94097817101392 316.1695757207731;166.62740083866223 -307.1541717727736;-1.7396857661693135 908.6186371719133;-468.3882287621943 565.7516399158288;-371.27087806858543 -680.8975488533712
1000,17,14,GWO,10246.520785347355,237992.68099397406,5.800759257266667,nan,3030,3030,0,0,100,0.0,1,-259.65022159600716 21.151214501800712;0.39914739948886874 -995.2033076662993;297.7045393159322 -364.5665580912007;734.1925619593408 -359.44817509650926;-377.73261559657675 -322.49871753214137;-9.500806547109265 -285.3432025995939;-594.3441417860249 -68.41070765676777;472.7378077022691 -71.30499241929458;-832.9404013675488 288.4677301861807;173.7214270185357 3.289527130207876;-21.752356724915757 -613.9742124329906;541.5687635944806 273.2911843237517;896.6495551052635 -3.71815932341199;87.8788803628464 946.3189034371844;-188.16078292903725 518.7274160544139;385.6617931607936 708.9372380615729;97.14108143976357 316.61537398084073
1000,17,15,GWO,7271.166056249756,240968.03572307166,5.800759257266667,nan,3030,3030,0,0,100,0.0,1,365.96405228662474 -390.98501460532117;-2.3524103788664967 382.8991063908061;59.341942593745024 50.334917813628635;-240.47939701603346 -48.54961516675042;-176.41176778960462 969.2132644986755;-747.0472170404927 -320.05980616836933;-355.9719657598609 619.2160216347717;-14.11421843213005 -734.5028368362091;369.98875090083675 409.893983698324;506.78705995516776 59.0441971265765;-546.7129741439682 98.96686647590961;32.730866578602075 728.147145065403;32.105714591598506 -278.93353517412766;885.6430409380683 -22.32656615659698;-956.6662957554499 9.066645437874328;-380.6840220584413 -797.4620970656134;-750.4340186431012 521.580839923749
1000,17,16,GWO,7193.629411122412,241045.572368199,5.800759257266667,nan,3030,3030,0,0,100,0.0,1,-379.0435956882158 0.28019267159866607;212.05060838080752 -904.6939866581107;4.068467069206588 987.3308217183738;936.4859744704539 -0.8752670780813928;362.7160465064737 -8.103067317809264;789.354952083063 310.2485079887537;99.99088209110585 605.6705260414175;-21.743739989144785 -36.28015816765651;-913.8784329157176 299.0793363953183;-220.39678821066641 560.7251660635575;-493.8736847124639 334.56397762294097;19.159583939903765 292.48187350406175;442.7121040206518 336.8823342836957;-0.9431568405545252 -635.2827182645734;-479.6266035399413 -652.7954364453766;578.9597781580419 650.7320460674532;-736.7576411460436 -28.07392342452521
1000,17,17,GWO,9774.263210319914,238464.9385690015,5.800759257266667,nan,3030,3030,0,0,100,0.0,1,408.0977747507479 396.6733877497257;-702.5082659241854 -427.071788189789;-373.0203610660414 -747.4681617317901;-1.8117887014417693 36.42956483848351;-27.13289466443361 -294.4995864681029;255.34570800091842 -629.2291788422287;-50.75908364342387 433.49981733036844;-675.5871010337684 -31.75104149228241;284.02779486410446 -123.64120221064479;575.9433030341828 22.21070878917605;-566.4023849070892 293.60186372861295;-966.2804380172023 -151.70891194351887;-62.91961374354211 -637.340601877579;-325.575405326188 10.053029227660874;-2.62739104306317 -996.4417373510981;-1.1415411043745605 973.5422424233442;975.716667353231 -44.98123053171665
1000,17,18,GWO,11016.274167977565,237222.92761134385,5.800759257266667,nan,3030,3030,0,0,100,0.0,1,71.22224633228666 -19.26005990828176;-408.1439447074885 621.8873936355984;83.69387508854489 313.59428349633714;-55.820955357399505 602.2786402095129;-115.42005621907192 -629.7678632797565;486.027690765185 802.9465583800642;331.6175960223568 -528.8204511566165;-261.86481385171794 302.72409247584125;-752.2681229575531 42.486657563645856;72.90249148605592 -343.3044627960044;-5.609823691656053 978.1323005221458;693.7366787308916 157.8407753659393;406.8588242036628 -93.12462199915575;453.55170948986057 -862.9955676233916;3.195796215695309 -958.7973709207264;933.5427475589744 -112.33497142349218;-293.7307226945682 -104.2985623405318
1000,17,19,GWO,5978.216908555129,242260.9848707663,5.800759257266667,nan,3030,3030,0,0,100,0.0,1,18.600283994157653 779.3844823427813;710.974773260895 -420.12993182174813;-645.2904036067724 222.0931388820192;133.98317432231804 -696.3009123903626;-119.60374263770244 -986.7183616391716;-980.1027718211323 0.7111461883584144;5.578386285938852 -332.93159374303895;153.86339507119746 -28.392693226642617;9.80514114869022 343.92759510742127;-374.5709508200836 690.7837819803617;-480.90772606786635 -729.1730786263511;-796.4306371321827 527.7592445706629;-405.3927057273299 -223.18203166989713;903.3187352464639 -0.02133970873601687;-163.28124322173025 8.463546500972358;452.01359661788246 -621.2432415740315;507.0145676853335 -132.91731128282206
1000,17,20,GWO,11250.863282501727,236988.3384968197,5.800759257266667,nan,3030,3030,0,0,100,0.0,1,750.9902235970827 531.3716705735152;982.3031843565865 -2.0549480129345565;-231.17794047015425 152.52878045656465;159.81434501819982 301.06396338037655;-7.261965901150529 -654.8137516902515;370.85540225578626 11.268084568469902;56.51069272429296 -2.4736706610562913;-326.4442219399098 -340.6819755104914;-919.1525973739434 0.034390155353993916;-2.284251115618977 -987.2090545494326;-208.94017875603163 497.59126894491624;668.690381881852 135.72442843149793;-6.1544460651223405 -313.9687220983064;120.4375005796428 679.6790947808822;-592.2582175087908 32.49152336164144;1.786526427264213 972.9813318801702;-663.8287454952139 -575.6840062034433
1000,17,21,GWO,8426.93075911951,239812.2710202019,5.800759257266667,nan,3030,3030,0,0,100,0.0,1,858.8827858084982 286.5168364736907;225.08410681537623 339.4582553494536;5.526799697289353 -965.4009192832083;-29.45581035250051 37.023421608792866;-222.8693416240665 546.2116349445477;-361.17261446879826 -12.116708753485982;-631.3374530474823 -338.3382640340331;-739.3205243432622 -14.453141786449905;-26.803323530601634 -608.0060817675065;146.1998325628201 -301.65010931915225;652.8783165972189 -6.987693889624425;627.8521389454581 -346.3300091807728;965.7681664497632 -25.45232004317052;302.9870051475412 -0.6991803380305615;325.91785919150936 -693.1462326266761;-0.5296010361680081 806.6032838747496;519.6701493280104 811.3832691844818
1000,17,22,GWO,10584.448638480593,237654.75314084082,5.800759257266667,nan,3030,3030,0,0,100,0.0,1,682.9842643245416 632.7429677423288;778.3934936941426 305.7480791081258;553.7491545433687 -6.241343331526838;-585.5079112460929 -5.6137745060649396;0.09156347024128042 -780.476234772142;-274.7809733750989 -483.9138007415993;374.1524439426717 -306.4890461963975;-924.0277982595126 1.5803988975278485;243.50644326024408 -7.905972516395224;782.6435752894977 -220.37907430508207;674.5921903151731 -520.9658898126114;319.87347797184503 432.2224981844453;999.178007507559 -0.822113470586571;-13.194146609574142 502.71340056991147;2.479095140253498 184.6862497793934;26.68893759045554 -391.9769730640757;-259.9787030274761 -21.913405615594158
1000,17,23,GWO,8370.145936621702,239869.05584269972,5.800759257266667,nan,3030,3030,0,0,100,0.0,1,-969.8432076660156 -67.32894438237143;347.93635281865346 357.2790137146231;655.7777910876657 -29.510689900167495;-441.82145526351496 -842.7394071659891;-425.8309063493927 469.2152535646285;-849.7002655298817 260.7097941506671;-303.81602361688954 131.10425994761553;3.036411529329776 754.2697129366912;-266.7549891106405 -266.53472435170073;325.6256057092048 2.8565297772426206;10.398311909537016 371.04022824786415;4.07135171266881 3.030130782761089;4.413211117906362 -704.5337087999184;374.31704556594195 819.5254935399262;-610.7608290093638 -327.1951949669641;496.2815098888277 -560.7807979267358;975.9225220218764 -2.3782292465036305
1000,17,24,GWO,10123.842332242464,238115.35944707895,5.800759257266667,nan,3030,3030,0,0,100,0.0,1,-35.54475244913511 388.9159047373125;439.4940816507901 -4.701887803193515;-629.4975184160531 -79.9401684585621;0.3207472820690998 -0.854655068392549;19.26783021593371 -333.6390701202123;-722.2413203011548 -606.9976098320107;322.0503075136653 313.60970744254;101.47956338079798 -664.6455185845876;-63.13328729185267 -951.3928947595987;585.6580162214447 -666.2787925302306;-393.9573319118763 -511.5559602802623;381.50358803975786 -330.53500170159265;-974.5671253374809 -0.41031036743151034;-492.01857342736884 212.77443946004578;773.918024092152 2.297968223499275;94.55026974596736 759.426271759938;-349.1421215103062 669.2163014925101
1000,17,25,GWO,15129.8691527739,233109.33262654752,5.800759257266667,nan,3030,3030,0,0,100,0.0,1,-789.9593341717491 2.475503860167356;-4.41608818685837 -3.291031947338952;302.9065689227125 -879.9647483084085;531.4388463186364 244.14671315960558;39.600930769087036 -667.2165797810485;344.6074788503095 -454.2295004301939;-364.8654719514943 60.96368446708249;-5.56277714486781 389.4122232880762;630.4890926058873 -251.8753563035045;3.769992113171855 -331.4645856790003;285.6996964548419 690.2312104386634;328.18252214353356 0.8882372840041546;-317.9717909721865 -874.1570880129685;-916.4727652121907 -335.06781080748965;-343.63890967192555 393.9871816722528;-58.575637273680655 854.3631688367665;-3.9243058390130607 -989.6997900888833
1000,17,26,GWO,7831.352686843049,240407.84909247837,5.800759257266667,nan,3030,3030,0,0,100,0.0,1,-620.1768826106735 -512.8016350076169;-265.3852741207215 -751.6021322637085;-65.85751209424215 358.89663581563394;6.340694112585445 -981.5383819888681;539.1829319600168 -73.92847583958572;384.0514443660347 252.51778628035308;-372.51185367096974 625.667736925998;171.41912028048793 628.4332936262966;963.0985412438405 0.4776794525712161;-4.473194014157224 -9.219231170101475;-822.3970528817671 71.28781209375906;597.8528603683955 554.1296214611858;384.22996440367746 -588.1737295672428;-424.26743341811067 -67.68433700625975;0.3429957469667704 941.4836197701134;8.472411623221912 -406.10294863335156;700.347008675748 -413.40369234345707
1000,17,27,GWO,10354.14619585994,237885.05558346148,5.800759257266667,nan,3030,3030,0,0,100,0.0,1,-335.47915674573767 8.453331738445621;307.95476640882055 -284.0440215729002;340.0846059737316 829.7490417633368;0.4896897293279323 -999.8181578150866;13.99222713486521 950.9986182904846;438.0200157429185 115.60516271226261;-974.7657382588823 -2.233721649434347;100.8602645684246 -0.9623173954727392;-645.8158194989666 674.1697242356266;3.6079787470756504 -649.1766534136071;-642.5988482665783 -202.81797122625449;948.5816255561402 12.768179725568457;-305.40957786219934 386.1104147480309;17.523838783526315 422.75609143897117;-448.40016342432847 -709.8488715561315;578.0142990887126 498.1175005134187;-49.5552227323384 -317.144404663923
1000,17,28,GWO,9817.953836148256,238421.24794317316,5.800759257266667,nan,3030,3030,0,0,100,0.0,1,-47.11315660100422 984.9322606928113;71.81328319565496 347.8236181403531;28.60456815103059 -425.03153626569105;-959.8455285814151 14.786777031250304;1.3167950692234747 38.69796008692751;-417.91893917553284 644.090290397484;-38.29293261743135 -904.1747140816618;-728.4224646206758 314.9493461586198;367.24384088927565 -9.404454898464957;746.5919826165715 147.90020125469323;-237.48654690398362 377.4409591218216;-311.9749005801129 64.88080502503102;385.78558952437544 371.0841968106465;42.42883899182303 680.5556139344159;589.0691835558463 -358.18656118930556;-609.8697216195945 -56.520838976428195;446.6817284488713 872.9930038174858
1000,17,29,GWO,4239.318670994457,243999.88310832696,5.800759257266667,nan,3030,3030,0,0,100,0.0,1,-51.18805379026083 -783.7198047139999;-391.43268266845126 -2.5128253542766217;424.0301744211718 473.2399808042948;-606.2477058136745 337.29090170252704;-256.5022178257971 311.1806856572995;137.55864743947666 -304.20174025971886;-216.8539309975653 -340.2394906637321;273.66173922351834 45.91658200374096;-957.2196968011727 -0.46421983925732396;741.2680439055042 -316.8872878707935;404.83846142163856 -632.967811420587;1.1867055187306554 693.7695040574639;-671.7357187019976 -453.1326134493316;956.9356143288865 106.71708319007742;758.3594838216486 411.62148376818095;604.8848270490456 0.7238583503037223;-56.590971727271096 8.970136390032913
1000,17,30,GWO,7808.898738227319,240430.3030410941,5.800759257266667,nan,3030,3030,0,0,100,0.0,1,334.7053596995684 308.0736128371406;-4.759280709361151 471.9919066201143;-967.7658346843904 3.9264279894602763;-0.7824018844079244 937.8335207871237;371.41704693365244 -828.3233206178139;998.7394513750745 -0.6952534796473403;-283.0507142071826 706.020346780707;311.145202372534 -45.453686226166546;-490.276711173651 -832.3025458828662;-819.577083338053 -300.17107534619225;-492.3856672682905 -3.0328199219908014;-2.921875234200142 -5.369254785693395;433.2736569176672 -431.268158959778;41.75111271078445 -708.3192790167976;679.4384818261741 -159.14871102986766;-81.92069957387297 -362.2930537979878;-635.1078608177506 371.83821712965573
1000,17,1,LXSSA,7594.402835942339,240644.79894337908,9.794435215733333,nan,6030,6030,0,0,100,0.0,1,740.6920261540403 -619.089411330027;-181.12454591069533 28.50196755650207;-624.5963311406449 -616.7057741647681;165.09391749383832 676.7322732262589;51.71350011779982 -588.0641329303526;720.882129964382 480.20546126202197;-704.5998989090235 240.40155200966623;354.6776717535947 352.10331223060336;113.09139956450855 -247.30767026912085;-503.6424381395365 -56.90373258505393;434.4349553250798 -678.3674137006311;-221.63237350785673 -304.04428385459613;631.477454878824 140.2824520576879;608.2006021880817 788.5644983669574;-848.5119457670394 520.5501755695096;-508.0896765307433 766.7113790029354;497.5777263448895 -303.0824487155343
1000,17,2,LXSSA,7027.046775470837,241212.15500385058,9.794435215733333,nan,6030,6030,0,0,100,0.0,1,-749.1132419928445 309.5280713924128;-39.11784487425162 -31.442079109994985;-280.95553140028323 -847.3331191221739;816.57879037698 178.60471210315416;474.19686606879367 482.5431558470969;506.07653611729603 -17.087756965092005;34.73078612026812 526.8310923023242;215.3376951056355 255.2948462031743;-510.2912197941696 -50.09314125521464;-505.85013868662435 862.608983619978;32.482823355104046 -755.7510921907178;478.00607649436324 -634.1177648889351;-320.3573907056289 597.4547217978629;-437.83226932327983 300.576723607913;-994.9299256341642 92.45760370175515;-134.86397367935928 -410.4789174788387;-591.3340037672568 -428.08023464580646
1000,17,3,LXSSA,6363.492511579883,241875.70926774153,9.794435215733333,nan,6030,6030,0,0,100,0.0,1,570.9656495902167 677.4988355751414;238.42804455242134 292.9594553879244;550.5796508824974 314.8081576825241;-745.9027221927954 53.27721664194242;547.0930242808575 -313.5963400208351;-471.7620828643372 661.1800731888198;828.1207531098709 62.50840562744787;-36.345584374025286 -929.5359714840886;-447.17643865166156 -599.3337634147091;-1.3453180294062144 -278.79715583539166;-284.7184251619664 349.6793484754811;435.2990862481031 -625.7887582744218;-328.4736982618379 -249.09000719922446;-3.8800406365833195 539.2875133296233;-665.2341405891665 -270.3897534752009;855.8152750976714 517.2815564268666;215.77486944111655 -28.465696096360116
1000,17,4,LXSSA,9882.433612963447,238356.76816635797,9.794435215733333,nan,6030,6030,0,0,100,0.0,1,-249.44123062422852 -458.07912118553554;102.495704037042 966.8545012319578;-720.6462714967513 659.0772872619226;-316.4896336205998 922.5132007194408;781.9351345890668 242.9093038635333;-522.793866790973 -269.91235407606933;-877.9017218340795 -338.6902749832627;-394.03726195358144 275.19967021381;-227.52112854064174 -95.27166917976264;-7.275840222437746 304.8142750855569;125.50991062890346 -992.0922541175722;-373.65690982150693 600.8553932207692;567.3940205142601 766.7098073979981;-544.792934929356 -590.6333607223563;-181.83623079740775 -850.5604823783739;347.9790273594702 -67.55895447502303;93.06104974929009 -347.1451576857271
1000,17,5,LXSSA,7676.603583516146,240562.59819580527,9.794435215733333,nan,6030,6030,0,0,100,0.0,1,23.905311517423304 695.4712557603732;-135.96907409829953 -83.30297738393723;-314.65717712140577 -483.9612802412682;-584.5272311496502 -190.44761939463456;626.0755891726409 398.5583199950062;-676.7366228125636 705.1539660163953;-274.950241117139 -883.8493627323487;-944.7797277276413 -67.60808216058278;833.3728156108298 -180.25899867712033;234.93519837625942 60.95620654813738;213.87808438873824 -321.08744436361985;-634.7716536999657 271.4451343763118;272.5302835994601 505.16602714891974;32.83627594646244 -614.2104594188907;517.6711333406731 -175.7121883042485;302.08536767402575 -920.938455067106;-313.1087837454348 535.9123566442131
1000,17,6,LXSSA,6008.743520663964,242230.45825865745,9.794435215733333,nan,6030,6030,0,0,100,0.0,1,-574.9515524687014 192.75550726917984;-20.366889062246766 93.30277412922565;-377.17469077042347 769.5265835712561;203.01321883878578 -786.8440925932385;428.28701914118164 -462.36929733020025;631.2341675257628 460.07356292394763;-541.0830571249634 -391.49289740637596;-331.1165464862949 -20.23063290071532;426.4885710843822 891.9068825504766;-252.69462557695826 367.8524070761674;854.5319133109155 145.41540767389688;-854.6052499602548 2.8896805428978816;926.9028345768055 -319.0238420748214;-689.7193169678578 488.6804052962824;-22.60341416013314 964.4167608043844;-783.6944580303737 -609.1258471595584;278.0092311618305 -11.121004319095062
1000,17,7,LXSSA,6495.773088958056,241743.42869036336,9.794435215733333,nan,6030,6030,0,0,100,0.0,1,-139.8899164319022 -808.6840172267432;558.6190744000113 261.3838716215;-34.54934540579301 394.30025548006853;-225.59180584529472 102.76194270313356;623.7741649194667 -376.2508235987659;733.0097377278859 -45.432170170579546;145.07176593285166 907.719522806996;819.0388348162421 528.4523664062091;-484.7014779591091 -630.4357882764298;282.6178250121318 478.51584158500486;539.7107097338791 665.4090499637664;-683.8929674918979 -58.14874658687508;-914.1065144046138 327.94381017717427;238.69975685250645 -431.3867235455975;-665.761578613844 597.347885857882;149.7250343472091 127.43996579315214;376.2747817560667 -723.947992954228
1000,17,8,LXSSA,8546.136273011594,239693.06550630982,9.794435215733333,nan,6030,6030,0,0,100,0.0,1,865.4400469332548 211.32830021736447;706.3463640386617 -557.4132824447756;-732.5975029664988 586.4309371859953;489.71931911853756 -824.420809156985;478.0223397145711 272.36580381105273;165.01531917529385 -254.22247752305304;850.9311669807612 -248.69473994317644;65.55893858535185 559.2645247713281;-831.730206238836 249.71029295693094;-574.4876141055297 57.649288583746205;-283.08918299445793 913.6837003062309;-247.9995290026564 156.79342580849195;447.75872613222793 -386.5036823519604;29.792587910945826 22.506338116809914;637.4153101415556 586.9905559760635;420.87847987290155 -52.88738418860312;162.6562990360043 -903.4093883670006
1000,17,9,LXSSA,6635.188352501224,241604.0134268202,9.794435215733333,nan,6030,6030,0,0,100,0.0,1,257.07956447742384 635.5410817277979;225.47509402338017 199.68234325608123;105.9477263846976 -634.834132206991;401.25518379439035 -906.1582219338205;260.4570861137502 -187.83762474921596;-582.976008025062 -798.2079958226315;-346.498800137487 66.35480191224326;-533.9782369507097 594.2075508211573;-954.2232638440365 -27.980260391238765;-385.9728188361845 900.5078194443663;-36.29561868356338 -343.26872873826187;601.94865306113 52.654641207422216;-750.2184739463609 252.11733892218976;-365.4829380571858 -286.3489616735115;580.7684696748679 -533.7996808702565;770.742189953619 311.3999471758874;-131.37796672377462 -961.347862462843
1000,17,10,LXSSA,8247.590584774909,239991.6111945465,9.794435215733333,nan,6030,6030,0,0,100,0.0,1,530.6463069268376 -50.15498726185788;678.9827640146451 -323.0750373866504;247.1264233462618 -313.0211662494527;-760.43886125649 261.1513762347414;322.1856867839086 380.864699231842;741.1880831643634 -660.257995306792;-545.2704351715888 2.7502148365524524;-32.8390598466634 -110.31131786027854;-211.56005384032426 -778.6995134165162;-578.0319436569532 -417.17767207221266;-240.46753083964222 201.25978649785384;-52.67610902559298 -508.4634207321583;720.2082078687022 609.1718323627667;694.8876999429596 218.12616222481773;335.92206618576114 -790.5688331830247;20.16320992788399 509.96075021488406;-292.4658097245053 -301.7437822701703
1000,17,11,LXSSA,2.1763434884358154e+24,236637.28177594737,9.794435215733333,nan,6030,6030,0,0,100,0.0,1,769.8100892194371 349.7362793601465;-840.0468295845277 413.0734720069459;-597.1820391396551 -269.7128042393073;579.9134220233829 -594.7321736585807;-86.99521435165607 571.471854471159;360.65870986938654 -929.7226774948072;-250.83137057403255 -114.98341993240518;121.42367488366364 -904.45210626394;929.2574916476474 -135.57705538041083;-150.96195694919166 -769.3993059461485;-314.8360683926902 -946.0245531852569;119.57102156459204 364.36925559006494;567.0937527091291 -823.6534551012795;-8.517232335169886 -329.4753117858893;291.4506405339948 -637.5224064454359;-421.6451175943682 -652.7866848639801;-669.2577269871815 66.38166127046355
1000,17,12,LXSSA,6518.050816835894,241721.15096248552,9.794435215733333,nan,6030,6030,0,0,100,0.0,1,297.32600499454855 104.08896715671435;867.0836100066304 -444.964641567563;-44.96834472675931 -484.51599913743297;-980.1018952936212 131.4170849228332;271.5071726665678 636.9129053159648;-861.3869955532988 -209.20474624752651;-361.84170428897187 -368.4875166886346;-470.1671252921051 -68.75601678977273;-202.95294178698148 406.25589555378536;-503.8185634465242 511.83283203824516;652.2156587945974 -146.7754498502937;239.46283661206485 -622.2784453038088;-721.4997430346859 -678.9596873768113;178.83263488489328 -250.69638914696003;-161.85883330593072 955.7054679092596;-667.0759942240524 175.53023634129448;705.1365419320863 680.5449536730812
1000,17,13,LXSSA,10215.123267777468,238024.07851154395,9.794435215733333,nan,6030,6030,0,0,100,0.0,1,-157.44607996676967 757.7047447916452;500.06595111118077 -321.21977550018636;360.3412735080308 466.9839071876448;882.1842456283026 106.0776652481709;907.0386056768635 414.5553232656079;-543.7805479247985 269.12724717084336;334.344997650763 152.19004145346238;627.3486164491657 285.47853695087105;201.42021341330255 -706.7975287525308;-234.06250944490296 172.34023715018347;-687.4316146340932 -446.30796411390304;-81.35435553175513 -120.87865490986253;-793.2172094463734 -32.19874096465356;-461.72739867507016 -43.977854639726026;590.8733764489444 -25.557180666284353;-871.0368905471353 426.18211618697063;50.923393177145655 452.2626024383596
1000,17,14,LXSSA,9346.65326551345,238892.54851380797,9.794435215733333,nan,6030,6030,0,0,100,0.0,1,-795.0283977033565 -290.66571085447015;762.718580121501 -523.5542538360927;-600.2732172126348 395.07459660801953;457.75801557241175 443.86298717192835;781.7841340134754 141.6128587790919;109.03447160342157 328.42938150052777;-447.06184903155105 -138.05182027795146;-817.5361227802673 175.25499401970805;-213.84094256679444 436.33773650708105;-271.98089103661636 115.47715652401081;566.4007498313716 -764.6948776752787;-355.2914119848655 -481.35127032076923;-383.8750893159513 908.0273813122442;338.7572751668476 -149.80489044732727;151.3201109813859 -542.9851855739514;759.6146927317036 -172.4076790632257;1.8718097686943174 907.2025126752218
1000,17,15,LXSSA,8534.896667874185,239704.30511144723,9.794435215733333,nan,6030,6030,0,0,100,0.0,1,244.0266436270038 -880.0335307602918;803.0252120215218 -293.1539191698921;124.07118635695528 -37.92952764364311;-520.9294080968778 701.9114476332371;-812.6551944711573 303.86463021268077;-45.56975025713837 261.4356996132983;593.0836576758155 -802.4434971600051;759.3235678914043 225.0054770750827;518.8515700844964 -427.9258127898176;-859.09713697851 -221.49165594110622;-24.729677136862552 -364.57504501787486;-496.7063967368082 189.16805366180515;424.22547715147977 64.12549594229313;-342.0390556287445 -302.7942791941293;-200.68388107117735 -16.775208944482028;-632.0178640247701 -651.9890625353487;-192.11567314080304 591.1098249572161
1000,17,16,LXSSA,6483.005051577056,241756.19672774436,9.794435215733333,nan,6030,6030,0,0,100,0.0,1,-93.31416474675947 805.5095527561934;-777.1775544903127 -508.633480970311;-560.5099870468287 -801.6571059992726;233.24706024115864 398.47609435949744;560.199711292539 676.798101819139;-763.2936684073729 140.0668734844527;209.92924727803663 57.38708045152579;-376.06765714399256 -491.16479875858573;814.360001406512 -340.93748935923657;-483.99694967111355 -170.96615290038213;170.7216582964572 -267.58995336434856;-874.6067311733976 484.70837734107414;528.0580844956912 193.64401616464662;-883.6072860547033 -187.79345311977573;-538.0984359882034 372.2643999596189;-12.103130203208943 -919.1278890899263;-150.23709038064794 333.1711621711205
1000,17,17,LXSSA,6252.41023698097,241986.79154234045,9.794435215733333,nan,6030,6030,0,0,100,0.0,1,354.7171144627531 827.4505955342747;474.99195566286886 470.6020994333918;201.2976124468092 -903.2872826046529;-688.909821560829 -634.6439426522211;-132.95740029652487 889.5662465692244;-532.1950966837794 418.2169514745995;569.8783785030863 -736.3828010432838;812.8023405771628 295.6382299745376;-653.6905499982716 -213.8170669497766;-686.3523000759612 136.9638537925335;597.6991806404474 -211.78028653220755;-193.04687044694978 507.4045627627692;341.3435673310652 -433.32177638800687;-109.02546297106099 -887.4044599279765;-263.522137192339 -614.0363717075363;-66.7992824573126 122.11977127416444;969.503212562903 -242.24296719644417
1000,17,18,LXSSA,7780.080279264395,240459.12150005702,9.794435215733333,nan,6030,6030,0,0,100,0.0,1,-721.5020336560007 -305.87145780405615;226.38230595563107 -255.00859440761562;-631.0197460386595 220.9014346986266;227.33737001779292 562.7141156878462;732.1564859831633 543.7080668439261;508.9369344439097 -69.19992024569605;-296.5898887699757 -705.3107790410421;-974.9487975613803 155.05853744545087;55.905877801929705 39.37885346887725;630.0825568680028 -436.09592805591706;303.53545095320885 -828.8445486200964;-654.3595512165266 608.0831464818851;535.1509871695956 264.5765731154128;350.5614356892297 903.1565236757025;123.19584280640412 -556.9369535252742;904.0084802936477 248.57956636889426;937.0030749744103 -126.91501812973405
1000,17,19,LXSSA,11016.75525646581,237222.4465228556,9.794435215733333,nan,6030,6030,0,0,100,0.0,1,30.311691164705305 333.0359611610655;734.3286540648545 -443.9680021712512;115.15526344552386 -982.0075912650066;-877.7069280316081 -379.6097601327436;908.3998607290199 223.62641097804536;-786.7644199193367 587.0984401505171;318.532406341091 -374.0834088754542;539.4918621614081 -131.33820071307784;412.90126793546165 522.2434347328358;-793.6981431736267 271.49706587571404;-998.9216896181499 41.82728238908655;-483.58576096522506 160.20575878864744;-707.1095092502575 -60.974627760972716;51.70567391398261 -647.4416418236035;482.0945643896569 841.4366777060802;-233.34361809522775 -263.03041983066186;-159.10339684415592 78.36261687186058
1000,17,20,LXSSA,6738.9854266612965,241500.21635266012,9.794435215733333,nan,6030,6030,0,0,100,0.0,1,569.4775381169527 -459.52535910337485;857.0109418917758 -100.15563247181389;-114.192371304869 978.26471592364;298.7446654424364 27.176761590888876;-409.69128807014505 796.6544037553726;-767.2518602482139 609.4564317157739;-814.7586593667952 -158.32466781298493;628.8495657881397 586.1752916191568;-498.72799863590706 -241.7077082228511;243.09857398756787 -524.0321291436248;-88.66761725187835 641.843742247195;330.6134437192583 378.36424637977416;595.1757444113708 132.69253515095716;-57.326913594357855 185.2780937562848;-477.48712169630676 242.13026441474568;89.73633931050529 -971.9828201354417;-73.39270961390078 -553.3964266559817
1000,17,21,LXSSA,10028.18832376445,238211.01345555697,9.794435215733333,nan,6030,6030,0,0,100,0.0,1,-46.35582450288907 -596.0725117141234;-396.82992907669296 -361.6136322273172;-663.8419777812137 577.2629372084756;294.99712092228447 -146.83419170241717;230.4998869789702 -449.4436303149877;411.23015198400543 463.7877280215187;-829.1513779881807 39.994632738530626;-507.28205179251285 -37.96214036383591;-496.17473527695023 843.1236839116345;489.64211450609406 796.0078794241626;-25.84633060038415 -211.06659000206585;388.6994859814117 156.61063468551043;655.9338685898103 -32.20261642852379;-536.8957442647691 -820.3137281952725;561.1650961477181 -735.7561297893437;255.95010519895936 -838.7305577758349;678.2462921092264 -364.29807803476666
1000,17,22,LXSSA,1.644014423655503e+23,240977.97038279934,9.794435215733333,nan,6030,6030,0,0,100,0.0,1,-777.6405988216025 -165.23989534521186;-406.1684144908283 -196.96692672356147;-552.9995019650604 43.195193727700584;131.64372371061123 -84.88025865293713;-267.4413645795151 -781.023917692892;12.801794869827788 206.3088597825712;850.7464866798401 39.41756595297273;-104.8596959271493 -283.6465352791107;508.17866934031235 90.19779265681862;-576.0338650864525 -532.9821446490564;-278.7432554866414 183.47050864530664;261.31569062443845 -472.51769890924464;-386.2487815681382 922.3356678771848;29.560818774413644 -726.3529916940474;-646.1633109952008 763.063959084717;-841.5337830318527 540.2044377930134;-743.3957504612383 267.1081538003633
1000,17,23,LXSSA,6344.918658932758,241894.28312038866,9.794435215733333,nan,6030,6030,0,0,100,0.0,1,-647.3260192221544 -689.7569491736473;-139.7674000719377 -218.81266930884848;660.5687933312553 -390.5071235759278;-735.4433138335415 595.5871122140794;-24.226361080875648 -927.9882738552794;367.575106357874 -149.39817556050502;222.12307595154832 -557.7470823461789;-329.16175366457924 158.53304453112577;388.9917354901355 582.7200982817544;-241.76952354005357 -510.3418514385595;676.0432494883833 236.67485012418234;222.91091956871784 890.5833592656243;-879.4186897917251 111.96101963414674;799.5442322663097 -67.13173629280988;-596.8372199645606 -38.18968394470786;9.77191551209801 57.89515146553987;-532.1260057730036 -367.3386051403453
1000,17,24,LXSSA,4.89848814730885e+22,239145.1380343701,9.794435215733333,nan,6030,6030,0,0,100,0.0,1,-787.1272636469246 178.6100772561817;-434.27644069440976 -780.6233443990427;959.5417505039638 162.57900791569693;-588.9998087181053 -491.2521059372829;188.43041863668378 -919.9742056401257;711.4653737675321 -14.254357798063245;900.0566236786934 -364.34237639426993;-13.526304425439182 276.20535566977566;-233.48282860471693 -234.81605904207538;-308.25697900683866 641.7209100088878;-737.944827352297 525.5154077517278;-498.3703966613871 865.5293794207538;797.9981911439795 451.414626434383;337.6653210671436 226.15293536860074;283.6856536347826 703.3888367086852;-466.1348541013101 380.80719233904404;-16.5346255425815 665.4336591863685
1000,17,25,LXSSA,6648.68638097879,241590.51539834263,9.794435215733333,nan,6030,6030,0,0,100,0.0,1,-462.11654641955687 496.8925064995627;-311.4934125131506 -520.908791585012;-450.0920249433546 -810.9167067134028;67.63299314555978 95.47054661796932;971.3624560566519 -100.81161652741113;716.0705970480624 -277.2397697874293;201.03867553956988 -602.311080817813;-686.5410863460962 -270.7562460631929;240.45687213171448 546.1385395577582;-358.8921712589548 789.3896234158042;-540.423128061024 180.35367929230364;-97.22613056024686 562.663909543379;-743.3273660805438 645.8497430230412;-718.2661092139831 -647.728231655674;-285.1225666584128 -33.435736977823915;397.66846575928264 -328.0161375842434;327.98591534474735 900.0834247362677
1000,17,26,LXSSA,10198.353535168018,238040.8482441534,9.794435215733333,nan,6030,6030,0,0,100,0.0,1,-659.5194937337743 634.5351233116135;-712.1567551597849 325.54167519704777;104.69884707513346 512.6568120790065;467.0007220613665 453.87921675485626;255.5219608942114 207.44526764209422;-184.35251185877394 -410.73491064210964;589.732660314864 788.25517168727;681.6296719417851 -517.1469920041048;-155.68866057809322 -75.1200413621857;-88.46376197386331 235.3329904988757;-368.5778172133606 428.01231192541206;255.58561952748445 895.1288364637034;155.97230489659458 -502.0504820483405;556.309670407229 65.49935480606091;927.2414366812151 -136.97535582383657;198.8898964005656 -941.2568724663313;330.06214023115564 -198.03125462423995
1000,17,27,LXSSA,6615.763171983039,241623.43860733838,9.794435215733333,nan,6030,6030,0,0,100,0.0,1,892.7507974552988 -15.142428780168435;-88.34425680499561 11.488828972755693;-795.830965132563 165.5771402311885;850.3032671005838 -408.3369425381715;305.126479897118 -27.068229960420982;447.0538483366334 831.1151857431967;429.54522197461387 365.61607835124954;-350.5525286317974 -420.544883731022;876.4242088709772 379.32867788957475;436.81506248051323 -453.6962710540868;590.8976737182713 -175.710931829652;-252.78359825337097 404.36930868094305;69.7869342780436 -949.6506402655901;-437.70204581221515 721.0446195320121;108.50658619899703 703.1922655352499;-385.9619362789136 124.05145889789164;-686.8220027440437 -714.3952806893438
1000,17,28,LXSSA,9684.579921396507,238554.6218579249,9.794435215733333,nan,6030,6030,0,0,100,0.0,1,-37.471976769547666 844.2309982745728;297.0250383107825 -117.3319359507315;-262.9066731926996 166.49159052288226;-488.23381533697625 -802.37274153853;543.744856812202 377.4639055771937;252.26791478433702 491.3050858449398;13.806200521986975 17.20939322755511;-330.2524055213747 612.8940217125162;827.6161215578201 -35.55551729004328;-595.5311877538053 442.79802902082923;247.86266075680643 -852.2613160225521;-55.85452025000618 463.6090224761586;-209.3793507118143 -970.8827042901271;286.39656986926866 942.1710417597284;-274.18624864715844 -329.2045632265722;546.9643882945167 -712.6914763079383;-353.42284357223326 931.2997607608127
1000,17,29,LXSSA,10067.220109031245,238171.98167029017,9.794435215733333,nan,6030,6030,0,0,100,0.0,1,5.002219481983797 144.09250822779902;784.23301721558 221.43518846524896;204.86123077954457 569.4045695424938;-301.4219314360535 -797.542371643973;-228.99604522896047 -408.8897822504592;208.7631055041445 888.2789427913272;-818.2365562805484 -574.8812990852593;378.22241464419886 283.75422719040927;-408.90664533744354 178.07573662529498;-650.0038958258036 655.2203240956317;251.8696366450331 -710.1952133422888;585.7495318296087 -763.9561199877948;12.629553832302504 -194.21422331993853;-554.9841620168802 -413.8753603310798;946.3947692354109 -102.58839089971826;-581.4865547626257 -78.40701882467657;429.9164016442978 -314.2911022212056
1000,17,30,LXSSA,7519.600071031833,240719.60170828959,9.794435215733333,nan,6030,6030,0,0,100,0.0,1,-281.0281941108414 -696.267364500485;879.0951118750269 -152.14810189270153;-849.554021846759 -478.93836394990774;894.8205769828393 258.53129559607316;-818.2919680180755 541.9990995910013;-484.43350160225987 455.7452295939777;-541.8989006932942 -446.0684705306269;771.9450765617864 -453.3647612507436;-5.730796903936254 315.12920420892164;208.37371739602438 64.07386165286924;549.6860995604104 135.73774862926288;286.35338433772273 -245.7933222905633;-875.2392320707748 215.4174280836221;352.0569792850144 832.2951409152851;375.21605214434607 481.27560676521244;-267.5555738494939 -105.82210721568694;-724.4193932948175 -180.74836202910726
1000,17,1,PF,7.642330444269001e+24,227997.13157379985,5.460395211366667,nan,3030,3030,0,0,100,0.0,1,-896.0765153201526 224.69200769831141;-398.26340863617554 410.94146167270435;689.8815322126303 161.95198935031206;-25.500799928082344 679.4885977346516;47.24751271875074 -585.7458265874138;-135.10406382420172 -403.2700176392841;-497.37404384052326 670.9653453755388;-310.85184377606123 -183.03216417863865;-374.38637805088104 -507.97931595967793;508.479669831603 508.15724932981936;-313.0609244185139 65.5702918034988;514.5316565137955 -135.24599069890664;-638.1138801809815 -439.8442980525189;-551.3683682247283 -14.669463310747659;843.196771773367 -25.187381686526066;-582.6486098120192 57.67970897648013;215.61235448163345 -403.6700524258516
1000,17,2,PF,2.6320959827000526e+21,234312.45167315175,5.460395211366667,nan,3030,3030,0,0,100,0.0,1,826.0477499597271 -141.67651266108444;-912.0007285094156 380.01437194022884;-595.2161672782195 391.2588176877941;551.7233621663453 -807.8096032884981;-493.28537857194203 77.93908667553045;-74.02950378793038 -153.43062060819153;-597.7714652235895 702.9332576878915;-577.7725481782644 -290.0130562222938;44.56502438161288 -696.7003880369125;-887.0257846318332 -458.4290308933777;929.5242620310784 207.88615236435967;410.4317197665976 117.84295244116564;-210.51133669608495 208.01039886904914;110.66854946670134 367.2009831295712;403.40854448027596 444.87525519466243;493.32451737379904 -270.96578443939336;-833.3365944196088 -103.00493486681366
1000,17,3,PF,6.430087365589726e+24,237012.10979794164,5.460395211366667,nan,3030,3030,0,0,100,0.0,1,179.11678545901157 -876.5657141620457;383.8987379283668 -750.6036631822608;-663.8796949315727 371.7974435477207;-0.20591518522371643 705.9622144534679;-671.9037018936965 -607.1112581742799;358.3953521367358 483.2507409630447;55.74795262316144 445.4008088248827;-177.47160522945634 420.1583027696196;-884.6092335464668 130.1915137800068;56.79451365701894 -96.55046696888157;-595.853155935691 -249.70950659784864;683.0470985453412 467.08031186966485;-445.5145931254826 -542.8845876323214;-307.9645708123076 158.11087469312187;-500.9019297238809 -772.1951669274034;-943.7700674717004 30.38748535988288;-178.36688903731127 -674.932029439264
1000,17,4,PF,10553.91998359788,237685.28179572354,5.460395211366667,nan,3030,3030,0,0,100,0.0,1,-362.6789687798745 -44.72362945465855;586.019730397097 -165.9995401085326;-513.7650635257021 320.88224582230174;191.14822398081301 405.96883907616325;689.4678618978226 -463.0615567198726;-188.0316585160887 214.15585605035008;9.445413601681533 -923.173660626675;-796.9032231887504 545.7020319952304;273.6446480346432 -231.88914843275046;-333.44390574762934 -534.7596420936509;-294.5870055599464 649.3662560724865;861.0235937625721 68.55060825569733;-32.646783854362376 -277.47077639602287;273.1938686492441 -637.1843726086539;-702.928889841012 54.89394632396669;563.8068844166138 312.6775232370029;-627.0666896994331 -753.1886420377344
1000,17,5,PF,6919.1125876177975,241320.08919170362,5.460395211366667,nan,3030,3030,0,0,100,0.0,1,-980.2014814145516 -54.45441106306781;-112.03678392209933 -410.753311472791;685.1984119039986 -251.02229056541094;25.720979556213727 445.7349369708751;119.57672542385757 -149.39134909161515;933.6026366703647 26.82314633353837;821.7790082970826 557.5413174072893;-677.7552203833768 121.45782735370534;-766.8210006779693 -408.52107459062194;24.28752896979021 -793.9560309212318;291.79434446735144 186.14265061350218;-131.3392021897816 772.0166291430421;-463.17094200757674 -153.34372810754732;-514.9045276311722 -758.9739168440836;-622.9765604281639 635.8157072084344;492.5337226702741 565.755955000844;717.480271244346 -693.1080582327708
1000,17,6,PF,7629.811271077429,240609.390508244,5.460395211366667,nan,3030,3030,0,0,100,0.0,1,-59.22488001850401 -123.53075979668068;-441.4931775145193 609.0847665776284;388.58452079925087 145.98504990401847;586.6340389510077 -260.31055924683676;829.6511810874714 98.53562874250758;-291.7566441567158 243.00226279150036;198.4283894579672 434.46577243641525;-51.196161882794115 -803.2858346572702;129.3165369044562 -392.9279922591915;500.7835919013476 -634.5974487470223;-776.920552962017 -106.82476756941408;-650.8919392709179 267.67121832288603;120.50473940759683 748.2490435070849;268.62387482861334 -842.7303198092524;-511.3888236878806 -470.7315540983342;-191.14644449496126 -519.603482819389;-540.5669418859665 -841.1497630545974
1000,17,7,PF,1.0873489377904983e+23,232779.50321798417,5.460395211366667,nan,3030,3030,0,0,100,0.0,1,-56.74338355986306 -254.92561016742948;-204.0558035331076 712.8107222556614;620.3427085837767 -545.8851236207798;531.9414038399652 -198.01309108465924;116.99516975663285 343.14706506449613;-380.9542514193891 -141.50504591505202;-620.0009645934518 365.5651606554496;105.60337603441795 632.1398098332622;-587.9919821229921 -637.9572494141299;-35.3251569233027 -694.9794939495409;-685.4157559967468 46.68753633447133;162.12419770461943 918.8681703896161;-51.01852655094608 102.06865492451995;-258.13134427797235 326.11095762289574;230.75860432380645 -192.20281191998345;-265.13873836580603 -472.69057234125626;274.0469250072143 -753.9460074231612
1000,17,8,PF,3.713535496853509e+22,236750.04200197052,5.460395211366667,nan,3030,3030,0,0,100,0.0,1,306.46060352154996 -344.4869270927357;-679.3570101987925 -469.40552872985836;-506.89199653072154 818.4997080332826;19.12005871178293 812.4180168309289;26.629992267409 -96.5939434532644;-78.50317614732855 -836.9907181003565;-103.70789592352666 -361.9992999165898;104.52781859317876 348.790929612038;421.5623757326542 -67.90004083377984;-399.0066652494336 -209.12517944310284;755.3246431294934 -651.8496362611933;520.0235396105011 345.736573660323;-545.5004319454125 444.9251545585092;449.769687312713 -612.1211804561793;199.74675092595854 -956.7357204802995;-404.0601615813935 97.98479613357252;-232.95768751801353 971.0960761234958
1000,17,9,PF,6894.8448850703135,241344.3568942511,5.460395211366667,nan,3030,3030,0,0,100,0.0,1,-349.48195457814234 282.1080822837464;-100.01662536418618 -687.2193912746823;232.99680300866797 319.67909978125374;-197.9665037756309 -30.625321158933097;564.8862962145264 -809.4916952218706;412.79427969874 14.181566871470755;-199.3180704976855 654.1988146264168;230.3909918129028 -598.1271425955886;25.292407020675498 -321.8021789905672;662.2430232146116 587.5897572834702;-737.3761858501052 554.6054690537862;869.4121554901287 -201.7650469683054;-373.4827185837115 -458.24500674480765;149.85746609307418 -914.217447185554;596.174528981494 -418.2531857421604;893.2407949173288 320.1111938141816;-473.5803267792279 -782.1050799073234
1000,17,10,PF,6302.897994446132,241936.3037848753,5.460395211366667,nan,3030,3030,0,0,100,0.0,1,840.7598304188216 131.0955866515864;268.03333209979826 758.0192533335302;150.46690923273016 -743.4051046646814;-140.93795897493513 -448.7096773864509;718.7256564974026 -260.57077257075406;-51.749970916581326 248.77215654569903;299.2125728163974 -388.130433843907;-475.1068969854739 354.6463476043309;516.6638840779754 433.8329942365555;589.1514427053113 -642.6235619177833;-506.96625033589646 750.7783583425078;-307.00798413631935 23.32936600949968;167.044588758898 -96.16787031621713;-115.31716909376206 826.7980006778001;-508.0298390648848 -482.6615571964467;-771.1693647091396 515.5885483602689;-275.7554850469242 -803.1222819176425
1000,17,11,PF,11188.8421395818,237050.35963973962,5.460395211366667,nan,3030,3030,0,0,100,0.0,1,298.300409631056 -586.6391501712467;159.9587098964027 748.8288572136703;-294.0389074009551 -641.5360534117129;-224.9476348814089 248.7562952754361;696.9632779645717 406.96095496099707;732.4468323242828 -510.4899984327336;45.92612209595768 30.611299673232327;372.26980394852717 118.1345128406196;5.5328186777619806 463.5914396657649;-516.9591464293921 357.6055087611277;481.30169057528315 842.9509829884381;699.5409563631148 56.13863994023176;541.5393522712004 -829.5092943218688;223.55022980587367 -257.90746621332835;-194.4891696430215 -258.5788897365741;-756.8431348551122 113.88788506011659;-612.6809124966528 -679.9628093374658
1000,17,12,PF,1.3959227996048252e+24,241456.9730932235,5.460395211366667,nan,3030,3030,0,0,100,0.0,1,380.4342651619688 -859.7422142651066;-912.3293840842487 -48.67064917173698;112.73962419627289 -880.0804551679042;-834.629808809457 486.29536793197826;-195.85685828528455 -285.69940691107877;-396.61274670559436 -36.58424793561855;823.9114744364242 45.74159200748503;614.0074345498817 -272.69631353287275;-749.3048638552938 -539.2631697706656;-684.5644291687323 -107.12386457403738;339.6269981692502 252.33979682639142;777.3106179115744 557.0201489354364;139.12968534335448 -419.19239790287287;433.0691326705238 783.5074540183531;-377.59762801280993 -811.1267634466267;-123.13791271595994 444.72220901371935;10.564973117497317 625.1901813314237
1000,17,13,PF,11234.525817943824,237004.6759613776,5.460395211366667,nan,3030,3030,0,0,100,0.0,1,-560.3065622363332 708.2103288753558;127.49888413769635 712.619893007839;135.9055385015561 -23.571784433049558;505.5462783066356 -13.214643463845839;-40.61417206989785 -884.3535078683649;-84.9675639753844 377.5305309234065;-65.9912134049794 -257.8782255214118;-175.07155592653862 871.0093902322869;736.1734172422349 272.8467675718975;-158.0432912141671 -553.0127625967159;224.38592962997808 -661.6378393442149;288.37646391825143 248.69167910636492;-470.07908381447766 -517.8522353242153;653.6306090370211 -518.5833685058374;-244.48928039202923 72.40190483262175;341.4892062422483 -352.6049206833101;793.4059579503329 -168.02445082132655
1000,17,14,PF,11369.588052042032,236869.6137272794,5.460395211366667,nan,3030,3030,0,0,100,0.0,1,426.790365502354 20.901170184888873;-515.9536864391846 -814.6418067716733;-871.5280264594135 220.98681983626213;-43.75832635663238 -329.60302231343434;-534.8692321948929 283.3662826995452;115.08027069319738 -40.860910708696;791.4877655189185 20.590766528755395;421.7642301983549 -673.7276393851657;-11.651701791053801 600.1822712429799;-348.3333473610182 872.8551095885867;375.5315696279544 728.9287586023579;761.4284718408808 447.1929274618968;-147.20932963806587 168.02290794873204;16.794760284515558 -642.4194636631131;441.73516109022756 370.07491675057497;-466.53361200792233 -304.39859776496587;182.78277875795027 -919.2820762213613
1000,17,15,PF,6923.763472295861,241315.43830702556,5.460395211366667,nan,3030,3030,0,0,100,0.0,1,-325.632457986316 550.9734971064224;314.83051983579037 343.23367034160015;611.78613728219 604.6588853223055;-825.5756406557679 400.41415647484484;-907.1979162183129 26.43037777371445;270.23744268678695 -419.80900750743194;22.589840249410983 -610.0915036755439;833.1137572481723 379.98754946583415;133.8726074961638 -55.98671243207895;555.8193152407489 -594.9035083131628;-407.5293950619279 189.90914391774658;-552.2308537728144 764.4708482055137;674.6839978889018 -290.2609595276691;-98.97070652565459 -933.9740991433194;-213.06209130912333 -207.19080604559073;-269.4381668096895 905.0440519348211;-608.1967024226471 -188.56554785029778
1000,17,16,PF,8106.104708668485,240133.09707065293,5.460395211366667,nan,3030,3030,0,0,100,0.0,1,-276.9206477538825 -223.11490290319048;517.9853648396999 -702.5246742965463;-157.78007548802714 456.04127054177053;-262.5760394524848 796.6570170884827;-401.47588135427077 103.99994310523677;858.1163820643336 296.9127681503934;252.8893852101986 -907.8283798593453;680.1092063773924 -191.4344633060943;-616.1514219959124 364.67408126909277;90.38099498944455 -517.7543541756365;270.67446298227736 873.0204224718918;816.1626491620201 -529.0139882370025;30.584419016110147 16.976014532671627;344.41199896993453 -225.6564165783523;563.575976893049 587.7161013097177;-169.7313539297387 -806.2172304933956;360.63729889335855 193.01401218278409
1000,17,17,PF,1.913561047558865e+24,235615.27389061937,5.460395211366667,nan,3030,3030,0,0,100,0.0,1,332.8143515199381 193.2560292224594;551.5226174991641 -706.9857229352978;300.12938217861864 -597.6066051007153;-197.3004421870018 -198.10835719005667;-328.1336678091174 504.7927551007898;-873.9503301348464 351.95963446498445;-941.1856325394652 -155.66562623801917;-107.72801842399915 798.9473806921817;303.4977044416231 -890.4619876003818;982.6928481717013 -128.2602876515328;-350.6850406181011 -38.83839013655282;-597.2548447919555 -327.9778211175824;-646.6574986199712 57.91206767553378;-379.5329301183612 -657.1733875476608;-663.1527250048621 541.8128104461676;592.754361761815 -472.0264000696426;-144.05602701644068 85.94200367984871
1000,17,18,PF,8199.93224284079,240039.26953648063,5.460395211366667,nan,3030,3030,0,0,100,0.0,1,-449.89204504123927 800.296217215002;-764.2757143299042 396.1399668423416;-93.65797206218744 317.4070462753518;-85.11502905599951 917.8317217866671;938.9615511758943 -298.260225569192;-209.06160130857683 -858.1853606012529;544.841517187464 204.29303665777834;493.3352299252001 -419.8276140300215;-400.5346558990295 -397.81555927362115;186.1575475126096 -680.2681606630538;309.8504645477499 880.3744768942527;-97.29295290111976 -508.2723963908052;-235.8853382855266 -121.3652632304546;-431.2261959587397 206.60834304146897;600.2891011881624 -734.2873524100685;-667.8431621151516 -227.59363084245948;476.8168851059867 559.2821333199911
1000,17,19,PF,5870.533937023662,242368.66784229776,5.460395211366667,nan,3030,3030,0,0,100,0.0,1,-760.433699282924 110.70633308995649;-120.87647539715543 -476.17361298948265;-11.880801065269635 68.56994696329726;225.09311803229954 -808.3391955553362;723.5917848247959 531.6626438637675;-160.95578251633538 473.0090901393042;-622.1536967582566 494.0497778759854;-209.34055052395934 909.0542381072344;-612.2416321910716 -378.3230876667228;127.07650655212328 944.1523689291397;946.3682044903358 -126.29132079864539;555.6477481477722 -805.943608303572;184.22838045713655 -169.94648305171606;412.2333001332067 706.5992796634996;-149.3936698621121 -819.017196299746;-409.3171657362655 7.653793957302719;775.4801188256062 -517.262865700939
1000,17,20,PF,4.0133284423845175e+24,237910.1737344868,5.460395211366667,nan,3030,3030,0,0,100,0.0,1,557.2548849191597 -308.6595733771945;-798.1101221590101 305.8687007653976;-570.2188818341886 147.27104890062824;351.7507251191537 -476.828213923319;-647.4840652561787 -275.98671563331663;474.5983010148819 564.894591263435;-209.1912563621699 686.924919656744;-136.51437708365347 238.39007261160913;-177.8687882201069 -967.6024985594738;-279.3350815756017 -514.7047987523829;189.72108141187394 -921.1416212083228;807.8293283491355 202.1869217775514;-506.897688460592 -170.88826674141342;58.12176927635911 -495.1909351030877;382.3451788895309 181.60035674579154;-400.8869212060955 134.33681817046013;59.83198670021048 4.608425654431954
1000,17,21,PF,4.487139037869888e+23,236553.996620863,5.460395211366667,nan,3030,3030,0,0,100,0.0,1,-780.1585304806372 -268.5939436380446;216.64955114719226 -152.44455498286018;-327.529115919051 -741.0399609153801;-875.7660093303291 51.89046610161026;-521.1031875799356 -95.92855717001797;251.65399066300517 -740.581578240188;770.4054552109392 493.94956955675514;-7.958943931277597 623.4760385561223;-593.4544037515722 -722.7568010855605;897.9918683706261 -107.18974839840793;-51.276334683372156 -638.8914583827487;89.65355359027217 -383.34520292332724;488.8178072635645 171.81829721341018;16.33599962905273 -936.113977843067;210.04239964016926 334.6714671430919;-158.85143758914268 9.051555155376384;877.5114941289102 224.74234040905085
1000,17,22,PF,7610.089954554569,240629.11182476685,5.460395211366667,nan,3030,3030,0,0,100,0.0,1,-921.9896125095128 -246.2752625821775;-774.0130563266962 135.23760693239453;-609.1032602038391 -178.627331145827;-258.8819003888835 130.9535147600961;-444.4821247842614 -500.0958710624506;-814.6723030658682 522.871169980319;512.157880933313 -70.99260537479962;508.54061220752624 815.8144294842976;-123.89027877123429 871.2100848628409;228.8226949858311 545.5100077914211;580.606557514599 256.9520772064279;268.354024724615 -625.7163810490251;27.022802882197766 -275.28656571677317;829.9258185370343 -418.7941387230464;-428.04166791173714 723.6636739455082;127.86426383997681 24.825634925386918;-286.93195991366554 -233.33845388176934
1000,17,23,PF,6931.779824980273,241307.42195434115,5.460395211366667,nan,3030,3030,0,0,100,0.0,1,644.236915058695 -173.68347811572409;241.49106148320058 438.6200409840123;-711.232060133318 -414.2696404442729;-406.87791498530714 -864.3134638298667;-747.4417201297142 611.5743008760259;-332.7035787759094 -101.58890845833261;226.2688846679274 -295.5125443789686;-69.21747230677958 -864.9231297790379;561.537254460522 567.9145341035718;83.24151818754191 758.443069913798;-476.7320050995045 383.0214427804635;-235.6911636732709 -520.2747625221141;-58.46242651868935 100.58231064947374;-365.31374776739443 816.621851567828;926.8538039058976 179.01229305611145;356.02718446966105 -623.9257779826997;713.7110712937597 -650.2543366705625
1000,17,24,PF,9433.429472536867,238805.77230678455,5.460395211366667,nan,3030,3030,0,0,100,0.0,1,48.30255343640452 367.43093779253536;-401.4381147571569 560.1978189412241;-480.7170998986164 -182.1503908040636;-82.05382659175675 -105.16450837787295;574.82420552085 -371.08909454796725;20.111152202421692 762.5521922272467;128.0062120463665 -812.3511728870752;-359.177398456302 168.37320638244924;-773.5277632344412 -62.50482166985273;891.5343692435791 424.6972334297425;164.7077683980684 -368.7622857268276;571.0751613989837 619.9694634412599;-576.9221820546372 -511.3986328158754;-734.2894086197307 527.0202820308843;602.9246014284403 -29.262698222260845;-377.0309256139029 868.0902521803988;-299.9836697727734 -787.0234172259085
1000,17,25,PF,6496.9435309179535,241742.25824840346,5.460395211366667,nan,3030,3030,0,0,100,0.0,1,190.2955007813775 572.9922282738837;555.5623968393655 329.1579045498046;707.6771262726455 -4.489604344355939;-891.4867984892946 449.50736034751554;-289.7071829063129 -57.34927582379184;-173.13163628952898 -934.0896660461408;-566.2257923468006 207.34626304037343;-406.3070434787138 -656.6145716580986;-601.7172692815174 -276.6582838630152;597.6829362978243 -757.6824929899439;329.7688255810056 -140.19500465145134;-218.2802657388011 538.0941388226507;-96.89204380808282 233.74096530948236;-98.51517731956169 -484.9665464629316;465.76985784253554 818.5608138672269;795.3321280157533 597.0331211360697;237.98324798284938 -825.1072993990707
1000,17,26,PF,6804.901646599639,241434.30013272178,5.460395211366667,nan,3030,3030,0,0,100,0.0,1,-172.87400677911876 -169.05699582398591;-820.8605255875906 -247.09246353373862;938.1204709711824 257.7458640981831;746.1626397509872 -620.8149397432659;-523.660828657638 640.8553850902131;-757.6504412282394 269.467278044415;561.9945006910874 72.53771634562813;-484.6110115679416 -219.04592473817831;-137.98800853727082 841.3861012381428;313.01131481827787 -851.1528463542788;-175.1338620384099 468.6119028942572;-590.7672878272864 -699.767845519383;517.155776479412 808.6509180353329;214.27104094667897 46.85582193722691;-328.21007360299177 -532.745773531554;-26.85146568345838 -443.57843041382836;452.0285541721202 -275.020489257353
1000,17,27,PF,7410.682126939384,240828.51965238203,5.460395211366667,nan,3030,3030,0,0,100,0.0,1,742.5654732640653 -22.394269215010247;-414.39811805380293 568.1126763399433;-836.5329252140253 -339.1768235591342;726.736049343879 -492.9821953283155;338.5732265180942 -176.91936192342965;458.7564269901328 826.2217721773749;448.95065995684695 230.43730081104687;-609.6770889095162 -76.20638729135382;35.966387368646544 755.1071522431826;-819.8771991838772 494.43632024814946;-856.5430932741643 164.61996288354064;-292.7191553262197 870.2566306007645;166.9905312091819 -595.607375379586;-531.4485596655278 271.1947315231032;435.3149814997943 -869.8213387048496;705.1125935307194 543.3290032610645;-128.49814781391908 -705.6144950208595
1000,17,28,PF,1.0354975011821272e+25,236266.86365787714,5.460395211366667,nan,3030,3030,0,0,100,0.0,1,433.2194458876346 420.49314131908426;-496.119089991622 -829.7448739962026;288.94789766653344 347.57405199152936;-380.36723746801454 415.3107021793929;474.5330039749528 126.27783335476991;-135.0852840170165 -672.2344899721277;-881.2016156697475 -142.15354757212413;409.0874764463225 -242.99767390727197;971.912096347792 -229.10483491654765;55.438657129399104 -793.2456783430425;-20.27973982716911 78.67051230562866;-298.7439404336453 69.9073335818016;608.6916640825362 -24.13131145585828;-829.9536793987883 -188.86523035080083;881.2797552599366 -4.862984561780507;-688.1064414170194 -494.36831363391207;-847.4254984232568 402.5003234602573
1000,17,29,PF,9760.70706966173,238478.4947096597,5.460395211366667,nan,3030,3030,0,0,100,0.0,1,-272.8022794840752 -31.00004615511256;880.5476410035212 335.45307960976106;910.8209116380576 -11.535109749856503;-385.445293630807 828.7545487184883;-846.404901583942 -396.76243947352634;48.32433077745807 557.6860773433189;-337.7211689322064 -772.6580024800754;-916.7122293373234 380.8869270688984;-671.1054711408312 -685.4372401487338;561.6992062211601 -646.7131839193382;617.2522315996245 139.82814546530037;-247.41259257653724 406.00302998464457;-591.350219894492 548.8398511984067;-31.09662680840067 -972.6717387955007;-801.7186138178719 48.41507821966477;700.7404090732892 -344.6080421925738;-183.5496780357538 -365.0467243829589
1000,17,30,PF,9059.99462294177,239179.20715637965,5.460395211366667,nan,3030,3030,0,0,100,0.0,1,-373.4198766547437 -312.95434662230673;453.9327549869239 -161.68720911068638;342.12350268333347 656.2284399497589;-89.52699610502168 -65.35906271671404;741.2947814082414 -391.2868075263923;219.4708555330589 -935.8459799154492;-676.9469473352467 76.2197965773287;-6.016140776094151 520.1807582079313;-834.2693892998043 -222.84993953133892;-308.8883597937833 199.34900803188475;826.0803961811082 65.88926539736501;-36.658497179668075 959.9387887011375;-135.13584770555167 -945.121887563528;-346.5336742585701 -670.8214197555283;217.09113157247097 122.08562048485928;-299.7285898330056 615.6086666736312;788.2464877332603 551.6100129155366
1000,16,1,BBO,3659.066539737687,229977.8292525648,5.144871855100002,nan,3030,3030,0,0,100,0.0,1,-523.2300147042059 -188.24268148549652;174.54311795653848 -631.6709630497883;874.340237718905 -286.6121548536163;-229.082361693915 -528.38336124663;423.9274154748059 -857.7491412437428;-349.9513020559293 835.117223218476;-792.9892433328873 -521.2184675045614;594.1317449658209 100.46069854003554;-316.3247074878093 -915.9971838605867;459.0354415996028 -219.86368015789594;-994.5885440916131 -101.31498645917407;326.5570206193147 670.1286395566167;-170.80682821348864 345.9925114072262;803.5965545869133 540.3491203889946;39.625882357286855 -348.88583278124383;-717.4300339713648 354.1086194882482
1000,16,2,BBO,3181.7701780749776,230455.12561422752,5.144871855100002,nan,3030,3030,0,0,100,0.0,1,448.88446094945743 451.4075939562381;240.098356314189 -893.8130100455724;-740.9477669024923 -351.1731867725982;-528.8571308645571 -838.2610129132087;337.11895085602646 -180.02136318051168;-506.6444432678705 486.0709406925073;-357.99343896543155 922.6027612217529;-120.26340834361383 -871.2687445196152;-181.56893596121733 546.1564740897777;936.6360514580995 -0.059694424369808985;602.2199221406684 43.91195318966038;595.3089101339056 -729.5640565513766;-85.41166445623594 -97.39716806636989;-952.6530050855492 162.02940994217852;70.44684962357292 -378.8308502989428;768.8166181926495 504.2766322531977
1000,16,3,BBO,3455.084419774241,230181.81137252826,5.144871855100002,nan,3030,3030,0,0,100,0.0,1,-241.34455441247303 -858.6456821356081;-562.7017670812406 -801.7353477035058;541.9924126627232 -172.99794014630402;39.03900219795537 602.8705228626673;718.2757264589509 447.1380191253031;163.56424459455843 247.97299854573885;373.49443808153524 -474.8138680942142;-17.77644378217974 -304.50137052460775;715.6589375009744 -437.4873276092344;-490.4291400051781 95.15043031422715;380.05800350484037 811.5677489798702;-319.6238423475271 446.43129438481765;-549.9141113121333 -247.746761445345;-925.0439125101843 270.26707675539865;-234.59531312729223 946.4365469509844;865.1330813728653 64.12166790600122
1000,16,4,BBO,2866.1973279014346,230770.69846440107,5.144871855100002,nan,3030,3030,0,0,100,0.0,1,302.0641364427379 -322.04764181946337;-370.3835566641542 -450.0280930519947;-775.7932477762339 -152.58696745840234;527.6685154965721 -800.8646995019121;113.26561613515673 78.25975911128876;-519.9325485126151 -763.2054415384907;350.30493492133405 540.1043774277678;-545.8682977449657 686.242819931834;-14.942237678276456 -857.5041868302719;649.0362844532901 -71.33543865487991;-254.44752477404586 -106.25893290617182;217.29899248505717 972.4145683820459;-955.660624162624 241.132045224575;-89.70966945507234 477.0337310740458;652.0436901240464 737.8523952151706;936.8113489461471 214.2724338798298
1000,16,5,BBO,4022.7006863832066,229614.1951059193,5.144871855100002,nan,3030,3030,0,0,100,0.0,1,583.0770270891803 693.113713092144;-927.7459001628001 352.2510020652114;-263.4002218006473 914.7576015236298;207.03669171770343 964.9536212493783;-578.9580975538202 148.95817491711773;-118.39861627576681 -527.8399515587068;332.96217622122185 156.70116179629395;64.57946340538251 -75.30995612680317;-828.2792221215136 -494.91091874718427;-690.4320808296276 -195.35445181726004;430.5332378557457 -810.5996876176366;-261.015438804767 -924.3632817572196;-264.4249626089112 -119.61177814028008;141.10793172858507 593.4124429163317;502.0840131649786 -289.4758242627014;828.19574503085 -10.739617466393156
1000,16,6,BBO,3080.2843745893915,230556.6114177131,5.144871855100002,nan,3030,3030,0,0,100,0.0,1,-892.997640182612 328.0184310574343;559.4994785967428 801.2639621567396;-269.2726347212249 927.2263410591388;206.6214668134885 501.2268719583717;-305.0899510293241 393.9507375819776;18.586739199282874 -591.0045985057375;57.715861437283365 950.5975477527368;-355.3698128839193 -453.64271969817025;52.799902942995004 59.65897323814647;348.64333409701 -913.0685814025326;741.6761631231514 -516.7001513375051;-650.5772341993434 -322.52765768215227;-125.67743000141024 -885.2994316729458;747.8302527446936 382.1043119763833;-646.2731989219151 616.2405084394295;964.1288975938294 -115.9956840602772
1000,16,7,BBO,3351.9433660429204,230284.95242625958,5.144871855100002,nan,3030,3030,0,0,100,0.0,1,510.359011572722 583.0210555200251;7.011674449199063 -255.4884313303005;911.5558712092018 -219.81085212560595;-58.78659304577445 -986.8935624656385;760.1480273020727 198.62710270769662;-322.88772911302965 757.8771538415156;-668.1093812144666 -610.4072850253397;-392.11464662754315 214.88287136453528;214.06378504273152 339.28787318388936;172.03685943271398 -662.264391135377;-896.6869140348504 -296.8733135336365;668.4636493871137 -714.7701248190697;-679.2659740951717 409.69942750613063;433.04356064578815 -196.96199664398307;-405.8575545709165 -416.8265407285854;-282.29854437692575 -745.0729111460104
1000,16,8,BBO,2853.0249083706294,230783.87088393187,5.144871855100002,nan,3030,3030,0,0,100,0.0,1,-734.0905727808308 522.9863769974859;-146.42225570460914 128.87818612045703;254.10287662969995 -855.7115453283691;-523.1082538107279 -279.343116408804;936.5146933962837 21.795463630701192;251.2658243719859 314.3605542773878;722.0566909882905 -273.8810845305011;571.0339290063912 762.0205680941974;498.67273582177063 -541.9032581367891;-923.7165235032114 5.22352096835732;-658.841806802319 -684.8404812322067;-235.83063500778565 -970.8223454049333;99.48963671031152 730.0311729978905;-321.4676791907858 592.5253797878422;105.30972373301734 -461.1945307455028;786.5035001905767 333.8394845795192
1000,16,9,BBO,3730.626174859877,229906.26961744262,5.144871855100002,nan,3030,3030,0,0,100,0.0,1,-764.7071373086778 -628.2238562697862;475.9923315389631 551.0483761900482;-46.01619161095334 287.3600054483884;796.4014395801842 -477.93745635278606;-664.6264516620197 699.0874970073864;-773.1337402874057 89.39022667394715;-257.26511866455985 956.815872193733;-353.9623781792544 -660.0874218743579;447.75536510531606 -433.8594004434128;-99.66877580385369 -906.4244993579218;935.3883197285929 222.17212420587862;315.5794373949084 -798.615967013854;-489.9988792507093 324.9617079818977;146.07530110558696 698.0683014008034;134.59161462942302 -222.42224473155534;-338.71990450676196 17.779771334057273
1000,16,10,BBO,2824.769293937017,230812.12649836548,5.144871855100002,nan,3030,3030,0,0,100,0.0,1,124.12706930566947 -629.6024642603763;752.4395662708082 502.0636114350939;-765.9116673225121 -518.4301833572597;643.1498783913248 -341.2049249163547;139.59693208537828 903.9810052233076;-477.46948074970067 -382.10794728502685;-454.56567587083475 853.5135480634276;-348.46065234400885 -672.1854642634198;-161.51063355811118 -978.0387654960243;-990.2932467250429 59.04870754672629;-157.90263414288347 -42.997956692366415;277.63918463373375 453.53909664061393;61.257213134606445 211.27087145381142;885.6721148462627 120.98163177948436;-616.8052853762538 -85.45861038515932;498.08722399800286 -63.3507549792738
1000,16,11,BBO,3878.8022944164695,229758.09349788603,5.144871855100002,nan,3030,3030,0,0,100,0.0,1,551.5201146451009 383.733437133528;-577.2548894723507 784.7099940238729;-262.1815147824635 36.58706638481749;-386.4368532999756 376.01431890566323;368.22379847361753 -166.77890865285906;841.5247228684323 536.3229388185457;954.7608579219695 205.69790992401136;493.510529066996 -549.1180319114787;-631.9807010294769 102.68444804445812;164.0432953273455 785.4601108832771;-797.684171969192 -383.41154116586677;119.1712666219621 -436.8960689513126;598.5802196191712 793.7097720998952;925.109739804936 -354.8143450497996;-395.25845449912913 -705.6837225967505;-975.2665184760345 177.99252312513522
1000,16,12,BBO,2346.018089315592,231290.8777029869,5.144871855100002,nan,3030,3030,0,0,100,0.0,1,537.1937413565731 601.71787501311;-221.69975376662921 -721.5888166289831;938.4495489466412 -274.35734592079643;-187.6062851952713 900.6817675662392;390.2693428792902 -742.1639696008049;71.10101801809196 -919.9410791509462;-986.8788360127883 95.68802672057473;737.010711158277 211.2634870700474;-632.7600416440262 127.38093443943626;94.14283407087851 308.5973091720523;304.89808576357655 919.4107238194808;704.2304585150798 -709.2905258012312;-788.0900885515006 -403.44781572032764;-460.0772623226386 -250.0035518081836;-670.9678835447656 -689.7385532350379;-794.8768909731875 582.5282828627585
1000,16,13,BBO,2169.3716323295666,231467.52415997293,5.144871855100002,nan,3030,3030,0,0,100,0.0,1,-411.65883534911666 -859.2769074997695;-381.25653425327505 160.87522800294914;119.0155616842303 -925.500919611337;-663.1460678741257 698.2561863335557;-773.6453985218468 -599.0819343920873;-170.079418766637 738.3760690245867;-48.63130244990259 -597.8258231940299;398.2464243815225 904.3446232044937;581.1736473693061 473.0071487077041;774.5016307027176 -255.72064137898917;-924.0239950122607 -106.15303495579485;-787.4161772228454 357.7913825580838;922.5548304916165 143.54284262329543;-42.46162906005816 328.90938394983186;126.01699459776387 -56.716915622963825;326.94619302335764 -525.4846114304025
1000,16,14,BBO,3241.5794282598654,230395.31636404264,5.144871855100002,nan,3030,3030,0,0,100,0.0,1,836.8110240717676 404.65765448416255;514.7285805123815 35.97779140592252;16.08467378849673 382.23026406589634;-159.11960605948434 646.1805797066575;-305.2569377293861 -235.3645714203343;-345.929897534317 925.2013914342465;-804.9632101585644 -542.2283492128224;524.9933023308674 705.1679398718029;197.95506192833568 -205.53880164855707;784.3123351757097 -311.5280846375448;321.0013971524211 -601.067603950934;-416.156666054164 103.3736718934997;-131.62364036781946 -767.9008869240411;-718.4070886584539 666.4503684998938;388.86180087204366 382.8297611572432;-725.0617574503191 -9.339177504191298
1000,16,15,BBO,3680.347630456876,229956.54816184563,5.144871855100002,nan,3030,3030,0,0,100,0.0,1,559.4453932650101 -60.293378460269764;59.29570491832601 -814.6700118674255;-773.9637408742328 -247.44172534428264;464.3945799285282 820.6530767452334;-596.1142160301303 -724.3793896612751;-129.4966540390916 640.7853692265369;507.8758248929207 -650.5792580391142;64.49699198694111 230.2529985867061;756.6906288898679 344.22502858191797;-102.62207613526323 -310.43590229651556;395.96301060179417 465.61525550332226;-483.8419994748167 -390.5008146053382;-974.0999536383697 129.48286815626398;-767.6503775051694 424.2555315423115;-494.5552866378142 652.1538284604305;-286.2449620899474 78.3634575791757
1000,16,16,BBO,2558.7449858711916,231078.1508064313,5.144871855100002,nan,3030,3030,0,0,100,0.0,1,-168.13024451677632 723.463315932365;948.0295080466901 217.52476176693062;769.8179852982782 -51.98067079225916;-415.1870925766061 296.3326842166166;-979.4414048641513 -53.28769298700627;-601.7704892348237 -175.70144536597468;257.5183942621045 -475.5000098204945;-35.696652609701346 -346.3157732499702;652.4184391374199 319.20542923001335;-181.48353824562275 -57.85885863273404;387.8948227669059 887.1157495186515;-801.5488299725138 -472.02597997104783;-420.3215005201 -601.9340774720354;420.84130655657736 -843.524096365897;790.0236304900561 595.7005864398654;-799.7084698932568 259.40489155351634
1000,16,17,BBO,4852.840477472753,228784.05531482975,5.144871855100002,nan,3030,3030,0,0,100,0.0,1,426.6330291983602 -882.000200851095;762.8971003948914 -172.4465035529039;269.9721625187026 781.835466898488;-811.5699097897989 -37.95423110523234;-415.81993524069503 -103.94172454723582;-332.73157744415505 385.2675823165314;490.65541856399363 232.22191487594068;-947.7689295116694 251.35645427369514;162.92445811514176 216.1880578343803;-656.1844396509613 704.7464864329493;-190.40689260600868 -728.9270919611804;254.32173597101837 -563.803655398641;-556.4263079148999 -640.0501012571817;449.23309735683756 -323.2182823004846;-243.7384027689153 955.9980388535623;816.8914669381413 345.82880412927693
1000,16,18,BBO,3283.9076916686026,230352.9881006339,5.144871855100002,nan,3030,3030,0,0,100,0.0,1,654.1157169872856 -196.37935253389549;479.7586893379173 864.5664280846015;920.9362297771179 162.90405709718243;-371.99653817596175 -537.8626382054463;565.6292984557756 -547.4627813952047;-745.1058689704821 411.8872593601827;451.53458226062776 -848.2310898000301;-740.597753011891 -551.3675926990287;-351.19379013483945 929.4809022252186;757.0535426149718 607.3910242432155;154.67452893929908 -631.5502406582339;-985.3696167390782 -44.7498071758414;106.05980271567432 779.0813176928866;1.8452147452881036 -145.09537834681316;-83.65964795637046 -857.6079375788661;-369.5321263507492 212.6597775663697
1000,16,19,BBO,3835.185296204465,229801.71049609804,5.144871855100002,nan,3030,3030,0,0,100,0.0,1,359.6553387049951 -923.3905537059857;846.9477391125904 -264.34130205785493;339.3109131367148 937.6309639729393;-85.02788777232786 681.8604104269498;-339.0856856141371 428.7123188210444;-302.3044065348133 -890.4352328445184;347.71064565577944 100.28335446618007;49.83553077216038 -587.7261803983151;-617.6939690793353 254.50212382740574;708.4116291616654 97.11256776227219;25.65738437252162 380.0810895224049;-729.5017254648501 -584.9153477484897;849.8542142658939 433.42108237537514;-438.8188878390604 -209.03787826893995;-178.51463247236234 80.63754496526872;-888.5975097599139 -122.58399576738839
1000,16,20,BBO,2988.964974697359,230647.93081760514,5.144871855100002,nan,3030,3030,0,0,100,0.0,1,-914.5058650117999 317.2699584591412;661.5971979534045 553.3493064046513;191.5103147874063 -859.1421042485259;622.5253476149771 -315.4181340757607;228.24904545743834 -176.5015121208719;-73.5077979862009 104.30236277429435;-719.2597304967812 36.49450520482242;-305.02180851790945 651.1015787801639;415.7372599139303 201.05918981670493;286.2114244539637 582.3374482692052;411.99408507367093 -566.6548575008303;-407.4604891796731 -567.9255199724939;-741.7624692884655 -625.047479825487;798.877949128258 272.23755906663405;-567.0429688498355 -238.03499441722818;964.2609936726815 -75.45980919354326
1000,16,21,BBO,3493.342067973572,230143.55372432893,5.144871855100002,nan,3030,3030,0,0,100,0.0,1,-717.8288765515288 -582.3214591423056;-263.5092533590795 961.5440526607069;257.4541653542494 -715.9928689641094;-89.41149352854552 -259.99568960303134;-893.0736178543941 -297.79579178042707;826.3998653005497 -324.490429640427;180.39263062850478 734.996323117005;-316.18070671014345 -945.5266149794821;-506.41184255033545 -296.9857927945951;668.3378269217847 305.35472778331655;321.50569084137965 255.55853169409488;-391.06519729861895 588.2662240300549;529.5255201534114 738.5090409253851;953.0471858053365 9.908030947178872;568.5241954622024 -652.5230545814302;-79.81806060923782 273.9243567032813
1000,16,22,BBO,3402.7600087804603,230234.13578352204,5.144871855100002,nan,3030,3030,0,0,100,0.0,1,-603.5606365339796 -554.516754939313;736.3601812231816 -640.9523695329567;647.8713455834418 10.90937565277602;751.5063124434764 603.6409357303651;-583.2906454361209 796.8256571020493;71.90579070855665 -396.16251041877183;-782.0276857373294 90.45053656917798;-464.2378110844119 458.8279086511418;-922.4490547917774 -294.80076377340913;-192.09588152962385 930.3759647635875;-88.2139914847586 -852.4760729200777;905.3319073725083 335.8383996911857;472.81309019849505 830.0116151067073;248.6729556451187 146.60289343218665;68.09234915580691 623.7613026125648;397.5304370125898 -178.66760850337891
1000,16,23,BBO,3015.5315414859215,230621.36425081658,5.144871855100002,nan,3030,3030,0,0,100,0.0,1,907.8866591876651 132.59684499456966;498.4265943613757 347.9031446227966;97.59831750659055 -387.43314157705845;420.89694575600015 -327.62295395763294;-29.2151212922671 435.1800072148387;-442.3512717745821 718.1549459832518;305.3610174372243 943.8156435878341;7.45388472995387 -982.9130090137261;-773.5578114177187 -563.133771205794;270.08924200688193 -645.7701002227627;-242.92060177843666 -764.9092291399802;-415.1692808053533 -502.05767402801894;710.6986474101591 595.3312557608544;-635.6408922082701 321.3547376706663;-986.2173453054805 64.67628028982745;707.1471347451588 -200.2630223388719
1000,16,24,BBO,2857.7449050882715,230779.15088721423,5.144871855100002,nan,3030,3030,0,0,100,0.0,1,-33.81245213933346 961.9758519391598;-922.9515842370371 -20.374494468380135;-479.54512935393393 836.6453861768741;-599.9066668698583 6.97972921783753;573.6654997448311 479.92771913551337;480.01121445694275 -719.4912920281939;-746.1410953267458 -374.15358419978634;-628.7278425989156 -739.620275386317;31.868713465220026 -804.6378380831969;-247.13111003738277 -12.751282547383198;778.8666549467077 -299.3693922647211;292.7234164538495 -189.0331079256515;-299.0554809995323 -737.5080108543441;281.9321046184443 750.2803738430005;940.6128490373976 182.47711236307578;-40.34663041332135 294.21977824542273
1000,16,25,BBO,3146.5369809576077,230490.3588113449,5.144871855100002,nan,3030,3030,0,0,100,0.0,1,567.9216764857142 93.11088956222602;720.4774204900036 444.34440729697735;17.761558753934423 -950.2369905544494;-799.7848347260814 189.95370827797706;-115.77039202213916 479.4930910838425;-248.1474426986963 -420.8167885055965;-606.4308507595832 679.6553912129477;307.74491719241723 -348.5279888916781;-349.67791943141765 922.4601722759198;-907.6011403886077 -128.86678133581177;304.61219430209417 750.0357037210713;8.50520013382436 836.8265047683994;916.5570027912177 -75.74664080407172;558.3116270773919 -803.2928631559136;-416.9840245165906 105.67386951442359;-749.1723331739613 -465.9419115978152
1000,16,26,BBO,3205.994772641163,230430.90101966134,5.144871855100002,nan,3030,3030,0,0,100,0.0,1,-568.4044874243234 217.57149501929302;742.0804687591462 494.12689217289585;-383.9743674088587 564.4204096773024;710.0849518481816 -425.96665160877853;954.8577682491862 11.887173293990031;-652.2796096115264 -506.0875737458843;-745.4465000816348 516.0138608272082;69.44324819152462 443.26001102516466;-278.03394758327954 871.0914092532689;225.50676006641925 126.6093820415092;-932.8965887196301 229.41282966082326;-297.8814736803264 -817.6340254013924;496.02761841229335 755.410082256841;-76.98606665628427 -424.8350440925443;490.7679989900753 -762.6211378484675;258.7411515155593 959.257358724507
1000,16,27,BBO,3645.372729405004,229991.5230628975,5.144871855100002,nan,3030,3030,0,0,100,0.0,1,759.7703902221451 94.1147607315288;-52.32361996074064 207.64786936047108;346.4146849440699 -790.6819519454771;-5.168817545618367 872.3328156606935;-704.1115247051737 -518.06639351342;424.16478978196733 116.01860874316844;180.57738880144734 -441.41256954752555;-475.3872364858436 167.24010155147357;921.0647987641337 383.78367502213996;448.9395331678154 782.4972066316175;-164.15123181292142 516.3869316051321;-562.3792386816109 -242.24573819645354;-15.38178562198243 -968.8888135039542;-938.0113724450456 76.94255163995877;-413.8556164401124 803.2173271087852;640.567533831251 -248.45227539595078
1000,16,28,BBO,2292.3198496377154,231344.5759426648,5.144871855100002,nan,3030,3030,0,0,100,0.0,1,423.184107160693 353.6816756299072;245.25334729066185 -820.4057378503651;-219.33092719364436 -428.7757698676676;-614.9209977156585 -639.4682195305223;-205.00081159345314 747.7895718941322;109.71632121062726 340.2816558844613;704.8614919697616 -466.6734812180524;-774.7020254476653 -81.87020175572263;-3.353684910920151 36.27307781150694;-410.47065167385097 104.41300112099134;-888.3546853545922 -408.4534886980033;547.8628660165109 -30.82221703823268;-549.1383324058097 444.12616226639375;274.5688239045942 832.204131268287;-56.68507664861909 -926.3276642864685;951.8166005329097 277.3788354711271
1000,16,29,BBO,4026.8321745374706,229610.06361776503,5.144871855100002,nan,3030,3030,0,0,100,0.0,1,-204.51308524944318 859.4043318893057;-629.0884516481443 661.3713757789312;658.5816156079227 -475.069301089133;-52.619493160608954 -636.8383079690125;-487.9169989932077 -492.9517278154476;-959.5267626257995 -151.69045421639487;447.980617239539 -800.0228671101432;63.42018184017502 534.320735035818;-181.32931111084133 -273.1956958418516;-405.1184151815563 287.31983052142755;737.3697299294261 275.81246713020414;243.69225227759375 938.8311661184523;317.8881081838558 -87.71711495070724;-769.0547611906206 223.52665684549515;534.1295385829185 554.5753356339401;-346.3578126259597 -900.2167091706154
1000,16,30,BBO,3354.8050060459645,230282.09078625654,5.144871855100002,nan,3030,3030,0,0,100,0.0,1,704.0616561502529 -504.81003129986976;190.70772989060606 884.4706611038457;155.49043801677908 -404.51627798955815;-301.1975859238547 882.5811069063436;-627.3572282080056 725.0067973063328;972.3571725632642 -186.13733746526532;-800.6315679209981 251.97698549377355;-339.42851565506294 -740.7718833322045;434.4925386301618 -811.9292192517005;-303.3582635528438 142.00760409895838;-591.235836527308 6.310779983524867;643.1207591620778 525.0958691091548;59.11891050789836 -920.6681540548523;427.66409201460397 299.6657977207883;37.552950967491824 574.8476975259287;-940.6543825587565 -226.9413890705829
1000,16,1,GWO,9035.7666639073,224601.1291283952,5.081848073899997,nan,3030,3030,0,0,100,0.0,1,239.08322873918698 -449.101785844953;30.94118260217131 199.26992805013379;345.048535083235 -2.100042043289674;-70.55369002861197 -418.8799905618632;-635.6792603997873 65.48034102246645;18.734202823458098 -116.91640466609725;4.7485583882394335 731.1433370431315;911.5987280181065 187.07110062000163;-991.2697472429858 -0.16317851131351502;-611.2936473344895 389.1590653262019;-176.55265509334694 -716.1320713889526;451.5361500367233 318.26497268310374;655.4339376452749 5.744408013068021;514.0532497594012 -281.9721646658261;-250.5985269245283 35.70911538783705;-228.8886150910532 389.08721397641557
1000,16,2,GWO,14426.870905964286,219210.02488633821,5.081848073899997,nan,3030,3030,0,0,100,0.0,1,-4.5639307862748835 -969.5692268110819;-395.3757936000299 -411.81618486110534;-88.12177616377737 -303.2185801224803;-308.40101585190706 -40.484294458982475;-669.4658639490099 -112.84965645719906;484.10267132357217 -284.67423340544855;-5.302853776117422 617.7005306791615;12.391685685712401 307.1163144151786;2.1746496287609296 -5.603373399551764;-331.7709268954596 290.530394947026;14.910423148041621 980.9371339911696;611.9838712753434 596.2644074596137;872.9935867396642 -13.234584349008289;592.0138326075765 193.99682008511968;1.860613163369611 -615.4956264098541;331.9288389877286 4.80529586739559
1000,16,3,GWO,9747.245373087528,223889.65041921497,5.081848073899997,nan,3030,3030,0,0,100,0.0,1,964.4838659080842 5.399776981573318;490.5525670330603 -313.6674277011359;635.5437391114133 -9.083631058077087;-254.97977220322286 528.6433114883152;11.982866669515907 320.8750100131261;309.3007767367316 35.162682410161565;372.96568029970484 396.5953153521782;-445.85871216556353 -375.14652538273685;392.3860010617539 816.7898684738128;3.589654828808237 -963.6282661696201;-816.1646057719987 -0.6952427193800815;0.11461544915937742 -14.898070896136296;39.596085411656695 692.1111023232085;1.9083774330233867 -359.7383533780474;182.01318836951123 -665.8649612377327;-315.4195862539318 22.912961598273196
1000,16,4,GWO,7657.9729692119,225978.9228230906,5.081848073899997,nan,3030,3030,0,0,100,0.0,1,-361.7185633884305 83.24574595473139;175.32602954104263 -311.63254711338044;-186.47581980064652 -290.2397413675228;-594.7098720059761 316.789697599232;-43.49739707685285 -589.1072753761248;-624.4863399352843 -170.54357186470722;-4.930718478955574 969.4487472914179;120.03401448054841 -927.3742034293074;143.11277428102986 275.9366227110367;-344.2915992491951 627.9593719680847;469.5848173192724 -24.679513703630658;435.5147543634403 -528.5234211760194;886.188510406348 -18.863795109721107;-3.3706277555120163 -18.338712322954205;-968.0764796603111 -0.036486407490195986;-15.521859596793268 563.8061277852854
1000,16,5,GWO,4735.868858581991,228901.0269337205,5.081848073899997,nan,3030,3030,0,0,100,0.0,1,43.82461514849817 448.02428031735445;-0.8915935691716061 980.3486518717394;-298.0861360533998 -843.6351085315943;968.8759719603339 4.9632856190884915;422.7079394311754 791.0807804569108;-407.31608680783796 587.3847946442689;-977.2334837014296 -34.73312970963466;27.063926735233338 -9.57895506705101;360.28035706352307 -797.2526398073177;-230.24336289753901 228.00366788664346;621.4553343265285 206.0249730957204;-592.7827875865498 1.5240126993367855;-7.271424646482999 -986.3228593649688;417.6680955812066 -213.79788569009452;-749.7272113331537 -397.4687852845106;-53.04556653766428 -407.3950506259466
1000,16,6,GWO,11357.070723408076,222279.82506889442,5.081848073899997,nan,3030,3030,0,0,100,0.0,1,-480.88618543630474 0.6007107512081964;1.2081052175752331 227.90828181615404;-172.37002816713706 -56.227629369051336;506.9182681865719 352.15272019736403;-728.6398119777219 -187.52045191506306;-60.10780811349394 -457.2809704675722;-336.4380143631617 287.75970384027477;16.150861356966857 563.5863113689882;693.2784267490089 58.16586151357158;273.18961892832493 -357.960483711781;212.04575829423004 -12.871317268675675;-3.472371006228064 -855.2097993585666;-544.9468628348981 636.1823643789577;-994.146355009438 -6.141428213720651;-85.57766960345388 935.5540218334785;242.7686205458218 880.9957540411383
1000,16,7,GWO,6548.186190613167,227088.70960168933,5.081848073899997,nan,3030,3030,0,0,100,0.0,1,-320.1501304849767 183.38764254557682;52.591161460979 329.2048005958865;619.0225451441565 46.781979613619335;334.75449128587616 -77.90177134231767;-939.6939444207452 -1.698105889325748;-606.0948465749439 -18.790918534486654;695.5898270764138 -572.7874857601204;-667.4921112846549 -327.3678323151283;93.45325266198783 937.2616082975036;21.27239026338088 -895.6318771639552;-295.21423241323697 675.0309582364612;-24.241144060183842 -402.0442487028769;-354.27721264950554 -795.471596827514;3.2581417086411677 -9.546160350271489;774.2420341622114 376.031721606125;979.0359219404896 -2.13050799904197
1000,16,8,GWO,8504.94519122754,225131.95060107496,5.081848073899997,nan,3030,3030,0,0,100,0.0,1,4.667682488197456 987.4099203172764;684.0639974873053 414.87179374405383;-3.995652965535882 -836.0484024779558;-259.93941789249124 -613.1183174716983;4.554308147227051 -91.73899663221664;397.0949648771761 -229.36962242329128;941.0049810374416 -3.185921922555148;-1.333176362929719 263.8141090232644;298.6640120997888 465.31071379873447;-14.81351747699548 632.494164503373;-335.59222092963574 510.71488392611326;-365.6451784659707 -36.18866802389096;-692.1987250051187 -198.93984798173207;429.92907789409924 828.0067000473837;274.2283750545426 108.86075214063585;-952.5674384709879 23.596535673409146
1000,16,9,GWO,8302.974135116878,225333.92165718562,5.081848073899997,nan,3030,3030,0,0,100,0.0,1,-10.752323532377211 -70.53143579094576;822.7277813233956 260.1119058693601;-231.11552309836802 -790.2345462974148;-318.5638328167961 332.7282902181799;-486.8653250557597 -470.8106751977378;430.8949225299316 652.7082643368151;-3.952652259882989 998.9033390488935;24.535499603299513 269.8823152303443;-461.75700651306624 -47.089647234880495;-462.99074305041904 721.6228727384041;587.862937799388 -171.81829584642784;345.2123774862978 -866.2725139732291;11.474832172404925 633.317875201775;-93.81598875862171 -429.84726019756744;-966.7647873773188 2.1599631426590635;370.8847249606593 148.69612868557985
1000,16,10,GWO,5937.804882915458,227699.09090938704,5.081848073899997,nan,3030,3030,0,0,100,0.0,1,114.01092166636913 -300.87502800911915;-311.2623230477323 19.997117118230662;439.0338242776902 841.1233804804887;207.0244127158794 354.31319107578906;-233.66917576200728 346.26393370606206;444.4883685603786 -66.58696075398105;-329.3120096364789 -823.616789615969;-646.2917173042307 -26.475294213891615;-12.138519225347679 664.1428181532875;-791.8647195478183 361.65195882829744;-276.8613654674893 -377.1020014752549;852.2970699494102 0.3200255734129677;11.337341852371239 -806.0984467289769;-973.8933423049302 -0.2316739398549494;-389.2370367439432 783.1442766562501;4.405205642071336 9.334778814781565
1000,16,11,GWO,7603.443055930402,226033.4527363721,5.081848073899997,nan,3030,3030,0,0,100,0.0,1,-990.829567063577 -0.8679165187913179;982.4201123869943 -0.052255230909796835;-0.27935765223840575 -851.673159505488;54.78764827319284 -481.53682525725907;-670.828092254315 0.3815265179030966;88.72461471429811 383.85797453374033;372.1388140795575 -711.9810884308969;435.39997977820894 552.4598712924835;283.8047886747651 40.48457265051602;-38.99763005870137 0.4994988152122402;-255.13184119528864 -332.00079009498967;-531.1584930259119 -808.5672144502337;-350.42140441713417 32.373758784965524;621.6578772486711 -0.7689274775426499;14.708291589619742 858.2206216654931;688.8190884811257 329.67357202596753
1000,16,12,GWO,4050.1444425741793,229586.75134972832,5.081848073899997,nan,3030,3030,0,0,100,0.0,1,-583.55605867723 478.83878682209087;539.9157388719276 3.4840868014857853;-590.4019101389823 -406.53717857842474;-352.87418284957454 4.722173738771665;-805.9158730840664 49.896466241085015;0.15281033041097955 -996.1054812468252;700.809720680084 -314.0400927732608;73.05518498563033 -650.4782267457574;-351.79828716007273 -761.5185778830829;63.04424883503514 15.567137230166646;88.94377525193896 407.1324908487504;508.94545023872865 -753.4621936840744;-190.6265147735329 -282.15034032632224;750.7766418215642 439.54816727883554;921.3128197613329 8.025101481922475;-100.10476828644646 964.1093213802559
1000,16,13,GWO,5916.593505425961,227720.30228687654,5.081848073899997,nan,3030,3030,0,0,100,0.0,1,8.824273050442793 -991.342602045789;-0.5536388970356149 997.3810383378146;643.7598877288128 -450.68810664961666;222.79360554687096 521.7798580986092;861.7987726319757 -18.12592608321539;-667.7397392312656 5.2243274206982475;-38.67128629358904 -501.2342375752949;272.6346004563523 -758.9413126994937;-591.3248856272704 665.3942129057972;-859.0383571591532 390.375264368028;26.637680693848306 163.87265575163465;-399.8400530997167 226.67604420587455;-248.05009205517112 -223.5913881595599;-161.21405767236084 576.0143758902572;87.63146778849898 -199.6051452032084;416.8413907554818 80.48712686274546
1000,16,14,GWO,6478.521354990662,227158.37443731184,5.081848073899997,nan,3030,3030,0,0,100,0.0,1,490.19280988200353 283.5121841379289;-192.47128204627646 234.0616720501747;-53.75831151143698 550.5852344425557;5.555880983651519 -912.4330046133219;332.26307085614104 611.8368973150774;174.81039680296934 -290.5149395586623;-791.2041643929942 17.10104493622332;696.3387832517177 -20.63713120194213;-643.9591575263439 339.37197630481893;195.54493767513785 -647.8764218895498;-378.5952515860775 722.5467770171622;-838.6830268447187 -401.76136480532114;670.6204431954216 -563.6803714618068;370.0298274383149 -29.02880171545438;17.337621225354734 -2.781453863999934;-301.34616324551627 -444.0292398258285
1000,16,15,GWO,6504.564440571965,227132.33135173054,5.081848073899997,nan,3030,3030,0,0,100,0.0,1,-24.69817654024362 206.06404763036392;398.8662625023196 41.245750561939886;-616.2289103268032 198.56065126210152;18.699352429865684 664.7378517156258;-426.55923543846797 -327.6585299885748;-240.28483154178855 961.7182833479137;304.51095977658923 -931.3842836703512;-302.51995342175155 15.652986979777628;630.4134753355678 397.79832468564524;-12.262084428668784 -224.46558207857;333.91144647311245 -288.61761732664974;7.804268457085031 -687.6417335777043;812.3510899179538 -172.84378828532212;-903.4514978676079 3.0851434249893024;464.28901503774415 836.7551859023424;-278.4798356363163 488.5467364103741
1000,16,16,GWO,12361.466619002284,221275.42917330022,5.081848073899997,nan,3030,3030,0,0,100,0.0,1,415.77749824403713 744.4697070208522;956.5183024355475 -33.06336947763101;-422.1079046312066 -398.53265993337703;-491.5424232771042 420.61461974299874;-24.65187730468685 -18.327375147106597;292.79797857928975 -118.82329139504242;-446.15782673975696 -13.28944342185723;-10.593681559400816 -930.4381890883982;-843.7102687808818 3.2924024135761947;12.790551766814396 309.8116842925037;553.6487551010101 -425.51303993351604;5.980066079180314 659.9816120954689;638.2854886074207 -14.972087247630947;42.301684735295346 -380.0173298921306;362.6920089622975 -854.1429026187337;9.957640365357692 995.560130884277
1000,16,17,GWO,11663.330446780805,221973.5653455217,5.081848073899997,nan,3030,3030,0,0,100,0.0,1,-15.164007074240834 395.8872299684227;-1.5457779900707678 -214.40489880224604;694.4733598375227 360.58561831179486;-126.72051542568454 92.56496547410664;36.11522796441935 -537.3460155188635;-341.9053892126097 -661.5524501067142;-388.6179088748024 -77.97616337120503;-996.9088717136386 -2.9159843848177522;-807.9031579463572 -367.5161163977818;300.390752766933 -319.75457991302613;-6.763354440459753 725.9237536658355;-687.4675850307964 9.863056548814948;184.98511017201986 54.20561278864869;-607.1230976383754 400.25437767069997;6.791339621960763 -889.9708202101373;532.0366782371624 15.301871238679539
1000,16,18,GWO,9906.11486840379,223730.7809238987,5.081848073899997,nan,3030,3030,0,0,100,0.0,1,-323.5097176770218 307.0318689696539;-29.27558779700389 60.81025044360499;298.061095646655 221.2313112934577;958.7708606726045 -0.2576450835558543;-13.993832088270096 523.7950006367419;435.1544386631267 -644.9602286971044;0.9457076926160105 -606.6811065045935;455.20936638184116 -103.73445505861447;-359.44137950408486 915.45592033582;792.9316040226437 -326.1288112342166;13.180434546873128 950.1410823556566;-3.562253036971386 -999.6062954935455;641.8860782641194 500.97494157039597;-2.5118815253905717 -268.9693693789425;-374.03698476895215 -157.6597716981841;-897.1543610738466 -80.79263123710594
1000,16,19,GWO,11514.777923263318,222122.11786903918,5.081848073899997,nan,3030,3030,0,0,100,0.0,1,-321.4834065516797 -0.06390593033125416;63.11258767837497 -402.33190516737915;-576.204567433677 -441.74573098535484;758.3915410803752 140.68387243059382;0.7383483037149174 971.0384844571532;509.0428005254151 814.3202979895309;-671.9962440473406 71.42133543167397;-441.6922687531657 325.24056215982836;-1.650609551740977 323.12063119447885;4.371675445714236 644.724946673767;716.7683027558651 -311.94994596388955;-990.733369047983 -19.004596750582873;-13.266452942437008 -827.2534402156222;-9.970459864249456 -13.180191120450116;375.37744686147494 433.2212281846159;349.0942496162118 -8.499248748539012
1000,16,20,GWO,13509.618808448751,220127.27698385375,5.081848073899997,nan,3030,3030,0,0,100,0.0,1,898.6201796407698 10.117365318180516;23.653537599343988 -991.4329059333581;73.5102488352886 -645.6147221265128;535.9987301706241 -194.1005991881551;504.0203742691162 -727.8584138380078;14.410698498863006 679.068824872765;-329.43223938265845 522.8216298887479;-341.64995567255636 -3.932006532830908;-0.6828610920466379 328.1551586497387;-7.273326678469768 8.999682955656851;-13.836554783545047 -312.2771997428818;301.3479967173487 46.63694274919431;511.7379263548125 410.35445312330415;-722.3466401392488 43.21438896172134;-141.00150603125562 976.9659026548611;-291.9377790638045 -895.7836123084629
1000,16,21,GWO,3643.4642626638815,229993.43152963862,5.081848073899997,nan,3030,3030,0,0,100,0.0,1,-0.008724789248649374 -808.3314917375465;772.6568193143731 390.24146165144924;377.9849720928864 847.2828364822539;200.17786029435547 -416.51863775640487;-346.83813321323197 -871.4803563564301;-631.1270208953994 226.14370894647615;479.02061189924876 -22.687436336130094;-340.7621287466073 -18.912742625482423;-954.9907384205436 -8.272037402920896;201.9638580841075 311.3598316546858;-183.434215357947 -343.2503123178248;-115.9144251490094 338.14575622245883;964.1578998791089 -58.448820397334394;759.0456764932806 -610.243633509819;-129.71093962379845 932.9157845991152;26.555246092102625 -2.178638599312495
1000,16,22,GWO,4.967298929645798e+23,225655.6172750977,5.081848073899997,nan,3030,3030,0,0,100,0.0,1,86.19047856878596 -21.13497487335454;-999.946015093045 4.472755489563834;-11.95932226665735 -666.581137823399;-184.73958729801674 4.9446306930415345;-305.2143400759447 332.6667850309798;451.29963418298615 7.4442096246806235;327.36156731381317 -431.6142052623272;-727.1811528799767 -12.05570652338281;-1.3211176150319803 -337.4031497977118;-4.587751481940704 387.3926994043313;-320.2632646025804 -780.5272069686856;-454.6042576806728 -32.02637461588018;410.0738806699639 730.7594403617301;957.1543734905632 118.50264564740957;811.5815904079067 -227.69050440771903;631.1389570313017 377.1278972970742
1000,16,23,GWO,5881.102684941841,227755.79310736066,5.081848073899997,nan,3030,3030,0,0,100,0.0,1,285.7368108456894 344.3606199972074;-837.0827956804588 348.67626531779433;5.352106720126021 -995.4000249668329;-249.7817281941068 -741.5775101249843;-272.58361190924614 -33.25970287806877;-968.6179233656025 2.3926424478121557;23.138562331003737 79.78614506156477;437.09276099028466 767.0717824082066;7.65914441775663 -348.1891196993309;399.4132244835143 -721.1277002873682;-628.5016186115968 -246.3303206375202;477.85254827519685 -276.8926514708469;660.3601455261165 -6.557700654947589;-25.722464422364354 563.8979034397836;-414.4514448300044 373.347365653669;20.819595071800602 961.3215284211036
1000,16,24,GWO,4.1453469524714785e+23,227704.58810915146,5.081848073899997,nan,3030,3030,0,0,100,0.0,1,-984.6927731517236 43.04580536293395;3.674627063791339 -797.3910962187023;-130.80172536429396 -319.1571484528167;414.4453198651019 31.38939858346365;276.2583843778518 -401.4536984878858;-734.1927279578314 -84.83068635544186;594.5655939617062 -388.9919181436167;106.70055190085588 -48.428777160560536;-84.54487444282869 139.7372422881982;0.8938582879066246 899.2906951638952;-513.6159703280731 -459.7519351069107;-426.3525815760622 49.71308957152754;217.63776643833276 436.4171121525947;-697.5738785560021 401.80613657961067;734.7568378316765 1.1370530266014622;1000.0 -2.27944397556774
1000,16,25,GWO,5664.364539627422,227972.53125267508,5.081848073899997,nan,3030,3030,0,0,100,0.0,1,-418.23778594292565 -7.415760821690204;7.567464213782486 555.2374241060597;818.9218928963259 -64.84422176414176;-372.56137340581296 -921.76795289731;-625.2985671501774 -635.3277914798277;713.248491075078 -586.7586853619264;51.88938222118628 -29.381315299008794;-950.8139801340863 -0.01692947170752995;408.565771471602 16.430266693326235;343.31191664378406 -485.70578650657285;-349.44943530923956 343.14727927535;-297.43987871189114 -346.56410048394855;-777.1211524246779 -311.15238434179423;-116.22819130520794 -697.1705460367224;27.846302001724226 -392.78800245308344;586.5927632192469 423.201713627816
1000,16,26,GWO,10427.073502337793,223209.8222899647,5.081848073899997,nan,3030,3030,0,0,100,0.0,1,10.688109035151252 337.22287302188676;-893.0639591592108 -4.98699709279179;8.74782199615184 11.258245983908653;-409.82271740470077 15.959284067565392;-5.572088898416418 -954.9682271580099;938.5201819381697 145.13522246577094;-251.54333756397799 -264.0186759390112;313.1996345434788 -363.8654709023347;338.1320379557026 7.700297506322109;99.09274620426005 644.2842850599383;3.4042595713058996 -535.6696917787635;515.9794474080699 616.2787730319077;-750.298119876179 291.906772271398;8.321045316363024 997.9196879327613;653.469853453281 -258.27030077823014;-389.9391974501496 528.944432477965
1000,16,27,GWO,12716.581776647945,220920.31401565456,5.081848073899997,nan,3030,3030,0,0,100,0.0,1,-582.1035498510456 308.4480722970338;-62.331212926058846 644.4205326019941;386.0006573113633 -15.770869110069187;682.8800154235228 -364.6860705533911;-4.569297278217722 -647.0113427519773;-402.3863424125681 -10.024300102908471;-457.02466659222114 643.1551178521304;19.275488306546848 335.44470953699744;-18.40907868545096 -311.68902406382034;2.827522837934186 10.77585849474491;8.35351098960951 983.5829176807459;925.5102755348986 -50.01444226239344;612.554689387359 217.70106625903426;441.89682700306554 531.7498110545042;-800.7010991256051 -7.589224303116246;-0.18854479069584937 -997.1095186302022
1000,16,28,GWO,4981.006480675889,228655.8893116266,5.081848073899997,nan,3030,3030,0,0,100,0.0,1,-2.651749765483387 -3.730938822784715;-4.337692702299559 368.5140917401914;-11.343505867961403 952.8988304318714;333.44594623401025 848.6231606057509;5.568361993927319 -889.8820158497541;559.2701582059204 292.9537959670676;-213.3114586709114 -471.6012419474284;-729.1136387369438 -516.9510545239528;866.3745645546727 4.717793982292065;-339.1324854242528 484.8501662120379;-563.3241218603907 10.125686015679504;314.8858055879902 1.3358549734008938;-730.5895734148022 497.97289059883343;546.0288672556568 -314.6014561733338;-937.307191680106 -5.888868054996114;-343.01498031749287 -844.8256043817328
1000,16,29,GWO,7026.838442196953,226610.05735010555,5.081848073899997,nan,3030,3030,0,0,100,0.0,1,33.84934061304662 -995.3449282431793;132.35858443349886 -231.69033368349605;-202.78210850412174 -328.1874486327766;50.78229602053642 905.5494174730837;0.8177656037322268 68.05329448284535;-89.79550670186552 554.7269443831239;-916.4234372733872 -238.15725741566078;798.341836047634 229.3812142640099;-379.64952684054424 -15.971824874600157;981.9537579380949 -49.040905636943194;-784.6910872676204 56.638261876603735;358.980931443819 -506.6667120026995;412.55757342506575 -0.05204376363235078;652.1969066396372 -260.0342662256042;3.9733527005779803 -578.8149097350997;-406.91347911667555 341.0833494813866
1000,16,30,GWO,5571.1354857417755,228065.76030656073,5.081848073899997,nan,3030,3030,0,0,100,0.0,1,561.3447390940828 364.7497256877434;-86.74804592213171 2.6154138014927457;-236.74902323954234 -658.2680058554605;-882.8661050219044 -201.08448684695645;80.24499259479857 -935.0365916927955;-399.285483201208 -173.63955343692086;0.9856212875253773 386.3345484073136;18.721726055497218 910.8280864337308;785.0029670231092 -165.69395131127632;-470.96566052972366 618.8627932010528;985.4664871028499 89.36640889458697;-1.3577547199389615 -384.4185624502318;-725.8305381670767 110.05831115502563;317.55592892298307 2.949857522054119;386.69930715477534 769.4866063043156;550.9265024084676 -531.5469919936626
1000,16,1,LXSSA,8589.788811630104,225047.1069806724,7.888235708966666,nan,6030,6030,0,0,100,0.0,1,-645.8310040197734 -470.0472134932342;-51.94699435258018 456.414823345024;537.0111770501451 39.67830790888676;-153.33970743403478 -304.100397258384;946.5698768237049 248.52343017454626;154.226194742774 -327.18305647284893;-318.7590450270854 617.0143193112599;185.05293967099524 251.13135362017613;363.7617247340095 799.2956868489064;503.09770817621234 -861.2358178887442;-357.8658676686946 -620.284878305928;288.96537688122334 -613.4996825366134;-187.1193969573041 175.11081322203938;50.793679680316764 -29.21010694220526;616.6916566937164 352.7172014112456;539.8765975759068 -295.9943376561033
1000,16,2,LXSSA,6119.465739637322,227517.43005266518,7.888235708966666,nan,6030,6030,0,0,100,0.0,1,-769.3967256364259 441.39398573246314;-181.75399332761606 619.3185538734472;49.71898656485545 360.94432202079923;848.7121000097115 365.6524201579291;-282.7871485796935 219.29912579953614;872.5018920488419 37.16632150374296;59.276837370554354 -728.3848574073801;-368.33823441985265 929.6685976055116;231.5806203733665 772.8595449610942;46.08525966965462 -264.63794497323147;533.3736674931457 -799.7499800883819;536.9332218509239 584.275510791349;-515.5429802197442 657.0355383465303;-508.45576943320367 -554.780693151439;422.6667245932576 292.2222713530753;-259.50551461680425 -958.3934868557448
1000,16,3,LXSSA,7225.937337818585,226410.95845448392,7.888235708966666,nan,6030,6030,0,0,100,0.0,1,183.2545252561246 434.83210889034234;-316.490050499554 -308.5756524561308;-28.23250090720125 -868.336531780386;-586.8538317123073 351.6289494474952;392.7131366475433 862.6167996210255;-462.9218213193682 639.8979982860079;-121.8894308023989 575.6586342136844;-257.0177532239144 35.25546815506791;-130.46677040725697 -576.0285156933405;531.4468076459847 -219.48564161450113;308.5174788393471 -925.7390035036018;29.78803284035559 885.0707236948605;-439.4165316651977 -848.249205934199;246.73217842858526 67.53610296708759;818.4236720191125 236.00983109930704;606.598797867477 -739.0247969141368
1000,16,4,LXSSA,5183.216029964999,228453.6797623375,7.888235708966666,nan,6030,6030,0,0,100,0.0,1,635.6158541585476 350.4685233661238;10.684874952210375 251.31559623171114;-237.48383466374912 653.756624784413;-534.6129169650586 -510.5660810046507;858.4143810874916 -298.5968699346702;943.1894290803002 328.78124066781703;-101.51708803002425 -467.0554861853136;577.2017798534948 40.876483964792286;-971.9266953420803 47.12309425397714;424.84903487685216 576.5824530175221;-34.634188271762945 907.2414813444382;-658.4157510299012 -180.0622352283416;-340.78250142193923 361.58004817359256;-559.8364333708338 741.1162584612426;-581.5069913298871 158.0716427237622;262.3837266218134 -923.7898003569304
1000,16,5,LXSSA,6539.346714169282,227097.54907813322,7.888235708966666,nan,6030,6030,0,0,100,0.0,1,6.522005732903565 -86.441377264314;277.072560608959 -362.80764700783607;-565.3751326350168 -93.10778271259733;737.3562759250611 -184.80719189863862;700.8488283484953 635.4807950469858;-61.78401997604885 435.3246160106562;-826.271192281956 -269.5871358013823;145.2301941049194 902.2612269355067;489.48322910833815 31.752485383072905;279.0368406719578 547.3740653829856;713.6327407706892 -519.2865503548139;467.400116319446 867.0874891307526;-670.6656290303313 686.0797745165686;-364.4198416639685 353.7949455846542;627.579702694222 322.5501321591819;-118.66023785106039 -481.85888440620636
1000,16,6,LXSSA,5416.276690537867,228220.61910176463,7.888235708966666,nan,6030,6030,0,0,100,0.0,1,-564.5275754180403 -716.9825935339683;-27.156934976666555 -184.87865040519173;-968.84404513227 101.89979453563873;202.11143021237368 -945.8908745229842;-246.15805588578587 -893.1538787192212;322.0276615315333 -95.42921575827128;342.8194541258876 248.37811925675754;852.5126427785525 431.8875897581746;-541.7713543277303 -83.91153813047262;666.6150913361997 -34.93743222701539;606.9739669294057 -789.9969434316129;456.51802595430865 -372.51543465736165;931.4295174110035 -215.5791870186161;29.369936530727742 701.8657458091935;116.71099322152213 -484.8254043650559;-710.1115999647315 417.64745815806776
1000,16,7,LXSSA,6627.133042521658,227009.76274978084,7.888235708966666,nan,6030,6030,0,0,100,0.0,1,-779.1838481545132 166.67512949946925;238.1799713877853 -61.75367252265092;-508.6840817775964 -831.4537390653621;832.2831790606601 -354.6010777287234;-487.0154660803022 -511.29963753851763;65.7601173137181 193.53158547291025;-503.578343459849 9.674424719550272;-832.4794703576282 -281.012849032315;479.6257896323837 493.60121803761297;-441.03966468654426 362.4587413747699;138.60640469134822 -942.0611277778759;-197.68800237764808 -922.4682702843324;667.0080741253535 165.90348637419638;-1.0196370143949172 649.6884432387571;539.5036975215145 -233.32711297735048;-281.0574504755326 -212.15709923280508
1000,16,8,LXSSA,9555.032884063723,224081.86290823878,7.888235708966666,nan,6030,6030,0,0,100,0.0,1,667.4991055357661 650.2328202164952;644.1743201270998 -656.3502739148619;24.37924445218367 227.60463694570652;485.658395290504 198.70271322617887;-779.4820926042777 321.86727127702466;874.5590823739976 -414.86431930543023;312.4385178793561 -587.6288852510364;-432.8072585312082 -330.28609528205754;19.127894653645292 -725.2233933562156;557.5010160558865 -257.39426398824713;-38.76691156734493 556.8023425488602;-650.7035677020026 -652.3751927059906;-132.26783095107876 -443.8254482041778;-474.50781100142655 275.7255063981705;-164.8270604266534 -98.57725508867532;805.198875684879 203.5946130068254
1000,16,9,LXSSA,6210.166251615301,227426.7295406872,7.888235708966666,nan,6030,6030,0,0,100,0.0,1,43.93402977689946 74.71824535343949;622.7905378415497 -703.5887396306583;454.2769220797106 101.93257792703207;-550.3934965081412 -828.4927954228506;336.97359965751696 388.12366200095863;598.1472558663368 -290.7556679053158;-964.5745390225702 -67.9310344849636;-21.72704823913144 -795.0899974167928;-221.61083295329868 259.352426462999;247.94424349084548 -468.8899512021683;-64.5828744782454 -242.48475603586846;76.77035013948927 702.7106483994381;-415.55977154050095 863.2406985948496;-867.1313559351759 365.2467024452069;-579.9359230355999 503.2841984065201;-481.4633298322826 -48.42155116952909
1000,16,10,LXSSA,6079.963127538736,227556.93266476376,7.888235708966666,nan,6030,6030,0,0,100,0.0,1,790.1829392339112 -250.2606559280742;-913.851990426831 167.89601675098962;32.241869507522104 -989.8428839701193;-26.771709623067217 -637.7637860781775;570.5400845485933 275.22707857707195;638.3505494134757 -758.3997048426604;-284.0649830109254 323.1958761184614;-250.36047522702665 907.6350511228824;60.597584768584355 201.1325304551621;643.1882249644028 735.5276894398047;396.4933897859121 15.740128653833612;187.02339499629645 536.9978490731849;-624.2367856891428 -197.95872780776446;-952.8528875816097 -281.0049269004808;-517.4188945396027 -753.9969670853568;-593.1311197805926 211.8607925832224
1000,16,11,LXSSA,6910.64852716116,226726.24726514134,7.888235708966666,nan,6030,6030,0,0,100,0.0,1,-183.73244602227354 -23.816048291709546;-543.9939030756381 578.1359844590318;-661.563414466931 252.2349596110242;17.818890352190742 -416.30267269144997;-766.9316010192036 -596.5625054290681;344.1521676305724 -388.1122854212014;410.74373263062284 286.8054015881046;-486.2374028774099 -93.58734297396398;650.9872621361637 -589.5983597979277;809.3546670299302 250.3993548297535;141.21838384206177 -20.309164455351873;-848.316883363406 -111.85086202843229;-164.71262988874625 833.5478165872813;115.90784890637556 432.09851199181696;-272.140947079723 336.59192126636196;-320.71182626579787 -442.37545859138834
1000,16,12,LXSSA,7478.540734936367,226158.35505736613,7.888235708966666,nan,6030,6030,0,0,100,0.0,1,-745.3329830765708 -587.1873656527443;-453.4821710634191 -407.05400542544396;-320.8464569840635 -685.6796432468956;206.87250999364082 -305.3286353008314;-176.9951625400474 -101.09844751137813;-822.1098645175147 568.8504932489946;491.42955393076403 -554.3016003146004;387.0039643296171 20.07769168176998;-620.1670368347964 336.29230945695;-39.9984753058224 -497.78281610088385;608.6210005487018 -226.76385097119817;-520.8920334438917 -27.43972714734569;-326.3173062350388 516.1602298959859;931.9006565715721 -240.861898794189;-185.21813773152422 -970.0124782047496;-866.823955827243 100.35373230213173
1000,16,13,LXSSA,5214.259739185625,228422.63605311688,7.888235708966666,nan,6030,6030,0,0,100,0.0,1,-551.4198885623601 17.172386365466387;471.1879311642731 510.37027001164546;747.3712104376027 -537.0532296183237;812.9733739740482 439.7987654601746;-387.9627048558065 675.6202712095507;141.72734306913677 -824.0267403589743;-32.26484536027572 -363.6233922370833;214.58011991715517 737.3730283480656;805.6017456373339 -201.95936935346128;-124.92573462614808 372.89935117743585;-510.1036237596877 -702.1933494886558;366.6799450577442 -388.08434515325024;-887.4156063213575 174.45330619812702;505.0391405643998 9.415246208541916;148.4879654771947 -9.808977505785238;-617.8114851433999 -394.0625183891167
1000,16,14,LXSSA,7008.656594527769,226628.23919777473,7.888235708966666,nan,6030,6030,0,0,100,0.0,1,-859.8719139597857 -241.54430739005653;-410.5170328576256 357.5361453706185;121.94846641737807 -446.12222603437885;-631.8299802033092 -486.96390072618476;322.0675678605672 -17.311793627976748;-588.2233182318394 614.0869979939224;-45.330244461067274 -187.39493684991567;-160.4931768868368 -797.2024614121148;-67.10012158634771 179.10015826507777;-515.572430634636 -812.2900276633528;949.2234997428362 -243.089753323597;-927.6803526900632 248.17425776152945;678.9354901965705 -76.68808600974035;650.2012259672964 -404.86451596095645;509.3332714638671 444.2202996954079;-94.87880327262306 587.4720982767576
1000,16,15,LXSSA,5928.748541515844,227708.14725078666,7.888235708966666,nan,6030,6030,0,0,100,0.0,1,-608.0879903028313 613.742144704941;-638.71831074747 141.5989740954398;-662.6560258046892 -250.27147897449515;-494.72370417515583 -855.3312027705526;923.6939742968079 -335.5693051866085;-38.17554103266283 481.5972876768235;89.26156484329367 -345.73533156205986;601.233489164124 610.6372063214167;20.851559333706298 116.1789888342177;-922.5753537750485 7.779168074220509;-351.69897880306644 913.4288614154589;150.7979241817187 750.6460224096712;-283.462900424762 -277.1037163893431;-126.77056619265515 -779.0839938914698;708.3845394623833 -696.5793759495235;388.29390441262143 -131.11008650426461
1000,16,16,LXSSA,4198.3402366775845,229438.55555562492,7.888235708966666,nan,6030,6030,0,0,100,0.0,1,72.45007299696968 594.010313767063;89.70720744782416 -448.57668753424105;-188.57134666742985 -663.7677356906572;459.6671047052837 288.08259522771067;-546.396912550561 -740.9702485469576;779.9677497163324 405.46771274965096;823.1448207763825 -474.3348596100187;-713.8164014512058 643.5336347479894;631.7454429878949 -63.29570980221138;43.0996840572857 168.68217413319306;-443.871511089674 463.89464489416014;246.3224904441968 914.8700283374325;-468.047472528319 91.77365269657862;462.45462942045526 -447.0536773114595;263.425607162758 -89.67382459413834;-918.951616492071 25.195867522303647
1000,16,17,LXSSA,4283.325196079037,229353.57059622346,7.888235708966666,nan,6030,6030,0,0,100,0.0,1,-536.7261515639996 -657.1865081736514;-364.2816995232483 -265.88808347569056;-180.35269132433677 204.89547233365155;829.979866257829 439.8691513596917;-976.3868725516589 175.21495309047174;423.5906133294502 495.95033343112533;-146.25092473026103 -835.3728151093067;144.0878812700156 -199.98106656724417;255.50217727360268 140.82808241121774;256.69991945726156 876.251806174198;-107.1563921121342 741.3240733558862;429.6077020911223 -620.6537275267677;-339.578356654619 524.7628821840711;-683.5488812853725 -159.60335440455955;642.0605894660342 -153.17106723853865;-109.7533651580108 -463.9929275686153
1000,16,18,LXSSA,5684.090539626835,227952.80525267567,7.888235708966666,nan,6030,6030,0,0,100,0.0,1,-402.5555700670753 -1.6885606340015904;645.4271053724754 -449.9788837958523;20.535674886952762 119.07210586578496;158.6897701784896 453.36332417894255;319.7105469921892 -342.33452600184955;530.6099878587409 610.5217164012918;390.6009490984048 222.20462828250152;531.1205964054194 -90.39629603526768;-18.626395542024966 -676.9134223848306;-692.7677454889364 603.0317192341386;745.6659002319531 211.92137598227652;-540.6194247606905 -758.9296330438182;-254.96714308331008 402.88416545873;278.2078362749452 922.6222899002747;-251.9588454081385 -410.2268607551011;-59.394767135098895 779.308026487775
1000,16,19,LXSSA,4184.313315248321,229452.58247705418,7.888235708966666,nan,6030,6030,0,0,100,0.0,1,683.9634643402751 -520.6661292611772;-854.4484825454916 -38.37371733352183;-300.8798060757421 946.6399156272466;11.824657975012318 741.3299996649953;-652.7825063437687 352.1661669489686;924.0814514607649 268.5751064590766;-376.0680485624826 540.1206259916839;-695.61784917191 -451.1544855601913;280.3719790363895 -657.4263538109776;230.8374485065834 392.7384030663343;284.0714363956058 897.0447012572492;26.880264681637524 -36.7207832341365;702.9003054302692 535.3862409527223;-43.171812252685264 -676.9654221832378;-298.4167075403131 22.281392402437024;520.2844153900053 -38.92582183042015
1000,16,20,LXSSA,1.4673259521117737e+21,224746.72685521547,7.888235708966666,nan,6030,6030,0,0,100,0.0,1,-711.6649273895565 60.27133093360569;363.74823267284313 817.1508502073049;-356.8665448931801 234.1156239253025;848.1900620569315 -427.0633750338412;-12.098199765383418 351.9044424737285;-695.516120399 368.19834912729345;86.32336533598027 -219.149388485621;-447.9255745595746 -96.89020953358876;-532.4049621321745 751.0397022939744;-978.2393622049906 207.0210931231487;948.149050566332 -97.66418123015866;-106.86149869147165 51.30688686439994;373.7267060662268 120.3308754235796;-268.5702661438692 -347.332787143721;-474.257220616843 -773.5393745220437;680.4137566279064 699.2683552010125
1000,16,21,LXSSA,4716.316409721272,228920.57938258123,7.888235708966666,nan,6030,6030,0,0,100,0.0,1,424.8364998393418 -569.6715694822536;-647.2122116456571 -505.4218174738075;81.66672303760556 -687.1658533059461;292.5524083377115 133.6593571593886;-510.71512392026096 406.6462890536831;705.582481849117 246.82938080467534;-846.6071739337417 128.52923404219064;626.234069628477 -182.74686604882706;-888.9503007623982 -293.56637705286124;-48.07976835671908 -310.5760932085402;-517.397156504496 -162.72949314997027;-734.9237857409682 647.6066117960215;-261.0208434606705 65.75752548897577;10.381157167629476 594.8536927379494;-264.00251076613955 -567.7762612289986;-149.18000038573317 988.6871870391019
1000,16,22,LXSSA,6120.947523591865,227515.94826871064,7.888235708966666,nan,6030,6030,0,0,100,0.0,1,794.4970708461505 113.65087884297225;-142.4083682222378 -794.0442272117552;-671.1766369061615 -565.1234153753652;-580.5132578457384 -37.34099740327265;-817.5464885992092 457.2987336018706;-342.3274198576888 774.4187479856521;8.585106351244633 -140.93364964673557;9.98621239811394 999.4313358903717;81.09208226218918 359.79028926497676;262.9692251631552 98.68159729014839;85.97278811738335 -529.167870689723;-972.296481877446 132.72076285619139;287.2120422997676 810.3374874760711;-331.71576131880465 -519.0082136816592;-60.45777220851363 640.073560454463;-859.4169615482928 -185.84463692085765
1000,16,23,LXSSA,5245.090954502521,228391.80483779998,7.888235708966666,nan,6030,6030,0,0,100,0.0,1,662.9418683173083 689.2694813687226;-316.4077590358553 865.859907750592;-457.870577678925 480.73029344295327;-75.93144323185692 -77.37883674561361;-94.54394150507312 615.9360046058042;-565.6356191802088 -181.9666576215281;517.8854246313515 -693.759873755281;731.2427754141645 -51.56470059670658;-188.72037099205002 -393.49316197521733;-680.7398192022026 150.02474195981486;291.5351839377952 562.3650224631283;151.22522660257974 -561.5457633282549;317.6491471026629 -273.28638063043843;-208.01815031665078 -853.1332272742592;-756.4675743720862 -651.5150129198519;656.7226542043946 -400.9261228732826
1000,16,24,LXSSA,13395.852728346421,220241.04306395608,7.888235708966666,nan,6030,6030,0,0,100,0.0,1,474.32653149511407 818.9862776121173;-245.17943116632983 218.34211341317481;444.58151637509076 -839.8831076218685;43.29500113781341 90.12663802704374;497.2588953558672 480.64180899691263;-478.46632996719745 484.96569117348133;792.9381349650151 -62.57564839756683;-616.9391658833314 118.17085658859506;114.57248766256868 -566.886923866991;748.3004202673698 302.1977354656369;-221.7166917894084 -363.5591023241739;102.57915864375413 392.4391643358025;88.39843467962102 -226.92548474948487;678.291257607214 -473.4573143160426;-954.5042746937735 30.463241455905813;-546.7154700780577 835.8612062850867
1000,16,25,LXSSA,4550.942986654234,229085.95280564827,7.888235708966666,nan,6030,6030,0,0,100,0.0,1,649.3207711008065 326.17702951242194;-418.42822556255476 -771.8019677919938;-710.0079740837135 -49.99587755621577;-503.15235466914993 752.5204775679699;456.2673479353573 -719.5721432165012;168.18509200156242 307.46904912915295;36.994765623572185 -743.2100335772603;-176.80708960305742 337.8997937078042;-379.57839859984784 105.17663497493027;129.8748629210562 991.430457811757;418.1718874438408 854.8973257345201;382.4997741447382 -299.0988372064469;-850.7587820677223 434.52580798114735;985.6795798543935 -96.98530839235606;-562.7608184499317 -371.95061831080795;-989.8996480535386 122.37465113557164
1000,16,26,LXSSA,7965.320589177572,225671.57520312493,7.888235708966666,nan,6030,6030,0,0,100,0.0,1,105.78730356592031 -264.9624174039323;526.8303831771207 -80.38592727229181;586.9417195366995 267.2324903718839;553.6909088897909 -404.5019727200078;-489.7004592221919 206.57292535462432;-517.814014686041 -123.69448448925574;28.663308199803286 619.486763738721;-313.6330148646915 465.7278994846223;261.44072571361033 371.197781716128;-208.32098639201834 -36.65415372112324;885.9242132480708 51.50471562287417;912.5110175238907 383.09247077430933;-192.79367261795312 -550.4467110719311;640.9581949355387 737.1985508902429;-55.281241595153055 -844.1922914095433;-595.9516700614072 -689.4540416409627
1000,16,27,LXSSA,5466.091717395291,228170.8040749072,7.888235708966666,nan,6030,6030,0,0,100,0.0,1,40.10701337415569 -138.64581730608208;913.4732078477882 23.277795207207394;-290.4553742640341 234.49452023849656;592.6088292137947 -341.84108342451106;-641.1234212525803 90.415741411188;271.66504245172734 470.4139968516935;467.973252593669 45.981260952746666;149.9766797669974 779.5734221010183;137.7791505725022 187.9361442469525;-139.18339927880484 532.0963862325315;476.6271539944767 -841.759352720509;-325.2034247274132 -137.45914256322942;175.00182379640754 -763.3020415868687;-320.2053572098853 803.7733343114768;-791.9386563351078 -368.08040934738995;-518.3376636313991 454.82181878210395
1000,16,28,LXSSA,5803.771862187074,227833.12393011543,7.888235708966666,nan,6030,6030,0,0,100,0.0,1,475.6506614623933 -250.2399264071736;55.68115894311934 -583.5987999504822;801.8203804668436 -302.70269120971824;-898.9168622810902 -253.95039581580093;-357.74298516232324 800.4222678258966;711.4950397643643 358.14432257876695;933.0076002396472 75.61164585931355;-194.1305355156756 -877.8733657227407;622.5583942059745 734.7181751686719;-522.3012286356519 -834.9998037726472;-60.74140596449591 902.6518202519403;368.1324143214428 -560.0466173165825;-378.4167431468263 188.76326514613237;244.68347944713102 853.0353837528322;581.7513222412374 -813.3663866136311;583.5447969337184 51.19082694764253
1000,16,29,LXSSA,7889.873784346302,225747.0220079562,7.888235708966666,nan,6030,6030,0,0,100,0.0,1,-661.983981808923 746.5558169597072;-936.3990916474489 -192.29617125315855;-639.2290212469311 429.6980756602204;-438.28776700113156 195.35081222502342;-138.6624904562182 445.4780510124307;-292.1182346233249 -431.05911759966517;102.17056209275283 759.1872392887865;529.7569036176075 -81.4135922792715;875.9117905802482 -122.30202525147187;-681.6622692245962 -18.472833961022275;250.42295124408807 -833.8745509129751;642.6643831180482 -397.7458511679475;64.82724362890256 208.12402985419322;397.780457309907 619.990359785892;400.53517833985353 212.35166488416104;165.1735911418401 -84.75075273844656
1000,16,30,LXSSA,5055.724355618586,228581.17143668392,7.888235708966666,nan,6030,6030,0,0,100,0.0,1,111.64275668979705 -172.83265925956297;-551.9803922146286 512.0114971866087;-724.54685739124 -15.590429532532331;556.4060504791169 218.81918660297583;-477.2067659182522 -401.83780540479125;568.9414204688051 813.8349952585378;-27.880633690180446 -467.88458994048364;425.77382754861037 513.4886739461083;-35.08522355419591 527.7815211600907;185.90323034239313 782.0399348174043;243.6897418997484 241.7742722578378;-292.98869066989 289.4062657853729;429.5602247883504 -400.73967614885225;-145.93537740151453 -804.7402924941453;-352.3381928456446 -83.02556957340244;815.3302756643253 -336.24223953012967
1000,16,1,PF,7609.250754180073,226027.64503812243,5.3112118925,nan,3030,3030,0,0,100,0.0,1,-45.20682519324674 -805.3885371927082;590.7284654199098 591.482511729324;792.839214006091 -418.8444704312806;-257.9564733648769 -217.7369083730137;249.9971268886567 650.1817923442838;-75.11734286953687 602.8595997114998;-264.4023263703564 -561.6875224913304;345.0266727942459 -796.8695280562017;50.752036987088104 226.3794555073329;96.34822790724758 -481.95481537722975;-803.1770767923305 -431.26000296845024;653.7274709907514 -128.5434728401076;259.1322691679783 -27.21435045392088;664.9103197155628 -706.5863112810422;-741.098570385304 194.792503846128;-552.4169788575655 543.7681447961505
1000,16,2,PF,3.7192726826673033e+24,219954.28056863096,5.3112118925,nan,3030,3030,0,0,100,0.0,1,509.5579042126603 -551.5029697098063;-644.5238425955094 671.7394212133729;-561.3797992418017 371.77451888715785;336.7605841216151 -327.07398493524875;-359.6628846563023 -743.7012070610147;-72.01942016476414 868.1410561009488;-742.557949363055 -154.66976027489946;-411.6216884134106 -309.5789038696084;-343.07835268972394 242.5322363464585;254.03158894372226 -600.0520075567924;-271.67362979302544 551.50574352418;-205.5860696555831 -512.347846963776;98.59437776590279 837.5260738660445;16.16411227892894 561.4208176780617;-738.0266722854246 -648.9134356333586;95.90244799686803 -461.8397693543653
1000,16,3,PF,10728.110276233347,222908.78551606915,5.3112118925,nan,3030,3030,0,0,100,0.0,1,-645.467988102546 86.48831688251678;719.4151328230893 314.6735211841201;-137.1152617272319 -277.813032212576;-224.67377204109718 497.02126144927666;-938.3192313236764 -261.8178003832981;48.08216152563759 -683.1908718186481;-653.09038612105 408.2976496374227;983.4990210243092 -79.08834828366855;674.8253820883331 5.324661456460765;-177.1407126177152 944.7884069932536;57.56973995543777 650.597156049098;-426.5143449987895 -517.4920686479194;386.9693515123903 252.89883515831076;43.934536740742445 340.8966292100171;496.03615647787973 774.2956885297108;-523.0455613947396 -219.95078953512032
1000,16,4,PF,6191.783150657691,227445.1126416448,5.3112118925,nan,3030,3030,0,0,100,0.0,1,450.0649377376261 -243.89546743829516;-675.6067854218952 454.73633115343773;-491.19150431701024 204.99394189179117;853.1669758644614 202.47371424025297;-111.29044016348735 897.0524532615925;562.6790200289851 71.97540116955692;266.34287644500324 202.54263393974247;13.315771551367357 -275.44468237880386;-49.37112245709054 554.2183479335469;299.5480600092014 932.2753104819955;-153.86253993863323 240.21493573311682;958.6324766060778 -104.4576019715058;-222.3106996676603 -788.5631325522495;-826.1495373093046 176.78563361241203;-455.9979976117169 840.2853945768604;123.51689454027158 -907.5478358212301
1000,16,5,PF,6.964499795038749e+24,215273.92868109228,5.3112118925,nan,3030,3030,0,0,100,0.0,1,-104.6554747584853 -561.402164554195;410.55854738261667 311.14353203954965;-166.66411434076684 853.1603432987112;-217.60783506748393 541.0168787243636;-60.55081508577034 -851.7859366131319;-306.9311517499286 -794.1314717160692;-44.601097957975696 -222.81523795112383;653.6500937595783 -181.98159188699327;340.23823090229564 -850.2269733911852;856.8166157148079 200.0810730873864;943.8007300470247 216.10587126129406;143.25267173899897 -588.1512350854871;437.84145552124215 28.347292063132443;-325.36721539506505 -107.3068720787304;464.5497928921799 -236.29789469402246;355.6727480809998 713.4064292865502
1000,16,6,PF,6359.505960672686,227277.38983162981,5.3112118925,nan,3030,3030,0,0,100,0.0,1,190.53192714088166 392.0088589509752;-475.05753137032656 842.3231444133194;652.8036174605706 161.54358133870448;517.4538250559476 -152.60753233428213;412.77755513617006 -876.3102514416839;70.02999029519052 15.997922408151098;-113.24636278276998 -738.5825154012226;-439.61207548714395 -878.733727077077;-310.58436431596044 -363.0348937419981;17.349190438119564 710.7757054842014;308.3185416652693 945.3738639770545;-787.2479976377437 -10.99628739127735;297.65082745307336 -537.1748463592497;-341.2997825487972 515.9276047729855;629.2358779458656 709.0933159379224;-599.7372517522166 288.7681818855625
1000,16,7,PF,8.30926602697094e+20,221448.74495303736,5.3112118925,nan,3030,3030,0,0,100,0.0,1,-708.3190981575646 -553.3939631419507;436.26878686398254 444.0635718951859;175.8906201849607 683.7904618023667;489.3190089462275 -744.623379380952;-165.36418178759834 748.703781435571;618.1813334418981 773.5327027694068;-108.81883880262515 404.7137806057711;-214.36784376396253 -300.93559208866884;-780.1451381573761 -14.493773497491102;-506.4214670937369 120.3097577554598;659.1821452606847 -322.05887270232876;-115.23839314177592 57.486597393752994;48.54084637470819 -469.1943673319666;253.9171528188456 80.63393974096306;-522.1933547626188 -276.6388505495329;53.67672625372898 -957.0296911673254
1000,16,8,PF,6608.746623501647,227028.14916880085,5.3112118925,nan,3030,3030,0,0,100,0.0,1,-855.541691192835 21.791321271612084;-16.452705914013585 -355.3627892300807;-152.43785467508178 24.755302447084066;597.7970520489987 394.4464502146039;398.70341592812713 -314.7550410698598;953.630554996589 76.34261665057105;-335.5660453237227 -424.5278658031662;148.3780300567683 845.1268954221471;-675.3571926152637 -334.3260979437378;-449.68257556517943 -77.16500492332376;-311.01841854420996 -766.6569861843803;729.0094481065303 -566.3892501221642;-520.7739783771741 532.3958352861737;22.240471476091553 289.3930829159209;415.199061323451 118.91309164306641;168.143919582438 -81.30368571698885
1000,16,9,PF,5000.5892028593225,228636.30658944318,5.3112118925,nan,3030,3030,0,0,100,0.0,1,-415.44945819349897 238.71182164985967;-959.8528281744098 -76.93209649150174;374.36941165933837 -818.3042436935843;-431.04973595958944 -565.9613643019205;56.23240223904193 444.48530545737225;-139.49873183851852 -127.24617334390207;888.7893706899729 -101.81746397893689;616.4752318993689 185.40082577013015;174.0547112000283 -457.1526389403053;430.2191750359687 863.3654192063343;441.3317360231835 -183.57659462638048;209.64219311237622 118.68703872428797;-922.4690164570954 290.44801837631684;-262.2626326294425 567.5925228699123;786.4444003410324 -396.0525855639505;786.0601855399944 470.24215580515033
1000,16,10,PF,6534.484735868929,227102.41105643357,5.3112118925,nan,3030,3030,0,0,100,0.0,1,333.88762094369633 -658.9018297920366;-102.48167407719437 -65.76532438659626;-527.9372890468467 -831.5874987875347;-19.680503292649725 -714.6813204868305;282.71666841832086 499.2723281725242;385.5533726491209 815.8380146235834;-548.0840505236773 608.8424662210448;65.18957710568961 -369.18758907091535;638.23456617807 -763.5121146574676;-873.3587079328709 383.57549954110874;-300.215909382562 -328.38595751555795;-71.62621879454707 392.9423024822842;-166.62167244278552 957.2264839840741;-556.5840863664512 62.99824865769328;-656.0023508849746 -448.43579118372577;790.0921597798854 -461.36466006579303
1000,16,11,PF,2.2810104687084367e+23,226077.65569902054,5.3112118925,nan,3030,3030,0,0,100,0.0,1,81.6947680810641 675.7784652228211;633.8254901272869 -298.7495665793433;-836.4596223593496 -15.433553714560764;405.19133996531264 624.4395823094127;447.66905310427893 -846.4886009205728;-586.4071795125159 -149.43257812797816;-822.188284121949 539.8371054696162;205.83174327253596 154.8032465522932;-586.4419155522305 332.1499860346434;-710.7128734917842 -530.1842353737433;-348.5946503712773 -931.9442976656005;-931.4216299655238 -264.85566911846973;-49.232963932601606 -626.4003420534912;-50.180002821030584 -47.88113074946051;809.2425599720012 -575.8150498262831;706.7050235931058 367.1989724981855
1000,16,12,PF,6013.30030839541,227623.5954839071,5.3112118925,nan,3030,3030,0,0,100,0.0,1,-41.02319587567402 -90.04935881867934;-742.0071849777681 -33.5526052891053;-820.984510304432 443.7299377828687;286.88023681740026 622.8997546421969;-395.62296784158343 -25.201155046051515;-295.45101096777034 -840.8264433999203;37.79254312777104 355.05714842766565;126.44968578245795 -683.6233925372087;279.9646650654541 -184.385545693976;-114.19025951275174 691.544528797266;-385.99822805664166 863.1214517747561;886.0618207650733 -48.81112287209646;-541.9645468750692 -480.08560074245173;485.9414175656045 291.41432078330564;643.7002371719512 648.4364946089479;-360.0964623851692 389.6885796116782
1000,16,13,PF,8751.783108001604,224885.1126843009,5.3112118925,nan,3030,3030,0,0,100,0.0,1,-148.36239333873837 -116.98742275663032;5.507338715203684 218.23667789771787;478.5382199439538 703.1544782101046;517.1378007968295 -118.63538940822392;-356.756042863241 258.8088567311845;17.635194037158513 758.4258499691495;123.44958505336562 -972.9804261463391;411.0489407687105 -584.0173114132543;-267.68270140752236 -610.7203409298481;361.42832152414326 340.98155793288214;-291.2311266139267 597.6656579548795;127.36459335022043 -293.06189462864864;-700.8086843044331 89.20477400768313;-828.7690969034016 464.27743002305243;-503.59654471466246 -820.3810028359716;-361.4698574524418 903.9531184913737
1000,16,14,PF,3.872099448849361e+24,222234.28229822466,5.3112118925,nan,3030,3030,0,0,100,0.0,1,-112.63060217491451 110.3462585846902;-864.2238370812727 175.9245855329013;-113.07773526318954 563.6114462852871;-739.0418477264517 -232.5366810887435;45.68141273388152 -616.4590753609932;-6.645642852435515 -1000.0;-675.1060240490622 -407.5427262248235;203.50695427553217 177.04750615282566;-439.33824783311445 71.79602280880749;616.5746349535424 74.65489203590897;-242.2698029793097 295.88750513443523;-702.5574281427964 -677.5609516862042;132.92903729746587 -837.8302790912846;604.4632281137272 534.4817647769532;562.7749800214935 -785.5337363879773;933.7878581539328 63.37932379207177
1000,16,15,PF,5455.035713646328,228181.86007865617,5.3112118925,nan,3030,3030,0,0,100,0.0,1,-181.091549436948 -669.6506779460412;-468.1971764122332 544.1308632218095;755.2423325172174 -26.56300025236153;407.0299247717113 511.41882149850903;-888.0218192865866 372.8146145982367;-126.97394154949231 873.493801051617;489.93708731116413 -342.2270108042445;-59.50376420670101 -322.252721924266;315.09248181461135 -55.96960603881361;605.5129236145282 -698.2842664883544;314.0552373622721 -841.0539794054235;916.8719745741691 390.37969602927427;578.8482711530444 253.08683160939924;-509.25261071124834 -711.6058139729843;-155.71414210219126 223.26750530318833;285.49417537071554 818.7190884126966
1000,16,16,PF,5356.096528909227,228280.79926339327,5.3112118925,nan,3030,3030,0,0,100,0.0,1,423.61128495464993 -588.2380066789322;307.300508398512 -7.7692476729248465;840.1971335971195 -191.56924782521727;-572.5193319896955 -631.4584812660573;-948.5697063075697 56.33188423134266;454.9492500592054 843.2053593986842;52.51554516405778 607.8637542656044;-468.16341276346583 218.27229771376324;-325.59265615363074 518.5147047081578;-434.3957605978239 828.6736487291224;626.8130502469179 393.03637472549684;-776.8539992524022 522.7497205421384;-506.63395238922675 -285.1469237825616;28.501387943713706 -474.24143880906723;867.960915030647 182.86143302118091;-23.580806852631248 54.6222989787651
1000,16,17,PF,5506.347449182096,228130.5483431204,5.3112118925,nan,3030,3030,0,0,100,0.0,1,-256.4370944740763 -112.79351165181932;-779.8919568343206 -311.6366083229758;568.4038368496568 -461.2978115466623;525.0255839606427 801.6234683523345;-26.4720246295584 -986.5658294660427;691.3874536312009 201.719334034061;87.5032310462423 8.880812509607615;817.2031629761099 560.235024028582;-468.0627442951424 -466.8789239657545;-148.41134271810623 -643.6051609805438;274.760310924379 445.2019486312716;889.7269690680781 -306.17344019329164;278.79529361596303 -632.2324095811183;-224.69387374074853 279.560829618935;377.28974496747855 -163.8906246656291;-480.3020648300819 736.9245612317773
1000,16,18,PF,1.5342722591272105e+24,226182.15617072914,5.3112118925,nan,3030,3030,0,0,100,0.0,1,461.5663450240954 551.8524972013865;-141.58081104253625 6.097423686538654;219.10508112919868 575.1918445192167;-593.8302346992161 -610.0386233163692;-3.359041037979857 -281.99725821327837;163.69824031447055 -804.4492967661307;421.743253681095 213.00985661164054;-244.5735970651186 -518.9824713840453;278.1888961593449 4.922705831421851;-424.6069152183027 288.07305475953285;840.5590858419101 -225.72861636533827;-335.0167087494674 507.4812391067394;-874.5672233590301 -347.3205156095521;299.6833372421914 -591.9515936655184;-101.09694423028746 -981.0991992639363;-608.6590114860999 -36.56246486095272
1000,16,19,PF,6125.180717529787,227511.7150747727,5.3112118925,nan,3030,3030,0,0,100,0.0,1,542.635907297061 85.43248619857164;-349.2244152301307 133.37731972675428;-448.4177722964908 -788.8999957904964;191.94560192222843 238.13690765233454;-680.1980143411789 -466.62905259843507;-133.46177339393407 -502.6330435373167;-880.1500532224321 446.85242536783664;-746.509055543055 168.8264174973677;-215.6396378133081 614.9671380502475;116.18853959263066 -135.94846208005657;769.6803613123328 513.2907878335764;-390.45776307317385 -255.72050440407168;-642.6132530686083 708.2300254429531;915.7705335254353 -19.01839564426944;82.97785766045529 -727.5213193106886;654.0629507684373 -220.65501767260477
1000,16,20,PF,3616.1616613426013,230020.7341309599,5.3112118925,nan,3030,3030,0,0,100,0.0,1,-201.53902437981097 936.9640366225673;-284.3458654283982 115.44015394580738;255.58378783070611 -738.6935800005764;-645.3914679191373 708.0018885425889;924.7196823766304 -35.835084706435616;259.5802672647065 39.64293248264296;-768.0299656497934 -98.23335407679203;-946.3711076842243 260.81300413685017;101.35020690827963 551.5343296397791;593.4901139891098 -43.52094824375002;498.19289938295117 -520.2728740611834;-280.6123286740621 -900.1573575440232;798.2443425359938 312.2575024607304;-87.11518531922833 -640.2882397572171;-65.78436379239348 -218.15941242079248;-478.59403278381455 -291.48584839888827
1000,16,21,PF,10307.22844721665,223329.66734508585,5.3112118925,nan,3030,3030,0,0,100,0.0,1,-195.03901887251044 470.83778105667284;381.3560976531029 199.57820779153903;967.9613037378622 81.1107909338378;-182.56582446584014 -891.6621773745743;-210.51806609410374 783.9362878141935;84.12809937112742 -616.4788089560417;308.3775361569991 -230.36465266008133;-680.1471337384877 -329.7222332137039;686.3513459595601 252.9397887601114;-677.7663198378053 562.6518882935669;274.23136818135595 656.2764159168017;172.57443113246524 -933.7457755337795;-858.8962826758117 60.596368162600356;-190.95029772850486 -466.9278374298723;933.4655218972315 -256.21699288456216;14.919368903527921 -86.4083359983228
1000,16,22,PF,5873.748248603777,227763.14754369872,5.3112118925,nan,3030,3030,0,0,100,0.0,1,-917.5264062003935 385.45634041211275;-44.30466600949072 -908.4822738113181;-945.9533765648861 19.765529191686202;-65.21058855433827 747.7449521190553;-114.99898970003798 319.7977217618413;879.8125386511213 111.72980569850283;224.71706960218094 554.1396696489905;787.5410076279815 -422.7109086703671;-646.0608923253719 551.5696217586793;-717.2864165225197 -225.87534503878334;547.8025775278289 633.5615207083963;74.83676809069267 -545.698288056361;-501.9204367034418 228.88840379490165;617.8003424655368 -134.1910585428999;433.50919750259015 150.0292968779397;59.959385926250654 22.498625872181243
1000,16,23,PF,4153.269077575125,229483.62671472738,5.3112118925,nan,3030,3030,0,0,100,0.0,1,-874.9339059834584 -406.59037744381124;355.1018521367882 -433.48695386522803;-491.3750560688048 -767.454986716904;-219.57798600470196 531.4778319439079;581.5996419393146 -142.49737437251545;393.61927127510285 507.7393737783159;-578.4170195238498 544.6931101757527;-449.46207758295736 860.1678437701705;-672.3541198624733 -91.06852278020455;-361.86627674609184 -391.33231898386924;-796.4741442630386 297.411481164419;754.885200051192 525.9143638082509;-69.2911735607831 -622.9364728972088;48.7755092816863 210.8937615453335;213.1822585327736 -75.79795684250911;214.00882807348694 818.5365530675972
1000,16,24,PF,1.468173239009957e+24,222884.88388901472,5.3112118925,nan,3030,3030,0,0,100,0.0,1,-53.99825425154188 -876.0538025013667;143.69806357370393 -402.4135432282857;-492.88832774482194 512.6222527164317;312.75153698569954 651.0150194608038;-629.2194073890427 -396.9022309153771;904.269012582787 347.71754139606617;249.6888077352476 313.63378206069467;-458.56127549254495 -235.16207385390643;-500.55212873852753 25.35884713285883;602.750451081606 451.84601393248727;-878.415009288527 -278.49250308662283;-121.5898299380745 170.6867363719457;495.20630749509075 163.13375408610818;294.2985705523565 -773.8884192252375;-155.6129980481554 -551.814207163216;93.00714580282272 581.1464315213615
1000,16,25,PF,6984.67283493295,226652.22295736955,5.3112118925,nan,3030,3030,0,0,100,0.0,1,528.9936286344058 672.8578275125647;-840.7038533742982 -125.3292563092468;-88.55991297690686 80.75836358215126;187.2746066987082 958.7278738005804;-658.9607330439802 -681.6637918689581;-425.5592061654564 160.51155449907847;189.4752927217118 -628.3280620443348;-37.50341580588774 -909.3035519277507;566.1226742001668 287.74039839355197;680.2912579559661 -0.788209212285043;-210.07227542889626 -481.6396377866314;14.25118370650415 -222.95507930852446;-402.06896240877154 499.4577474090846;171.60721420536663 369.79663483792723;-46.14570633390918 592.5889744911491;-174.1732717828609 906.1219226497024
1000,16,26,PF,4384.0900743121165,229252.80571799038,5.3112118925,nan,3030,3030,0,0,100,0.0,1,351.9973946942047 -20.704454792857334;-911.0525479196302 -141.26734557720678;-392.775951236704 749.0475846236808;-528.1489867722219 155.93097219750203;185.6004810705581 -578.5661310851241;-234.75767059886152 -574.1063263556956;-126.35299889200809 348.7588042179985;675.6897659770627 560.4501787825563;470.2376115070808 -313.1328335682817;-71.25941236438281 872.1661827111519;816.7217337713994 -430.0580760481552;-620.8710466055408 -488.8342210633064;184.9234104754434 443.90464867445246;-853.6198864421546 358.1900532967153;927.4864440453558 60.92936693258829;-160.25281782957046 -167.18975278321852
1000,16,27,PF,7516.767528516473,226120.12826378603,5.3112118925,nan,3030,3030,0,0,100,0.0,1,-684.0619443908424 -350.75702782645726;230.24001074942646 -576.8012641263884;804.8622027943044 341.42374453959775;-544.0959616069846 224.80943454059815;-107.53456174448326 635.0335149923603;613.4935601689833 -384.77012692204534;-965.85143217869 105.98299308432767;-316.4785268400994 -665.3676064658603;-4.121788034521195 119.14286145026139;-572.3374006887015 717.5962152629581;286.4421197519415 -219.6147096163622;398.7214539057611 244.48285836490138;186.00052595858213 471.289825219518;-104.85348643040622 -938.0519496814496;-421.40154364138493 -121.96097537483178;479.184736878583 656.011850411732
1000,16,28,PF,11555.56795834002,222081.32783396248,5.3112118925,nan,3030,3030,0,0,100,0.0,1,317.8799518427683 -601.319929508853;210.5653723140361 -916.9041817657458;637.4199283566976 -334.93658469474354;57.5227873602247 320.5289254640856;-455.7151516995629 -681.6556578123784;-699.5489443615478 606.137053649802;490.12694378807606 499.6136439834831;-40.595977022766775 -74.6828151912939;-260.814384858851 219.9117275226998;675.3257145587041 -662.9129618754;-24.981172260148384 -648.992725523278;-170.6353484940236 603.3198790769467;-188.45579295819266 -953.047895894093;414.4939773261001 190.8281004943359;52.369911944180274 869.4822539080754;166.9654994510504 -303.4975868747139
1000,16,29,PF,1.6041572960721977e+19,224873.84712686564,5.3112118925,nan,3030,3030,0,0,100,0.0,1,911.1540663522524 138.20283382406603;-407.70475876844074 -24.30665638976878;726.5777059999448 650.3943996718821;261.24465991426047 -24.986279249783536;-127.24361685024019 482.86010934311054;-84.55065129496435 928.8279961340039;395.34066279083424 605.9660883338597;-155.06951148145487 -726.7808805941226;961.1897576598702 -219.25425291225048;-115.96730219058082 -268.20896328457536;676.1097510360106 336.6256408528459;363.6337526926293 286.3831451190821;661.5977092026542 -98.85543928901764;-859.7678914748707 -87.32189687251103;-541.1774005047059 703.8767924447747;-512.9977687669442 -783.2034362641733
1000,16,30,PF,6473.621233707527,227163.27455859497,5.3112118925,nan,3030,3030,0,0,100,0.0,1,210.90778069590428 172.8138982654799;273.59343020945215 791.4995232245191;13.807977446781628 571.6728175320416;-466.2100722187843 207.86683829919386;-242.88203666742587 -404.3042738971879;474.1379761172222 338.24693149784645;300.2839847603357 -429.1189934904239;-100.11294526181123 894.4098957141952;-667.1031973463824 620.1487934052866;-694.100095405762 -483.15470918057906;30.2601768512459 -767.316930701976;-267.9906770987415 -69.57967489871211;-272.9732711930752 -906.3642541552047;-121.7567308173381 213.9066470871285;735.340300146224 -42.9497156216377;-876.3970988956015 313.9093129904327
1000,15,1,BBO,2442.226585458353,216592.36321982523,4.802885273566669,nan,3030,3030,0,0,100,0.0,1,989.9992015450052 -17.68019293471741;-0.7326621487055718 -898.4421868399647;689.1934381947765 104.47045173540664;101.2876915299903 223.06400731307963;-80.17083539198904 786.5551684153777;382.29505389884616 -860.2507973208684;-865.4427530256698 -290.7471752879858;584.4929555380579 396.56825451724853;78.06898796461769 -394.70857511463043;872.7805661655023 -320.01728021892654;-562.3393182837657 -351.9013386782715;-440.6195581966865 -703.9377662862778;-820.7857693346418 387.82921729780196;417.1304603816361 861.4997053965542;-323.1848991956117 387.8783147079132
1000,15,2,BBO,2911.1230452902673,216123.46675999332,4.802885273566669,nan,3030,3030,0,0,100,0.0,1,364.4071436747099 364.1550300565416;782.5283088562285 -511.40939881458803;470.60455525421776 74.52856302485952;126.79599578811758 -973.0629711211598;371.0745803246805 -764.0917538554206;-365.03898700074217 -10.368655895768256;-193.4361317105695 -375.56985750761544;551.8077966582703 829.7704635532964;-745.1444173278683 243.20523023674627;123.31589654456252 -149.3685794888462;884.3786975457515 373.47761193038946;-511.90326713745594 468.4658910309345;-19.868213396423585 242.37430743687355;-633.9796215673689 -758.7571096818324;-784.9090929317713 -336.0525844268543
1000,15,3,BBO,2553.2792316096893,216481.3105736739,4.802885273566669,nan,3030,3030,0,0,100,0.0,1,276.5802673763653 -721.6379701574938;110.5996686400531 728.2964033025205;-604.4991496823151 389.4648318794341;521.5160800965059 -137.61954513765113;-112.77221834409738 297.7026806473539;665.7985199454797 714.5989199401083;-874.6377155774363 -96.45057086988845;-224.53098272366572 -462.7373483106736;757.6699461797837 -424.06343840644365;908.1501790564016 48.7092949549326;265.88357844935945 226.3168764142847;-702.5274275618203 -526.9005400394069;120.43835755743407 -180.7171887337131;-435.72193779198676 -892.945472116982;-410.57389333066885 654.6587709609789
1000,15,4,BBO,2104.056188048795,216930.5336172348,4.802885273566669,nan,3030,3030,0,0,100,0.0,1,-748.2543814874658 -367.5119585874213;-563.7271221788203 0.9059248858958426;-16.754548327151383 116.33848651679659;58.42262558171592 963.5543461103168;-324.69611902493443 918.6171559580309;-875.0791278747101 -14.908434924734365;307.93204588108597 618.8555038000338;-563.422374902708 -826.0108846560543;384.7633545027127 -600.6933255563205;663.3648580091458 -367.9502080093031;-27.1588425606692 -996.5831409456996;-313.4958821021563 -372.4254022971501;656.7452660054112 728.098018663937;905.8957799065001 90.59261753757255;545.9320158940141 -69.92721447759402
1000,15,5,BBO,2956.141906433273,216078.4478988503,4.802885273566669,nan,3030,3030,0,0,100,0.0,1,-457.05438398980823 -626.6114769116296;-505.9568056102217 830.1067738066988;-880.13353572439 97.20875291644393;600.2417642809942 -726.8357031040813;-212.4179873276148 350.67216072692054;252.5015498244827 -677.278722089478;942.6247906744902 -286.1024448999252;489.15882071258034 -421.44312912982036;330.99512241791354 142.67485301252714;-264.906158739191 -934.460550323539;-618.6424904516039 389.61542996555636;59.27087777269617 890.9986798682505;751.6996993821544 387.02136097676316;-8.791855592551201 -160.02955370540178;-910.2221200410822 -382.5767415067969
1000,15,6,BBO,2468.703829385311,216565.88597589827,4.802885273566669,nan,3030,3030,0,0,100,0.0,1,-107.70111611342452 381.90076021261416;-383.5531653430562 918.3678613968991;624.6365010531042 643.8549250434928;-198.47779867363522 -910.2577986595293;112.85776390354022 619.8990124285278;745.5050265874909 -354.9028083000054;-599.669372389777 597.9795250216073;115.08175011177786 -446.629876845388;342.97710417838584 338.9635681086131;-415.6851346195891 -61.81883958208198;381.3131126997373 843.3743864922976;913.9662390222541 143.77101755490958;230.99517539491694 -764.6832214868373;-615.7661653963548 -569.730105892126;-946.9444379777412 49.866696219514324
1000,15,7,BBO,1773.2283866939251,217261.36141858966,4.802885273566669,nan,3030,3030,0,0,100,0.0,1,104.81965929107832 991.6645742917169;-436.514278522558 466.54760566997106;97.14051537447585 -243.56231579830796;-714.3029754809054 285.047525077666;-426.20649180340945 -875.6211101688427;-960.1059730270933 -176.98974254213363;670.3609063076269 -571.0129704197337;-243.20973892447455 928.8546294149583;404.36164469162986 -912.9874451759224;825.2589420875051 201.45473318697054;-715.362024409779 -554.7799414415429;591.6349896266468 764.4154751491672;982.4793331017952 -138.90094727742076;-142.00937515081694 -739.9739731705695;410.43795037100017 414.87016767297837
1000,15,8,BBO,2507.266956614476,216527.3228486691,4.802885273566669,nan,3030,3030,0,0,100,0.0,1,531.2428503028011 -321.6457070796896;-220.20354094968673 -808.5482378826014;150.72847988036347 -946.8210902336693;-932.3070803501787 44.192643048075524;535.5921763349572 497.5167238208701;-554.2541380527664 180.7849506238981;-14.823807798174357 -538.6831926786713;771.7925767840304 297.9078959997969;-757.1189382685377 -598.8093299601874;-326.11117466843314 518.967203568229;794.3844411747991 -489.7197712601762;-699.5190749028721 679.824490417941;-187.26291414859816 80.907627632105;401.40159267382455 98.8100050745918;134.0584108251967 492.448589845425
1000,15,9,BBO,2392.3883947994327,216642.20141048415,4.802885273566669,nan,3030,3030,0,0,100,0.0,1,-68.0539767541502 654.3588149658535;257.9293277027334 781.2067621257625;-99.14260487674517 -261.76152780945677;-261.0194171894626 936.5352818001134;-484.98913687788513 251.75705207874353;-210.3391982525003 -570.571481307645;-791.4291396818043 36.292092912269254;191.6612421044731 -926.0553728928802;596.8934674731006 699.5654710110191;612.9891623278761 -721.4419462867438;928.7530641474457 13.109678911365108;-755.8306537565576 641.0342172200039;237.23948616248435 -287.68046973201615;778.184847159948 347.3313328676961;-895.7158766743094 345.3028250053553
1000,15,10,BBO,2964.198730734148,216070.39107454944,4.802885273566669,nan,3030,3030,0,0,100,0.0,1,-192.40768609550105 -491.62470349775833;-775.0589605625203 419.55108098040387;-603.7239986228037 702.1196500114049;610.4044934365111 231.03187708323458;23.74422364291638 792.5174798520172;-422.21796396892546 93.11997174429166;-668.4652562703246 -536.9949913717962;570.3039531837101 -574.770403816008;-445.28094184814654 -864.8817825513075;-360.50823662087316 893.5388236003128;445.9354132436881 708.9479644139058;944.1231918593132 -244.27331513278318;28.065684160319734 -910.4816364469543;167.78878157870986 391.7256167348328;316.87788876499826 -106.23931822720078
1000,15,11,BBO,2031.0835879679362,217003.50621731565,4.802885273566669,nan,3030,3030,0,0,100,0.0,1,-36.93359906349133 485.82653215052756;-249.88961603306018 -53.44968167176978;95.91919499107712 857.0204208179637;877.5880207899224 -209.99740388475448;989.6303607680159 98.18291470247118;-482.09361639154497 -854.0770327443654;-851.1684887394289 98.92894862891808;383.56789644945525 665.2825323881509;250.62701515938193 -529.0277477076424;-656.7832873508078 -366.45122919930714;-494.76675224489 687.3629587456724;406.73421526368134 -878.9636839180961;-50.654197340541714 -802.5044183192076;600.8058927854513 -568.5682883531296;666.0412159014456 305.56153900703384
1000,15,12,BBO,1674.9911528729426,217359.59865241064,4.802885273566669,nan,3030,3030,0,0,100,0.0,1,-211.22056445112798 -797.434859008207;330.87211387655475 -260.43805081032724;-428.2466720778617 -341.48133486544396;766.2764209099471 621.0922614099038;182.51508394779967 -930.1750681039442;-659.9622678442943 91.74337542216222;986.3802399271074 113.82160753406197;-32.28519170493473 -256.932013806005;-830.6831970108548 429.9292815208735;714.5581567928741 -460.5769841520506;-830.4506218829968 -477.79821709950386;393.2351745135952 590.2956851987617;-994.0939541126183 25.17707724582192;-454.79918266936 875.9819174777126;164.26879960350516 208.8050692889235
1000,15,13,BBO,2788.1245981678076,216246.46520711578,4.802885273566669,nan,3030,3030,0,0,100,0.0,1,-365.22104246883 786.0073954889751;619.7849082129812 -530.152242131283;445.0725894344639 56.389688807563516;-749.2893735075286 -120.9943013194843;215.95779349755958 619.3742466118363;51.68388493348675 946.2219658696872;560.5561020854398 799.6055267211468;-205.22551043402814 -736.6039213015518;808.7695019034502 -106.95830915926524;143.64842752534764 -502.60530832406494;-703.2597878049758 467.42390217839375;441.5813536898602 -835.6361798613548;-125.32446699804825 443.7682958104158;-408.7676133422568 -248.96850482727245;-896.3685290435719 -428.8914516441846
1000,15,14,BBO,2231.6416618181684,216802.94814346542,4.802885273566669,nan,3030,3030,0,0,100,0.0,1,-835.3996056747317 128.27179893782954;596.2706915055769 567.6445481655066;-36.629370489446046 898.539604576601;529.8402386749458 -260.5294635671795;349.73794681037634 -547.004981749927;710.038971398667 234.59412019427964;318.01469792119974 735.9376826942305;869.7108462990607 -61.219438262411586;152.45007737084097 193.10312013786893;-612.07910328141 -726.9293011392115;-14.740592786066259 -375.00150037803223;-326.2009058985209 -0.6033085315153812;-51.06563539293245 -837.4824762331392;-960.42891100251 -224.52003361971197;-630.878700325618 647.0252099974252
1000,15,15,BBO,2240.467776361387,216794.1220289222,4.802885273566669,nan,3030,3030,0,0,100,0.0,1,416.24871251981654 -212.10326569716108;144.13436443131695 610.2087783417858;254.87725739669668 -556.0342076652942;-822.0397546047737 -270.34627728975295;-979.090502758089 202.30047485008708;110.20445280526451 -939.1927143575011;-121.67191613956368 -644.854216703441;-545.5073991739882 634.0537381886104;615.0845777676525 -616.2170588217857;954.231149037312 -150.6575416194387;626.8842846720063 541.8947171990067;-278.1385293806271 -197.40206298286296;-588.9215215506704 -472.7350174648452;294.9015570393758 155.68977125746483;-179.2006864511668 754.9994256439481
1000,15,16,BBO,2846.2860129724722,216188.3037923111,4.802885273566669,nan,3030,3030,0,0,100,0.0,1,-727.4050455703451 439.57055927731267;-566.2578048818443 -333.41867694588916;-220.7683828942928 372.11323622918894;413.8031557521308 741.0062513280798;416.2326652199408 -5.251669200858373;330.6152385518783 -782.7711260919292;35.03579520892981 -343.2998817797985;716.2190318751307 -592.5537867113293;-899.3597922704511 43.84758226842564;893.1872478418238 -58.81394219148308;-392.0005042082182 -733.0673229102574;-709.7895133479764 -664.1980619477958;201.39774913399674 243.5948232531366;-384.373784313667 674.7301953171186;-4.241730951789236 923.0798839045665
1000,15,17,BBO,2156.6808617011993,216877.90894358238,4.802885273566669,nan,3030,3030,0,0,100,0.0,1,370.0222948624173 -51.096135100204606;363.1604150750252 914.4020530221378;-476.6093146495971 -466.67165198279497;-759.5781643337814 373.1130824298082;81.23629476876044 -987.0834009548066;737.5034082380387 555.4306061953005;957.3404912893284 -159.29448077264635;-135.88442088406396 951.1942138125446;713.0054259702947 83.49486569337546;-326.6762715148109 -903.8079652227505;645.8546612606845 -725.2380622987704;141.49189616256444 181.18786567423808;-637.4205212043219 45.422099913182365;-877.2459819188003 -449.37592230312;-116.06369701496862 -298.49408880666226
1000,15,18,BBO,2966.512761255668,216068.07704402792,4.802885273566669,nan,3030,3030,0,0,100,0.0,1,586.2478114242099 762.915559513573;940.6819284362473 -279.22707342031595;-521.812946525809 613.1193484955127;295.7451446562918 937.7923077877781;262.06881809318133 -919.1145937888192;364.6478019671142 224.01154007592208;-824.1763947855986 164.10986029388528;-559.3801199424935 -405.9495511524658;118.19045813868638 624.5962651049763;-294.79620831749355 -867.090053629183;-225.20677701634725 -192.11377316780795;-958.4515719091045 -253.80188299815632;-154.72672676480602 861.0550664342745;728.5403300877088 -631.2798235479625;515.451748347464 -222.07465125116573
1000,15,19,BBO,2562.597221908276,216471.9925833753,4.802885273566669,nan,3030,3030,0,0,100,0.0,1,-656.3185788588621 170.31781056624413;16.460397498360408 649.6251521915158;462.5765141355198 -746.0731397889815;-368.6243079810083 -697.4888764333978;-99.3357326726325 -395.7509024797798;690.2851905467819 708.988228365951;-800.2591242040975 571.2140295206998;923.5256645088546 209.84019164147662;193.13844812099615 296.9428883682092;-191.4193133401103 883.5799124483901;-400.7232002908172 635.5529368583823;-722.1392571590827 -638.1029897411856;71.54018982099592 -949.2689225305926;-224.0756235026289 -13.973678692171347;618.1879396809852 -415.5845492440227
1000,15,20,BBO,2051.072409627144,216983.51739565644,4.802885273566669,nan,3030,3030,0,0,100,0.0,1,-650.3359485637377 562.185156946274;336.5385387173628 -836.1360816731413;740.7209496862774 601.7171794235101;-45.705062489328725 516.4460791547826;953.8531630750178 270.6814099917078;-291.6218769063057 -416.1689663025694;-712.1971543406066 -620.0933574882823;-505.69296574892417 63.22361683912459;701.2486194583757 -486.38072010610415;214.23404034599025 -445.6379087701905;477.1840872556468 92.07398508487677;124.20142424213645 969.8453691076809;-148.05075001657292 816.8453379712716;5.772429423204699 -941.0661640661405;-972.6282662339582 -12.257829615619698
1000,15,21,BBO,2343.3974217635405,216691.19238352004,4.802885273566669,nan,3030,3030,0,0,100,0.0,1,569.6926646593217 -713.0189353772364;195.1385819977438 -938.2707942784181;-212.35057448057808 -864.3793108271605;-613.3453208420513 721.8213053275508;109.7633499215815 750.7501106035675;-949.7345295448309 -214.71054481279327;834.8138326379676 -480.35271501675675;608.0376588277634 405.3905348410683;-767.4265830578875 -604.6513566628012;480.3578762401121 780.1949894416559;-773.1615555738127 226.04995242526957;295.5166515583203 383.1422505966059;-560.3691279845502 -284.9163956341589;-193.83497254270515 194.65094328966302;-143.46373683842705 939.4023738117321
1000,15,22,BBO,2869.124545068218,216165.46526021537,4.802885273566669,nan,3030,3030,0,0,100,0.0,1,542.6277912655141 667.8758365242338;676.9768637442357 -440.29657162788;288.99776885862707 933.0703999031789;-654.4437083082771 575.2504475956318;450.926156751269 -141.8518519044161;-336.6092631067263 -525.7764576464506;-625.3178560946762 -670.3333530276216;446.3969468639998 -768.5571605134462;-926.6494394199842 60.671311186618595;794.026946369889 -125.6796235149809;798.3902169403154 494.7625708108644;-24.32542317733794 362.76029117652433;136.92915135771432 -167.31274034632952;-267.49795755664115 821.8522630088942;-145.79892566908018 -895.5679631702407
1000,15,23,BBO,2394.984443141264,216639.60536214232,4.802885273566669,nan,3030,3030,0,0,100,0.0,1,-498.0234343591916 -521.8130950058013;461.961030781315 230.8297993594624;-977.0976898092479 190.64625079029997;238.85369814057913 -640.3463800110445;-532.0342224464167 799.317405636576;639.3156530436149 707.3714419057187;-166.37557907471103 573.6239320617253;-139.65474507600243 -809.4421049472049;-767.4357756776651 -335.77134539165127;513.2515941990218 -829.8373224290323;-761.0018103298426 491.6036753434714;283.15026773956833 591.8015531329659;-295.2491837860906 205.50628591789382;675.3525064033929 -463.5030660126354;858.550534738202 203.40910949984254
1000,15,24,BBO,2440.999995709397,216593.5898095742,4.802885273566669,nan,3030,3030,0,0,100,0.0,1,896.2582299643564 -197.87094685078557;154.85500078897007 44.79667591969496;-186.3683680540595 -659.388808794648;-573.1410399679851 231.2087168537082;945.1519693389373 289.65134450539495;470.0017666296569 -865.0325407856792;-55.82378640859815 847.3521260258806;722.6383941989995 -569.2331284589005;651.4090619963602 686.5655394004004;-822.2075885650819 -529.705232891095;-378.2577897895103 -69.37488829023914;-143.15687725111604 131.11979274669238;-363.8133856853958 804.8633319444948;-761.7331413119224 508.2851116474658;472.90291236927374 200.92703728062702
1000,15,25,BBO,2898.576099844562,216136.01370543902,4.802885273566669,nan,3030,3030,0,0,100,0.0,1,894.5632475821021 -341.58537630771593;146.09057753268803 -942.1161589631059;-573.6959880018421 -205.95529421689025;765.6164662056706 86.2950858789352;552.6213488772191 573.2696128711505;295.42098308047525 -433.14459616112754;-503.51724725475356 786.5869555521163;-360.4140915782166 -917.0699538179858;249.88526782179792 376.06848357086574;-109.19712035803639 304.6173924658517;94.2841651720396 723.1601943820922;-622.9505284792889 -677.6612389122288;-188.8087212646243 -440.50914670527595;525.0308467810528 -692.4495065790256;-920.566425224741 320.1287500840192
1000,15,26,BBO,3543.475156027911,215491.11464925567,4.802885273566669,nan,3030,3030,0,0,100,0.0,1,-260.5946523141705 236.19522008391027;-913.5547249912127 261.13272038348714;-379.174938335005 -702.3588784407491;567.0271306391305 756.4721867199269;31.86906645227691 973.6790943317098;-941.8601833641145 -234.12870895187552;286.0038032653895 -828.9653030990096;-306.90642021224494 943.1704776497133;-84.20510932347327 -965.3413747608295;-15.051038419443103 -225.96324576448671;353.9332450948041 -304.41657825493814;616.6906061425345 -477.7337022101218;966.4483064815149 26.128459867749598;-629.2458844716396 -197.49926431727238;401.35191932735347 349.4506341298827
1000,15,27,BBO,2462.202357602364,216572.38744768122,4.802885273566669,nan,3030,3030,0,0,100,0.0,1,54.97997592715092 -965.9555360144299;565.0514078200392 174.62327933431698;-460.04635656265407 538.2481726406968;898.0365649068622 400.90985667066366;-726.5047926709145 -204.58236712073358;443.5033616866822 567.77349444826;439.51360399401074 -661.4285852662204;185.45885379086099 933.9744545525525;-927.9929113952119 348.77392904436715;120.14146532430368 -605.479490947383;-141.34557288799772 -274.89623581831154;-168.78180224689072 961.8775336773772;709.7663405041449 -121.88024535859029;-580.4353708859865 -649.8478898674698;181.57215529142854 -4.837106378313024
1000,15,28,BBO,2400.4998956027557,216634.08990968083,4.802885273566669,nan,3030,3030,0,0,100,0.0,1,701.8061400854331 522.6376988075071;376.03319012130555 641.3686086580353;27.203767702982077 749.189883760658;197.96064931986507 176.02001908812395;-671.7379667717271 -399.297946044054;-985.7119096184086 -41.060635520609594;-491.0283188158038 764.182968392766;-176.8634893227396 -525.7868251564104;601.1696068682968 -99.18238184660106;964.435861999204 11.84741675946907;-176.93577212135494 315.6708527268861;589.8205559676805 -754.6114091367298;337.69131127379524 -279.31573861334175;-454.62360774120316 -889.499608684962;-11.905201336426671 -209.90355192894185
1000,15,29,BBO,2932.271672147501,216102.31813313608,4.802885273566669,nan,3030,3030,0,0,100,0.0,1,104.20336506801095 7.414863430704486;-854.230428898693 254.49746979988754;69.07559957700914 -644.1886280583947;-863.0381124050485 -406.3928739481304;394.9766250730065 254.31182362032678;-548.1447873790423 -740.9264118533908;-494.7484670868492 730.9086449006106;131.34425015021225 809.0440142151951;-197.08373409513194 -854.7144217319585;777.2486086873823 202.11595450333607;-315.9160711373785 79.20829776742062;601.3697552605472 -283.11236325551727;557.9960462739416 734.1348321863047;-174.97056186114014 959.6673109461951;958.2439366173955 -201.57725034027067
1000,15,30,BBO,2716.336965863884,216318.2528394197,4.802885273566669,nan,3030,3030,0,0,100,0.0,1,-349.17237651185974 394.45214489784166;380.5768337496934 -696.7583418977549;-806.2192058860644 185.0805352072091;-835.8820287293167 -415.4849172679013;151.37050544679482 -428.3235562161809;-148.29720853158767 -245.29300944060935;161.7615537860288 982.5557593256101;397.44593449856575 382.8792342755737;-468.7214712342884 -800.4230714732635;-503.7157093218008 716.040851316782;-208.1645329342365 841.0563188012377;528.2589028069854 670.5477088018235;-505.8850521521574 -126.21611022194543;836.4290945312141 -489.55031539224626;993.2091042607622 67.39159323340141
1000,15,1,GWO,6009.125392666552,213025.46441261703,4.8720862055333365,nan,3030,3030,0,0,100,0.0,1,225.78768285937804 191.25545948019263;-3.3280946435021197 759.8813200960439;780.0254464392314 149.5270931024224;-572.4679591588344 -462.1647305816761;-421.16697049721796 -10.04359581291961;-945.9182331703556 34.65768225652446;-812.3617306492791 408.7182052902037;334.13504448842565 -265.3955162964073;-497.6942152382189 834.4530750713587;-142.57059661633068 182.49703310384658;2.896800515827166 -126.29145771454161;701.4483060627202 -394.78072808337737;-12.547839263336327 -563.0383499088981;26.903813971645263 -983.4977759937696;-322.70488620384367 490.66910573130025
1000,15,2,GWO,3847.319287285238,215187.27051799835,4.8720862055333365,nan,3030,3030,0,0,100,0.0,1,3.8118970119730924 -6.1950379651441905;701.0066490675621 -317.9251734514308;264.8093237901796 -598.8635421120581;-695.472344183794 -511.67283009633167;271.99863883374934 297.977967864508;963.9994142134065 -24.061041666590814;479.90267641124 -0.48424350185864556;-62.069236387253085 -435.25293571587525;-0.2854463380145004 -998.0736738982647;-943.6933821831523 12.522269399016237;797.352200952581 348.87046606043697;-694.5012842678398 559.156992008585;0.23613849680703378 962.8944131599343;-72.29930470097217 509.8367698693264;-355.85271443304697 -93.41472757299682
1000,15,3,GWO,8780.28802649377,210254.3017787898,4.8720862055333365,nan,3030,3030,0,0,100,0.0,1,-628.003831225168 -27.0430281060495;4.7393715511646155 -1.982702571831691;727.6850803057704 -361.9283014037081;4.415376058919673 912.7157133617616;-355.24527169920435 170.4063126119485;262.4444312642732 -368.0045015925394;976.0263666408318 19.328286011436138;-3.284135572004532 339.4560627848431;-314.95829989744595 -688.1497396598097;647.7905816527168 62.40994383347209;-51.86947878191362 -374.02604379735584;-469.55407536712164 812.3878220409982;327.73568285004524 -5.877357416259142;-654.0370282045701 -359.828403104944;-2.5375513898413815 -861.732434218519
1000,15,4,GWO,5249.525108896109,213785.06469638748,4.8720862055333365,nan,3030,3030,0,0,100,0.0,1,-338.1981884607698 454.8111811445362;-360.88621894851343 -333.28889524250866;542.4168919136577 77.60400132475355;776.4244156367155 465.6122366926176;335.9980229922039 391.2687884312758;0.026367287968573776 967.1054285814107;-500.0549222822745 -737.9207594314857;-3.2375891923254776 394.3061845904654;778.2517026155747 -606.843150375615;15.354183619197064 -864.7076133431001;-755.1565161614877 39.32383615689161;974.3954069085975 2.0255855541082206;321.34404108811594 -150.58974254158548;56.648905309528196 -433.4286160458266;-34.61281076171833 -14.464802890623195
1000,15,5,GWO,4927.185000937519,214107.40480434606,4.8720862055333365,nan,3030,3030,0,0,100,0.0,1,-64.50653502567324 877.7142821135877;-464.04866397031446 -9.136461153997063;0.7838543051108348 -358.7875747643631;108.40618795470799 384.19251118185156;-281.64143929021145 392.41345351720764;-2.992623507190096 -982.2606342760638;-976.3472111535307 -69.62360113083689;373.2885979030428 -402.4417277795997;-315.4329539492034 -308.2958607980259;507.07245559100994 23.909535959317207;-785.119774918131 -485.5583941669347;951.365700542893 2.762674975703497;-785.162982018557 211.381689815904;-509.55297985109905 -765.6060828032261;-0.15907646292341907 6.066562595611913
1000,15,6,GWO,6419.914167591138,212614.67563769245,4.8720862055333365,nan,3030,3030,0,0,100,0.0,1,253.96345361161852 -204.21848842978372;-542.9089781082753 -698.463817858645;-328.8736807555112 101.00288814977564;318.7277313370542 851.0455164736;2.5310254220708863 413.3943431631085;-983.2807603924626 2.2923179875915145;-659.8359433262881 -82.62818361065523;549.4430376268654 372.1236955050137;-119.1576239416785 804.1174817208371;99.88731492906906 -562.5445454692148;-10.99344814599398 -4.666350490973437;822.6447142999756 -12.183681878156255;-541.9185508275449 543.4077655490299;-300.85891138991195 -346.9921556478086;-26.945710353935564 -933.8288249328075
1000,15,7,GWO,4193.408829221997,214841.1809760616,4.8720862055333365,nan,3030,3030,0,0,100,0.0,1,34.58806391855506 -334.30511346729423;365.2904283010828 370.8275637669608;-618.5975870209787 306.17777946273236;-891.6180450450084 -1.0178946252357115;-298.478872830962 732.2708381482686;-623.7255545528092 -731.3127016903685;367.47636698748994 -473.46031155512;113.15118453290478 -993.5709775715796;-57.85549393412452 341.79743530113814;522.8245525951421 28.00515737658719;105.74237484729348 5.08244209748151;-81.775214758198 -656.823347697727;31.864515162867942 849.0230638857583;959.7070177752133 -2.2007658152122054;-418.93227084278305 -157.91392455935548
1000,15,8,GWO,6115.365032875707,212919.22477240788,4.8720862055333365,nan,3030,3030,0,0,100,0.0,1,-797.9238658082719 88.55521008835949;267.3329952994661 -262.47920004994165;166.9113679264218 703.9953832903329;519.8829138699754 -514.0366134202492;5.1920104479508025 -977.6363579620996;2.3086089469539988 -561.1506602581458;355.1707315477274 66.47517075963218;513.9073457845249 369.94320866281214;666.1149557707566 -170.9807192179164;-475.1947829110181 -725.8149041694713;-209.80196764549248 785.9439533820481;-328.94413061291533 -16.101390935539644;970.2221100981475 -25.04654802849166;14.088395667322951 -45.6452920849737;-22.497647650048254 378.8878564479974
1000,15,9,GWO,3970.8661306660215,215063.72367461756,4.8720862055333365,nan,3030,3030,0,0,100,0.0,1,202.21534257048526 404.42761979742914;-14.181510621334425 -943.5623787888834;-162.8788762093262 331.661346201498;-965.6988993068722 -3.1141512273409138;666.0771908931375 -260.5994789161162;362.30608749703265 -2.344526207860706;-497.3624217899323 298.33743818392145;991.4284676559531 27.354804735241014;-69.01266264906174 990.8637541074231;-4.55486549482264 -2.116578747537518;-271.25005143437323 -560.787154050844;366.99287113112524 829.5273788009581;-626.8412564904711 -72.70481241321387;707.7128560703495 270.6776716161392;36.2570028129033 -416.54191520177443
1000,15,10,GWO,6227.92618648737,212806.6636187962,4.8720862055333365,nan,3030,3030,0,0,100,0.0,1,227.98111635660916 843.9595902632032;410.8413852785373 -571.7394142998929;11.627239255731403 -283.0507306494414;420.40698420443204 448.12438614664035;-889.2552719995219 -2.3188892515378114;222.3630261433199 22.233005342932742;-542.3620399345155 757.3591257830117;917.2806763762359 267.96096602485545;-112.08597456953272 19.997193169260296;-0.5297769885178196 -995.5871767811917;-13.002385507157095 -604.8735447354629;-11.538322318132773 511.5940008444182;-330.431494188503 -445.6721577507032;-131.44695714460735 848.988632127403;704.854057008581 -154.01796780177207
1000,15,11,GWO,3936.470013072132,215098.11979221145,4.8720862055333365,nan,3030,3030,0,0,100,0.0,1,47.31169105304776 373.3119965792077;-412.44997798174046 -250.24710279317412;-311.6615639384027 297.97888884553436;2.631844690501398 -846.8274596529033;-635.9710196972577 14.995578068355115;420.6312804840791 310.6422636229234;-435.5075914663027 -607.0419135980674;237.53452044645758 772.3944333955466;-95.48163165721938 -14.330948295816226;-978.7923031510151 0.04980748113079531;601.0489007463909 -37.91780210690783;234.84064101223893 35.95694388171577;425.593540963997 -473.8493902320441;930.5159252933344 -0.02228454506759765;104.64738917656113 -358.5524592155023
1000,15,12,GWO,4034.902127372974,214999.6876779106,4.8720862055333365,nan,3030,3030,0,0,100,0.0,1,-387.0890256673335 -874.1487640975656;-983.2774471103788 -5.90260551405152;388.9224646799926 -412.0774515633757;-197.97668143383854 -459.54236838959883;917.2109670875197 0.3973199350220888;-756.2076690777411 426.09329332637384;-28.35050838145484 -68.57467045682341;-306.75109046574465 379.64069516850327;-387.4984930346432 -53.609472444352946;3.936002488916836 999.8224139255402;614.180652727324 342.5548646206767;112.37670109457956 231.54749183250348;17.796479197666226 -947.8500479502713;-683.0896753599499 -382.67048214800616;-19.781454854764075 546.5800682581124
1000,15,13,GWO,3016.923382248031,216017.66642303555,4.8720862055333365,nan,3030,3030,0,0,100,0.0,1,-158.0378967757839 21.477138511499067;-774.5689936202652 488.1498051361794;928.1960188733759 -9.608022908034476;416.0177848473795 167.6286193107335;-769.1520203387026 -411.5669059637819;-102.88646116778294 -974.779183471449;-575.5859738815361 -62.10379077217247;-353.46115568179283 -317.91547308168913;179.20906993445737 -123.26200706313632;27.31164356694431 910.1512835229187;-0.08341722062845404 370.0381282710338;-11.068441593771027 -444.121778851319;-355.40879797553026 468.0536446585681;-971.7990244286044 2.626722486896021;699.3157341244925 -590.8110603821814
1000,15,14,GWO,10420.205688956863,208614.38411632672,4.8720862055333365,nan,3030,3030,0,0,100,0.0,1,213.92763384956655 1.6338393813112841;-145.6941915121053 334.64925430112504;967.7018680498154 1.888510318636558;-117.33376792180047 4.190624700582477;44.112626677951255 981.8767267992617;769.4202685401896 351.65770870931556;-437.4270398766807 185.3868020674778;-4.731031776287774 -533.0846725057859;26.39453699723293 606.3598294473003;588.5497493799462 -2.141571989937771;-422.7011997172588 -145.99540290206804;359.59649515556197 407.58359529212566;4.098955356776599 -936.5035698301384;281.56383980376717 -340.6995720257832;-773.3552295959693 -10.921563306462255
1000,15,15,GWO,3429.384108169732,215605.20569711385,4.8720862055333365,nan,3030,3030,0,0,100,0.0,1,-240.1596993117362 -285.83486882886433;-396.2051266896433 35.49796711138661;-760.9134967792473 480.5906903783602;566.1749485296795 353.8831018577393;388.17453215890924 -830.3631891193478;0.503561356557445 -946.7375537409407;-652.1097003682117 -310.77778161279366;116.91843959379888 -604.3901333468385;-928.9459282604425 9.168200926271602;-5.087434078111554 -21.15811830553031;-141.45044727238337 342.1614860680086;388.87658451506667 -10.2225114858527;-480.770954723102 -779.0652034207247;145.2740014065179 795.9261083319576;866.256002087632 17.481975676368105
1000,15,16,GWO,4975.919927018229,214058.66987826535,4.8720862055333365,nan,3030,3030,0,0,100,0.0,1,-592.8128725514475 446.8490128822268;0.07774518949427085 794.7970624203568;972.0598917964929 11.951923856336721;-707.5861456040526 -509.17463263422246;862.9238133416328 -309.4888881573552;-419.3293560766505 -43.394527416879505;610.9848104880854 545.167420444915;472.35287274168996 -723.3091556770563;538.4398686172198 0.7556068993088542;-18.277720808163323 -952.8078039801998;-45.01869388954746 -57.69769908594369;234.74111483921635 153.26511091846555;6.032808598998585 -550.0479907944209;-924.8693062819785 1.5378832295145564;-68.17829593432887 341.9949749354151
1000,15,17,GWO,7803.417576101143,211231.17222918244,4.8720862055333365,nan,3030,3030,0,0,100,0.0,1,-407.6358572513603 39.01902150167594;159.03050689728957 510.4686498953785;-6.232726832178952 13.598935085520614;61.228279970534 -310.4545518906454;-257.7683941057392 -248.70891430590595;960.9734921952798 87.62589869858668;609.5123763251955 -225.49165805407142;435.5341594346315 -585.783789016916;-210.5627417292791 317.81073655349405;339.45562102610296 -59.57897250258657;-756.9595322426726 286.20054535247317;-879.1764870571784 -46.87941064820549;-0.03673270799542198 -994.2415928376957;2.712850573021838 -621.6323631744632;-95.55877138715964 990.5260958942455
1000,15,18,GWO,10277.052230528265,208757.53757475532,4.8720862055333365,nan,3030,3030,0,0,100,0.0,1,426.58853167478554 340.15913767309195;54.448326407968416 -333.37109966876164;139.31359012174022 926.8531428895731;908.5328488321951 37.53038863619622;312.3989021296063 5.465005386908712;-19.842202474180258 -635.8513150028715;3.514646400099993 -989.6762572461058;-43.01942452396537 678.1683927309888;-611.8419792173898 -167.97065893791475;3.0606384307126095 -20.892103781613965;-907.721776130949 1.3621406863642536;-75.95369791038262 310.6895739341177;-337.61209765354556 -754.532055374843;-322.9707711186095 19.852985076805407;635.8743571091877 -209.24100602131193
1000,15,19,GWO,7700.628714530903,211333.96109075268,4.8720862055333365,nan,3030,3030,0,0,100,0.0,1,-551.5983526300726 246.84842892582074;372.35367173954756 -0.1626320227486359;540.4288435702956 433.69323570381886;192.316615979123 978.7245791045738;-35.69462492390624 317.60614528039065;-355.03923146458675 536.6074932363385;-361.0112187225989 -134.74615355003394;-155.13811311311295 955.6610424112142;35.71823290877658 669.1144753237954;-9.70490032205916 -416.5152486107317;-901.033512058807 -147.4351421158974;-7.029429571252206 -915.9862471130676;-2.4541786929154625 -41.2128632741203;847.1394935905693 -27.389974214018096;537.7889861981452 -435.81623827688264
1000,15,20,GWO,7117.373983950587,211917.215821333,4.8720862055333365,nan,3030,3030,0,0,100,0.0,1,-983.4974800919922 -4.402960739213984;-2.602085918143279 -877.5661348887337;286.22992086802725 203.9280743043853;-292.570797871554 -605.5322321087783;715.1066985169815 298.8825944949768;-280.92311757779913 -27.57284525535417;-469.59306240118894 567.8359359932213;934.0629608879453 -0.4079471631155796;48.773932438885645 1.9394787006516732;-650.1973409824051 -50.89088487847641;425.2565298156115 -134.6231556275064;1.0760687666890023 392.9322697338087;612.4741514451761 -412.35486424263723;-26.960550064660282 -372.7887090581416;3.460136485587395 928.6860468988734
1000,15,21,GWO,4516.387401493383,214518.2024037902,4.8720862055333365,nan,3030,3030,0,0,100,0.0,1,-396.96500442798606 -510.99772740463;163.29650703359812 21.1353982106652;8.175712772575936 330.1761972385477;240.46063634142016 624.6746436460922;-569.9186056820782 -72.58188248587244;4.384725639959552 994.5023953473384;-175.74693914296608 58.134373743526176;-963.9252909080036 -81.8293581905632;-762.713569569266 206.35406130026635;820.5165805695648 -7.523046199785978;637.3669615268881 538.6497911899805;195.28099714031586 -357.9635191379837;-818.313466104651 -414.3604640879812;393.8567497040502 299.0750179516754;-1.9579216997202848 -853.959843881093
1000,15,22,GWO,3743.4894818898465,215291.10032339374,4.8720862055333365,nan,3030,3030,0,0,100,0.0,1,609.9579397912229 -521.782686654083;616.9958266192778 394.02598680162527;31.975097552778262 362.37206135226126;-752.2496350334033 438.1727520289741;-35.703473408967 13.471398315444938;23.45733547282082 983.6750870584237;90.53845522123298 -294.39003626624964;332.95067847215347 -8.829577694057688;-248.56890342894746 -319.3784169748538;-745.8186727608208 -557.4604598764214;-980.5112852728677 -54.722200662621425;0.27272337936311813 -930.4883077922069;-253.87693322113287 792.7417067842233;-519.5274883258818 -6.502035728513124;896.0840005756007 7.5656087942239525
1000,15,23,GWO,8563.948763509892,210470.6410417737,4.8720862055333365,nan,3030,3030,0,0,100,0.0,1,388.9019901403978 -914.6801718467817;25.94080000104816 -675.7774767379161;-70.24756822490836 -975.592336467202;-44.798305957886306 -330.1473914009157;-569.3968670355491 -292.03588541683393;124.57487993649215 765.020198007701;-847.1388840232408 29.776437225132735;705.1032071016906 34.891851184235975;-345.7857799522035 -536.2830955453727;-315.51532924039765 -16.759792499707647;-439.8095253294368 343.40649192936553;461.4077546099364 517.1201118284644;336.0414781337851 169.95962380661737;-0.6862041810015769 6.516146665059861;6.552464021480517 380.72935492718875
1000,15,24,GWO,5858.232415570383,213176.3573897132,4.8720862055333365,nan,3030,3030,0,0,100,0.0,1,-373.84404359408126 95.35551344007972;39.06587274489406 -989.0564197328018;594.3890092760822 293.12790594918835;-191.78582542947242 -267.2771579026074;-25.51549370533641 -577.6621755014877;-8.854702381720156 565.8640806595689;-575.2105947804477 -199.1359526115124;-95.3993463662505 988.7550697636613;969.320167342746 1.5333041340254663;-939.7291318533756 -3.278915574982222;236.8219798523497 -395.72699418093515;261.588782262804 843.7700008653733;-0.06994522296525806 16.572267220159496;-540.3819192745603 552.2745807106884;368.74489610251527 -46.218661826605945
1000,15,25,GWO,10006.624141778331,209027.96566350525,4.8720862055333365,nan,3030,3030,0,0,100,0.0,1,-0.3190220785267146 -226.04499629354748;-271.8505368076778 -772.7662097364706;-570.2444505512589 -0.31570266746376746;265.41132914589485 5.8264955004555965;-322.0121470312692 839.0287431857951;-3.779339879396405 269.5171711478994;-749.9327554506627 -356.08906360640054;425.4385853169786 -296.9046605900857;180.46094578597118 -632.3392129350747;-375.75470611944115 -262.0821207508471;-7.321139562273296 996.3735239931585;-6.457408826912399 614.1084049518886;-229.93060297852455 42.647028643572156;-348.30644983392295 370.30954197550113;19.461959859644907 -936.0864181694478
1000,15,26,GWO,9448.408653655002,209586.18115162858,4.8720862055333365,nan,3030,3030,0,0,100,0.0,1,985.0805879673385 66.39029623387427;8.62372767090944 644.95741159761;2.193429502303992 -657.4916958951252;-436.8633503055209 -1.2179964838485615;642.9676179672742 127.77978918759199;-467.03702944970865 -373.0830848523044;-1.788274627260254 994.951069338175;204.46851023477532 80.30279520309665;-122.19950796993417 31.592058442117175;418.4893527207209 555.860387915057;-98.80091468609812 344.2423197314524;-555.8215623694306 327.8298711212569;-381.09711390978947 -887.949369934087;417.3008566432064 -249.29325805292828;12.926272070060847 -266.0395121407209
1000,15,27,GWO,4742.854696838156,214291.73510844543,4.8720862055333365,nan,3030,3030,0,0,100,0.0,1,364.2810526727953 -746.7740626920223;-40.64084190096188 687.9638875349947;-752.8306098341391 -311.6567352461959;978.9500825524143 -19.089720829637724;-342.2561573425025 306.1503413258793;-14.978397772089494 -603.5494487096609;538.9911752904427 -247.7915075323092;-232.6879838334878 967.7499946603572;-510.53244323186226 657.9202549548453;-188.71979772094872 -1.80463300752318;-947.5892614522136 96.27210676936903;39.46305598350999 233.76545782073916;365.6949921172966 88.76462788540869;-583.2655187586291 33.85358869252566;134.2354629475316 -186.13591670687381
1000,15,28,GWO,3455.5763889546506,215579.01341632893,4.8720862055333365,nan,3030,3030,0,0,100,0.0,1,-69.96494812209384 -819.6202572649005;723.6293023228113 236.05155366004746;-542.1626963878716 300.8511348957973;970.0564453840631 -137.66735547398892;-570.2400064316104 -290.516934187393;12.812394073503073 -358.6624855070473;-183.5322313710649 955.8670728341223;543.9897415142365 605.0792865688485;337.3588058523849 -777.6339024686476;-356.01679714209314 -45.66418108573166;-812.0930076207364 -5.157956654908875;542.2268831705242 -329.18903250685474;223.01583915300853 812.4953684950727;107.43060978309423 9.24003300325114;-196.28450275030028 270.30339690134036
1000,15,29,GWO,9817.660992392455,209216.92881289113,4.8720862055333365,nan,3030,3030,0,0,100,0.0,1,-33.66173137943262 751.3183169117632;7.4729990261728245 -7.614581800653522;332.6516273727183 -33.83263709643824;-952.3577644720482 6.211507352738074;303.0292434667513 -385.5028903910026;-569.5582786356828 -662.8100494315979;7.456901551173526 334.0349808320491;-624.9595649959164 2.055644077101286;663.383998805155 0.4661763483360048;-11.234468963072922 -345.18672688116277;-398.7350055353322 -289.5238608291747;-297.5544314312071 81.86361460689187;984.5535971848722 -81.24889009429869;-349.31606034586747 846.9665190679552;-9.516055519515168 -871.9777898658203
1000,15,30,GWO,4066.844172391633,214967.74563289195,4.8720862055333365,nan,3030,3030,0,0,100,0.0,1,0.7745804186458702 -951.1101996816648;-503.7587219344212 -30.397453280813977;494.65267915477375 22.634274928948297;162.2290341286281 154.008716059396;-167.36168805901067 75.65221560137792;982.988144911527 -107.42960795305589;354.9725393368094 -272.75522228097833;-137.22986286271123 -590.009021366318;-962.0387180686633 -1.0452635153008574;793.9154650169821 290.48817520865924;757.9225220140321 -522.0595454008509;-256.2220414129086 862.2731480999502;-637.5275439844322 -439.2852279431972;85.53331191272919 824.5378473578585;323.51209781108736 -893.4998124347295
1000,15,1,LXSSA,6663.997230539098,212370.59257474449,7.3621827288,nan,6030,6030,0,0,100,0.0,1,-940.7096899250328 336.18726963439565;138.26596672771285 97.32641369028971;-406.2938949142075 -576.3832662652136;164.9144944757197 -474.7303385407041;-256.0319649128562 470.9582354191126;-116.22273973550782 -182.71696328784836;-612.0076393784589 336.5317826833741;936.6377716123426 -28.468259698915343;601.7259786246435 -142.64004002234378;463.69652774304126 -577.2666397282743;108.82790049846604 484.7419404061595;746.5673793192423 243.62836209613684;869.036001960904 -365.8975408890204;-579.1919618262847 682.1756940993342;428.8079970919999 305.50230150485334
1000,15,2,LXSSA,3980.449018210289,215054.1407870733,7.3621827288,nan,6030,6030,0,0,100,0.0,1,-412.3840786382202 -155.39501873573343;-524.2375570297941 -487.02113851292467;220.78352650049644 397.10994498879967;-157.72406756597024 153.694341030207;368.568602117064 905.9138769611626;-634.8946709893694 653.5713424127695;-96.2138070873633 469.18540900763077;765.331884385468 -420.081816088104;478.5538360265256 566.9216559008786;307.24848021931496 -230.90801265701634;791.5810466697823 288.82538222763156;-795.8817981955485 314.7139365728327;-943.0494578192863 -25.694219408549888;365.9951678531559 104.43948307092313;-213.81326160398353 -764.2849922268341
1000,15,3,LXSSA,3881.7536942202714,215152.8361110633,7.3621827288,nan,6030,6030,0,0,100,0.0,1,-24.086271967626537 -892.7877833206675;-656.5134272730587 -300.71692754997025;314.61561013009765 -395.5052250125691;-220.8559805146076 473.99571894531107;-701.0574185375036 266.94031076293146;-482.3184117047516 -858.4436640221579;304.813633033225 858.8121220224334;-2.1247053073738753 -373.7269700417334;-342.1666900735569 778.1419883550458;829.0388012369846 -453.74524566152166;-635.2796430949576 667.0314446275186;872.5536954175785 339.2868518737744;553.3602124118763 -38.02169853827719;-236.10778276370624 -644.551702346497;115.26790851643733 140.162233808508
1000,15,4,LXSSA,4256.414750220312,214778.17505506327,7.3621827288,nan,6030,6030,0,0,100,0.0,1,581.768831434903 -800.9146352277472;210.08504632316274 -152.53577117011733;-366.61482459156474 191.9049167473143;-571.740673804103 -577.9668372459087;-0.8635554329723252 -469.01952260160135;534.7496030924905 527.3317997699505;343.19062265565407 -597.5022760892277;-233.57453153342655 -194.4417320407406;279.9032095424631 825.3541730074179;-911.4572412071819 -355.66317866990795;-784.1969951663726 -18.428787525287497;618.3280823759335 170.31319241673518;-554.2449396866839 462.8449050088965;-203.9050394240281 -772.2657143409899;-1.826035728275501 632.9302394010062
1000,15,5,LXSSA,2917.7518455221725,216116.8379597614,7.3621827288,nan,6030,6030,0,0,100,0.0,1,516.4926567645375 126.65550670125168;134.24480085235555 934.9664561231506;639.6273759930091 517.4429480271982;-200.36155644849458 72.90897479207133;312.1481692469854 -291.25176375984023;-4.269621059095539 525.9691553043494;-549.6429731716977 -48.34265376522891;-268.84233252266364 -772.6968084456945;-897.8104815790288 -116.13033509201699;-626.3913498731616 -511.7680870225411;521.1915008530436 -850.7334778726232;727.4203015442658 -610.3219522157386;-340.4957031928287 477.84688922366644;135.45881099371528 -921.1127891315327;311.5997569217912 583.6423669309129
1000,15,6,LXSSA,6807.32189755555,212227.26790772803,7.3621827288,nan,6030,6030,0,0,100,0.0,1,385.7098526079212 167.4161304706406;-568.339608704643 -147.8675653352741;457.3507636785413 535.8115985563167;711.0820568619024 -219.46416370456333;103.74755599771787 545.5507489980529;499.3517980759046 -581.6267667266528;-63.45988204979946 274.1922565588839;-114.04216860448476 -619.584143861021;-352.3471867268299 -367.438539118834;-835.1283816694219 37.44224594973003;-372.8706445331205 -883.5171584493002;161.84742586727444 -85.11613037861862;-506.99920766738535 169.54630289545034;-145.99173212954096 -127.71268744800913;-200.51262870740766 593.8081385579173
1000,15,7,LXSSA,7110.015490302641,211924.57431498094,7.3621827288,nan,6030,6030,0,0,100,0.0,1,459.1800304374776 -357.0652333847233;152.0850460977913 -791.6997745733476;-577.6339745495519 255.97126699781725;-100.62724050157121 -985.4953258244167;261.95625231134477 858.8507327934987;591.049580062411 791.0812649611772;-70.68756358815445 461.21159015785406;-680.1538894759598 -193.29143399624024;-368.40583312717405 -827.944062492222;656.8801887745657 400.1037588269614;421.1777675857904 42.74403619562486;-63.31412911460635 -355.69299487357426;254.18410034633428 356.76934975256154;-376.95283173119697 812.1855871868936;-44.45245723812138 827.5633088566024
1000,15,8,LXSSA,5715.570181601623,213319.01962368196,7.3621827288,nan,6030,6030,0,0,100,0.0,1,-81.05837382149028 -322.2491135897414;-491.8717629897605 180.44717695576946;-838.3076103186011 180.76248899134197;-30.583462004677774 -895.8822954954669;628.4635717829672 773.9890795257081;134.18123479741902 284.9773538970554;22.866662120537473 -25.993003845942177;701.1048192865477 -476.45126193884835;-188.22719767134438 261.7487671690219;-405.1145183838655 -910.1048356976393;-760.3268268904123 -576.1781282088651;354.7667161178255 631.630107849639;-923.5993598591599 -235.10982842863362;-205.88927383768748 748.0650637757483;-261.66196517517005 -613.019146668486
1000,15,9,LXSSA,6744.314067406987,212290.2757378766,7.3621827288,nan,6030,6030,0,0,100,0.0,1,604.339548125918 -703.6142278915831;662.0726746670709 19.113892371069067;-666.4603504848131 -508.8930476158846;296.1157129354018 -151.05065558027135;47.26730337530464 300.3353503843913;-709.0229535953858 269.648372608417;-951.9809620134109 60.9059192116088;381.272961835763 152.12309049015985;313.63222493030753 482.8102277275557;359.1682601508599 -481.0915492660256;-451.89942791766885 491.386437660416;-239.90056945720684 124.44088022693639;-551.1779566642426 -33.44935868576537;-553.9607401496816 -819.1341833124175;-134.06757707612041 944.0655088766404
1000,15,10,LXSSA,3059.473081061238,215975.11672422235,7.3621827288,nan,6030,6030,0,0,100,0.0,1,-874.8346235354742 163.81071450385699;147.84890860185044 -375.9879428929498;155.5335202255633 528.0434520152361;753.1219654614224 -607.5929789782091;-354.41318322908097 -729.9065746185677;-205.66771135028938 706.3188457422159;557.2997561540765 827.6577619009565;-654.2718945017817 -366.9119301522786;-15.469716128062379 163.03994196845284;-356.86111483664905 405.1646377530802;906.5699670450035 105.61621867700927;517.965067043837 219.896742029983;-154.23452624770783 -269.971853920533;-791.9614695332463 610.4369596529084;-552.5888301849201 820.6449193440868
1000,15,11,LXSSA,3478.3597759113763,215556.2300293722,7.3621827288,nan,6030,6030,0,0,100,0.0,1,-509.10017407395463 371.98196058215166;-446.8093612154395 792.9227312020467;974.6177830138307 183.91815912298568;107.7936969145609 -688.4431828411283;-491.6557600624888 -802.9646901770037;249.85944541195343 426.02759477986024;-116.75267910833063 180.2902393258065;793.4093137337004 -429.5145436179472;-40.85961682819792 788.5127758793502;-290.3485374033559 -417.96742457875956;206.8026818915741 -36.56647783137153;655.182282899199 211.07788681541126;574.5335362129722 -759.6673878999921;-742.1609881185976 -221.40529591544637;483.32842248730236 779.453989413834
1000,15,12,LXSSA,7570.553573861544,211464.03623142204,7.3621827288,nan,6030,6030,0,0,100,0.0,1,-687.0784560861705 -355.70723871953675;5.018693468471739 92.88680269758079;-152.91238601235702 -659.1346758944786;-121.4023546565025 -283.4012129924098;-737.6871013941904 184.043756361292;562.0197662390708 561.9123750951295;220.49147785100615 409.13524620616084;350.5267815798684 -624.8739326786587;-580.3647550171062 -813.6864213613483;480.11308153989694 -294.0761448022691;667.8006878524859 -725.7429227475246;-420.0756915583548 35.73613450402182;537.8835457367273 240.5312723952369;335.71740667841055 5.275346832409892;34.147218591899204 679.5103997552718
1000,15,13,LXSSA,4669.454612390895,214365.1351928927,7.3621827288,nan,6030,6030,0,0,100,0.0,1,-162.80461352384768 -871.9421197927553;-696.0966403114892 -595.9526218102877;-140.5851461979205 -483.2448110946425;-759.9202061270164 151.93072438822716;758.9878210272236 397.30106640033557;622.0846638347696 -326.15715070391207;221.15187699202298 -23.305563145204164;-167.96220261995526 911.1383537963851;686.2031885917314 3.8062193922973853;-400.10821285705583 45.07235654754423;771.5827826407394 -636.1288563388109;415.7355759128273 -743.8770854979829;-550.3046308736565 481.32556595223394;256.698977796197 411.8527806516238;605.4400905836485 793.1611848894711
1000,15,14,LXSSA,3751.275050286,215283.31475499758,7.3621827288,nan,6030,6030,0,0,100,0.0,1,376.6667882092202 -23.074164503947564;264.3901602515892 314.66515773214235;64.0243385688557 -79.37142546619587;-328.60235784688746 344.90814507965837;690.3665774628587 -335.7083667851601;202.5119971819637 -367.32306575830285;308.28641688575186 -944.7366381447462;852.8588319937467 163.98121790322764;-612.1158886434546 91.86759908237168;-264.89353244804005 -866.6406119575594;692.6129913189216 697.5246374154048;-315.41222010190666 891.9472674036055;-379.6295085193544 -540.2882354822324;539.6277724824168 -685.8796502977694;-759.0687330533741 532.8671758670661
1000,15,15,LXSSA,4695.580422716768,214339.00938256682,7.3621827288,nan,6030,6030,0,0,100,0.0,1,457.3920681021746 -405.66937727359334;856.5681207649701 119.82890229498578;392.4960340671328 -919.7530415321492;795.9219447909883 -233.35200087680508;-155.09874356776402 545.6702010252399;-261.2456599721894 244.35449447039719;-755.1468501182597 14.381420968760704;-437.37793595147286 708.6269482039382;-55.9921613950654 -835.1652024123557;-743.1463923003676 649.3180099574853;199.33983480141632 477.8113129087534;-561.1712117040435 -451.5997852874257;353.0023837547581 192.71059166126594;17.666201652029216 74.81453326527001;235.47532265621345 -635.1517424117861
1000,15,16,LXSSA,7490.711904045689,211543.8779012379,7.3621827288,nan,6030,6030,0,0,100,0.0,1,34.91933476420778 -897.584355690972;-15.897800575130386 209.94063555839858;-762.7999970641379 -632.9373284146551;346.11202856083355 518.9896410725835;-223.96208683656693 -33.79323256003588;-401.8847195714822 884.3128364631882;-493.4876848224852 268.57332863819653;3.9491147741026507 599.3303415400871;65.46525270657403 951.3081567774784;241.48038983983596 14.159334755858016;658.6477586581151 -678.4945311878573;-236.13881681383933 -746.3452388640305;601.2527799133952 -341.61915340783526;372.8368862234499 841.6643781380964;-845.095375078538 -251.8494665752138
1000,15,17,LXSSA,5108.000499789952,213926.58930549363,7.3621827288,nan,6030,6030,0,0,100,0.0,1,-55.27034651783634 620.3370094273031;308.2384902683546 -820.0627399665743;-383.83076739715443 386.9142275295016;-351.24632440124145 -663.8890778429828;-701.8304812087028 -643.3924762933086;-675.7637267420151 -218.77738575826075;665.981504357169 -648.1749158203751;701.2117257372804 -266.97007268093313;-487.2233636534356 91.35129792960196;123.41997357438808 306.3780613695926;103.22273326964215 979.2380076101629;415.4856635109595 -22.651565830306023;-162.30193209490793 -384.293988131727;-362.8569204889976 771.0065038116678;-913.6146188699969 276.2656210665103
1000,15,18,LXSSA,2725.3579015542928,216309.2319037293,7.3621827288,nan,6030,6030,0,0,100,0.0,1,-18.003915886318772 -224.19949504302875;-586.4603294255913 461.4517460205862;-916.5157554420164 59.31651152657017;868.0247502111233 -198.01922733770462;671.958515855928 344.65334266637075;86.04813767281725 521.2620297439964;202.66738674758426 -722.9352800835584;-692.8905098252776 -720.9538002607612;-157.07279305090296 250.2861523215355;665.4786839236713 -578.8099184073893;-471.66022861304435 139.35651987281284;-579.8981886969536 -405.0196904400132;103.28150173522297 923.269002716952;509.20566381257385 -200.99083466881845;367.7427319832302 261.5302545439253
1000,15,19,LXSSA,5735.734639820206,213298.85516546338,7.3621827288,nan,6030,6030,0,0,100,0.0,1,435.40565574755345 779.6112205583319;-793.7328723807168 -335.7331501531428;-189.58787083828187 530.5478106350781;-574.3322155470577 232.3914094472725;218.69710383625352 27.113720199555445;201.76947423333868 -559.8173905217202;-91.30439116620332 41.401857021702824;-170.68317228953484 909.7736712536096;767.0402794143403 -367.18162428979485;-785.4994729034487 537.1884204304633;-392.5934942173627 -38.31267635882262;619.5380172071785 -62.81995719426857;111.64255728794399 773.6602146342965;335.38529696944545 344.10729496155164;-460.69111190581407 -432.7541430051275
1000,15,20,LXSSA,5099.157503397873,213935.4323018857,7.3621827288,nan,6030,6030,0,0,100,0.0,1,-612.746329792658 -452.7516866912013;-118.1357109768302 277.45735358898884;742.8335854313536 -342.37650805907936;574.4198468848904 -42.474024765877644;-876.0156972438016 61.11596799900347;299.7508283962511 477.87337484135384;408.08872580770225 -590.0625299098127;714.832437921458 -695.8836386222794;-297.0474002963661 -390.09889110422;-517.1248756521472 470.52986488500267;-562.1922469801568 32.93995620701833;14.410628699382809 -447.5125026924724;237.39481618605532 149.40231284170127;-911.8986767419057 -377.7899566472579;924.6802545292708 75.83547637186929
1000,15,21,LXSSA,6412.392103336955,212622.19770194663,7.3621827288,nan,6030,6030,0,0,100,0.0,1,279.56994656073374 104.40225020744886;-203.02082868505522 97.04605990979664;551.3176770404971 424.7393128978419;613.6181165282671 96.9346402089719;119.63424053232406 -650.121369011706;873.1923116892315 464.34342309645143;765.4738644969345 -210.91854935780174;-279.47870814632165 -690.5380315611867;801.0566876070914 -572.8461700680866;-743.5939917782558 -172.81201375761492;50.53676043323506 -998.0966586487457;658.0520396618509 722.8811938255992;85.82480527458561 640.8567615119414;-798.1797944117586 468.40775054066216;-429.42921146743146 -264.9251748245067
1000,15,22,LXSSA,4034.21970982154,215000.37009546204,7.3621827288,nan,6030,6030,0,0,100,0.0,1,701.6715201699428 -541.460388058093;-965.6849269313586 -72.91508592080034;155.86462866175788 661.6222937689325;467.72189155354357 -32.66577004876004;-289.2971558361669 -169.32886136462295;408.17984701206325 -645.3737887737669;-592.3671414150938 -465.40995493784794;259.52095999833074 957.4911073225115;222.24543603271954 -316.2722774567046;46.39086284187841 11.695930864491544;688.3797026872643 651.5171538967235;-409.1315437216007 126.90619767321029;-144.66722799049322 -561.0782494696804;-411.74957245921 859.0236518121493;643.0123730978715 222.47281718854347
1000,15,23,LXSSA,3780.725999022281,215253.8638062613,7.3621827288,nan,6030,6030,0,0,100,0.0,1,-687.7171621301006 280.221855376733;787.4469922910575 -342.9927897905956;-814.8398030001688 -88.63237025744112;213.69615106903007 -222.2845782662994;-841.1691247532311 -533.3442766971743;-339.3460278059336 311.9315063633041;393.5104038121479 888.7249897923336;577.4239140731061 464.7429041393973;287.84969233895225 -844.3625019068226;-398.7922718738231 -825.4179054876794;-136.7414423921998 -437.7243178061469;27.759294844361833 105.74896329662629;-199.15921378807087 596.5467716288135;503.757361625143 -591.9207358620313;391.9330969860394 173.9818367548968
1000,15,24,LXSSA,6.887358903713033e+20,209329.80246730757,7.3621827288,nan,6030,6030,0,0,100,0.0,1,128.93888131282526 740.2322521969094;-953.364141479522 221.57861670314853;-8.432404373038604 -413.05111042758455;-765.3234144172732 -27.755306686298507;-181.12720770087992 -666.5022731837561;-459.22618730324734 -61.32876278610609;384.747822229069 -185.3810242751307;728.0098478889585 513.5705473134173;321.1866644951945 286.5123194012947;-961.5550653533985 -262.53734045153675;-256.4483954597217 -966.2938977326459;434.5159289630367 -548.7799765159485;-304.08440137530425 -330.5937515323326;559.1487205067574 85.09625952367769;-631.864229617533 -687.2921606879385
1000,15,25,LXSSA,3456.9670630179753,215577.6227422656,7.3621827288,nan,6030,6030,0,0,100,0.0,1,825.9297871692185 524.1944402990337;-267.13028181256664 761.9807642465349;652.183127653108 124.91523874232796;331.8376525372732 -363.5074165215904;112.40866727546391 217.18828694202932;651.0480108927369 -606.3416811946034;-331.2478799498162 58.570964725430606;-519.8721669039467 -367.2704681378967;-229.60475458026892 -620.9215766894587;901.3358693250337 -329.56465558455466;-80.79291468553569 514.6492650008751;193.6847174773118 921.0978387408627;-771.9154945590841 254.81377970299673;-43.26906161577334 -891.3037970971463;-492.24570069137326 389.55129210271735
1000,15,26,LXSSA,4703.685448377277,214330.9043569063,7.3621827288,nan,6030,6030,0,0,100,0.0,1,-663.2462973296047 -313.2903962336106;524.3173090935007 851.1649114901089;-222.4646330826145 -380.37473509951303;382.0668046796449 -796.5381852791469;-243.52602927195107 855.7862801010041;405.23748309585943 520.860014080689;937.703833192923 314.149755462379;-755.0512616032462 375.9207831971096;732.7707768004094 72.94321844867056;-486.2395276466455 140.84358175751623;-269.9039334847828 521.6579523547408;326.97764987409886 201.28853999799628;40.283127517766445 -753.411519871768;-107.576127121499 -24.18030643144841;129.571972419213 855.0102987233106
1000,15,27,LXSSA,5148.80655603169,213885.7832492519,7.3621827288,nan,6030,6030,0,0,100,0.0,1,-728.562280789763 -419.99085128873753;-442.23581995510995 -620.328795558225;-620.4854728401178 391.04188213783675;848.7428919965569 -91.71899305092933;632.368512364671 -648.3149285924346;-168.09987364230412 288.73315078949355;-391.3047215396089 -170.44884649642535;452.29894344821804 236.3228571655035;18.19942127663925 662.7248970938742;24.617675520177034 -239.8222601201524;-759.2780256211278 105.08125590754368;-94.9001676707175 -594.9520650529868;307.89854098366294 -379.3850344125563;271.15002656522387 -825.1704671222374;520.9705688342333 594.5594414797516
1000,15,28,LXSSA,2847.9542528323364,216186.63555245125,7.3621827288,nan,6030,6030,0,0,100,0.0,1,-303.3959009927723 11.294336454763908;981.8140281118945 -77.74837737444463;179.92030303281467 -71.21621976146713;-180.0529046906064 -680.4014823095927;603.2083064264356 -154.96203354794514;772.749778743841 275.12278704821534;319.7889506008802 -373.05501126035165;-578.6495169099246 -636.9126545753977;137.98585300117108 -741.469868776913;-452.4816264276468 409.4334805106468;-353.9704203791071 -935.1149846653094;-66.61769937292789 893.8051452922184;-938.7528288492091 -44.03271674158943;614.9424522777457 779.6771580471526;-784.1591211355006 414.4112454391755
1000,15,29,LXSSA,3589.2929062619223,215445.29689902166,7.3621827288,nan,6030,6030,0,0,100,0.0,1,317.1045202162161 -939.2817984107668;-562.2761056135255 49.43609241116992;-563.7728620044134 -823.0790971274076;228.29085126607893 -16.796686416067597;881.447631568095 222.82069206752513;2.982139783336702 333.3135041699738;445.40069299695205 701.7705507694967;-747.4985887821655 -295.40487698129095;-323.6403963549172 568.6659389623175;96.27464588836311 792.0117838620753;-156.08495895449016 -15.934001083654277;429.09714814398916 -394.6751165707951;6.6489949146289105 -500.94514857131526;-304.1038419849662 -465.0404553894767;934.7938026914129 -314.4209406046444
1000,15,30,LXSSA,4471.142197723733,214563.44760755985,7.3621827288,nan,6030,6030,0,0,100,0.0,1,426.0523343156368 -486.71939037915945;631.8781358728377 445.96168764835693;-806.1262624247137 192.75864778228794;-295.8441757219353 22.53702992239086;591.9131497938118 -118.35776511694326;203.47263876260868 -969.040000520126;-21.05342514155108 -159.9031277359699;21.27325880115144 434.88097735524906;-101.27540126849357 -589.4134439863446;272.9762471319648 -19.702885013965293;-438.62299727586145 -857.6233317100518;-595.340208843115 496.33887753104204;-274.967950697244 556.8379492736635;335.0795318851288 656.8067521523722;-768.4153508266991 -553.080678749216
1000,15,1,PF,6118.655300514802,212915.93450476878,4.901066373499998,nan,3030,3030,0,0,100,0.0,1,20.85904835032278 -358.91671085930074;-741.8490087789999 -471.1475721587019;-121.5940603569778 922.6630323831487;711.4928447139592 172.36925177556057;-569.6757246427322 -788.9876503900972;-836.5031765937464 441.28614829167;19.75857356826531 464.74708240613484;367.6864858605615 527.5505224391511;-729.8562462087825 140.94204640754577;-64.4428708638519 -787.7854681359786;-360.85200357643055 213.94191694435912;368.7887018759592 -578.687302299456;80.39503294625374 -31.397187296261848;769.8264883449792 -547.3650917187608;417.71508745745666 -79.6584840342143
1000,15,2,PF,6564.523733000446,212470.06607228314,4.901066373499998,nan,3030,3030,0,0,100,0.0,1,606.863605626437 745.2136641870411;327.0324042052134 365.415221227645;-54.990748544579866 -957.2472265834009;188.0730277716556 -115.11248048383482;-698.0761015941827 -302.5620598298146;-276.71038082747214 -706.926729369715;756.9614952225785 428.8426006579855;-349.20248533857546 36.093839627563796;385.1704482321783 -630.5148891722436;28.081615083517633 461.5265919237963;300.71026290570774 710.547324466342;741.3768153681194 -607.9052482463994;-264.42554575741235 359.80177390675965;-671.9686182065893 210.30950006966177;-53.178077801462514 883.2989355396562
1000,15,3,PF,5499.077824108419,213535.51198117516,4.901066373499998,nan,3030,3030,0,0,100,0.0,1,-225.10947753973997 -322.0641795216117;-103.67768141044385 -678.2647117090436;-744.449064476724 -500.9394966513252;850.5128018225707 425.0491695099381;-664.2744528712047 328.3411305017991;394.1856822358915 -292.7032873303301;547.4961281309903 494.07844845846535;914.2384598807031 -355.97720795651406;732.7104735448906 -653.8302238295964;-419.78601610907424 744.257719940054;604.2641129776189 16.740461461299834;109.54030917079957 215.4896453694998;975.4754352681356 15.626473935720314;355.00335628653045 -749.0238807164701;-368.45621966108655 160.3433025251345
1000,15,4,PF,3864.380543414358,215170.20926186923,4.901066373499998,nan,3030,3030,0,0,100,0.0,1,886.2867949962509 429.8777064579271;-764.7430324542022 292.381169675146;-135.98082402506043 -931.8608108265485;573.992542959162 -537.6574033595631;430.6988526289633 -263.3268686677179;-499.734587287774 -114.34962871052106;-283.80406185615584 572.5956504780812;39.35341599510005 757.8833486458394;-663.3186484766975 -393.64201038610173;-423.76478433362877 231.7851835235684;-956.8367390323567 -40.459247995340434;-45.5841896086071 45.46698902645511;-623.2983484244882 728.2106060703536;653.8800966424014 192.27774180172193;877.6274759721001 -272.1976029213964
1000,15,5,PF,4824.0762179760495,214210.51358730753,4.901066373499998,nan,3030,3030,0,0,100,0.0,1,-718.5305734042629 150.3303441634649;-268.84545760529363 -352.386159319665;89.16103720368669 -897.590237222716;650.7252975143948 -196.16074432837308;-90.36575227161464 421.23058029530006;475.9703782906775 60.09517586212179;-286.57123746362686 138.2128614098836;166.65516206454848 -416.3047237782164;183.83743098219438 804.010476432222;-878.1575082060394 -372.072291271952;-142.75187001702804 -672.5839563948166;628.0791140989094 -577.4834604922803;874.2710902588485 80.17954609865946;-478.28944928083564 432.12314165678026;-621.9247476718226 -655.657233432961
1000,15,6,PF,4755.109589454252,214279.48021582933,4.901066373499998,nan,3030,3030,0,0,100,0.0,1,-273.48530753335655 -889.0915285953641;-737.2117802566428 547.2143893111373;100.6573363328623 -764.0878372568824;-87.9981553678911 477.82052879483393;-910.0886582619895 187.12965129339653;-243.55689084520986 871.4551235045572;290.9935283507824 264.70180155592226;-788.4182449187446 -478.0421900859667;541.0916093223891 -571.3874440234664;-160.65492303650265 -44.5739256609305;352.42874802855437 826.8242664607861;896.3986054386334 258.8551042907836;-85.10036536927082 -491.64755388642584;611.4359447191703 419.5867601686531;-500.5913621746244 -305.41086027463683
1000,15,7,PF,3929.1496700157586,215105.44013526783,4.901066373499998,nan,3030,3030,0,0,100,0.0,1,344.9165553207913 -408.0698894405972;21.05108099298449 684.0903846803452;482.38410468186265 36.295951097232724;34.46470702144628 -958.9827022586627;921.4804804461519 182.41826793199755;-470.35121483763743 38.22425160591847;-12.138939641740908 103.1709082510751;-495.2787395849736 -825.8248043053164;270.018362279903 471.9211428805586;-342.4068509681169 -363.7549145865477;-716.141407258418 332.8412565222189;-118.27832591625332 -636.1279023720174;611.8438545860466 -714.2533501052236;602.805598180077 585.9038689004673;850.111780956048 -253.82519020727887
1000,15,8,PF,4800.924330435228,214233.66547484836,4.901066373499998,nan,3030,3030,0,0,100,0.0,1,-524.2473462845119 689.6591067424824;-88.7911302459786 -826.1470915496933;-209.9707326781811 -458.7677384355237;67.81365599224571 -267.20938559366357;571.3502412537903 252.84737386284525;590.0519254806555 804.1955031094997;418.89980773257145 546.2615034086554;-440.8064363093479 190.01747098554446;-211.96966341571832 464.4104778173207;145.43151835271658 795.3974645863865;419.4158590251461 -618.9460843448179;-657.2632073457171 -297.1817984935356;635.423227975247 -194.77912295039917;875.0442715923012 -478.5508340806638;277.9612002245794 -936.0596708388191
1000,15,9,PF,3554.8801824515685,215479.70962283202,4.901066373499998,nan,3030,3030,0,0,100,0.0,1,404.0764586144438 348.59453478067473;-98.69547246336526 -127.05179176109046;572.9236004553393 -42.10605356438045;791.2214122261448 223.831181672716;-56.602080301098866 671.0099158381785;243.01696659480515 -569.5811834452647;-894.3772720523795 -323.35857424555894;-440.8687428173553 -470.10344374110514;470.9924825497704 824.7578768917805;-134.60355467363487 -514.1142687146406;958.6363349734801 -58.82337434351727;-739.46879404263 580.2270799161206;775.8920300758232 -566.0193988800484;-877.79554902892 109.45048793033672;396.77748534290333 -861.9368357844031
1000,15,10,PF,5719.2727271752665,213315.31707810832,4.901066373499998,nan,3030,3030,0,0,100,0.0,1,96.91770106470028 -595.6068267862082;-276.0384354752397 243.29409903654164;75.52612476696183 139.54196922156888;-765.4227828255034 -332.7058818744176;600.3623631938614 399.80342133025727;319.62893462359034 -381.60052940191963;832.2057266295351 -488.544410879825;-120.45975291600922 863.7637051650353;358.3086661625887 -17.457269468299792;-510.6958211656244 -67.43337050989544;-87.3182428168492 -845.4800839740678;-632.651897935851 673.0267623983324;902.1568840652558 14.494392998065758;-270.76581978174875 -416.1547639941386;-391.3135586816716 -769.5523145473655
1000,15,11,PF,3476.6500749734696,215557.9397303101,4.901066373499998,nan,3030,3030,0,0,100,0.0,1,963.4237262932821 19.73712533291314;356.24284290028675 869.4246276519051;126.34994234410306 46.58717875111762;-571.6960427958544 130.33927075143117;-424.80985900127615 635.415630873826;255.15989857913252 -298.7206744199488;-59.15622424004257 557.9432743854863;-782.6319187392843 534.9627726575335;197.0350335899565 -770.041621443167;-951.0334581224206 22.340355023229634;-92.3937301514048 -899.4086609127974;-325.6917286185698 -266.95617463696163;570.7876453294729 147.52808160844825;-683.9205581897727 -488.0203725469753;804.1484497972643 -353.0916372016744
1000,15,12,PF,5033.408765895409,214001.18103938818,4.901066373499998,nan,3030,3030,0,0,100,0.0,1,-7.5885790446667905 881.2882126510375;185.5922712806793 10.598589933423119;90.41063790227234 -456.0735339867721;810.726352718278 -38.387192341434684;301.82554294770193 732.187603314868;-145.83088964294276 261.9062247246009;-160.66158996381606 -217.16100539056396;845.5045665429021 454.1328638702235;218.00677111587277 372.46516136667043;-443.25501814051705 601.15904165232;473.2069627093552 -580.3535140967088;-803.661235716456 -540.7630336508331;-528.5932800460416 -395.1839811338577;779.6188291072298 -459.0159300222365;-776.071615255932 -105.78049257902018
1000,15,13,PF,4377.008233880915,214657.58157140267,4.901066373499998,nan,3030,3030,0,0,100,0.0,1,482.82361020058323 519.8825683879218;-548.1118160349205 342.2436584139051;365.0539572918218 -485.5088371530398;346.771770284259 849.5808864862599;608.6938985941505 -135.68470008864853;158.52914956666214 309.0235869715332;-191.7581785924732 116.95907581070558;755.145721237324 282.98773629914103;116.64550557035075 -128.05709357214516;174.6879326508176 -778.0839390145416;559.4383643877486 -804.2869920648486;-425.69738422761293 682.6803512589495;-661.9443775549632 -3.6565348547012206;-831.5403784615196 501.1776523939319;-730.79951795042 -646.8591576286508
1000,15,14,PF,2.797894588496843e+24,200995.01495896134,4.901066373499998,nan,3030,3030,0,0,100,0.0,1,173.9957295482569 582.7604929914303;-837.5914742997235 293.186345845308;-267.5183268315557 -740.9465582378107;-761.6243872655059 -451.2101682454408;134.13987530418672 903.0837670576277;-425.02551901136553 574.8419925668576;-76.23997839153262 123.9985272232812;188.6225459174889 -832.0817276043465;605.5347027427149 -202.17957955302597;-279.48401074601776 -207.4851360032524;-534.4059670913614 -239.50876056707114;322.7953590022813 -535.2918666833506;-599.3289482052676 121.64163284802521;-349.92975457096054 239.0099656748469;-303.9302302967989 69.72983936486719
1000,15,15,PF,5424.036569645192,213610.5532356384,4.901066373499998,nan,3030,3030,0,0,100,0.0,1,52.081502920766255 -172.4902761964882;-804.9954818788993 480.68045172860076;-735.1128651059275 -36.219625040500965;-286.591160845828 155.87147272438156;-466.91976633544795 550.3964011923207;115.3842839745873 890.8817588600547;-477.1351818536692 -267.26033244164864;375.10040352519616 -88.82597716281037;468.11035553827384 534.4277058378068;99.52187956294328 257.6599269643214;-210.4444186477635 -676.6957509773591;-533.4476794384897 -780.779671100969;679.2485502884986 251.196206915431;-45.94990296928426 598.1710550518239;-798.1810626712344 -367.34300376258807
1000,15,16,PF,5664.651803197281,213369.9380020863,4.901066373499998,nan,3030,3030,0,0,100,0.0,1,-208.46999245073167 116.13200720192576;-808.510442176147 548.5468994617148;-303.04728507896203 524.4124274762903;-392.4102385669605 -282.75187819729047;283.548991998372 -934.2736545857309;-648.3679545535631 91.24794890999665;39.240237186255435 -122.89602342864596;474.58583124302623 690.1231138187043;-410.89519539967034 -738.3554766252237;454.7661403006508 -565.0846594864914;-109.86656850903742 -888.820338097202;143.38820410280982 449.87911610786267;-46.860649075711564 -536.4547027895844;334.7225357640983 -272.00678952404706;975.9066090015382 64.79856096571282
1000,15,17,PF,4644.836223680759,214389.75358160282,4.901066373499998,nan,3030,3030,0,0,100,0.0,1,523.9125552636233 -507.92248335169694;-305.5028912710663 425.46420150889116;-425.04651849914507 102.27500901976258;6.622710750593436 299.33576323211014;265.0204491828679 578.6199746881912;194.92242038462385 -292.4836550113866;-657.6460192160472 -564.9120421648985;-361.45364889813527 -894.827607826081;-896.1892824136567 1.3352828211290593;29.283615872811726 875.4844204132543;-780.6116460228017 428.18914236555446;872.1394011194236 289.87928570192156;-292.88355585336524 946.9829103358427;855.3352585548713 -429.12102880223335;-265.1081226379932 -242.36465391691942
1000,15,18,PF,4088.1643967355194,214946.42540854806,4.901066373499998,nan,3030,3030,0,0,100,0.0,1,826.40792781673 496.4718809245162;-87.32352069454369 669.3382013318642;-692.8712707223888 -89.99818911796051;-888.1215060182972 212.05472866125743;454.2070937284651 619.3243537873666;-918.6327106729892 -374.2794508676073;715.9687483253059 81.90075337345786;-267.7065180197351 -180.11412573554165;347.88239105198255 -54.24693086208865;-19.977134977196727 -940.6424906860838;-374.0214103191818 -852.4369896021002;-514.7179584298888 -456.25600284462223;-369.68563035993776 915.6982875646428;657.4548479211467 -421.1602002427697;-20.65291347469293 43.05524777466181
1000,15,19,PF,4108.064848720416,214926.52495656317,4.901066373499998,nan,3030,3030,0,0,100,0.0,1,-473.4143786157152 -478.73586124741576;742.1444207788929 657.0265094763895;425.18054831013114 429.8332047894987;-823.3838215796192 -391.40125286390753;77.01309949637933 195.56812282274643;-829.3975498124 460.37263694978327;-152.08175400145186 639.7978581452979;279.7598838962074 895.6091808250196;640.0899500152334 -375.4238147484901;552.9142103894992 -769.5698199471751;-585.0314945003454 58.77947345897736;-505.34579324350267 805.8177790314144;213.39919282379878 -663.020802439385;-351.2721898654938 345.6372474173291;-163.3202676679509 -698.9580578541871
1000,15,20,PF,2721.373554554244,216313.21625072934,4.901066373499998,nan,3030,3030,0,0,100,0.0,1,-236.43946540847696 134.67522365462744;212.22743186006144 137.19003139974114;-723.3550894624373 568.2083053054563;838.7036172476373 309.3885636599688;-117.16507557117387 -228.26389601894982;-413.23281565386293 589.4178502653306;-931.4870415240556 -130.54035539061957;437.8021936739634 708.1252456971553;80.91736922768929 549.6283984970129;-154.96635000727684 928.1892592107083;778.3699066481727 -390.27298506314537;979.4463098410095 -52.71258826564125;92.97606517955273 -568.8145360281648;-293.1002888754262 -615.2490221970604;473.71449275706647 -829.8605295703779
1000,15,21,PF,4832.597775836941,214201.99202944664,4.901066373499998,nan,3030,3030,0,0,100,0.0,1,789.3982873029801 -81.44128983906414;48.97693945885315 188.49470431433238;312.6421746678965 848.3581744273247;-302.417684189413 193.73749862358085;-407.04573675341004 502.4141061486647;-667.5245385469016 -208.58480673117182;605.573562638288 654.3082568181727;433.01201829092327 -312.1149896408901;221.03946371967623 506.1247208827405;-174.977999074754 779.738935128216;-344.1277415568611 -310.05146410747494;908.6851771117509 266.2526630024997;-72.98249840172662 -958.4266397189507;-43.515372191269 -486.70770311126694;-949.6049254324547 -8.862642412882069
1000,15,22,PF,9.298807308615637e+20,210256.86156505352,4.901066373499998,nan,3030,3030,0,0,100,0.0,1,511.7209938308913 -211.38393049022508;787.4311412964814 480.58659033350466;893.2879965439857 -268.2849799154199;43.691516737199926 186.43105175562263;-190.40385676208467 394.3784146322903;170.71230116835096 -252.60854857813612;392.4000719724279 97.30410032395015;15.475481077970208 673.6474710840354;61.888386596217366 995.7694502314081;666.822252607902 -486.48950551365755;934.4996843318158 33.868074901763265;-587.5930684685922 -481.569698105867;236.32345819398543 -884.7598919908577;337.8063911082505 566.8172102237827;-909.6883440342416 -312.0317394241236
1000,15,23,PF,7.98409083355051e+21,213944.48139630025,4.901066373499998,nan,3030,3030,0,0,100,0.0,1,-92.98375590457557 -697.2403021718895;-312.80241861724767 -351.55147316833103;1000.0 1.6110476429901706;-115.18775961070656 -122.06450077325343;817.8025113392506 492.96993903760773;530.6284272442939 727.4022071865737;-737.2951771777362 610.7742427997683;35.973814246697344 881.8195518917952;-354.69821345646295 -891.6414261474592;187.4617317251156 -557.2362049931762;-649.4761901925002 -545.3956262794289;229.58031521171833 645.8038649677582;-255.97767467436267 144.82721500824655;-380.3094738332578 689.7227809242438;41.58595584094526 -985.3568725711541
1000,15,24,PF,1.481718064355141e+23,210855.26557625664,4.901066373499998,nan,3030,3030,0,0,100,0.0,1,764.3425256856212 407.0953610165206;-373.75495151020306 347.39776741730617;-595.2916472583715 -523.305695482052;-605.1249905798885 739.6878889857411;-271.63488760211715 -902.326704900091;56.7285269732065 719.4837166585504;-108.68295714338647 -351.07531037726994;-69.08283970744098 -656.7345504751947;273.8199178890755 -797.8447127171639;433.86062437278423 -578.0123400529942;-451.6928239560184 -235.1795369466211;-614.9720900854334 10.022204061642544;25.52175165741241 -24.510266438421898;269.6006179247958 450.66010728071797;317.8495652826088 -286.88993780400256
1000,15,25,PF,3701.6383334603743,215332.9514718232,4.901066373499998,nan,3030,3030,0,0,100,0.0,1,-183.15463171391985 778.6159275782803;741.7134056592214 133.19077777999027;264.2300079307629 697.1843776123385;-12.190162876804218 358.57990382737825;-525.4485150415384 -350.6595057405654;866.4380966163632 493.4379980673878;372.717372737617 -234.89558431940728;195.14145203932804 -833.7615861174468;-204.2987886659123 -726.6021432904078;-857.2358537064325 -167.26606545046587;544.8880587227492 -603.3508142892337;-343.40468250897777 218.2355565419591;-759.2789248406007 545.5238410189521;139.84452235471662 74.39035689905282;-32.429958800087704 -383.005762551438
1000,15,26,PF,3736.8310337065486,215297.75877157704,4.901066373499998,nan,3030,3030,0,0,100,0.0,1,419.008772295146 -868.5442167987694;847.6054302664423 250.80865905687196;-847.0247175318758 379.80424722533223;648.9508749665521 -512.1519009573656;56.86155994683236 -694.402631902292;43.01573747619797 -52.84874420436166;-155.2113036287409 346.0457157876201;432.0877200954164 115.0526548040869;-249.14697393969945 -824.6975098025746;39.91493999727568 858.8998544463107;732.6974943330479 -99.52502632180938;-863.2387998080466 -92.98041025167566;263.36000831262703 -356.91205333991604;-537.753443767908 -706.8353428750252;-444.42602610641103 -178.0159319600815
1000,15,27,PF,4689.3560832508665,214345.23372203272,4.901066373499998,nan,3030,3030,0,0,100,0.0,1,-425.0281359412148 309.8473929140201;128.2572343114595 -114.04563495043449;496.24067840898755 -282.27340140318483;-309.3974755346595 -917.6590332640476;-301.5710254225585 19.860929594059332;-678.8956085873481 -693.9261340787906;-114.17771870401008 -552.6488333443523;289.7575268255156 641.1905568621495;-627.9071614123225 -144.18202470543267;-45.65274947530946 416.5105484969865;569.0018073375152 -680.4882264909968;270.66624463134593 293.1969008789934;114.4361959331732 -894.4518001927754;830.8068525328322 -496.9269051204432;987.544638419144 13.89461341592761
1000,15,28,PF,4912.9857705589675,214121.60403472462,4.901066373499998,nan,3030,3030,0,0,100,0.0,1,-670.1063275918644 670.9032134383726;-264.2536407362382 -349.17715202748855;803.4082832420659 -21.150130442447022;-188.87066249369104 696.830061636816;222.13906203014128 -752.5393105683129;372.06467380648854 -472.2311185945601;78.14855715358317 244.3571291919068;448.28566826590924 -95.46444812123498;-439.28441959980887 -670.0870103909762;645.7719719202655 672.8174263444205;90.14845676860485 972.1034188804316;919.7369107722203 -341.2165591650874;-143.98611452964255 -40.84712553689641;-462.1916373938156 235.32814910728803;216.3784892002322 594.4849971127892
1000,15,29,PF,3018.4237766698643,216016.16602861372,4.901066373499998,nan,3030,3030,0,0,100,0.0,1,-414.0318516836883 -518.2832039043833;-139.63579310296203 402.52826240537;603.0621542501335 764.2382719064063;925.068409820283 -119.3299791403532;321.5839888990728 -557.4294617549555;-860.111005698994 267.84109108312276;304.6497897329205 539.3140700033321;413.7626839569153 218.31903178286032;-358.15265663609046 23.50739159528957;-213.07504423446983 -937.6228123771918;599.6465414699549 -137.70561480897885;-31.719591368373912 -635.5682644523919;58.60281923109042 -57.85573540147318;-672.1390824081091 -233.62016475190356;757.1039161711188 404.9743712733253
1000,15,30,PF,3.86572744475623e+24,206215.2848162131,4.901066373499998,nan,3030,3030,0,0,100,0.0,1,213.0641131026105 235.24170284509532;-340.3146505074397 577.3444294769098;739.9852864395841 608.7655258989473;770.5452550581318 -359.28728153172835;-143.71261578829947 -418.9519572979556;-190.6872191053353 -161.61592837172347;480.96145219731716 -197.55440730899556;-242.7883862494754 884.6409567091815;357.98706042433855 505.3011807657688;178.65030472546175 -130.94104393844498;-556.9736166985084 367.0120839307134;889.3429332694282 -456.31571613681496;684.1513991090177 -123.55202601567993;-325.9082944675789 212.41293439771297;-524.0112828241836 -659.003456909296
750,14,1,BBO,6.832476243297943e+20,196429.57519759252,4.514300353100001,nan,3030,3030,0,0,100,0.0,1,-558.5414566828327 386.6735362708871;392.93194585725496 -160.21618495789028;733.7306748390067 -121.27422872212469;-218.46277963044895 -545.2037617627474;190.92163267157298 68.80892957217338;309.94137328585043 -544.9564341520293;-36.709831488902296 -170.83251964476938;-463.6664961081727 -262.8493348748984;-328.6458818671357 161.01289668447998;33.92919122706053 -735.844188565178;238.31570246385525 690.8233153181602;703.8890647334481 246.8372612226931;-346.15709207445974 655.1532905760332;10.81485465819594 467.8303853051418
750,14,2,BBO,8959.240445255593,195473.0433730091,4.514300353100001,nan,3030,3030,0,0,100,0.0,1,419.9899948281429 410.6443717005395;-453.79391064944787 156.88193816735782;92.95265147317707 -332.8257888041012;487.3679059743888 -128.32468858393622;260.76566807383745 101.28304651466976;-329.49235207229304 534.3655365287063;413.66963947430054 -501.71837272654216;-654.0974362450092 -273.26664340350226;702.0838990381048 154.07464081860473;-275.0349309279359 -300.93270815760485;135.54354029813965 -716.0866796607331;-212.70062647990187 -615.7844929275672;-119.88606896421766 252.07786382286474;-66.01955299109432 735.8362234314593
750,14,3,BBO,5127.593647937669,199304.69017032703,4.514300353100001,nan,3030,3030,0,0,100,0.0,1,609.249247501753 -185.42291806499532;467.23203399948693 -483.77579240458596;-118.87170935351799 192.55680858818732;677.6140582421408 319.1269059598144;114.05382912162872 -630.060330537492;-662.1256464914961 -342.8481385312889;-566.9959846491498 297.91379905406257;-244.40299864528362 -704.2471465739923;-277.4261170971492 505.36837483568456;125.22580704342806 732.6997475048659;303.3139974953956 330.79491726755555;-389.0468635129642 39.95501280733015;259.23274128083176 -213.71791389746238;-209.48569486130032 -313.51027080228846
750,14,4,BBO,8812.806560483761,195619.47725778093,4.514300353100001,nan,3030,3030,0,0,100,0.0,1,269.28981164127447 -64.41015868454349;-537.2749678297314 206.9602680965753;-649.624729272262 -285.8637919403393;-153.9680939525025 -624.3039015560704;-2.5810633168514414 -300.92717053739864;34.408558008149384 529.0524401883713;190.73637054206074 240.4346500651884;-469.7166175340515 -564.2702676297588;657.9734274459358 -19.54564453379635;-332.8501573329515 558.2786476765234;-197.0561230578104 -11.455001801861727;547.7662944434601 -360.6006577188275;356.6507258668464 -620.0432898635033;663.9480806513641 333.2322288121127
750,14,5,BBO,4.919585178371956e+21,196153.4103303418,4.514300353100001,nan,3030,3030,0,0,100,0.0,1,-559.6762221843908 478.73965670118037;-183.78062206695176 -651.940318693936;-130.87597219376494 -98.80429249818496;131.51775449721322 348.5231292577082;-450.2160057645786 -426.37796443324123;468.83903727075153 -570.570433338595;12.567693986716222 -363.93316393347214;134.33792781284092 -644.119051723044;-260.28536646647206 316.3331270662122;677.5860285473759 -35.739419825620644;124.04970715550189 671.7920680365385;234.18826275843116 -27.998798765707875;-537.7939161860223 -8.955427464338186;468.02267915295874 549.8913833917031
750,14,6,BBO,5.37674665243583e+22,197856.90933097515,4.514300353100001,nan,3030,3030,0,0,100,0.0,1,-670.7436055834244 229.85170549019995;457.31509357754203 413.43948269657267;121.73612197883415 569.419665812123;601.8504919684597 -298.78068292025364;-260.69393142040576 270.16434913601427;364.37452499186406 -55.74453151412888;665.7690627115289 124.05162682950595;-501.2125783797442 -215.73820326406326;-448.83494951943385 531.161075444277;-39.634781897526636 -566.2415783547638;-301.43030318583044 -454.07411455261837;241.11183758966274 -692.4441145569369;52.4041848279104 179.24136732035242;71.51763600506376 -203.43728072030046
750,14,7,BBO,8537.873228334269,195894.41058993043,4.514300353100001,nan,3030,3030,0,0,100,0.0,1,183.9747001337289 110.87582592270599;629.4349391763567 -269.29674013190817;-274.2533866628591 -137.5128085153159;210.07240772327236 -429.55736271873104;462.5175509416599 475.30470371869;-333.9219211857623 274.01064235373633;600.9391481354501 180.73163880389166;-104.94407078692836 -656.1015623053524;-706.4233645145529 -171.23794405030594;-35.38802634973513 352.73724262173187;166.4732740769074 717.626628661161;-414.53758216907545 -602.6942850913081;-669.9145027297908 172.15590247430816;-547.2495806141158 505.3788097077122
750,14,8,BBO,1.18572605973706e+20,196825.98356129,4.514300353100001,nan,3030,3030,0,0,100,0.0,1,-186.30708714752518 394.8668220756522;205.72361506697803 382.7607382261258;-34.53656483861573 695.4672400190541;-641.0235948021971 4.625524069458606;382.76980037415865 45.38168473351607;557.9582117955526 -300.47799950016815;-387.42335793014786 637.5500137928941;22.145728734887143 -182.57284368639102;-197.35109018811204 -510.9201059711612;-110.73529889116082 97.40535955866983;673.0159867491227 215.8510320051156;-634.670247388931 380.7312467918298;258.46071879982776 -385.30957948378307;-488.6847675255372 -320.81184476548975
750,14,9,BBO,9671.244875513104,194761.0389427516,4.514300353100001,nan,3030,3030,0,0,100,0.0,1,-199.2490650229679 557.5838799946698;148.91390101407706 680.9406016499925;-559.8554078344006 475.80163098717253;72.90875154141838 -538.9310057738574;532.9502608670348 514.8635907009282;35.734351878225425 91.28008874045429;371.271605761817 -348.04365645287623;672.3944398810077 -95.97551903307874;342.4700666501253 6.992924653189675;243.28388866226294 384.45987875153673;-276.7539238560004 -669.0172357842155;-305.7225150392273 260.8665556468636;-326.94308974348246 -89.70031460725534;-643.4935718919799 -336.77445406526095
750,14,10,BBO,7934.49736370059,196497.7864545641,4.514300353100001,nan,3030,3030,0,0,100,0.0,1,123.18992333358733 691.7870718890224;-567.5120925707727 91.63643201964305;97.20750739920572 -282.68436213818404;361.09555249470213 -89.26969017728379;477.87561220768384 257.138086739414;-271.63482976176346 -165.75948441497678;91.07902650786843 364.2622288816817;-532.7185441534688 447.2691827068934;451.5868033251936 591.7925312848802;-224.54797032797433 443.17865468299897;-323.97492792251666 -613.5591395652871;-18.47959753418047 15.497029734592843;632.0780536015518 -398.1368578422932;334.74988729584015 -599.0537417345014
750,14,11,BBO,1.639126534599721e+22,197635.40202576568,4.514300353100001,nan,3030,3030,0,0,100,0.0,1,-204.06518483327966 -350.9256455404053;-127.16572949845693 134.20735910149358;165.5919025145697 471.42415392950693;-305.63008765433347 -663.652188342585;-1.2453526814304041 -732.2478464214244;437.3830989368173 113.47344214091231;642.2647128788867 -99.04688369145856;613.6679473405927 415.2095091247336;-607.3059620457675 129.21288422954888;84.6350020444172 -162.5260762506034;436.75425316675364 -494.6185769410638;-491.13679434681455 -186.30432010443133;-180.63330155163408 669.0939111236858;-409.3223107419618 441.05536334137264
750,14,12,BBO,4228.267171771353,200204.01664649334,4.514300353100001,nan,3030,3030,0,0,100,0.0,1,190.01572406714604 723.7236760920616;-561.6657805171715 -484.42062235400505;374.7676036598309 -409.9488749775814;229.04154473490632 -109.27334740194908;33.121641824751464 279.51236252097465;-136.3266168264231 566.8054256492999;415.20466494494826 454.6596737666373;-696.9153119159537 -117.35062852974852;-377.6090183798856 -99.55578368530325;-491.2966550314735 555.3439896500993;-309.16531377612546 285.9595911514109;90.64126996582206 -655.296966797107;-140.78422233121535 -323.85357452441826;736.2638601838564 -124.33979746483658
750,14,13,BBO,2.7898430641473176e+21,192993.1940203533,4.514300353100001,nan,3030,3030,0,0,100,0.0,1,25.13401373545912 -621.8191902680762;138.4307524110169 -6.717817388544859;-42.951859197623435 -319.85780844216043;-325.8435799747415 -179.58627684753583;-512.559874310479 449.93113201980236;650.9796098166137 -88.48011235583078;-457.04635617383866 -496.2331449723515;-76.92339873531432 220.11287022172223;-692.7831896138352 -16.466508038105644;490.33481990953555 175.44022072385314;171.38785604394684 480.4585121429018;490.06246883854874 546.4406587080812;-164.64632687459653 706.815345075855;-372.2887530427563 153.79878679094804
750,14,14,BBO,7058.184922309185,197374.0988959555,4.514300353100001,nan,3030,3030,0,0,100,0.0,1,-417.84019587068804 -544.0174302864541;-97.18191916247861 -577.6309665983503;705.519774835544 -40.27824919593286;518.2383795237342 215.9487512752239;-558.0981889105504 289.9157120584414;277.2215503330806 3.886167480120662;467.5620162088662 543.203173865677;-382.9185398048138 -93.2224157804742;127.80324877474675 -353.57788548784083;139.4025198118337 463.0404993140655;-83.24336244839867 72.10764606826024;-379.078482185922 573.0914327474579;370.33993986856603 -623.735418276343;-736.06359859183 30.56080536374361
750,14,15,BBO,4648.741093906952,199783.54272435774,4.514300353100001,nan,3030,3030,0,0,100,0.0,1,-252.43235686094198 608.5480073033516;-538.6693977607523 -240.39772420705822;52.38867418548966 679.1806502083214;631.8092862293252 368.70297698260856;-411.2454552017403 281.73884704087686;-677.8940503718528 41.5805218867697;-23.72630112238494 169.47779905215089;-237.74036404273238 -117.7706292150292;402.20175030980386 -94.81498942581766;-412.80919675132765 -540.7485863115432;369.8194330451943 582.0022388699315;198.29961040578257 -486.25898738004094;90.87370154395694 -167.31181772280945;644.7761261116971 -382.0258313168178
750,14,16,BBO,1.405953649629703e+22,194654.0700702234,4.514300353100001,nan,3030,3030,0,0,100,0.0,1,572.2244399481831 156.08051281189012;-448.6221575742008 -505.897290286306;573.1407606558028 -439.0248250885568;-139.16049491189756 -653.3754037345133;-269.42121024920846 -85.41139878095635;49.301112320482616 561.2605930960426;-702.8566833459867 -109.88387824636447;250.59104784055148 -162.65133086563674;190.7951582137116 273.0176264552251;290.46956780662117 -533.2387985553246;20.245851997859972 -372.1454566789753;384.53696334484016 613.8003368573477;-281.9048903696728 484.0687171862694;727.1469165886931 -179.5995844371381
750,14,17,BBO,6611.804442670022,197820.47937559467,4.514300353100001,nan,3030,3030,0,0,100,0.0,1,-326.49040661821186 503.29261353565903;-417.33120734531377 -513.4554486863547;30.240245321520888 -663.520106345524;322.3152416683556 -185.25103930878447;606.7790218215678 389.88874729902545;68.25991811785264 733.5136474437434;525.9393792318651 -525.440045774781;34.73506630158431 39.819692560164526;640.0722923686737 -178.68965508210317;-473.95643220634963 229.5278858636492;-49.857152019695604 365.2307704038799;302.8960038209714 467.7014447310846;-688.075645096531 -100.88317901313712;-187.6642080811339 -217.3198375225237
750,14,18,BBO,4.8322934528450716e+19,196054.92376825216,4.514300353100001,nan,3030,3030,0,0,100,0.0,1,235.16277601325123 3.59484234654542;-2.1804675541231973 -260.242903873197;-466.8588375092734 246.43785010881368;121.98257164096913 459.7593753229289;542.1114688648584 90.19874000510777;-680.0713900996627 -28.88824621455774;-133.94876710706137 165.70724076636407;-245.18192381891765 -676.2931973740423;-377.7093237919719 -166.0209470889273;-594.2632493946504 -444.96072959213075;371.91377405979097 638.5628057645479;-294.7375869464581 516.1235408100681;178.91970726249383 -647.1096345939446;589.3187719791238 -410.24584162098733
750,14,19,BBO,5.319524177929547e+21,197158.41521121832,4.514300353100001,nan,3030,3030,0,0,100,0.0,1,333.01514606386536 -194.64470126878928;415.6268014244265 345.7658343064911;736.7623255232222 118.76301780861593;-110.00761197321333 21.243340688269654;20.884368792269015 -334.48215294347165;12.44197018710156 384.2165686043445;243.5314547160532 607.8256956111802;573.1878114302051 -401.39794863641856;276.3394367409094 -539.0269520603946;-637.1862533539268 335.8898583051234;-433.8316234099372 -428.74961458510955;-590.2281951485176 -106.4751539897361;-398.6430848298985 588.9354927282607;-395.67375388440485 124.57366751312009
750,14,20,BBO,4982.842961955466,199449.44085630923,4.514300353100001,nan,3030,3030,0,0,100,0.0,1,607.0711627901576 -229.58163359183254;-249.11358819401318 -242.98782955567452;-227.37160224626712 688.8768571528112;-685.9007897813173 105.2817786431633;216.97995556184708 560.7075539519967;-558.2479947234202 -264.1537618948207;-18.245591029356547 226.09627407978644;448.07731946308763 -543.481979801417;710.626861763873 142.72834639243626;-507.54923874871355 440.3644124568634;116.46058641529021 -483.1645194479116;-272.2658909768209 -574.3508022820888;198.39246972122373 -112.25628883806348;398.89994180347935 197.915742622195
750,14,21,BBO,7726.468983513361,196705.81483475133,4.514300353100001,nan,3030,3030,0,0,100,0.0,1,25.83449888128075 164.27854685717136;-549.7545806295907 -328.5971172147541;478.8631885079624 -544.8836077334144;374.5289879547331 202.55413528513952;366.0546105428409 -241.63545908788382;-575.5342000275941 225.8790997634319;575.6803335983284 447.00568572976704;116.85636680829555 589.4686935435063;-263.94257618151147 29.821026319876296;55.865998049604855 -724.8119419323481;4.288069673557743 -195.63179926663554;-224.9400036261494 512.1170818591904;708.8850092760626 8.117677362401992;-199.80478795618762 -521.3187969683669
750,14,22,BBO,5990.756755410257,198441.52706285444,4.514300353100001,nan,3030,3030,0,0,100,0.0,1,-246.42144717590293 550.1936170635311;160.95424088661514 -720.2235666446084;-347.1605918407915 256.4360045601336;-568.0454960894888 484.34367279433263;-255.98758279033797 -595.3250175222059;-720.8985895546384 -163.46516521214335;409.1217707295268 -135.45353509450115;-430.47508554754296 -270.89852549943384;67.93295016855495 582.179329644546;-658.189412197789 167.6574609499006;267.23223357066786 244.37841470585818;676.9178627684944 165.22580368525416;-20.110099337154338 -159.8112213793936;580.667340420868 468.02632005997566
750,14,23,BBO,5312.6853015468805,199119.59851671782,4.514300353100001,nan,3030,3030,0,0,100,0.0,1,-411.49522031898914 517.9829314700371;547.2326245411409 302.0912138865292;110.0049434799929 329.61439891589384;304.7570808575181 -243.96963029034055;43.600205936344196 731.4139150965523;-250.08896569201926 -153.5792852897606;450.48509610562496 -574.0845888597531;-181.51823095320924 189.6222458955533;-8.111080145747906 -452.5539907062179;-672.0615519797292 -218.74605841880043;-347.35209539802196 -639.8615500245608;-589.0312841174493 173.9221840418778;332.62975420320504 549.8843927641183;667.4037383884104 -26.386825531905515
750,14,24,BBO,5921.734656158398,198510.5491621063,4.514300353100001,nan,3030,3030,0,0,100,0.0,1,-380.19392060124534 265.52942129204405;-156.90936653004212 -173.43718862158778;-93.82483665881807 724.7228772552774;290.0027772298206 685.04064696558;281.7069551816262 214.18985901016435;170.29870554297054 -412.4131774049248;-398.8537792398651 -400.87771525080586;-615.2397842258696 -172.77147942545662;508.70070369259065 432.07544733570126;625.2796041892707 76.15256343425017;-234.82065963839034 -665.0334584095133;-84.72408358218433 170.85449472488324;488.0213193177451 -212.41123066795092;-728.9460665052577 150.82198966263968
750,14,25,BBO,6432.730954599392,197999.5528636653,4.514300353100001,nan,3030,3030,0,0,100,0.0,1,-23.32475574721957 277.27632626410605;-595.552561619556 -170.29256379496428;182.42645916860067 -709.3197879412339;319.93981128977885 206.4090568315238;194.53978682038166 541.9213324778414;-486.31406584749334 -465.5119556736256;-305.9885697223599 3.0543837337396553;-519.1906974392753 422.8173325027001;520.6835880745184 450.8262184066027;-711.0453556041239 130.0106006718745;-83.0275205350249 -319.72614039147703;329.3496880627431 -227.65677565278588;468.74245558988423 -566.1348608409678;609.2439464385441 19.809428776776713
750,14,26,BBO,3589.2815172800038,200843.0023009847,4.514300353100001,nan,3030,3030,0,0,100,0.0,1,-127.3598569417411 164.2588033829029;285.5730035439542 -383.97010986154635;485.1770624903861 552.8155610627878;-345.01057518441417 -85.69792506386614;477.63121899544876 -90.7898085624546;-285.20637122252697 672.9323566357675;153.2771526778539 -34.1785846895624;-744.9385379305384 48.29324174509259;617.2194192600948 -403.4651516584313;214.44538219845322 705.434829624352;-497.79630362901685 -369.0764206685776;117.4511292392084 -647.900767849049;-357.261122563371 -646.5543269784084;706.5482140807881 240.48428734608672
750,14,27,BBO,4.804367168947034e+22,194413.09862072542,4.514300353100001,nan,3030,3030,0,0,100,0.0,1,-206.18061025060138 286.5541075837457;-11.746765313314995 682.6111748775195;-746.9515392512766 31.711427878457243;596.9074909096798 115.34454334673455;-493.5983134114366 -532.0453453753455;72.24559887878536 -563.6763298812734;214.9935628900845 -264.0457980776152;650.1869191555256 -247.98765195338547;413.6594854946668 430.51074058083304;-576.4212334508134 445.2066512640265;-42.041557512687405 -16.044943430361513;-508.3280350485276 -194.61344290880504;-204.77450054964606 -303.1521079971747;470.66033081518117 -470.7265549674359
750,14,28,BBO,8140.328115829674,196291.95570243502,4.514300353100001,nan,3030,3030,0,0,100,0.0,1,510.2831709868533 293.31757344411176;69.69284305142469 272.30068629188577;-520.9903217988256 496.3973915209933;226.9698469816651 700.4201590702025;-35.506029778348875 -690.5334259359224;-360.7689816908197 -296.94165413411804;460.013934973251 -45.40432200198302;563.2657031629756 -455.7811685668949;-202.53736001704317 537.524681914552;-544.1159235675698 76.71406898376017;-241.93490342347127 227.2715956269261;-10.088769542038676 -118.80212133424163;157.587734619539 -423.9110637931491;-661.1739660404266 -226.24098474012442
750,14,29,BBO,1.1589763871246444e+22,195338.76902694494,4.514300353100001,nan,3030,3030,0,0,100,0.0,1,-140.48252497888416 656.3374217572571;356.0458924270654 594.6364315026196;723.727521360749 -43.69448231787544;-301.7818727546576 -153.85696253572587;120.04970865173425 -414.2915176031829;-24.056483534762606 -31.264293377997433;327.17081015479107 -153.65901645892723;631.8839758066081 371.1658441274792;193.76389139184084 197.60118693857248;-450.2298300838759 -420.37503912948466;383.7996158332978 -615.7160086238089;-208.32699539607574 -595.4849088431332;-311.0299201000528 288.50263870483354;-576.1584488975749 51.227239475772876
750,14,30,BBO,2.8639997734555763e+22,196297.5148985588,4.514300353100001,nan,3030,3030,0,0,100,0.0,1,-9.73254772284713 203.36622498321492;-527.1916294992933 469.60344556431687;-312.84155567352377 -646.90224388937;190.95474269856447 631.2438238005998;512.7664521385464 435.1532907942599;-607.7618720186988 -406.566469580769;200.32230056790036 -214.71135952002317;502.21657360073914 -444.5200576939861;-79.49428286714442 -294.8879916116916;208.4494816211743 -580.2239379845853;-645.8686656510158 129.19181239845545;-200.7830306078596 498.7130803051109;391.618429925642 51.70679566862282;-379.6481835424228 -162.11974495312518
750,14,1,GWO,2.717892220621749e+24,189315.71952345097,4.467161996133332,nan,3030,3030,0,0,100,0.0,1,244.6876185227869 1.804688443843565;-289.7354623033034 -2.456574218856106;-521.6098199039247 27.357640016992303;-51.55990100782918 -16.47984933658306;-278.5878924084487 377.42437440481626;-750.0 -3.844266405288303;70.15777900539751 574.5024041725477;363.5570277997399 -420.46982737312595;532.5312948614363 116.86409249221147;623.8826395178556 -196.3503714652035;-24.842297013846167 -267.6326474334005;-4.565066995949286 -749.6835772331252;466.6534628995621 541.8593388417644;38.47065440681744 -506.38254339306496
750,14,2,GWO,1.2988524619892652e+19,193778.80066832743,4.467161996133332,nan,3030,3030,0,0,100,0.0,1,306.8937646044769 18.334988186883347;-633.3578011996398 358.9996336477005;-746.4330466362957 3.502813553163438;2.7133194770302773 -458.6405399944481;52.55745780320367 438.23980294998756;-2.0803190674509575 742.8490664954237;328.96815104209173 -465.18983997198967;-3.721114267954626 114.69209607653181;-518.7955101277258 -204.90193609301477;-290.44835938827134 1.2526290386999646;-383.23513868949766 -489.9888195208428;518.503485010286 318.99820153022006;-257.83839895238594 314.0326018716926;637.8395046970741 7.557552275447757
750,14,3,GWO,8418.977114587935,196013.30670367676,4.467161996133332,nan,3030,3030,0,0,100,0.0,1,433.9725835068468 598.6439794064727;113.42183367586021 695.9786944682479;-2.362468214324777 -346.88888492855614;-324.87579767843823 -4.953843572989084;-727.429012239314 -1.8576073165525895;310.86224553380583 301.74230975087545;-5.639121048437416 338.97292958406314;337.4805549344891 -22.135415719313897;-528.799475315946 302.34979726674896;628.08252540062 323.6301333788331;-12.062642412117915 -18.8688394112644;740.1595285835782 -0.5643968976221406;-274.10927345579313 642.5705190851467;201.77302776837527 -622.9531693435791
750,14,4,GWO,10377.949943023268,194054.33387524143,4.467161996133332,nan,3030,3030,0,0,100,0.0,1,160.8235605229389 -6.397359238608139;14.980903745462674 275.894083988633;-146.51866462374036 -38.45679338914158;420.7693724805725 183.93055222699186;-732.6977492029695 147.48968545534706;-432.0039719038413 310.3515432735674;-457.05770404502704 -0.10118135874182412;239.63286082942602 -309.4176634042153;-135.0896153388563 -689.2023682141363;-323.2697671570723 626.6230238473764;-69.37463357281983 -352.4643199755747;616.758711049407 -68.55906229692293;0.6086600030827083 671.4825496713021;172.15280500660273 -667.016985603043
750,14,5,GWO,6102.962181275303,198329.3216369894,4.467161996133332,nan,3030,3030,0,0,100,0.0,1,507.2182214817847 382.07702321648793;-594.7405035414804 317.78547240986995;-609.0586048759661 -315.2927899499651;24.488690542134616 556.5529215880608;-733.6724295260146 24.8685016730532;-0.32434348865623736 -468.1494838857629;328.2430373730381 19.997975000449646;1.7212340512283217 -100.90627147180568;-240.58315281185227 97.65198163182394;-393.0896088957154 -621.8421419925544;359.8547487899257 -606.870825007824;488.21710727918634 -279.40344622009593;-301.39117710367634 -228.87671872971478;674.2897217909689 1.8663654962249945
750,14,6,GWO,4.11099108246895e+22,193467.14954495823,4.467161996133332,nan,3030,3030,0,0,100,0.0,1,-332.9050770898851 485.2865670331991;-533.8294448690534 -410.58347959696584;31.839233842440123 435.6957591045832;-61.13827058412369 151.6509937684832;8.971024743247147 742.2238191787277;-374.7168011929768 21.8042832350264;15.275307128749665 -440.06950363934925;245.1267785462364 -5.845187586658672;453.3150644747225 -231.99065511027393;-15.83515623559469 -743.6741820817383;-658.0370882150413 -100.16451142539876;-40.8153119028077 -137.77875783798046;729.0113766378505 1.0841131938590969;332.85141360843215 -570.0735355528174
750,14,7,GWO,1.62240848900152e+23,194805.56658407734,4.467161996133332,nan,3030,3030,0,0,100,0.0,1,229.73986304756417 -23.030418551696375;124.48153037391546 -718.590098360547;742.2113807743168 -105.89009694273237;-50.006129384385 -19.563364337666822;-179.27509840849703 -643.0392585653613;251.6430089305096 293.93517158619323;462.04158489454795 -187.02519524768357;387.5763210307668 -525.3958163478331;-370.1880874860499 -91.61592750415979;188.89314627498769 678.8224353949876;-65.07150440286769 -342.80776503196967;-708.8126362911917 -3.8776156202587218;-54.1568506773217 481.0150650214232;-268.85225120668156 256.42148872923013
750,14,8,GWO,3.618121345879148e+22,189245.0206330956,4.467161996133332,nan,3030,3030,0,0,100,0.0,1,275.740550171433 -3.3068753162390503;605.6455725698415 -128.8342348146095;-145.69456706026924 -435.3189190099011;1.0596252970236546 750.0;-329.08836697276416 247.6682616318252;117.64431510171977 -617.9217203338275;353.6918257602635 627.5660727696963;-16.24043073303676 122.82096089584672;-167.60230764482264 -730.3169247348075;-7.089583071074803 434.80388635117225;-669.8415099946797 -1.0884245219359203;0.5001635376492354 -172.01794324135244;573.2740006075379 231.68255294451833;277.8343412309341 313.1881019346584
750,14,9,GWO,1.301090859180251e+20,195646.347621188,4.467161996133332,nan,3030,3030,0,0,100,0.0,1,50.00656742842947 -634.8564729080277;4.850392109970645 -223.3088348747185;-134.6695724065917 82.27376876536438;-743.0748656572929 -3.648872237607234;171.24403835015983 106.37864946883138;591.7422725845041 338.8029613832986;5.537907413736622 736.9433092597131;-266.1992382448827 -444.5519777226282;343.96818804167316 -239.12179877621733;-435.37055767709035 8.001203628697283;473.768871619414 45.8286073164295;680.2114178035682 -215.27537315094062;20.108319914149746 405.03172279492884;319.3647846018287 628.5602378061191
750,14,10,GWO,1.2825831157444578e+24,186065.6382159144,4.467161996133332,nan,3030,3030,0,0,100,0.0,1,-415.6157133403363 292.4697364586884;7.496755273795497 -486.1736973502198;-550.815033724897 -372.16994361516737;262.01347009306664 109.45682888083574;8.686588710261743 -226.52979176958127;746.7541870040841 -1.2299584098533367;298.71232969814946 -320.04097611286716;-375.0955460390285 -3.607740974031144;464.87653196109017 -60.51357402299275;-62.020829532191065 -746.2090508322062;0.23667606358639529 4.254956055718331;4.919762859136045 352.7651043140777;-696.4631818301929 -0.9279549528355028;-20.54789861971875 659.0287962417398
750,14,11,GWO,7545.787303917401,196886.4965143473,4.467161996133332,nan,3030,3030,0,0,100,0.0,1,378.2304372664864 310.9109408870011;-18.398925169206063 -370.16879309198157;-310.81390978925225 29.786716986837565;18.807489510680593 -43.74280507242337;-712.1058795027237 -10.816332249625953;350.60579195070363 -161.8721968516695;326.1677859356672 -593.8133583234192;38.2479659750062 305.6303104363631;4.443407662233857 -746.0458043359239;-7.791569382228373 742.8459584875418;-342.8721494028085 -521.1514174827449;-468.59652033685416 323.9921105186757;688.9342531521683 -34.26561689860308;-345.8582559948606 652.2972402681976
750,14,12,GWO,8.615868857358865e+23,192076.6003182559,4.467161996133332,nan,3030,3030,0,0,100,0.0,1,659.36083254795 -11.729042570426932;-10.0445064229184 666.8338883879836;-398.23936810386687 282.74630894800356;319.96872365594413 -136.2160843218767;-749.2529905507813 -30.937338614834115;337.2469945056568 -539.6023600016645;619.1359032243537 -349.6678064290566;-495.13436049708326 -82.16691804833054;-20.417284655933432 -307.3562116309349;-10.441000183603109 1.3606372457562685;331.9519015414669 396.16775678426967;-0.6547963726534173 -690.9741866049832;3.294142791291151 341.3884167989818;-258.62429328143435 16.983274344659794
750,14,13,GWO,9.709118821484681e+22,193485.88922648688,4.467161996133332,nan,3030,3030,0,0,100,0.0,1,510.0360213753918 -305.3009502735907;-339.4388850313198 -9.806443100013473;-90.39985661506842 -185.25923575940428;313.7955436145641 -594.9397951997179;-11.581883929986352 101.24179578020399;-310.3654671635099 401.7275250654355;-2.2398454581088973 -750.0;-661.6609882058475 -7.6810883282769895;206.76392166950325 -245.32608541750633;-454.76549700599827 -512.0330996042552;698.4426762914063 10.241941651290789;-4.013785433593301 -462.0922924862859;19.820663078347714 516.6590903608508;394.2778595707562 -7.011255036682232
750,14,14,GWO,9.227125770409708e+23,190599.89011315227,4.467161996133332,nan,3030,3030,0,0,100,0.0,1,386.96331686157305 548.828160059027;-246.97489748680076 -58.846490424011314;-406.3485362439599 -461.34423908765393;571.9326252474012 -320.0802724593409;-749.974930865494 3.2311774412928393;0.28668564063682467 -102.11988254139226;676.9344271585416 158.36459916030805;7.446777504286868 683.4914254053401;-502.00852621486575 -29.509842412676175;3.8141843741002908 -728.9667613195865;-40.009556497842986 -419.20396562173477;5.8076958544205075 288.48720169380863;311.6078845863752 218.32963053105098;322.8326589212364 -100.79777829141744
750,14,15,GWO,5625.331289384165,198806.95252888053,4.467161996133332,nan,3030,3030,0,0,100,0.0,1,-591.0396226722888 308.0626021287713;-377.7678926500011 2.4979281248478213;58.23597076174365 694.6207713104704;540.5773896108457 -449.09231126992944;-735.4730965590229 -0.34456290472674095;37.74924054609203 318.26639283002856;15.139505057733109 -11.484884848084354;-298.55031665507363 406.00066594805503;569.5615427456272 22.990729600178028;435.46543652318627 431.75728426258826;-598.3369032028806 -371.5831961655288;-6.220799270214794 -720.2561968314822;246.17055888744426 -249.21205186545035;-106.72115629528189 -317.9355316068647
750,14,16,GWO,1.1337661997045973e+24,193840.42359143592,4.467161996133332,nan,3030,3030,0,0,100,0.0,1,-251.9841841399275 36.66602585596433;-750.0 0.9631803857592259;7.673716259101113 543.0733256921668;132.53868775214224 217.91277349874449;-237.2210332254488 351.1861273427151;-3.7324387601558584 -719.8286145835297;432.8262348553322 451.73885070631565;-501.01297672525624 29.93603508218978;-1.7443426296044817 -347.3246456560303;261.16247843141883 -149.8833261533459;641.2368342737792 -279.39484701157056;722.8232512086162 21.28965607117334;-25.264477868617707 -43.51083143272268;429.1806565066519 114.10968249378409
750,14,17,GWO,3.4746668327147196e+22,187267.2636365119,4.467161996133332,nan,3030,3030,0,0,100,0.0,1,-2.96927202174984 145.70280805966766;684.7856861397631 -6.058012073313986;2.3909449587876197 749.7128731781936;272.4362634027637 13.606947006470108;333.8248882779035 582.2739555323088;-327.7043517931012 -19.39779142207854;0.040450195504563975 446.0851022558889;2.8842808087336853 -749.2346651955487;-691.7163283752708 0.6053540075345905;627.3639952644126 340.4472371512605;-25.99606271083212 -153.73210975830057;-396.6657698063645 -386.363612521318;277.7360303331877 -343.78092679127593;-7.621891357902271 -451.00134809415675
750,14,18,GWO,1.8138016631529224e+22,192614.17721377622,4.467161996133332,nan,3030,3030,0,0,100,0.0,1,474.01924142476673 135.44873579878416;-16.42141004558145 -306.332892526829;-249.5118581590621 -610.4984341208165;749.6697810634851 8.455119026605113;-84.13041255192213 0.6480339056336994;212.918679749606 -15.854962635490788;-272.51777038429753 390.5865471207774;-706.7250382181827 151.72244935941313;-380.7799687451672 -319.3245444250851;-417.18230321913387 5.9771337019853235;-0.3148256168218058 737.155003042235;347.34625153638467 -542.7031494057093;25.93694252480356 330.1889983187168;73.26236810172016 -695.7657566129186
750,14,19,GWO,9105.18103033636,195327.10278792834,4.467161996133332,nan,3030,3030,0,0,100,0.0,1,259.8177443788716 -530.9042114834289;138.61625833862612 -46.32075745151502;734.9790512677873 -1.2902843225960465;160.787124330164 315.6962193948518;442.3066271056237 105.55698569181904;-440.8715238345283 422.8777666823267;546.3491869528531 473.31494232028234;-55.42339233309838 -420.56126149045514;-594.9496662695302 110.32293552481457;-155.22705831656742 194.27253877079843;-2.3315294278691674 -725.9575133380998;-224.35348055367808 -156.64839833891668;-703.4803103579067 -211.76422911143527;-6.799016782882987 667.9380341697344
750,14,20,GWO,5898.481401902856,198533.80241636184,4.467161996133332,nan,3030,3030,0,0,100,0.0,1,-316.87551518294504 -629.5155921680237;326.83789636746155 128.65460738179965;-664.3219766714377 -344.2044862442149;298.8866762868333 597.4050056047996;2.042924965219377 -31.029586602798133;-248.6381818082685 676.3901666481909;-147.47012562212777 -330.87038061289894;699.4119243022215 -25.56475708742626;3.9470172923622076 385.5226509478376;-4.109393305659285 -705.345037646035;-315.1193357912443 198.05538377488733;-537.9027345856654 512.8429808590612;-556.3900081885068 -22.258246664824682;194.2984383837643 -288.86063229645475
750,14,21,GWO,5.1094129841717426e+23,192827.72945541953,4.467161996133332,nan,3030,3030,0,0,100,0.0,1,-401.0425549601194 13.314710112519307;750.0 1.3477389271055416;-5.403968844550192 749.9250083742318;322.6257192934552 665.6792884384947;129.283461406766 -703.5216730250245;-381.96519948828063 421.95189638990195;-490.09144975466614 -387.1869883633863;2.791949667571389 204.53562310867213;568.170096742503 344.0759347105888;475.53818554916944 -396.5582598212559;-1.1583942498692206 471.6622764243816;462.0513839513246 9.984367973047512;-106.18650682232185 -71.77811566315164;180.1364346555093 -3.754778561340838
750,14,22,GWO,8880.40166463569,195551.882153629,4.467161996133332,nan,3030,3030,0,0,100,0.0,1,349.389857183469 -629.6226030709104;-317.8920293316238 1.3621549573314053;-4.5905031579742195 293.4459008070619;677.1280192740314 17.391624071529908;-493.1458001782889 303.27278191223996;308.38311157551055 -215.99475265484764;356.502684105242 233.25582880771046;33.64641282514569 -39.96238557985871;605.8131182419032 -383.8293444007813;-0.32046395157122193 -702.5175577132383;-90.9228532809708 -348.9916820642649;135.99107675679068 657.7726152721026;-704.5403502086701 -0.18252339893319566;-512.6042866624753 -368.8200580550237
750,14,23,GWO,9882.901505479065,194549.38231278563,4.467161996133332,nan,3030,3030,0,0,100,0.0,1,-0.9077849855482656 744.3088302685719;-189.7284850555216 -568.5141274394006;524.9973036648598 297.1385621102144;150.9146064535474 -708.5955141509967;60.66136685647819 -355.5290641783293;350.9545676056605 -3.9104914740447296;-720.6342324636495 -36.7395903159493;-338.4843187648412 -244.0890907011436;524.3857681224662 -481.50452148570906;18.80682488855575 6.647932902436984;-571.8042504657784 375.30395268283456;-14.13785091782333 389.3965533166718;728.9071485253975 2.576891673420402;-309.1479138696693 125.10878958531116
750,14,24,GWO,1.9689478216461136e+23,187576.41615069972,4.467161996133332,nan,3030,3030,0,0,100,0.0,1,-293.4008897808547 312.57017575300375;-3.163246357424919 -391.27136510466426;15.613510521213383 184.00197429272114;-686.6094540720119 16.868670106033118;16.353339988420927 465.77228332185365;313.80650491857523 0.19029357241776457;-68.99705184451166 -84.65111703047236;4.34491909408852 -707.7361024630482;598.7333399147523 -134.97074080917523;-369.05746243394174 -31.380960042539808;314.3829698583267 -516.7366944306775;-2.5310483084852193 750.0;-358.9740439139861 -372.26526263880413;306.33760898572314 350.87775160042605
750,14,25,GWO,1.1553483968089737e+23,191405.53885943047,4.467161996133332,nan,3030,3030,0,0,100,0.0,1,-750.0 -0.049485140841258955;495.6411256684346 -211.67308890413554;349.0963332635335 65.34332258613567;59.58170712714183 -746.5417675974669;-185.1968440934663 -224.15950634045672;679.89551249253 34.623951175663386;-53.10687623377547 -476.30130462033793;48.38885292281833 -22.390462287707635;4.163828855981676 706.9016629363142;397.40801577673716 536.9213541015957;-233.3087320680835 65.71314258062735;-481.19184313498255 -143.28337331411163;450.949512499069 -547.2350244883822;-4.072800420796248 313.04474188918215
750,14,26,GWO,9.184045254034272e+23,192141.43358280958,4.467161996133332,nan,3030,3030,0,0,100,0.0,1,-749.9080567043438 5.9961290390776485;-586.1264482660453 334.29938483181337;6.359059723696852 -690.8309356164706;747.9545712128943 3.0513901952690823;-249.51139709152184 -12.505062298910468;-265.50065384358464 -316.39064663620707;608.0469160682627 -260.5886325576028;-41.98126366035128 602.1839714345251;193.7385917679454 257.2946507252405;334.8039210169677 -20.43340724605396;36.136025173189914 -325.7159929709941;-494.71742553391664 30.456740683488206;337.06387167204815 -448.9412188381241;4.362374466479653 1.8092919952216218
750,14,27,GWO,8.405126546729407e+23,193067.3416130429,4.467161996133332,nan,3030,3030,0,0,100,0.0,1,-750.0 1.9168709674195015;-281.1051425744211 386.53476032951977;-12.62475609181839 669.5748757138764;-0.2552342883249026 -336.2542233345078;-624.1530979794751 310.3222953433247;549.9636608099246 -301.0642945093976;28.247850624532063 358.4077330844228;740.2530926516989 -6.940070308271988;-21.039712267166106 -720.989808071412;-493.70962031159434 3.9304671237835103;-299.85267948593804 -402.19638484110095;-3.7644829926220282 51.817825376368624;447.5786567707083 131.59354970870186;-242.6642460180392 -36.6747099898094
750,14,28,GWO,6391.429937230976,198040.85388103372,4.467161996133332,nan,3030,3030,0,0,100,0.0,1,-357.10464690431974 382.72266556225003;114.28593458256994 360.1006995206433;-116.05543269501 111.73595123159465;0.2478760977003518 -179.73431554198842;379.43619053315416 -339.5832072448217;-279.94457158614523 -444.2283975020553;-744.0898037481458 -1.2280169267335939;298.53099378806286 7.834551625175334;-424.7509255357614 0.9112338601863184;699.748866360309 5.175838546887571;515.9023638847824 440.72750322771054;-556.1185311477014 -281.3221225880449;48.93523726918861 -640.0794315157506;-3.5208676846941285 678.9689779953596
750,14,29,GWO,1.0397159897506067e+24,190227.971147896,4.467161996133332,nan,3030,3030,0,0,100,0.0,1,-2.93984163747513 -749.620138804817;-346.2830328272689 -394.96610031275594;-679.3674766284943 -168.87497402873794;719.0458266274997 -149.17024980219472;521.560090998939 101.47114410028746;346.2322783678448 484.18692355159055;-41.67672699789528 -260.3709103758013;-208.03628429891828 684.5049554111405;13.879679347298406 -501.153843931741;342.51171495491695 -458.66415507095513;15.2984308649897 329.0673249611087;-383.3148099314507 98.66977347812109;260.0707367164773 -63.33022318917843;-43.96790732930106 -9.061029301157552
750,14,30,GWO,5462.108398611308,198970.1754196534,4.467161996133332,nan,3030,3030,0,0,100,0.0,1,391.8512031342002 -303.53854554208874;-321.240282979069 307.09811623584164;-15.048436923818294 -315.45973693850755;-646.8365296302214 -3.9027139557266817;28.092878396873203 283.6238067923287;142.65365371785563 -17.636959583979003;736.8537262133254 -0.08442197177293058;-7.680657242994133 720.9402707693697;2.8094661506273213 -724.9028221288231;323.48963902235477 551.6011116987265;324.072286067987 -635.9495908794198;588.0363830625794 325.53139479341417;-408.3891930076361 -438.8194833805967;-209.53876351592407 -0.8157705697838061
750,14,1,LXSSA,8861.46170993417,195570.82210833053,6.368852214366666,nan,6030,6030,0,0,100,0.0,1,337.2186905206739 -630.4664634760019;677.360173171964 229.41169241558538;-333.88818975268987 -664.8134772049866;-292.23989996523215 602.7453793205176;-536.9445173875648 414.27702047985196;-478.11972882727696 7.469809997083416;587.5905454218403 -431.72152604883615;-291.56736148521117 -347.5889025943516;143.9324082189915 245.6393139842259;-10.847149694836647 -474.45151367734377;442.5718593609449 -34.76992769001643;419.8400666749525 399.9540907908583;19.981345530316528 536.5398227049849;-79.5929400943025 25.64562762146128
750,14,2,LXSSA,5.6308535529971095e+22,193176.19896608405,6.368852214366666,nan,6030,6030,0,0,100,0.0,1,581.3244779837944 275.6572982660176;465.59186098627725 -201.3884269007288;-647.598751580596 377.894279579857;184.92083514730882 -333.3584333885254;313.90054887756577 546.7836982835983;-16.7597841223996 -569.9141077301905;-453.20232704363985 -315.2828137501428;-71.53425256621756 -188.43517772975432;295.87651650598553 75.40006498343634;-728.4825068563354 -174.0401447667839;-291.83729034495406 16.273934867134212;-346.3726911805911 360.9954463030559;-5.274244567717683 523.0829410567841;-578.6854484475891 87.95126821308642
750,14,3,LXSSA,6241.963031289226,198190.32078697547,6.368852214366666,nan,6030,6030,0,0,100,0.0,1,-469.36100332766466 -411.60098082749437;-632.47637886421 247.03036873170396;269.66958418433853 -33.6258641095913;102.0715057310532 -685.3503115257729;-160.12744499769144 -522.4174543472411;-605.4766295796428 -133.54670214030085;570.6324718076495 -106.0215742672689;717.2551292359111 200.79012644867333;-38.86438950486016 -224.37285342966342;164.49965803976298 555.8105774061759;34.942482276875914 184.71380627868896;247.86398708795437 -371.5508799742327;418.5746700048737 380.9469745796157;-337.596236732606 351.9617260895703
750,14,4,LXSSA,7644.611146050127,196787.67267221457,6.368852214366666,nan,6030,6030,0,0,100,0.0,1,-579.9074226962854 228.50232266139946;21.79215056899394 250.5739622902779;188.8521055600996 568.6295384272411;-573.9895534588618 -456.6457199964104;629.733161992438 182.97481489330804;481.59308299307276 460.0261347738129;-465.01194617455866 -67.98588400656055;322.0640419400328 168.65798837025326;325.35180677212446 -670.6922112610201;-149.17556054307224 -6.931998340014552;586.8985393859084 -134.96950056039086;556.5308357291042 -453.62930744965894;257.87191774297094 -187.11473653879338;-259.4271227506857 -307.3406730626489
750,14,5,LXSSA,9.565223490250276e+20,195534.63941114864,6.368852214366666,nan,6030,6030,0,0,100,0.0,1,68.71746848400292 566.8659082754539;-195.81109563677668 723.8046950045208;-543.938609506759 287.59916940834154;-200.88828051659004 401.0423638737655;233.62941621565923 308.861013220292;-469.0319642544879 -436.60387060039466;-167.57350313058976 -84.48439850433864;-683.740144875237 -215.10046366323706;685.8312698454397 -96.54162184648132;406.12939312743686 32.288389574320796;397.7477196383383 -615.6530467152814;593.0693533561309 281.56474364213454;-468.40062254888016 585.1361725090773;369.17363557823364 631.5845738780356
750,14,6,LXSSA,7461.777163777297,196970.5066544874,6.368852214366666,nan,6030,6030,0,0,100,0.0,1,268.0250751276818 -282.27169001670626;264.7758117126917 -651.9264116556593;453.28427130239294 -22.015396186893216;122.96362257211919 538.3128286033786;-725.7084128508076 -160.9129144518089;148.39901792974305 24.756931759859885;735.3758038167515 -147.38443257422452;-382.4854501402493 615.4199189061931;-438.1409510465913 -49.97217058772594;-87.5472844625074 -546.5239261444995;592.7725471371807 -432.32975736935987;-133.22512555996013 -108.67260347017191;482.7071462280592 558.3736711769793;330.04074518584406 275.1190699202552
750,14,7,LXSSA,7087.4508189116605,197344.83299935304,6.368852214366666,nan,6030,6030,0,0,100,0.0,1,-312.43815733182487 -111.72150705241236;-480.5943549766728 340.57174355578536;-314.28485976091844 674.5280173036122;582.8868024302755 120.40068155107306;273.7259087813721 -639.9894020692708;562.9418816134764 472.00048049750615;-31.868975392121026 -735.3917598519129;250.76367171246923 185.8220361430664;-61.2425242051139 473.66544528802336;-653.3669226815732 -367.1316078665902;-717.1904692824014 6.891176041654286;-163.7004625125136 183.00223990667868;245.22620596741666 582.8405144870227;397.91906005257096 -299.50276884641164
750,14,8,LXSSA,5517.893362498144,198914.39045576655,6.368852214366666,nan,6030,6030,0,0,100,0.0,1,47.75954394434836 -598.7613157229367;-443.14842869648584 -570.0336503594825;-153.20025249998315 75.0816842717332;-666.9714120012104 -326.4025431400105;270.514201714764 170.5833042754755;608.3251971679126 -354.9380950691749;62.560207791549814 409.059703342948;345.8605098270416 -516.4192658985871;-526.6789197742459 73.49799306599195;-94.00084107119874 693.2339269490851;683.2648041519452 -31.101301664127217;376.9989224309715 -132.6579550524714;-352.15755422565206 333.9721008811694;-228.61693675024773 -290.680392850616
750,14,9,LXSSA,9810.909384776925,194621.37443348777,6.368852214366666,nan,6030,6030,0,0,100,0.0,1,223.97226899275518 78.61638035479524;560.1441799692822 342.4875757176951;-114.03785608335876 564.5965865279414;103.47744192413928 -628.084996267934;-725.1405910325525 -43.91557164791958;711.0495575164765 37.20155824035699;-125.30654775988316 -403.8981824982378;381.79419122459547 -440.0338039536282;142.11469109286287 -221.20414715093207;449.2635914444447 -132.52546394128765;-543.8223749720912 312.08027097505044;-422.8343504564859 23.82875319157776;-73.88142087504598 238.97844712276316;-134.96505138463652 -85.70094135383947
750,14,10,LXSSA,11535.2178844031,192897.0659338616,6.368852214366666,nan,6030,6030,0,0,100,0.0,1,-354.96553345331034 208.61496429622593;290.50471750410793 690.9131154285113;-402.02813283242665 -110.10984982951366;-43.59285879167383 245.65003528640085;563.5566853947618 459.3662941812105;-741.6784343683482 -55.43618671685139;198.62177447059548 -494.8402308197757;233.24718154736806 380.80702689559286;-156.45248775604156 717.961898769342;255.21981011235835 48.83398145409159;-649.9452747468823 -365.34622006137556;-47.97244987775194 -77.25532124083527;603.926094721189 -352.2608818324722;-446.0838996698331 599.2365867664136
750,14,11,LXSSA,6332.080598389497,198100.2032198752,6.368852214366666,nan,6030,6030,0,0,100,0.0,1,-632.2231512506364 22.94904552803167;-81.56104607824804 443.7088657257255;-182.90521043155735 87.9634032314708;-199.1904050049172 -323.82991815002737;662.3417221269272 134.67087918904429;88.06798500960514 -78.19695528066482;-390.07290266573443 455.60178021743127;234.87274378298065 -363.46363883915484;374.67921017805446 -649.7038477462685;566.7547653966514 -372.52089098339036;38.1638443307897 737.8835484896877;354.68839400973894 78.93459903515486;221.76728764015712 374.1544958821856;420.436835436652 611.7932766386115
750,14,12,LXSSA,6391.741178541764,198040.54263972293,6.368852214366666,nan,6030,6030,0,0,100,0.0,1,318.0506152071158 95.2860545950448;-587.0884533155382 -465.477134813134;-608.3610427118085 177.14900510686158;-100.81483414134 658.0500535119062;632.708814813966 134.94195790368448;-285.27970648902084 -356.1027656755601;358.2203731130226 -513.3551787029186;363.4194009579245 576.9280130303079;604.1954219948037 -269.4287509245293;71.69193810709066 312.79847808274667;178.20941192178492 -247.85868580704047;-6.491034098013977 -528.0852641851208;-37.364025697910826 11.17834107238212;-268.1778997337394 290.3470615652699
750,14,13,LXSSA,7496.159341442952,196936.12447682174,6.368852214366666,nan,6030,6030,0,0,100,0.0,1,-429.20376784864095 -463.7392961285646;-129.14263600078328 -561.3019547873118;206.53500183222957 145.75128127160684;-734.1209386953999 -94.71785569170208;-710.2359383778787 235.98367963314297;30.037983280100054 566.1386972028904;-126.17474258661923 71.55823708896477;-372.5526967273625 -144.3760899069874;-402.7899701086223 211.03539694128602;566.3479930179385 344.8579418618415;-473.14125225489 518.6088097348922;494.633161509079 -451.08317247248635;180.34865629234528 -463.602448789158;52.692177478255324 -182.60793355046928
750,14,14,LXSSA,9677.237981789425,194755.04583647527,6.368852214366666,nan,6030,6030,0,0,100,0.0,1,677.1750591079193 246.54257908613195;300.2501965866825 -481.3666191794281;605.3623008573579 -439.2837787690849;-243.7840748053687 -419.8163901187266;-416.67955055856964 294.4569716736364;58.94836833460441 -680.8749082596958;-207.2096345319122 715.7781128648594;372.7182770543408 142.01087912628066;-52.802387089527585 280.53580895183387;121.6659074905336 536.9397115952747;64.45270733628493 -275.3038964850414;-119.49780895925844 -24.253724706912376;363.5895212922578 -178.26926720589012;-442.27506320252076 -63.136059560738914
750,14,15,LXSSA,6841.63103253505,197590.65278572965,6.368852214366666,nan,6030,6030,0,0,100,0.0,1,-519.8196330843044 -391.9048562077409;-119.65441564514202 244.55516001748143;308.6735712477998 -560.5030467664027;720.9792665911946 49.016572890005705;177.14397184085507 -52.227829898944464;404.04673884989785 201.31599927777955;-162.53002617119776 673.8767133504583;458.18067417997224 -245.9692973483676;142.6028274997543 427.25395436950083;-518.4451921739217 423.5144551820552;-203.35289724271414 -355.1345067648005;-699.4682404598485 -90.20571170890736;-372.63503051056375 22.090309796259767;430.1723096998366 585.5629646838615
750,14,16,LXSSA,12046.740920124488,192385.5428981402,6.368852214366666,nan,6030,6030,0,0,100,0.0,1,727.0720827222941 49.52771458126356;363.4260598479477 -510.02145181557376;304.4206778965141 308.075092509151;-248.87385435765864 529.3873009256421;-482.178514289692 -237.12181664973545;-4.229942695349188 331.68556552911593;235.89487805237977 654.4453725057747;-260.7826057529894 79.6042174342674;-169.31096694928212 -217.76110989807347;-535.8011226737075 278.81398965670843;-112.84991861195684 -532.9279665785573;460.7685260074731 -119.1793883586616;55.35618367224102 20.38398739247267;182.34738039043617 -260.87381961498767
750,14,17,LXSSA,12795.925118211831,191636.35870005286,6.368852214366666,nan,6030,6030,0,0,100,0.0,1,-8.46324525154072 -511.5706354991717;476.69755560349853 102.31763206316933;205.3552372775561 571.3395280740449;258.0325454112815 -696.9324669530183;551.1456363652134 -224.6009113952613;-169.00451887176376 480.9052306111411;278.79208696222173 -379.1568747145437;218.68647405861586 -73.60701023133653;-391.16135152774154 128.86985738460197;-68.55640109451342 -192.530489528722;512.4112706588497 547.2128426338663;180.9287982695786 237.7668276199606;-679.8780615197907 -124.81647928104194;-518.8924610509002 438.7349773439276
750,14,18,LXSSA,8592.047834503494,195840.2359837612,6.368852214366666,nan,6030,6030,0,0,100,0.0,1,-16.37975990254913 296.99702542408664;-346.4178208352074 159.06927988579525;-398.12050191656044 -150.57656995029274;-248.23353054456473 509.90962050096897;73.36363823055301 -578.7732889500769;71.73477894710928 690.3490619749842;-720.497358467067 -173.87470857663166;203.8572931931465 -114.0674824472113;455.01002477144806 520.0890986602866;-601.1609044230028 434.2300148354753;-141.17277595450992 -350.2468145072645;-671.1117596078594 133.18870944138212;-90.78589691906929 -13.007464410105516;666.756324475269 121.22712961892033
750,14,19,LXSSA,5472.363528764137,198959.92028950056,6.368852214366666,nan,6030,6030,0,0,100,0.0,1,542.0805898514482 127.52618309963687;-437.9989860590053 -516.217116157213;259.8876720541177 693.8541829379261;-703.6626689628627 112.17221492571038;115.45281921318195 -307.8430442311689;-186.2924516156036 268.55042828692245;406.167226114107 411.3580008400335;-490.09965659444305 337.80934287046455;121.27653072808383 290.97799918673263;-168.3967270298013 634.9968860006583;-168.19524521524508 -141.86712789211055;509.96240128619326 -300.815035950616;230.8765980329118 -14.718979308240893;-177.98901454346685 -719.9405795130863
750,14,20,LXSSA,7560.584664596972,196871.69915366772,6.368852214366666,nan,6030,6030,0,0,100,0.0,1,-147.72835057799276 -460.1983369538644;141.9366925232856 -137.9177911583436;505.5078453284566 489.52209145212163;-689.6200855349862 37.26101719150506;-237.43172364634935 266.8655197255739;180.6617217295504 432.8427482342061;-113.12140163473173 604.3821596075657;697.3740330868408 -184.68162525756603;380.75302511793336 127.37662660381045;-629.6846629623925 -288.1640909572691;-176.62576378910182 -91.02274631741223;-440.37206108717737 569.5257537003224;167.29117333811172 -506.0607448371487;-426.29797981117144 -592.7038005846044
750,14,21,LXSSA,9.57835560118218e+22,195622.96326677845,6.368852214366666,nan,6030,6030,0,0,100,0.0,1,445.12104114196353 -110.13726157794707;-485.8409088064819 -209.00983439124286;-249.9579487525006 -34.788393441893426;-22.304764254217705 -523.5912920064699;397.28454615809227 574.9952527936225;-746.0920317851178 -76.32445811315384;356.79916060176623 -402.8000755746053;-572.4024952100044 -484.40432823362954;153.71990835251322 -3.4157289976911938;-307.15195822919316 -636.0066804318913;-66.07171041283758 205.65167233943657;663.8932775807433 -330.0671263294809;267.8359376366108 -690.5357611152557;-528.9291960687187 139.32862181788082
750,14,22,LXSSA,1.980918416043622e+23,193325.90387516495,6.368852214366666,nan,6030,6030,0,0,100,0.0,1,92.77006515819349 75.08336681763615;-385.3175555143576 381.9017199679152;-324.07206322180105 676.2674624605195;-198.47622990553674 150.3394044164634;455.73649123501485 -476.78346431543457;550.1123528409731 -168.3968169984567;-128.84324104579386 -137.20986470499506;644.6479129355882 301.89654476086764;-237.42031257255786 -387.5102387192822;372.31321063555146 151.52040729745912;-474.3310012522032 -573.0751701760757;127.70052259331715 -645.61172503767;-506.11148532519405 -208.32051871524595;-598.6988427596403 122.38120956866199
750,14,23,LXSSA,7060.863205166243,197371.42061309845,6.368852214366666,nan,6030,6030,0,0,100,0.0,1,-481.05246692660154 -487.84416546594514;-132.32192433490135 -579.7120732047778;205.2274838404462 -583.4981957808006;-211.29185512832103 74.5864861006278;425.337060360382 41.910196028668956;-331.1662952025972 409.06777301584077;75.49726265671006 203.24050257470037;-8.450780339413836 -266.8266826268252;237.083235091623 695.502266698161;-314.0281390662838 -217.29700409702016;-643.9571901024563 343.24660103260544;302.83212089528996 -270.3711328865579;-178.94697369957748 695.5903430967934;-535.1555886355393 10.127167343658163
750,14,24,LXSSA,9299.432284749608,195132.8515335151,6.368852214366666,nan,6030,6030,0,0,100,0.0,1,-378.6909339951509 -181.27315150256754;-494.8896173166946 -498.2260081542098;28.26528793263561 311.025401273327;-81.01560181957052 -374.69855286200567;65.8093327121947 -86.78531080679356;659.141591268694 -343.2291417832987;306.9654747116823 614.0339025604916;638.0072382939809 100.217612603912;331.8727156608462 206.24473871066945;-214.03753861567137 549.6646599349035;130.05350247773256 -736.6432939649025;-353.69638974954074 259.4347304111323;390.55594469331476 -119.03461139155041;313.8869617493029 -429.39745847036164
750,14,25,LXSSA,9.324005009946909e+21,193896.69476068727,6.368852214366666,nan,6030,6030,0,0,100,0.0,1,-147.40189842898923 -395.5336597014611;205.0676677582925 93.0562797002654;520.6054752304395 83.15585802059994;211.09814194301396 395.2341555663833;-409.03377360056766 176.6320825531704;-283.2022812141519 -692.8644317872739;-429.80396528907534 572.1948552412914;-480.67254053201157 -147.9111754294908;229.4799182689146 -478.53404178281454;339.8227493687934 668.496088023497;700.4510717251401 -247.73114569462396;321.5104214932779 -187.95727210191438;-26.38186235651446 -110.09796549753192;-500.5468626430006 -457.69594708789856
750,14,26,LXSSA,14955.167971467134,189477.11584679756,6.368852214366666,nan,6030,6030,0,0,100,0.0,1,-484.29672269915744 550.9199274022471;-218.24958961578898 -38.74100962780646;-23.448713296898333 599.2185165661544;-485.0461821144318 198.97343977766482;283.5802123307424 635.0039579518008;592.21973878683 330.64226983200433;-215.67784580917018 357.29448456266465;664.8492708112749 3.7505236780959845;118.94193449935682 -212.1603846595306;-409.49425771614324 -591.243930904505;480.22211799372553 -253.12379141869323;56.56728067630164 100.32713498372505;284.9369020754363 307.867320602372;-413.8005970737745 -277.72613037959513
750,14,27,LXSSA,4.474530147920311e+21,190032.61544177245,6.368852214366666,nan,6030,6030,0,0,100,0.0,1,100.92528181388924 -422.29225947535303;-538.5817433907732 387.44842919770366;417.22646693857064 342.10496428125265;-386.08995286337444 -188.66199688294355;710.0040528645288 231.00894862852385;-358.3938384545263 119.93168286812536;607.9074384040294 -66.882931478217;39.66257966689527 -123.31040484449423;-201.06889858495012 -673.1200558484452;357.60804371412564 -239.5366264060218;383.16769823717857 643.7007289037884;-95.21222623507248 297.1479777923206;289.32450054977016 61.347121180670044;633.3365773764602 -374.21199284027955
750,14,28,LXSSA,5763.433708031429,198668.85011023327,6.368852214366666,nan,6030,6030,0,0,100,0.0,1,140.05615735930536 -695.9172303478898;-221.51013781418843 -616.855374190602;-424.493496659972 112.53740228202467;-185.00495834242923 -251.0423626066079;14.17088691653702 652.4476922782251;164.82705602165595 266.0017740542521;536.2970410026675 462.7308794491615;-168.71948983440853 327.2952687527331;-567.1705710806855 411.6715088642593;444.8778719258417 -590.7843756483306;145.71269152932805 -85.6667395409655;-321.5196646493704 666.4115625172811;-558.9601347777955 -169.66574570523832;597.7203833627234 -138.31791232716688
750,14,29,LXSSA,5.170077551566667e+23,192323.2308082017,6.368852214366666,nan,6030,6030,0,0,100,0.0,1,22.265298729830995 -262.25979735799274;-131.3292027813443 89.03952361111587;297.64000974022923 -178.07667970111797;-145.42947879299422 -474.53947104507586;129.97085051211394 -589.004441807762;-299.28050589617345 -227.0995100185707;457.2970408598131 84.54395209988353;281.23245303906424 317.5046241124549;662.2730436005536 -351.98533196376275;395.61336812139353 -465.4328001884507;-399.1321390396469 -624.653958411187;-411.11531837531925 271.19235012889226;-115.58200303741557 -740.7665622733127;119.04635161921806 592.80253499434
750,14,30,LXSSA,6964.0315915331885,197468.2522267315,6.368852214366666,nan,6030,6030,0,0,100,0.0,1,529.2387932834699 461.0156799109631;746.2293304211576 28.93957853522665;-513.9943977132475 513.5351345179085;-290.5880675077577 -354.69757259290316;-57.84050652886497 -593.8332877774266;185.87216867086946 316.59487718564566;10.745603185894987 -262.5107748809197;-197.8923737784054 657.6555688054922;-702.5041636125388 244.12589671862878;-389.5333775083906 219.54162910381274;673.286597346732 -276.5883238856447;213.98019734818044 -28.02468130852231;457.1142634784415 -536.477855079274;-486.29943741019684 -97.43484569685675
750,14,1,PF,3.890077998689308e+20,189455.8872372053,4.189299197933334,nan,3030,3030,0,0,100,0.0,1,158.52631496184478 58.552455501534105;-314.31140454522364 244.6678414163461;-582.5064106238938 -177.42300014695354;-657.6562365876867 166.9032764056474;-533.5302204610244 458.20014983376586;535.574801285307 -210.3978190227751;194.90506172868626 403.8253369280751;530.6311120798717 162.7300084015048;-250.6172079018636 -60.18339432353493;72.13747465420316 741.8395478583626;-72.86057181050964 -653.1257842351159;-201.18195898517772 -372.34690515344937;-190.92372788214516 556.8131135236391;-529.2782944241011 -509.8190288460729
750,14,2,PF,3.275718829564987e+20,195202.61534673505,4.189299197933334,nan,3030,3030,0,0,100,0.0,1,113.26327625049086 644.262983137037;519.6003527157703 -449.6258336535166;-229.6117812365794 -240.61462869060645;332.6498436275422 262.2421830041026;-552.2445226778716 381.0213218572463;159.68536076800874 -692.4438294300717;-444.86699560288383 -575.4438376254274;694.1998508889616 218.46984548215107;506.0033987462061 536.7893456308376;-266.46328755275573 264.7011816927354;35.13074007905075 348.20946200555727;-224.37152966910304 635.7613543167682;304.929202056827 -105.09002275823688;18.32310500711461 28.140584009382337
750,14,3,PF,6017.768415658269,198414.51540260643,4.189299197933334,nan,3030,3030,0,0,100,0.0,1,103.23122133092215 -282.5499597664964;285.82569946811924 -663.5000941869114;576.1090085070293 -467.631460855584;317.72786705870226 142.34344749864;-29.258498998222745 615.4030456744188;-387.87198960216654 -563.8524254260071;-341.12384507933785 578.5946643815299;-43.610670182855806 -8.749460223672433;-284.3022031237757 255.74164922913045;472.870408633512 -174.15999349015254;-634.5060422522529 -341.12548960077515;292.34102875332275 621.9316934953584;710.529209442825 41.40516494629098;580.8267841533509 327.99927202125326
750,14,4,PF,8414.039225924818,196018.24459233988,4.189299197933334,nan,3030,3030,0,0,100,0.0,1,-696.4092444145106 198.30428809244594;-124.25038912705247 739.4864575264381;-543.0384983046683 -438.5040181518455;117.42729616899892 -601.8180629232302;606.9468906089884 -162.59488153641004;-224.67646201283148 171.69997182337667;330.42219464234336 173.14188791732755;-3.190961213653507 387.01224899260825;437.8791152990396 -476.9065852820461;-416.8931699415014 561.893697787573;-464.32552926285456 -39.08355277420662;37.77512097891972 -221.8212745315929;-266.77997366103847 -282.73095179871933;221.28795926611892 613.4999178921954
750,14,5,PF,7998.298063519673,196433.98575474502,4.189299197933334,nan,3030,3030,0,0,100,0.0,1,-625.9478127143138 -364.5458438808752;179.54799272944828 -487.3959297055209;476.1712059006849 472.7226280522008;-288.84907491164336 -287.74643324791435;703.6456452311945 243.77406411171472;277.7505849836612 189.9050739398381;-120.00741219228833 24.051765376520176;-738.0875200583248 93.48043079328801;-189.83474148381654 -607.8705611367445;501.6475082624618 -529.2145740846986;174.52731013734046 -103.42535862437727;-434.2614258899643 19.420404303715237;-24.58679121417724 607.783113993916;672.0526088725597 -80.067696335298
750,14,6,PF,15370.608704251557,189061.67511401314,4.189299197933334,nan,3030,3030,0,0,100,0.0,1,570.1624665055894 -337.2604242954326;672.5766010130155 230.74898370681365;311.3580448100102 -533.3868178889516;221.05068718950204 -236.9453597802653;-268.5206921664986 380.49362917763733;-361.81566721480505 -286.7123997178961;480.5964876898054 -40.103314504491564;-142.86414554019478 -22.488733611281827;-74.43359858676305 -644.9466373903791;372.69968225059694 312.6269707688172;73.66091836737239 461.8309375323248;382.91950002450096 625.8983239016978;-441.5859382911624 67.50901859791863;158.74696690809387 64.706185277877
750,14,7,PF,1.3455929099658829e+23,195426.3638981554,4.189299197933334,nan,3030,3030,0,0,100,0.0,1,459.59980785344936 -397.4099087089807;-171.14002342170028 113.43653462250653;-135.75203388393575 660.4739122510657;-270.055921474853 402.4997861409617;58.03591350755151 -617.0011414689938;662.5893421264446 237.1607454416832;38.345605473981706 346.31528383744836;185.98526714040287 -308.7594754942325;-366.091537328025 -162.96318598487153;441.4027141091878 542.351032872987;-582.9177866672686 399.492144662411;-580.0579558716191 78.43082788506628;-695.7133006305509 -236.91936501098465;-61.69337019857211 -171.129032808541
750,14,8,PF,2.575350082271927e+22,191674.65043707122,4.189299197933334,nan,3030,3030,0,0,100,0.0,1,-38.39017968416374 731.910376949628;-345.13384030004767 -201.77795520000487;530.4018262960449 -224.86790307510793;-299.251239066369 104.42360168910267;-62.99695656624839 -94.77163764734013;249.00745526360438 230.7897507778336;144.31846052478014 -692.1408769166277;457.53586492591154 460.370703527121;366.68417870596386 -491.8988568913646;-134.027736878755 -455.36378629281404;-45.71143376141862 301.88471429838506;-444.3421956012308 -512.0972933198182;-330.039514464576 402.9814285638794;239.2036576209218 -131.74809811350792
750,14,9,PF,4.305246146116879e+22,190976.42610928032,4.189299197933334,nan,3030,3030,0,0,100,0.0,1,-314.2316669053518 -330.10124513845034;184.1085158697 -42.19069684192354;152.74873370671534 547.4860290711486;-653.8698455956167 -330.3242321911157;-21.10629129167457 -281.33159668777455;-135.64178395875842 51.885975329716764;-115.70728529076554 341.511609797005;389.2491368317354 -299.1670959255244;-166.80281292333115 669.1104845710291;356.61718930922 215.98443972242828;-403.85217007689783 468.2097035665824;482.7914198325761 505.76090414120983;-433.1786309425425 155.3368902243103;79.64502625412375 -594.7631351707472
750,14,10,PF,8148.197274629085,196284.0865436356,4.189299197933334,nan,3030,3030,0,0,100,0.0,1,-408.07908212819893 -173.35755225527836;55.434535676105504 339.7527732278888;-536.3775723836886 -516.9122272675733;499.5840145159548 -528.8382387134416;350.26041757789113 489.427433640129;21.548797811342453 -17.763033613172738;-740.7092300953567 -78.180938756599;-146.4524104569169 -728.016756542036;-171.27270592108013 -371.0097756180179;349.5420589567885 -241.67366195499426;-638.5845987577583 348.956868964987;-193.74145254434208 532.8649866075666;462.1270878690251 169.7605325729042;-248.0201224866964 198.68301731687419
750,14,11,PF,2.1807916028534788e+22,195421.54868860194,4.189299197933334,nan,3030,3030,0,0,100,0.0,1,725.1745798725375 -172.08720900098086;268.32318590647003 -211.79334242948178;550.4432651685455 467.28722615316667;-12.224128095313088 678.0533503046211;33.53395555099768 -685.2279267181932;-371.5657249795065 -213.94042187121838;282.2495435519293 623.222713492351;-549.0845930218926 392.0670760362894;99.89023243013997 384.6672700285393;-695.945306963397 131.9774129129166;304.34045271284134 -538.3746010821674;-238.73520620142003 372.4407622453942;-118.21672615922718 30.070413451051778;255.8381516840872 110.05458896932778
750,14,12,PF,2.1008392038738294e+21,192846.7814188704,4.189299197933334,nan,3030,3030,0,0,100,0.0,1,112.84751001407358 -693.0931805576873;320.5993501106899 395.2179799863429;199.9309596560734 -358.269924887258;-111.02661821160359 -305.4849512071824;71.38150494183043 -48.467482747522766;-191.3930674110136 -612.6328380045511;-86.46749912931234 229.25969604910856;654.0328055723363 143.61999106507702;392.46536860278695 -119.03056339838574;-429.83593765520624 135.7932456450921;-47.676266126225386 535.4436717078233;-359.46139769343984 497.3349514733461;525.1954597839539 -429.73656164094825;-389.34541287301136 -165.0012562229041
750,14,13,PF,7096.754146596009,197335.5296716687,4.189299197933334,nan,3030,3030,0,0,100,0.0,1,-482.3840373368854 447.77855579902985;-31.1103886166766 -597.890442509723;108.44924323081725 667.32334920104;-236.51857350406308 155.9540854904797;-183.39939764914766 -293.3411808857114;-394.93061529226475 -625.6963839126498;-691.4548021810548 167.31549205818803;-651.405955427507 -329.56700972103476;687.7276545055009 -80.07053947581562;447.6725705883151 -388.54917489632015;178.54297951378587 250.17595338684418;94.42959575029656 -115.63499855483134;-132.10038311576213 453.72958610782507;410.36948648167237 491.5746744851024
750,14,14,PF,5667.35717914658,198764.92663911812,4.189299197933334,nan,3030,3030,0,0,100,0.0,1,353.11540686781126 37.3850813585408;-25.138932636959677 -132.49282031340627;-277.2579484553323 155.9645200959934;294.16471283085104 -288.9313218082765;560.1136390037708 -482.16269978664525;136.00903183777567 260.1760998790658;-318.13416451865413 -404.8250994059082;619.2136217176019 -146.50624758777224;-695.0588736265082 -237.12669906033852;265.2816090770845 660.7893945015894;-207.33700973621785 -695.3249701758596;-548.9382708677724 355.132109370217;161.7365653664584 -617.1957965187286;-52.568980093669616 548.6737315313901
750,14,15,PF,10699.955477164156,193732.32834110054,4.189299197933334,nan,3030,3030,0,0,100,0.0,1,-155.09997212704195 704.2446418514457;227.723753799442 521.2403551560899;163.86866822051937 -441.71124706569435;137.05098806497128 -76.36084154572298;-694.1661529100683 276.8331464479021;-341.3264177983306 -294.8192530556346;-365.9761657690871 12.32174242098685;366.1503135769086 200.02228233790777;-664.0536189164907 -79.3346748409289;606.5943735014237 -146.13617583199596;572.256251649034 482.59680180419184;-46.447510425862845 318.7262123497516;-360.8381739379619 344.72305431098414;-228.2770735382364 -605.1917616652679
750,14,16,PF,3.2375695863459455e+22,194855.87731546324,4.189299197933334,nan,3030,3030,0,0,100,0.0,1,-568.6082075734265 441.79107761859024;-268.51705015721825 -671.9087201482735;-714.1098719184528 44.49655559895504;-575.0953230165177 -467.08758404741025;203.91074618235268 -595.6945526614428;550.2222337883794 -332.78213852260114;-392.19509066428145 53.867764356414604;-319.7678487075282 -266.5089858367098;679.440992512996 278.1438560060721;251.74375891556377 398.2471619841034;350.87631813777585 -105.4773365899462;711.2944555124885 -72.64737574263795;-76.0257955131854 -452.8546561732299;-162.57554490087432 252.80520961330217
750,14,17,PF,2.3862902228388287e+23,193788.6397233259,4.189299197933334,nan,3030,3030,0,0,100,0.0,1,159.1621374277622 -23.60984047189234;358.0343918806613 238.00990379925645;660.7940070143928 -263.44926959396764;479.44782362043173 -48.432890444389976;693.2424103499479 174.52731471177555;-233.07016159778573 -434.9581522227063;161.74311059092042 -318.52137140651473;418.71229669530703 586.3395888659925;80.00298922683972 501.6301869146028;-431.51673785775387 587.2528536531985;-129.8878783696997 116.38760444132045;-410.2849913825903 209.3813830203541;-198.7184196433909 434.85478094550575;-4.8804805738389145 -641.710476882236
750,14,18,PF,6543.542398849473,197888.74141941522,4.189299197933334,nan,3030,3030,0,0,100,0.0,1,-668.4623729853123 -121.37067668555083;246.50194716510327 615.5569437332633;398.36498218524133 -605.5527616158691;-173.79283754946653 611.1997304958179;-309.94341560313393 -667.100574952156;532.2731851323795 139.4432228950237;24.689715743749396 -730.5386753444641;55.63327027357532 -170.2483165974078;372.9488475045056 -285.0032549521933;-294.67039697779427 -157.0660629410724;-591.9386681015687 305.5684109430364;26.803148934289055 223.5180936848356;-558.7366819897273 -455.90594935358655;718.6607648543276 -200.5741967867539
750,14,19,PF,4.453616636818274e+20,195400.75844293754,4.189299197933334,nan,3030,3030,0,0,100,0.0,1,-167.52438879560304 -361.02689617455565;255.54459610790988 704.0413397326962;13.043668293975525 -644.0517301875033;-421.5088994206532 -551.6623063430438;282.27029785760055 -391.93990894711493;514.1000157100049 511.9900152285773;-185.94730056777533 659.7458570929085;195.86150249464916 -81.29202684747554;-675.4885983670137 298.0775688158515;-383.9773440725698 390.7579921499119;593.4398955601847 -386.10317311510266;87.9314727638449 443.50184480645873;541.415581457581 188.2869488153428;-307.6250470428668 22.87300358868285
750,14,20,PF,7675.43871379015,196756.84510447455,4.189299197933334,nan,3030,3030,0,0,100,0.0,1,-574.5961985243889 283.15946713644684;-115.13930974359188 -724.647541086587;-249.92901864330722 -425.6615450753076;19.43314798488221 105.36552393013382;302.23271920646073 -495.10349880150494;647.8205991741441 -367.3143049539709;-196.17218864219382 437.21050393094225;-409.6954659346318 -0.3288039023606486;358.7188846856379 252.29098507857856;30.199459467603887 -297.12664679647764;-716.7701395134621 -29.738999586654067;367.59951821284983 -124.63103644855536;97.79444130686063 535.9601611052066;429.82506920786284 563.8446697447162
750,14,21,PF,1.2661638671869212e+23,195788.6034038233,4.189299197933334,nan,3030,3030,0,0,100,0.0,1,471.7922867951787 -381.80914511963783;-422.24266500830214 -349.1389058731346;-613.9335050709408 349.03839035116715;262.8287205705497 166.015260712118;713.3451066852609 -211.77139786656792;-8.41075839906226 268.89844228618676;144.97139504209431 694.9959949988385;-211.4965211486025 655.9260732651136;80.14143985642625 -521.3062391471258;480.5167009240435 -31.92887586690308;-285.0070321857528 370.67406038187414;-684.4965867225936 56.51046749053498;-230.057907879059 -619.4685604741189;-190.60618708234463 20.658860540639612
750,14,22,PF,7680.727641313802,196751.5561769509,4.189299197933334,nan,3030,3030,0,0,100,0.0,1,-54.932564272721194 49.18070066752307;362.34815658471257 547.7543836465567;-737.0193999120411 -130.44546329062007;75.97419437237049 676.7199678462954;-144.98122176205356 -642.9134047883126;295.2030138321435 -484.6019723867094;-457.28352053664395 -462.4628330114943;5.979834764951278 -313.69024917252915;-691.6710471018517 182.67132986213034;-295.90376613854124 681.2156269078093;-189.07437861653472 358.1125492031088;304.38356625350144 -110.18464608021044;-492.4295624253177 422.8752682124901;506.8140073449473 157.95535456490364
750,14,23,PF,6.783115185364365e+24,191355.20754185523,4.189299197933334,nan,3030,3030,0,0,100,0.0,1,-323.97109339649006 -326.04507086675676;601.4356005157417 -213.44008837588297;-503.21909213785824 -552.3609822147653;-552.0515490319237 401.9350429260369;101.32884835974104 -377.127260219647;325.13136895832173 415.7453030198227;-229.73561552130798 144.43845321297925;8.853261303840696 286.6789082095029;-545.018148157351 -9.532994119518094;257.1072761164096 -576.7367619608824;-274.72728375940324 73.56046136361783;58.381217924184455 -87.46532680505706;460.4735501031663 178.87965714748418;-715.6044135313566 98.62329895254959
750,14,24,PF,8488.459907731187,195943.8239105335,4.189299197933334,nan,3030,3030,0,0,100,0.0,1,-503.37063968103996 -487.0433161982836;-224.81817156549377 -628.5379353548926;-669.2088599621977 230.5745258221167;596.2138519244364 -368.18426801875535;-179.32438496818324 -321.32099109122885;256.6719877275809 -394.13155858954906;70.58555453729701 -130.0865754469506;360.3501224139 63.407134642699184;722.4520597611626 -33.29538811732307;-666.4610269708475 -206.23306674411776;87.14289983867867 -682.6969580712273;-349.47100374135175 419.87409790353206;-32.05124574239423 324.05228159165097;3.6224858876606216 706.5250415718716
750,14,25,PF,14206.163961167651,190226.11985709704,4.189299197933334,nan,3030,3030,0,0,100,0.0,1,-281.4176247120104 669.2084139716362;366.51160259637516 639.9240589831857;-271.776053831301 -473.5147274151573;629.5707868818322 185.9745884885959;-584.0240067676675 36.75163363640529;397.8152456177474 -51.58243876290929;42.58993014711462 -123.95286534696874;122.79919551812452 -574.4548323717195;-299.72200909769816 -160.76298788062851;561.2842835137402 -393.9879080938476;285.7410734399582 341.1359426020719;37.71178839307329 551.4378564217891;-4.487551731191504 216.75467541241818;-323.1134828812883 269.7489340797857
750,14,26,PF,1.1173681785591541e+22,196787.13982369617,4.189299197933334,nan,3030,3030,0,0,100,0.0,1,457.07389165926355 140.20513835356704;507.6956717508021 -487.6166899985279;122.25749321448419 104.25121055484878;128.62841827351986 402.57404158775034;-251.93713018818497 -231.39995840088824;-233.68738136157776 136.74947284388875;223.8715433668865 697.729116019382;252.35031942871024 -260.8352333781668;123.91411471247413 -682.8929712219299;748.0739866123961 39.95463809259614;-614.4002402113101 125.90036747868245;611.5251790649236 401.58251593227726;-169.13113275482254 560.2409301631733;-491.3118931951104 -451.89372881579993
750,14,27,PF,6894.855371227895,197537.4284470368,4.189299197933334,nan,3030,3030,0,0,100,0.0,1,657.0912852211669 -243.32059596803873;-77.76213094535211 -74.90275749905975;195.544233714946 276.7717910147371;-200.00345242706305 256.0240930669155;-6.698742368139792 -741.6285818041181;392.21754423294186 -588.2727926336086;331.51718815378865 631.4277745619221;-553.7297566720313 284.3295622606182;52.2394167301193 -419.761097963235;-611.6363499553981 -317.05096157298004;-10.17699332448305 579.1417995680431;630.4299966696847 200.83938118292548;-261.14151291812055 -495.66318912578805;322.1366992842118 -129.55120594027863
750,14,28,PF,7179.907627866516,197252.37619039818,4.189299197933334,nan,3030,3030,0,0,100,0.0,1,-691.143515776699 10.652966460966194;-210.97677873203716 -556.6240179392573;-398.108981945157 -98.16088868616498;-417.0531554631246 275.72549682468076;489.366998671296 543.9340204160156;621.8769779837957 -125.05513420090008;207.82126266531267 -203.8609536996023;142.5243056080905 385.8408735290791;-38.88960224086524 725.7682045003028;-39.417177463144775 -16.506369961428362;327.05521213833225 85.16580113235355;-530.7109241318037 -433.59280005629853;655.7470563976311 247.07600848741325;228.30139626662455 -563.9875373528585
750,14,29,PF,7901.953968879301,196530.3298493854,4.189299197933334,nan,3030,3030,0,0,100,0.0,1,-312.70263447262244 -200.55881393568316;308.6678791646953 666.700855417011;-23.57186992189211 668.4645332311351;-104.17522174211054 -604.2248273683913;632.4244788153798 -365.0340164856712;-456.50425271870733 -489.7650281427636;-266.32988481388054 415.37616764834706;75.67070526792577 371.3244817520947;550.7170581787925 382.3949421865268;330.0173996210424 -82.89296651813515;0.48087635608493384 64.43581917857367;219.61703591487495 -635.6772058631994;671.2417391072498 52.52804213852149;-500.9184510109102 66.80473231935602
750,14,30,PF,9.040847106475922e+22,194515.89968479663,4.189299197933334,nan,3030,3030,0,0,100,0.0,1,153.88582143732026 712.9249857176044;-475.61848205293484 160.3199814903683;-730.6073283901892 -1.9903181156319576;-616.7553040547102 -401.7479153922165;415.53118391490034 117.98035610136596;-135.27985679006747 112.86557640945529;-309.66222883842937 -607.1318466035664;42.154939190373554 -145.28982086101422;-296.13391144435326 397.45126193993485;-251.5239101695212 688.5604068822388;652.8129192611137 -333.0281023391115;-349.07571543707843 -152.7466726994235;324.59508503542145 -179.37373364031177;144.62675439955234 409.9651090356165
1000,14,1,BBO,2065.9490392266307,202366.33477903806,4.231278574400002,nan,3030,3030,0,0,100,0.0,1,212.960869134826 924.5789317751301;-351.1413969595832 -389.50800492486917;386.06513178015643 -701.8705852714828;511.62014229121314 -313.2546643229473;-197.79016754250495 -821.6477935180171;-147.00224152580165 103.90555218298664;211.21867683080518 -970.1594410633758;677.0900148880182 725.369643718399;-878.9513364707568 -128.18285295797932;-698.1804828875147 -545.5804551304999;920.1194867614004 -219.50265171938702;-417.3753830885529 531.4258289291295;-538.6867146311424 -829.1218678085008;679.4355733275615 -602.7102172315351
1000,14,2,BBO,1821.1282308333903,202611.1555874313,4.231278574400002,nan,3030,3030,0,0,100,0.0,1,223.12691744837684 -765.8994787929321;-793.3105229661267 -481.5772905911841;-969.8781156877272 70.0939140124658;299.66564244156325 590.609184141575;-217.40916235485395 515.9741454190491;621.2134243258408 600.3823431732924;-210.52260613272722 -523.1060396290377;629.2913092727729 -457.51963692366894;-530.8587864224102 667.2926144368168;857.9866758941191 -101.65534839979307;-705.7600765957914 355.64002815973754;-539.0951842043401 -145.73729278979818;60.665544607217726 -266.3631502025563;-349.9609101866132 929.3173939676419
1000,14,3,BBO,1804.425015334913,202627.85880292978,4.231278574400002,nan,3030,3030,0,0,100,0.0,1,-761.120382846522 642.5082363478857;-364.44259996459016 -799.5600667209069;326.95074321592983 772.3628173226894;-684.8692118950228 -684.7663786524663;109.56022472740824 337.7005299833313;-185.04316378114277 -341.0159183853641;-906.2145466987237 152.7101794255011;899.9766189721518 -328.9888865242647;687.150859233923 -686.897560086989;-407.9430092687011 806.3235271573642;642.4809809228532 618.8555933872635;-65.32505885654439 969.7500612040642;330.4380088722726 -239.51248560395436;-509.2528381728858 -334.5653395717727
1000,14,4,BBO,1658.6678854729398,202773.61593279176,4.231278574400002,nan,3030,3030,0,0,100,0.0,1,-569.472328201029 153.25505957492942;537.0787053588451 335.9881685561377;-570.8872405226992 -703.049354994205;-959.2828001246396 -87.0069241514733;-395.70569016253535 -189.22266460883066;782.8781666799557 -547.6186775316714;440.4545936367915 -563.736562713411;134.02424169923893 -974.7840215957242;-708.7193048126179 593.8357081838446;151.61564818169336 607.0298379906164;760.8358845647269 646.8689394971352;-118.15669604043694 907.9366848351183;-160.64558810246933 80.42025717212505;940.8176557984359 329.5672521328347
1000,14,5,BBO,1821.7642502946255,202610.51956797007,4.231278574400002,nan,3030,3030,0,0,100,0.0,1,-200.39451012200198 -314.51106725941713;-217.79751491726347 951.5627607765646;-466.3019551863323 -14.282847355155468;872.1085996466534 -418.90117928656707;-885.9134772257357 142.49881862682878;-12.686256283576768 352.6117929875204;-468.9919519715529 -856.0334229853793;171.32702956850062 -129.78559176261024;-647.6682835632898 -384.44671980476255;893.6474029574172 367.19505761451114;-54.46503327984772 -698.332051820191;-598.0799800208476 380.2276053620203;378.4408640855238 -873.7729059797497;409.2764567715351 441.8775877820585
1000,14,6,BBO,1637.3193387265492,202794.96447953815,4.231278574400002,nan,3030,3030,0,0,100,0.0,1,-762.4756745845721 153.33336471507323;-495.5799900812032 844.4760924568473;610.145297293363 470.88400092633105;795.9782252109592 -102.27895424170481;-308.854729294088 513.4931306026524;152.08369534455846 -908.3920427318305;925.6537453667811 314.9141236931214;463.49707484881196 62.14780918331553;466.6114441946554 852.2222964048835;-296.65936132531704 -663.3036269895078;-86.54530654141195 37.7394785462061;184.95157899190576 -367.7442241879936;-918.7779085009489 -211.34953873228585;196.25616209880673 674.300916731537
1000,14,7,BBO,2212.8848159445333,202219.39900232016,4.231278574400002,nan,3030,3030,0,0,100,0.0,1,411.9908212301507 -725.8202001286447;964.8055989589493 -6.969528152414227;-547.1977149039009 -711.2143122437058;123.50265123307736 343.9441740588736;-878.4118786404675 -125.38670390825098;483.300969903481 74.64007347386155;-33.38239027633642 839.2158927734308;619.7225358771764 501.0199420863016;-18.112284441200472 -254.47432461126687;-291.11705735557655 471.8304054626142;844.1132009204316 -370.00837788072374;-185.67448051188148 -838.6218562348566;-655.7231074949086 504.3418422113318;276.71369630610684 661.0156297981114
1000,14,8,BBO,1356.9882442158123,203075.29557404888,4.231278574400002,nan,3030,3030,0,0,100,0.0,1,-900.4163655502209 219.05747673013207;-704.2651578237986 -480.24103329209527;386.80785358345247 920.3396771810012;-514.959901237507 201.81148615419988;-189.32920973117734 -913.6940916445477;378.0359899056341 -14.556279217970996;97.28736231685502 -747.3793251374354;975.351633676351 65.7476354598532;-146.41526337847392 824.2015057016215;699.9044950848215 -643.1449991211491;-406.01640027053304 -107.84467475378801;-693.4594550156198 663.1795584705533;149.85408942216054 413.59198315903495;718.2203061967614 649.1584629293764
1000,14,9,BBO,1618.6552739729814,202813.6285442917,4.231278574400002,nan,3030,3030,0,0,100,0.0,1,-388.06575844181816 -884.9274423397209;645.4922155240761 -443.14436075634785;312.80341560682155 898.7062610760129;-796.7520364450555 292.2073736954994;-474.6749028190436 846.8460889852809;-831.6638810242493 -535.729518571758;227.70125802611665 1.4440368385044167;230.8367130400968 -837.884255095793;-92.07406980248777 -541.7159778825173;-961.5312134106526 -230.0157608700231;925.878663278964 374.2412237130129;-226.7920053722048 -89.67632584147634;-79.67931992383774 425.86452779438036;-496.81995801395897 -557.8443858755277
1000,14,10,BBO,2047.9747152240598,202384.30910304064,4.231278574400002,nan,3030,3030,0,0,100,0.0,1,-715.6345059116863 234.43581777453824;669.4012999665913 -465.23824887366857;646.6185263161587 637.1380847537014;-370.93590925042633 221.66630071822487;-945.1789946787345 -283.29885822785013;-386.8508769055836 -574.463009559383;384.4147425310289 271.14840547592553;108.92945157304689 108.61585438349584;381.41379627898255 -884.1663108050197;911.4919081325206 17.399889708926025;-531.2258788335605 -233.58304023633264;-275.36429408560866 -903.3428784462783;-510.61070605012304 619.6707092241438;-91.26581334250886 870.1681669863649
1000,14,11,BBO,1860.57952251393,202571.70429575077,4.231278574400002,nan,3030,3030,0,0,100,0.0,1,-900.2826509563378 -200.34114705182242;314.77687869162355 -494.98948896712045;-635.0966253586805 95.4914685206802;524.5159220828114 252.03399705603238;928.4645294518753 117.28354465110124;-802.8559827594324 568.5316817155078;-178.3883526290697 87.72458550474562;762.263701895417 -209.65617950094213;-5.95866963517949 550.6830283149955;518.5969646074932 -764.1694380328044;-340.2279582454835 -376.2781392694676;-321.0295446182263 514.8937836059984;151.62400489570996 -835.4280216106678;392.0882753315909 650.7914154676337
1000,14,12,BBO,2291.27747292642,202141.00634533828,4.231278574400002,nan,3030,3030,0,0,100,0.0,1,-445.45498062897866 225.22771070609065;448.6666757457417 -882.0675196628558;680.4120616968203 -90.14982388179351;480.18554501217614 463.4951894142175;-294.3505866534779 634.8052809656422;-896.980186326291 144.11628885536925;911.4990776931941 355.4429216845522;-693.1221901143529 -121.35878048764926;25.96169241714938 573.0151417753482;-548.9877994386316 -597.15068110533;-220.70080698612446 -553.165002910051;-713.7473268217823 563.6051149081941;233.20922884747165 -155.03669617646437;-19.98712736599657 -937.2761089328603
1000,14,13,BBO,1646.1650769762928,202786.1187412884,4.231278574400002,nan,3030,3030,0,0,100,0.0,1,876.2810947728162 -356.26376341574553;-267.61316323700714 898.119060363309;-785.9412030069873 -328.46196705592547;243.20367122867628 928.6341184694936;94.01558740989412 1.6366004310897324;-275.53208735467695 -544.0859187955853;279.253003922237 -643.6268542897526;-429.3790241582951 -233.31646003541323;-601.2341018653942 -757.9829111717045;640.2073689395602 103.66341729373494;-965.0375228440693 168.41999838547827;886.7967244651263 456.89002318516486;-50.09973701664467 -969.6406673910157;-592.8077330859207 84.46392524499902
1000,14,14,BBO,1383.7068668860302,203048.57695137867,4.231278574400002,nan,3030,3030,0,0,100,0.0,1,-27.626618850639147 -986.2470321167689;468.2636760563382 -231.84642516764063;-529.4683559387834 -835.9744472418897;787.0668802673729 353.9806844174541;-788.4376851854585 599.7448068400022;-56.9375697220662 664.5984896684474;-297.4351409831229 -99.28087642607909;225.82781439859082 -462.3938367594336;-971.3253834831128 97.82614297209398;-790.2689250082673 -298.7662468449157;-532.3405952825948 186.30825457922992;975.7416831971814 -140.5312532531999;229.42720087763087 388.4556075586495;676.1013673510922 44.658108516751554
1000,14,15,BBO,2013.9985116354364,202418.28530662926,4.231278574400002,nan,3030,3030,0,0,100,0.0,1,107.97544845714697 -399.50541122041216;-926.8592570549982 -183.39897282081915;-286.99677080527874 902.019514829951;-9.299354743233607 -760.2368759856928;604.0182162447807 490.0695789301724;-748.6058375662806 -591.9040081014053;-188.09370201881666 -159.8699226313613;-343.8331030840362 -933.2997886589499;198.0277357596117 910.9237662384719;440.68588294409915 21.81126709072157;849.4394553592715 177.18507494388632;-534.5379449637137 569.4484201457794;-599.8468493826683 -293.30295688943636;621.9002498009811 -575.7014131119904
1000,14,16,BBO,2011.793371528649,202420.49044673605,4.231278574400002,nan,3030,3030,0,0,100,0.0,1,218.88396861192723 -452.2570198208167;-102.39719420622157 196.61464595012194;525.7983286579852 -70.68275063962597;917.3584287602011 -43.52508914467592;742.9432322214991 412.7494716948743;-77.56737637315393 -986.89324693265;248.55475916811588 620.7518606484416;432.40313615531386 -855.3459556314824;574.4136192223741 797.2320536202014;-917.0475815991728 -358.2098200247086;-69.39664694227463 987.6495886665421;-416.08487570361285 397.65877234050913;-471.8357364080315 -616.4311858100493;-747.5834407350865 102.87819386329375
1000,14,17,BBO,1859.2160309824685,202573.06778728223,4.231278574400002,nan,3030,3030,0,0,100,0.0,1,454.83506255892485 873.9055899288317;-349.7615586241054 -47.28199749262467;-807.8891326678286 396.2373661860281;887.8488324136579 -16.028389861381356;-664.0836700430339 107.50709781211299;598.9003281860382 -427.9335810786979;-94.6736704860491 -746.6929396495268;-288.4331059539045 859.4671228705786;-976.2590530252979 -192.72912704156056;56.7366513772663 931.4749634296018;674.2106792057409 612.5932739913771;27.79436885882069 -351.045239821054;-416.99982678120296 -781.5442178584321;450.7783067391465 -736.5783859380474
1000,14,18,BBO,2416.766887992504,202015.5169302722,4.231278574400002,nan,3030,3030,0,0,100,0.0,1,276.0157707452008 645.8914476389004;-511.94039769042223 187.62889410862704;-743.9191978367554 667.4725330075978;874.5499398334621 246.3833948280817;-213.23720468916974 890.7774184676041;-330.23682100432563 525.7359079269638;238.1699069007543 -400.1802299061301;-142.80352597137153 -877.0541411212843;493.0176623764744 -761.8434343402139;-870.198777074495 257.0335369570337;672.2541393692734 716.3248558137009;627.8406016120027 -372.6127934962849;-294.745381623065 -455.44121584394065;-131.72846289946176 -13.370718658125725
1000,14,19,BBO,1729.233567444462,202703.05025082023,4.231278574400002,nan,3030,3030,0,0,100,0.0,1,-315.48648147026427 830.810783428567;-690.9310724157369 704.5021747691646;831.8127360397339 -30.8256937945481;956.6657495763493 259.6644495803546;74.67297810935952 195.72119185534916;-411.47415056426405 60.598910222568065;84.20336301118596 -748.7818531730882;-775.1634788218382 -188.40662130188207;-923.7754951797667 329.9294871241025;611.508902592336 667.0208957806803;293.92982243628603 -421.88021100232606;-501.75186950184303 -768.2079530198431;291.79622345382086 431.1950653410004;573.0220559905772 -727.8340392847205
1000,14,20,BBO,2030.073311107466,202402.21050715723,4.231278574400002,nan,3030,3030,0,0,100,0.0,1,215.52233184996703 400.86581623339134;-133.624462579716 -610.545439322379;476.0527993591693 869.1150583125923;658.7364148694771 495.8412414589043;-642.4006704135172 -569.096531562941;863.297858705326 -265.56445141333506;101.48880336880688 755.5826871535837;421.3342761945089 -176.76680394268215;-218.07040105610804 884.1526296006543;68.36318283846049 -898.2373544896134;-434.1773089968774 -894.7719839673666;-701.4426553377435 471.3470748839752;671.6592877287428 -685.2049219446044;-916.3924437909907 -328.62229366426527
1000,14,21,BBO,1952.3374340062146,202479.94638425848,4.231278574400002,nan,3030,3030,0,0,100,0.0,1,-470.07907639529446 823.1456257064888;912.0539740129379 156.21943019428;-148.9379250869314 -305.64710162550784;-302.12381936552424 238.77915938849083;334.4434607271605 106.85536447979871;-594.6284944551121 -775.9851836691731;683.8289131697409 -363.31606960898785;-846.0889181051201 -470.1060733621325;134.26183274745563 874.0426431457936;685.9644667378966 519.3571948859305;-863.161120516559 452.5975298246867;75.19955478417842 -718.3302572733419;559.5588557483923 -749.4531074339363;-686.0000838620832 60.230385493151516
1000,14,22,BBO,1804.0696677240776,202628.21415054062,4.231278574400002,nan,3030,3030,0,0,100,0.0,1,914.9348697677528 394.33733586739686;360.3437852239729 -70.97849551545664;801.9577964640289 -471.4545300716388;-36.447781870327276 948.2349769907019;-678.1215087890475 734.7230555020626;-393.1252012986332 39.11743184581701;598.3082306795466 296.0121326824001;-740.7955293214305 -583.1505822031418;353.9935803763765 883.7349232629258;584.6172486487053 -789.4246034438796;-948.7888710320642 203.54527546854547;123.05543335165635 -991.654163834578;-149.97179767495572 -803.2833403385093;-689.6671829370357 -56.18510705712333
1000,14,23,BBO,2077.187534701865,202355.09628356283,4.231278574400002,nan,3030,3030,0,0,100,0.0,1,-887.0889808018696 89.34330671985458;455.79812378215297 -790.0801903642111;331.7516149194703 663.0401691369766;625.9075292032187 -452.8272517682028;661.5742482487581 325.30074756920703;-145.74765448620997 849.3139243688463;-496.33157647836356 -222.67770463088584;7.339109784371999 510.761467375439;933.9359339345488 -22.502727915137257;-645.5050458571948 762.1720417966089;-121.04670689939837 -918.8161052776649;-624.3963695004124 -570.9154136425849;-290.8868980855277 -639.4394228982359;9.984999925158945 -533.2838245408877
1000,14,24,BBO,2195.761740417802,202236.5220778469,4.231278574400002,nan,3030,3030,0,0,100,0.0,1,-588.7273251561651 -737.6745524873043;119.70471972960877 777.8353660315863;-362.5133291337785 -246.42341598379164;-326.57170348761144 512.6133063787477;545.4980612362638 -423.8344892052593;-511.4810566801222 233.30414554660274;993.7882255020431 -89.64869752909226;274.5937671520296 -801.5726620348948;-893.2348696156655 -433.60411883085794;90.66896104273769 -152.16031730794782;593.7940013506638 670.1803534977992;-29.65199475218958 -468.53859088416107;292.6171813658473 246.5822710670668;-748.9266305014146 532.4584997313978
1000,14,25,BBO,1889.863148190052,202542.42067007464,4.231278574400002,nan,3030,3030,0,0,100,0.0,1,711.4589402420224 -393.8618050781522;-215.06017961774694 -280.09671105075347;-238.6837901105132 842.8363063282311;294.23835189595616 -530.082128696511;391.11380374709756 414.7361844577624;-944.9865838080656 1.0475639098297052;-601.9229104413744 -248.54600910612692;837.655328977567 510.0901753600765;191.01445580045493 963.9473548430778;-434.8936313580989 259.9062382416405;520.9549606051241 -793.9733770777162;-14.834275984929604 -993.9488988772412;-723.8404639173204 -600.1067770028133;5.250286593518467 584.5123567819476
1000,14,26,BBO,2182.4591739245225,202249.82464434017,4.231278574400002,nan,3030,3030,0,0,100,0.0,1,-488.053822526336 712.4839882167396;-40.87892904611954 -151.13670085617366;-422.6414303143424 -826.0180567817702;-924.2806858987865 61.485926726318894;-692.1629503800593 -588.6842450666384;841.7441969989266 301.82150188785454;365.4647276122132 -746.7323654295162;988.2903254987191 -16.40445963400316;-5.86724433175732 572.858206684281;718.4956563470371 672.0124739094983;-746.9516212091137 403.9904221945619;-115.6158914384315 -916.574754589079;-246.2396381632053 -545.934138014129;391.2359669311313 426.03924654513526
1000,14,27,BBO,1985.6603525545506,202446.62346571014,4.231278574400002,nan,3030,3030,0,0,100,0.0,1,295.1776461122679 -473.1821986576273;306.84443020279036 570.669517694012;-86.66502346254151 -380.5165370877006;121.37965381284607 -41.9499925089757;502.19329101369294 -862.5992009039185;-572.3557685787962 451.93457017838887;-248.45542802118484 -15.0174772204914;-583.4302770964504 -666.275802216805;712.0462113204137 -428.3484908492294;832.5033665242906 321.6674930749027;-765.2807082400936 -250.98166716103015;719.2974073027999 616.8076537200081;-4.655007455050395 350.5399221480527;-260.3303282265996 959.4048807748229
1000,14,28,BBO,2185.3759846726607,202246.90783359203,4.231278574400002,nan,3030,3030,0,0,100,0.0,1,-303.2497749911438 724.9813251994356;-898.8190469348492 262.99612128784224;5.329241829751027 -243.8011385877221;206.75601474332893 -784.1346406686666;-619.1034378879315 -559.4987701364796;775.8131363642815 -247.39469059993223;537.0702711361391 577.2880515174891;-456.83529094763344 430.96286368497204;-278.6676550683951 -948.0008972311016;856.2008029550411 344.69330607031316;-297.72336641019797 -120.49663754284495;-784.4883930720075 -91.69635478897305;541.0573921850239 -758.4603236501802;-14.033741625677749 849.7640980327335
1000,14,29,BBO,1513.563425027387,202918.7203932373,4.231278574400002,nan,3030,3030,0,0,100,0.0,1,797.2150642592264 -556.9000962513362;-228.4535692098051 -646.5167460524242;183.86612061627557 -779.4185472751656;-261.80408050647736 832.176817366148;612.4540544168731 138.57156073621036;-980.2124058416252 104.37831955459706;833.9428659220628 546.156531466167;990.7518434125523 62.61788455932947;-645.1421560046475 554.2308110304518;354.61378878377354 -354.7966907364914;-55.023250757590745 -992.0764472290653;-5.817615581124301 -86.79455697904586;-697.1005860483159 -641.9649787122996;-408.80434351426254 -70.23004137267378
1000,14,30,BBO,2041.6800169200287,202390.60380134467,4.231278574400002,nan,3030,3030,0,0,100,0.0,1,980.661211393739 183.67663146162977;588.3472074593853 215.2929499528318;-661.6826527920696 -376.8864152744152;-90.74560831232952 -984.5343339335442;864.29241271705 -147.98524382848302;-371.20588337600475 85.0733919631873;-914.6936948192803 86.88073327256802;-676.2768689941219 722.387003097399;99.73301129273659 -199.0850602151155;417.66463955173253 -370.17203031921156;291.73216345215224 -781.3582536853172;-445.2219132450697 -736.9497186459043;120.3899957856504 946.060926636015;-173.00178280643274 522.8914220714391
1000,14,1,GWO,2488.6856700102217,201943.59814825447,4.277664660300002,nan,3030,3030,0,0,100,0.0,1,692.4350294944455 -568.0469065522515;-211.02308719526664 407.3657855637411;-57.2215467195607 -951.9523902639331;-964.4234170948606 2.270834185940863;60.309754747660605 993.600019720213;-684.8065576282257 552.8737529050062;902.9837982828813 -0.8766604093783954;279.2174657954409 -925.4041942850375;-678.2921117301597 -425.2914469640171;-381.0884562984566 -17.059611740463918;529.5091749234208 -63.777082144482996;113.62884646913868 -422.5678374662314;165.56901611609342 263.0544937728813;-24.444163130826595 -23.200682967729733
1000,14,2,GWO,6017.710516308929,198414.57330195577,4.277664660300002,nan,3030,3030,0,0,100,0.0,1,390.0204875430129 -365.59879662576435;-180.88200945209894 -284.192344738327;-389.12240958008107 635.1372380899692;-357.85161169689036 3.9666133647958426;4.382489234780529 23.43973909483644;24.10950898349927 -587.0778447120737;-994.9649719905742 1.1322748353903511;418.5456375494144 22.106832864496567;388.48351408429545 390.39085172055303;21.086875130160262 419.8564675944845;858.8880162354626 -1.7351418789435613;-595.5666498038429 327.6135148545214;-680.3133897372842 -85.87138725244843;-242.11150746869575 -811.3462137616266
1000,14,3,GWO,3385.7883074906713,201046.49551077402,4.277664660300002,nan,3030,3030,0,0,100,0.0,1,889.5190438996005 208.8080496123254;637.6562849056068 -487.5552027380177;-559.7178777878695 -790.9152480285098;326.0779414514639 -777.8844269342679;-164.256086820247 -457.0385757393423;-353.65029723357424 -27.99716499590464;-4.516819292259606 8.168901287143292;-2.907419052558907 -804.8573715653239;-569.5933402770302 503.00311966711797;452.59138695715455 12.031680664464986;3.096389013489702 514.8998731053348;621.1735028683005 762.2026906819968;-930.1562187199635 -3.9700249601756368;-20.15059736396855 996.7006506054294
1000,14,4,GWO,3332.4897071229643,201099.79411114173,4.277664660300002,nan,3030,3030,0,0,100,0.0,1,-302.49776016936863 -334.6741461917666;408.7531795320961 898.5561550386177;-0.012919991461630302 -82.53610342892638;794.8350576836666 81.62893506007428;597.5499879616242 524.2816562908479;-553.1723575371356 34.55323759901892;18.953397997470223 -817.654069496074;334.942622649337 -857.1713272363792;-66.07364471475573 453.644104651476;336.33821415983806 164.704081666093;-744.807732763497 591.8695051653392;521.0124220799116 -245.66796782164704;-930.4718115249807 69.84158141700492;0.07000674475943694 985.6622033513416
1000,14,5,GWO,3448.585719642637,200983.69809862206,4.277664660300002,nan,3030,3030,0,0,100,0.0,1,-8.858077267992924 -264.88734539708463;413.3547685058852 723.2405225071456;-917.4514594040014 1.6614747187379992;-755.7716729298683 325.98609676717683;-54.04604674614139 993.549374457603;15.310068815941804 -991.0111209533975;-186.8591108507734 28.665063009737803;407.47806885534965 -113.06434863315037;-487.742064791895 -243.46005379026613;958.5143148546525 41.311462447387704;600.6429216623906 345.3886241382558;-474.68359660057945 778.8122822126079;-112.84226587998806 473.33661073313243;217.10121496299828 316.68159293604475
1000,14,6,GWO,3215.6970668712747,201216.58675139342,4.277664660300002,nan,3030,3030,0,0,100,0.0,1,-211.44323047257856 831.7528070135269;211.0393328410232 -325.43322018095165;1.4413230034348885 -860.7758217048919;-665.980344853967 390.08152642589727;2.431810385847338 36.90271187138698;540.7378618827387 -566.9283462148625;821.911998886265 459.6925389964776;562.9495480647869 774.0761388121622;964.8793126266256 70.4605745457409;754.8936330101941 -235.12679455029593;-43.595819547645156 512.9698077244502;128.46697943598903 851.7878845094657;355.5284371957495 6.896725537596077;-448.60595227265895 -1.0875634516442496
1000,14,7,GWO,4987.753385960212,199444.53043230448,4.277664660300002,nan,3030,3030,0,0,100,0.0,1,-737.2336919401029 -609.962060018837;-279.39045943992016 -294.9037367291414;432.7562078010069 318.3627117277511;-13.877859547742913 361.29842582386283;4.145427187345479 -512.4966774228096;2.9939899136465713 -996.4741942777149;278.4782024778078 -79.68182561974727;-471.35233474480856 136.97471273847958;1.9467327920797246 994.2290983250772;682.3118502403528 -443.22105374040194;908.8875001634311 127.02796500513783;-350.8389568927208 -933.1111402595984;-41.890557664519385 -65.49809105986823;-730.2197216854489 419.85397227505354
1000,14,8,GWO,3732.6737525908975,200699.6100656738,4.277664660300002,nan,3030,3030,0,0,100,0.0,1,762.2197004818712 -508.0275344160637;-178.78956458557093 382.1329854087265;563.6119204419537 7.829241717340774;961.6285107739986 -0.6287407695159279;193.08341767276463 -587.6601000181786;-587.4568861040242 564.9242671732259;-3.8015789725564386 11.82805018939411;-985.3582641755171 -0.9134401614113784;-722.9862238723277 -253.2259276693725;-70.7348128662033 -996.7686101851023;-464.9937254512676 -641.4750148937218;-123.69647489132194 -477.7316289076102;-380.79278380175947 -11.637362294264713;282.9254409744588 -182.8421026454977
1000,14,9,GWO,2483.709047009208,201948.5747712555,4.277664660300002,nan,3030,3030,0,0,100,0.0,1,669.8097779594915 582.6954690911931;-165.75867414925293 7.056494300412837;176.6382105655274 232.72895750014527;968.2832490063028 -4.548404860070359;425.7199465113727 12.245311280504312;-567.716215252165 14.242635676672895;21.977092287550875 -263.79565556983454;-945.4171466631211 2.6323164646320385;148.55935316421855 -651.4069008086566;3.139240082704793 -970.1501628036303;665.2508396549207 -477.7634968252921;-297.8385170640338 -379.411998397145;65.49239213756961 920.3228697564986;-696.0925871197418 -343.5216835775487
1000,14,10,GWO,4007.68623228214,200424.59758598256,4.277664660300002,nan,3030,3030,0,0,100,0.0,1,-657.0623053122173 -648.6307762385692;-181.114967929374 -954.2310706718255;442.3041425145648 175.67769372576194;8.043783533045165 140.27517080657893;183.64975536736986 -792.3906758366203;-289.065128339046 -0.1753365637212254;896.8524381116946 71.03443279244333;-971.8644936354636 -15.44918971960814;5.8896067931878 993.9392597635293;-670.0591218620821 404.3806047317492;-64.3077544628551 610.0052359413344;-434.40792166153665 -294.54252504607615;-5.403849136453392 -326.7761523551806;384.80741716035635 -302.23977779728665
1000,14,11,GWO,5572.081082452176,198860.20273581252,4.277664660300002,nan,3030,3030,0,0,100,0.0,1,-847.5643304819314 6.531128223522233;452.75401776861213 816.9784850005734;325.3375190605605 471.0329975954074;794.9947417586762 -48.54942918605732;-62.30241677788973 -310.8719671803414;4.791184102615689 414.64092635726774;-0.9666952877376859 11.945493833390026;2.4794930223902547 991.2596177403715;471.5291545767666 -14.963869305708224;672.5784124233246 269.87316285143345;-35.034182844735284 -964.6022387432404;-556.7300506820615 302.14722623394687;-392.0027187304159 -47.41592040276143;-575.9331713834465 -531.1533828593714
1000,14,12,GWO,3736.069464426313,200696.21435383838,4.277664660300002,nan,3030,3030,0,0,100,0.0,1,260.4682045959874 15.566039779262388;356.05406743255435 -845.3043757513195;910.688515960874 1.4583437627164215;-131.64020963326172 -972.7528432492122;178.61837253340443 -472.5292405076985;-1.625153197339391 666.4222060773953;-117.02747045705928 -16.020877344136796;-575.2902070940645 -212.64152958079706;-190.44053601579319 -387.3425781733691;709.3651197145059 291.73079921017484;-935.0571252880854 264.11290761290866;-428.2838982394449 89.8595119267639;541.7297266686836 -169.59586056339154;-648.6371945974589 -718.5060391825976
1000,14,13,GWO,4579.6152950438845,199852.6685232208,4.277664660300002,nan,3030,3030,0,0,100,0.0,1,-82.25652900032627 995.6263296643491;-504.41506610593115 360.9861926034326;898.0287156396466 -24.576195281320057;316.51698080084935 303.42732199930055;361.88199391906466 911.2407639414891;55.499480147144446 -903.4406379445749;-170.62631673619617 -394.3166925650707;-501.82007817023054 -556.2561633299913;262.06094067084837 -229.4085309472116;716.9541575136169 -402.462539123745;491.12243095369325 -832.3397374292939;-871.795183060355 13.856940195818481;-3.115569129379303 518.8289120242512;-7.933034539512917 21.32080865781243
1000,14,14,GWO,6977.153461324953,197455.13035693974,4.277664660300002,nan,3030,3030,0,0,100,0.0,1,-905.0439687268281 6.783911274848319;270.0356967307639 1.1999988576950495;-4.672590552656939 -373.31167679753577;-235.4931124400849 -675.8752950616563;-117.32520476357256 467.8235219706987;398.6105485274167 416.30207252526907;-426.1075013309037 -148.92595889641927;94.47999053775361 -950.2061683435113;354.48555416795836 -380.8597390720909;762.0227686522434 -430.8302103737445;-43.715096729380576 3.264586884523957;984.2389462954802 2.3837925688753505;604.6649685183115 -27.586662045195897;-158.38734006919935 973.9370546356275
1000,14,15,GWO,2953.4890349124325,201478.79478335226,4.277664660300002,nan,3030,3030,0,0,100,0.0,1,12.9727979930816 333.50665810098207;-4.523076633429004 954.4117791002377;-658.0209258442537 550.0403980470477;5.858099404912497 -371.9125411518875;165.9132648557802 -24.41257991013383;-158.67843217881233 45.50268895947153;-654.2776595857498 -435.6621343113699;345.14845883342304 -589.2777337085258;700.0316170011647 -308.26829948197957;971.4352823579051 -0.18487105931269454;359.5570355326585 357.76117983410103;-487.28901545005147 35.10877718259335;-0.0755901596850679 -975.8401963233167;-944.0238630841462 0.31600746997495704
1000,14,16,GWO,3280.2917501117918,201151.9920681529,4.277664660300002,nan,3030,3030,0,0,100,0.0,1,-971.5599656501936 12.917926338319345;6.905449530672871 860.3538425860221;-406.3888789575239 -143.32787672013825;-370.7259843288197 501.6148574070921;-808.6944126863583 427.6769876314008;305.6138383295691 24.034632260468257;953.869513384375 -5.973375093344927;-43.39991334725638 29.98000962902275;768.3124916226258 -367.2981706726493;525.4129890706913 -739.3738002391315;-476.9588015808184 -827.0160145155468;507.8175798680349 547.5174183504708;-8.675279381111807 -991.4529081952328;-23.378835596744523 -449.50489047845576
1000,14,17,GWO,4861.117864838714,199571.16595342598,4.277664660300002,nan,3030,3030,0,0,100,0.0,1,-763.1329139257679 97.76285883485735;-51.82176530231701 -866.9572427937259;0.5064766668424193 967.1307332303703;346.1724377787826 306.354717652272;754.3784326279155 458.6735096934387;-541.9324086522275 -718.8986369784028;57.13515464977636 435.08238880590153;-162.79990742281475 -535.957597774226;-25.26390509816518 33.88318048081078;130.5098271590679 -308.21875728960345;-375.48785920463774 -7.858003813193929;-322.875925248899 509.84287264301435;-859.383555036438 -202.43014298203602;557.978542244337 3.6329495539306884
1000,14,18,GWO,2647.287387631659,201784.99643063304,4.277664660300002,nan,3030,3030,0,0,100,0.0,1,445.91622026729965 -27.09921729256798;-228.7698454364266 -361.6326758022187;803.7910095120711 -251.38320910938418;-464.8051047007022 287.20288186591733;-42.285546233440215 -60.620538101780625;295.47291781108373 -466.6494875227304;-393.60779630806877 899.0515904182333;-925.207227265903 1.3014446933658255;29.22910603670481 315.8474600276731;2.292949471132149 -989.8691618003548;-454.72930588609506 -838.7394984114703;953.5744362616744 54.47139361452702;598.1902244835056 448.03333208858885;40.50178342049809 977.163646739163
1000,14,19,GWO,3738.6359174337704,200693.64790083093,4.277664660300002,nan,3030,3030,0,0,100,0.0,1,-481.37194693057046 450.2629015531963;-320.00326363133166 -918.0911377443903;21.132571135635725 -31.31007961019264;-876.63782845687 324.64473033138853;1.2127698027397102 377.43205882509875;43.87788025586544 -604.1220635512533;428.6430321550988 402.16461530208034;736.1406115636992 -452.80089048554447;24.284091909212265 930.5270297254656;400.066236594937 -3.6719272514543193;987.0109789892198 28.138970557545083;-660.7035390842643 -0.2768117963558197;-329.73312612499114 -0.05206804708389498;-328.68866526581024 865.9197086938643
1000,14,20,GWO,3257.2008546683937,201175.0829635963,4.277664660300002,nan,3030,3030,0,0,100,0.0,1,27.667309647242316 949.0258005514391;-14.996810866085701 -455.4308701754714;-153.79242487396672 0.445211625535638;428.129097393892 -24.07585014276799;-468.7270387876715 653.266705916585;925.2555014366421 142.1029508239555;-640.8949997558233 -349.6544993221416;-493.11213957621095 -2.433532036451546;165.1270845108113 -945.1029460185615;211.96170335268403 310.3909188922788;-887.4899588798867 -6.357048162561963;-411.47353405490475 -817.628263411521;779.1138364223157 -333.67840504124666;-95.4096755095746 501.2862870354079
1000,14,21,GWO,5627.7377149951935,198804.5461032695,4.277664660300002,nan,3030,3030,0,0,100,0.0,1,26.151166127059156 -960.3947123727932;167.09927425869378 155.8832119423445;-26.716090668720344 -111.428768092121;-5.263690431151997 -429.78230770205727;-647.5480974938114 -1.871508242081757;-808.3073080219411 363.1866178952103;-19.706990984194913 529.8697578395246;583.3718580384112 33.78942778511595;-278.37046194395 86.22118481418073;-323.7355582692494 896.0028395180598;13.914763328910196 912.9565342147831;-980.1234295646905 -0.4333233841120982;355.12270270516177 646.289234554608;895.8792005871504 -0.8423375331252597
1000,14,22,GWO,2438.5801009251736,201993.70371733952,4.277664660300002,nan,3030,3030,0,0,100,0.0,1,584.3017371506862 -447.4590720454732;-300.37094451786885 175.08235770484183;147.93626816611985 480.05831704232924;-7.924842054503087 -962.199009374749;-103.3342840307378 879.5443105926109;850.9568359715557 276.01572197714273;-875.5347922593654 -15.234620908340057;409.1711519618898 897.3718602291893;-401.8513484338403 -607.0561380725902;405.2966273452773 -1.3015484897471798;-576.9671267856667 -266.00689632842733;980.816333240175 -72.5944852139595;154.70705239464874 -425.0958280651457;-35.05586355369574 -47.74024422776092
1000,14,23,GWO,3732.6362949041068,200699.6475233606,4.277664660300002,nan,3030,3030,0,0,100,0.0,1,-96.75742685995856 865.2811868203917;-165.84623256741122 279.87223695315305;-348.5186554524433 -98.37825016706688;381.0276963796179 -480.00976036212506;384.91493615072403 640.8209821148913;-732.564172271107 -401.7040695567025;-40.15214334544189 -457.15163010946156;-642.9710584096795 374.5575163726801;161.7714027035332 219.07074085145595;952.392885582145 5.4377125800290145;-5.939918411754832 -68.00622553201714;-926.6851431596579 33.62469073461194;-3.5623698024090587 -999.67954212533;608.9540340822792 -2.4422766140583447
1000,14,24,GWO,3147.1464812643535,201285.13733700034,4.277664660300002,nan,3030,3030,0,0,100,0.0,1,286.23003682509733 940.1315308836573;54.388494063670464 450.6738579266371;907.1013816761146 348.9730727676144;7.131011338773611 9.513288811702557;359.11843313661853 73.33261918916703;729.7713715626691 -16.591597180387577;-431.05276456102706 34.137050975891704;-294.1428987772187 445.51575674819196;-885.8275456734012 -23.169159981022563;-12.368626549857103 -684.5249648847139;-694.117363789407 -590.3999947921176;-636.750946037546 323.55684314864556;506.6823530281413 379.4472562513702;-22.272207480545863 997.6811418215711
1000,14,25,GWO,4163.60789215361,200268.6759261111,4.277664660300002,nan,3030,3030,0,0,100,0.0,1,-804.9804193939589 0.12924646760336653;-373.1264167192841 606.0687656922273;-27.22326169653735 -12.345365306923009;23.126848188685567 452.2065063206815;132.7745078979888 -986.8668738567698;-474.5395615597372 -420.33602770663447;231.7158067585406 -305.9766249551007;396.2483682127833 23.37740755027457;934.1132851474558 0.17437519849842786;-15.100393455691473 -667.2125569664983;-431.96513469807815 60.47072636489536;723.2263550399251 299.4371355441706;623.804774799445 -442.9670237682532;2.45062911476887 996.0612332833583
1000,14,26,GWO,2953.9071809794987,201478.3766372852,4.277664660300002,nan,3030,3030,0,0,100,0.0,1,864.4050866404081 -4.5443655607648985;-943.6969273896001 -6.4696623297971785;-19.50959865568859 666.8538489733136;294.06466070883266 932.6104618810436;556.935251326745 456.6754246768118;-758.0383266062472 535.3643037525943;278.13970084581825 -181.7237781940265;541.362973054731 -575.4030027153059;-15.87354444101013 -324.4761734648267;-770.2186620382081 -452.16972130160406;-437.75099288613933 27.536003609131296;8.194249608147247 115.06686355354505;-440.76270503385666 -784.9066888800845;-0.17006945466304657 -930.3560374586938
1000,14,27,GWO,6862.974189621542,197569.30962864315,4.277664660300002,nan,3030,3030,0,0,100,0.0,1,-175.86771077494177 242.22400445395158;-454.1070290483478 -23.25642130143608;-924.4903231913341 1.330563640309787;522.3362270672311 278.0840244730618;8.449124355847992 533.8521677752043;53.0276329739878 -363.0662002014658;139.68346695133746 224.44913254246498;14.312864219235935 -980.9247039767082;184.6976018603385 -689.7886466836711;316.53808390591865 572.8961402269437;-33.507032206288436 -51.2951441509625;-339.29838500678835 625.9307853354672;660.2565682152075 -45.74171448140246;-34.3991397482537 990.5665372842687
1000,14,28,GWO,3016.3209204567247,201415.96289780797,4.277664660300002,nan,3030,3030,0,0,100,0.0,1,-968.6081006440592 0.9707554674423698;-278.68188596889087 -906.1551021895663;0.6913534125737092 7.27223897010406;384.83833244290673 -428.81463405965627;-537.5299956657992 -186.19249507358992;-539.435939974756 700.487124564901;-56.06491351236817 766.893728806822;511.3839736382528 -31.11862440385252;87.92286013377016 -769.5958900190408;707.477458635607 -636.5405600779114;-333.2798839806459 173.8279185693;302.2243292176189 480.1447894367022;703.9015361902565 280.17097491793373;952.0717269705656 -2.4835617918946444
1000,14,29,GWO,2685.1246662305493,201747.15915203415,4.277664660300002,nan,3030,3030,0,0,100,0.0,1,953.7545771037718 18.106660001326176;705.2666902857237 390.6274858728955;213.6306693310422 703.8822423819021;98.06239127227559 71.39767839125496;430.4443874164577 51.196021618010256;-196.38094926769747 400.95634360811755;715.3819725469094 -553.9811260393714;-238.645731452189 -80.18112494676711;-0.9139416632894352 -686.3820397350904;-533.463583387004 413.0293730051344;-166.89660988771087 970.0928194758985;-723.281657140146 -155.67800732118943;276.06815015664023 -368.1956274529845;-945.9872461930167 157.53440516175394
1000,14,30,GWO,4518.522747339826,199913.76107092487,4.277664660300002,nan,3030,3030,0,0,100,0.0,1,133.2676171466109 -2.8445935170200136;627.9817259777624 517.5087545195948;-212.76575275575178 -774.3350237626167;-726.2165091947268 4.973771922176984;882.2764040689054 -427.7846681759629;952.4830698242796 137.60386891258756;-6.535460309123327 996.78971026751;-498.0108139976673 335.553838922794;51.197112242530125 420.5879004077172;-210.5487181317443 -10.657818518873201;86.6673091113502 -983.1556569275225;466.9319623426557 -59.218296991066815;-3.3568290450987113 -320.00817393697116;378.11653832090934 -643.7850696547761
1000,14,1,LXSSA,2633.20917945393,201799.07463881077,6.598125220933332,nan,6030,6030,0,0,100,0.0,1,103.92574607565682 -582.1525004336382;172.8595450123689 -161.91230668527547;803.3304443247314 -456.28329704299824;-165.57847539192707 28.201701546278073;241.0957639585147 -955.5694579264297;803.6497793076684 575.8071272877528;935.3314917943935 169.0307028022396;-696.1793032006418 670.2514242098462;-363.83679623432073 456.3007475027556;484.23845839857285 -747.6974199450249;-749.0108420287412 2.1071314182976995;-377.1485295212669 -597.0552991122535;454.94437053263584 514.3408898545883;-640.3846091164753 -330.4222173465808
1000,14,2,LXSSA,4822.816711151536,199609.46710711316,6.598125220933332,nan,6030,6030,0,0,100,0.0,1,-500.78366285452836 702.1852119705266;863.5522211706935 -213.9184171730523;152.53954833265286 886.8590293297726;109.71162358227576 -572.2162665010169;31.570369936187266 -965.9892687334723;-678.3235061627272 -557.3564208761079;177.2925123428364 531.9455774516747;-347.28930892350513 -653.4693361194284;712.1128883750449 -699.7463670440765;-190.8271366259514 663.9650535333571;490.5943630421182 -40.836923196873194;559.9772990594075 -415.32359456255733;-820.4633580573699 539.3216515734892;-680.7460233954512 173.96546371750793
1000,14,3,LXSSA,5841.022567377571,198591.26125088712,6.598125220933332,nan,6030,6030,0,0,100,0.0,1,-798.4231973699243 -535.131161987331;-359.6258442623709 -330.65155069727757;3.433698399743401 399.74048592310294;130.9201309340838 -11.713739402942409;-316.37014319936446 373.5557661013862;443.2366386892022 447.8453266712015;530.0067710876131 -847.9606960566913;421.48963772374833 90.43386106505527;804.8745919110684 -314.6122923547309;402.2686840739223 -434.82727512703826;64.53346026691284 -942.6655377297411;262.9503542085203 798.1548530244339;-27.338348499953373 -283.9028361466488;-259.6452836094073 -780.8209449192494
1000,14,4,LXSSA,3281.679510784248,201150.60430748045,6.598125220933332,nan,6030,6030,0,0,100,0.0,1,967.6965508685223 -200.55268896834144;-337.20171423410994 851.0138517413905;722.2272906858522 505.9510391362004;-199.35000090031943 558.8007291207072;654.7918588030287 54.828568688076956;470.685844567967 719.6775573341498;98.20482504466962 757.6312201318632;-677.5038769446687 726.5226209225724;-736.112386263559 376.5844232635163;693.8637912080992 -610.4636347595443;33.90329484871931 -184.38296312947182;335.8641657935084 261.626384061103;524.2061720142775 -280.35722417818863;-476.83070501429125 -10.284513391950464
1000,14,5,LXSSA,4688.551063115738,199743.73275514896,6.598125220933332,nan,6030,6030,0,0,100,0.0,1,53.625414189868955 140.64572118609948;695.4944391662992 194.22354203543205;-324.9966938506019 812.9258586032005;185.8236637543104 -614.417858727899;-685.7057899395219 645.8491437430961;-186.67379416818594 -621.3647730599567;-686.2514944567413 -62.352023603853674;677.4933879230022 -193.64480100061866;629.5833624952741 -655.3355522488293;-271.44105541746126 146.7134341345336;304.1117127248233 447.0340658671315;348.68435813312 935.3716081323375;326.2096127982575 -165.0385037205546;867.9711944867867 477.016844430176
1000,14,6,LXSSA,2757.994541119144,201674.28927714555,6.598125220933332,nan,6030,6030,0,0,100,0.0,1,-332.6738234993574 -685.4779833597731;456.5552262456443 222.15723952320877;-649.2208581517333 -660.2733054630836;-130.90291502601957 -312.0903953709499;484.8809025660596 715.7773424628016;209.69013027141708 -758.7803305044645;731.6726618923153 416.55514256654715;-669.636167903932 623.8021558111429;354.188299781802 -333.08819295510074;-868.8827416841722 21.863998076422728;708.6961696332804 -704.3448075916766;-207.18870067782342 715.8869136621646;37.56798130957272 254.54731653223917;-428.71625243687885 170.36123396413143
1000,14,7,LXSSA,3023.6305842486618,201408.65323401603,6.598125220933332,nan,6030,6030,0,0,100,0.0,1,-807.8041383165205 77.88881835573955;44.11321593036815 -410.366056480251;850.0506524888254 -354.362027320926;-308.8825052652535 766.8242633214714;-285.5536680482585 -651.9954263907327;-908.884501676457 -414.8254236050996;-566.5570575283845 363.6796620508817;434.5253745300806 -706.3204160787285;441.2429865025321 412.391377370887;-6.879547892605653 -857.4236394847782;-714.869881405368 673.6758873049129;701.0816907129637 90.3315289102028;-200.22360227264593 461.95517668329586;-452.4193979950904 -343.80880592351696
1000,14,8,LXSSA,3654.572747028811,200777.71107123588,6.598125220933332,nan,6030,6030,0,0,100,0.0,1,910.5444499920201 393.40227575628387;-19.106476732022646 623.5424284139991;-509.25017244259476 -97.56199206351671;-385.7420231808707 -854.1089493778456;842.9944418231979 -213.35952353761647;-372.6782641062725 287.789099106598;519.4103744711869 -270.0076883594122;333.15241054523955 316.45380556770726;-718.2559570686094 -399.0765569658424;254.8696794935127 805.6432751421047;-57.80838194840885 -133.13073218264293;-119.01446196462801 -462.03287383077566;-674.9372964575085 493.64612637652937;579.149293036051 748.8386590591663
1000,14,9,LXSSA,3798.9032409066567,200633.38057735804,6.598125220933332,nan,6030,6030,0,0,100,0.0,1,753.7115623361591 239.69787524301918;-720.4339351516936 -193.4553805269539;-887.8039541561134 392.8924208615305;-544.4720157594227 -790.2226980320874;607.7750211679228 713.5773006843098;-283.42336631576495 520.90680555106;360.603848885063 232.20622619560044;-473.8599507596356 798.3545419362385;-252.9763289256759 -894.3892996550759;46.85726326678847 192.89562684958076;-375.4667420804725 -87.53515398559733;-503.4999667277802 258.19374011747044;-40.016937379195916 972.7916961294142;-5.395635535017241 -347.906727813868
1000,14,10,LXSSA,3313.5525916615443,201118.73122660315,6.598125220933332,nan,6030,6030,0,0,100,0.0,1,-21.97608531666306 -725.7375150577917;-299.2869643580382 -152.2288663666653;-207.1814990172079 964.882268260797;136.83175449953413 -324.5781617656965;-277.18374053690303 224.896923663117;37.36451487643868 442.4901361202288;263.5557131502261 28.43387647782108;904.1913339370628 -394.9804837731045;-812.143798701596 -238.27255828605445;-756.7645198313617 486.3294183490565;465.66659900665803 -477.02620814408857;317.1099306547234 -900.1514209587511;266.7187676714103 770.2956091178655;-484.4113013185235 -546.635618518552
1000,14,11,LXSSA,6862.676644831459,197569.60717343324,6.598125220933332,nan,6030,6030,0,0,100,0.0,1,-350.5617479877426 -433.84664718584276;567.8298834905311 -305.57760673964503;-963.5486905205242 -255.02190368526536;-649.7261367106996 -227.41839334809777;-406.1720522729962 872.7032507149821;-59.51292903270048 369.9453398413024;-425.76174748614585 501.29998572725975;-766.4249914393893 613.3174412797893;776.9831694573271 454.1319310027241;758.591255617972 -649.3167752142728;-321.970303921678 -62.482894568875125;-730.6917101597985 217.737506282912;692.9953118370408 101.67293139976987;450.0126787299167 820.8460625935828
1000,14,12,LXSSA,2800.2725811811397,201632.01123708356,6.598125220933332,nan,6030,6030,0,0,100,0.0,1,220.93965497896755 -8.469771704399133;874.3687122052877 299.4127085811123;-80.21401425023105 293.0808592981157;-325.6423850530708 -638.5967949801236;218.97806478019848 713.4106088804964;-819.0804138402852 573.4052533486243;-836.6443197642988 -222.71940582733225;751.0122711919532 -622.972276037652;539.1495526754545 -11.552864863510884;-568.9868596622185 -432.50845198626484;232.23946518590492 -654.1321539592433;-230.38031406650563 695.5284087892993;103.60666299577657 -334.5010055619426;604.9615707780368 475.5190914440961
1000,14,13,LXSSA,5221.3664077389985,199210.9174105257,6.598125220933332,nan,6030,6030,0,0,100,0.0,1,101.92596111436518 577.983584689322;273.68482477581426 139.57650758610174;-274.48850805951827 585.9481588901206;32.10408681192379 995.0208773447456;-610.6856389967677 389.92236823477106;-61.12266107475751 -543.0223505577278;460.1750771208305 525.2762074928959;-495.4108699992291 -225.7059921426365;722.4049483214882 -150.7741461637045;365.36892001514894 -374.27024842916455;103.8720406912095 -181.255353541621;262.2057026410708 -667.7483061867838;98.5506676096859 -992.6583096989204;733.1161190916628 343.7536523815876
1000,14,14,LXSSA,3974.8787681848917,200457.4050500798,6.598125220933332,nan,6030,6030,0,0,100,0.0,1,-118.09910655913244 105.52328653290043;676.6248624522353 -685.3591188901115;-378.8447406413409 -924.5283116364268;527.9035649609215 423.28191336490715;714.301905610401 -183.71759396991786;-364.24909080405115 320.6856479575145;825.1273157201697 280.5084535790394;301.73085995907076 839.4239096824359;-86.31379571327429 777.2430226338047;62.294848095996855 -350.11446413111895;-553.5000866528259 697.0996995848071;-482.1210090867972 -56.1529766356482;133.58665273555948 293.8253206824156;243.9587040405783 -876.7354132980703
1000,14,15,LXSSA,4674.355207972025,199757.92861029267,6.598125220933332,nan,6030,6030,0,0,100,0.0,1,-868.7413872308933 370.5504584462764;-820.2138733633631 -250.93740376394254;-613.4446269909217 -554.1700518329769;-96.41840295124602 -427.4418255083509;248.3142960382207 -487.7770546162698;287.41933001757343 416.4953794116089;682.7017507332625 340.41516083529586;-201.3188839372023 -928.8583154590478;-327.9728006138386 483.6072717723955;-437.8520666996885 -46.510906806486055;499.5480630126873 816.1050331133929;408.64573446924067 -220.82450559248196;287.76394733750413 -915.0315070977177;-64.01691606831321 300.9326318453466
1000,14,16,LXSSA,4359.313077019673,200072.97074124502,6.598125220933332,nan,6030,6030,0,0,100,0.0,1,-619.9128866646068 -706.5165830876186;-488.42413549103844 464.83919058378416;442.4325254904504 60.363788350797535;13.17311221862343 814.3317360835753;-957.2261902375283 -76.59508976934056;-507.42335137199433 -8.98579327746851;-684.6334134940519 722.9585177697869;455.16380514538326 -852.0369505026298;-151.00080456457934 -908.2222057216921;126.81388340611574 468.8472842155824;653.6742612112845 -612.6997012150712;83.30656447721537 -27.36488235786727;-24.24052582097899 -594.9640781560088;-877.5077921851667 -479.3457289210872
1000,14,17,LXSSA,2631.1613564856816,201801.122461779,6.598125220933332,nan,6030,6030,0,0,100,0.0,1,941.2907050329253 251.01943196294496;-635.6989588649503 -390.49833063806807;503.84201939297714 863.5916122406059;-449.72887400989566 607.7614859146116;218.0430929095361 621.2017793002585;523.760709549363 -576.1708684592766;258.02399488867275 -316.7180219691028;485.1443210216144 223.93525642900795;-218.34408248336698 -223.7540935520385;-519.2328080575467 -733.4433894314794;-971.7677195924598 -165.0730334267425;763.388974875196 596.236463311125;100.10111039222295 35.85186264718688;-25.754276182060128 406.03867610184227
1000,14,18,LXSSA,2424.1723655831593,202008.11145268154,6.598125220933332,nan,6030,6030,0,0,100,0.0,1,8.18216160185349 524.260859845961;659.757768110549 569.8535403036448;584.3684518464188 55.07781564674612;-432.0197699206232 -704.9244946274586;903.6390091048858 -410.73162935927667;937.2425284418608 -18.719272741232235;-906.963153413043 -397.1918453585891;397.5410983939967 -389.9242043702324;238.0546703121465 796.4656465361586;-768.6571558841977 -30.366030857158215;-59.2801595791315 -405.92174997587097;-663.2323506021189 579.7852381586057;-204.25844457331453 90.96938659738966;238.15954358763068 -62.907323451400266
1000,14,19,LXSSA,5434.723631134053,198997.56018713064,6.598125220933332,nan,6030,6030,0,0,100,0.0,1,-14.427014830709787 -285.3514381012296;-16.23809822558848 665.4710638188718;-325.9454193441548 -361.48121452743175;-119.32938546554492 984.5303670018862;-401.1688045750216 545.7067377813735;-113.51420121084564 -805.439916595863;534.3013393945756 330.74014464548566;720.2471720420327 -412.12668959211993;-121.88030290806911 29.20159481350746;99.14857941836478 379.89542944609224;309.73902440501786 13.09539941228079;-902.1481096323639 -342.643837730668;260.5305081656372 -439.2795903351872;-613.3881397858595 -483.0188648146034
1000,14,20,LXSSA,2791.471436014661,201640.81238225003,6.598125220933332,nan,6030,6030,0,0,100,0.0,1,-60.75591036769851 616.0781365013581;-519.2732473587461 545.0506324260372;353.9340203132541 460.8431821415545;-220.88808297803533 -582.0187611441153;-439.2407579071894 -111.42922740733258;-171.65195876480152 950.1068545937957;651.5009707099796 96.0280182847274;-37.505151209017534 -964.2868573840825;167.3430819918746 -245.2514804373441;367.10850555110227 -781.6131469262132;-686.713110246446 188.54354316106495;-223.42454036512683 191.52035668953715;513.9157009343379 816.2354766654398;900.819582233059 -247.50362860306703
1000,14,21,LXSSA,5068.840230807167,199363.44358745753,6.598125220933332,nan,6030,6030,0,0,100,0.0,1,-816.6982835873926 -569.4840604263626;-654.1250510752848 503.09495959380433;-249.86266283057188 845.0315666869179;134.7051868886085 913.0338432079009;599.6205028644831 723.2911248854873;-852.4928372896302 -165.55191238445153;771.7538507468113 386.81674067270444;603.8063846342635 -502.29236626383914;-534.5251823121364 -327.098791271526;66.72980186696981 92.64333805981444;-472.34518040407715 0.8194321963495289;-350.9546919574688 -754.1075537305328;483.75804423382294 122.20251814298003;-114.59194523469992 -168.11716108753745
1000,14,22,LXSSA,4340.498776953842,200091.78504131085,6.598125220933332,nan,6030,6030,0,0,100,0.0,1,362.6208909240052 453.7217838245073;-31.69145213654342 731.9423258713377;31.34898618308922 -162.35921162044357;-757.0197402679086 509.0819149087292;-960.4962406602888 -249.65221435325708;713.4246759588334 -695.8786276075884;-557.7222248746824 -603.704435762012;219.68279843274274 -524.4892544152451;555.7997728396516 55.628883544005426;249.09707507153053 99.60575464526794;-316.23357970758775 -323.60320011990046;828.442092501884 489.56817019209547;-891.104383623864 140.972784005996;-49.3501427601841 300.8945309802037
1000,14,23,LXSSA,5758.653450160491,198673.6303681042,6.598125220933332,nan,6030,6030,0,0,100,0.0,1,-509.1988185260383 40.15856043461604;728.6932540015865 268.26814871637623;-345.92506434500024 831.775068602062;614.4270080443792 746.4399016665282;-535.6397912614995 -614.9373517366266;255.4654662772017 -523.286448755024;-266.2326686717281 -168.6704924421972;627.1831146691067 -326.1061341845795;-802.9568796362664 -111.58870325431603;524.3774882022797 -23.57566449423277;-81.3846204088309 336.8268745965009;259.2780836708408 576.9027345477656;566.6866732456766 -667.5781245061344;228.31258612780954 -173.65582493806468
1000,14,24,LXSSA,2166.0699332227523,202266.21388504194,6.598125220933332,nan,6030,6030,0,0,100,0.0,1,-105.6474327091615 -701.7701684374588;-20.64328763762983 -72.95600566747845;823.8636842467628 -450.50074205452097;-263.4294704760111 -369.280563237541;579.5351322280778 301.356118315704;898.5512069609999 148.89509521273428;524.2199340763672 -564.8973742237708;-776.1623468016886 -475.2211327827286;21.513960099536884 740.2682532948137;-487.4530009002092 482.44868030684535;224.4452060739949 235.69008870735368;-779.448896190504 626.2333754343283;416.60951235987363 -262.3682894723469;-513.3086337180372 -62.14114662186433
1000,14,25,LXSSA,4211.837004565867,200220.44681369883,6.598125220933332,nan,6030,6030,0,0,100,0.0,1,692.6219674784936 -528.670522254259;-664.1066568103562 360.9857723344852;-944.7066588188612 181.8083060220032;19.22038838427301 544.2380212723086;-4.1045167211235505 68.39356304616138;-161.2007237046465 903.239799347524;-460.22815424963915 -89.45218317116978;-300.19983266248585 -555.3665746881193;-537.6126262320415 769.8571678904748;530.2798119310014 -84.55671320054884;158.76711246284185 -280.0644517115446;-167.52918011631792 -203.24720477609102;380.9912782028525 201.93938843654718;320.867040688344 695.8178861758242
1000,14,26,LXSSA,2712.234845156374,201720.04897310832,6.598125220933332,nan,6030,6030,0,0,100,0.0,1,31.648140476183148 991.9385226796076;919.0700644150877 134.59513959700993;690.8341122572193 408.524743131186;-647.2223874562468 12.81900001496735;-858.0536132209688 -513.3727389177714;-69.66610404119174 143.8124670807087;-93.46985246438662 -262.449880752505;-418.8989411513819 -604.7978974160175;642.3466417107757 -303.7267860971257;-852.2868730740108 522.1483186319471;480.0375743068108 -745.9040892568358;-103.51415028169922 715.1125937591112;277.22837416143244 371.72877576174295;-415.43986486261963 360.48889030727014
1000,14,27,LXSSA,3392.3290595465805,201039.95475871812,6.598125220933332,nan,6030,6030,0,0,100,0.0,1,-94.12239724068215 607.0032845868822;163.5108327428782 385.4065353025;-101.9075737444288 -217.24117877996812;-249.4424245218014 169.69344257033885;322.86157676304043 -49.13043105683795;-300.03378895707147 843.3659021691939;-824.4001680777543 469.4043162787063;510.55415781933044 -482.7675287656049;-679.1709165002801 -558.0484103063454;300.29817935135213 -946.2558643432137;101.95862540615086 -478.1700886833535;531.7575610478276 262.9915182645633;-669.8002015989504 -9.06625971590291;899.0138572306128 -212.0227007154484
1000,14,28,LXSSA,2504.6211366224743,201927.66268164222,6.598125220933332,nan,6030,6030,0,0,100,0.0,1,-433.2596660612763 -3.939435876375418;752.9605201915776 323.85892794159287;894.2163382193831 -127.31145684410639;-633.0218285430262 509.83484210913997;343.35516323533153 118.46711133786191;467.49349581950895 -853.1193781706951;525.7139378808024 -259.3409916905714;-231.265217453453 445.652499324668;15.942213287077168 825.0883855125248;-260.1878014776305 -808.7289721795717;156.60517242660922 402.21684573808517;737.2749785830722 -667.975901602715;114.79107293544776 -777.7932889106822;535.3683413791372 737.8755953930182
1000,14,29,LXSSA,1829.136507223564,202603.14731104113,6.598125220933332,nan,6030,6030,0,0,100,0.0,1,846.3503956141028 86.85030419305507;287.223179251062 541.4214398560509;-817.24520430757 435.13053271077564;85.74054781299108 67.77339222606311;230.01256536101403 -326.80320191901427;-183.92539180813395 -528.1540628153765;-337.72951821912744 -860.7072245671797;-621.1936196939906 136.2441223542944;662.0359441318936 -462.55842496647335;-339.3360682320865 -53.096470186287135;485.3629972025738 -861.4534899677482;-806.7293007439064 -552.077685093787;-569.9398205908171 742.8009310641693;-171.91316519334495 373.6823634255225
1000,14,30,LXSSA,2602.291220563551,201829.99259770114,6.598125220933332,nan,6030,6030,0,0,100,0.0,1,597.5951850616067 518.693762576989;-771.0444282587432 406.6770685896361;-83.85959913425603 -288.8034525174268;139.598920924201 91.91463618398782;384.5420362065774 -505.7424680431068;-84.69223436647422 524.783258092963;230.18713285165362 -783.6025092305389;-535.080240875282 -388.29189748935045;405.03172072084425 891.328844601322;-929.3238467656465 -71.74789620977164;-255.0633359765523 -795.26670195047;713.732791397319 -355.99167994265287;724.1756748215792 143.3251599765625;-660.0258382473309 -726.9782150172273
1000,14,1,PF,3930.9134502013912,200501.3703680633,4.391693963266667,nan,3030,3030,0,0,100,0.0,1,263.94672210570485 -201.3003332092142;-793.6551072358261 32.79854467636683;-288.99375635537774 348.5051081948233;-354.52913086844495 -49.769646358663074;569.0790629635122 -413.3907486255836;12.58121657830354 -448.14434865095353;-551.3626403787559 -660.322136205186;-52.415034026692055 83.37291941009109;-577.8879125261238 539.5278454360645;698.6043417454457 -32.29214317250904;-239.50103714897136 921.5012220642631;267.8866245988489 811.6072115233862;258.8789421327435 -899.6649942744575;18.382693213650846 580.5415766492638
1000,14,2,PF,3412.4050631461723,201019.87875511852,4.391693963266667,nan,3030,3030,0,0,100,0.0,1,507.51875934448077 -759.7028043004627;-517.6989169596856 -159.74261310584615;-263.71720935688296 537.4220102645402;-708.3433963492122 273.4750140614332;681.2047160827473 562.8606347109586;729.9967107444993 -174.0984260297748;-213.0814197791704 -849.4688088553476;-357.5220623246557 -455.2679712017845;340.2348483783567 867.7885680837078;-86.14695599146323 -115.0658586755925;-519.5923684148614 763.1272293834684;505.6956780965498 160.06624562125657;386.5633300166802 -454.32374699622363;-73.11445427209823 840.7657104044004
1000,14,3,PF,4071.360215818917,200360.92360244578,4.391693963266667,nan,3030,3030,0,0,100,0.0,1,323.58643546545113 -699.80761216644;-593.7707202749575 298.60659561020793;756.4638086904064 502.7249211117342;-232.1101620905589 -95.43197948284248;-113.11548757054602 736.2409224942622;455.81323074341844 -382.90926627335324;476.2930425059274 85.6924411772745;-93.59435869920296 -943.3228012141526;-471.51350508465083 -858.1881629619801;-651.0835681852183 -264.7892560004911;-48.13774048516618 -524.3417235475482;756.1912786481097 -194.0261359374692;523.9221855590787 851.5644057951682;230.40984966610566 436.67455577074054
1000,14,4,PF,3799.375750925159,200632.90806733954,4.391693963266667,nan,3030,3030,0,0,100,0.0,1,-37.23014469200238 68.16906154504609;674.5137270623576 -425.2246957800251;534.4722082568329 -39.65989348557832;-334.38687852021627 -848.6105155381192;-959.8734351383387 190.32200862290537;-520.8572229424433 774.9340183786942;515.7740355992314 -752.7879558148018;-109.22819450836903 -361.6403689121728;-680.533199781847 -267.5881471245138;388.73101562748326 308.2547714442446;171.6287654671284 -731.5176420810159;833.1937805114242 377.42734059170476;-120.69477530967687 505.38751867516595;194.54291013611382 731.7379071507202
1000,14,5,PF,3695.240703648742,200737.04311461595,4.391693963266667,nan,3030,3030,0,0,100,0.0,1,241.00721833919602 710.3692682615902;-103.30665307602769 77.39169055937015;-657.7870093258673 7.6730850929183605;-164.04780555968566 -906.3996202914069;-504.693702172149 437.791195102809;-873.1313157027677 -336.268550251407;692.5839945249456 -582.4606375759884;-510.6838053937602 -632.2389587808312;-362.93967753995264 -327.7715412967225;589.5390574910198 767.6524529665544;-29.39188704667128 419.8271497837954;270.4961514742689 -768.6200603594357;471.6612646526976 247.88850218938563;-303.7822679058549 718.6786205538339
1000,14,6,PF,8.7053400407358e+22,199313.3243909792,4.391693963266667,nan,3030,3030,0,0,100,0.0,1,-595.5235755838634 -498.10564734764694;896.5298844175616 98.19250967110898;749.8905166856015 -305.2616164928712;256.03808750456653 495.1214988710981;385.19797574222184 -77.45189534838667;406.266874503493 250.67001119592095;-316.74653228137987 660.2068334543674;510.3851524839067 -736.5593332525431;-160.08078048341133 -983.3792777793174;-15.349393641604877 249.6072404074118;-184.95844510782146 -185.087029009733;-948.634897247074 183.972749199833;-737.1303831352197 572.5778302001755;258.2863061826344 -874.463509774546
1000,14,7,PF,3180.572741933167,201251.71107633153,4.391693963266667,nan,3030,3030,0,0,100,0.0,1,378.90271605236944 616.1143681247124;-33.70582424770548 -547.5164455239806;-710.9784007662473 481.87159325595746;777.6476647093843 173.5228951476852;328.5519855921813 91.4233646411071;-264.2055486407767 943.9667485932874;506.726842139723 -853.4478204812477;779.4963580088439 -586.5388582048569;634.5812418556371 -143.78148996795653;-196.75891286041565 -184.61961519280368;-327.38994368483327 184.21696367494224;-3.9196451817622093 542.0349155134895;210.74038054912535 -261.49439740061996;-565.7843667710752 -534.3737454233137
1000,14,8,PF,4271.21257596786,200161.07124229684,4.391693963266667,nan,3030,3030,0,0,100,0.0,1,-38.8222015256111 85.20543957289414;261.74830845258464 921.338662979744;914.4999480046496 94.13743880502317;214.63823313985785 504.82509064400114;772.4326892922707 397.8733108374213;594.5469658362839 -646.718886760194;151.6539929472091 -215.05343181338586;503.55394401090587 646.5315366110324;-968.7720327349156 -109.63900620304534;-0.5220484879371341 -640.0661250195622;-351.1932216219101 104.6486569707522;-689.4440500320326 28.480294043577068;-362.0772242790397 -578.5827969894364;-116.00312425635994 508.9772892347938
1000,14,9,PF,2457.133394351549,201975.15042391315,4.391693963266667,nan,3030,3030,0,0,100,0.0,1,201.90839606845802 596.1998006433523;-888.60595496926 -449.7494334765241;892.6218959519333 -82.79879087004662;-738.5927117668364 15.236706175860816;421.08166830837376 98.90720861966741;-688.2057658050292 -686.5625040948786;-559.6131887980507 -279.81026362129643;569.2970733544903 -339.53410471634714;-78.10591240894186 -202.15275958079425;-325.294261277267 335.29333846163917;-505.6950663425169 695.3458432717398;-346.95549377544063 -760.3316689903836;-32.858921963522725 958.3514814572296;664.2421317081826 425.6271101974369
1000,14,10,PF,2168.255757497798,202264.0280607669,4.391693963266667,nan,3030,3030,0,0,100,0.0,1,311.6529974824663 865.9681995852385;667.8054362500375 -280.2247745455492;71.8309194382773 -899.0536017977253;-468.0344971838948 -136.31574235252958;229.50701800985917 -353.2667580461432;906.4055844994639 159.85359859842714;-683.4687589552872 421.2248232702821;-309.6618684951866 889.939582928804;-227.65587848481707 -504.71870932357615;447.970908462297 459.5912137297661;-331.29759337172777 245.27710284139513;77.36796382848004 70.39793139330602;-945.4809804833749 -98.55767021902751;-725.5792186860832 -590.6469984066568
1000,14,11,PF,5017.678375525225,199414.60544273947,4.391693963266667,nan,3030,3030,0,0,100,0.0,1,258.8746139438871 -776.0125630230248;171.16378525268613 593.4831723532725;-246.88502108376784 -262.5591638051438;-554.4126879005765 -372.1297459571577;-784.3170292529213 519.172167151298;654.1294491304974 147.71935032381103;188.21785307929812 -433.1099040724083;409.1896660221418 -98.72352958646917;-968.3891362861316 139.64933198834655;250.743868072375 217.51020370969076;-377.4385904705201 -849.6388361413296;-105.51113740947383 -697.3651689220658;548.6367458476269 -485.81550664294815;-53.458464947166725 966.7723202279601
1000,14,12,PF,3060.7290846659744,201371.55473359872,4.391693963266667,nan,3030,3030,0,0,100,0.0,1,187.0639112367653 -309.3279903476343;-133.1078291004699 -20.00278391256043;-359.9003555805465 407.3638363549565;768.4574015714043 -164.05870694742296;-278.8327280876079 922.1352475928037;516.4443628532384 -668.5622122573507;-437.4187992880453 -478.3877082948465;-214.95024971623675 -929.3592313671118;235.03000072167504 240.32512590096042;-722.7525986725807 598.4922287794109;512.2780567897721 642.0127939298504;-77.21288817383221 674.671353080799;-809.6992851005543 -239.57572384105717;777.0063528689859 436.9082694508981
1000,14,13,PF,2318.0997147267626,202114.18410353793,4.391693963266667,nan,3030,3030,0,0,100,0.0,1,483.54148416162695 -809.4469869501471;266.72684032458176 288.1076576399363;-19.261230760374662 -8.050713325589967;454.24745207796417 732.3406493845455;266.5110194428931 -547.048224641751;-679.1056282153651 -266.87518404898725;-459.4855394653634 345.3879847329765;-309.00346322915067 817.7120182769245;-178.62762552010605 -537.8714778325935;648.9090003916052 51.767469186484526;819.1869031055544 -558.7369244487228;-525.6567102591039 -561.6190570080946;-954.9258724946399 112.48058803630687;53.787316944219626 985.410686545736
1000,14,14,PF,3296.6917197928415,201135.59209847185,4.391693963266667,nan,3030,3030,0,0,100,0.0,1,47.49325747947385 974.8119983887227;933.5297783897461 199.68734689639558;619.2822400006717 781.4805225223042;-854.6694443622924 5.710968008450771;-878.4712214236984 -451.2818178241547;32.29436468021705 -612.4459982812289;-521.1733752640127 383.05586117752694;653.645402932868 34.898092754494414;47.56167417016036 44.82772175646331;426.99469962875173 505.0371747378999;-539.0167379111317 -97.7225934108407;-773.7714030169367 575.9078214921757;-145.98920414250944 -965.1101958371717;-450.86419497167384 796.3788472107238
1000,14,15,PF,2467.3049239826796,201964.97889428202,4.391693963266667,nan,3030,3030,0,0,100,0.0,1,193.0345970966804 548.2461563375668;522.3335744114878 -139.49995478246055;803.5282745633579 334.07682650583087;597.3442959869767 754.0427458475564;188.23174093791667 -298.32878850767673;-124.88833948473564 934.1851270056118;-59.47192627070586 8.632745822888596;-785.9499477271374 112.95886980383102;-895.1213501692972 -221.49271943450555;788.0820442189129 -554.7443073252044;-750.871511800682 627.5834398380772;384.9459122326263 168.60402413277043;-427.3508167261126 601.1931159175969;-116.15985611048902 -554.2699219441267
1000,14,16,PF,2623.3170288360852,201808.9667894286,4.391693963266667,nan,3030,3030,0,0,100,0.0,1,687.698271134457 -561.2073936998777;-452.98760708537867 821.710300037462;-372.69150354434396 -18.64562038963856;475.67773845657405 130.27486943601355;-160.08720810825315 -409.09049942620265;184.0106478222228 820.8738545604025;2.830203842656317 151.83119528081207;214.08079097595112 -308.8849009275433;-368.0233446866632 -798.2011792288546;-648.4756030700677 -330.43992299833684;10.959997252288716 -967.4571102206368;369.01301137862754 439.4146504794771;-140.91303186060256 559.4078407778773;902.9460894832101 -240.46458970493498
1000,14,17,PF,3639.529858284077,200792.75395998062,4.391693963266667,nan,3030,3030,0,0,100,0.0,1,-625.9407344914979 -225.2715036267442;461.6389940281563 -707.3718889354786;765.9369928114476 -321.1016577174233;228.9491279562745 -369.24423561660706;-551.0385112737644 165.59788619320503;-736.6244052232369 553.2265596685654;545.7137295282097 811.7089712656448;-458.58395619562316 872.5597918698794;23.118896640237047 420.22340672655537;-259.9965399899039 559.1990809485719;-292.69132592591916 -139.976194762486;768.4332920727546 430.2890677078556;-926.6337968421024 16.33446533001768;59.639907728195205 879.3873379629731
1000,14,18,PF,2964.2277979081555,201468.05602035654,4.391693963266667,nan,3030,3030,0,0,100,0.0,1,18.805451827564443 19.050409309537482;39.860027081098195 614.167922746828;-262.73206756763426 -352.8597667912628;555.559375299423 113.97677641169098;-483.74063696303614 325.00895788146585;-285.0633099510521 932.8448897477924;-666.8248847223448 -714.0544880872186;952.8397429466888 -242.26956680335087;-900.2048923434139 -376.72449595274736;293.94008822126455 -285.7933192530887;617.7654889635621 623.7102401486812;-287.7878501915954 -720.6165337778284;264.0873766661869 -884.2214404823893;547.902587554213 -505.433419104533
1000,14,19,PF,3838.8253178609593,200593.45850040374,4.391693963266667,nan,3030,3030,0,0,100,0.0,1,-495.9051944223045 -428.3290420195286;774.9969169271324 -616.8376805465618;19.230979756685738 -404.85922365200935;346.1941337845627 -110.04852459257717;-148.29514458619911 -44.21516590456047;-552.136053772179 396.02323695441174;855.2740370797862 -25.208513944847134;-206.18974373316644 677.8585068920739;-673.6732733593878 69.73238739386568;-625.651278551451 -779.4333577047879;-217.2399401822274 -857.6001558123553;615.1627390586576 450.4166936842984;55.374107154086566 226.4383099565759;292.9590762054217 -666.9961495473694
1000,14,20,PF,4971.188887488912,199461.09493077578,4.391693963266667,nan,3030,3030,0,0,100,0.0,1,330.481393909753 194.48107871327736;946.3731714731244 3.461232637779932;642.8284625396531 133.94954975497566;-148.82235842843122 -758.071422006961;-602.2052066606361 -266.0244883233632;827.4004909818639 456.27229815394753;319.36163136948375 -294.23892789715273;22.838891323486873 672.5238909249767;-753.1264901808796 45.288947735087156;368.17938141494676 647.6682456444457;-478.760089327295 544.4058893939949;-393.81373079122255 -534.7019036478034;-83.32172504227577 -287.39474954491345;-663.7892265446633 -740.8427220080289
1000,14,21,PF,2532.369331992726,201899.91448627197,4.391693963266667,nan,3030,3030,0,0,100,0.0,1,-874.5281512648272 -173.15741095344185;896.0000955043016 146.26814268476;-639.377514096765 152.87727478536058;544.5511583413073 148.3124489248624;-449.93340565176345 859.7523353414292;460.5264004379588 -769.3820194081857;-61.19549302322542 732.056740889197;293.4162060028773 761.048391324616;-163.64098786758288 -891.8697096935832;-662.1834238145295 -597.0285215378971;-822.4069869361001 532.735847252887;-507.33204428922306 -200.57272777866785;651.8169659579451 440.19726759802126;-235.28191574320888 180.69310960051737
1000,14,22,PF,3299.572321351967,201132.71149691273,4.391693963266667,nan,3030,3030,0,0,100,0.0,1,-775.6834703200393 419.2794323821346;-11.37794911868204 -680.0433257230269;815.2811432400732 182.01649009511297;-365.2273411408967 56.09128806763469;314.70072488333466 -302.6727791721742;223.1350006652686 776.8558861662275;446.934375340999 -652.1981191190362;-340.29153924494153 638.2722647002049;162.49652357586402 2.323476730020719;-895.5192283638459 -238.86772244626763;-465.2681182933668 -344.5481868149973;636.6789355178455 -360.97389180887745;623.0566118915463 650.4281209006875;-498.7770672241866 -779.6432631083952
1000,14,23,PF,3221.1410614679626,201211.14275679673,4.391693963266667,nan,3030,3030,0,0,100,0.0,1,-502.7071155136779 348.6562502916793;-248.490322540347 837.0412567223453;91.54322080347521 -824.9917405453779;-705.3084824098396 694.702394328382;118.9591752880044 -64.83386534445874;493.31518185007843 847.007400832414;254.70086494856605 525.8268779512944;100.0479339060575 963.0950740386387;242.92537991851657 -419.5735489432902;911.3776244096737 -249.24500010621955;-409.5607746070062 -316.3153129395463;571.2590415050854 -611.9086807034299;935.1943633295477 287.09860818922647;-288.1519116419906 -0.46058632467188687
1000,14,24,PF,3857.093513063999,200575.1903052007,4.391693963266667,nan,3030,3030,0,0,100,0.0,1,-110.61131366353983 818.6037351503678;-17.51117407292 -677.3443698819062;-707.1074523357778 443.1286348675474;319.43033820865213 -555.6423327893249;371.007861227514 162.26384038380726;-323.60646401544597 510.8226403865023;-18.574377317747196 133.04662628419106;196.9761426425775 -931.7347602254681;-390.17499309098264 51.815604869843646;-938.8876545353424 212.8404400901699;850.2845406341879 96.64791658671265;410.6483139808 564.2942707146444;-778.2860675213122 -163.29601555980506;231.888754049844 910.4908409430424
1000,14,25,PF,2637.9732456622296,201794.31057260247,4.391693963266667,nan,3030,3030,0,0,100,0.0,1,-770.8563385197045 -57.0673701473613;-169.79958342401375 517.704508082808;116.06757236881275 751.6683717802764;303.37636905378764 131.5742685857349;-649.3262126216111 344.87706747737803;-419.1044623524712 -214.07953600928434;486.8993053318118 -495.6840815318313;-378.1230785650106 781.687756533398;-190.61116154868452 98.01453026987267;943.887741733505 -58.87566166863927;101.12566389595487 -535.1713706283496;-902.5766648795646 -356.28006426271173;-146.04465081068233 -811.202465312645;487.1699983969586 777.3641136837538
1000,14,26,PF,4792.184616940416,199640.09920132428,4.391693963266667,nan,3030,3030,0,0,100,0.0,1,-395.4489669924859 -259.93048693459144;-34.03641064485189 -850.0584604240662;33.949252186655535 951.913035566206;-119.79255960124596 315.5750652339622;369.66838533362784 880.2288062271547;672.2427475890363 136.77354377490053;121.4125547680512 -517.9251273838297;536.0723853471255 -161.47081977194546;-552.9209264995314 617.5650339091998;215.3053767631896 591.6216630204038;-821.7013188461242 -198.25142945828748;-100.121006178794 659.7336773991357;593.8069349233099 579.678388554931;890.1221867160139 -454.52719023197125
1000,14,27,PF,2148.788199866336,202283.49561839836,4.391693963266667,nan,3030,3030,0,0,100,0.0,1,-462.86632113775994 -36.99073362886295;-173.75226880920803 -868.7593146004127;-926.1681133980755 -12.471409741578578;423.1563905546318 205.1940311545373;814.9158864790516 -446.2782557115932;981.7198122325996 -52.14602616527448;-326.71363537172994 660.8499711200438;168.78737558365677 -804.0794322243763;-762.4127663638324 -589.6935511699378;-59.66546202254244 94.38685161167093;-763.9770400090705 326.2595355522311;249.67269551102206 -268.62304487626295;-313.4421065757758 -518.1972145455013;655.5490740720918 517.5415784547977
1000,14,28,PF,1998.8391838888638,202433.44463437583,4.391693963266667,nan,3030,3030,0,0,100,0.0,1,157.73662885189748 164.9375216481382;954.5512861896863 -12.635541880640261;-554.530908378245 773.3258931629595;-6.944559412563349 845.6348381399846;311.72439656015155 -259.37734985597257;-356.40738551803764 160.52608139841436;-124.89754075238895 -489.42208145192086;579.8163227060421 53.20528619315481;750.4750138928742 -416.89449762385766;-130.6380521747298 464.3613780461407;743.744190576738 554.4014227831195;-771.6969722191603 -95.79797565712325;-544.9835302703005 -414.66473803944365;304.6154879145694 602.2010109235874
1000,14,29,PF,3241.1342210483854,201191.1495972163,4.391693963266667,nan,3030,3030,0,0,100,0.0,1,-424.0686477082757 -410.3476579221834;986.8154919485027 -107.59262763177614;144.93626105028795 -477.47229537738133;-120.17148453943142 -830.9628183129165;503.20439767732313 -377.79204169454766;410.1304752586068 -782.7709685553606;157.00012086204427 451.95575269969237;334.68071918705897 -93.20993734069044;-112.92403647746298 -177.24162516310068;-384.0599148767224 72.73907319677775;485.6116070270946 705.0196232382526;696.5475729643849 224.85342091941018;-946.3129504738896 48.756328950000295;-766.0174521777765 -441.38753558826744
1000,14,30,PF,2514.279769400455,201918.00404886424,4.391693963266667,nan,3030,3030,0,0,100,0.0,1,758.7107583364784 518.5457739642585;98.21065987552868 -694.2626529488381;-447.0307006490033 -34.962330667603574;777.6636922344685 -540.133555052718;607.1863218182001 17.617344692882234;-218.96189841612835 334.8023010867059;73.6668715106124 153.31290506126726;-685.4328734246255 718.6097985871718;-889.50193749152 211.65158401310575;259.6902968057562 658.7581396385519;-462.77468977177756 -742.838134483056;947.7592048270177 -73.97208047166396;416.58670058424553 295.39155402088744;-171.57523623157033 978.5145270940168
750,13,1,BBO,3667.440443445783,186162.5373878,3.385098687566665,nan,3030,3030,0,0,100,0.0,1,-144.72583532261126 -676.4648157775559;454.2985011167152 593.3179276658896;580.0667036812565 -391.915287870743;-646.509081682983 223.32008142184156;130.60785910343884 -512.0428587355755;-426.3886340132594 -483.05094566081243;139.35782736007172 690.0261205534243;701.1344267571565 232.77823575391233;-436.6676679454667 555.1154124080933;-98.05952670409408 307.4017340358446;-236.00471498328295 -80.12894993002953;334.77482472851875 242.5750353958873;196.04099559560177 -43.19517135143292
750,13,2,BBO,4822.709614408173,185007.2682168376,3.385098687566665,nan,3030,3030,0,0,100,0.0,1,-405.7179160700931 -573.247130614666;561.4876927418668 -394.25481620091546;580.16062275439 216.44630879694864;2.813079395869863 693.9894553420904;-623.1864031736858 141.19790309670998;318.64057926642954 -656.2684995499329;-655.0987382683625 -258.1915392686112;-143.82510593633322 153.0242978258317;-110.40325203228201 -423.2351208484868;270.68554337109697 268.1747499008354;172.83853932758166 -262.47140898574077;-326.2534757505111 629.3879130039732;468.49724053776777 541.4315653709687
750,13,3,BBO,3793.830056166509,186036.14777507927,3.385098687566665,nan,3030,3030,0,0,100,0.0,1,435.2588309516043 494.87259435540136;-44.40007574298545 -405.66870454307866;106.48185688032265 43.13668871606876;714.6732051964691 223.96107227179243;-210.75551823346962 329.1994044877092;86.92598406772038 -741.2316079579431;-677.1285844636907 -254.78084504984486;-627.6688686641418 187.37363428103356;-359.6277813336216 -608.170715796325;419.3880625679478 -450.50044667788967;-464.45556104697107 514.0180030393371;134.49289413466624 703.9505150619407;-334.6581805154298 -72.65942128558618
750,13,4,BBO,5286.787775975361,184543.19005527042,3.385098687566665,nan,3030,3030,0,0,100,0.0,1,290.07694545190725 -65.56565229685702;125.89883306980028 290.26152437365454;-631.2465842432129 -258.8058768070826;-282.2012436954137 -144.63953826997874;-548.5135111521477 237.18657356721326;656.6778749438333 -179.3531887330155;544.8410103241797 501.34738899260105;726.1227185273699 137.15115568666727;-293.71205322626605 443.09062343022106;307.58065594820505 -666.4280119096723;-474.7259456090437 -532.8155042160471;-106.9827140252853 -562.4159649825286;-46.23379303488059 708.169814495955
750,13,5,BBO,6426.541766200273,183403.4360650455,3.385098687566665,nan,3030,3030,0,0,100,0.0,1,-367.91842450421973 -611.454642737873;564.5983421163323 348.4158496505913;-705.3693596642686 211.43759510854795;-450.35027015071034 433.78313482065346;-173.09224068666038 629.1128546982704;-267.28770141606964 -296.3742481970461;353.6003115930082 -7.144588538263974;376.64511977360416 -552.053967782573;-470.87784332654496 -25.89553499186809;-193.88085532417983 223.0545695360696;178.65961601768413 545.5534161451978;39.91686714492107 -687.9386040931413;646.1502967803519 -212.97019699386976
750,13,6,BBO,5666.613563185878,184163.3642680599,3.385098687566665,nan,3030,3030,0,0,100,0.0,1,-635.0912264945138 -181.97615198302594;-79.81888069455897 -91.63865440168672;-24.998781201927613 594.9227208290511;-260.49584860851854 381.4536422484607;-600.7222557210548 397.191747488112;455.7656919995484 557.4319472496043;27.445169522960327 202.1024420397373;332.80144397748563 -603.4520970513511;179.65874522176682 -334.15650748876504;-521.3846251852947 -484.4676818613254;-232.22251936186547 -677.2859432150927;636.0879654875969 171.77618854537764;-457.0090924274556 97.90559118503052
750,13,7,BBO,3439.129749311047,186390.84808193473,3.385098687566665,nan,3030,3030,0,0,100,0.0,1,-527.5076758860989 -396.9945254230701;626.1052111441063 -209.8438793685425;474.3792606898526 415.0620747354144;112.21507854376068 -523.2567882237335;-467.4575960224182 569.9630659925247;-143.58302854205317 -274.5653456531833;430.2798946001037 -532.1331689673108;-677.3248045156649 73.67722085574587;248.24281472947519 -74.63525521684846;-267.24750053973327 121.56772894312064;-73.9614938936212 580.2513585891188;-298.8824558396832 -685.6486443284975;709.5976973834872 168.31356763755468
750,13,8,BBO,2547.0958674103895,187282.8819638354,3.385098687566665,nan,3030,3030,0,0,100,0.0,1,-344.2074470366454 27.320823599705363;83.06502067366853 295.3755456741401;-516.3489450392503 473.394087735875;338.04170973633313 -301.5518744903412;406.9608472523348 598.9175752024671;-704.8530440741274 210.3372982568426;-546.2639746244041 -332.31926806024705;97.46425684911549 -653.1045503468885;637.6980459955194 -29.405495987723043;523.390487719794 270.36215182899514;-95.13055693097408 546.7970735014908;-123.71629945003485 -422.8082557286411;-224.4853545853905 -714.1401484310936
750,13,9,BBO,4914.732087084703,184915.24574416107,3.385098687566665,nan,3030,3030,0,0,100,0.0,1,74.46878037366753 430.3589621017154;-282.14368723480584 -677.1864763372848;-665.8379571536619 -37.73796710550664;137.43150022219572 -663.2261841483374;672.7250529125138 -219.8695321647316;-181.1100515614072 -92.56638692747845;-482.8140456866707 -372.16824617617743;245.30508321642958 698.058138656809;392.9141213282835 -487.2529020853052;-162.814903468725 717.3199748510906;530.0761175665548 443.6350598766926;500.2732022864575 133.21840056918802;-600.5643377442553 391.40304033088546
750,13,10,BBO,5469.686688321293,184360.29114292449,3.385098687566665,nan,3030,3030,0,0,100,0.0,1,43.74488794333456 316.71389756255167;-299.6209522548875 -603.617315217765;-38.4269730412808 701.6672801091338;682.8054023746645 -161.03344221437965;-532.7541389838332 301.5276416387146;516.1715415744443 330.3582472885446;23.886439423045545 -77.81886290897603;238.56540437228898 -382.5530589693631;-610.2499544973659 -344.5441405849086;118.36579544317124 -730.7990436045927;336.278456771573 598.32596951598;-234.27287163819017 -282.0900988913754;325.08341133776025 12.285281716895383
750,13,11,BBO,4380.200700386631,185449.77713085915,3.385098687566665,nan,3030,3030,0,0,100,0.0,1,103.12553770331749 -254.16628863027023;-698.6215530616008 58.890184941710686;-348.03465668445205 659.8680075828368;-197.14841038736893 105.1322097372954;303.50985202146967 -588.4365413839895;-633.990022116227 388.7675480123137;387.0762538526217 75.59770763864162;491.11105975306873 -218.0313791588784;-139.46287135155103 416.8441905405032;-448.8134149653121 -126.45131759542096;-328.7176282644038 -482.5188686244875;173.54230091102318 461.35652506866745;615.5659336318172 421.11567033481174
750,13,12,BBO,3696.037605912483,186133.9402253333,3.385098687566665,nan,3030,3030,0,0,100,0.0,1,274.30745514040154 -211.25412453461718;387.4709820065882 494.0371970737315;-22.12638445915718 695.9699083436822;-340.77119630213076 525.0453323802722;-56.23915100640363 -271.0439154999097;-714.7944015444933 -176.50970191516183;41.49960405624381 173.0580304101021;-571.744875882089 224.07990844653;-97.54444790747857 -659.3549944412094;678.2896657828426 -215.60349790057614;399.378980888074 -551.7079081630554;552.2809501109557 194.0606056936881;-379.52148153994034 -485.2140835828433
750,13,13,BBO,3968.6246659875324,185861.35316525825,3.385098687566665,nan,3030,3030,0,0,100,0.0,1,296.0424622654491 46.546008540596404;139.44475665538164 362.5979977270322;-230.34397733515823 -226.57691007576045;-620.8236865548013 391.17661187512954;444.196143517755 510.7708023741011;-356.35939042818876 -619.1164570694065;161.18488371367505 -730.6253289741932;-101.54054403271107 114.20879134474842;706.4638661098861 238.28772913836463;594.874817106353 -436.894996468746;-631.906060737777 -309.99358067660665;246.98322354614766 -392.9048576516048;19.873098324287525 703.3177251778268
750,13,14,BBO,6.844466647574396e+22,182552.57332126205,3.385098687566665,nan,3030,3030,0,0,100,0.0,1,-470.74070042234666 -482.93193807264885;100.64279400013174 490.83672060389495;-616.3127438961169 224.42485698796588;-274.8725461240819 49.12228020428199;497.14968749722084 215.40484070227978;174.29603259072746 -555.0523132543049;-712.4326755837272 -113.1019186439463;-161.34401373746584 -303.63148057099835;-81.10568506501932 -674.2272242929575;375.7822324554247 -190.71059450133407;-206.8719199924285 461.4438787105644;175.48991907800428 48.954838951559054;497.4308881021566 -505.3768070650214
750,13,15,BBO,3242.608637272904,186587.36919397287,3.385098687566665,nan,3030,3030,0,0,100,0.0,1,351.7405818709233 -629.3588470523389;558.7023965035858 -291.076335995679;-74.43211828206313 -71.27212635863441;-124.76781130893664 -713.164989644767;124.1892834794802 388.6901214231291;-353.62587276410835 -288.8830713422536;-67.87695696882417 680.4861669020991;102.79053139614803 -396.0072948003298;-472.34543228769286 21.1464009928452;562.0352689207125 342.3492948274816;694.4255893419704 57.2910715939845;-600.3853406542473 423.45092516004365;365.7024994237788 59.38240816953396
750,13,16,BBO,2996.616714136617,186833.36111710916,3.385098687566665,nan,3030,3030,0,0,100,0.0,1,645.7147507129416 311.38929889427595;3.4948894546525935 -611.9050805791792;374.8206862849722 -575.2156525387013;-552.8818240535561 134.92762087708866;22.512119586722065 617.1013132847788;-82.61151422491946 313.74796860798574;153.27643012847125 -171.9011410784674;-440.7881628925252 457.70904218215037;-218.07713272571834 -212.61719960675987;-709.4327811798532 -212.14956935855867;-419.960637364879 -606.8249823046788;356.6809344881208 480.57141238645977;748.5932931862126 16.91949661093588
750,13,17,BBO,4783.105517893273,185046.8723133525,3.385098687566665,nan,3030,3030,0,0,100,0.0,1,729.9575744653807 -18.5169828988046;-634.7069295606057 292.7899426400138;44.10151202097927 540.0190015980595;-247.67704433747753 -456.29514927850806;306.47016266756214 -52.957966536107506;465.1226162176515 -526.3994574630343;-138.97613453536496 -137.9409662531724;41.67220966810737 -644.4056447582105;-401.25150475442337 85.23994535214001;638.6437870890434 384.931892116595;-410.2073087769138 528.3239548414649;-673.7967878185791 -250.82356893203587;204.45484163319986 -345.7799334839919
750,13,18,BBO,3523.62372133974,186306.35410990604,3.385098687566665,nan,3030,3030,0,0,100,0.0,1,-131.89017271134912 403.09436838452893;143.59203379852158 645.7753862820953;84.92090888406483 -611.7543446721343;-238.4974407578345 695.357361432996;-703.2090244616593 -79.80110769897556;92.82848257848104 18.31061909073094;606.4459037676468 -420.73562206801546;-543.2370203331515 238.03502870812292;-289.3132543053735 -8.512704122852256;607.559262424131 332.48927446921425;-45.18468531885878 -276.0062150483169;-293.65859852889986 -658.6928527208962;386.38459599691873 -170.41784099589597
750,13,19,BBO,5185.129856797139,184644.84797444864,3.385098687566665,nan,3030,3030,0,0,100,0.0,1,472.7502963573629 559.9798542748963;-39.239583494997646 431.32511070746364;-504.78432187944105 536.3548920232408;-509.5602235066767 -173.78787459040427;-52.32268742145811 -707.7267103956841;-233.06258139301053 -436.75884718539135;187.48974246803948 -426.02074980749245;570.8989619497988 226.75778673917296;726.3414159639822 -89.25938855419622;240.80764193968866 36.33437290758911;-552.2981103660205 -491.756703955499;-641.7628482308367 190.11049765858832;524.4323814478159 -454.0981420861022
750,13,20,BBO,2.623829741846312e+22,180829.87307560496,3.385098687566665,nan,3030,3030,0,0,100,0.0,1,146.5045377531519 413.80572330130667;-529.8263422095685 -145.52876273866207;-238.05161330820346 -29.530545638115655;-127.66741534427013 240.58797739740703;-427.48662478934017 -541.1216979878004;310.50122829062707 -245.74088045999542;-2.7783183059078738 -261.4513248677332;-457.53717611798044 218.10350405799954;135.62065572984397 70.7387424313456;-46.95505464613882 -714.6383950797781;399.68592516725175 626.9068294158621;-37.12914521410357 660.8858521389318;536.9120284711244 -14.8615226212072
750,13,21,BBO,6061.939049173176,183768.0387820726,3.385098687566665,nan,3030,3030,0,0,100,0.0,1,576.1105765334944 122.08139641667208;-282.3150561316243 30.305969358412426;-633.3172272734666 82.77113192797867;506.4422978011662 538.4865941048815;-103.44444356531585 -433.9445933687679;69.2034314172621 282.72724801369645;178.45379515136835 659.5457141622121;333.94042815211014 -584.0863688293019;53.16373763862532 -161.5975544677317;-337.37229806451614 -636.4512497785848;-282.2273185603571 377.381403444085;687.5368383460341 -214.36844280249738;-491.0321766835904 -217.40011599633385
750,13,22,BBO,4313.752226244047,185516.22560500173,3.385098687566665,nan,3030,3030,0,0,100,0.0,1,103.38457291937698 425.3221871966075;-351.69195014632595 92.1643997420664;-60.74036521626408 -104.2882932323406;595.9756990853239 -67.91316567829608;265.7555539692863 149.14309142142554;-186.60412066546883 -478.6247450597735;-409.24902723041436 -225.75128457957328;476.5638370495808 -408.0590758003293;-231.4722231721596 412.5191032221787;-546.0114923017626 494.97702115581524;-648.5751997098957 202.54440643125167;650.9678559020981 255.0576606315002;-26.089540978390346 707.1471180363442
750,13,23,BBO,3287.3469678154506,186542.63086343033,3.385098687566665,nan,3030,3030,0,0,100,0.0,1,-600.3550738106878 177.77342882780783;-416.77710814871966 585.5098939418488;579.4839117959 -7.717190552115994;-424.93956558218605 -285.15229244098913;389.34966348817443 482.5247750923204;-47.47331810027913 711.1476062476231;-715.6490964481245 -110.04532152009983;324.1207168210915 -184.43014331791937;-1.403004076137222 -348.8848635459061;167.82649481391786 -718.7906989531781;-310.29170084655317 292.1030493388182;-136.86712583343433 -63.796849467171;133.70708551749988 167.8367778910938
750,13,24,BBO,3816.2502550699865,186013.7275761758,3.385098687566665,nan,3030,3030,0,0,100,0.0,1,102.40872810211647 636.9842771734259;221.4396356255644 319.63236951265776;-487.46780100542765 200.28891689424358;736.3193079284404 141.26582150072;-670.8557237768148 -289.691114546645;454.3992076286145 529.5339077464287;509.0355228652895 -352.29042356688217;307.1764112482374 -651.6333990119685;-210.74591917414273 606.9479333505333;-2.240538570656895 -602.6173057237589;-57.936525808897045 155.17531244610575;-168.17796810085486 -176.13666379127585;-309.88421160411434 -450.1064964559852
750,13,25,BBO,6251.968782402808,183578.00904884297,3.385098687566665,nan,3030,3030,0,0,100,0.0,1,1.8235756806518566 721.2261317190712;485.38021310749855 284.26338540712936;-518.5420120559245 541.3573383132125;274.7908946990899 -305.137980091058;-23.92865169103277 -161.3309821972971;-310.19838146951884 -426.7402693645224;-462.65378057176514 -44.1157694552694;634.4520781544427 -381.7527264326622;268.2092469189098 -675.21168743795;-41.46751836931742 -659.2106940240467;-655.6722914717211 244.41650549784356;213.82777075690615 433.87711155745365;733.0589005824288 83.65654190651424
750,13,26,BBO,5735.600420840143,184094.37741040564,3.385098687566665,nan,3030,3030,0,0,100,0.0,1,533.605621150642 452.87770785776024;395.0491739616018 -609.6723027325381;58.41480868604549 -475.96646419568066;620.2221425112075 -167.504764770993;-651.5246147688322 343.6554028474404;54.80334711118496 201.72598225262686;-176.34153540467162 -698.7716961975914;301.63013874248327 676.6754778524012;-478.82232521597746 53.45155594611174;-102.48271041738178 -173.44568594394195;-595.0135968163795 -271.92814409607684;-247.78029565800063 660.3503731066835;-293.3894707776618 307.2482808135951
750,13,27,BBO,2.8213289495959065e+21,183694.8961083664,3.385098687566665,nan,3030,3030,0,0,100,0.0,1,-34.141530306504364 277.9452164140198;549.2011316550786 87.45324905692098;661.3505292687755 -289.9187190324618;-616.7843621868491 -379.1473863760301;236.8506896329866 121.78689588629345;264.49792882188353 -594.691063170582;149.60144182952126 697.0091624038148;-391.4554879578495 -10.796552911092476;383.97172268781173 460.647011060556;-541.274217667958 461.30400765770764;-194.41561482560144 -653.0263725781913;114.91017455884639 -245.76413832126678;-127.34432495504302 574.8563947476055
750,13,28,BBO,3180.0927653999825,186649.8850658458,3.385098687566665,nan,3030,3030,0,0,100,0.0,1,-441.5172374692193 588.0155111693134;-300.5003361156915 214.07290580456834;412.7960066587209 602.6950560447428;-690.1563907832144 -30.121580550749286;9.223177156175439 -338.9040274683971;-537.0963738975132 -486.1564596680264;33.84866056822125 697.6015743914722;-401.6911868620533 -175.5582450201947;213.1223286717253 -689.219837783229;-249.69721290180206 -662.6870513237728;401.2640433792492 -302.332671999331;700.978185891566 -5.517244919554287;563.8690556373797 284.8494898172405
750,13,29,BBO,4953.716710308567,184876.2611209372,3.385098687566665,nan,3030,3030,0,0,100,0.0,1,144.8806001754216 384.663646891971;270.7049569050663 682.479000093376;498.3842536318548 459.9729857191378;318.83253250466146 -164.89886334169285;12.38701696518774 -80.84042652998187;-464.42050354894246 -568.6950201320669;674.2897506725208 -83.99553749551683;-626.2782311087624 119.53149191278283;-54.019389713916325 705.7713227353343;-328.7005843765001 -217.1612850341271;613.3709128530174 -426.0506740404017;-298.54163409973154 316.54480316631816;-45.73863419533416 -709.4536281092494
750,13,30,BBO,2872.1238126806566,186957.85401856512,3.385098687566665,nan,3030,3030,0,0,100,0.0,1,-724.3309823237507 45.28111709915004;530.0725149537875 -306.67866667313797;-374.28031882347057 295.45498965491515;214.48368796454815 58.45094492210944;56.60322739002936 -597.0645017424922;739.4237521081645 19.162426393480928;584.2490809306694 306.5828444912811;54.09846828361947 509.7381389345271;400.13442167311086 -593.6767645148725;-71.4496689001378 -272.2895418126089;-497.1758485858704 -431.2101724740364;-184.06675971287677 715.9715429927423;380.85440094708406 643.4471134946018
750,13,1,GWO,7.104765194818679e+23,177183.5439041764,3.3856151409333353,nan,3030,3030,0,0,100,0.0,1,-280.9482432842838 -205.52523456117808;486.9104090550654 -0.04604699153258712;-28.45666629815842 -5.092655828420397;-53.864730432496565 -616.583510619253;233.07964636217284 5.093563358120611;-296.2175919897077 488.06183599868956;-684.697132591843 3.3912499785495918;749.7905489727027 3.961338224272032;106.10014688631138 491.35828193362505;256.7126463870359 -529.9258162936304;-317.74389977131773 107.87829704721248;16.854364859749055 -318.4561923979383;517.5041424716329 322.77614138242484
750,13,2,GWO,5734.514393848338,184095.46343739744,3.3856151409333353,nan,3030,3030,0,0,100,0.0,1,-305.4945378247921 -139.41540589799797;3.059907273154645 665.7738991342325;35.48548884296466 -656.1199194745636;719.0772428890805 -7.071461663344543;-412.8942497437188 174.4644161730266;-579.7497527291653 -316.1287004929106;-268.9087860105597 -552.326611836885;110.42188430321032 352.45206085967635;-259.51294133662077 489.1648078821329;-9.445640618923454 2.8526409070532956;521.7649260146237 -499.5404491464701;116.54752562845641 -292.5505936067091;317.06801539064463 -37.33674502919686
750,13,3,GWO,5533.563907196687,184296.4139240491,3.3856151409333353,nan,3030,3030,0,0,100,0.0,1,7.972665482002532 510.9531341363798;507.91120108635505 -286.628941638423;-233.35053716583994 -538.1382142178576;83.05325154826062 -58.33729312609756;620.8513601667934 318.42618157315326;-209.0447633194585 -196.8886277294088;387.5966240354815 37.12442941256483;734.2311537337287 -2.356212059833078;53.99411564687844 -398.46009915013724;359.9361403622251 -599.7336823731515;-613.6971853004558 2.1869622074677886;327.1868399831559 518.1520984461757;28.682559975714486 -714.8098015811047
750,13,4,GWO,1.0043289756146056e+24,179757.7685648097,3.3856151409333353,nan,3030,3030,0,0,100,0.0,1,26.132163962311036 -12.260349653001391;309.99878178392555 -12.241646144796034;-486.789877796399 -0.2895186504890543;750.0 -3.1757031277005403;-60.46063887126498 309.5082513844124;-170.62166721872762 650.4666011275207;433.88027333308855 -326.6961258355675;-231.94905425859625 -0.9814437835709956;-750.0 -2.0960553091104615;-497.4569843455815 326.5954864766032;517.5430680067607 160.00886422408766;59.43205703843987 -366.9128033615172;-468.53987116837874 -370.1967308423018
750,13,5,GWO,2.9307397009671658e+23,175482.69019890056,3.3856151409333353,nan,3030,3030,0,0,100,0.0,1,288.1304566124024 -29.68184596693304;33.50639865730472 -646.1262386021199;-17.047745784779718 -32.73879650590558;-51.78792372291449 747.8753909904948;-348.2583712501916 6.650504398200613;-331.2111913692561 -387.93377108330964;-645.2656680597837 185.50424555034184;-633.5574627377014 -120.6034386264452;699.3056639536866 0.3238950932841772;15.95493669554314 -336.19390857992613;398.09911692341984 -614.6199834616045;89.64423897260701 508.8402518198913;20.42513923485648 239.41889661913373
750,13,6,GWO,1.650908217962915e+24,174353.32279154143,3.3856151409333353,nan,3030,3030,0,0,100,0.0,1,727.8749592831567 0.15829147192186446;-236.3788042963741 31.081409150956215;-493.0424695156176 3.6980506210325994;-281.5842904298275 -299.8291769947236;-13.872078853766885 493.53771063201435;439.9416324229613 -197.17472560282695;0.6526605241824871 749.9303497681075;59.82060226305984 -322.392216210877;321.31813541201376 83.42113826509568;10.188006936085328 -17.421364561874626;-748.9987856383947 4.318246867077186;254.86282213621055 -557.3184260592744;-1.0013325597358054 237.77841817176616
750,13,7,GWO,5650.977070069843,184179.00076117594,3.3856151409333353,nan,3030,3030,0,0,100,0.0,1,33.267083085049464 -368.52980997568557;-736.2174894208764 -1.4030843117863625;243.27719443131878 659.2256019742294;1.5138491087674588 11.990642525570754;-538.825149264646 434.84088915177773;736.1689685325955 36.35658852663824;-83.82199408699783 544.0080640287468;219.0496735695367 268.43930260443034;-0.10293377056354765 -739.9467982610419;562.1359476224198 -321.6302094579301;-338.1451450882592 136.99363146487147;357.3467354201809 -46.8060871605172;333.0895320543289 -650.1119976240824
750,13,8,GWO,5679.168344953738,184150.80948629204,3.3856151409333353,nan,3030,3030,0,0,100,0.0,1,-80.23144904512803 -376.83770248270025;502.81111582386876 -413.4199285804527;-684.7451542696596 -163.9798476152156;189.92802575844283 -559.3427346012612;-364.8877209023081 9.818772843958989;-604.941718005062 333.5392084350212;497.4777236080752 374.67481703413205;717.8442681640669 -2.902989198794782;11.762850178743475 281.8265911484311;-13.19238434036569 -55.48931526446513;-79.36995370842295 -743.1721612333699;-187.9772683009809 545.6405849731944;326.59339523532685 -12.936039222065034
750,13,9,GWO,7083.121673881193,182746.8561573646,3.3856151409333353,nan,3030,3030,0,0,100,0.0,1,700.3716736264254 2.165645618674418;325.75720836057945 -4.427158436943214;-8.403359403118605 31.00074316598685;480.96370695701063 -321.46985172947456;83.19763344965007 344.4956218167543;-356.4432455633912 -582.5595647183701;22.989686487952582 -343.82499037131623;14.810494115034828 -746.3701497576244;-249.85804943230744 321.34529837649217;-2.7277041432648694 739.6927808089504;546.5954796018659 431.8329112565687;-320.2417137269603 -45.552773537546095;-747.8833263571737 -36.173545743957455
750,13,10,GWO,2.6531644171661078e+23,181246.97215849644,3.3856151409333353,nan,3030,3030,0,0,100,0.0,1,-607.3120879781113 -309.8024640919918;-265.26446140207906 250.28336941899224;9.781311801820449 386.1005808463565;234.84796168507435 606.3493544583326;-413.0625406440627 -24.223024494435943;-103.23285394153685 -491.75044810169067;-392.4746932641428 -591.3852338670898;22.055089153783626 50.706563305057806;653.3785813873209 -99.31731740481405;-1.6000574001873853 -750.0;-26.462891528070216 -224.83143254576717;-749.6581362424248 5.970451654846541;-227.2900626729854 646.2023678887784
750,13,11,GWO,7115.696094100596,182714.28173714518,3.3856151409333353,nan,3030,3030,0,0,100,0.0,1,75.9586242806627 692.7054014215528;15.692023701796318 336.460164467282;-347.0126907335612 59.89152469822491;427.02548055427786 309.18602621639633;-225.75961422608165 585.4134845487179;-672.3094355368326 -137.88349698899688;-362.3103469013183 -567.5917438614284;-623.6527137490707 409.6715978543422;399.09717889864413 -361.79917931214146;589.3272780958902 5.25200886313454;-13.467853902111614 -344.1221391508482;-5.2364540714868495 -746.066646278523;-5.1387133496152995 -0.7414530805221146
750,13,12,GWO,7577.0843527832185,182252.89347846256,3.3856151409333353,nan,3030,3030,0,0,100,0.0,1,-506.84491749770405 365.68108520282277;357.10871719475654 -62.34922790644291;-718.582184714937 0.7725129938612545;599.3547146047832 -305.74797132109734;24.86965159482004 -0.40862833419388506;729.291479585239 48.754085610967714;-8.51345096448587 353.24645192659045;0.8842603302308601 -336.23286946410764;374.3806599556558 565.3680989645185;-345.09744530907045 0.025683549816291756;3.686610140613155 -736.5889008852761;-424.4416376422266 -525.4310817242871;0.7265291074175165 742.4551078052424
750,13,13,GWO,6635.0965309254825,183194.8813003203,3.3856151409333353,nan,3030,3030,0,0,100,0.0,1,1.1036433257254714 729.5580174050873;5.230455681387919 -393.45478314201665;319.6834160168809 568.5516116957223;82.42607512992787 276.80769745285755;-243.25048080164296 237.51701509976758;5.946209295109039 -736.6210881261103;690.9226989285929 34.897411478970774;449.4186533739539 -438.49679851439583;-26.880226196160546 -32.04872139504872;-406.50781196783197 549.7567725565103;293.1789933337157 31.304621060481338;-701.0361096545388 68.47238695459691;-407.6131046276093 -185.6680733713216
750,13,14,GWO,4442.34424685649,185387.6335843893,3.3856151409333353,nan,3030,3030,0,0,100,0.0,1,-240.43614895915948 -471.0834981943811;10.989994908738689 609.0976093695716;-737.6458430054873 26.526321331628253;-415.7044200179209 -10.924703436352985;537.5565042901085 215.6384395767988;242.46684193215398 -47.77821064526787;-7.516259782252807 153.24757391546186;-280.90076125795844 385.2336957528459;366.16292804772075 599.1757924582581;202.64160731969096 -430.23140338135346;-1.1041824841100076 -744.2413674975402;689.4345003274183 -97.88355665144663;-82.98923259678527 -179.70992689030194
750,13,15,GWO,7273.056703411305,182556.92112783447,3.3856151409333353,nan,3030,3030,0,0,100,0.0,1,352.3794086956663 1.928917540461147;-96.9735946105328 -736.5263084478339;292.4329636585467 532.9357354002947;562.2638876159779 297.68470086827756;-336.1423323069464 54.494676567882266;-713.1748784339788 55.581352570133;-552.2117521301357 -275.16072213083197;324.35940069574536 -363.5725998839389;-3.268021728371288 -340.4275694173121;3.2118331766307104 731.9057168516459;16.956774140990028 332.4898141890538;728.8015083321328 -12.525759179475813;-3.326864331114717 -7.429802147535365
750,13,16,GWO,4065.121403054014,185764.85642819176,3.3856151409333353,nan,3030,3030,0,0,100,0.0,1,-726.7725468484632 2.3899615126128952;81.53407249371291 706.3021240293298;306.1593557473164 160.38251588331232;6.311867896654356 353.12489729558996;-179.08339344216657 -335.98735380401274;-6.37104916781761 -672.135401029403;48.669717921426404 -112.2143684445454;699.5527856223911 -39.72748981737583;-533.2084674206867 348.27425759526477;559.0785433709704 380.97221161984004;-533.3817857837594 -364.1449197846095;-307.48239273702234 13.561157206175096;359.1273604434943 -315.92378274930974
750,13,17,GWO,9224.23125198853,180605.74657925725,3.3856151409333353,nan,3030,3030,0,0,100,0.0,1,1.9889380209957546 746.1258839973153;583.450935242583 -346.1431692629009;719.4085149956035 3.20595809117372;9.69343250199124 29.66763905154456;6.886503939038363 -308.5721383691237;367.4569975366159 69.5527121125098;313.17480433276074 -526.0400565613853;-340.7002575019929 39.46278051903272;14.144615964539199 359.2869436542715;-684.58701339744 0.3453765928831572;-557.0171036071038 353.4478105425924;-306.7072151891876 -588.7676362547305;6.426604436142835 -741.482151468762
750,13,18,GWO,5760.882884185121,184069.09494706066,3.3856151409333353,nan,3030,3030,0,0,100,0.0,1,289.9358372070495 -681.73490164867;273.18570717259917 630.1962626407332;9.403062384782524 1.7097745801061126;-29.965861817292417 415.30313847763506;679.2014445433366 91.68283682010212;3.1222637260424944 -422.45841654301177;-557.2716826927076 -352.03838536718007;-247.42269492086118 -701.8492960599373;-143.19378587807327 726.2908483161995;505.32008423520875 -206.63348225687847;-310.1413756417246 -105.28533162138741;-497.6654269090686 277.58320194491785;-691.0995386564279 -5.451867479739486
750,13,19,GWO,4956.22847465353,184873.74935659225,3.3856151409333353,nan,3030,3030,0,0,100,0.0,1,90.03271257391611 292.2676647012245;92.7295593109115 -623.095421292725;499.80960888456207 326.48007712530585;-325.61255623184536 -468.0151474650498;655.3526799956816 2.9195326816612996;427.9243667908293 -553.3544794586892;-51.49715823349812 -11.426156698897463;270.8028149519981 -26.427858017979805;-741.8725459527851 3.4525313635849613;-380.6326908302887 600.0231981970818;-1.7511211974771692 738.5483256075428;-411.1024730511289 -5.898555402241499;-241.96831329802944 269.56494083929294
750,13,20,GWO,2.117261349032127e+23,176012.84600259725,3.3856151409333353,nan,3030,3030,0,0,100,0.0,1,-351.287475865992 -443.5458913947238;-32.93225184470148 -187.10810422171798;-37.53705180123757 -467.87854319286726;-282.9102179001388 1.339455428171357;507.455105500301 133.48674876968641;18.48436596786561 403.3896367418636;-59.77388193299819 701.5948543430637;-731.1079600496452 -1.345537860751425;0.3340057027051266 -750.0;-442.9931999564455 348.1447134039572;17.64190148683072 87.41529936753136;321.26384279801505 -126.53480752521375;527.2166571768321 504.5517259868382
750,13,21,GWO,5423.9903342073085,184405.98749703847,3.3856151409333353,nan,3030,3030,0,0,100,0.0,1,-696.9642428197927 0.06540218853901116;-463.75907524352834 355.294125505123;0.6022929948430554 -743.2164505638269;192.38170062702838 583.1893629223946;2.8030513698112145 -386.14459162213205;336.3516708625892 -432.5193452239998;-140.9767200661903 561.8437144032274;-316.30032146691946 -23.349457070872365;489.77474604458666 108.65277512873307;606.0968102133571 431.47555580854305;-3.908338099485023 190.51336325025224;-359.73966224277706 -616.7038211448317;184.1075878275631 -95.43816931984237
750,13,22,GWO,6683.358677662065,183146.6191535837,3.3856151409333353,nan,3030,3030,0,0,100,0.0,1,4.618378859338598 606.9782459161914;-327.99267837727166 -623.410188504111;335.7594427000117 120.45754534310525;327.4126407285259 -566.717356995799;-313.62436556106377 30.328522728608835;37.91053375047228 -744.1198734311461;-1.4022740260380016 -276.93159787678087;369.0113819656878 542.7044080896144;-496.04854431381455 -286.6988366422458;676.3964775238087 -0.9990626421462904;450.8531180205661 -226.84144689880642;-687.8701814614357 -4.471083787682598;8.54916221521061 53.44454074659095
750,13,23,GWO,4.452965446290068e+22,181670.30958815716,3.3856151409333353,nan,3030,3030,0,0,100,0.0,1,-477.60301075582925 84.45255188984213;-56.92405105266164 573.5724842946701;32.19096179382057 192.3476895364128;6.910036656239452 -227.2814349735204;295.51502826543356 361.3362585788571;-143.2579316781411 -703.8694094718011;-749.0480963277282 -34.31856431110017;-199.41930230260883 -2.786046655485883;321.7785473857927 -15.688180522782522;-330.8591096488312 -307.23393636535826;661.2583087639501 -95.46712170958868;-285.6440472206694 343.86653162494525;109.18678303356943 -516.5836000416539
750,13,24,GWO,3.2156702066929964e+23,171840.71952203749,3.3856151409333353,nan,3030,3030,0,0,100,0.0,1,6.849969452705673 474.6853285738784;694.7670394106881 27.688246421615634;-0.35259462858216656 750.0;7.971133702286944 201.24576361964765;326.9730635529086 199.30613036981518;321.38088948680524 -225.55109639736156;-0.8246120795104445 -735.4806187634252;406.3068867843004 -542.4742238082001;-705.4209167186699 -7.036786161532967;-2.960513412691492 -412.1037103498533;-302.818891116208 1.3555705819341044;8.386104186714086 -75.78283999879211;-361.59773546051355 315.0134660425024
750,13,25,GWO,7012.41233996785,182817.56549127793,3.3856151409333353,nan,3030,3030,0,0,100,0.0,1,-731.7931180687866 -1.1249389822417115;-433.8338840015326 -609.0196166491069;723.977123557831 8.277740115551198;299.74291434651536 538.7111710571623;337.6059028342532 -174.9621060031878;0.2468299248550938 740.0344353264171;-268.690422115163 478.76428989691357;-11.3320927724154 276.2807446560603;-3.8747838054097965 -714.8830380983518;-148.6611747043245 -0.29997512028451373;-653.2518315940575 368.3075212209674;59.02080867121189 -363.8620788460057;-425.7647335358802 139.24099021039308
750,13,26,GWO,4574.777910196484,185255.1999210493,3.3856151409333353,nan,3030,3030,0,0,100,0.0,1,580.6187726981419 338.1571759880341;94.2101819154043 -349.4988767460189;-110.35178009275292 -663.6911874766076;313.2333979902098 -653.2738526372697;-271.77224288279575 248.9402103320608;706.4234865598806 0.3484191084323342;-652.0848775207136 -21.29427444417607;-433.0095336911915 583.9525550890645;-21.605692119681354 -16.409666599197053;352.17891529554146 0.35865648622650603;63.25486788224634 315.0142730489161;-491.5171791421517 -343.019900941814;-7.04367724510828 744.2619021331572
750,13,27,GWO,6442.658663778304,183387.31916746747,3.3856151409333353,nan,3030,3030,0,0,100,0.0,1,-19.202281399163006 436.85587972135227;21.1405835841258 -331.3456951412587;-375.3565697811191 199.34514668818926;-511.9004086029667 537.6148700386317;-71.51725276787174 7.532737249089519;-392.5363237965471 -210.3883541302106;459.38293016695803 -501.28465086510397;401.08629168188185 345.1909001424558;-0.876990286100716 -709.6012547735389;4.885002967344146 744.7575227095186;-740.5899238227786 2.2297028440409803;716.3801313471675 36.676538098212255;253.98186936743255 -12.251263280554241
750,13,28,GWO,5793.511370019929,184036.46646122585,3.3856151409333353,nan,3030,3030,0,0,100,0.0,1,-25.854362381063822 -415.4851332183775;81.83208457259799 575.8645453515612;-489.803576783007 232.27296884137164;384.4022431972517 103.10821123008151;63.83500353023271 202.10618845911793;-711.058193452105 -4.259550208632774;55.665475437199056 -738.2485949370586;741.0200937430333 31.582389249473366;193.87686920382666 -154.5753417354355;603.317470194565 -325.86890412458894;-246.5767153957054 -124.89922388354466;-262.9358482679376 -640.3929634074215;-243.69727777753033 497.02212898108957
750,13,29,GWO,3978.0351125492307,185851.94271869655,3.3856151409333353,nan,3030,3030,0,0,100,0.0,1,-353.7181493170651 -608.8752979803988;702.1693797047014 15.876044605851407;446.8366279220698 -492.8591223757717;23.46012059671484 -691.4393322293099;89.83363999523748 515.2286083977641;-272.9071196338862 -230.4106113767473;289.3172570331658 13.739513203883119;58.49410747194421 -306.8045479147129;-618.4316365774126 18.524777208519364;-655.752673797947 -356.99858775966874;-493.4966072478485 366.58929160248135;-65.34790891074918 9.760483395721522;-271.5010562824139 683.0580868038704
750,13,30,GWO,7193.558280643949,182636.41955060183,3.3856151409333353,nan,3030,3030,0,0,100,0.0,1,41.497342684718966 12.384878178357233;338.2900105672348 648.5906355194988;-294.51114844642285 43.18678275258477;-39.25655347210835 726.7536068337489;582.1311057468514 -442.4319428365214;-4.398448332686944 361.43271455108567;470.0423955858905 272.4499734951391;-413.44285074293134 -308.9374386798821;203.76651629073567 -505.596238587269;-635.3407175666167 -40.81536459320797;649.2771674005412 6.698608439776192;-72.71672551144987 -309.98711479263574;338.96612850689667 -146.357930578013
750,13,1,LXSSA,7847.117012563336,181982.86081868244,5.329605342966662,nan,6030,6030,0,0,100,0.0,1,631.4751986813621 130.27113434309126;245.48899090054275 -316.2455808374344;194.31272574502864 597.5586035927373;187.66765366462144 270.4242235216143;557.9896719854836 -322.8734017105422;-216.66823179804877 -259.01651790766573;-343.12483209465114 426.8460541231552;-119.34010956533261 212.2183363370275;30.45187391953852 -61.302845689254205;-107.49676135752284 -690.0990845357431;-675.3020676006541 326.0934552666914;350.32665560450766 -4.689116604127791;-519.2235413634459 -399.5511791093369
750,13,2,LXSSA,5393.541943487653,184436.43588775813,5.329605342966662,nan,6030,6030,0,0,100,0.0,1,98.32100431619749 71.01554906925647;-275.61100313174643 47.10031294629133;380.0479632162971 315.51860532026586;573.7140163306658 -410.2799012612425;-307.4253124214179 -293.568495083682;-319.90947653382176 660.0213238588469;305.9098175788925 -637.8372717099264;70.48060213617588 520.0447677461533;468.8162291810458 -101.8946147458389;677.8902320988659 196.7317138566481;-74.60041441302674 -554.6287626176919;-571.339122091057 259.08554952149643;-596.0580225582413 -104.8293594622358
750,13,3,LXSSA,5657.6378280182835,184172.3400032275,5.329605342966662,nan,6030,6030,0,0,100,0.0,1,623.6955652854745 -254.40705663175086;401.6136858557084 608.2782185879146;-341.8337650435177 -666.9653806943664;-29.101525767066114 280.32114749741874;-202.04771514400102 24.33656438490817;332.35934716895605 202.2421633725992;-537.8479744330978 55.19651965779962;151.91326888269282 -199.36023051237456;645.6194184753427 375.8212570211524;-689.1087272379367 -272.8528725042171;-301.46546218001816 437.69340292157415;-376.93790045052606 -295.7079432847533;51.69695898014646 610.7739040533116
750,13,4,LXSSA,3099.604464263539,186730.37336698224,5.329605342966662,nan,6030,6030,0,0,100,0.0,1,363.71385940865815 557.7919682696657;296.7148618339802 -514.0299814090015;-408.4231289217591 214.53320926223716;-653.3255017687641 -80.42329850613324;658.9133674871248 -184.22236828923502;-383.17169187201796 588.6460611570386;21.80300621814153 57.00125370931776;-165.51042439789956 -226.79683597890107;-13.779880560168069 -657.0009517174874;-481.6586693693009 -446.34594734382256;323.72964586374263 -138.6736233172494;52.97723254546311 445.5896003483473;509.1024040392681 246.8848144721528
750,13,5,LXSSA,4841.778860219842,184988.19897102594,5.329605342966662,nan,6030,6030,0,0,100,0.0,1,662.1876262751111 47.94141187979467;29.04256850629238 433.9742985730677;-529.392441357699 -526.1405475740725;-50.2274042219112 -287.7171183639758;-344.310102027794 112.97814042669805;445.4287771546578 -353.97644599541223;591.9695054840545 460.38319301279665;-613.4584650104248 369.13894091147716;-688.4727791783138 -13.061745422544382;268.64158639452165 224.10720082230895;-279.4093126424284 450.9042632559712;294.84677996740237 671.7504618883246;307.51900953561466 -677.6424213214568
750,13,6,LXSSA,5595.330456367577,184234.6473748782,5.329605342966662,nan,6030,6030,0,0,100,0.0,1,-41.551189065882866 -371.66573085683785;498.16026397874367 -494.93049603504517;70.87200915816169 -34.31315469580473;-517.9510073860386 -541.8356939294276;358.791471314892 335.16859082077895;-22.355242669714492 400.22846566489;385.08483538506124 -185.77552934438202;707.026004426974 -246.87507224186947;-335.38918998587826 362.1469120168833;-738.3479392189253 -128.6103837150769;685.0789062482443 106.58267341616781;106.01020689885645 701.3040930567075;-419.01352791080683 -64.38713977103014
750,13,7,LXSSA,9790.189221549052,180039.78860969673,5.329605342966662,nan,6030,6030,0,0,100,0.0,1,71.44494301563583 413.2646015228789;716.4417982997917 -176.4521144037583;563.9901712022249 328.777776512794;192.3515619587313 -720.3336537500315;30.517324553066036 -205.62207279452565;337.2663581165162 -147.5519003916375;430.09607605842535 614.372004874334;268.12803304793493 166.54218473177707;119.08733232649112 718.511630837843;-384.218702470701 -495.42403089006655;-45.31319182406108 125.51323225881877;-277.6977795969995 -182.4941089954749;-336.4292814060431 229.1785920997764
750,13,8,LXSSA,7230.52835927502,182599.44947197076,5.329605342966662,nan,6030,6030,0,0,100,0.0,1,-415.12736773711464 -187.07752482246937;-461.3841912396274 515.651794199839;413.1421916492006 -443.52752121753804;523.697056099651 -149.88902613828418;373.1640800304923 125.9163914603694;35.10624377168559 116.00847705930919;96.4094566358569 -534.6072888367748;-306.1256686567467 109.02990406250632;678.674179424647 305.6782525632272;197.42963123645325 388.79272516726473;-114.86592831867918 -269.80332932039113;-113.17286364595428 386.4671128335912;-162.3744988255698 730.9564298509382
750,13,9,LXSSA,7399.511217541643,182430.46661370413,5.329605342966662,nan,6030,6030,0,0,100,0.0,1,-720.7602324849029 106.26251253201993;-452.8041449142774 -443.2321359149307;259.8649062868862 179.92920149356266;563.5830552816831 231.7749600542997;-14.533142878021094 373.22685758561596;677.3916780481512 -125.59711894415753;-333.28842154582406 618.1698814528288;361.43840593145353 -210.61128610051924;17.216431334433175 -28.113557439730364;-689.7535198480826 -238.46307346169914;-417.2981509031576 -17.98363928375954;-189.73982077350047 -264.9814419274998;-170.34285532690876 -693.1036389703271
750,13,10,LXSSA,7243.8527902180795,182586.1250410277,5.329605342966662,nan,6030,6030,0,0,100,0.0,1,-369.13175265168206 -346.8245989973594;221.00856654366348 180.8690266142242;-667.1461800181575 -268.281375233506;-451.71182935911514 489.1564347738072;153.31020750135943 -564.4744179629724;-647.941614299435 204.62054893922664;721.1652053027774 -199.59400502880752;433.502158075117 -407.9985249203862;-49.26069677327407 -316.772096895685;-344.98138470616294 81.33982696329177;-243.88531963681382 -668.9032057037529;422.83514424113446 -94.1674734645592;-91.53363392864304 256.3692345661411
750,13,11,LXSSA,2.4377631317128954e+20,182168.42836380648,5.329605342966662,nan,6030,6030,0,0,100,0.0,1,233.2357197844528 -712.8099367813738;-438.2444740115939 -415.0593755201523;-439.88651187997027 353.2262945047398;-29.286066730054415 87.23380826714008;173.60481417273402 -411.3889156281892;652.3262235593716 272.08931300454555;-185.50232555721746 525.9704522737054;402.05267398526263 472.05765210589;116.03468304749109 586.3118720127374;214.1809085955907 -106.81944528600596;-82.60968363408378 -596.96690532717;366.01430039560483 160.45175332713583;628.9886105616516 -177.4618769604155
750,13,12,LXSSA,10251.71980271014,179578.25802853564,5.329605342966662,nan,6030,6030,0,0,100,0.0,1,521.0547376926919 -532.9732003069937;109.33334789757326 -741.8112218182714;186.2041719440123 608.0733069448735;193.1343293745097 -445.4256448565471;707.1670330182503 -69.54738373128028;-683.7692443806496 -283.03434905004787;632.9968978900264 236.09654492346698;-226.8703769310357 228.84715016723382;165.88252979610033 -138.02983588406565;-560.071153748264 381.59151236100735;-556.6327352864787 -0.7347652099991381;-165.24460475103746 -115.34997851858525;-414.22326432440684 -437.1702587824322
750,13,13,LXSSA,5499.525166398875,184330.4526648469,5.329605342966662,nan,6030,6030,0,0,100,0.0,1,332.1877579082403 222.31667186801565;-424.64038219085455 156.8160878861667;-341.39691501447 469.3133189160011;-84.42647555051401 -658.6386644077497;-735.4143060373033 144.1389752966091;-30.830598565610398 705.6378729155456;395.4794829861074 558.9274288084333;52.80297752192533 88.9812582031662;630.5065901133784 -25.20587864557057;239.51673281076594 -224.2476222419277;-240.64646747783866 -106.80176419223248;546.3259671753952 -436.78029463791273;658.6335329948319 326.8165939126603
750,13,14,LXSSA,3.1017935224040954e+22,177289.00460358776,5.329605342966662,nan,6030,6030,0,0,100,0.0,1,15.240857051786573 459.51690412583446;452.1269735410842 -192.19456359981007;652.2242254097289 49.8569643467803;220.0632959130597 -402.0709331806349;314.14467637910485 77.62939670606636;82.88641892771618 -705.4570279618607;-574.9081283198439 -130.0644233215093;0.8800268836618567 143.45359267861343;-264.1368633627114 347.0771478771474;420.4344364294422 -617.9625059904013;-279.3984659300073 32.05674010552407;-467.7606795574096 -511.980710051623;34.734476224776934 -159.81468189836858
750,13,15,LXSSA,10278.099089644442,179551.87874160134,5.329605342966662,nan,6030,6030,0,0,100,0.0,1,-75.30465994701167 -210.68760190676286;-684.9557193396663 132.26295636939687;257.11276135116344 -188.53913469445558;-118.74764016009195 298.1555956196342;-46.503212835394436 -553.3071294438216;85.47732705944726 67.24618034501707;169.1463917540263 411.69708211175816;-289.6057369858061 14.649222964049972;-427.1080407806608 301.8969526538431;305.18189702234883 -506.5871436805037;349.42258315525993 663.3465989396209;-451.15740173366447 -254.7874440466494;415.881850241587 80.32107214794702
750,13,16,LXSSA,5485.077837757388,184344.8999934884,5.329605342966662,nan,6030,6030,0,0,100,0.0,1,431.55110524234175 -594.3507263559501;529.2086723487806 395.46241977645167;28.239416008278482 -502.2918980675471;-199.97179384079132 -142.87388844340882;749.4361210764696 -20.377918304008716;-322.4462853176809 216.45980878840766;-639.2228977881637 63.61123667356419;527.7655335735079 -279.90324951514555;125.19376296872218 -5.60254552533574;437.65080438611614 56.08323252438612;-57.899570098134674 530.4034627943944;-392.5062515034382 -474.1742958270219;-661.9534408301682 -251.8646702879481
750,13,17,LXSSA,7932.6992331324145,181897.27859811336,5.329605342966662,nan,6030,6030,0,0,100,0.0,1,433.49802750588935 578.3327047021751;-335.05921806528136 89.31218769075589;-240.18356059290528 -639.2126098109111;566.6142627027665 -148.04154204273772;-697.8521045693619 266.04800001880005;206.9499464374812 85.61343500021289;449.76497428240293 -600.1759759957454;140.5948116397802 477.7301048522434;-278.5254577626842 480.41816946646514;104.28316585971072 -658.3859043065144;-70.99042118397097 252.39816791715762;296.0836559230895 -333.253362335131;-94.00294325568741 -104.97990943917381
750,13,18,LXSSA,11373.060992504354,178456.91683874142,5.329605342966662,nan,6030,6030,0,0,100,0.0,1,87.14309187500129 -294.6609134537706;375.60828479448105 -178.09343714784225;88.12040791277677 577.7449324343478;-505.1891271273714 206.71569689069304;390.26535232497366 640.4601535951971;652.6940348939607 -348.1896943737608;85.97592866946408 229.76365280216345;673.4876093708797 -32.888570347466285;-535.2307647998542 524.5241682222107;-215.16494386389485 -115.57856432748106;-488.81912890732207 -259.68533913909783;395.02406371788044 306.4330743744656;-221.63958393701878 567.6710566852381
750,13,19,LXSSA,9988.45686887548,179841.5209623703,5.329605342966662,nan,6030,6030,0,0,100,0.0,1,-152.64052325616706 -104.27722618102081;585.899009785281 67.3702428863664;40.87016695790288 607.9052883780435;631.6067960434118 -268.7817454049491;-624.3256164183763 -169.22440348091644;117.90333214859318 77.9450062786315;305.56862732172283 440.4073330658329;-225.08486177939204 -406.5316118700757;-206.06243050227073 419.68425977448305;-477.16198378644475 578.3751576623267;154.232228965365 -467.8946462956704;617.7410723852049 407.8489691775502;-533.4194041777283 -503.26745624394823
750,13,20,LXSSA,7962.09462671791,181867.88320452787,5.329605342966662,nan,6030,6030,0,0,100,0.0,1,161.99149050093874 -368.68286809522635;-291.6517521267622 308.07521476290793;657.6832102882144 -207.1042707776248;315.82274888228244 407.943645217642;-61.68603198347568 664.5152455368342;243.00625757802308 709.537904088086;-574.7362728290944 97.50130936024053;214.94189725870396 97.82017415056218;-547.0919831432708 480.2295605684909;-196.65781205908158 5.171921857873344;536.4733512460006 109.85799895782577;519.2331703442513 -531.6147250558695;-538.4555536821375 -408.83440915641165
750,13,21,LXSSA,5885.220849859586,183944.7569813862,5.329605342966662,nan,6030,6030,0,0,100,0.0,1,-21.60207935473238 -655.6549971307165;507.9139500512177 363.078909787026;4.560051199650534 -147.2170050290363;441.9048954398966 -565.5456817121043;-332.6502624807429 -661.9528714840606;214.56773615425536 475.47884812923377;268.9434190717797 -310.5652640818548;-473.18029484287644 247.4682043538485;-354.327834598872 -86.47963784491326;-583.8828254074471 -466.31603298982947;-118.63786094906719 417.5852037486889;-666.5002388261904 -72.89244462920412;-353.6309813388427 619.3592522093492
750,13,22,LXSSA,8494.561750790948,181335.41608045483,5.329605342966662,nan,6030,6030,0,0,100,0.0,1,11.683864034573698 -442.04907512999813;501.64075594445313 -251.21439715392052;693.7970705001194 0.5126044759665412;127.096063135012 604.557874956263;-330.54571901326403 -479.54228443508464;408.71327607414526 135.32514893972765;-663.3557472534623 -191.53450686762125;-257.8615942292895 109.64998971273468;671.2320330205787 328.6171313209275;432.02501584876956 531.4342839272653;68.10698093133338 289.9826725455243;146.89066824377232 -165.31250527189994;-274.59875492325807 526.7927376421235
750,13,23,LXSSA,1.3929592161815889e+23,178160.47798289367,5.329605342966662,nan,6030,6030,0,0,100,0.0,1,-311.3677465642319 33.06499721872265;-173.81272440239778 -561.4065862177303;-99.41685169962727 554.1940016116707;-95.28992895922941 252.16120954095123;-707.5896093829059 239.54516087719503;335.3226187439612 -258.5288432169687;-429.1059541132187 355.5258741139171;-131.48473794695659 -207.5410804742637;488.0426221652653 -2.7227679659398825;732.1442408442223 141.07407608566405;-379.87851984601974 646.644050048526;197.22201682402542 495.52410499221713;226.58964242200884 202.90859045187364
750,13,24,LXSSA,4118.691950209672,185711.2858810361,5.329605342966662,nan,6030,6030,0,0,100,0.0,1,265.4849096417919 169.36281401626297;-419.05274732335175 -109.61586463221548;419.3701686729778 582.2730346292177;-641.3243843368101 156.5397900284652;-160.2137003607013 121.81166252535434;115.08785975119521 474.66047746269214;398.09136068686973 -110.30116428646244;-134.9860019221269 719.5731970904103;253.9764416923873 -383.0883769977695;76.84049799743713 -99.32002993307437;-660.4700684324155 -321.8973026567706;699.7616187087473 -251.73336899175214;105.00313345643465 -694.9783226060347
750,13,25,LXSSA,4624.3229198734625,185205.65491137232,5.329605342966662,nan,6030,6030,0,0,100,0.0,1,-233.44100463978742 432.6180401206573;107.31488061783404 -725.9899613509334;395.5403164780042 521.8332667373769;644.6272695373341 -381.0191706963195;-203.471390223713 -664.541192139006;177.5082986143384 268.858641567081;-119.88805411802967 117.06626237985354;500.7078011538436 227.0374716723074;-615.261666917394 265.8746456420593;-499.2948469369395 -378.62863804296677;-646.5416269224087 -79.63686623661467;-9.91375371860367 -221.88441359983275;381.4543405175273 -135.24303702835988
750,13,26,LXSSA,8314.713926853612,181515.26390439217,5.329605342966662,nan,6030,6030,0,0,100,0.0,1,-516.8071998352384 -452.0103559014383;248.16053066371032 133.40738823177117;-153.9618213341701 -642.8662432824466;96.77840587176968 -402.47830717250076;478.97419307257843 -225.04408228627355;-231.49162742157736 -331.2704465770229;-738.9307576760418 58.765834432233746;478.3636017214448 487.40892848058246;-313.18429244051407 569.0902899097322;21.65093681782492 -81.90005730553756;-217.93719236272779 140.94562716529933;314.0114066364147 -666.9065132878713;-481.30866112640166 -114.31560491240108
750,13,27,LXSSA,8830.864527208178,180999.1133040376,5.329605342966662,nan,6030,6030,0,0,100,0.0,1,529.174557516634 -377.80017491258474;-411.83010310886885 -244.1015646757843;-300.12797159320763 447.2362795330403;-61.556055900686154 -581.8157712723706;-119.5878744874021 -143.7993772344427;177.99297679361516 130.818155977376;373.0665314651941 -108.99916438539977;-125.48860787044298 192.27864816623108;-698.3256641372086 -105.45130701065212;306.8619850198547 -598.0742694436747;219.55475803676381 438.60411019628657;135.62284050216653 -319.78601192207407;632.543802134118 395.61333806911597
750,13,28,LXSSA,5017.17489675869,184812.8029344871,5.329605342966662,nan,6030,6030,0,0,100,0.0,1,251.19220847808205 -701.181376205757;-313.5644173950314 678.3697110045509;-560.0969217881694 -386.3501240677491;262.9809362290054 -90.63962269385385;515.4749218266512 88.89648338429322;8.41622946321003 -347.8983545005563;-134.84748251924648 418.6584535667657;574.6226089291897 405.771113085735;-666.8072446169361 114.16571313006493;-223.7452859196116 -95.29617362684117;370.63580226414985 -410.71247983372285;-369.3437839769527 202.1117375287094;-361.36841145769404 -626.1668312709693
750,13,29,LXSSA,6692.753474393627,183137.22435685215,5.329605342966662,nan,6030,6030,0,0,100,0.0,1,338.21709148709925 -658.5495051527961;-624.9228500227347 -302.45573351259475;-346.3589755524649 639.4576256269102;-437.0650786641153 -609.4804203641693;277.0804840586003 591.0716771690375;-61.33266233275439 -734.2425920573612;-234.87416537139626 -296.2073754286023;-487.52492692130886 14.977863419719222;360.18516842421303 -344.55284417112716;-374.67811090115185 313.55899989703613;167.17069423266025 252.37708760536142;49.57103147019313 -93.66649343024504;400.90703011230363 -5.725230312027354
750,13,30,LXSSA,5776.166234418924,184053.81159682685,5.329605342966662,nan,6030,6030,0,0,100,0.0,1,292.4442638358616 466.92429654389514;248.6453410756954 -358.5113063708191;529.2372553057203 184.15599902878924;-16.042619018569635 674.2805425090281;-184.50216089641788 -386.7727749204505;580.6816760381563 -347.7640220008742;-491.6659555371097 -475.73460497430045;-460.648590930095 342.81517162038716;222.52111215947863 125.95118191167701;-123.2815457029363 -54.53298650808265;-92.93079625754446 280.72541351699937;-738.0875320896045 -105.37596285983958;105.4965515884972 -666.3659250222088
750,13,1,PF,7632.333993620501,182197.64383762528,3.2737732886999993,nan,3030,3030,0,0,100,0.0,1,-164.69171446701833 -85.26854683146776;-141.77071763591863 595.6157325850403;-198.8678008664162 275.1051704376693;311.467187758264 581.9626968785486;183.38910064318426 -189.01547892598393;-649.1893947670745 -42.84053831113371;-514.3124262059298 309.75808492091744;-513.3100291628724 -432.3617505970154;664.1204816635515 -339.41103725475574;323.31515177812 -496.2716574896705;32.49002038741947 -724.478884333943;166.91081378481195 186.27981832656812;-137.26837047664696 -417.26312965399967
750,13,2,PF,5.418760733970658e+22,181938.05096324065,3.2737732886999993,nan,3030,3030,0,0,100,0.0,1,690.3660340906465 -213.94491376725767;-691.9635200205856 -189.93101926549363;-595.6409333357651 421.7020268636602;-320.30757668109806 531.2779592818772;737.2360629906532 72.44343526446292;132.21047300368164 157.14689130204002;437.7912931631329 99.91959428649248;142.39136806538284 468.8058780872005;60.92452445654513 -198.76407949102853;-151.0139875490135 262.044552307006;455.4274556433888 447.5244905621184;-514.4918463508136 -522.8370870568949;-473.7396322082714 99.06685281202219
750,13,3,PF,1.8531426396100365e+24,174534.783274405,3.2737732886999993,nan,3030,3030,0,0,100,0.0,1,-581.8229376678769 -266.6626540515175;-250.66209087924287 642.0515631805079;-340.6078878401984 253.91127497816217;208.96357687278507 655.4207549712409;-278.81183727359985 -89.84050260233619;661.5662599232193 -71.04167823674467;-556.6070193114394 -55.548656304862504;-118.60144118604757 -583.087293627967;-163.9978994592685 -340.5235772173329;395.45100581546416 298.9221189643006;33.39892424215611 341.01598319879565;187.90260697060947 -717.7998545352422;-589.1904517401993 228.89602836600085
750,13,4,PF,6743.786962495855,183086.19086874992,3.2737732886999993,nan,3030,3030,0,0,100,0.0,1,-338.8135810631665 130.61272624357662;399.3382368982771 -610.6435149996987;-201.34707392965294 -215.59833263461746;102.90687176805588 -434.0955467135429;-613.4378034608646 408.7615282490621;-514.9700750237062 -368.0331884433379;-305.3346700314423 677.3931162673443;-641.3015704593086 -45.39036974472073;416.485075394658 262.63210940164305;122.99450521423842 626.0310387477818;-227.20034596061168 -565.1606288847205;457.69760691554444 -260.5349125165012;19.34489667170283 71.89111845360405
750,13,5,PF,3320.39504670343,186509.58278454235,3.2737732886999993,nan,3030,3030,0,0,100,0.0,1,264.1261242742069 -597.9962111317257;658.6905425513742 -342.3725974978231;-731.9398370611254 155.5513265738911;-271.39293103766255 457.21235149849616;659.9720329070872 330.96682790494475;-162.86669753855983 -661.7992379155614;546.2871887780636 -50.511596698819815;104.23581275555341 725.231072680892;255.82228014879948 339.30262117646475;120.89689984553996 -256.3852167580717;-539.3415554213213 -467.66542390347007;-24.458335418237766 99.76822356435716;-315.7709702556494 -147.04774614813704
750,13,6,PF,4622.020590186847,185207.95724105893,3.2737732886999993,nan,3030,3030,0,0,100,0.0,1,124.89973565846746 734.1712844813967;-202.71756718650934 548.2985998787398;-24.819542793767077 -320.46341265111164;635.896624631359 145.14508947105108;110.07910207971133 -640.2337974501658;27.407415080291372 288.69481961493875;-567.5418902897835 -361.2029952763883;-344.4056143897719 -35.96040719853417;331.24808919961714 348.9055223148273;-280.45046033891174 -554.1290912675969;-517.287843440492 334.5819728684901;-695.977743416256 -14.431144085370951;290.01461153030954 -273.33273625061344
750,13,7,PF,4607.392707887222,185222.58512335856,3.2737732886999993,nan,3030,3030,0,0,100,0.0,1,560.1738565765999 268.9397904050977;-193.3637565954094 354.24722599972176;502.6059155804783 -410.9605081358474;163.46186558550787 -321.93803950501604;-649.0983420986182 335.987681533197;331.3869372782634 -20.48693813068879;686.3884542247571 -116.04870327320191;-40.182505218851574 31.009786393284262;171.2159634525941 -710.759088993088;-431.47513617646143 -422.19375135333735;-664.6618783222456 -102.45419031407144;213.69165123905722 304.6000146552463;-167.67248864011026 -695.7711636807874
750,13,8,PF,3.046996188996896e+23,180158.84374032612,3.2737732886999993,nan,3030,3030,0,0,100,0.0,1,184.34330472794048 234.84628694881866;-71.27386132129853 86.18947161399679;-76.40746291244007 -207.88536141863224;-558.1058439363045 417.95788950234027;485.9167060368311 521.7654991340927;-356.7610495663582 641.1094374175991;326.8568189109305 -499.52951125862626;-342.86336046910105 222.08412269764796;636.1171451433371 203.25612922763773;-84.2625908113584 693.0673596886131;-728.0364934822572 164.37843203639792;-400.4225319748687 -42.82570783763006;177.9084085776287 543.0462757565847
750,13,9,PF,9250.017369464913,180579.96046178087,3.2737732886999993,nan,3030,3030,0,0,100,0.0,1,613.2960244327626 421.5678743256968;-495.3419062471583 15.072375970343032;-155.53416366728476 -666.4579682441668;34.864075505241054 437.0821032044493;-154.02009525007966 -34.07569091451778;-37.905711027106335 742.3771523633965;193.64382130658421 -84.22106484491795;-362.14979956751193 -309.71076591001236;-521.0503224515638 491.2077452069231;410.83424738757105 156.22843904385485;361.5444013995944 608.4049619481319;-237.79978263735674 291.69891053942575;116.9910775712738 -501.7989961469615
750,13,10,PF,6918.6678699601325,182911.30996128565,3.2737732886999993,nan,3030,3030,0,0,100,0.0,1,319.6502496748198 307.0302081867303;-243.79141270997846 609.2451260502279;-450.62167052397507 250.95195695285503;120.69378813098568 565.2627595440176;541.4014003709779 -333.49729921493883;-86.28474465161726 280.88867891561165;50.61990683442313 -67.45230516374967;-429.5282904528652 -588.0676263336574;276.67104672349313 -632.1780140325517;-137.4868206302443 -488.33479087179495;-735.9185156848401 -54.50301725481302;-435.6223206282469 -260.59660944023534;515.7500400620306 37.74904665044316
750,13,11,PF,4958.773078993167,184871.2047522526,3.2737732886999993,nan,3030,3030,0,0,100,0.0,1,-204.2710745957477 -715.9044381462658;578.952526240874 -404.3116377513336;-494.13664265657377 -236.34095486311287;-96.27436754132576 -213.05564799842256;-403.1516084714298 532.2375820706081;277.6820226445285 -209.37897335354145;-49.61582663253095 415.307584850075;212.58833246309734 163.53131482279926;369.7583923489452 595.5803212102154;-257.1831307837758 170.65739232355682;213.3533697693488 -635.1307896390226;618.1645862782107 265.61334935979016;-652.6850919811551 101.53227464663911
750,13,12,PF,8.458297457919403e+21,180720.28770495157,3.2737732886999993,nan,3030,3030,0,0,100,0.0,1,-31.292536843863253 712.1148746587324;32.77105818928125 311.6099388630432;-234.67239119670344 -86.94647336889048;-277.4328016183329 325.37505725818966;422.98495930588587 -165.6823368335132;573.650909691189 353.5355935280495;89.48281127455343 -175.8880677837218;-584.4769637203889 33.09872367123197;260.1099137991359 91.14316711610255;-30.859036400879454 -501.2507352220704;-619.21915184014 384.56172746539767;296.5886663736113 467.9797721435228;-356.2260387314044 -466.8440184249487
750,13,13,PF,6278.966473239503,183551.01135800628,3.2737732886999993,nan,3030,3030,0,0,100,0.0,1,565.9188447496479 225.71799410929177;543.0635666643403 -89.7888202980621;-644.086977849613 -78.67702528241449;353.42302171258785 596.1803891736449;82.18542724344476 -731.0832861677067;-302.7303893700057 322.78045475499977;97.15408886375208 -298.0391311928754;-279.38167442754457 670.7465281836168;428.68890664618743 -445.8937200649346;-10.317947670160258 67.793363213092;37.42357917694173 502.40959237836825;-403.58719011330686 -599.0093594547672;-326.1612396839583 -60.39832787620979
750,13,14,PF,7817.574859009823,182012.40297223596,3.2737732886999993,nan,3030,3030,0,0,100,0.0,1,-644.4700977741015 -274.8001222224937;-230.11308156959024 698.3309397599779;195.49302157945002 -440.0058182543363;-209.18446361828506 -633.9850661972541;-105.17023494472845 218.92366121134518;87.19952019094306 673.2733576276329;662.6322788836808 -300.66718904753475;444.62266252297627 -19.96067289273984;134.21831870425135 -111.41512715503487;210.1572936976641 294.23579087655355;412.3704365296272 527.7474163660286;-669.2823323700839 130.8923048143515;-360.31897207297004 -40.504699485862815
750,13,15,PF,3886.332836556976,185943.6449946888,3.2737732886999993,nan,3030,3030,0,0,100,0.0,1,84.66230516783818 521.7063114451655;-364.28970580825455 -597.6846232781605;22.536289123910716 -724.92733010213;397.9666923867303 -390.25205499676343;218.90483682410985 239.26779979090858;520.8672911156614 -57.33190476417915;-631.4881213778024 -275.93202770091773;-505.96404627008684 506.3801520514191;48.388771578998394 -109.46962061975952;467.852339763864 545.862667388493;-309.32806194424046 -98.80565402978803;-245.75062641668094 221.7499523075766;665.0593056083416 242.9699678344879
750,13,16,PF,5042.963475105207,184787.01435614057,3.2737732886999993,nan,3030,3030,0,0,100,0.0,1,299.49297317695306 582.1024214533204;-457.5123704325083 424.0611737853014;-719.2451759579803 28.8032329397049;-459.3673950834834 -529.1690823570293;205.28081956211153 -434.6068633466216;-389.3232294585795 -32.58544182571902;-115.54474179065059 693.8037771332623;580.3153260902722 -330.34893195686107;274.434691219107 -112.351819162548;84.88558347290311 289.94140251309443;612.179822599433 61.36692904798843;-62.36773148911785 -183.5956200153959;-136.04317027035276 -560.3601248376117
750,13,17,PF,4004.078761105746,185825.89907014003,3.2737732886999993,nan,3030,3030,0,0,100,0.0,1,-564.7278869794773 -467.9410062366939;-578.9405342140969 436.0920384686858;-26.512820154055134 739.7920698503218;338.82849257216077 53.912815477054096;-729.8569560881909 72.13831179599113;454.0848196339362 382.4233379673764;-227.22644049435112 360.8667777394527;113.29423602518538 428.9020468912764;-256.3318691786337 -250.93281388904074;309.5996135854071 -313.99051498875764;618.3759369348049 -189.06765660920277;676.3786842957339 128.39292597617504;23.29893592248543 -94.67351963908717
750,13,18,PF,10256.48916985566,179573.48866139012,3.2737732886999993,nan,3030,3030,0,0,100,0.0,1,-155.66499115077616 6.730080139489489;-387.5851384250359 -481.18061433908804;-32.06381768897817 357.61027406143495;-102.38259462156718 707.229394902975;207.07819560453422 0.11032913010160206;-624.7035930695464 42.484804550073;-351.7957039323544 314.6300060720954;580.6127077681604 -233.2785111015558;335.9843215949759 360.35246757578597;280.9282231984436 -654.5130299636678;252.0398434706381 -323.97004934400627;515.1819640034226 90.77071582231065;-90.80992629627477 -371.0097767863255
750,13,19,PF,5.585891583925342e+24,176010.3743412599,3.2737732886999993,nan,3030,3030,0,0,100,0.0,1,-290.77004012029494 398.6225860083749;-445.31488878776565 293.1899213175638;-419.9284108122123 -301.9188402570592;434.97148174281506 -82.62209461431326;-667.5975253489615 -107.7528230871464;-148.72867850007322 -419.7046000320629;-44.079021525749496 733.6550433220413;350.3166122457952 -662.9241390860759;-650.8850379870939 370.97016623824686;352.6503589297124 -494.76029260431244;545.1385337132469 -465.24915902741066;496.2380552151551 479.9061208840009;55.80089977356519 284.51079711509135
750,13,20,PF,4174.732367414661,185655.24546383112,3.2737732886999993,nan,3030,3030,0,0,100,0.0,1,-453.12082251661866 -510.6317745057617;82.29488409405985 274.87605187668623;614.5439144847643 -315.8951236236584;-241.67133977822905 292.455150511345;-383.8098697449031 -115.588819344372;-695.2276452109703 -55.56738457564106;360.6940057073686 -109.89140949145411;-356.6223659786662 604.8251474777683;-93.90356267571367 -653.6275504983012;669.5623352986198 164.44886231707807;-587.2091795782981 248.9308858566072;-72.35541906475223 -249.91206186336888;374.8853725352431 459.34301019951283
750,13,21,PF,9761.195731955086,180068.7820992907,3.2737732886999993,nan,3030,3030,0,0,100,0.0,1,288.8969212316534 669.7600545069408;145.40201355507583 206.88644726666624;143.84043976946356 -406.98236589418707;706.7741902976607 -33.92963052587835;158.9059964043295 -724.2588279531153;-503.4368170203052 -197.91322855254123;207.74281880653132 -104.41468147273667;-429.8966797577511 -585.1790519446097;-225.20675730469256 -33.17189737458028;-380.80180720330117 401.0827057791596;552.3850337032075 -498.767365838879;-166.41369030636682 -392.4259224903743;496.288126422654 269.071992984986
750,13,22,PF,5598.859465382586,184231.1183658632,3.2737732886999993,nan,3030,3030,0,0,100,0.0,1,525.4973779909534 217.1963793783462;329.1802177682418 584.8991250903836;-622.4972164293035 -218.62068037517437;556.9876930541536 -443.5843863178832;-125.92759440845607 -277.3479495664218;6.94341081126123 745.4366058622469;215.79252778238566 278.3197737713446;-89.5976190503211 124.6756244484552;707.7565744188838 -120.05617195440448;173.02335808233357 -682.8618327180014;-672.9984883363934 225.0816125780451;261.30186721516594 -326.75606419022546;-457.24310928839407 -498.3930160373702
750,13,23,PF,4489.601291636296,185340.37653960948,3.2737732886999993,nan,3030,3030,0,0,100,0.0,1,31.77887425753567 -632.5797368266919;-227.03751277565908 -30.812589045798312;407.5885439723033 434.6609852219455;-451.4337562248567 187.64043178564907;-198.7976891304463 470.82898248382185;101.85962244157206 194.94958610580287;-416.89333271825603 -455.3882570194201;712.1328394607933 112.73210735793192;-119.39425032305554 -322.16004508608444;333.6827698928978 -474.1565244643743;32.30320492812631 734.6081103588216;213.39740633474176 -106.6376591663939;-643.2038324708343 -186.31066137328986
750,13,24,PF,5537.76397754348,184292.2138537023,3.2737732886999993,nan,3030,3030,0,0,100,0.0,1,-267.8401383712725 552.5449653168143;-401.767049865302 -204.99850354134637;432.5108287910893 516.264390002116;-568.8686994752558 256.3797471184446;12.043276323505472 -152.13764600956782;-208.71635104729117 -463.8874113287305;-193.84413090343176 225.15365861837924;278.8994693208493 55.16665566472163;-5.351946011796899 -726.451559191787;535.0896204789784 -301.3294184387931;-558.8042902414501 -470.1242293037418;232.74976126284272 -388.8623073704717;658.3429421006069 62.86944341743724
750,13,25,PF,1.3117569402387365e+22,183471.0829255497,3.2737732886999993,nan,3030,3030,0,0,100,0.0,1,-492.0543377770262 52.824984620802105;121.140023653521 -51.5451158933422;-97.65557458084425 -695.3224630592164;255.16589374917473 614.7084962719128;-383.50448627403546 330.2977408890705;449.816978054893 130.49722998458716;-332.2004340189013 -207.2443661276054;-719.0363924720791 -148.24690469775788;-534.9694777396866 -443.892680049646;420.41398673267537 -247.71831215627302;152.86845746301725 282.34388581300675;-145.77129441728454 642.8281699811416;-0.8506429941799079 -358.05448279920694
750,13,26,PF,7046.960237323452,182783.01759392233,3.2737732886999993,nan,3030,3030,0,0,100,0.0,1,166.10725538429065 704.9211784446594;-358.69514728932097 -643.2195191122279;311.973644778775 -284.6586400714991;-183.5759532435509 357.3742058586282;-535.7537401645274 -268.542673516771;-122.14838017892072 -316.2747965012146;-621.0664015501632 83.26565972249949;611.8186668388304 -384.9933171156324;-518.8056547588851 419.5817675740362;70.7776506404237 -602.9679788036769;503.7360279784211 80.25463929420803;285.07244411618336 357.5281588324215;6.553167436736075 31.805076561885393
750,13,27,PF,5293.603160147963,184536.37467109782,3.2737732886999993,nan,3030,3030,0,0,100,0.0,1,228.17507376288714 -417.0524113498845;-450.9119904476385 -346.540734678621;390.12944288100334 164.69665845273306;-106.55794005248494 -52.62471058579224;76.18582384457073 322.2300016416426;-396.03579727652567 106.21422623269663;612.9281040629714 -304.6401742185826;-708.616276203633 -95.21897144295878;319.8761029360783 567.6081215560822;-126.63762848416823 638.7131674939217;-682.2161375765422 221.68133985117979;717.7253217104499 0.7434466674554372;47.90354698767733 -732.4659901742776
750,13,28,PF,1.1670787846531145e+21,182766.4179426804,3.2737732886999993,nan,3030,3030,0,0,100,0.0,1,532.2347933445925 189.24856959125472;201.44230094019895 -706.9895609120663;286.44590545635276 684.8100585199984;-398.98200580229667 580.844104700979;690.7599034854449 -216.4039449890268;284.81795953612766 -388.35116012141174;-214.4510070218329 303.1699668872915;-563.5956239999462 116.3137858216066;403.01559492099506 -93.59220971629288;-477.14287530489577 -248.95224393803778;169.0838857024348 402.6364476606068;-201.24829793363807 -402.4325266063948;129.86558361956594 43.36397342590284
750,13,29,PF,5993.766711960168,183836.2111192856,3.2737732886999993,nan,3030,3030,0,0,100,0.0,1,-381.01679251851226 -273.22371234483757;-21.896985025754585 -216.10537378050128;345.7829140407537 606.5392319551241;308.83271238404484 -364.55024274617955;-59.15681813998641 -547.4288261948075;-422.0729133468336 611.2478732261386;19.397066814785532 555.4030235495676;322.3970548008033 189.47696611907577;620.7355693628293 -415.0712779318714;697.0340696311457 265.716110020287;-227.68380331774065 318.870402163395;583.1915817713867 -39.641202453208706;-514.199779599529 151.52251071395335
750,13,30,PF,3.20551828108434e+24,179864.31831106474,3.2737732886999993,nan,3030,3030,0,0,100,0.0,1,189.87060822679302 -287.83335717598027;226.649131804842 87.03348964078472;-171.7774695782289 -722.5936001595094;-297.6281502986417 346.2159219320751;-99.13029214227225 416.7247047763451;-3.118742184139265 750.0;394.3767739013164 572.769449950081;25.99941423113102 146.85893013927597;-102.68128361988143 -280.1900877935793;90.45385305191151 -559.1718594915365;428.1455272894713 91.1523772592131;-318.83252840739743 65.74951295346037;-496.10517401760427 -462.2847745096121
1000,13,1,BBO,1367.0837133064051,188462.89411793937,3.251477110900002,nan,3030,3030,0,0,100,0.0,1,599.9202078331855 781.6869640422651;-112.70438530692911 80.14926225240833;-305.1283523514862 507.153542432987;-750.3739033730277 364.032713551338;78.95397763810297 -420.7602456573127;982.8037371966498 130.26677109037223;-517.0539607918256 819.4453439520125;386.7473037517145 -858.9477243623396;-978.6502553098742 -146.28195567938133;-769.5650948033834 -629.1372772781036;187.43497929149316 -126.19534779563924;-140.2284639884723 -766.6306806731864;858.2690280502238 -213.8023786297556
1000,13,2,BBO,1261.0010445576918,188568.9767866881,3.251477110900002,nan,3030,3030,0,0,100,0.0,1,-16.47459483732416 433.68873068218886;638.016985601819 -122.70732637691606;-602.9014668621131 -604.6906948382841;-828.9918553847198 -20.54335743957904;-362.5313056449222 -54.90492720680538;894.6513119770129 282.19517668309845;147.66318240233363 -42.15117513845007;-588.2199402902097 494.9036586877371;892.1138471800789 -408.1780001657389;350.1115064326484 -799.3805392485675;355.0181931121001 668.4956147304244;-15.699410881315544 -634.1130808588915;-295.43786318584694 921.7791711523362
1000,13,3,BBO,1567.2844523966196,188262.69337884916,3.251477110900002,nan,3030,3030,0,0,100,0.0,1,711.0080146653072 390.8756180383343;532.5453065115 833.2818722048257;-357.0838102391365 809.036865179731;-592.6001740122 159.2476098113757;466.44859285393954 -810.1070049161874;43.35107440120237 733.5893345715626;465.58477278112537 -103.8703378775341;-608.4419711740863 -523.8886737325504;-894.2607276806298 -389.20417515717793;35.309619626356834 -807.3843011596617;-765.3578968899883 550.075523455113;919.6039601981213 74.15703953030697;-326.40848251281375 -774.0272375198658
1000,13,4,BBO,1276.0540423232887,188553.9237889225,3.251477110900002,nan,3030,3030,0,0,100,0.0,1,575.6196730685342 171.6288389175404;-335.11616006521615 405.52608303466786;-887.3576286390041 -105.22670155989113;-548.670370214327 817.4506825366216;-731.4694420415822 438.4922194613439;-710.8042960294347 -621.0669372815566;-139.45819667406977 -236.71595903229866;164.92278115589897 978.0061429842094;716.3117952211874 563.5867146311668;-132.11478207970686 824.2428979292554;398.705846267673 585.7724711595752;169.52374201925545 -138.0798181927314;378.99839250031823 -875.685750273446
1000,13,5,BBO,1209.1778068876301,188620.80002435815,3.251477110900002,nan,3030,3030,0,0,100,0.0,1,381.2869937033345 -915.0123110300224;41.45028616802574 143.2481478163768;260.72920011276983 577.8947990453919;-288.00860438171446 834.8400879572134;-663.1585186624376 588.1245881848145;-967.7254121538117 251.8516963416139;-631.6766554820974 -767.5085871101617;237.88189265917708 -529.8840114366787;722.3282794748588 -607.9852333309373;977.3034279997298 114.71246689082841;727.1351802424756 660.4744669397417;-310.6758824995312 5.157307160845676;-106.33524172864645 546.9680954171808
1000,13,6,BBO,1655.8789876073424,188174.09884363844,3.251477110900002,nan,3030,3030,0,0,100,0.0,1,-667.4936168942301 450.6238769945262;422.9717856641348 -858.2831426028905;657.6840559291816 650.9424386394644;477.05746268633743 382.3089852527132;936.7288086753254 -278.51277364165287;105.71817802039595 113.94901205743622;-813.3785055886844 52.224361088385194;-91.85200197676545 675.8911964708807;-547.906132432251 -803.0196197530069;723.0029004209512 -596.8562787117555;-489.6500009401048 856.3734498695746;-234.26066222782867 377.3961271835333;-205.52727024835235 -956.89584181176
1000,13,7,BBO,1608.7066486940894,188221.2711825517,3.251477110900002,nan,3030,3030,0,0,100,0.0,1,5.0760758591405875 -525.7134864525963;-470.7632397511177 -130.70031359044413;705.8084976087107 286.3503539397948;907.3758630784066 -414.60791480414036;74.9482255514165 403.88923895953144;-377.6217485272606 905.1123161086068;-757.3381896136179 245.41602139301676;527.7235003164208 -550.5552518409231;536.8712007564061 661.3203198535853;-351.7450586889321 -452.1719315862563;410.80971137349206 -902.3804276313399;-979.6688194510748 -178.59618479822586;-634.407366874092 -663.6446112309364
1000,13,8,BBO,1656.3825074019842,188173.5953238438,3.251477110900002,nan,3030,3030,0,0,100,0.0,1,847.6158575102368 432.95394281660083;-691.6431916109826 -312.9697777331619;-566.6442541686902 16.383259605019248;-0.9810407760726321 -438.2025759144002;262.07599317782683 511.75583349447743;475.72595067719453 0.3090615744358729;-376.4290550984359 -685.5066480173309;80.98575243509526 870.5849189256589;-837.1785227092927 506.76015142798656;240.56323409303968 -897.4402005760965;-384.4116130702762 904.4095519288919;615.0767751008593 -317.39315026031375;-239.56777040939107 485.85425854269806
1000,13,9,BBO,1698.0462367527944,188131.93159449298,3.251477110900002,nan,3030,3030,0,0,100,0.0,1,-264.2339555106048 -925.4465912761816;384.2313524540705 762.4604244485167;-184.50300620256473 381.0621178556719;991.220519207307 -30.86732894080785;-310.05320627856327 748.065620122577;721.662814651178 -461.04318023380335;-921.6794155921368 -138.1240119911795;-683.4244904550533 -674.2228611735386;315.0644934222605 -314.05811903303584;-30.99132443844985 889.9463590595306;567.2947163648687 -792.9352545556734;0.34733817915946474 -692.3106649778938;-684.9774932971907 346.60993395811374
1000,13,10,BBO,1326.6491853847692,188503.328645861,3.251477110900002,nan,3030,3030,0,0,100,0.0,1,459.6784933212632 -314.23634110541275;141.8992375422713 -844.7231835099052;102.4420826157841 916.5915564980737;941.2116017049971 167.00950714028704;800.623429396165 453.085487628171;623.5656234848516 18.889731099169353;-71.28989668720328 -420.60946686427076;-845.7220378442116 -337.78638762077276;-570.4191170202 -186.6232830073693;-321.8889189429674 586.7811772004966;-717.2636673467723 -637.9647504314925;809.3679444337974 -486.25467809286624;-390.401019387264 -852.0558403613445
1000,13,11,BBO,1649.8113271717739,188180.166504074,3.251477110900002,nan,3030,3030,0,0,100,0.0,1,100.48436047645737 169.3024696268617;-350.2644939006641 913.4701844188921;-682.7244589420953 -687.0256127912705;673.021829570298 442.05844884556745;853.1505362060943 -9.732211770628624;31.003345320069684 -517.6462944771208;349.6098678673634 -671.3889611912414;121.35899237364697 903.7268051896583;465.7572860513799 -311.1047309929646;-268.5858495230344 -623.9089937723498;659.2250552757309 -722.2706670782577;-918.3114086410292 -139.72219499780783;-557.3619853709735 359.7920217199919
1000,13,12,BBO,1372.3900080069725,188457.5878232388,3.251477110900002,nan,3030,3030,0,0,100,0.0,1,-408.50990344573427 -623.4692333782439;-124.37433546563545 -964.3669309991698;-379.5471087685594 844.5413024627201;-792.0323865766841 127.5852251045601;690.0841105439663 -675.5712216328025;483.0732853212071 -373.71655302849297;700.0043208321849 204.3763232117085;237.1797679436254 -953.7258086607219;267.4519256447236 282.4076851442305;-33.15072765875152 33.434414861075766;848.6343197278422 502.23298078241714;-646.9165741298068 -162.37332132364577;7.791498239956013 962.6669854114402
1000,13,13,BBO,1243.4918596013158,188586.48597164446,3.251477110900002,nan,3030,3030,0,0,100,0.0,1,539.7524839650462 683.4534451544248;63.75488216735312 -292.02015612023115;559.5444826985706 -731.1615554472314;252.95553156929873 142.26105522513512;37.578260981290214 953.8648994236919;-279.27916021840747 -717.2086381236618;-407.75599706483194 867.0425739731677;388.6548674108685 -232.80401438767547;-956.0826763543291 -242.26506838817932;-521.2830060521543 -438.41967117539514;984.9067884131077 5.380010776564291;703.3633997240499 243.37592474391613;-765.0289656026998 393.44180288363145
1000,13,14,BBO,1793.1248972777685,188036.852933968,3.251477110900002,nan,3030,3030,0,0,100,0.0,1,-827.0307629752598 8.819018313460447;-114.46502549129002 416.7759041407494;-269.18457482043914 -940.7333563918531;372.1210391930583 -904.1368835456396;676.9495774703635 -67.13239132712488;-652.8651200542938 -527.3410005609227;417.36438199101394 676.1815136633172;68.85470232917919 982.9307292718095;-521.7690428653108 -100.93874390160056;-315.95256368214007 688.2752797099188;28.010078212788585 -67.73987666601909;564.9886401711867 -394.74858657042785;767.5741642845455 421.2321484647789
1000,13,15,BBO,1569.1922266242036,188260.78560462157,3.251477110900002,nan,3030,3030,0,0,100,0.0,1,-642.6716463049513 617.3361832179337;-174.04535825647406 864.25117116818;-642.7354979028819 -499.41518840581114;268.51896775371415 696.9203769725596;755.2616452501597 -399.1149824634015;257.89147156639 -267.9331268578518;-818.2518163656247 81.75050216818636;-200.66012319165782 92.88467096658383;644.7856123000379 722.2767915934567;233.147874824444 -892.1134339366408;-219.32902179669372 -727.1900183150829;880.4859693577398 -52.01415540389905;608.898749403367 -694.8141884974827
1000,13,16,BBO,1350.960096754512,188479.01773449127,3.251477110900002,nan,3030,3030,0,0,100,0.0,1,10.348714853805973 112.24409468500289;201.98517988243316 -564.617557885738;-387.6523188733312 -901.743072476588;-175.13252751865616 578.7368025483458;842.2200377414135 -417.68518314010714;580.8767742088378 -708.0925918911116;552.5897482501794 653.4167035922158;218.70504192579892 653.7346701766164;-601.4354981778409 -603.5309803352482;-182.66420670044693 -598.4157619233697;899.1896684561409 287.9879935701056;-889.6779718374497 -72.55594088312114;-348.9701844163742 -148.994996295585
1000,13,17,BBO,1457.385208276246,188372.59262296953,3.251477110900002,nan,3030,3030,0,0,100,0.0,1,-185.24048992057533 -22.193457019062066;-754.1570238032964 638.6767581810645;611.414860482264 608.425481136969;-44.92550507967974 268.3508974221477;-544.3924757956758 4.086993503469557;-886.4690146369483 -424.1676509553405;830.5208424677323 151.28869551679054;-385.94883814166735 561.1996008429712;579.1328584802311 -777.4153253195046;259.81263567640303 -840.4105166756219;66.91372446146988 594.7705117103112;299.5363592474123 918.4173925923992;-495.03430697691545 859.0082429035413
1000,13,18,BBO,1382.0303015459504,188447.94752969983,3.251477110900002,nan,3030,3030,0,0,100,0.0,1,-64.22551936482489 -403.57634762256157;180.7637549193771 -908.2778095646853;189.80166613189294 298.70573590484605;-882.693223690942 175.7798731913142;683.60240259499 -642.4229462646374;-685.3243798988808 687.9751888004221;799.9334844780674 396.85427892000325;-746.6793620509271 -222.64021990421236;-42.13511022581076 857.7233176037339;-503.23194242381385 165.7770849804897;-270.4161832222045 -710.4212956248618;939.1531431620601 30.431640101015546;592.8608656329802 761.1031316260494
1000,13,19,BBO,1123.2596811661788,188706.7181500796,3.251477110900002,nan,3030,3030,0,0,100,0.0,1,-618.7056868082439 -761.2338222712647;630.0509943941042 -609.7004965570818;177.56003285372708 732.8953232307726;170.75115171660718 -915.6700820083954;656.17562676179 729.8568911645721;176.41008484438316 -110.5204478427753;371.6621700292367 340.5733257078275;-270.67720862593853 601.7446842094585;-860.4184673613888 127.57909781224976;-640.7326843698677 566.117814437436;-144.25871442369203 939.7675204155794;7.9034988572634575 -466.54919208275066;913.0489083598932 -203.12576885943122
1000,13,20,BBO,1648.3851190659334,188181.59271217984,3.251477110900002,nan,3030,3030,0,0,100,0.0,1,-672.4476162742557 541.6822425201847;220.6113517342435 -883.0548984893778;74.07161636473393 442.6991249088758;-905.3210315893446 173.1977823174111;585.5514012580124 -21.59317814341182;-533.3195783222418 113.02564061774501;841.9584129190157 -443.97845142008305;897.633678053058 394.7498019744023;-288.68104401879475 954.6675102839295;-25.320531895601107 -49.973596272508985;429.7213208690737 -417.1273272664986;290.90561496282317 905.8553870291207;-321.5252732054432 -543.8716418607316
1000,13,21,BBO,1367.1965871640714,188462.7812440817,3.251477110900002,nan,3030,3030,0,0,100,0.0,1,891.8953096458674 -223.88443339286755;280.6755605542014 608.2843830556035;-706.2590251477095 -592.1478586428386;-664.474035706023 672.9374010503134;551.3902934745886 -492.8596133759302;580.4930932995708 809.5038405043463;-892.7976998982276 -230.55011936402025;750.2570743791814 214.49264151237026;-24.39681016466011 -68.68948732710999;210.7250454272223 -974.6583360260572;-211.8705353156289 -970.9201764042022;34.62468205551886 812.6490833759872;-208.87672682792765 599.7811804510704
1000,13,22,BBO,1391.3396642000007,188438.63816704578,3.251477110900002,nan,3030,3030,0,0,100,0.0,1,8.442582515982622 648.7834520792919;-200.8919129614642 -709.5446201653047;24.184112722751934 -964.1952945546827;791.3305939677887 362.6727581857988;-660.2454968352642 -620.5679829016544;-413.11687346135056 -99.60773167958871;151.18802055032984 266.73444304623695;519.8756155160684 137.48088226471964;-708.5170935119387 557.1365421690205;463.5960264744908 -771.585590851153;630.7035571260221 -167.66181005962142;963.2421365882637 -101.59365999721581;-900.3719975604263 -99.22812767459766
1000,13,23,BBO,1645.4573779101484,188184.52045333563,3.251477110900002,nan,3030,3030,0,0,100,0.0,1,222.6780067504967 -803.7533339453879;-498.72001851955525 321.0092889649761;-955.0087108473226 222.99408882903685;15.731341271642464 -344.6375747321631;310.54912700554223 873.8997267737491;-340.9651881184086 812.9892938267906;-527.037745593405 -694.4847258487337;-800.7155572682218 -299.24271457013526;402.49571427358387 -356.1637698998177;613.2888341052042 403.7906860485318;-150.95026244521944 262.7453067378417;697.9055165363065 -507.6243850293618;885.3780922448127 174.1633435438921
1000,13,24,BBO,1407.6399293403665,188422.3379019054,3.251477110900002,nan,3030,3030,0,0,100,0.0,1,288.53510746453094 -168.88877717974867;483.47659747844614 98.60380382859626;668.2167136031196 -470.5567119638989;-325.64470022927037 -95.10055416743319;960.8076849665404 266.7025115293163;327.29954734206285 480.85835273525095;-916.132600960913 -307.08038343514386;-500.1902482263541 -611.9657515044635;-15.393078055579053 978.9457581689242;-501.392535065877 263.67935235569394;-832.7918309139158 464.4212798316828;-24.2645581497394 -834.0570183104747;-158.471979437796 -546.3014470989682
1000,13,25,BBO,1676.0289066075638,188153.9489246382,3.251477110900002,nan,3030,3030,0,0,100,0.0,1,113.89704288549024 -868.0342114364104;-134.24735806136505 -308.1240115258097;91.6267755925935 485.8756556214837;-805.1099366864746 165.65970678611166;-272.70321502942113 142.0798447563502;446.1650125074864 340.16076510798894;-188.64889586982133 916.0091287711596;873.1844229092158 42.67832099844054;-609.5318633370284 655.1712584644968;-556.4908139180015 -819.1382982800845;429.1745078608269 -720.9577843613488;217.00336116772564 74.98372037359445;639.3045203533852 618.5431937832475
1000,13,26,BBO,1247.0092310161854,188582.9686002296,3.251477110900002,nan,3030,3030,0,0,100,0.0,1,-780.6270050299529 -55.20854081198513;138.99662840915835 -976.7852328334892;612.4579472868563 -280.02264272256855;481.43144204284226 -643.8137759092149;-212.8397358517284 252.85789072533407;-919.7982012694374 392.3371843620437;-539.9103136645363 256.1319197078187;-248.62970689992972 -906.9763448568564;-534.3196001608976 -641.219361943685;217.26118911954472 287.3483312378007;899.9120099410613 372.1512132678872;654.6166373811802 742.8133770808706;-49.6976732990064 -334.81847609857834
1000,13,27,BBO,1139.854404056503,188690.12342718928,3.251477110900002,nan,3030,3030,0,0,100,0.0,1,-968.6330067734743 -38.5080462181204;752.7710652099083 118.48093184803383;148.7544097665234 -288.0928234775562;332.89567831027694 289.08508942212075;341.83632099487136 -903.1329387430378;-332.21365884629404 931.0035247706708;592.2021227726837 670.5757120831508;-718.5805507349359 640.0135139049487;607.0164697158043 -284.61761628573254;916.5502944191394 -291.32424876644825;-635.9379710385886 -661.8100659229169;-324.05549084894255 -383.0487051042139;-77.99915151226116 523.3199221644522
1000,13,28,BBO,1790.7406005390803,188039.2372307067,3.251477110900002,nan,3030,3030,0,0,100,0.0,1,-378.9453956379938 163.29221370778873;-892.0868680415006 -401.77817381170655;251.3734733780052 -852.8565503679783;619.8197602177277 373.91059594197236;272.8442950589056 114.80169542304156;-183.5014871840084 -89.38487306626894;-555.7513262074365 633.0954906624131;7.739865233680462 558.1497743652344;767.6990790819982 -77.45424955374028;438.97526753195416 642.9668923573306;15.055995339853439 -566.0113368497215;456.0817034096151 -568.9531604951433;-821.2847796539655 426.0824782089567
1000,13,29,BBO,1289.6720571895712,188540.3057740562,3.251477110900002,nan,3030,3030,0,0,100,0.0,1,-869.7840843876126 492.7938379672862;686.1516853395842 -165.07584561583383;479.0464522251784 -407.73171576081825;-408.3721665686562 -321.2331208431947;464.8769680004377 583.0142456475946;-618.5562184730735 266.91599988921644;-928.5467729563379 -196.0204405892481;-185.5097472971812 -795.9149736547511;231.62595743023257 360.7684744456308;-183.02538669852254 923.1652682443266;815.7543745567698 -508.4805355515853;864.5788225580256 452.53118455252456;79.63428484919018 -78.85005569973134
1000,13,30,BBO,1325.6919073834142,188504.28592386236,3.251477110900002,nan,3030,3030,0,0,100,0.0,1,-341.014957890893 -255.3503121334661;993.2531016301018 -46.87987311569589;654.964919904106 749.7936730346162;110.7480627389682 -587.4904754415087;459.1066923219114 327.550904096629;-765.8744832129371 -225.3159839128307;94.55893500112438 980.1221053605304;-615.5259798523733 166.38020014518702;-132.53942187617156 282.8319452909968;-335.45197662655096 742.0741745859141;826.8211843915631 365.95476342616166;-341.74909010855936 -934.8262840314612;270.33188399424057 612.3646416161896
1000,13,1,GWO,4267.214950016933,185562.76288122885,3.25135015756667,nan,3030,3030,0,0,100,0.0,1,854.6230188871568 407.94108378742925;-545.5259971700426 830.911779236692;-289.5340971282505 252.68666243494536;7.139001990380855 4.0605492855960215;-871.7187447688957 9.952122554365857;656.3109778842011 7.6934103755629835;-542.6791083847526 -266.48810974217923;23.61700847025315 470.61090482798704;348.36792363092167 -617.6175986597863;47.26068707397314 -997.0094166882441;-12.370172706627848 998.7635251992601;-360.27636647236136 -723.3972396281282;21.915882575278374 -467.431254667373
1000,13,2,GWO,3447.3177857760747,186382.6600454697,3.25135015756667,nan,3030,3030,0,0,100,0.0,1,-786.7936518128363 2.1594756480889514;6.4523819371069235 -394.1459511292812;83.67672809857234 -38.2863391520483;33.73111226468834 -979.0802992460422;303.45904707124055 -641.6652098621328;-291.280628134017 -134.91368253306575;-42.49256126972335 344.9571382319435;978.3366881336943 21.627571039713114;762.2058842622841 -353.6709444464789;509.35233366561187 453.8323150414204;483.23923065332156 -53.64426937401773;126.5489178576226 935.2013784770473;-637.4722971346699 330.4146594484234
1000,13,3,GWO,2503.6207819284755,187326.3570493173,3.25135015756667,nan,3030,3030,0,0,100,0.0,1,-407.19028342577286 -548.5207849800123;-174.55373264940965 297.9573769986107;630.4469638787358 -329.1676523526794;117.46090261753001 -354.7776161796248;-668.6881323055946 263.7969912204662;467.57300624625265 -826.4760081723183;36.95338623273127 863.8663927760387;-893.6443385676115 -47.977434831557126;41.459913620333374 -982.7167395753066;901.9087612036552 -33.327695520396986;-16.50412751482523 -26.004395238976652;466.62577469417215 18.990934108127465;195.7238641455756 421.73864751366654
1000,13,4,GWO,2308.743699251907,187521.23413199387,3.25135015756667,nan,3030,3030,0,0,100,0.0,1,-807.5019609946734 -5.078503501515414;19.060333024803047 938.3015505532898;53.55323244192747 323.08088368363434;731.593021897011 360.3656282402722;-2.5329548057062428 -151.42256415156524;534.361745145111 -30.522285061658522;917.6060584909072 -0.7598303714167077;-313.7622416086769 320.24446944777173;292.2121529106144 -342.52801508947323;-316.59049888762274 -433.2421038733965;-16.992965363669484 -863.9478913016051;733.4939908185482 -431.50320518456084;313.5958594343594 824.0611941999099
1000,13,5,GWO,2572.0544729562534,187257.92335828952,3.25135015756667,nan,3030,3030,0,0,100,0.0,1,-226.89845512309577 -899.8065425184155;-457.29235257068376 820.5573438089342;964.0201310946549 -3.3819923474156486;361.5359258739513 -519.2340624218865;-643.6108689862741 -523.0014780920014;-3.102514194138093 977.3858337170974;-637.7468914035279 432.3363521879615;-457.7743061324233 17.92872275863654;544.0838666756049 17.686056461875562;-931.2990897845989 -1.2477082879561505;3.258870947222908 -2.899608724244524;-172.36677913240734 -308.1661499418861;-99.8089693687445 499.5959974371228
1000,13,6,GWO,1883.5737962357525,187946.40403501003,3.25135015756667,nan,3030,3030,0,0,100,0.0,1,-834.8696511298631 183.23893938099832;615.6671171775527 -62.751259664745305;190.59623333660292 -261.0622972234581;349.85132221041863 514.4490682370483;19.852618852391252 810.2145360570106;-2.3001186731166015 276.03346317463826;-174.55262569292233 -83.56224842985883;-459.298634883394 742.2333061580244;345.8828793725667 -751.2175744670576;-174.70459993249733 -967.1454992774837;-687.5502998604029 -111.91400961207597;967.1559364795952 1.525452840549863;830.2250445777858 -361.0555103537515
1000,13,7,GWO,7814.290341155283,182015.6874900905,3.25135015756667,nan,3030,3030,0,0,100,0.0,1,-45.78630311331465 997.7299198799728;267.90020492870116 -443.41491962735586;-877.7002116671321 -121.27311695805874;-352.03033457537 -572.2317600557652;78.48859835635521 -721.779596317227;333.984637095102 646.1135554924509;-569.7821245990486 141.50120412427282;-37.96155245416961 653.6380677233255;519.5729797982638 88.37277471180045;-77.55144586813896 -386.2945265974159;-9.36800749530066 306.0237856242016;718.0778171842588 -286.5169659597427;18.85476845767656 -18.50241962504444
1000,13,8,GWO,2064.4659217814624,187765.51190946432,3.25135015756667,nan,3030,3030,0,0,100,0.0,1,-94.33271976100082 -750.8689263806164;544.9135469119701 0.3446930646022479;957.6092827776712 33.6939858595566;-5.142046390448641 588.7013711019798;382.20393019236207 -344.0755676462506;743.1696181891042 623.9918377081885;-986.4220022349509 -3.6210474380342226;-16.707885846675566 -268.25745948516493;-591.5581740029922 11.651584166941594;-202.94402275143693 3.5732393755180243;-757.9119133229847 -365.9932810055982;173.41581203204396 -977.5770598389282;170.37738353764857 13.712518226658887
1000,13,9,GWO,4785.513430770603,185044.46440047518,3.25135015756667,nan,3030,3030,0,0,100,0.0,1,666.763911416458 415.58015204039754;-418.71583133336753 -569.5668033419389;944.881190622663 2.426465841700104;-55.44909852493697 -333.97692021992833;-29.976121909381124 994.337701016837;8.661775516812192 -5.280265771680567;35.207318608357106 -986.6912573517626;459.7238824369824 -1.4445858048888767;214.83122317132484 657.552152031117;7.008729213600508 413.60757308774186;-973.5727310486258 37.65264561887225;-345.4357584381815 442.0765946455415;-710.7246992521541 442.6058208329552
1000,13,10,GWO,2573.5023838082852,187256.4754474375,3.25135015756667,nan,3030,3030,0,0,100,0.0,1,526.8056919445334 562.3300201758482;152.2591881213915 -966.4344280087643;524.6302305669781 -350.2073262150315;782.8954242106893 -2.5642578449205247;-65.1248753344991 -450.005120118949;-742.3673058992722 -195.50262691514413;-446.7147679093657 493.0789182564893;-229.1174688941885 17.51494299159237;275.54174962212 196.0496057129686;87.27939689132718 -60.132166808459296;173.06925511813958 975.9644046394765;-37.828072294536355 306.27081415867434;-438.91452852606426 -473.20693086625823
1000,13,11,GWO,2448.454986446479,187381.5228447993,3.25135015756667,nan,3030,3030,0,0,100,0.0,1,-459.9424941964941 -714.4706894417118;489.42058872932597 -728.22160014945;-246.9419812827908 10.14480824077765;2.1698776185985897 -961.6201113499561;134.86647991923144 14.126935510583367;121.18347191704258 668.9392102926171;-116.57481398266573 945.9380016832988;504.5510837111007 587.2604944628569;105.69758171707497 -440.0269954320443;-867.8245880875966 391.0000238084087;-464.7668998643555 429.06163163142054;734.5528295248519 -30.19052690432341;-683.3831228433825 3.5120693934595266
1000,13,12,GWO,1895.5582223355013,187934.41960891028,3.25135015756667,nan,3030,3030,0,0,100,0.0,1,991.9978395590139 -1.1032699974623057;-335.3080174444053 296.60552331887857;78.71101449034244 82.4956310318088;-963.361270471596 14.0316870577564;821.8714214234966 377.1591612345271;8.725969418327276 -328.7037042876883;-4.19298452520156 -962.1204713130377;-646.8010061217889 -646.1761533566615;-7.849427716916182 987.6474659305518;238.27701830949067 520.1685574250694;-503.1356830983293 639.2771430909271;-494.9877118541846 -230.48696745313518;478.36739939164454 -174.34290088173123
1000,13,13,GWO,5624.656562946679,184205.3212682991,3.25135015756667,nan,3030,3030,0,0,100,0.0,1,-674.5327720280533 9.759745311902439;-309.8857416999151 -287.5130326966114;-254.07361642367107 228.39456748155644;494.69744301656556 -44.42528381285205;1.3248712608763105 -996.7094879972927;227.6750799531811 194.8007438979504;-354.1107383787806 -834.5072630109556;-17.161492918700006 -541.2917614468073;11.809146590023738 450.16311045894304;-833.0751009259266 -443.3754683731235;8.302005440347488 997.7951962983007;-433.0001399609666 788.5732577628711;-32.60926647787661 -37.859731982400184
1000,13,14,GWO,2009.6860317756364,187820.29179947014,3.25135015756667,nan,3030,3030,0,0,100,0.0,1,682.5660973533942 -375.16369672181287;-829.1801275192348 -36.218968079089954;-558.5656271573797 391.3254097722367;18.351858916034555 -53.33188484576567;-375.20374033371235 22.329224896907345;784.4291194897754 477.5084584384315;421.19278041775715 -778.2003281447583;44.64979838934209 323.94108012606597;2.160384626747598 999.3976782359459;17.914553561569516 -869.2669627388183;971.7583147693337 61.562884073071785;-656.2705091967059 -499.0317425673956;417.2567528373141 151.89304081680135
1000,13,15,GWO,2789.2495807204104,187040.72825052537,3.25135015756667,nan,3030,3030,0,0,100,0.0,1,0.3124112170809263 -987.2054353789058;349.64418551522493 -464.12759609223986;-456.3414339054153 -523.9281792833095;5.30705232631809 191.71364522744997;178.3102652403301 -119.2089913508019;533.9855140170434 20.26334165367231;918.4659927417133 -23.780450286555293;-3.1697539966586024 989.6612678653911;-33.74983577398754 -446.0194837188548;723.1910900699355 470.6135216813089;-793.8711762413681 18.918419525312945;-277.4438773262444 0.04823187328659908;535.3532600526833 -828.5511061718931
1000,13,16,GWO,5202.948655063665,184627.0291761821,3.25135015756667,nan,3030,3030,0,0,100,0.0,1,-169.37721809766637 367.2095099063525;940.5474992374925 16.339529005109274;564.7158911323446 -19.95147010170142;-1.515225473134544 -960.9777669664454;-62.25349986281346 51.85601982922532;733.446382422735 442.01264335240313;-25.300246280422083 -341.97111297163707;281.7717227106324 166.57497521215478;67.6455908036918 986.8170780887249;-540.8256303562417 -179.7137099916038;-508.3934663268837 254.12281208372056;242.78664676171562 -569.3297161607637;-3.459616286207259 636.443749324566
1000,13,17,GWO,3439.784119810298,186390.19371143548,3.25135015756667,nan,3030,3030,0,0,100,0.0,1,-948.3632743171053 -59.543399212313545;-279.7629728377674 364.4123180553443;-505.8087352859154 845.7566430979477;-364.85759589240337 -689.4999110347477;-594.0456334829479 3.6736352756562343;509.7837720611765 843.2952241585067;1.6266782853591721 -998.105200714601;286.5219477109666 492.05673149240675;-31.475341312533704 -522.2379280389816;-815.814599270026 -410.4586193598527;-45.43058299560574 -23.774296050776744;505.24455719317876 40.588601158305316;-36.61320289192455 898.683385245739
1000,13,18,GWO,1629.7317638757231,188200.24606737006,3.25135015756667,nan,3030,3030,0,0,100,0.0,1,-67.76268298232297 717.3653813444071;919.7785592237442 82.74094419988178;62.85504460514048 359.45005997555654;-20.583137471652403 -517.2204434301242;-273.21321610774703 -886.3444332712911;737.7466749775066 -309.09336988971904;-604.903627896204 -296.5179780730563;-945.2516255356481 110.72654995830612;466.25090611683794 329.6412223238339;112.35930997638854 -951.1561746815037;-276.321197895655 65.52534142733678;243.56651300185786 -2.1294927828002477;477.4066039547131 -681.5670740924893
1000,13,19,GWO,2762.6256060623564,187067.35222518342,3.25135015756667,nan,3030,3030,0,0,100,0.0,1,-586.1805845917057 7.255252926761632;4.654004897721479 -995.5116853349588;-73.07377868770038 -508.69799524783315;469.49587640102 -408.778803942228;-733.9904518894783 305.89903701221493;206.46442398347392 518.1570747312757;11.390553292617751 180.30120442966185;717.3268514417608 498.03066675029703;505.76820874486674 -9.293083898053395;151.6689001747678 -194.4263856040874;-944.7245691370271 -15.96584300210518;-241.5854466971941 -163.85244837164828;951.5698743916055 1.699103493067252
1000,13,20,GWO,2571.8621273415047,187258.11570390427,3.25135015756667,nan,3030,3030,0,0,100,0.0,1,-423.50399391779274 800.2189034932953;-975.0165866763319 -4.858295865084713;228.48697040713932 -730.875189212493;-782.0438108698967 -284.04686437244527;-350.0050271874761 -631.2145666948122;-0.5423914746992248 964.060657596034;-159.12838620532617 -5.104407039828257;22.751192060503815 -278.61331143694525;354.8090300768752 2.0777155334105384;395.24564308685194 764.9854750737318;935.03472957872 -0.5678799278141309;-5.720233241780815 328.33748385360303;-593.1863585455982 308.01834506412285
1000,13,21,GWO,5215.569035554858,184614.40879569092,3.25135015756667,nan,3030,3030,0,0,100,0.0,1,311.50504466733224 18.881585531613712;-396.23109425387094 -2.691156766650271;-754.1968799130373 -51.00504603689541;311.0240605214846 -723.6140620647797;980.6088201905719 1.6031004453330258;444.71148785232594 408.0164016946808;834.9941019403772 -303.6518744561456;632.9734272108365 21.1841401384475;-74.77291578414425 388.9519408199694;-5.246565060134491 -31.2725525922604;-559.8117658842876 370.20764589875836;388.9037672484012 -350.63001886139847;27.769509795422945 -473.68776116009127
1000,13,22,GWO,3418.2222482814977,186411.75558296428,3.25135015756667,nan,3030,3030,0,0,100,0.0,1,-331.3360444489461 -398.74861949633265;-292.2947298938322 291.6006230159904;-605.4616463436219 686.5388680514761;-875.7312622252235 -409.98643059913024;798.1709409569127 9.151205112724542;434.74294774795834 -883.0063299873206;496.70421652836313 224.19542979166715;-2.5555570549213833 -837.5515460666405;176.7375160065992 -420.32417153511636;5.652642849288681 996.7063038581324;-33.42656462613194 -1.1205059251232252;18.292575080851567 448.8640683190542;-672.7804570898321 -22.94146849245202
1000,13,23,GWO,2627.4998018353363,187202.47802941044,3.25135015756667,nan,3030,3030,0,0,100,0.0,1,-352.2454673528296 -556.5274746813192;266.4624485500348 89.6964630332231;-224.10643589910373 112.09212469896848;7.879079161417715 -211.56927814479386;0.5993161202400179 988.5295553082797;-971.2177613006983 -88.76821644193376;665.3906208579403 722.7102688726814;504.2245266136154 -785.1447646397431;946.8637504121415 -11.175657650264247;80.82718447601742 -965.7486592160475;673.7827063446846 -192.86731054391112;55.97395734147801 365.3420276702611;-565.3464318255428 -109.14304453980533
1000,13,24,GWO,2197.0354336967866,187632.942397549,3.25135015756667,nan,3030,3030,0,0,100,0.0,1,10.879330412764242 -142.12283039762943;672.0129731512299 600.9897821425361;72.74805295166043 985.925066884356;282.2264710368609 -403.03221930656605;-916.0885454779886 -0.22330012056523083;-669.0165134219636 -654.2246999617051;-377.19811140489736 -267.2853755180349;-247.6483314058032 87.00539945244691;2.914059579945558 546.3839206354243;-664.8071951736857 373.3735282848288;959.9175567533758 -7.384358422627886;461.22887685321456 160.44357359511662;-17.72931054867453 -784.3168003516616
1000,13,25,GWO,1618.8615384984296,188211.11629274735,3.25135015756667,nan,3030,3030,0,0,100,0.0,1,129.44502482421376 973.3170156553128;738.9099614560251 356.0948878050628;-497.9344310541957 792.8908279549204;-948.703947961371 12.10554639271136;-634.2626000740984 -448.68696964487543;-58.29027655717422 384.17876367734107;-214.5743496480818 -11.993758544731882;267.55328896636456 -925.0745331890311;-85.81210939743642 -328.42523629921607;-450.05594254455235 -851.2300411250458;613.9186845721639 -414.8021454121904;967.6583587027386 2.6035197430490506;276.8708267694022 -0.1945822199017213
1000,13,26,GWO,4200.252364205662,185629.72546704012,3.25135015756667,nan,3030,3030,0,0,100,0.0,1,902.1163404383018 -68.44784437620866;638.0882584523195 -638.5037320466416;37.993325474756595 -551.625980598278;-467.5278929979424 313.1210896917639;114.0973557390247 -114.71095049925032;31.115449322890186 309.39635402456923;-25.997771720659255 977.9678315496462;-198.43862797296575 -4.25934114508352;352.27339397897316 833.0904753218887;651.5191445689634 472.82252297229024;169.07956344639976 -941.6058202507998;451.4244386310101 8.806423985260727;-703.521634509018 41.39347900304141
1000,13,27,GWO,9341.453815641173,180488.5240156046,3.25135015756667,nan,3030,3030,0,0,100,0.0,1,14.41169814870411 -999.1102449829494;-58.825823918940976 2.229008972885867;-86.06803250590367 341.4872984018603;-4.167922582934199 -643.3465685645904;718.6469540208451 -643.0744027089012;283.08547148771936 -13.412493168062825;-695.2573448580779 171.01010486334803;-841.8610142218135 -206.15270920234335;-394.64637307583916 -98.5056875934897;11.355818202865345 -314.0788771827323;23.47074129619197 667.3105219265286;316.54407022170017 -749.0574301390484;767.2542220114887 -144.51951901746807
1000,13,28,GWO,5114.015936826501,184715.96189441928,3.25135015756667,nan,3030,3030,0,0,100,0.0,1,172.734467655261 368.50965321723385;134.64085786823483 -303.8937583913616;-703.5889865674081 -77.94474925840235;-53.9416537070713 720.4864586650659;80.69492790535122 -993.9248739180699;-247.25336486282563 303.6082417121149;16.366083503629408 2.905138519584129;-662.8122438091892 389.4143592765242;-2.195047720000829 -586.0042314801946;-316.2007286465896 -904.3210780117178;-310.7742807211226 -31.33637465831087;560.0825388586462 -0.27577634195782436;-804.0328470876821 -542.4597428075463
1000,13,29,GWO,2692.6090607022343,187137.36877054354,3.25135015756667,nan,3030,3030,0,0,100,0.0,1,-458.77073818645385 -711.4681617010579;-28.526511360034302 -993.6863995539308;602.7356851459652 -719.2697242004933;-349.9089124791192 827.2059180603028;-878.6867399156048 28.99741065436203;-14.24706667927394 -10.865719136835986;919.7391719260996 -2.2118258237978776;-752.649458350691 -316.948119475917;597.6098956522357 368.3358932031124;8.966537873158286 426.2666533245999;-395.59405901590617 5.848662303368769;3.029657179122486 -611.440227384969;354.3944415993382 6.423632930364253
1000,13,30,GWO,8.20782565701298e+22,182991.11618983716,3.25135015756667,nan,3030,3030,0,0,100,0.0,1,2.254377720127836 719.6509796235391;-758.7565417057968 160.14674246222782;409.13631216690277 -444.2861649737518;-20.020107761014497 256.972871274959;-15.177055511821123 -493.3055716876508;726.4230139555492 -206.1818770356371;-1000.0 -0.7133264404107166;-383.048916401852 -721.7317696490995;-463.4014445468736 136.09698982746085;-510.3518055792362 -243.7817097875634;-201.94914676268604 2.1356303778392447;417.7918324455843 94.92151361946797;83.77321725116396 -73.2242745306625
1000,13,1,LXSSA,2071.7111041572934,187758.26672708848,5.2371327579,nan,6030,6030,0,0,100,0.0,1,-989.200563588817 35.09809818037663;16.384851870032712 852.0572504533192;395.9530813872652 -767.6014567622091;532.6895970733788 -388.67952395195994;282.11583123466124 344.10158561234425;-361.70244384234263 600.0481758431197;-563.1138565201344 299.4371646578556;-226.3572864249145 196.68932791308146;-355.5355838008559 -465.825222339482;524.8335489681983 641.6717678046475;836.2472740024245 378.6078538063319;-100.29208925913998 -153.22867947545987;176.1331154640327 36.481194747672966
1000,13,2,LXSSA,3745.557951808296,186084.41987943748,5.2371327579,nan,6030,6030,0,0,100,0.0,1,743.1082581806314 -400.8233772142962;-331.20674007782793 -932.0049079681554;460.9431884464373 728.5564750142629;398.88146584233283 -225.97146542481676;878.3513433319212 399.1862821073686;259.4877799668307 -956.0764177208767;763.440386577551 90.6148947055851;-426.6392156101091 -1.9943145740779695;-825.3522305795999 334.28037519012383;431.4749844037431 193.71418224896294;-146.26428330889416 -233.8421394432679;-36.883714914176096 -763.3538416055151;171.14202400296813 486.7165913554563
1000,13,3,LXSSA,4058.303293350473,185771.6745378953,5.2371327579,nan,6030,6030,0,0,100,0.0,1,-334.6842333818965 870.1885866593311;-290.79870261288517 -780.273805508118;-684.8753687471651 -715.4149638294372;-359.4143712261994 49.59802453175102;166.3322831591829 23.617269450267457;772.6976550202658 -372.6428220808789;27.76198438167373 -258.5042033565093;-40.23775877930743 -567.2478109602567;446.3881816337181 616.8700829140017;-867.0147588260196 228.43322475339647;-293.01042812083625 424.9379990705539;-890.0959733062617 -452.3996716354945;325.40167194729094 287.36571106340256
1000,13,4,LXSSA,3554.0965988517855,186275.881232394,5.2371327579,nan,6030,6030,0,0,100,0.0,1,-570.1209850394484 -636.2463524084127;-861.9356314123017 -157.65944899972737;587.9662267832872 698.0365881521733;-398.62482082738023 -108.62988158621272;-104.3585976489886 498.26975805299435;-447.665586844194 344.9074127188504;-932.08480957986 340.1412146218763;289.6153555073105 912.2421475871355;937.1452769328162 -300.2778790603709;-245.79328166234308 -425.5084831117624;-713.6077283187404 580.6944183859299;463.4358973424779 327.5827365172869;76.60741253559809 -143.3274179800136
1000,13,5,LXSSA,1734.0552190052986,188095.92261224048,5.2371327579,nan,6030,6030,0,0,100,0.0,1,262.750338555428 -928.4441982783574;270.15886565853344 39.16544063292196;-482.2507644489133 674.3954627993975;-712.2859836804038 53.54923012607531;413.7190488191895 424.52160777834354;-47.685527613214454 879.1058985288687;-875.3605276919807 389.6584560850387;-443.6490139181035 -876.3952875442441;865.134739652718 382.7497401295409;-87.21020884820489 170.78095414757593;-360.8412828486376 -364.33288625632775;646.7051715590967 -100.54313208158221;-83.69056626715779 -798.3914791610132
1000,13,6,LXSSA,2187.690908178629,187642.28692306715,5.2371327579,nan,6030,6030,0,0,100,0.0,1,89.76883788180967 59.803952394348286;-817.7195415101762 -109.56568967808613;949.4475706532141 300.1759859890283;-342.270628278681 -697.1811002252647;-935.4498772113551 242.78274922530932;-545.8634602470096 764.212830276084;473.94243267741325 -395.93457152638;578.8496675767459 404.9572019487379;458.85831115876556 752.4486465920896;-325.80541912037904 -91.48283037094897;-574.0034633951949 357.74155318984907;-171.94723683741933 445.8093472300996;823.114399172389 -79.47874132925415
1000,13,7,LXSSA,1337.0120732790674,188492.9657579667,5.2371327579,nan,6030,6030,0,0,100,0.0,1,-912.0905353997093 -346.42614288420793;313.4403841957027 -568.0695630157268;-457.74697120050035 -569.0998385553698;-691.4959496534208 9.974245638366233;-907.5770212847393 419.69159739995035;-67.0424107610588 894.168635488994;-42.256092929520214 -533.1194163493637;844.3215860569712 -341.0902990775072;408.0968276386028 747.4553697100372;627.631541536322 413.90929221326155;345.6620910107027 71.06425213590336;142.92387517346265 -948.2532033449554;-429.1249281903079 816.5027591956989
1000,13,8,LXSSA,2103.9256853578554,187726.05214588792,5.2371327579,nan,6030,6030,0,0,100,0.0,1,-511.6815701561852 309.1786827417571;-209.2897852687897 97.1815944871721;-738.9461727829387 -543.8592129868969;-648.9124960018496 700.9411589381908;420.23595824614165 -725.0200024074767;-334.0341626275284 -822.9146472594598;168.02516392535352 113.26406784003021;661.7089027489257 -338.4282089143963;490.5653140001193 -0.7575366760624854;48.84727249849764 447.3075213327099;656.1134546967041 601.7570828522639;-124.80878959032911 937.9399517967826;-215.82604145805217 -472.3021519441495
1000,13,9,LXSSA,3527.048363574315,186302.92946767146,5.2371327579,nan,6030,6030,0,0,100,0.0,1,492.617579168236 -679.3082691215062;202.86267472272795 -815.9729556572279;-236.287958717901 -683.0702398683768;648.5142080863448 280.84645157415525;-147.19690241413417 274.0035989270788;-337.3059386977249 523.7877624341982;-6.17809952447188 572.7183194659475;-383.2749056101536 -390.4726054600529;-736.1728947640463 11.237221665696644;535.2040455403622 791.8874874905887;554.2017398202142 -305.68281040774514;-902.6755348501857 358.4987689764584;-651.6429404000805 581.6943294098212
1000,13,10,LXSSA,4443.130693630432,185386.84713761535,5.2371327579,nan,6030,6030,0,0,100,0.0,1,754.9686600688725 -600.5269445351068;458.9364920867749 -706.5220438220956;553.1796107690074 65.5996423861986;409.054002160751 671.3597156039192;524.4559337759287 -379.97637765421996;-271.76053808025915 135.82207116002218;-186.22638044475755 -498.6789503063352;943.3277744926847 -312.6458969292521;-675.1200889150456 363.44491905682986;-730.3677778809385 -153.26172262313358;-332.77175457421055 -191.98734049280986;-561.3537197452497 698.3051300542116;-181.69569528926775 626.2123460361322
1000,13,11,LXSSA,1870.8401735277148,187959.13765771806,5.2371327579,nan,6030,6030,0,0,100,0.0,1,454.88396754262106 -34.30203651503613;-712.0024822423969 575.2340392936849;-91.44489185307363 161.02341741574529;285.38600099414185 -612.807753404432;-376.11370439807246 -739.08528711055;883.6484267644984 -218.99453007859293;-978.9548988713598 5.4431814107059395;622.2329591032226 571.8647117120066;-437.2987839062973 138.28450222700386;-212.548242263868 -194.0609550227958;-63.32536525576184 806.5809080771038;722.7391832241118 -643.1073072009268;465.7044615090304 881.0613834096458
1000,13,12,LXSSA,2734.6510704350076,187095.32676081077,5.2371327579,nan,6030,6030,0,0,100,0.0,1,203.42968597668482 23.7072465536572;392.83238146476526 -257.02806123242505;129.9860130570164 -800.8007238657787;-974.5237866468091 208.98595977108687;98.44455089088825 771.5828713667913;-736.7220030005833 676.1954144683484;-797.7608618477442 -54.68719027734975;857.2353275204038 258.37499025863883;-297.04007753036797 728.3086104072103;-261.50693707339667 -604.101417287128;645.8371905165952 717.5704627085989;-389.0462814227766 -70.84052341893198;455.90563838941966 331.79234020282183
1000,13,13,LXSSA,2059.8404297259985,187770.13740151978,5.2371327579,nan,6030,6030,0,0,100,0.0,1,-775.0759039534508 -32.48390323077081;457.97175999238726 448.3554855062672;335.9888816877536 837.0714579706803;-86.24455575095428 425.4094797775332;925.2400274417304 89.53746520679312;-848.4962270929783 -522.0682197807026;-712.6451937957098 390.6487535431463;-84.49345520658572 -618.3740234082396;283.4799647636938 -497.1645609898699;-508.79100496132384 -398.1580682711456;117.2017379066073 -8.10459109467056;748.2992397940484 -170.8656830975888;-405.40087763829797 197.2949577493044
1000,13,14,LXSSA,2417.939527000388,187412.0383042454,5.2371327579,nan,6030,6030,0,0,100,0.0,1,866.5123817133352 -83.34635438372041;479.6194347028064 -170.21297832334778;271.71149048857836 585.1959621561682;-173.8072553949887 494.2986464257116;559.246604597353 828.193936447613;660.7608336830907 -749.33837620821;183.65643740898372 -958.9550326711328;-145.94067909420252 -721.732877202525;-917.5337567179564 -13.185218817612675;508.3591638940706 321.921853364428;-550.5274911947909 750.6021694559528;104.43461685420871 245.8455724608532;-603.7024768616037 208.58872002609994
1000,13,15,LXSSA,2400.203510158579,187429.7743210872,5.2371327579,nan,6030,6030,0,0,100,0.0,1,-163.37461168625532 207.2454094585672;-9.508949809405218 -924.6889533655816;58.6775278400646 -368.556480463162;-504.63908820880204 113.00940403043622;304.76118142650233 -87.38793520016344;146.95507491919267 949.4785427841596;-314.71108429319344 -301.04970647468684;684.7621562772739 -73.55869427751713;-637.533970942609 -646.6897756152706;655.5453737279872 -695.5240093124586;849.1372553627456 -409.13694585924657;312.9683322090567 -945.3130652993335;-168.77154823034462 -602.640106228203
1000,13,16,LXSSA,2026.5440929094912,187803.4337383363,5.2371327579,nan,6030,6030,0,0,100,0.0,1,116.82972444895779 -276.64444492179575;150.11171634329585 522.043248764915;-52.21418505558044 -889.7949884351955;-578.2762751144234 -58.30920546080952;872.0791279874098 -65.97995959196457;-35.01354251051028 123.02109196706485;327.2922318600174 -929.3712678213277;583.5888226824742 -646.4727036794822;-135.62732469969876 845.4681322385254;571.7080730281006 304.70524148215725;-705.1130804390572 -387.8770689770979;-578.0609266394472 -808.2019109071042;-402.31847047819844 508.18407307574455
1000,13,17,LXSSA,3707.7887152957264,186122.18911595005,5.2371327579,nan,6030,6030,0,0,100,0.0,1,45.49172756662073 -421.7058807685723;-423.68981054212446 -331.7670429763253;623.5714847484088 -219.7189489524985;442.6972462292313 99.939339727408;-298.13181165623104 713.8222849862804;-195.34027175167856 -76.1832996865623;-585.3199732251524 131.72120053866635;139.01815245647327 41.050511867904895;437.6992230806417 -784.5929881877349;-50.493949474066866 424.341795685211;466.9525071003251 552.554185703909;-894.1988100229228 -375.12606301549573;-460.84360010856045 -868.8575706575533
1000,13,18,LXSSA,2424.1943243863934,187405.78350685938,5.2371327579,nan,6030,6030,0,0,100,0.0,1,-786.5992623505072 -208.36212387087093;-231.4207070523794 -611.9181410763927;-133.43551660385017 -41.44542930707431;954.8883197372747 251.6466328900538;-600.880242994436 -642.7965804701951;477.28727267481844 811.526566100304;878.5839552916912 -399.0889724523059;-492.0484316476405 276.50285471476025;334.6404914408942 -670.2182594269179;-730.4127949899594 606.2095166281601;485.1406929289143 -188.7089050570873;-205.50089015349164 856.3950080381042;-339.2545819588144 -934.7034027254593
1000,13,19,LXSSA,1945.9822932104871,187883.9955380353,5.2371327579,nan,6030,6030,0,0,100,0.0,1,-612.1670110845245 -655.660884232059;677.0133020383926 -536.6893734490279;-123.1851534554989 -77.64789805963643;192.93117548599122 811.3523117227112;-579.2406268181716 810.8068688893538;-212.3003739494035 -699.505689287873;377.0798505429491 283.12411975226587;-919.2571616759024 43.052623353317024;205.45449127086303 -103.35257392277117;168.4633366363049 -844.7412596745338;575.8649945127262 688.3359383514219;748.2724239465223 116.38074082785158;-315.282882410228 383.3956804092288
1000,13,20,LXSSA,3133.9406112663564,186696.03721997942,5.2371327579,nan,6030,6030,0,0,100,0.0,1,237.20722085182828 849.7572269331712;765.6992421259372 -521.9441448140683;-525.2373609905554 -189.7418187504437;-893.8450247807242 0.6896836719519467;893.2100014557462 241.61955625231653;-533.418316722582 -764.2615159901723;-334.8654140913035 -461.27983239078725;-46.5954341905298 -295.84882003154934;-122.18654543544872 354.69274991253826;-737.1384003489999 452.4862909936092;-477.4373773381071 278.3546768410212;166.87314808179326 -41.98448919304593;756.1198197241976 641.1522159777156
1000,13,21,LXSSA,4676.52276911019,185153.4550621356,5.2371327579,nan,6030,6030,0,0,100,0.0,1,-440.09290843981415 -896.6858589852594;-133.4400229044954 -550.192073440185;-107.00747081437298 745.9976456184161;-648.3872644125787 -180.101866672143;-632.9149524373896 238.8537259829665;740.6260268889142 -429.0115238992861;590.3102799536966 395.6907149812175;-373.05485878794894 -321.8230182391393;654.6978024931784 755.8887500219535;225.2427105652468 462.49018538952504;-87.68083014987783 399.9572829383941;-936.8391673140371 -336.6781808029575;122.33937477353062 -923.7217377629137
1000,13,22,LXSSA,1270.5865221254935,188559.39130912028,5.2371327579,nan,6030,6030,0,0,100,0.0,1,-558.1029371619823 -635.2317073046282;-368.33317603184713 75.7264018420033;380.25042603978454 -498.5656228200446;-757.3505495925448 104.66493813714757;955.6518284167106 80.07477509126795;-161.4277121489061 639.3059545496905;671.3160991167713 -726.614102223259;-944.9282236748201 -287.4684925822828;129.0211838165807 -142.11880007439544;-555.6984580702297 700.1371504883938;656.9228366312942 545.185941142147;-214.0706509959943 -267.2936015103152;160.7344614380435 365.25601044954936
1000,13,23,LXSSA,2927.687456699001,186902.29037454678,5.2371327579,nan,6030,6030,0,0,100,0.0,1,483.967268174929 -795.573734250674;-563.3514305220175 -364.03417888231075;100.32860343628445 276.03750423191445;-242.4855151519116 -777.6491492780705;55.75036383442305 -347.6933027034318;-639.2946885833343 -752.0835923075757;-647.1926104654642 471.27556505164404;774.0124420298574 -158.5376700162038;235.30239969383337 557.1888301277326;-400.353427174492 822.4743746885722;-237.75466178501625 337.1989721880801;-402.600685422065 -22.67538986825437;477.9171951956061 762.6796399498411
1000,13,24,LXSSA,2701.576846201293,187128.40098504449,5.2371327579,nan,6030,6030,0,0,100,0.0,1,115.45506162431933 -245.37260500906555;478.1622970023517 -801.3516221776212;891.316737244431 -272.47197881046236;179.25139663240608 286.9668478572331;-336.53991481327785 -324.63420646120824;-356.9328936247827 778.4453301677596;-718.9864764178275 -468.669804403162;493.330301924931 209.00555308749463;633.2808110364683 644.9929148303646;296.25144285106546 884.6958854039368;-37.46875822590549 -518.6446874984126;-479.85404829856213 433.1358644819815;-164.43945740619804 157.30011095873516
1000,13,25,LXSSA,3175.6329020432313,186654.34492920255,5.2371327579,nan,6030,6030,0,0,100,0.0,1,804.3134957810047 375.76008541319277;629.1016811833194 -602.9425455509784;-327.67688449683 -789.2200961355989;373.487430073806 -318.7483431334146;-394.83625240993683 420.13403638814225;-79.69756024554016 12.108685903863918;465.94073007897765 391.06956590764105;-756.9636396191415 399.19576815382084;-149.4597796007762 -382.1388136444702;-599.1318082181759 711.3817592606149;102.97854566032707 274.5272618269227;-518.8900675447333 -498.4637504370967;494.7679672794043 789.3110049647394
1000,13,26,LXSSA,2787.374056532688,187042.6037747131,5.2371327579,nan,6030,6030,0,0,100,0.0,1,-152.44470000280276 -400.28791391285444;-418.3817756076624 120.50381157746502;750.1105255918038 -493.3534104505906;695.2484993403642 423.00573064134124;51.6073564037294 355.67731690598964;478.67266168437465 679.8999094205395;-623.4273316679487 -277.26540849065486;367.83019245800284 72.10555227357182;454.42724861145155 -862.5176414962493;899.2594531618489 21.527218091796975;16.80837100817446 -784.5010658052879;-419.649107096928 907.6850549523534;484.0241093415994 -268.36264240660023
1000,13,27,LXSSA,2860.572373112169,186969.4054581336,5.2371327579,nan,6030,6030,0,0,100,0.0,1,-21.772519593107596 120.69576354939097;-258.30319389635827 912.9182853769405;8.661866494572577 589.7380256898248;410.690599744059 430.20343525459236;-413.8549282227784 -389.7305048481591;252.16076184860046 -63.673184765494824;-308.3902731400914 383.77012938322997;474.53087031096305 -837.0779188537805;-330.3789278202465 64.75023713736608;829.5136993154327 512.611947201727;-651.3491379202264 354.43506156575364;564.9048802524158 773.5093425738165;-920.7950209247925 0.3543631902226592
1000,13,28,LXSSA,5416.540409105131,184413.43742214065,5.2371327579,nan,6030,6030,0,0,100,0.0,1,-284.2466787840259 890.1659995803168;690.2367758519365 723.2247738267768;-402.0625217935408 -643.0077179202445;-98.262064167098 535.9662899736629;428.4201550249835 903.516844600504;73.26390954502558 -870.6907588574769;776.6628972592946 381.0998247084359;-658.6024300752908 189.69551509782067;-424.6947200329911 453.0420131777346;659.5472618688766 -100.05801559328262;-424.21282880937986 -312.3584838605366;178.2838406733545 688.7783173601636;-163.68653616107014 -137.75158355041526
1000,13,29,LXSSA,1962.8094493260141,187867.16838191976,5.2371327579,nan,6030,6030,0,0,100,0.0,1,-971.4161887931422 231.42490977273764;462.5685690175138 -245.78956814264333;-37.64381086483856 924.2067440730289;-32.12547077639426 -17.775718439773108;-507.8295123816295 157.28333647706293;930.3081958764496 176.5324209448842;710.6591532389914 515.0052546901081;575.1234172969779 92.63890147425371;150.33300016914166 640.6759847491994;-641.573658678603 538.5027029503528;351.0137048311322 353.2093292947261;-346.43164345459473 -289.133108841501;-197.9907780644814 435.63942091098085
1000,13,30,LXSSA,2046.654562102427,187783.32326914335,5.2371327579,nan,6030,6030,0,0,100,0.0,1,-209.80280824601573 -667.0781394538232;391.32717541005377 -212.4154419882771;86.89334735037373 890.635067883519;-859.2828722527022 -449.10548874984977;251.64707762295416 -641.9863139528728;78.84269287303897 -1.9472380377900225;-235.03227674509597 784.2215135422917;-754.954373908053 306.4225023090662;-79.90851831732543 317.3319645910233;-534.5367563871926 -747.723119020328;-436.878431953873 195.10518892176256;494.1880188941706 652.9342886176639;780.3394264011348 187.35072367898204
1000,13,1,PF,2038.6988734257175,187791.27895782006,3.112635603299994,nan,3030,3030,0,0,100,0.0,1,-459.99233504794506 -375.04917907615317;216.62960456173585 842.6319156365727;-223.54731740570057 272.58334994683776;86.19935475352317 -459.04091439565434;847.4729671009493 426.27806826802504;-665.7204105837287 247.58541549448742;381.7624159496498 -681.237048448316;-664.7454272478992 -714.7494934850237;-432.18249596085536 821.2560775819935;-235.5221675490128 -816.3180993723352;496.15436646668184 142.3410929471424;-39.92394524139965 638.2401940904671;698.7480332741277 -407.023103556988
1000,13,2,PF,1494.2405897396093,188335.73724150617,3.112635603299994,nan,3030,3030,0,0,100,0.0,1,-966.0724896702656 -52.487754588255825;-813.3587535786448 453.4700075914286;-247.46466150388991 -796.0293387420205;294.62218085007464 -936.7810606060874;106.03650140909296 -518.3723855503015;695.2617614704437 -561.2850313641712;696.311246250414 265.8134447464607;963.5448452247074 81.52245676092043;-132.23292968879935 880.3853891937093;849.9371689954256 -272.49628025503375;-184.61825761263285 297.1571226939301;269.7584075835147 606.7437301204538;-521.3968507667878 63.68373378321406
1000,13,3,PF,3189.788560147077,186640.1892710987,3.112635603299994,nan,3030,3030,0,0,100,0.0,1,-617.8841158180758 244.8096360662629;125.11921529274068 270.67729874222755;-283.65576488760155 467.19110220475875;-516.5321325734046 -832.679643169777;-302.52323700456236 -23.869683439586396;-311.1325614981556 -595.1315151231049;-863.1116376261807 -500.65957453518376;-107.40223649864052 943.7052235256288;782.7912934216296 -537.2173287749208;-779.1154679215114 -84.09189729378146;103.46103243895904 -337.71383914474967;246.4585514952557 -645.8654615709868;491.2992164531947 -24.718395106769748
1000,13,4,PF,2378.4887495567673,187451.489081689,3.112635603299994,nan,3030,3030,0,0,100,0.0,1,-1.28320557840761 637.1138515217737;448.91558971533857 861.2727773696661;676.7906267842368 25.708317241146794;-410.52697599421464 529.5286958660273;-309.50298339529354 -628.0140779515928;422.46366421450637 451.22933093179046;454.5069916652701 -687.1999166852527;242.890924109247 59.53042000069635;-135.84312945240745 928.8596196207595;815.5343210799805 430.7903660877018;-119.44840482810432 -151.38443986550385;-623.7587176795442 -202.269033126919;789.6678742783075 -319.68981590014573
1000,13,5,PF,2661.9718515985296,187168.00597964725,3.112635603299994,nan,3030,3030,0,0,100,0.0,1,502.79656329580644 310.1957001572344;-987.6056977343802 115.27442285774062;895.0758207443231 -12.236869359728669;259.784748262893 -52.91950194854084;164.84074903977503 863.9755998127642;-534.9733077706761 388.4560720988265;52.36119325169812 527.5658856159871;28.535959226930835 151.9741766679677;491.7196248615234 -498.58918054634495;804.0933487131987 -482.50288642595143;-383.26518536971855 811.2413924141252;-828.9197341684667 540.5109322181422;-267.3816090606542 -473.55777491983747
1000,13,6,PF,2018.366503597179,187811.6113276486,3.112635603299994,nan,3030,3030,0,0,100,0.0,1,508.08952059122623 508.7652611694111;-509.8870943695829 -602.1658399702663;460.82339205516774 -318.1796556805082;-166.77016148103877 -868.9868183247878;-716.1901192171819 97.31180157213474;853.5540598993589 -186.25311022246316;79.73202757513187 -502.75546271249675;254.54457918997775 74.5014878806427;253.92092045832732 -940.900655353521;-502.799633346364 521.2995155739825;70.53041974932091 537.9547407600137;265.6467774122651 826.0399952771184;-230.39589450679344 955.0401507177063
1000,13,7,PF,2854.5615707861725,186975.4162604596,3.112635603299994,nan,3030,3030,0,0,100,0.0,1,-515.219593410935 -98.17673387105296;11.424009122849515 824.8048223363169;-100.305007434484 -560.3734116037097;349.1212745532413 280.9319585059806;310.4234648379142 -659.6615793322627;-93.7763572636354 116.98287055286556;626.7206069440384 -712.0997063121209;156.6937136335237 -217.33262176280476;-547.7787172660003 -780.6574025091439;109.07409697523401 -969.2793660080403;754.2209135733237 -352.24084486120523;-429.61936535468703 547.4792040100829;-856.0132798599093 47.09374629033362
1000,13,8,PF,2607.0222695456177,187222.95556170016,3.112635603299994,nan,3030,3030,0,0,100,0.0,1,-750.7943929506529 -600.8619991927474;-532.6022821465813 767.2272685072711;-406.6145148053343 -187.4558322810484;174.84669359078424 -645.6612628355339;170.84139895970137 493.39090929433;753.0645278108993 322.62191660749;447.94537890690304 -22.372266238590687;-866.6055244444341 -260.03758925142057;-461.3422521571944 -799.4692461540171;971.447972078252 -9.68252616376001;-47.17482051721841 952.2558475467459;-837.7341006399475 144.2308711427413;-240.1806388030777 332.60008733191177
1000,13,9,PF,2612.2133165305713,187217.7645147152,3.112635603299994,nan,3030,3030,0,0,100,0.0,1,-171.19660163077023 -193.73461779442775;-435.6735543962784 591.5352216343549;483.97028944043325 -484.4855817109039;581.255278459251 248.1162344921625;71.97343070054966 455.4985168400724;-350.62040985797705 -680.3801171269131;-705.8564417184682 -494.68229211993946;351.97451414896847 -96.88022554805745;-553.0570534681468 -125.66128528527081;421.6705694102352 614.5310870300425;210.33046157620473 876.2473315588792;-45.492260471919344 152.0956561961163;-982.0358988002292 181.92213149783868
1000,13,10,PF,2690.5750392598857,187139.4027919859,3.112635603299994,nan,3030,3030,0,0,100,0.0,1,-358.13416249828987 -835.450062299835;142.0769569421952 -557.8100485268241;115.53928047264473 850.4033044354366;-612.0366768695438 -555.7211303230014;-37.45993061985909 461.2430927481894;-380.84825531748794 783.6673192658262;294.7637299242518 -146.72154510961204;-233.96261058014358 -508.5281406521223;272.07168190707694 -901.8515487059844;-902.8269990446086 152.08442592692907;483.4484968570373 415.78507203840616;-581.2612057413806 -17.507176738017876;690.1096834200258 -214.4248107044596
1000,13,11,PF,1998.324695920921,187831.65313532486,3.112635603299994,nan,3030,3030,0,0,100,0.0,1,332.21712221707776 -524.4447116638763;722.5535817830563 421.3163854262488;-240.45305219207884 -5.457978444786934;8.524030948837286 -862.2355150524102;-601.6263578651319 -498.1823518624127;-516.3425243237111 817.0058202391131;-896.4882960835006 -14.703964050059623;327.4497599247048 395.7439606013369;-202.7971464427232 563.537106438338;-20.861441347680284 937.2009816559003;186.91956882538125 -214.76968702142636;531.20418625119 11.535132199396507;941.446128200497 99.71683822801837
1000,13,12,PF,4238.707374089921,185591.27045715586,3.112635603299994,nan,3030,3030,0,0,100,0.0,1,640.3579223273007 687.5662474473077;711.5969187823845 237.24257177806157;553.2232208919633 -500.2385569375594;-39.359921547173705 -203.8311398151085;-260.48928725436417 279.73258074997113;-645.5063281281344 175.46687756638337;-962.81745030291 -167.64480943669554;260.30054672444686 -843.8943233927484;344.76320403772723 555.82658643718;49.91008672214092 238.7853710908111;847.3033396989815 -39.78766846189203;-836.1306613195181 439.42445903545286;-700.0100986475335 -331.1981611154943
1000,13,13,PF,3.4349213241977027e+22,184989.9689655103,3.112635603299994,nan,3030,3030,0,0,100,0.0,1,407.7601440858854 816.9543965426758;-841.1841622929081 82.95748535343473;834.9256157263121 -250.92991507734905;168.27213369619247 -241.51904528989286;487.4797979128542 -743.1240506731477;459.00990611651036 146.23493282283815;870.6049740336741 106.3447244100458;-21.530147396981526 -495.3474350208687;-643.8912890092772 382.51616963606466;-883.4659817073939 -203.40431164935296;-287.7694704032673 513.2794630259388;-669.3031121796885 -617.4921456373577;-429.6126818963186 -103.55249738569705
1000,13,14,PF,1717.26967636068,188112.7081548851,3.112635603299994,nan,3030,3030,0,0,100,0.0,1,-23.60213981120571 934.9198140243191;-28.273976327940733 164.53848962053013;-563.5374967237518 607.8108716372622;996.792002113279 16.941665743250645;-857.1566531506785 201.0115794491614;-894.9836830862653 -259.01620050034984;460.7804794729628 376.3189588164466;-315.5328445364123 -212.35382129058019;711.8457429289277 -424.00490550026956;-570.1639721394155 -627.2582191126494;294.21638773948496 659.6167314013115;123.32136898198937 -795.6777121987391;289.3395660614882 -229.27873453526354
1000,13,15,PF,3.910209399286316e+23,181306.1964376247,3.112635603299994,nan,3030,3030,0,0,100,0.0,1,219.16175913940816 674.7677520331151;-419.5632261802949 -300.3642391037066;-21.943734772198873 -857.146478808256;-691.5564456733526 380.4494096923231;609.1354937318763 -629.0298513026939;-413.3150931265154 771.0960782518648;832.8209932795985 -410.29410713018615;-401.9174910700974 -568.499473456478;-449.48307182240893 478.40203442522716;-771.4746747381706 -67.45745607379538;189.57518438012195 -426.0447825990525;616.8872477423685 495.035440176072;152.33395634082103 280.4272185233532
1000,13,16,PF,1932.4481084625586,187897.52972278322,3.112635603299994,nan,3030,3030,0,0,100,0.0,1,162.30481278320008 -903.9754571749172;885.883991587929 72.21263801777609;595.617504543894 617.9154541282193;413.2646714304522 -209.87550932723266;105.12917993008034 918.3786583125152;584.1250941855259 -650.336779272248;-18.786388778555114 -474.54944622559435;-467.4223095596218 -782.4372292876296;-446.6024830495028 719.4710501415183;-739.6123753157692 231.4335510774502;-213.62036514256005 -120.87223284637892;-850.9798047108263 -373.823502827295;-173.64110631811988 405.70587400618217
1000,13,17,PF,2993.4213270144246,186836.55650423135,3.112635603299994,nan,3030,3030,0,0,100,0.0,1,-254.20499513459552 6.548059565802006;83.89399940845104 976.0256874416879;129.22626237913363 -77.97397627598487;-743.120405404504 -354.15681732814966;523.6404285418499 218.71696481954316;-941.8770267461108 73.02939640459633;-585.2402381821206 -9.524690861348535;-722.7377155588651 361.84422774482977;-213.106896276146 417.8981309231854;394.9918524501288 -890.6203131590191;-82.15101425036758 -646.6857826109126;-371.34572596933805 -845.3766699436437;814.7842729967656 -32.97684659251908
1000,13,18,PF,2290.052040226059,187539.92579101972,3.112635603299994,nan,3030,3030,0,0,100,0.0,1,216.04353873200435 110.17339647061988;-59.759155295648824 -441.6537634102364;598.5558897576117 -526.7022252036461;-962.0984359672658 -111.02573721601205;-676.8215615509039 706.5073557362097;-839.6281236733963 253.85340801369114;-442.84283465496617 -128.1441068629875;-85.2464362791392 713.5440730569817;-261.664853674594 250.3172947400033;700.2617844702525 477.751568268729;383.15822645730384 714.4062196697436;-555.4986259466879 -675.652390626446;768.4465839203174 -156.65792388463944
1000,13,19,PF,3454.1093629458337,186375.86846829994,3.112635603299994,nan,3030,3030,0,0,100,0.0,1,-642.0332871598185 13.345618398468188;26.754042561438556 -435.2277219667599;-387.2733574308529 723.8255068540823;-820.0146943338709 -270.8286972377549;-103.0066610825607 -852.0084154676521;44.676835330768995 -14.373084113748888;-198.22473302982544 283.7061938455288;-770.2373965121653 380.1461325487276;198.07924235711243 421.56216135941685;521.1123399839684 223.0729063987237;-398.6482762351231 -627.526008913286;-357.6777966718957 -121.23913726138419;48.17874619161537 718.302021031841
1000,13,20,PF,3.741364008059433e+22,182137.01160738076,3.112635603299994,nan,3030,3030,0,0,100,0.0,1,-505.117424383635 755.9629369272848;441.23316012318156 -753.759384618412;714.1484452279109 -343.03351877860507;-769.6842213243368 220.99267967787222;-561.7386016923015 453.81153586088357;-152.46998030242 -437.435908847625;5.977550391317756 847.3805944179574;-510.02092082287083 69.84496620112483;717.57698221621 -635.1037743218125;283.8431643399744 519.3270342512324;232.18732349412093 -47.12459722899939;355.59916998799036 815.4422544225972;-810.979743832935 -559.82846384141
1000,13,21,PF,2011.1727032846247,187818.80512796115,3.112635603299994,nan,3030,3030,0,0,100,0.0,1,-655.3680663479329 734.9439534932421;-359.53745082810815 29.839550670944043;-896.1011472178755 135.20567098233602;-681.8145839079809 -641.660059918361;717.5686941760736 -365.47850325213705;557.6828938197858 -689.8285467858974;-33.27708650911576 148.18572237617576;-186.06795021027685 -259.80303410437324;-199.01463135485176 746.8362603918679;175.31777176354254 -886.0113074211275;126.75837058557312 666.1770008643477;314.01035794696963 270.98174097701155;-371.0144198004947 -800.5960086314474
1000,13,22,PF,1989.6145075324166,187840.36332371336,3.112635603299994,nan,3030,3030,0,0,100,0.0,1,794.343126511587 401.69143943038915;560.0930694793576 -206.8882195581101;327.38308054690526 -472.9405872428865;-267.2367376928887 102.85494794124575;-446.53279836325356 -224.47903469628568;954.5949893799523 -97.22689940469513;-273.79628095527005 -504.77758315114136;-798.4687825542744 435.4813736753518;-814.1999953608525 -395.9279655488514;-239.82786113511904 840.7377497364914;349.4465887846822 107.17595135490294;-5.962435880565438 -877.2544632199347;54.393657255019775 497.87175334099055
1000,13,23,PF,2656.8110200741794,187173.1668111716,3.112635603299994,nan,3030,3030,0,0,100,0.0,1,888.3952482801393 -238.3781120396492;286.50543358637384 113.87893723675835;-375.31902913275314 841.5988834217791;280.8387063173082 -516.6498290194568;-236.95282484921705 -370.1581601602878;-629.8531067370676 492.56687142121274;-27.289994989433193 731.4551898198364;-200.11123191424295 273.9498064675432;-517.9623194173231 -602.013014302386;-786.8861612217945 202.86934060075106;-296.20343679471523 -869.2162614937577;655.7851155271101 134.34809084869812;389.0444983768902 695.7000376181322
1000,13,24,PF,5219.986050539039,184609.99178070674,3.112635603299994,nan,3030,3030,0,0,100,0.0,1,-15.743452643731686 -929.2263977758095;430.23649519886493 106.19305881722401;-163.81902446809866 968.6264361859457;-843.7483099541214 498.8125815873545;300.72563862551186 -389.5799451998483;-824.7840122658974 49.39761206049408;737.9983909583325 301.3410284691274;391.9513527415462 588.0185809090228;123.54046794127177 169.76364974291278;-134.7234151788224 -322.44529547684357;-462.26634835411943 276.7197214724391;820.5916135377959 -190.89602043353224;-11.149060639281814 529.5728423266078
1000,13,25,PF,1428.8608106914908,188401.1170205543,3.112635603299994,nan,3030,3030,0,0,100,0.0,1,430.9334227455484 210.69870755090562;715.811894868303 -569.4572331220439;955.953407194223 -207.5980756046548;-221.6878046631951 196.6554223171985;157.02953580600155 -407.11381260378084;-681.7818445630301 514.8016135517447;636.0382760892586 745.4273864465733;-857.9220827500544 -1.7992931224264037;-40.81656120466181 -79.37833453861487;803.4920788784931 145.9471900600184;418.55872070364524 -769.29219441803;-416.8458968380709 805.4313158984675;-416.7204492664175 -493.923231252597
1000,13,26,PF,1877.591464373545,187952.38636687223,3.112635603299994,nan,3030,3030,0,0,100,0.0,1,710.3969956532108 67.86862526402146;274.5909247519551 162.07112126749638;140.17634739116954 568.0580321486236;-184.1044390070401 -758.8602834438644;934.5302145600114 -299.31992767031926;-924.4673393881529 75.89497048249598;-202.57396701961218 493.46742736352036;278.41629427648155 935.7874862888235;-574.87108470175 418.2611945675044;508.7361320608795 -686.0419050357514;481.5043419374327 503.5245269805125;-381.9197756333562 83.88999274003119;212.3426283935705 -971.485561911331
1000,13,27,PF,3034.650367652881,186795.3274635929,3.112635603299994,nan,3030,3030,0,0,100,0.0,1,-39.43468425950388 -299.1943022687354;-168.04439056419307 481.2006057075624;142.75283468726255 -577.6714507294168;-210.2911954933542 -7.3210615237876695;-975.9753310599467 -53.41370417577907;-597.8883776031623 -458.0942047926112;619.6650713038554 -553.0339733195807;173.76382722530616 463.892253903337;-873.5852450577876 357.27190777124576;868.6453981755249 -356.20440798880605;-213.92320677014158 -912.0424488847972;387.73749344422936 -827.3909372943785;326.26391807969276 68.81906613157851
1000,13,28,PF,1865.1430451906053,187964.83478605517,3.112635603299994,nan,3030,3030,0,0,100,0.0,1,910.3926694572799 -315.2611468293524;650.5333493818343 163.17232680774913;123.04191252816204 -119.66824575979227;498.7727814139769 -162.6077230937594;-496.50905512033927 312.01676717774194;-422.539588718697 -776.2990756603562;-879.125145488898 399.7492743307387;380.6237104663767 -869.9581256022408;211.54224143633584 692.7092328430435;-308.4808009791478 820.1582813856336;-686.4274289542343 -9.736212308421411;11.294625445515715 -464.52462721559607;-295.852373892104 -414.8537091067464
1000,13,29,PF,2639.019224367221,187190.95860687856,3.112635603299994,nan,3030,3030,0,0,100,0.0,1,553.0268158279476 -810.2163711259179;-460.50520834139735 396.49976336419775;883.9046372927709 419.4595377707094;421.18027656566574 38.39263679163403;-100.8616730586736 851.6774668608452;55.637462094613895 -75.2432811871935;-960.2339995282667 52.1308622231399;-588.2333758023263 -17.68979407725259;498.33265911037086 628.2510005323296;-179.94292328703943 -353.24209518048383;-314.68523554157963 -801.0993572065247;50.00237198803078 -789.5382258790256;-773.7533178510037 -539.9201036633082
1000,13,30,PF,2712.614296284213,187117.36353496157,3.112635603299994,nan,3030,3030,0,0,100,0.0,1,963.367030245643 86.54886761311491;393.61995889640144 385.81582552936936;-21.976381613092997 782.414109984553;6.915848063853094 -554.512154961582;167.86043056492005 -926.9975145489077;507.807415172022 -517.5196551332426;632.5354403021669 112.38328663706076;-271.422671133311 -843.5084387933849;416.12876148493666 807.9543895135447;-912.5788600708568 292.8616189219087;-435.0423206821806 854.5142579559247;-245.47243366018054 432.1981153319949;377.8902239229379 -212.9422120526315
750,12,1,BBO,2727.204351852881,172500.467492374,2.79950438103333,nan,3030,3030,0,0,100,0.0,1,468.1463646147711 561.9689694040112;-647.8760441969843 -134.90420432234657;408.8653642605259 -173.92163654514775;88.13424811496066 727.2717776435;-228.20680181947318 48.641015208384374;-521.3873891081126 192.98646472261828;-398.2204415779476 538.4363175554497;110.36038426864718 -487.9415255456508;740.4098935358411 66.64965525691002;-164.0022238833667 -727.3501000724741;260.28509685231006 267.2975529433737;-444.08480118642734 -590.7174913375225
750,12,2,BBO,2686.775152414135,172540.89669181276,2.79950438103333,nan,3030,3030,0,0,100,0.0,1,-266.26874686275517 -102.99176895123458;598.8561169644281 -254.32522644007832;-560.4080195635539 480.03795604371794;336.716830081803 -547.0269184895984;89.06815852897546 692.5280288233357;-710.2167559987759 106.52421333289635;646.7765079101905 355.0984058278698;9.387924737779827 -444.15672063389496;343.9635860739502 472.36224460201174;-496.9624303064122 -531.6590164349816;45.480369495390164 175.1731498440397;-225.11145179899415 459.9619347125815
750,12,3,BBO,2530.467168846255,172697.20467538064,2.79950438103333,nan,3030,3030,0,0,100,0.0,1,-52.315025276443976 -398.79539138191205;623.2610812732539 -187.90161705738342;-354.3706411467216 -293.5490866897426;-5.391572776497696 270.80251338789526;-211.24270910352982 36.942663315760456;388.9325771854508 336.74053773899254;-322.79727560072877 648.2942060310986;137.19653499759158 712.8654264338766;386.6072288573944 -469.3462153281342;-210.37234123681503 -714.8413234500281;-651.9139022430826 0.10080735761061987;-544.4425876087963 322.09699635298966
750,12,4,BBO,2449.186831967585,172778.4850122593,2.79950438103333,nan,3030,3030,0,0,100,0.0,1,-587.7608138523423 432.7088416114275;-56.05031911527817 -645.2615253282256;412.5944520917301 43.99779148264895;-605.6622437209209 -173.60945267786667;-313.0405308514567 90.19883557562764;696.6265201062406 -200.19943002367734;-175.266599308659 -315.3383256700192;462.4537631777612 558.9044793906126;-496.10974546082184 -496.43911879354175;-180.13299952869897 507.1453784910534;58.69908542461508 709.9064937796638;392.86185321226617 -568.0598347286303
750,12,5,BBO,2746.8703564246243,172480.80148780227,2.79950438103333,nan,3030,3030,0,0,100,0.0,1,-325.27815416374733 -86.36396339508553;194.8821528733083 -557.2384258955881;12.869234821456075 350.18778347325156;316.24199216572174 530.1968733374688;-107.95345708181924 699.8933459911514;-458.0056764985849 236.4765948536882;-522.4195239954466 -475.5303219126225;-627.6959341660593 -167.06353479894824;606.0449753065436 392.463753303334;501.78054215932525 -152.99169448241992;-206.58597039514655 -372.16095998626054;248.87665715318553 60.051161831997206
750,12,6,BBO,3632.61284933961,171595.05899488728,2.79950438103333,nan,3030,3030,0,0,100,0.0,1,441.1726968299424 330.8081052939592;707.1904331195476 -49.71352378651636;-627.3537458333749 171.45870400806734;-495.35251050605825 523.4043861702835;551.4279664819717 -492.548268447236;232.14828634286357 -469.17920921411536;-171.864300979277 716.6157721635998;174.9759978436972 669.6939741001279;377.7249988568119 -92.41373733346313;-211.35938527000224 -535.989423841865;-208.71193098652907 356.5488521704742;-11.042640124155696 -74.5106411005786
750,12,7,BBO,2003.178763690492,173224.4930805364,2.79950438103333,nan,3030,3030,0,0,100,0.0,1,-376.96784804747006 604.2928813073838;199.71782336405977 -655.3469651295509;53.41357986021342 -182.92329641335493;487.06729895145986 503.741560810131;626.0199260708857 83.38450383601094;-423.2490752739671 -462.96042428301377;-660.6277765124102 -261.2721396369508;201.81904773340136 313.42723752949314;409.42690487612936 -166.33192149208094;-161.73941861424737 -723.2123518159744;-124.54137842789498 199.95181182748036;-604.2188070151894 215.37691399338883
750,12,8,BBO,2338.805230832397,172888.8666133945,2.79950438103333,nan,3030,3030,0,0,100,0.0,1,-408.20489928533857 13.897183453667253;-1.7929974286508923 -93.38614580236663;-147.6182209006056 383.79175051710354;124.6903455079015 198.4608612681094;-229.5537167018275 -389.9824546686066;-118.66893314311687 -698.3293995942904;391.4559512360704 -498.1556094546702;692.7790225709614 -115.78746383385794;-721.0257085446743 57.365353015277606;351.4332625263819 549.6519280230252;-578.700090007397 -381.379331108057;-546.5833322077372 431.8002529843661
750,12,9,BBO,2272.090126113646,172955.58171811324,2.79950438103333,nan,3030,3030,0,0,100,0.0,1,-70.81331952079006 -736.9012248010237;-317.1789016392511 181.4651509178383;-368.1023053262547 -322.1793571884722;726.7527646928249 -24.994397526627495;-663.6552327474222 221.8728841957727;561.7417591914839 469.85652670936634;-695.3662527380988 -184.12010331544866;285.5791130324974 -445.5977234670264;285.7229281195059 672.5216756790019;121.20667295977171 -25.768791232970443;610.0959150070794 -393.6544726090201;-103.78837630085081 682.7841238779529
750,12,10,BBO,1520.4311567384575,173707.24068748843,2.79950438103333,nan,3030,3030,0,0,100,0.0,1,553.956124016446 -161.06616109221807;-46.18238644085909 -632.9750598882454;12.049631310516247 231.24119009779554;397.7465846864666 -564.5391841653548;179.7111456807196 -301.03517518772856;-521.3751554987093 491.964011171591;-159.71061524482104 -318.11246502419795;705.4327947083179 204.83748123950522;-150.42563189110183 657.100238434874;404.4792951751358 312.4857537069099;-725.1691048787864 -62.92402891537813;-351.21807619448737 132.0438013631948
750,12,11,BBO,2337.366617223335,172890.30522700356,2.79950438103333,nan,3030,3030,0,0,100,0.0,1,-49.08590180317367 -577.6371472317811;-156.94543917280282 689.2802985192561;-587.0932957961182 404.5072775047129;476.8846818241907 -493.0446158305652;-410.7624993740092 92.07082898289298;228.11566496019702 615.3288546303816;-0.07520216517093559 210.99427787336367;657.4126881645072 124.05896947306906;531.5907632250371 508.92125882974483;-719.3238547792608 -83.91335348395319;158.4680557936864 -327.62495422694303;-580.1605626075701 -465.13043715242736
750,12,12,BBO,2461.5263772871112,172766.14546693978,2.79950438103333,nan,3030,3030,0,0,100,0.0,1,-711.1949018033378 -208.19083836948562;-515.6520614993921 -492.46736996861785;321.6860220157166 -670.1194031095997;-228.05615098455928 581.4896060545009;97.74488185650785 591.7864822248903;-25.242226153504703 -382.06924472969257;415.5251256410404 542.8581681139922;-509.93904813229125 251.6079458299556;84.62926506354302 -53.19372375951775;653.5916051363331 179.5413102853181;-254.96661559357693 -694.4031726454677;477.0533656386606 -396.1991465796561
750,12,13,BBO,2576.0069380660134,172651.66490616088,2.79950438103333,nan,3030,3030,0,0,100,0.0,1,-47.87146171722463 -713.3584972749909;-500.56808229204967 -532.2166020482491;245.0200613657131 -478.94402444708624;-182.89180767020719 -317.4955764903829;480.62814252907015 -256.9781262822944;-357.0888915799878 284.5629878016871;257.31340248703884 603.5793785199385;120.23848913490212 -190.20577765652445;603.402339907434 78.02695038187812;-471.18582827100226 -137.80111977668957;-131.58018791979612 617.740544563808;-687.0009909888638 170.46196664383206
750,12,14,BBO,1928.8280117331888,173298.8438324937,2.79950438103333,nan,3030,3030,0,0,100,0.0,1,92.03764917804358 -740.6181222185832;-236.1649658683864 693.0268792400843;465.4347756411903 -464.853027433661;182.08678548193313 672.4940220657213;496.6378019769652 545.1704156581579;661.8924991628569 -7.7893536023285606;-120.21241886965436 -494.04263345799916;-243.23732527276525 -130.54925774391165;-551.7254625989126 -433.48080885856706;-512.4613465986372 364.2076817996574;120.36028154058715 96.2764487621422;-705.436181146394 86.24347222887332
750,12,15,BBO,3103.1872212713934,172124.4846229555,2.79950438103333,nan,3030,3030,0,0,100,0.0,1,195.47239615201977 -266.84926061898835;174.57913060144028 -672.3844574513878;657.6544336373734 -162.38865469035147;485.6593691259461 276.7515441935286;-700.1339579411983 -242.08795684310923;-74.4951663877755 129.39718415330492;-454.6853843915434 500.8508925206056;-249.62470683907526 -278.60029157390534;546.9212091332588 -458.3117653994948;257.6886784882653 620.2855232689931;-509.7091180927903 -506.4788736174135;-166.69280790649486 709.3660245914525
750,12,16,BBO,2548.772749291471,172678.89909493542,2.79950438103333,nan,3030,3030,0,0,100,0.0,1,-228.51212026321753 -336.26411779291647;658.4783648116579 184.862698545772;471.0642678063268 -217.1510576251743;274.37625383164664 520.2832413861001;251.4613628373179 103.87678455492153;-575.0219618907338 -461.3094378834411;-571.5392304305799 329.93350420004936;-30.792322763123366 -723.0013164549822;324.6884078668302 -599.1472553123942;-749.1839479979424 -13.02903322906377;-21.539819852554388 305.1725094672597;-157.6993154770514 639.6275718676877
750,12,17,BBO,2360.9149342078017,172866.7569100191,2.79950438103333,nan,3030,3030,0,0,100,0.0,1,172.09223936417652 -283.3005725885725;-220.5039087530855 -711.3382447166601;678.1224474136802 -198.71722032193486;-679.7792153141639 -55.851521968289376;383.3047003961783 -598.1954387064337;384.72628570287566 235.73091143260945;-388.2749080995699 285.1359529747597;-158.5034194806973 563.072356721713;205.22099492562472 646.499445126082;-21.781221293893168 258.10269889277595;-574.6304214831273 -359.2481661103591;-199.04296715169153 -157.53184857854046
750,12,18,BBO,4879.007872003363,170348.66397222353,2.79950438103333,nan,3030,3030,0,0,100,0.0,1,-472.8687836930637 532.8931524804877;502.4830225248345 541.6835643352233;-598.6832921294063 89.12984557629011;-287.0578902283555 -160.478608584084;645.4960272358601 -230.17339969458646;-57.72751859659127 -425.2240735430278;682.170129606777 179.4757216655138;265.8915693538032 -62.01067455146563;274.3936145997652 -695.0955794732403;-152.31829256867218 266.11134870509795;158.26005847702834 502.2786745218805;-696.6764945317943 -235.73686388849183
750,12,19,BBO,3584.7359520426835,171642.9358921842,2.79950438103333,nan,3030,3030,0,0,100,0.0,1,-710.8147920207336 105.72220070261494;-236.37173136712397 224.94547807741162;271.7808317467334 160.48040830993853;-48.408619144940076 702.4630356299551;327.63922648672997 467.0695612474542;655.3346353574216 186.82220045588087;184.8825061890551 -430.3566547819917;-83.2864784750609 -683.6233299469737;-376.72238002009027 -203.2741552678242;584.255752994648 -429.9818691171107;-587.220339762684 400.254692764385;-605.1366357519879 -429.3619455600017
750,12,20,BBO,1.6949934949856434e+19,170982.51996285,2.79950438103333,nan,3030,3030,0,0,100,0.0,1,437.0322836135779 211.14932967137725;-553.7553205012608 -457.33560402316;-575.5527006738951 126.23707187511582;-410.5835316499263 -185.09967814905258;86.41256327632789 677.471872634871;-208.9319274183589 313.57765983589;505.69744574554375 -326.20711892356917;719.2613930858643 -70.81590101868574;-47.85137104821604 16.58897550980521;-320.33941312294235 640.6256820952606;239.0002593634639 -149.03065493823044;87.8480162550369 -626.4175300826125
750,12,21,BBO,3093.6279277586436,172134.04391646825,2.79950438103333,nan,3030,3030,0,0,100,0.0,1,-208.2677493056699 -720.3072632940562;-237.8606725070755 594.0750865434295;151.48479832234125 -665.2313863586655;-10.502392237060803 -281.61524247675106;-514.5399334937819 215.15696219772929;107.40230285080486 658.4194669048964;690.676194368516 46.79702886601751;153.67343800705362 119.5873259697928;329.56119152282463 -163.532564369218;602.4294246760687 -372.10527113584664;-527.9099341120241 -370.2918885123103;546.1770671023551 486.83058446367136
750,12,22,BBO,2579.978152053489,172647.6936921734,2.79950438103333,nan,3030,3030,0,0,100,0.0,1,607.1161671923608 422.51693267464384;-353.00814349153706 -130.19723676476804;-210.52036290350622 -515.3611690880276;733.0150960716508 101.88853995772365;224.6212987453057 699.7695733210719;600.5812002903435 -340.48002154929685;-598.5296200115625 132.38066433410665;186.7065710457316 -74.00962345936773;380.88639040662133 213.3912255940471;154.86463117944322 -585.22626470291;-396.8914426410248 581.3069133655279;-96.704737825871 319.49371423312755
750,12,23,BBO,2822.3765225044917,172405.2953217224,2.79950438103333,nan,3030,3030,0,0,100,0.0,1,3.6567369281161746 712.9820476306204;610.5400878348498 -345.8271368542596;-324.6821772564169 505.32541241815784;-492.91703857977893 -503.39056298799017;-466.38639377519644 163.98036555168255;340.6733605189536 -653.9509684248197;340.8229153389109 499.908681708062;1.796273349617536 -500.69728287893963;263.6180356700355 -21.073437107006498;-144.95905937159625 -40.318680793600606;-615.5676327842218 -208.4109370021705;694.9374133680844 224.08516751790296
750,12,24,BBO,4257.3919129501155,170970.27993127677,2.79950438103333,nan,3030,3030,0,0,100,0.0,1,-136.89404449554604 -12.467750327593194;414.47655213900066 376.58427143853146;340.76272036805517 60.595907265390224;613.8228291101273 -361.74559008108906;-681.0097639183355 -41.077243071537964;-333.63989616704526 -643.1498849154223;81.47392963123423 -406.88680799411696;219.44969497551892 -703.3943072893175;716.5082732299506 220.75519408000991;-393.17584857718236 512.5851771288228;-372.24469815984554 191.7394211055872;169.55699424908892 668.9894768731147
750,12,25,BBO,2943.499006519647,172284.17283770724,2.79950438103333,nan,3030,3030,0,0,100,0.0,1,-666.5561254414055 317.5300808430402;-130.97632534833429 -103.07638073584576;-379.0776603896726 441.12486709888867;410.5919233529878 -58.816753022131365;170.99784872727605 485.5853154561978;700.6489446244502 263.60183248113333;-125.29614093412499 623.9012962857034;678.3834436275276 -242.6630097249701;173.4681776300298 -607.7335498181305;-541.2787134171365 -86.46414337686167;-576.6880134813698 -473.69296735709025;-202.4898069798826 -670.791781104007
750,12,26,BBO,2391.5173742542684,172836.15446997262,2.79950438103333,nan,3030,3030,0,0,100,0.0,1,-23.344768572639964 646.21323343995;-159.9284253379576 217.75875850885882;337.574941394721 -143.07502908739002;-168.0843825860095 -720.8771420695043;-428.9776078114295 513.6727584770829;675.5657006268377 -121.47319579067005;493.1719060554278 318.906947307117;355.59308466764514 622.2453946981607;-632.2444602481514 106.827151006098;151.8821047791124 211.9455334212346;-366.57798936819376 -444.7732303164696;91.56610978501817 -410.0203744389979
750,12,27,BBO,1599.7281635827676,173627.94368064412,2.79950438103333,nan,3030,3030,0,0,100,0.0,1,318.80124934325954 413.32553433548674;221.5217438193963 -627.3384643362434;-445.5461210327315 18.110861074346758;-613.9357148271272 395.613945185004;-152.70844590834815 -692.3463047983197;-716.2928729970761 -213.07943964462015;73.95245756299994 -231.39537796398577;-306.1795398100548 -271.48662402442744;634.8269151780362 376.17751705563455;607.9566031583456 -418.90140714941367;424.9052127840571 93.1299917780965;-155.41337186908322 257.94403383800795
750,12,28,BBO,2613.856431808381,172613.8154124185,2.79950438103333,nan,3030,3030,0,0,100,0.0,1,459.26835165268017 -405.9296261261795;317.1731731561599 -73.58182751665709;-303.4958179091186 123.09080606891234;-346.1499250177707 -664.242989405406;-611.0340744879405 -418.8018981748818;-475.6415954742334 544.8215451316421;-672.3407128900558 302.25225558439956;635.8677461552586 -30.57668182759903;2.614784281420839 -133.82865893447547;120.55472346685337 -437.59211590971415;477.6785829120704 441.82995919403083;-169.49565003775922 499.8065762551471
750,12,29,BBO,2309.3344383012445,172918.33740592565,2.79950438103333,nan,3030,3030,0,0,100,0.0,1,646.2699673720249 213.67888794281646;279.69289128991386 -656.0439664719264;441.12720079308906 505.2118630094576;-297.98378281401455 595.7265020200252;-94.6936654796981 184.70195542200042;294.3557269817693 208.68650222790234;622.9141103397556 -130.7076213400453;172.22513898012812 -332.9735736116041;-142.53425090423627 -715.31093749811;-542.2283833207598 322.57299295258326;-666.2345559573166 36.62053001085144;-288.7181167618286 -411.7164597253002
750,12,30,BBO,2251.2906972740893,172976.3811469528,2.79950438103333,nan,3030,3030,0,0,100,0.0,1,109.2228000804613 -706.6362074053433;502.1062397281976 -394.872871299369;341.907794521336 142.37866734561965;744.9390776379305 -41.33601893365767;-362.09524851170346 605.1423909717919;-195.00814020530584 -599.1363383180965;-171.26518592830325 357.19077008076647;-519.788683964783 -496.80353997526413;-389.77552103690084 72.42905551417437;-696.8003563834394 -239.29817352100008;191.02584482598922 653.3299906519201;629.89087234111 306.8871788578406
750,12,1,GWO,3.200425683474301e+23,164194.00820949298,2.785825400633333,nan,3030,3030,0,0,100,0.0,1,-0.43822014770293344 -750.0;244.6313734944234 656.9786549008945;726.9174873836272 -36.14082445428494;-1.9622243041764884 448.2793376349839;394.61310649727284 -572.3018622454455;-4.413397456117077 -239.73851712502946;6.794610686759654 36.21906812701591;312.15947164405014 -230.05779674847247;-317.48717954545737 -263.3077246478976;272.52110944671267 273.45152410496513;-661.5954208311933 -5.236526126717546;100.19819456912425 -493.11861438148634
750,12,2,GWO,7105.044093055825,168122.62775117107,2.785825400633333,nan,3030,3030,0,0,100,0.0,1,592.3794500867943 -374.7854201420974;4.804300105004619 -17.867651690580107;-6.705551872649013 322.36903670678765;2.9060161980972157 745.7183792300075;724.8769850433923 5.573611934408965;-22.196157624790036 -747.1135224577071;343.74222962510686 2.1256361617643513;-381.7028562639589 396.3073003388632;-330.9929062110526 -67.81604750907154;-513.5170926601864 -396.3145638426279;-107.2578121064134 -313.2375349173995;280.813242323275 -637.9923969120761
750,12,3,GWO,4.055843280137328e+23,162703.74982560784,2.785825400633333,nan,3030,3030,0,0,100,0.0,1,-388.5901459955824 426.39671593471047;16.241040858178785 -475.5796049880871;438.80944043850127 5.0388291660940885;87.58088841655861 562.3152161060285;745.3849976549201 16.638276390704267;-130.76159128905124 209.9499760958532;-406.1022344485719 -0.04656230874833256;-354.4626205749849 -424.23707865598266;145.44299494058453 13.085117795773746;-13.715970184068171 -201.87856551786663;-723.9313223251814 -4.025343989998511;3.8620175654509663 -749.6261815015878
750,12,4,GWO,4604.262397181446,170623.40944704544,2.785825400633333,nan,3030,3030,0,0,100,0.0,1,4.806264733461485 -674.118805182239;322.1727235157335 593.5242746798391;514.2953400617754 270.86107938778724;2.5331909978160314 744.9684559891463;354.847704241297 -48.06448337582299;-735.95090696026 -134.8076719251311;-430.3272332762329 -235.20754529335704;30.482008484450574 330.2697637225486;694.9379017384114 1.0591581096002953;-282.2565474489076 68.4598884033971;11.482264880053565 -163.2299769205753;-316.49660709457095 -586.6208790117438
750,12,5,GWO,3011.160360359878,172216.511483867,2.785825400633333,nan,3030,3030,0,0,100,0.0,1,153.09455344284004 -300.16868818743256;-6.766008076522937 22.027074229251795;393.78979206776984 631.5477774823638;514.1972683813002 -134.895291735538;-742.5677650362363 -4.171653379434965;1.338617911347783 -663.8581879299941;42.63985614451956 569.6505393648747;-382.76633490848764 585.630204577111;-404.559089178 -73.94654346841243;-261.6232746079869 235.25565067214526;696.305325669526 248.94568852737746;-532.0763095435069 -440.4838924198377
750,12,6,GWO,4548.147961761744,170679.52388246515,2.785825400633333,nan,3030,3030,0,0,100,0.0,1,330.6341779405752 615.5663822436882;-1.0183346043354071 563.7479767973635;9.787963811612475 5.516233370038151;290.7991927938685 -149.39243593053232;-435.82773158973214 28.674371335491013;-508.6782297863833 -525.5866163552107;-250.4252976104374 -238.6086115596739;720.5684269192576 5.659535414959212;-95.48340414789784 -562.735140138769;265.37818377389755 -634.462517035664;269.25612858372125 229.50988894226893;590.4177898700078 383.2252101532692
750,12,7,GWO,6475.418635459006,168752.25320876788,2.785825400633333,nan,3030,3030,0,0,100,0.0,1,-356.17429135429774 -619.9828466096068;681.1926850011156 -3.498232482680203;-2.5534143037042245 -376.96884791398935;-64.21595453162973 669.6932715139465;346.41651711877853 632.7101059193946;-248.32161799668611 236.03497788043163;4.423708099635285 -749.4748052324895;4.45950091753243 10.94465807543366;-313.57689266168336 -164.16623736599345;140.56592303886603 318.36999250518346;-619.7417181459992 115.61262117296808;328.9334100787523 -3.2930943847485703
750,12,8,GWO,4049.071962809103,171178.5998814178,2.785825400633333,nan,3030,3030,0,0,100,0.0,1,43.557851907644014 -8.873347360683718;-482.16144054614614 -527.0061467162021;-316.50017775441074 -194.5922750940326;370.1197515151284 12.697966757937152;466.35720850563536 537.7407563816165;-285.03248307365635 214.1978734268315;9.86691807203509 472.0331026763195;703.35561891711 -3.3413471513041615;455.861065030199 -514.1525004225806;-250.39325705759413 696.068906283506;-727.151484372338 18.59689339148947;-0.28382457817246715 -641.573144905169
750,12,9,GWO,5661.624895694113,169566.04694853278,2.785825400633333,nan,3030,3030,0,0,100,0.0,1,-386.49091712737777 -396.1384881547438;-347.02344695127516 -12.564205493931397;-611.4958133088899 331.9559695021874;600.1466859681899 4.21357229228564;-728.0073146677713 -1.901110403884003;6.697832406168364 31.962332868142937;41.00416552950751 349.8950703730379;-320.73305545592274 434.2363851096943;-23.497387478962168 -556.0765594140396;350.09347901840215 -588.6151818925126;0.786732634588144 734.1323932069266;270.9118178334179 -200.1418492443303
750,12,10,GWO,4255.727198590088,170971.9446456368,2.785825400633333,nan,3030,3030,0,0,100,0.0,1,-295.313668813055 -155.54582467735187;330.2483539064648 36.88067239178374;-708.0883740350328 -0.7455151834324246;4.849820278733476 -736.832582979986;36.721870243083174 -219.16454913329176;310.6075568079005 -533.6333055050058;695.992286519675 62.52465373697556;-423.77460173985645 -531.898702276275;496.60385230834714 438.176380951354;6.926284951908865 212.29712496474;-0.19744708074849013 739.8161444312537;-506.5228989465422 416.21620999637815
750,12,11,GWO,2203.261104969657,173024.41073925723,2.785825400633333,nan,3030,3030,0,0,100,0.0,1,675.2456379348324 0.7763210119952286;-711.4144611840164 3.804196961550648;-16.578707995424786 744.3735017388317;182.88634826625798 -205.73467714113733;332.2724748627492 -606.5066985151766;-0.3671839859409349 -667.7341826058104;-447.2226585359106 297.27957316534525;-300.4256976363518 -87.73140939263436;518.0740895056517 -325.63829565304496;-138.78668045690821 -367.90450089097357;557.1792606608991 357.328669823919;0.4205569121476127 59.82555232530476
750,12,12,GWO,6832.854315668432,168394.81752855846,2.785825400633333,nan,3030,3030,0,0,100,0.0,1,-236.56933061629547 -497.8971407875692;-321.1610941228945 618.2219929600211;-643.3672093974843 56.88037728493262;402.2139367628019 -11.239054311452527;-284.27604567670477 -2.3492047576066994;25.547428432548184 556.8076348212929;77.6910317981366 -332.2150761613006;482.42822241357794 344.75399164018904;-0.6026185194736603 -704.5339394614617;65.46265617167785 30.357536967743187;735.7906709082712 56.16366894958219;382.83993439918396 -406.5656204332252
750,12,13,GWO,5396.669404385088,169831.0024398418,2.785825400633333,nan,3030,3030,0,0,100,0.0,1,26.48915784485557 -445.9119028908231;520.0553205762136 521.1231941284873;-471.6606671503965 289.6514589118463;-12.1544253931514 -4.280363072594291;183.5173360285842 675.9862021633556;-203.30868898089952 -715.4693949160295;-712.9409854268682 -3.6190726672726687;526.2704171958379 -295.9842100926084;365.08573593946403 21.199936707988268;-0.3230502503190797 346.88731238067936;-304.60036388691395 -137.50540787538043;-196.0414164877523 598.9411233252345
750,12,14,GWO,4649.3646715614595,170578.30717266543,2.785825400633333,nan,3030,3030,0,0,100,0.0,1,716.5554331342577 0.0513034213916936;-283.3277020163134 46.99846263049809;540.811968712953 362.9930447295328;391.2134182406699 -57.91034786752851;-5.602170109870449 -747.498737468162;306.25962807031755 -446.2989234402907;-741.2869862586309 -2.013170849256507;-7.777226804930351 -182.7301292733426;-1.9132236783812289 298.54585859420814;199.70520507697805 595.5340239930078;-164.67531956411972 720.928103544262;-407.21339383974015 -312.63118692683923
750,12,15,GWO,5680.839757597947,169546.83208662894,2.785825400633333,nan,3030,3030,0,0,100,0.0,1,-328.29761007247777 -80.05753335884367;492.7059256948741 531.0864489546083;54.601610252050655 -651.1450149333217;-375.7446747751599 410.2592522766252;-141.5500083099315 -353.96053004363347;-18.00821417262325 -4.3839762868575445;334.6440843265518 253.2410511566808;307.1104718638721 -68.9718778938755;719.6318591406344 2.3706378684539455;70.33037110937015 727.6857360215936;-3.0199446205642952 329.11452266713553;-724.3953553131693 -3.2425912820935725
750,12,16,GWO,2936.7475037326512,172290.92434049424,2.785825400633333,nan,3030,3030,0,0,100,0.0,1,-529.5336101058448 206.59100645460387;441.9052299691025 -571.6235877555815;-309.4683479342687 530.829271228973;-118.73446732717481 -52.71822344671387;721.0473890773782 -187.0868969136052;432.60295093145965 447.03347763966616;-727.7749859153091 -96.45645211513094;5.237391410959323 238.8941178742517;-314.58776539760754 -374.5160002473867;259.4599519030533 26.558100995490236;11.630697661659354 -437.08125144437463;1.8716040830608585 743.4985455188702
750,12,17,GWO,3321.6347968751506,171906.03704735174,2.785825400633333,nan,3030,3030,0,0,100,0.0,1,-2.584918969487671 -8.595077215422014;-2.441135576654754 -697.0788862787505;-0.4504268294157128 458.1095970825783;-364.06161867853444 376.52987981546545;-127.11856012576483 -360.8835126743216;364.1501239012859 -4.230697200024764;-725.928471881855 1.1994994811142672;-404.1123761318684 -13.920880405524676;746.9610866031848 3.2689628265321606;421.3809086075655 481.8983826630283;219.1265755215694 -319.94474670324206;-572.7388923199733 -326.33889004937186
750,12,18,GWO,4767.529837385431,170460.14200684146,2.785825400633333,nan,3030,3030,0,0,100,0.0,1,7.083968729211096 744.5374437659802;-374.66046342560054 113.33151028110395;-475.9879180514067 -512.9078261817776;-85.49994693378993 -366.85215319918046;-28.471980160596956 359.9420881478245;534.2311407337135 -475.58225447637386;-682.2221113613479 -109.00749911787348;693.0141165509552 -18.628771126345978;466.4878576572243 549.2416418219686;94.78999957545943 -740.4254891400742;265.11803565398384 -294.9675179412678;-6.763174062626926 0.235123728554035
750,12,19,GWO,4261.971888912667,170965.69995531422,2.785825400633333,nan,3030,3030,0,0,100,0.0,1,-680.3732048813473 -199.15991852348156;-622.7379028710511 298.67560142079486;122.51598100397744 640.4844353066659;-10.268427258272984 -75.86335816478277;-400.08468101706285 33.20668745460134;746.484777185838 1.9898133958590474;-55.17800929297258 353.54303019262994;290.6731922994743 -195.06481994139463;21.17065957187275 -745.4294446222087;564.344636118334 -380.8759182406041;-330.44508989082664 548.0307961349148;366.063652580762 284.0099923292077
750,12,20,GWO,3885.441665869468,171342.23017835742,2.785825400633333,nan,3030,3030,0,0,100,0.0,1,2.839448894313429 -737.366085421887;480.21041607545607 318.0485529355281;-3.976804654154875 542.7544433532074;665.2634685801727 5.147522703657635;-292.1579401264042 -543.6398495343404;18.731766346330133 -329.8044788772575;339.78419595835743 -345.7109275136004;-505.14239809561815 -250.3296917616367;327.2779609654721 626.4355582164341;-167.88156884582202 12.900352721014636;155.99232203145903 -37.80602671067417;-695.3569419746406 56.17979081566404
750,12,21,GWO,2473.385293557454,172754.28655066944,2.785825400633333,nan,3030,3030,0,0,100,0.0,1,339.6537888186468 -185.200297541452;-331.32230774916525 2.3337150363343575;-224.52830742861818 305.7989315555289;-698.0388877989999 -0.5604518149695518;118.33086029731726 399.8190382790799;552.1296444248197 353.78652828785266;-514.6763443606973 501.3555974082799;700.7863008268482 41.95265279919783;-8.514474503107474 23.68098488469924;-504.0440318070062 -390.1907996528683;-52.131793166545656 -392.34282888480675;1.3017851682841743 740.4379137787954
750,12,22,GWO,7540.776261846913,167686.89558237998,2.785825400633333,nan,3030,3030,0,0,100,0.0,1,38.576181004994034 -374.7853006216158;1.8406658418134467 3.0280509790499637;-300.22834473203653 -327.16709530855314;0.18053072977585602 -747.7826656705038;8.178670647290735 350.3466006950566;641.6570419975357 1.5839257152219341;-8.587527011129838 744.4784685043483;378.65092032833763 560.761269939173;-308.3310636780111 506.9739585085495;313.2336345742088 99.45470164545493;439.8926968839781 -532.929507551935;-497.57936719026725 -20.948241163941283
750,12,23,GWO,4028.4073805131775,171199.2644637137,2.785825400633333,nan,3030,3030,0,0,100,0.0,1,-33.07034530567291 149.36123177742738;-1.6142175960487368 706.2401729393619;22.533340996113136 -695.1063941053591;715.8204341983283 15.111998280715548;-308.71136661934 541.4089335138792;-361.189607393595 -83.00050398451837;284.8880508319757 1.4284690820765515;457.7434375487306 -334.2206249500428;-529.8715515580608 220.0884057737599;-12.59762056229556 -217.16643561415984;-690.506640291754 -106.92997895525133;-530.3500594180869 -526.3717848429009
750,12,24,GWO,5497.483561125497,169730.1882831014,2.785825400633333,nan,3030,3030,0,0,100,0.0,1,314.7105775815603 -3.059986280489225;-2.0851269953850085 399.96290003627155;-95.14561862887423 -599.9892673105425;-338.6717540129109 -2.9049456357297725;697.1118986485454 -2.6219980980855664;-4.094278576237261 748.2803038268931;-553.8007871887647 -379.0408131672018;-746.5518827449915 3.4407118792406997;129.97422961384515 -275.9630141468973;520.5098410848669 -454.7878964603745;510.05882516056045 519.4941688939057;0.6003466371511056 44.19719897469748
750,12,25,GWO,5885.893334346474,169341.77850988042,2.785825400633333,nan,3030,3030,0,0,100,0.0,1,-422.8751536603716 -535.7877487543265;63.36742149701204 -265.30054429911985;-84.01747716074597 -574.6354364010962;-345.36695792335075 463.8723025039297;-261.0704919100502 -12.774164160710995;70.52567380958273 67.1024498567378;261.87536945495555 -609.6673810323374;-644.2716387531071 297.598470563363;-748.9451260087777 -13.085238497828826;-27.615214408537796 421.3250066121771;711.2957255901432 -1.82534331542172;442.28448824022854 -187.52413945386752
750,12,26,GWO,4906.872508285596,170320.7993359413,2.785825400633333,nan,3030,3030,0,0,100,0.0,1,-57.94215828824256 -18.66406096688921;545.6026470464717 373.7418332490925;732.4249512863367 60.17326986324909;-1.6160513846954674 745.9685410568251;305.455997392887 658.8978752068698;-6.074370419278356 -738.5343970178386;19.91492045312644 -366.8685282855552;-411.44347330750935 227.71674750990846;47.865608319582044 276.68834137589255;305.32145693425406 -38.16994232996196;-580.6543870957676 -122.52167699175153;445.6249235118808 -445.0017514561143
750,12,27,GWO,4280.532601355517,170947.13924287137,2.785825400633333,nan,3030,3030,0,0,100,0.0,1,-525.327674805671 -501.15023215673153;-665.4399953162698 -210.26818121950257;-2.3332570261636296 379.053868321349;247.33141015038692 -336.4947385768309;26.712659765234292 731.5645598127635;-188.45326927106734 -315.61768658825804;642.8097816039591 265.94906057362476;-29.84749341590288 -649.947430241696;-317.9442217687798 664.8179968567043;-343.38770354403874 2.7704716589075313;2.4930481789424106 -33.0152178773808;415.36624458589 -1.7789998673798728
750,12,28,GWO,7598.907840019936,167628.76400420695,2.785825400633333,nan,3030,3030,0,0,100,0.0,1,-443.0573906217822 -556.9877430924558;37.32104934349882 -306.2665327309754;396.6596087582182 -497.85796977628075;-1.442530238125782 725.63196793939;-708.006417651948 -192.84435147112504;-4.8620210974839155 -640.2835018350183;287.93045584705186 239.94851792258987;-66.73637898501077 375.98987756215485;-519.5567433475617 259.8496598996819;-376.0391302472367 -61.219888540329826;-39.31086842097988 -0.929388372886072;531.1855011807916 -132.7401027902156
750,12,29,GWO,1.3307320348315216e+23,166460.23822318707,2.785825400633333,nan,3030,3030,0,0,100,0.0,1,-709.7433813130507 11.588896537685926;-534.2993244377769 -381.72637875099696;3.7186717263111553 -715.3259898097443;-2.3685481724340147 462.0042225985882;93.32085376021456 192.87569218797702;-58.21857595760656 -389.9887108815564;-279.3142135573205 308.88027853160776;642.492822809197 3.5659361584031912;333.6813886483181 -459.6951853298215;-349.4140109019495 0.2381246278217725;-3.0231854031000176 748.9022232738085;-0.08430547136314716 -79.95110878644265
750,12,30,GWO,3718.0435648423445,171509.62827938455,2.785825400633333,nan,3030,3030,0,0,100,0.0,1,-0.6455090993388225 -252.12265235470707;449.9094701133654 -0.8214361811807797;-429.3688742564497 -386.69260272502;0.16712787986133626 -729.1355589713929;12.16956643896234 276.0784825235744;224.99845228197663 560.6254383042924;-129.48174315219111 687.3993876631811;717.9935030031414 -204.5284714571021;-231.84033124348147 -0.08961991728704934;-662.732961208762 -107.4610521786275;-432.8282882759404 473.99814084218;295.54776932780925 -499.04557834772146
750,12,1,LXSSA,3211.0169892175472,172016.65485500934,4.742661843800003,nan,6030,6030,0,0,100,0.0,1,-747.9870189562967 52.54365082260293;10.305516289272896 -118.38523187034616;-605.6070009796007 -403.74379301392463;-449.3581370180723 -89.00212101160379;6.332785717642042 642.9588652358101;-130.15392376242664 176.9320510152393;466.4151826901368 -52.07606571069129;629.265104356712 244.22374342344102;-361.62938841187054 -656.6441815492483;615.9972447857178 -323.3646577357255;351.37344574081425 549.0884189420498;227.23877778080612 -458.3507813756247
750,12,2,LXSSA,4561.237094505312,170666.43474972158,4.742661843800003,nan,6030,6030,0,0,100,0.0,1,-555.3261821281232 398.89932867460726;-526.5048088887294 -534.1274759283797;235.62150799911402 -247.1754992986931;-465.0182712759545 -193.85722187417272;-56.30517753900898 720.0374444063038;-159.37733857920927 429.77422633587787;496.2524277761624 182.71375669888369;-136.67091283359056 -710.0830968032913;114.3164975001038 101.92570416028467;-355.2316449971595 129.18944475606065;-110.51467410507934 -227.24149307479456;186.3380060474628 502.11385947831053
750,12,3,LXSSA,5740.391083497438,169487.28076072945,4.742661843800003,nan,6030,6030,0,0,100,0.0,1,337.2978700185925 -164.05107439234283;136.66042798684157 595.5828370966863;-591.6765910828894 -459.04350765174;-665.146825576496 -106.01299637183276;-39.53960568607275 -245.75176802222927;-243.86792486508787 50.2479099396055;-280.93434356267267 -453.4644161407084;607.5328149584604 -0.6706158755780955;-451.6336616887475 566.2354884429407;-106.88008917797988 343.78285121620036;477.4467217453012 431.0773923958752;212.78915677660964 231.84005560246706
750,12,4,LXSSA,8468.060784054513,166759.61106017238,4.742661843800003,nan,6030,6030,0,0,100,0.0,1,-334.5423107628467 606.7650029273836;-313.44168599912643 199.6841896304669;82.49341506408318 -542.057865671056;-522.6996348804715 -45.29031924751886;-245.55709855674968 -206.46848920473573;104.58769479739999 -229.7226016870854;-415.85151496645057 -571.2753822599843;-35.430968557558224 507.7961529759445;-19.567794260581092 53.18663533717719;-673.0157093232167 -320.1568855764993;571.5223086220512 -96.78922488356203;-602.1678630593923 439.6009416551921
750,12,5,LXSSA,3256.3738892296387,171971.29795499725,4.742661843800003,nan,6030,6030,0,0,100,0.0,1,11.520765337589465 184.42937407543783;-204.48671366681896 -222.1016674641744;662.4971793327263 -94.66961627764134;-693.3229234037813 -115.61808787023807;366.909656093423 300.62437842773255;169.6016984394111 -140.19094728868816;687.6488392511495 287.3980594887591;-128.33350181725473 485.8775178600715;-501.8463404280822 -482.0040726790568;-15.55943871644082 -497.8149891487681;269.551212222918 -694.8727166477153;-446.06573641289197 137.46374176696807
750,12,6,LXSSA,5155.645064444805,170072.02677978209,4.742661843800003,nan,6030,6030,0,0,100,0.0,1,-241.85529643139665 672.1498243682819;-57.95408094671755 -216.02317824833472;-528.0027450765517 403.3313076083739;623.0685371760414 205.7361785058811;336.7155442182665 -639.4141339387455;-550.9136279860386 52.41185357723589;345.8685536752671 485.7982051299161;-364.4857266079732 -539.4112521119971;42.43001865022951 76.95476174113683;-213.66158398423232 291.4680259815851;10.223627958005725 -579.9856824839286;594.2083291118934 -444.0770804782688
750,12,7,LXSSA,5837.829900283541,169389.84194394335,4.742661843800003,nan,6030,6030,0,0,100,0.0,1,561.0082559312089 489.8947897232165;-158.8721764563513 -554.7106147547346;273.1001537160999 630.648106220115;-44.02902712400031 58.88386124781491;-432.91480012498283 165.11388329574882;-324.80713193903483 471.8459752635352;553.2030589624529 -335.237352153821;36.93834056857879 430.1535820806293;-156.95795501306108 -227.6747001997194;176.39441134158207 -392.28300858268665;-487.47660565173857 -506.45856138185246;237.222230111813 194.54991879161483
750,12,8,LXSSA,4131.239406179404,171096.4324380475,4.742661843800003,nan,6030,6030,0,0,100,0.0,1,-161.49991265049906 -421.52871620445666;-59.00607328000883 -717.8392111346113;451.11519784551297 -275.8212802324934;-424.9677202193853 453.80645068382523;216.84174751973612 -71.5040503169875;-245.8926384854974 -24.129957686403745;147.3837325764132 -451.8072511852294;708.7108333645403 33.00565017588004;82.82480855133012 334.36740150086524;350.1733985591735 629.3093945256697;-679.3012173160653 172.52319124431995;-150.0781117590751 697.941433578528
750,12,9,LXSSA,5185.2825599456555,170042.38928428123,4.742661843800003,nan,6030,6030,0,0,100,0.0,1,-470.77301333687194 -573.9423064421634;648.322821184288 376.95174041703734;97.85700116450967 723.5568898933938;-647.5908219613693 281.45477222605;-230.32750343045674 140.03651802932688;483.457181408948 108.77506847408264;63.467793677849684 -615.4830981952939;-204.09532714631388 473.9734950014336;186.50739379631307 269.5862298782552;-204.35746501615773 -284.33817491192605;398.9719812300252 -334.10498155577517;120.80791989417 -119.4708355276101
750,12,10,LXSSA,6630.9319503019215,168596.73989392497,4.742661843800003,nan,6030,6030,0,0,100,0.0,1,399.2616435745697 -533.4248580079768;62.87303136504913 415.2077866815537;-672.6447615186709 257.295254703266;103.65536882026392 -711.7636158159268;624.5034863319481 -40.10042507996898;406.74868080042137 285.6940948558536;385.4132071987749 626.6942645686262;117.97160399549699 -373.9684295317129;-637.8679858055498 -153.9784055539639;-293.5281432567874 339.80887043027735;-365.59481618093645 37.60562588450252;-125.54852445732605 -167.7591314919104
750,12,11,LXSSA,3136.8546720921004,172090.8171721348,4.742661843800003,nan,6030,6030,0,0,100,0.0,1,-243.10052842627618 606.4378865989172;313.61533149680764 155.15912976315832;737.4950599838551 62.4106595935317;-6.148075686341284 316.8790497920428;-247.46356667139494 -536.2849581291368;-374.25539709934054 71.84343988395118;-636.3917382181262 254.18579820129256;-677.6590532585318 -321.36611242091317;551.6131924212649 -344.17779323970285;586.1569996398281 383.01543845186444;119.56860945507613 -261.16310427844826;278.9423603418886 -576.285781394754
750,12,12,LXSSA,4168.462484981836,171059.20935924505,4.742661843800003,nan,6030,6030,0,0,100,0.0,1,-262.52162893677377 -258.39379625975386;145.8155758694629 10.427020752546161;-235.72652637263963 70.28656583692022;525.5201660672643 -257.054938249129;-73.4981703984234 -515.1900139753354;566.6489436094483 466.4634568518604;-594.2629119254698 236.56249585173018;-420.34203495669357 512.4661552166096;407.99611821631515 -620.7833442842499;13.276286115346396 288.5478081363184;218.9217799176023 -351.45474389570774;-678.297173971331 -232.72343686382325
750,12,13,LXSSA,4185.38195498244,171042.28988924445,4.742661843800003,nan,6030,6030,0,0,100,0.0,1,-546.5925798028585 242.6753255481966;601.8216068154272 404.885138997121;-107.57043807402418 647.0193719677078;484.9249066507813 -492.9711576158069;-359.5802040680466 -65.31488566999616;72.99258637542255 385.63331750233374;107.10511638329159 -489.7213500935405;-173.35524984063218 -339.8752916632283;387.72668550877194 -104.42966836033332;-653.0504820737002 -179.64189771777444;-196.18382405782637 -660.2760879422191;-546.3474806292111 -477.55319221553145
750,12,14,LXSSA,3812.859960622707,171414.81188360418,4.742661843800003,nan,6030,6030,0,0,100,0.0,1,205.62579346725786 -450.1093717291467;-15.553384345744954 421.7062073292786;-165.92197358455428 728.647276431697;498.6048554253726 -305.26791604039875;287.5725425324619 -63.32579709722539;-130.71984954489398 -716.401800308188;-552.1893193662147 -376.7168752068259;-392.26876978022557 99.98909615360172;312.24025201464104 332.0001917398595;-47.288291720971934 67.76532086878811;157.75880749662957 726.7280492185064;684.1777665482316 305.83484981538896
750,12,15,LXSSA,6904.577943676704,168323.0939005502,4.742661843800003,nan,6030,6030,0,0,100,0.0,1,663.309612402979 24.28098390653869;126.6355892222216 -95.38993002809043;48.37122843265795 228.45526221680132;375.9355444347327 189.9835794549594;19.099596749121524 636.0122969242349;-226.92744748054787 -332.18061033561514;-279.49919253383007 250.26819954971475;-474.5792424988773 -27.403000392555462;534.4754079902722 -295.5487250984334;-342.32440528260486 604.4441687538357;-640.9606094114764 389.0375126645526;-487.2811184081233 -506.8423490082058
750,12,16,LXSSA,8632.132188624411,166595.53965560248,4.742661843800003,nan,6030,6030,0,0,100,0.0,1,508.88213735018155 -297.50622607641145;-301.2772807737136 546.585610302603;217.65879078627643 355.4377885141765;-474.4925676881314 -565.7789747939487;-610.3709091669294 433.53345501462866;-552.026885006176 -44.29234500350713;547.1656430140144 416.7596873878476;-120.04764746157731 -440.665845745971;-296.7622713805712 205.06142470105175;184.09187329358687 -105.38648909946869;-183.07836052218448 -84.46246775925323;210.06987879721657 -437.1055919242209
750,12,17,LXSSA,3472.646091843024,171755.02575238387,4.742661843800003,nan,6030,6030,0,0,100,0.0,1,-78.41012092780808 523.9662026955687;204.79686590012952 -630.1157428818706;689.0918801171957 267.0064245429176;-622.0714227874975 -326.9841882116572;264.0917207956052 -299.87161243030806;-582.1646895768487 250.266734941122;-128.34568188643038 -239.40327360437058;442.58644788417047 600.8996768642987;-243.76307246673414 94.51238112743401;143.46368330209867 -4.62572782586273;548.7474706700925 -164.00192064966805;-251.92172618649997 -584.8077862952914
750,12,18,LXSSA,4822.015477433888,170405.656366793,4.742661843800003,nan,6030,6030,0,0,100,0.0,1,376.7974577619593 -41.056676335192016;414.5613194929929 523.8586287331173;-384.80336804525206 -525.6901340852263;21.793523425021508 -272.5838796489148;737.5152566561266 -136.27626545612287;568.8642484303575 -428.2054434765031;-705.6168560037096 217.4447330619831;-4.417252082557247 -646.9751392202729;-286.2034030972504 628.5457792525917;38.54070762717332 327.32307579881325;-335.37481196536953 199.74579976386192;-312.627516397075 -161.48241815299042
750,12,19,LXSSA,4591.564063537662,170636.10778068923,4.742661843800003,nan,6030,6030,0,0,100,0.0,1,557.7525559980498 375.7897846044249;-410.9736777765954 -412.5534358830849;41.98299999226437 -604.1488213614424;-485.8520686763071 76.92458594627543;65.72504878614076 668.2945429215423;233.0759740002586 373.9437178589838;-92.74411195498223 114.75593915241893;178.82804708849355 -312.20105652265477;-129.02094484672855 -253.32336170157006;-264.3154137425874 -696.8095578976021;494.3244673889182 -470.963787311329;527.2615659113679 17.366978164422072
750,12,20,LXSSA,4703.7098822830885,170523.9619619438,4.742661843800003,nan,6030,6030,0,0,100,0.0,1,-373.83996859010927 629.5022680775264;321.3517759500867 -146.38269731213174;-471.24141451073007 -39.36638296286379;523.3192214329739 -408.73760055190087;664.1389011671358 -29.583505219370757;-574.6117950720145 -340.0759322674384;-542.8624387135617 315.5759513845464;155.28445324844418 452.5314970991766;-159.6657354805084 386.223864109869;-376.9288237839972 -622.0260181078621;-180.87262508458167 63.3608068219221;483.735331155171 344.7597343365978
750,12,21,LXSSA,2781.05159911557,172446.62024511132,4.742661843800003,nan,6030,6030,0,0,100,0.0,1,153.2312855481097 -658.3892638753892;166.65974060962657 376.1576043789108;735.3604918696806 145.04165869263346;477.509872084388 531.7397146335045;-499.1091417974702 -186.69179926152495;706.0303559126758 -188.59616591259595;356.7943972270411 -55.7066894969152;-313.5124320283116 -642.2182813493024;-202.86020315867168 -307.81516400241975;542.2060146337371 -488.85906215645036;-401.41355982083195 590.3817660179534;-49.072214341719544 36.48997090350137
750,12,22,LXSSA,4317.703297248343,170909.96854697855,4.742661843800003,nan,6030,6030,0,0,100,0.0,1,-70.01173419292074 -184.49186289907652;-198.77044380896018 -509.2341671720366;644.0010361843034 94.0620883424813;193.28634075364747 713.8733010453955;203.0426166146726 -445.76941407893474;-531.8692327181038 -519.922445599937;-43.90824680581177 490.07471558073297;-392.35799204606525 -228.54551774990955;328.7226735963924 -123.38477064251941;265.62927138568386 241.5469986618349;-607.4633252621892 439.1140330442618;504.63163438019666 507.4548422345276
750,12,23,LXSSA,3060.0646817703964,172167.6071624565,4.742661843800003,nan,6030,6030,0,0,100,0.0,1,694.259110855819 -198.8214922261401;198.53346797847527 211.79069043511376;462.32394805335554 440.7362841186468;455.1769541433481 -404.47679467427145;-435.90438342495196 347.9355436692865;-482.34725633054865 -108.67061574601223;350.6522144904277 -106.60937998306771;-316.190337055112 -669.5440801860788;-20.88300391821993 739.2393631664384;22.61227482300241 -48.33775655684863;-210.22684392206904 -289.2350347120153;189.61411743100177 -632.6629059148383
750,12,24,LXSSA,6334.533275177848,168893.13856904904,4.742661843800003,nan,6030,6030,0,0,100,0.0,1,346.29863506277206 473.70590006835187;30.480103041846682 -700.722692428502;-83.61956051038048 269.0500206360752;-617.4530608899981 -167.22230197614542;-212.57611170453248 -492.43291622600384;172.19936735606484 729.91979762722;622.1951028116821 35.95253333929906;257.51386263554633 -230.61233039709478;555.1104446729198 -387.29891024063295;-64.7112060055161 -149.33952288120713;283.6753566795245 97.86047747208669;-249.1394167588724 660.8125787663918
750,12,25,LXSSA,3783.516845446691,171444.1549987802,4.742661843800003,nan,6030,6030,0,0,100,0.0,1,646.0974971175283 18.359585799931303;-57.35349299741906 -314.7971091783052;236.2759890937933 554.1407774484977;-460.3144218395196 518.202150136141;-329.1387572049742 -558.7081500989157;-479.2021988655514 -174.33773103345365;348.6653490881548 -663.7503177799638;343.78181688912525 236.91601645156894;-721.1544037425915 158.94848787908003;186.33492167124376 -102.5466269208029;593.4311983385347 458.6137474662138;-83.81545570582973 292.26546346700576
750,12,26,LXSSA,7515.301344673906,167712.37049955298,4.742661843800003,nan,6030,6030,0,0,100,0.0,1,-149.24051346558176 329.4079566916349;590.3091801061711 295.3432016726292;23.159453464092742 -524.767183735957;-264.5714024851746 40.627709741905406;180.97362112768622 722.6344687022937;456.1345603134788 12.754932692219898;-601.1404001465812 -423.7422989413401;456.5442289401166 578.5263199723026;-608.1492273622492 -73.61106035435316;-562.6722229379923 231.0130736686099;-308.86609907819155 -268.7807273105256;158.3184907477938 410.3095584072413
750,12,27,LXSSA,6533.637222130055,168694.03462209683,4.742661843800003,nan,6030,6030,0,0,100,0.0,1,480.43951199837966 -35.322302631253535;-282.8755279783096 -349.45226017755675;-266.1935112162309 506.786528483414;273.98886886082636 207.5313382826947;243.81314575428596 -519.4741444777765;366.99424670261544 568.7281029374233;5.204881987957834 733.1837445323571;612.8529359420777 -400.75468693967264;-574.3989143617704 446.2271090011727;-258.51791813219353 183.19908822851565;-611.1317251164434 -288.24568694717055;-216.2566549346624 -718.1412792411616
750,12,28,LXSSA,5564.522609100066,169663.14923512682,4.742661843800003,nan,6030,6030,0,0,100,0.0,1,11.002587340968198 285.096631843297;-449.290166065366 595.5281395316189;245.92647241921628 -413.80842732462554;188.52976474515563 -724.7931568071009;217.62960448446614 526.336274557959;534.9015872117342 -524.1479347349336;-351.65732222753246 -123.01599384699433;179.03011761655026 -60.20557226231607;368.8045318057581 217.40722868369838;-133.5736272370197 591.0054582474818;-530.55635623576 -383.129537614058;-170.98041143203938 -394.194382825817
750,12,29,LXSSA,4039.9001118066662,171187.77173242022,4.742661843800003,nan,6030,6030,0,0,100,0.0,1,643.3897708925988 379.18831831145496;-567.1761981889047 429.9983118397496;-274.6742997890695 693.0824711133672;-192.79684089981365 -26.861133414856898;458.96538131822984 -268.597726779691;18.25021965002016 491.31003121130794;-354.9475295348221 -603.0506200322039;127.32544613253476 -389.8998147040797;8.121667974114533 -679.3191459577404;186.40753077209894 -22.164413306554792;326.0262458199596 346.403731424547;523.8408880299355 56.57257873108274
750,12,30,LXSSA,5173.225323564984,170054.4465206619,4.742661843800003,nan,6030,6030,0,0,100,0.0,1,488.64095473802695 466.88293679709943;155.28968591305764 -377.66192234786547;-301.79009262789464 566.5405021197824;511.4501506208041 21.122576418905393;-605.5953852111111 -226.5092122872231;-229.2425957198746 101.1263558952263;405.8030359318669 -594.286518245012;185.94473253775902 -35.65759671972069;-254.99480894274376 -358.78018498851196;652.3634898186891 -348.8551261504347;-571.2821453837245 173.04782467459705;-95.41623656289842 -716.6100221030748
750,12,1,PF,4719.335251021141,170508.33659320575,2.992430497233333,nan,3030,3030,0,0,100,0.0,1,522.9310532906975 281.50597277231327;-238.47987793159152 619.2478134200508;-624.5372309200513 -149.61019563756915;-132.93539144570667 -132.7813051019854;-142.96587110918267 -664.5881043446;-331.0727771191443 -402.5197521282182;479.31862646464265 -118.05473984914535;50.209955818082314 -390.53935050879045;372.21638932953897 -599.1981815380718;-272.1053379498671 249.24414611977983;156.26943391192088 236.5633492892077;-523.7376996032755 441.67977105823684
750,12,2,PF,4335.490309676417,170892.18153455047,2.992430497233333,nan,3030,3030,0,0,100,0.0,1,-720.9167766665299 -12.919058806520761;-116.55247074632597 -368.98446568235914;-271.6794199595784 663.865364542835;-142.13580298470418 -688.3134533046253;32.40213202519617 233.443673504037;-324.5736525928679 -70.2985349589588;603.7602283753196 -331.3070581828327;277.43648226142915 -38.20224123997458;60.008195094028785 711.5209199269677;-573.4067155064316 -346.3841977226021;-397.4886133870643 306.8618023017822;632.1273051721906 48.76316388324029
750,12,3,PF,3144.535306613834,172083.13653761306,2.992430497233333,nan,3030,3030,0,0,100,0.0,1,7.019381720858462 -23.456866710021476;-525.265206346974 -513.3062306274179;-65.30890133102199 686.3973809721402;482.14356300285823 460.2272418267209;383.0209626099925 -123.13754882391407;-730.4438588459767 -38.5987495573549;-396.1326830819668 -161.99140743470582;-613.2212518036115 286.9660654803686;-276.17010159585305 172.9286521232233;168.2923397114345 399.9476476870529;269.76924365069095 -649.3619011471823;-31.999093947648305 -739.8446653814029
750,12,4,PF,3763.3965169357252,171464.27532729117,2.992430497233333,nan,3030,3030,0,0,100,0.0,1,137.02775740962846 -301.06342784407764;579.3004769086812 153.44156813074196;-565.4973571950829 444.6315725916875;292.2631001520185 473.8661657602303;668.3420427655393 -314.62807321439186;256.0767374300515 -607.7948733100682;-21.652517184397702 630.3151430975744;273.0825049277415 95.1532169504258;-722.1344240178181 144.61859476842366;-354.2402117788132 -154.18928659498542;-202.53577336030162 -461.57910047573426;-70.38237550843392 151.22738511834515
750,12,5,PF,3834.294973069511,171393.37687115738,2.992430497233333,nan,3030,3030,0,0,100,0.0,1,125.64057773719301 -284.03678921892487;-164.97463526569666 -133.6352535854512;-312.2735298229304 -576.0291032089848;-736.2395401276251 -57.24391528878263;105.8518930997226 372.80541693639685;185.97140328640657 21.6667619009783;-602.8287694624855 -372.8900108988865;440.48767669638124 240.21873737003028;1.8239767556646065 -622.4376346130604;-285.97070420032935 226.10479073637657;617.9721769455813 -269.3922550103421;435.945848825914 -566.6701506170908
750,12,6,PF,2692.4636822598404,172535.20816196705,2.992430497233333,nan,3030,3030,0,0,100,0.0,1,1.115436629184133 -93.79401299242015;-157.15524997171704 241.48514727890992;-25.726134165580934 584.4764948319101;-320.8750181365094 -159.5960566880118;543.1044690227927 403.56511774024597;-161.3676211879938 -547.1237977673576;189.86421183998394 -521.3127998980965;379.4573772309177 -88.19733675862241;-668.7196087295881 -121.31373552024303;-501.5406808767189 -493.6169750460009;-392.2359283394476 575.1104154797989;726.4914012416478 -147.57622854774826
750,12,7,PF,2326.4991094568104,172901.17273477008,2.992430497233333,nan,3030,3030,0,0,100,0.0,1,-64.08934598326691 -312.9784033809741;87.9776745084332 280.8510760176739;594.7327413690414 -312.2098201521489;-696.0860744139309 -157.8278323482957;246.56270548508311 627.967128021663;-670.9519803338449 293.29845383555454;372.5768894004222 -619.6422099446212;424.9097616044938 113.71298287580404;-399.3420042776765 531.2804358171944;-71.16970264919028 552.4542701013312;593.1207103294806 417.907692018147;-252.1257571931353 18.437594241475207
750,12,8,PF,3157.5758058344654,172070.09603839242,2.992430497233333,nan,3030,3030,0,0,100,0.0,1,182.77956204011412 685.5037995035728;351.2516479144063 -603.2380091521551;-299.0313663646728 -20.621198519840284;-599.7895780191864 -431.27360129285404;24.881792969217653 211.8534071603241;683.4516328431764 -266.0382688366498;208.92853402389557 -191.37898999243237;-115.2503289487772 -269.0725320108551;-729.1158897438497 -113.77935264043911;-133.94115737697615 -623.4181339413391;-473.7396100573447 453.03765269541975;654.0271711577923 238.2381423658355
750,12,9,PF,4151.90458731816,171075.76725690873,2.992430497233333,nan,3030,3030,0,0,100,0.0,1,-377.48483378983576 -28.0060978109464;-9.690827774248405 9.039602177302818;-120.70155278433549 -670.3457307314854;394.350655364446 586.7663965602677;652.0834004603722 -341.43435524967805;96.51267659820085 -308.4327648111977;-683.029290867649 21.059376815950806;-248.60028624767 690.0059143151165;-357.3246931296982 346.2266575525679;-421.58341804820395 -515.5975456194935;47.23079550808994 494.3563780583297;235.46906678008617 -667.0869335515629
750,12,10,PF,1.0192596636211696e+23,169251.81484793295,2.992430497233333,nan,3030,3030,0,0,100,0.0,1,115.03102650366378 486.925492775248;497.45359746576963 505.84993774663616;-64.39971641580854 738.8993779297883;196.81579190563895 -13.932824036763975;-177.51525619273949 266.2047408476354;18.54438509226462 -406.2437703969143;291.27549493623883 -449.07693570410186;634.7349808179333 161.97293082858266;-453.6401141876472 405.31770710542486;-439.08524920758407 -208.76070631510476;-303.17739120049254 -520.096374610396;545.5155353657804 -254.88669532818966
750,12,11,PF,4391.446022303047,170836.22582192384,2.992430497233333,nan,3030,3030,0,0,100,0.0,1,604.8385916590751 309.95017357565644;-584.4531820583297 414.48309552541184;712.0401178507358 -192.43679687664502;365.08106437237666 -99.22593581018258;-68.409101906412 161.6547354112837;-257.41671750985233 674.6338169034422;-283.45740537626295 -535.4904546273358;-502.076502300652 -287.3238725612306;48.91975155126569 -578.3044953453893;202.71303849987322 352.480769978813;-648.0713936100384 21.766539098450714;-141.42332107897565 -168.06537403783685
750,12,12,PF,4594.476979311294,170633.1948649156,2.992430497233333,nan,3030,3030,0,0,100,0.0,1,-616.1658264948641 -1.9971179902562746;386.56917980770294 595.7306546150769;732.5165073706004 12.507721620972418;-575.3931014451196 369.7148303735383;-204.45642409750462 441.94307414506426;-120.96660899685979 -717.9573601247478;286.55918414969176 -345.88735813405737;585.5118638999221 341.2671050740052;75.96147929144236 192.48507821857413;-437.063521657896 -509.2727238600362;-245.6647263972631 -165.88053486968985;212.9843568400722 -718.8956933397762
750,12,13,PF,2669.589258237218,172558.08258598967,2.992430497233333,nan,3030,3030,0,0,100,0.0,1,-311.9562771914063 599.1983166120314;238.62866685146247 -697.043248193305;584.0923676297117 98.24419075011858;79.00491498107458 657.539839337626;444.64271953013935 468.22306616433997;-331.6402092760118 -578.8714713656582;-142.3209695031782 -95.34762078276661;-616.2028752797333 -302.3488707165046;416.76990646684 -371.49137451190245;-429.11197804635196 228.23140723921244;6.075439078215094 -421.22862532646917;226.06099189623305 239.7974895410386
750,12,14,PF,2972.4614534121647,172255.21039081473,2.992430497233333,nan,3030,3030,0,0,100,0.0,1,545.4244353847962 -511.43207379333495;-9.316499817149626 -10.105873882418951;-74.66226172872189 646.3739824460503;-643.0921075658887 216.49712013502602;-204.27369166489098 294.54715157554216;-712.3292542685713 -107.02808301608773;-455.6616703958495 -334.67021746140165;186.4416337221194 378.66948376761496;558.6821201235332 438.273368251246;-199.08916149384473 -542.9966100437852;699.040069774509 -217.12188843324233;398.053497720511 -11.641895647151436
750,12,15,PF,3819.9762844054494,171407.69555982144,2.992430497233333,nan,3030,3030,0,0,100,0.0,1,-574.2563997159426 -190.28369604085256;79.3471455165197 -99.33546465088425;-566.6224684362563 401.350094977641;-95.456519417475 -377.88611675836904;407.85104219694256 -223.15439545372394;687.2611417128454 123.36594571789496;105.64371916746776 301.3112630217028;-162.81007345964252 -724.7888411918065;432.3665348495716 349.15662427918727;-268.75656140455317 58.1740124369712;-199.9666089280164 652.5526188389285;273.85100495760554 -655.8346551207999
750,12,16,PF,5126.510203352169,170101.16164087472,2.992430497233333,nan,3030,3030,0,0,100,0.0,1,199.56959859707513 -190.6875749613235;670.3000360281502 -144.81887718689487;-568.544432766563 -391.25535356869193;-670.6748433283823 -7.6443509359113975;-264.8632417053663 444.454348942678;172.5177407715004 -519.6469957887532;-637.9733495046387 380.0930596655794;366.2297177010339 146.82096714843385;-155.82496108628376 -473.79813221013904;51.95596652866007 297.71833322596467;-108.32191705902562 722.2041355772839;-287.28618284479074 -129.9712996700911
750,12,17,PF,3999.3035847296705,171228.36825949722,2.992430497233333,nan,3030,3030,0,0,100,0.0,1,-94.034603808603 387.29203067169453;425.28361972007815 -493.6211413827373;-589.7872152553745 390.0643366413965;-109.02183034843733 -394.07606562882023;219.4799743502034 -139.2320995929539;88.93321861738063 -659.7775667950622;-447.3543934140799 -356.0415969487489;-690.0059355767663 -154.84993551277387;-284.4643480671597 140.63765507094777;236.2377457723907 554.9203776602516;496.3155170184817 31.38115369914886;563.4129462493978 404.88608466457526
750,12,18,PF,5475.8226504213235,169751.84919380557,2.992430497233333,nan,3030,3030,0,0,100,0.0,1,-365.13721166992764 -273.61794412688533;714.8274165084649 -27.920404334236018;239.02450554841758 -66.92393702524214;310.575080448316 -484.98704567710183;1.6986234438029228 -621.4648954909654;-27.491083978372366 -246.73450117624526;-719.6547206287198 -63.72164640261433;271.5708743337275 541.6964197992039;576.8552839448512 412.611366183737;-393.02302935587335 -597.9999823681736;-336.3029740689664 192.27587567131366;-211.07793217110805 567.4428187470788
750,12,19,PF,4488.718244421121,170738.95359980577,2.992430497233333,nan,3030,3030,0,0,100,0.0,1,313.1518206251863 652.6260776321081;-162.6171151881501 96.15864943190019;659.0902647693155 -187.7842479075086;33.4272257651942 425.77094288519845;203.36296279592392 -195.66921490461348;240.58017461824616 178.56700438523288;398.557844274063 -496.32231162114897;-308.078402469668 401.6566860687531;12.512246182207281 -691.9173850986857;-465.2031468749688 -523.270977150128;-349.6373846569927 -170.8403771961305;564.0028763596702 348.36363756019625
750,12,20,PF,7649.773262762406,167577.89858146448,2.992430497233333,nan,3030,3030,0,0,100,0.0,1,551.4884921329239 -503.0212612161663;-606.4540864694841 62.908841350105924;620.0422141038624 -114.29458746041665;-105.89632390290295 -332.51135464327575;-180.49785384785469 37.77396262408819;388.9424623593012 129.34337945903582;5.5317418943469905 -627.4661855863416;-574.8703835580217 408.49268515033856;-351.89818688548706 -540.9077513159983;-515.0113706905416 -260.1399085588471;201.75136776444302 -175.64424997772167;-199.6035361751648 452.38528367957014
750,12,21,PF,4401.82128653425,170825.85055769264,2.992430497233333,nan,3030,3030,0,0,100,0.0,1,115.87905824219276 630.2744530147576;683.7092972721961 39.15858512589172;557.9789167077731 423.692654805862;-254.86715208375708 -472.80178875343387;306.97807552046845 235.66662349398476;-111.1370958700874 51.44194626380997;-654.7348876728593 287.24440257839836;99.82822267344054 -533.183770147839;-304.50372310917965 361.54458122250963;176.43122865277002 -224.68398321773043;-428.60350977949537 -90.97351138640813;-191.5405905766394 690.407600008491
750,12,22,PF,3201.125013017154,172026.54683120974,2.992430497233333,nan,3030,3030,0,0,100,0.0,1,-157.14241588284744 100.66975599186435;-140.47537466286516 664.8531272972417;-432.46084902308866 -201.45876571683556;260.2007333743755 677.6665280303298;688.5948012388986 107.62573591507666;15.20297782421348 -718.3978731361511;582.033253608268 -203.57826909779882;104.42140120695207 396.8677952407034;-120.51378251328555 -377.82675862305047;408.32486913884213 325.55704881289347;411.7842640324764 -535.3659207661545;-705.2591162530751 210.72338550837804
750,12,23,PF,3602.720072792901,171624.951771434,2.992430497233333,nan,3030,3030,0,0,100,0.0,1,457.0139271314121 167.74110284945522;232.87524073694613 -635.143127099957;602.8240148689941 -206.85498238991678;-308.1327429926704 7.605349504076351;-114.6555600257957 277.86019590431545;-671.2157058646503 245.86250456484314;-641.0033799503233 -291.30360451451475;-407.080459585356 624.3139387863546;-114.72442849908454 -545.6433569402851;298.38828619179526 -296.96215032137974;18.599145977907767 -106.78575776457454;166.36659049852756 690.6966236618606
750,12,24,PF,9280.730851588683,165946.9409926382,2.992430497233333,nan,3030,3030,0,0,100,0.0,1,7.900244447003967 500.31369158316204;-581.653161296804 428.4180235345534;398.93786400621605 195.23512688224227;-310.3980464620536 269.56697415814506;79.11773900088578 155.19166501645407;652.3243173131707 -108.60301818858048;299.042793170505 -98.26270783137065;-570.9099370907492 -13.953139416841301;577.4729243877721 451.4301579167183;299.50096340911597 623.6901161457442;-299.44089855350103 651.4303228525413;-198.94609163017734 -178.54774560132284
750,12,25,PF,7454.5510674626275,167773.12077676426,2.992430497233333,nan,3030,3030,0,0,100,0.0,1,459.516139983926 133.53193854869502;-172.8581206821911 -179.92728595950678;727.2616997964315 -25.971836022272814;-585.478882554149 64.32898096104302;-528.9466721592353 -254.3657242518684;-218.7440347536753 -632.5579279644544;484.0245113248785 -494.5896259273073;168.32822785865505 -35.90016293025632;414.3319510685566 544.3693975553302;97.2537808063306 296.61861178728833;-526.2396566887082 405.6571330324539;78.70368557348483 -414.8624819228916
750,12,26,PF,4410.250346587243,170817.42149763965,2.992430497233333,nan,3030,3030,0,0,100,0.0,1,-579.8464420864212 -447.7684153894359;529.789317877825 453.647044438208;236.67257726521044 -371.45977629547343;53.41165066772788 470.4839100464784;118.8778223849802 -6.6938184021784295;-257.08328212799285 624.3935716836409;-233.8066100422859 -688.1790922658838;-723.2095564801211 48.52234056415079;463.0629232177122 -88.52571190374957;-185.54339608674576 -155.5964119216401;-495.2794804652113 290.8736716380391;154.2414723402176 -712.8563708642308
750,12,27,PF,4094.1009439358313,171133.57090029106,2.992430497233333,nan,3030,3030,0,0,100,0.0,1,-28.159592472277698 129.82751398401697;42.20423518648163 499.7271387562739;-623.4809649534493 344.33259079713207;-580.1554828334145 -117.8137322837338;600.7625005475068 356.7646112526467;333.01767306961966 137.2031214008279;-145.06013221884254 -205.69162201148004;748.6091884330388 -35.65592842502907;370.71809234903634 608.9801213318759;-258.18888664770753 687.4659596223967;588.9073967594526 -381.4627881596534;189.87279822023768 -640.4124125816976
750,12,28,PF,3515.6426902398525,171712.02915398704,2.992430497233333,nan,3030,3030,0,0,100,0.0,1,-219.37061006274442 212.6945451394732;56.24856300069923 378.2321226519896;174.150542966306 715.624172052994;331.6223392334473 169.76902987025764;715.3698735321624 -102.16283860078036;239.4830459727213 -561.7720496662545;-430.8854208525161 465.34103896141886;19.681801315767405 -285.45577983236694;542.7236124815435 419.6657187092349;-136.36013370603257 -701.2908751601555;-390.48487578531433 -138.84619555486154;510.2726431288637 -404.6434383744987
750,12,29,PF,4466.15217002944,170761.51967419745,2.992430497233333,nan,3030,3030,0,0,100,0.0,1,-11.981486735925335 -349.26697732719384;452.19483877951063 -297.5403526119283;-17.560533561931898 715.6842544975677;-491.79834859065335 548.0907030700727;-356.21865800201635 -659.819577643411;-317.15322653938216 -113.82054932304264;-680.570597062438 133.5807344108202;625.2040029439348 252.26452198950176;-118.54807127979699 241.2185528459087;127.48502811214495 -62.48773839924256;279.8849825639614 231.54269434829857;-593.6688507430905 -371.48149340230975
750,12,30,PF,7010.072899376712,168217.59894485018,2.992430497233333,nan,3030,3030,0,0,100,0.0,1,294.235334497112 -6.430148938241963;413.3344273066176 316.2095702808615;214.14194394832563 -345.0724648767983;180.8621160887965 -694.8818311788729;573.0483575111384 -353.4275650033702;-413.6623051721482 -578.5555246167329;258.15987540847357 669.686422716875;-440.75757169235123 -211.52748566886507;-397.73055824361916 532.2456229191062;-126.45054682992668 76.19887508085979;-117.2060799731727 -315.18225043631037;-1.2359120784140534 384.57874600162535
1000,12,1,BBO,1381.3666062944685,173846.30523793242,2.9110822256999955,nan,3030,3030,0,0,100,0.0,1,-727.5422579509348 -621.9541701791532;411.2573925841425 -794.1067009131801;252.9143678721282 -411.7839378919841;-75.00694065341281 -552.5820917643554;-15.652633966674216 991.3349220932498;674.5162413855901 190.73511153475215;-329.89202216529145 -941.7287988512952;83.12161912016745 -970.7941406683196;-679.8702986512508 505.1331877942698;354.5454998096923 910.9437854708144;947.6439965394638 -217.6765495316415;-392.05223155817964 765.5850751187652
1000,12,2,BBO,909.3164577103162,174318.35538651657,2.9110822256999955,nan,3030,3030,0,0,100,0.0,1,-983.4789981591481 26.852304140478736;87.51944784465718 -483.59979759777286;445.8480032316693 -407.53306348585875;-343.97937903204024 -891.9797556190395;87.09943021042181 838.3133826343405;-742.571376079034 -630.022719371955;856.901885460906 395.3763996634482;-751.7418273619603 464.67325841755473;592.2751079498007 68.15971489459935;-347.6974524423548 890.5886103430782;393.61105007279775 638.7404475141097;860.5287386598372 -418.6722508253922
1000,12,3,BBO,802.3418746188399,174425.32996960805,2.9110822256999955,nan,3030,3030,0,0,100,0.0,1,985.6399228846362 -97.62240447996271;202.45820700008107 -932.841058699718;575.970630242783 -61.4348980709392;-181.47087147538718 412.7197338666863;-567.2367377692246 -769.8925222091884;-746.3618830441496 -407.4237341096265;-954.180382499368 68.31849908685535;346.10603884424654 848.0831174516825;814.8896961906273 -448.6965626177182;822.7615389001294 399.89612737592483;184.41540705532134 376.45507461719626;-238.13949309813222 -474.8578667925942
1000,12,4,BBO,745.4728120812215,174482.19903214567,2.9110822256999955,nan,3030,3030,0,0,100,0.0,1,-188.64847418867646 -458.29938547363463;676.9018576564761 730.6956300307006;240.36847174717172 624.9342302893365;87.63342378627272 145.65193426550604;230.18863057400745 -327.09554909267683;-181.36530585703815 904.8178348472061;-940.5188980653962 95.30677586399065;-445.9173299319816 -880.3294134312083;882.0869832424614 265.30697635002;-428.96516532457713 298.21169164993626;-655.6727311328623 -451.7560567214009;637.9782505730602 -654.4053585784416
1000,12,5,BBO,1234.7498656863463,173992.92197854054,2.9110822256999955,nan,3030,3030,0,0,100,0.0,1,659.1911529323017 531.053359472284;-665.8530268433453 -522.0992559325332;45.588390625055126 883.8890570892956;912.2152330630352 -297.874062007131;430.0899365906655 -842.1539821055861;39.35688805737777 7.86507459849031;-439.7570690557002 -871.1715091918745;938.4313877613095 285.9403514881401;-427.98308509239575 339.7087216534819;-37.27475009021907 -824.8274586090876;-817.104111951489 -219.94032691220934;388.69617000825974 868.2902610533042
1000,12,6,BBO,1005.8098453902057,174221.86199883668,2.9110822256999955,nan,3030,3030,0,0,100,0.0,1,-508.45083300561544 -26.769352673652065;559.8921770912834 659.2815856498382;548.6645578337573 -239.76073978141437;-505.1961595834857 819.2164771328171;330.414701399719 276.78719156303805;-773.1075766656226 490.4728524610871;41.147021805566055 -314.0165518498528;855.9665000183445 335.01121807565323;-787.8882297925165 -538.0762460573503;-127.27122867151229 -795.5019192568267;-191.24585084410307 525.69197942901;338.29241120453185 -855.0930787485356
1000,12,7,BBO,875.52434648489,174352.147497742,2.9110822256999955,nan,3030,3030,0,0,100,0.0,1,890.1305068454906 -448.74735783418225;70.67432065054504 -793.0940125172594;599.4745448252186 -757.6363992089055;-483.5160088666519 819.5008070223969;-637.0732433783246 551.9133516940681;64.972322956364 53.7271035527815;-299.66327993522395 128.97597812453637;886.2604829805894 409.14803762692304;-72.35338599724741 -366.61237141300853;-817.6300680670237 5.31861090341863;256.69586277055464 634.1115545112543;-296.8530646744616 -854.0714417114117
1000,12,8,BBO,923.030134424771,174304.64170980212,2.9110822256999955,nan,3030,3030,0,0,100,0.0,1,308.3338700002523 870.6510771798241;349.1129844774009 -620.1677570522963;65.91039585444764 163.81272087389107;-873.0049968951407 -414.4950731836485;469.88340221004523 511.4950431313846;-100.22002986132247 -306.5264270217069;-387.65235268117124 -897.0867325391472;-294.9885459519736 419.046815702128;-541.5339776971191 -372.07199877718676;672.8946393686019 -187.3932776778688;-777.6392948369551 527.3250785621531;836.4508889216004 -515.578751019963
1000,12,9,BBO,1041.5570369350316,174186.11480729186,2.9110822256999955,nan,3030,3030,0,0,100,0.0,1,-146.0313440460643 767.8291414416215;429.49911734334 -847.9230111349649;593.0274065276449 693.8753929196116;987.0039071193639 43.41763518511266;416.4317762043561 175.64781649035058;-562.9069258765453 -779.0153132540061;863.2837607052813 -342.03711005620744;-532.9638286916806 206.25277379394902;-332.9805838546249 -453.79716242026234;-829.971181842376 -416.90352226187713;233.24734759887542 658.1553411474167;-168.07929081950704 -798.9139718566319
1000,12,10,BBO,998.9770755132486,174228.69476871364,2.9110822256999955,nan,3030,3030,0,0,100,0.0,1,-688.9297834973177 611.4176290091984;-836.505652388899 194.24230437682695;552.0241557624256 305.80503523617836;279.19470844963075 867.3677224491817;315.937001502105 -511.65631567709033;558.2344894145608 -793.2448538734304;-443.17082985260606 -249.26187580374392;-292.95771083055365 -635.506935831949;-45.50155830860717 -994.504623965019;-49.08674458456733 77.68990802350845;932.6835555865562 -340.4714924024281;-275.7961317721855 956.5113841381092
1000,12,11,BBO,1118.7412560993398,174108.93058812755,2.9110822256999955,nan,3030,3030,0,0,100,0.0,1,876.4656165931967 263.5488176596102;-211.80055658588674 571.1514890913379;516.6375571584913 -799.8265125161981;191.41171755171763 194.24396469114208;-203.6420330788917 -328.5432329841626;431.31515149176835 847.3047591669961;-641.603723997541 199.96289029810055;178.42201922015647 -743.0383670729288;-793.5021299425438 585.3510973268205;-343.4395477889518 932.6062128502124;-356.2149887049171 -826.9301436280574;-800.82621222094 -374.3523699851286
1000,12,12,BBO,1392.154785011051,173835.51705921584,2.9110822256999955,nan,3030,3030,0,0,100,0.0,1,699.9937355546581 -124.30103314807423;-606.7397004414352 192.49387734877155;70.8351272803427 -854.3876497332044;-961.9346289618294 170.46077211642705;-337.7936863546147 -749.5368100956628;-840.4712351875943 -159.78008344311888;-793.7556852770792 449.5674592853263;824.5224060342541 277.16799144242714;339.1504411027238 145.38545152886854;-238.41228797326482 146.40809497199393;430.6182504092842 815.851191105513;115.77827134413928 961.1922343169313
1000,12,13,BBO,1015.7077096707944,174211.9641345561,2.9110822256999955,nan,3030,3030,0,0,100,0.0,1,876.9557019899787 460.71461264070695;-662.9031363546924 -571.2999623392839;175.6294578705324 -877.2727305221031;667.7625719841305 220.66193311939992;-349.4847977820616 592.1159300077284;-601.9151710185748 246.8675099005941;-885.1243512797026 -80.82762288412653;193.92983582715215 940.2905255717385;178.41082753654518 -81.97646734076591;605.7792746481641 -595.4657367314553;-316.90695265985426 -843.9388463525268;-31.91361629042717 -451.94333743039033
1000,12,14,BBO,889.8510846526187,174337.82075957427,2.9110822256999955,nan,3030,3030,0,0,100,0.0,1,924.1261707234441 -141.45046492528388;-166.35788998616442 -427.63823964571145;616.3722423690137 -633.0047325845794;191.67552953505515 847.6622726116996;414.4560314594171 28.189887671983342;629.9302931469538 751.9577525063337;-350.03249079504405 4.009506606531545;-929.2368897748273 110.91922399066789;-788.2011984052428 -298.6507517511625;90.08689623539908 -898.5494353816835;-596.622889983267 764.793297527375;-145.55525624468874 759.2229281438683
1000,12,15,BBO,1024.546458341094,174203.1253858858,2.9110822256999955,nan,3030,3030,0,0,100,0.0,1,287.9743405959789 -756.5803412314311;767.1990336161107 63.996534870231926;704.4155143807204 -669.396113977876;283.8363139865626 54.07306664423368;323.90534621332154 813.0772596022598;-674.5200302761264 -628.7364596445053;-109.54302507546299 -949.820015231625;-337.4384025079273 -144.34953354411448;-122.75563227914813 520.3443351406213;-918.5992869465938 217.0567483747261;-465.7761408106229 142.83951971990723;930.3475803998701 -347.34318789385793
1000,12,16,BBO,1051.754818706133,174175.91702552076,2.9110822256999955,nan,3030,3030,0,0,100,0.0,1,-526.112765642692 -46.71952998849747;693.8069711226678 -122.79223739144538;-258.26962458323385 901.9233224207371;-350.20688917756183 -661.7936512841651;-701.1876539341388 556.4830686505343;155.61323353432135 -432.4074544488368;455.41246333256186 569.7591259359458;-706.7904513968897 -306.86685102134527;-863.2179854116813 193.6147983992205;167.9711915764285 758.4474388768638;882.404207994327 367.32553047582815;-77.67533588501044 -872.7444877916528
1000,12,17,BBO,998.213727535418,174229.45811669147,2.9110822256999955,nan,3030,3030,0,0,100,0.0,1,165.67018235599994 -441.87779146902085;450.78760077397214 860.8762797428451;455.64373429088096 75.64836826962483;-586.5461375603934 508.61912086209077;18.103140779628802 -2.321419728304136;-208.45085977991369 873.7182812474452;-893.3359993509757 -318.22451417385446;897.536407243013 -304.4084670819642;-166.21784899759564 -597.2931653051994;677.7470507901892 431.20788844647996;-574.0603270896498 -806.6011394384614;438.7190589891502 -831.0694475201244
1000,12,18,BBO,987.2402153346338,174240.43162889226,2.9110822256999955,nan,3030,3030,0,0,100,0.0,1,840.9060110040077 342.2069717601803;-905.3953959855339 -114.52193065283018;-389.373899811426 -824.852168577781;329.2439560324126 -457.7507833824852;529.6954798840952 -692.5946025492404;-561.370172318479 -356.0079339264803;106.0381824637177 212.0682847831622;-390.68438500808054 167.61141204405953;712.7883590368565 -43.41172599296988;481.1703273574087 733.3478118162402;99.7934611796959 -737.3425136479996;-769.0564123322472 241.32144342331117
1000,12,19,BBO,1242.7790701693157,173984.89277405757,2.9110822256999955,nan,3030,3030,0,0,100,0.0,1,85.255795057343 -289.6388240314782;707.5650986595538 -495.3851059925798;-331.6154290911078 228.23930330050712;-595.5119250597023 527.4921606993414;321.2058197670401 325.33871816236433;-354.46676879155166 -329.5414205808902;-240.7809394091662 964.437983285824;733.3830274867407 656.420855073113;929.7546699071663 211.31400504064118;-879.2666381636798 -318.60087129315446;101.59438059525564 582.2492945236702;-565.3364568732455 -813.1218789493306
1000,12,20,BBO,779.1434815987013,174448.5283626282,2.9110822256999955,nan,3030,3030,0,0,100,0.0,1,-453.90566610130395 -856.0729157100131;637.2808938702476 530.9129630531629;-737.5899483708511 -469.57974323229234;75.04473595418426 901.6361676892639;413.756569885865 23.116400555612813;90.20215705691339 -948.7775582365658;972.3810085569723 -125.68725162576345;-443.12627301429177 269.6151463489789;634.8105016253751 -670.7718254739507;-736.942044073855 642.3603668644635;-944.5816149720439 50.62380159499935;-255.74604482516156 -345.6225964835164
1000,12,21,BBO,986.5656341323047,174241.1062100946,2.9110822256999955,nan,3030,3030,0,0,100,0.0,1,-622.9771998965106 765.4102632159684;-763.0281748924494 -186.3222330101662;-252.9456557950092 -534.5766228833888;24.248584385813956 -284.1649827569554;-476.2622804404117 330.78669399651153;202.59205417854037 -751.8350279237166;258.8322699702776 226.09266790928245;523.9065453855533 -830.4866343225352;-146.3517322985757 -825.7691177258628;-932.8049099008675 357.1496790037968;880.8683482776205 201.79691062508732;554.8424765527452 596.2976901356596
1000,12,22,BBO,877.5902122687548,174350.08163195814,2.9110822256999955,nan,3030,3030,0,0,100,0.0,1,-639.5690876548924 689.8171484491252;-220.11867659701375 -720.6383871787125;-32.28298315882648 -46.57423088379085;306.41191404669394 951.2648939988756;-901.1769369956896 263.175166247232;-735.9889625175759 -207.40031424216636;761.6465024159238 603.2265660367834;941.6414046647938 -21.856490943454446;-208.0319263853536 601.5872479720435;300.53712906217925 -818.7192026403359;116.91216338549543 -439.52548654575673;-523.6348413893011 374.4382101955507
1000,12,23,BBO,1163.8512872653082,174063.82055696158,2.9110822256999955,nan,3030,3030,0,0,100,0.0,1,133.99872921838278 -970.2124029353116;-449.30049670441565 382.67647507918264;-880.5955783133563 -21.298860336907524;-708.0451551310377 -489.04106528638437;3.962118986064411 919.3195843075393;-265.8866506916755 693.7471589237775;884.6879429026876 -239.11057311667867;184.25494592693553 284.5778973122856;363.4993499902082 -140.7682719296472;-330.6277504102013 32.90286329503874;566.1743459742042 -581.5442137663165;576.4159694292869 627.4621183748
1000,12,24,BBO,899.6901338743046,174327.9817103526,2.9110822256999955,nan,3030,3030,0,0,100,0.0,1,53.37499639055932 725.1320566326647;-731.5919154815125 -396.4766811130496;560.1065347434701 568.8861852491975;327.8572847103951 -939.938622929028;-513.5806101658009 273.1084440962113;-286.4628758280454 835.7148093226667;-730.8681106955104 619.4239245250474;911.1904001080738 -94.37409583115164;67.8869029010059 -634.2091406861023;-292.59978018556114 -79.3650421280172;554.970136963271 -595.7525331072209;324.48044143903803 48.67389107012832
1000,12,25,BBO,937.9768609099847,174289.6949833169,2.9110822256999955,nan,3030,3030,0,0,100,0.0,1,-41.98107962898564 -981.3321790752863;126.68732228064096 488.99564133114154;756.773409568515 607.4626542187971;96.07328020247041 -552.7656816120555;381.3542999247811 845.6866966930252;-291.79206411973155 -616.2380968227799;887.9450895653536 181.27107418963215;406.56413598702125 -502.6064689776379;-57.47261613954049 -18.996299955130326;-566.5991282958673 423.949009748304;-939.0572473718071 39.50763746949019;-658.1872719485356 -692.5461428095648
1000,12,26,BBO,804.2898396863602,174423.38200454053,2.9110822256999955,nan,3030,3030,0,0,100,0.0,1,-99.17221320514363 -926.7895589603388;-105.20155638635845 378.73958612933416;-869.2774332317932 -483.5437775401497;375.06447200357456 856.1971285219577;-510.67158472788356 355.1996191506257;886.7694288598402 -392.1978000614894;160.16689750915089 -457.8466390121663;-357.760265320352 -99.66173278908605;692.3647273061149 165.3891961202453;277.687206355743 -812.1041933710576;-674.5699961017959 6.836780840233018;-871.4631273879461 386.9482339820738
1000,12,27,BBO,1241.2538825543015,173986.4179616726,2.9110822256999955,nan,3030,3030,0,0,100,0.0,1,533.8531072913233 -802.0494135798577;-704.9494600535751 -254.5545295307328;-333.4829571817577 -432.11811398783027;-7.750777112581773 -371.1085246551795;321.99014893809795 -329.8772681494979;-644.1197473020491 749.2376099411636;-920.0671802589216 351.85054278328994;200.76443184512277 -717.1637015199017;526.3948394773377 168.6156855739839;784.8692606610375 -581.197407861467;-277.7660360010119 625.9965952047385;29.27534502811477 843.9643694001604
1000,12,28,BBO,1518.6725477066357,173708.99929652025,2.9110822256999955,nan,3030,3030,0,0,100,0.0,1,-224.4616006245343 -484.66144409505716;-579.567044972323 -802.9695712360885;-251.67585556349127 -957.4896796693471;623.622328298291 96.52253171504913;-255.25694343206374 852.1687370427403;275.0237388726939 888.8513679459618;801.9939222197149 -543.7969364167681;161.06757661684378 -755.213676825404;284.41799006526844 -371.3025237511664;-819.1768755980686 -204.48732161844532;-544.077256223058 172.1987225209832;-2.6355862311511373 639.3742672005337
1000,12,29,BBO,895.5711651302117,174332.10067909668,2.9110822256999955,nan,3030,3030,0,0,100,0.0,1,951.4872726732294 -260.14322591870996;195.19932992753866 -682.6801081009423;-640.0127131428839 -227.47096599983524;219.51921530667892 472.4510121089347;816.1398068447872 199.89085397565873;-405.307972337454 389.04463202672264;-842.6121846639778 344.4673000396019;695.3309405130569 590.191871691592;413.9322886164241 75.12681871475297;-859.2012065094641 -475.21051229539785;33.95607550050636 -227.98271240237727;-146.32197573501628 -620.6548498194684
1000,12,30,BBO,1042.824268108292,174184.8475761186,2.9110822256999955,nan,3030,3030,0,0,100,0.0,1,-469.0157306354215 -882.6439577038257;124.5289957036116 246.7954980054078;710.521248228215 399.6649683295341;-716.5933870787588 -55.23812287710882;101.19241107383345 -978.9769036496698;-231.0134558678119 -279.681300433199;541.6053408964535 682.5039270971877;-116.95111281516563 -636.8921661087645;-826.3877483724561 258.6507427968952;-395.01182056553705 131.31196980316895;967.3880548673583 16.202887008303946;499.0606006654318 -396.4677616335208
1000,12,1,GWO,2367.1385588037083,172860.53328542318,2.9190525834333356,nan,3030,3030,0,0,100,0.0,1,81.96213996595515 -471.31633793275154;-436.5581951862609 -222.4043192126403;471.0974234930213 829.4628419134633;54.581355515466036 -961.2909570001901;-247.98019939374956 268.39784281791725;360.01202440752087 306.4389793880259;249.31152277540923 -3.7902469842724553;-63.34507204993137 -85.44381644645739;886.7894194754267 431.7601694775885;-691.9130926206091 -572.7726847242592;735.594549370899 -1.1893507129552792;24.388061639907495 709.2868796303745
1000,12,2,GWO,2336.3897584943334,172891.28208573256,2.9190525834333356,nan,3030,3030,0,0,100,0.0,1,-266.46850111414363 -122.25747590930659;-69.1287389922144 990.8523748935644;381.874342300667 856.556219358652;-758.6360238938304 -554.2545121462528;-115.39814227637356 -989.7336454731579;-980.4530377718038 -38.58356374256767;971.5691660586525 -172.96363392412013;-18.53749776878788 162.8353719332107;305.3357228288328 47.10701875673042;-494.8096605971 213.56562432515065;22.947599190188033 -608.4333846921085;619.7204801730007 259.35293509468556
1000,12,3,GWO,1443.578594401246,173784.09324982564,2.9190525834333356,nan,3030,3030,0,0,100,0.0,1,131.68797346941162 -87.82187432410859;815.4190013075773 -398.2915032450349;-868.4773726980958 52.041770189953326;-0.4023802308388256 991.577199552244;374.3389942878659 743.1271215612488;809.2451290596736 478.51176944043186;367.6798323873311 -470.0053733605982;-56.788133856513234 -513.4983700088407;625.7546679674678 2.6704745721125036;-573.8318552709706 -499.16994933127194;-384.2981079623137 684.1494080412264;-6.1352461796404 255.27157273071205
1000,12,4,GWO,1590.0583900760685,173637.61345415082,2.9190525834333356,nan,3030,3030,0,0,100,0.0,1,93.04971852532141 -756.4936904048847;-524.3265020377197 297.1484923878397;961.8273621665707 -4.529041393667379;-43.00532934490926 989.2543963785075;-293.59714326429156 -468.7243139516451;324.1996245495912 -198.45126487329665;-715.8067103868569 -207.85841383501838;81.47893506491637 243.7316831371053;-139.45307962794072 -16.413754992888062;638.1515207172105 -638.3311838397084;-953.8745808687659 84.81782249306373;433.23460405240183 876.4806077866466
1000,12,5,GWO,2201.412515078293,173026.2593291486,2.9190525834333356,nan,3030,3030,0,0,100,0.0,1,77.32212016794877 993.8356933767082;25.828947809701315 376.5731028131442;-185.97697850790965 811.5239300910662;4.440265398719839 -741.6163102473546;-273.5647514703846 17.657812361823524;918.2349323202324 18.765908243944885;405.8116605190355 -255.1354993469481;-851.9044860450249 -53.31392103359169;-640.6959972115128 258.46427797740927;166.64770963869267 -12.505919918597892;698.0341141162066 -670.0056660154456;-130.43478668509542 -361.80915011347815
1000,12,6,GWO,1971.589226734679,173256.0826174922,2.9190525834333356,nan,3030,3030,0,0,100,0.0,1,166.4977174345511 748.2284334666788;-495.6076108679901 143.7511863360669;-698.1914017931254 595.4179278533946;449.8255956709565 -170.35399924698422;-257.3469068673151 655.6215226924818;970.2349586848522 -16.537106476964937;-230.97618727860075 -847.771320668221;-719.095400727767 -687.3138574828623;-20.618588001407556 139.73962844531493;-139.42746314338555 -211.90427391175817;57.19462758248062 -643.1250871820943;-979.94663934238 -121.64308397302212
1000,12,7,GWO,1797.048597058194,173430.6232471687,2.9190525834333356,nan,3030,3030,0,0,100,0.0,1,588.4046342481184 -153.52990861803144;-114.21002716091031 -953.028287848521;314.44438186489486 397.63126849637496;-645.4084011144487 -395.11762402150816;873.8656444450539 387.7231897753086;290.9198391398564 -918.4145705808429;-255.3261323627075 420.07049385935767;-427.6562757534038 19.896417829363656;1.0327991609794938 980.3553339896656;37.63571797929065 -640.3684786811908;-942.9173101138485 20.596442514257294;15.375205564168674 -24.33639098453661
1000,12,8,GWO,1577.344332539098,173650.3275116878,2.9190525834333356,nan,3030,3030,0,0,100,0.0,1,-416.74940103371597 464.801665351926;-35.86670424694996 -285.6794700206285;-850.3989124956406 -503.7336864274562;-650.1142447182536 -20.489259486942434;-0.4313765149054923 992.2348184637381;-1.8263088351176198 -992.0755514312195;297.2712053727476 22.355844279479257;-278.4040230274988 73.89437418940514;758.1287976171943 -227.00061987461177;458.0583398863944 380.6941192258103;921.00698150075 218.7954839102748;-36.00989918867657 427.629796781625
1000,12,9,GWO,1276.7710940738325,173950.90075015306,2.9190525834333356,nan,3030,3030,0,0,100,0.0,1,998.1353702695891 16.18589901166128;11.872306739469545 995.187610242985;-928.414123826572 45.724687845810166;396.79063911479005 414.47302529847076;-18.63246355125511 -630.3839218941358;150.6593041604032 -105.642301566208;390.68975404017834 -551.4053831356088;-195.2108062618561 -263.2366721595972;-606.2646639805711 388.22369538579795;-27.73296917536103 267.8257662536896;667.1153042588174 76.64742157443698;-428.6321218713167 0.8108108400207285
1000,12,10,GWO,3013.4783658791566,172214.19347834773,2.9190525834333356,nan,3030,3030,0,0,100,0.0,1,520.8044770662658 -162.10568828076325;310.8764227630452 -664.88258554421;13.156544443383813 -465.04840118997566;-260.88055711954866 312.13654547537175;700.7251002937022 260.9325414667265;38.80924306882051 -34.50173553320445;-572.1045250984547 -3.051841664816683;13.869580720002725 502.76744740851655;-800.0972883210619 339.89628044996357;947.9774904724601 -24.222342588964096;521.0167338768264 717.7236512809695;-24.413468461185477 995.6700473173845
1000,12,11,GWO,2463.8394302482193,172763.83241397867,2.9190525834333356,nan,3030,3030,0,0,100,0.0,1,914.7575428930986 -309.8207164109644;-157.78241277837685 363.0780464669178;492.48824354143 -491.96033998811055;39.495529584059845 910.3147481879877;95.22425462846883 -529.1001253028994;-582.881744515569 285.7068562035927;729.9363060176162 64.33027408024799;-362.55719883074863 -241.10718734405464;321.7935089792 -19.61044816706145;-847.7179397774333 -19.746195035432823;-0.64760375915689 -4.985536608783089;15.489949033573874 -999.4919087221419
1000,12,12,GWO,2947.2850924683444,172280.38675175855,2.9190525834333356,nan,3030,3030,0,0,100,0.0,1,279.5628433694321 -94.66639967140458;-420.42388279341685 -429.8130700117799;-980.6383182031695 26.355231634920784;-1.9387820246137188 -996.7605020065507;-89.019741843939 4.841262380428362;492.3315741662606 -627.4310016683385;963.1752128617815 1.1273478476972425;32.39267937570691 345.5155656956015;11.690091912676934 -525.6205225143407;-675.0998727262644 510.314276848848;-3.5705324438048844 998.6083621219315;582.5052481714657 48.55946093233323
1000,12,13,GWO,2002.3520701019152,173225.31977412498,2.9190525834333356,nan,3030,3030,0,0,100,0.0,1,-618.0331576355679 -352.02823663063555;7.640363445012092 10.30948876136408;-423.93468050253506 210.25613733263071;29.905017107482507 -570.8285601408787;-911.9470148059735 -1.1592375838468476;-278.58378658501766 624.1601266691714;288.9511508353408 -168.92854085450338;-424.7329877752611 -866.0012819758673;-1.0518394132504458 -999.1118955469078;564.1103503358119 -606.118881014995;562.3214366956948 527.4711776411663;908.9284982277028 3.790111189731359
1000,12,14,GWO,1843.1134071789274,173384.55843704796,2.9190525834333356,nan,3030,3030,0,0,100,0.0,1,70.51306555803662 -1.4262460289930432;541.2274536334454 -797.0517897303553;23.309048546512145 -693.6498719382377;945.1311929441686 4.263005968558258;-426.7701086788327 90.35409717694783;-185.67325336179397 947.6317840978022;-945.0885183027661 124.81512533652956;-609.0774845770126 562.0283803071917;361.6186502686501 -397.07793676716915;-250.12397937588162 -289.19774977357173;0.9796495976046566 663.764061037849;366.32758072234327 590.9657551593818
1000,12,15,GWO,1425.1927202477818,173802.4791239791,2.9190525834333356,nan,3030,3030,0,0,100,0.0,1,-450.468347057151 454.4936965904815;468.4776319641816 75.5672444035283;648.7826229926201 737.0205543573699;45.17206837887793 995.4144161069653;263.22467224686005 -431.68406919167825;993.3435192584511 -4.14354535141008;-117.62900483693181 -294.21219936391407;5.207128315115976 315.9220662064668;79.56497098052716 -961.1449337503742;-459.28104249492316 -858.3008493385076;674.8087966062263 -581.9375126470269;-942.9418104776904 27.83971688187442
1000,12,16,GWO,2379.2429981790774,172848.4288460478,2.9190525834333356,nan,3030,3030,0,0,100,0.0,1,131.3323635638786 542.7428226585494;94.41792704572765 -1.2589676480774312;138.30564127126306 -580.6319585778217;-2.59974766321834 -960.4738278935324;434.76587802980674 890.291902867522;-530.3849969291114 -759.9199581765874;-30.892460005690562 980.0737318013034;-251.19018437171403 -161.05732804241777;880.7046400730638 -46.443991409470044;428.8097841939419 -37.85775870822979;614.065314375947 342.63933391814;-532.0426260717212 126.5316813027979
1000,12,17,GWO,3460.505597554584,171767.1662466723,2.9190525834333356,nan,3030,3030,0,0,100,0.0,1,35.33583613805653 -470.9123588399639;429.1874700522537 -463.28190506821767;906.0603540347289 -1.8424261634837367;-300.235148848879 -585.3124806948953;-937.6215344517362 -228.14495172776347;-2.779259235081542 432.6455942622719;-39.58692925260649 996.6287610830767;780.8764962817353 -340.7845701757454;-6.387740591832248 -993.9379851969907;-655.5002516173007 372.5813440779396;-34.501340906407954 26.137432895351427;437.1615196111207 666.0755070116555
1000,12,18,GWO,3562.469383091171,171665.20246113572,2.9190525834333356,nan,3030,3030,0,0,100,0.0,1,496.0815884730159 69.61396907937268;11.616048839208247 161.89802020006394;-27.748824142349804 -241.09205727933877;-300.8447083518137 79.69796618892013;12.237894722851491 556.2158047714421;-774.8634593489602 402.7584911141457;-954.7181970392348 20.316463338566738;533.7699888974903 632.9477748831649;876.8337181463935 3.6791041053443982;-25.069079447423587 -989.8082670035564;-628.8220052738224 -6.2408425259467295;402.0509935856414 -296.89465355609514
1000,12,19,GWO,2130.954138470115,173096.71770575678,2.9190525834333356,nan,3030,3030,0,0,100,0.0,1,25.644264092992447 175.05521834660638;3.7569324560389004 -268.956207863034;-920.8105216790477 7.005029044846981;631.5452977579595 1.3245258685225239;449.89591677101004 -674.3613808203033;-347.44486296424344 144.43995984981822;-314.71933051347736 738.6193113572317;-345.37788306638384 -790.791086410247;869.82522957418 378.99338721466626;-34.209758742086564 986.2199817289188;-649.2348684019476 -331.2056020659091;-0.017518078317538238 -992.6080204857758
1000,12,20,GWO,1233.2086350805766,173994.4632091463,2.9190525834333356,nan,3030,3030,0,0,100,0.0,1,208.34998218031535 -810.2704617332256;-981.372668521723 4.99011626053462;994.269727141391 11.438733628393777;475.05768054735813 -280.0817475041299;-3.546836624671792 755.9986127915231;240.99369623848546 3.475623072499225;13.871129038728432 -339.5995369929486;-209.03048778484654 -0.7870613485943658;-543.9815564271536 -10.994163246895027;453.4528113657968 807.9020291407613;680.317287655036 137.7362797076504;-351.40812614995235 427.9013127829996
1000,12,21,GWO,1374.0335206624295,173853.63832356446,2.9190525834333356,nan,3030,3030,0,0,100,0.0,1,-325.0833577290177 -484.65553210422877;115.83036074700863 -987.0511783483335;422.36539367282967 -536.6253765951727;886.0892526725676 332.13285482532143;-136.42276474778578 -61.86881765115702;-334.3202238679534 549.4323891748018;-724.8630332380379 -282.0835113205323;282.0507427443337 929.9457249479841;-960.5472449423401 -5.978401477435181;598.7962083395245 -17.081990941935466;230.7875927713665 -42.92348860838075;-11.219609043530115 314.33730565592083
1000,12,22,GWO,2290.2342218599515,172937.43762236694,2.9190525834333356,nan,3030,3030,0,0,100,0.0,1,253.60859954788666 -871.3786771486076;-89.56583135630336 -940.1024338610342;-1.470125292275079 -516.291432454218;-401.5165584929451 -881.1600319667632;492.6530687385798 33.814084095704885;-938.9204829853487 -267.58329567434936;705.3400632240536 459.7429283531369;-763.8854308864919 176.59436130593838;-399.81378400603853 -0.5138744101705471;-102.69271719257516 887.2674418305546;-4.3277871751013715 136.11888406368323;910.6647963359865 -105.13736046691872
1000,12,23,GWO,1731.5580915936152,173496.11375263327,2.9190525834333356,nan,3030,3030,0,0,100,0.0,1,-216.6144606827711 303.66895589484767;-476.349605030331 868.9810300391919;-794.4816038749481 -358.818853315408;-960.480051961943 3.584713204166087;954.3233017057682 11.366716698213489;-270.3784870559388 -449.92665042600737;379.57437914893154 -384.6961102052651;-471.2092562187548 -0.20864100645485628;-92.86429478830587 -39.454359981472585;-2.2827481805424195 -997.3805430791285;528.2764195997121 2.7004847544097204;83.41727965813278 512.4738868333197
1000,12,24,GWO,2753.4531661181245,172474.21867810877,2.9190525834333356,nan,3030,3030,0,0,100,0.0,1,-644.8381636416881 -719.3227558822138;-965.223936858414 -30.31195045821154;360.8787121517709 0.6622592563713333;445.1866334173765 752.243832985996;-254.18199479623544 938.2659038639925;989.2427638528638 33.500289377268636;-33.31963606407921 -339.934973714592;-630.0634358510697 484.4934211716366;25.2582859900751 596.3350368310275;-362.6205374318976 96.60470663169951;12.040607590928003 -998.5226515617941;-11.241236913201199 30.91044457061069
1000,12,25,GWO,3631.850242883753,171595.82160134314,2.9190525834333356,nan,3030,3030,0,0,100,0.0,1,544.9257103678866 47.93214282480026;-1.2738120966327386 -0.19037050696258953;761.8716538535156 -402.8934975624696;-943.3227873663545 -2.235833568156295;-342.0060917645571 -442.46430444140304;979.1741406409468 -62.91979263591433;263.70465033452274 -276.8158289912531;-199.36371041482028 627.6034163339151;-3.975948319275344 -502.67701942323356;-535.5700069244758 -40.14579935426557;2.080409293278644 -999.9588434439074;-750.5149685933442 288.4827457603898
1000,12,26,GWO,1743.3219305601087,173484.34991366678,2.9190525834333356,nan,3030,3030,0,0,100,0.0,1,163.3685053005681 -390.3606625602991;-10.837517519486406 -780.5264301032825;-679.6833251648474 -249.97935656905216;-348.1801034954952 927.3609386718213;-76.56031356587687 355.8895270080677;871.3568878355378 -82.240967041341;-358.45644261891283 -92.95905284864169;-840.2632907179808 80.59667892839275;-586.8132725424776 551.8349397405659;333.2348454511246 -3.9429858001571776;-17.64812691182726 989.4699070474962;596.3704524517815 291.100429672807
1000,12,27,GWO,2636.4378904614714,172591.23395376542,2.9190525834333356,nan,3030,3030,0,0,100,0.0,1,-551.1598154889883 491.5662396005175;-842.2664034401487 60.736355149889555;-92.25409324780111 -981.649953225268;106.3428883226997 965.2125331189901;593.2787031981 12.214617124004286;25.602995629624264 -644.805880869532;769.3427936189013 580.4482179880555;-411.4712119580592 102.67271486042516;-65.31733725948258 572.8865360460385;-24.11758938327849 -40.48884266428798;-701.6828387452684 -351.85443778703007;419.4488275419407 -518.8616546649313
1000,12,28,GWO,2765.557299467473,172462.11454475942,2.9190525834333356,nan,3030,3030,0,0,100,0.0,1,433.060192149537 -825.4438612251242;-280.24553242201335 -0.2121738762404124;-952.7283335099941 31.254518195679136;-713.6666635476801 387.59141348568363;5.836688470484032 339.40988437562487;1.6274600564774817 998.4258314825435;36.71095831075183 -89.72409023158791;-404.049616286172 -745.2282680941121;434.47000385581924 -0.2419585883356147;15.217972608850891 -783.6630695672688;804.77556468181 -389.92494661230995;-715.1010680480464 -530.7782116246485
1000,12,29,GWO,2702.4947683364735,172525.17707589042,2.9190525834333356,nan,3030,3030,0,0,100,0.0,1,714.3157139340392 -293.4364756776441;-929.6402133323382 -291.8101820829468;-135.69059092312054 955.0057364435406;331.48938808394064 150.38992817809768;-555.6854788982592 606.2181340288743;-393.9405543241606 59.110761344531475;0.4890746545207721 -9.635689034502542;-786.1282422023756 1.423163697247297;13.275621561877744 518.8953319781807;-408.64891994545525 -907.4229062765647;0.7450876840408921 -991.1642748153272;27.79245562693033 -561.764822179584
1000,12,30,GWO,1254.0041171812336,173973.66772704566,2.9190525834333356,nan,3030,3030,0,0,100,0.0,1,-151.44849453740906 -745.9696881844571;0.4232290442208148 850.0223767322638;306.08927598456035 -426.49277885767015;-853.4964385599924 241.13611953095983;520.8126123777215 102.6543268188794;-611.724755066301 699.1570887899751;-128.20567656599076 458.2037452802924;907.408081510479 -21.299764761657205;68.72080971253781 3.8655764664964294;323.30841366723945 791.7872056285469;-596.2979516698887 -425.23804599447067;-406.5516560555734 11.190191527184831
1000,12,1,LXSSA,1785.0345672546828,173442.6372769722,4.590851112466665,nan,6030,6030,0,0,100,0.0,1,596.5930520211409 802.5275673500101;275.986761515703 -487.65296051246474;-71.42735329341544 423.62568336173234;-473.29011250722147 785.1993532737279;-228.96373285791125 -92.64982807251221;702.1544890941225 -258.0306716784409;324.46788784083424 463.0108584364445;117.67882285946338 869.831397984438;935.0881600296171 352.5222131556002;-440.1069871760717 -897.680151257791;-580.7712486659452 158.92557084258414;109.60267542391374 -116.73322051322333
1000,12,2,LXSSA,1349.1573947724246,173878.51444945447,4.590851112466665,nan,6030,6030,0,0,100,0.0,1,527.6612070759287 -26.593168848426497;26.13480697952852 271.4060964329983;741.6424751796153 438.4057916099796;-199.4981295355623 703.5936904111081;-417.2381558877791 -771.6765012251186;-121.12173179354083 -159.5495540495201;-777.0706378875939 345.83737304776577;150.42671088605672 631.3364211097623;967.9826865986107 -199.0401900514963;404.25262756296485 -377.4671849970732;-761.9628690897848 -640.633777091194;-384.98749717157443 146.25949355356727
1000,12,3,LXSSA,2490.3995149209804,172737.2723293059,4.590851112466665,nan,6030,6030,0,0,100,0.0,1,-291.235094154924 262.8301485366692;507.21575708880175 234.37478511226962;-16.088037392825992 -192.82336618105424;-456.0202256169884 542.6455576917577;752.3002276049541 468.6667685099258;-431.9988167735946 -850.004537732352;49.18033977464238 148.5274399988042;-638.1790717048551 -549.9248844603729;756.8057557542943 -631.8572531926476;-592.2486619023016 178.46836508076365;-841.3819765538742 -124.81931073343517;78.20101272710893 528.5982596616036
1000,12,4,LXSSA,1292.6650833174645,173935.00676090943,4.590851112466665,nan,6030,6030,0,0,100,0.0,1,578.4121244606712 14.399358285847697;296.61118319925214 460.54774181115573;258.96574243868 -740.8369330015853;-189.0691403899301 -922.2617097599863;-735.7421592949288 676.9164395430016;-932.4133789192229 211.18165721870213;9.909270337771416 -187.62304669386248;-739.5912818889503 -77.46360114965006;-363.2916633411796 -358.46370143644793;-301.2867837091396 677.8585738520528;-574.8068851060284 -677.000724556935;817.1921157722365 -340.2522732949664
1000,12,5,LXSSA,1764.6000444730744,173463.07179975382,4.590851112466665,nan,6030,6030,0,0,100,0.0,1,-763.6740134730884 -105.51446278047675;904.9493784008919 425.3452470127753;565.6020795797978 -747.2701733502043;-258.3304645668431 708.4849300969179;-740.1116777684914 618.8969613956248;114.68208765090553 -611.0870569871444;263.14509147268035 684.9669999453798;120.89575348471918 273.1635115717236;333.02540996056115 -361.6216011488963;-396.95807706467735 243.82363118690344;624.7377883077952 68.00102825470117;897.2766175555408 -123.41700849034075
1000,12,6,LXSSA,1135.3648856434156,174092.30695858347,4.590851112466665,nan,6030,6030,0,0,100,0.0,1,325.6421617853467 -189.79588919178542;-506.8434403069711 411.2469657698133;767.2274763700838 -588.2757422788294;-716.0563943815848 -389.6818865072378;-789.7061661670907 611.7709601332206;-164.48642524008554 644.8626686047367;47.3713771921439 151.03616250076104;-256.0837679326259 -357.77777026940106;333.24126061405997 846.9467031299539;542.0821696763996 55.14563877069514;945.9833997209772 -32.67342878319529;778.3712705506367 435.3132154022544
1000,12,7,LXSSA,1848.6804812719056,173378.99136295498,4.590851112466665,nan,6030,6030,0,0,100,0.0,1,444.8678127492841 -487.8325355850525;73.16823045052924 -498.0129674257109;-222.65781179877783 -117.39068509108176;-160.76971036546053 -875.1253999561402;265.1975686370462 926.4756147849149;251.96440131822368 -83.73765266824365;-745.8592703281486 -559.0618109219896;78.96012261512423 462.654952732395;-702.9157237674153 -9.772742038124932;437.62579640396467 525.2186762154776;-471.9477401992353 -784.4319371907301;886.0368671378473 300.049122925119
1000,12,8,LXSSA,1847.9837676952302,173379.68807653166,4.590851112466665,nan,6030,6030,0,0,100,0.0,1,207.1518896463247 943.4116441085033;-7.738779277769102 710.6699023643532;659.1627622502313 -94.54272353629845;141.30498239161733 -966.7499042794244;-336.6002426557595 868.3244790054177;323.34660503776905 -393.42446236276874;-498.0316949998151 516.6421663041998;-262.2545478255161 -843.198842880236;838.8171820855115 482.64102294324414;-496.2040895063757 -233.57562785405642;-674.8170217731387 125.26582339403929;-131.16923418924225 79.79329748137278
1000,12,9,LXSSA,1076.1554287288163,174151.51641549807,4.590851112466665,nan,6030,6030,0,0,100,0.0,1,-490.68713538249926 142.502707067207;980.0723449988348 -68.05530476816988;-605.3032715027642 454.7175996930647;-285.75949200805195 914.3735979381244;-929.2852509761046 -265.68092475602805;-43.30736383678675 -611.15626401005;681.6565447510354 -413.580206618649;-365.70419249885725 -253.17152705502212;243.98051667436695 570.1768434361418;803.1797778724083 447.75093565074553;-39.92268295201821 162.95199252997003;478.196061710089 -104.04475987482863
1000,12,10,LXSSA,1445.1559766784194,173782.51586754847,4.590851112466665,nan,6030,6030,0,0,100,0.0,1,-42.75713440962719 761.8524364454212;-364.02480930386855 43.65723364969702;91.6656219266318 -902.177213639603;-853.569932660911 -348.9984763868388;-697.6269974072706 495.8294797652222;-369.82468673825645 -797.9449466008069;973.1776882590508 229.1793804521189;644.025468966236 765.003080927133;602.548131786649 -156.35262439945996;795.7614451977947 -430.7753102677052;227.31807901714043 462.38798600809105;-126.27647378525168 -417.50820688304
1000,12,11,LXSSA,1374.9210881458712,173852.75075608102,4.590851112466665,nan,6030,6030,0,0,100,0.0,1,-271.2284783062417 -380.40328313141606;-160.7180927235041 786.154896664689;10.580414533981823 323.82564623379335;495.8238247682772 -829.5427164260778;-385.24889837607117 -43.65132309498489;-845.7193666134262 -232.35217913994038;255.58662765907704 -361.45168144751017;528.9948406777261 838.7293277465155;-694.7144033135694 -644.3284024188729;334.1842893771163 561.5479955444789;131.73845813056457 -14.16286635815252;-570.099832701282 465.9633036602981
1000,12,12,LXSSA,1048.636402057571,174179.03544216932,4.590851112466665,nan,6030,6030,0,0,100,0.0,1,-266.934293835589 952.8394931998945;-234.09955343549618 -707.8951535790105;72.05620437789906 648.648845447429;358.59885890523077 -3.868245145904292;-913.2660165297847 -407.35613508815703;369.123562940422 912.9636935475426;676.6041850335838 292.835938808994;950.9138663073569 -133.43625894955903;86.06876406234969 -435.1578912866531;-699.4817578321711 -102.83126578300232;-624.0680328078925 648.0629987386902;366.75392549062497 -852.8766843258284
1000,12,13,LXSSA,3112.7471232713433,172114.92472095555,4.590851112466665,nan,6030,6030,0,0,100,0.0,1,-836.7613198279712 519.9430296445752;572.5790997591895 -336.112215154844;-360.65036909023144 110.7481069413217;-706.3740942434026 -292.13573324115146;-66.11802447775973 318.7287377015258;584.6489103202076 564.926915661459;-217.33214064769473 -750.2716342950791;-205.71263096005694 -237.15821794735527;287.2254636429014 762.9360570364283;-670.8730544119746 220.25065153531298;-580.2278943221537 -645.2678828381215;110.16049376039165 -241.54887769304426
1000,12,14,LXSSA,1969.6050401329994,173258.0668040939,4.590851112466665,nan,6030,6030,0,0,100,0.0,1,-492.3564959164742 755.0063659270148;-673.5915097084043 -364.1488925146851;858.5862081144779 -494.0189166664018;522.5323599474891 48.82598744120462;192.27356626910893 544.440600032528;-38.23683922164166 210.14801013287268;494.2477269956907 -613.945548253852;595.9151650214626 576.5012725762149;195.38783815280283 -227.881690515865;-491.9944534456518 -630.8122600068201;-431.31529329365975 -35.45942329354269;-911.4230640574566 347.05658230352174
1000,12,15,LXSSA,1787.3099067925941,173440.3619374343,4.590851112466665,nan,6030,6030,0,0,100,0.0,1,929.4169284252011 291.7754979627804;-190.3244087970592 -633.654027455771;-908.7281626310128 -384.9741101352206;-654.3677807974577 551.915681306628;569.2422490971787 814.7730181035639;23.59293073528564 -948.0382083112538;-529.2361306653625 -576.1043314856425;162.3419756160419 907.6719983213101;-354.47101101444287 -75.43530363023655;120.75132935940766 344.2908284117017;423.62759544409494 -122.76966002168436;59.05659970863094 -283.1315192103068
1000,12,16,LXSSA,2056.032063709892,173171.639780517,4.590851112466665,nan,6030,6030,0,0,100,0.0,1,792.7659974913059 586.1088800558615;352.2588767366559 -574.2053129741887;-364.49821786676335 2.602522921063146;127.39210852619958 -296.26096921461004;619.7041357988159 -203.99697555167583;-123.16503084006246 -775.8728343263514;-518.0062772666574 -421.5940501277473;507.70384068556797 119.42613767942343;952.1459114266106 -270.42596972181036;-133.0212792790658 572.6412599263708;-516.83705557888 310.00044807441;147.89151026461698 58.98798731257046
1000,12,17,LXSSA,2095.155633796734,173132.51621043016,4.590851112466665,nan,6030,6030,0,0,100,0.0,1,48.53656413358464 -852.6003661610264;123.10226735459804 649.110205446508;-49.106002493604365 293.95196817472174;-752.6988743943479 543.0214223075754;541.1939967693963 780.2010304603268;-326.8091526115617 635.8913244424097;724.1861204125798 -466.8271402819669;978.5145025950075 161.94842998804924;434.79165908282965 -329.7436268738717;-122.14848725425047 -319.85026669218234;-404.32369742627054 -699.7114019806434;-406.50238079743315 26.016719150906617
1000,12,18,LXSSA,1588.6673995909223,173639.00444463597,4.590851112466665,nan,6030,6030,0,0,100,0.0,1,-262.3819333851822 892.7041758257475;394.0544299061627 138.7887864427321;-743.541337720417 261.0195288066092;616.0735006749954 566.1093663262268;816.9630100110371 187.28143570721366;-431.0848090728716 348.15247590220986;-686.1950585643137 -429.4040364882046;988.1788277808413 -148.48681351718054;62.911329321716494 -934.5256957653102;-232.7654997896784 -396.5103378485779;-491.3646652044602 -708.3029117841353;59.25796166007767 37.480175588858756
1000,12,19,LXSSA,1427.0205280921364,173800.65131613475,4.590851112466665,nan,6030,6030,0,0,100,0.0,1,92.9093269951276 369.7031598766834;479.9977490682062 -105.434121015423;-938.3961018380082 -222.26411565614242;-419.20854285933945 204.49233372969388;327.44539887082584 -512.8039104249043;-117.02876041609693 -75.14881504516501;181.2161640888304 -944.261263309389;481.745512175085 676.3222747272299;-591.0631282331301 -396.66280064848223;967.4526148186718 -173.26734122874748;-224.19372054133555 773.7720749069841;742.849456794545 441.8832932368387
1000,12,20,LXSSA,1518.0839905402681,173709.58785368662,4.590851112466665,nan,6030,6030,0,0,100,0.0,1,-172.98687805935373 -590.2639038118413;-339.7826428218875 -30.354753569096417;-819.2734876888154 391.6577419839048;-164.30617306586277 578.7175594242884;-625.8156063104448 777.3186890171911;252.58252239424547 742.7004010676442;439.23631739311446 348.91194118788434;249.62103070243444 -123.70499640330613;125.07408042610629 -968.409866689475;435.5034048482617 -622.2633372401265;-615.7258147524401 -200.67129875049372;-892.3143331602226 -440.15324904624157
1000,12,21,LXSSA,1219.4532261505083,174008.21861807638,4.590851112466665,nan,6030,6030,0,0,100,0.0,1,-676.2737177075785 490.400702011239;87.0094208372014 -412.393966694863;667.0779355261944 -161.76231079172746;-458.42889805079085 -887.2559668453279;889.6920425727278 274.2841889458221;-963.0381591302395 227.16244774675846;-266.985138006699 287.9407629331002;415.04936757990436 857.7687359907718;-767.6623492183458 -310.6120413487055;288.17828792865106 156.62429494944067;-456.3069254494385 798.2332097343251;274.51080497629 -832.7277470109725
1000,12,22,LXSSA,1476.700124703435,173750.97171952346,4.590851112466665,nan,6030,6030,0,0,100,0.0,1,-262.47120999707533 323.79426378527467;-257.83775414371655 -730.3425772482702;780.7962204175892 443.3985548824902;-424.16248144204803 779.6546751045008;-955.929788424294 243.69158942542117;-768.6975321228173 -449.1728642614449;760.1808996784255 -464.21710107945285;455.75386969996947 -831.3802126596328;113.65681098166102 -293.77870395597756;-438.053539421765 -153.62839413137368;152.36091428135313 255.49712143222865;160.21698910890075 884.3199586454575
1000,12,23,LXSSA,2210.8585130887514,173016.81333113814,4.590851112466665,nan,6030,6030,0,0,100,0.0,1,-530.191487061043 -262.32430317167297;446.7341378957914 -307.05836648826767;-281.51555288989124 -850.4366189479795;845.1178123433342 -323.3779061105485;599.2306596209902 -799.1222659137286;-130.71846552451552 -325.8870238427223;40.35203313885195 -791.6146238881033;-382.02394325361706 653.9305654583042;-486.257740656991 342.431882305947;-54.19038615137133 375.82809644064633;-784.3334732112129 50.96228713700947;68.4404273907439 899.5358905413623
1000,12,24,LXSSA,2402.8976290714345,172824.77421515546,4.590851112466665,nan,6030,6030,0,0,100,0.0,1,-546.6683189141719 417.9254664159974;948.2531747823781 -39.47127603099277;403.4496493115635 -9.662016485140139;663.4110108946892 -293.5319198630402;216.48539231986902 374.80534554356177;605.5965399313035 -760.5067738830228;-290.69121627690214 -99.01680719806929;-727.5194113990264 41.282404151594115;-861.3377469827333 463.17409831681584;74.90586734233626 -359.61942272266936;-822.0953103889178 -398.1106343030106;-399.6941799091367 719.4991575427138
1000,12,25,LXSSA,1100.4097968162678,174127.26204741062,4.590851112466665,nan,6030,6030,0,0,100,0.0,1,-548.2655641748389 47.2731143776009;-873.868777411402 240.73687524009475;-549.9836875866619 -668.8017551542972;22.95296124113024 480.42339620889913;400.1894509196968 -571.8487911123367;834.2427240907678 326.3879254341625;-192.59673694157422 -155.23837950790204;838.017420589299 -459.2069680829713;280.5509263966823 -223.20283776619843;-403.7503073652278 457.77757644256536;-539.2674623017465 838.5287320455033;400.99921738481305 131.0444979368973
1000,12,26,LXSSA,1423.0228699446598,173804.64897428223,4.590851112466665,nan,6030,6030,0,0,100,0.0,1,80.16596706209906 742.2531124336707;-562.7467447301515 201.54082461059204;-26.683885117754638 -254.4516188433313;-911.6355190726937 24.546994795893326;307.432986208274 -40.5961897404328;307.8994510273123 -811.4498332960543;537.8290072195174 -355.99820690901674;319.6549688245748 460.40352727135684;777.439368672624 308.9270528968217;-219.3586047644525 -972.6366964893335;-209.59002955280408 375.31736274777825;593.8086097747458 804.4934724228339
1000,12,27,LXSSA,3562.9820580163505,171664.68978621054,4.590851112466665,nan,6030,6030,0,0,100,0.0,1,-751.6861045294945 -9.88595839065485;-383.7476282307632 -387.58896764508296;620.2117651487661 221.20249156477647;-363.48056638032375 660.9464312792198;-878.5173206632918 -364.97785260324997;405.36273271911716 -483.9500225662595;-424.2170908558281 149.0333274386553;705.5959265995185 664.2333057815681;-121.32337646746115 -798.6514177062868;600.1646164857709 -207.88958697585647;-693.6513413308489 -717.4614358747602;-428.47350034784944 -899.0467256190683
1000,12,28,LXSSA,1693.8077017495816,173533.8641424773,4.590851112466665,nan,6030,6030,0,0,100,0.0,1,255.39051075476738 -96.47538268612676;-778.7979569075302 580.7359611243483;-402.0839095940713 -891.5112917940548;-658.9772190737559 -572.436400933445;-283.5886238032441 733.5021132827363;791.7288147531866 345.8616978034707;-75.18118870331706 413.584848067381;-415.8015605190867 39.486105107096165;391.1445997146088 -377.0238122344224;384.2016150902568 620.4506938943551;-915.4253665321725 -350.9527682981531;-276.2802183217642 -322.3601461937566
1000,12,29,LXSSA,1861.2778972606466,173366.39394696624,4.590851112466665,nan,6030,6030,0,0,100,0.0,1,754.013639290322 -21.566628432192406;229.1604581617682 -36.47627893821501;28.203209629608445 -526.0537787647764;-92.48913891732023 453.24696802856175;-333.14506333422287 844.578513732907;503.8058105632934 -634.6797040677127;-289.9746528295445 -297.3583298098595;-954.3200234085481 -127.35044551466362;-539.7342402362372 -683.8102716700696;306.13759236669205 904.9546057087088;-306.2766417541009 -951.8102907673951;897.4146475488122 374.22022910543245
1000,12,30,LXSSA,1897.3657516566163,173330.30609257027,4.590851112466665,nan,6030,6030,0,0,100,0.0,1,594.4273682596955 529.0142058820259;107.43021284591858 801.4960003627086;-208.6192097083371 -524.8577993766006;-684.4347577534674 -561.1274644475145;186.89440670987028 -601.372644596235;181.5334180052424 185.79371561949233;-71.08715010285687 -244.34577318845325;350.57659938124874 -173.4408924333137;-446.78494353963487 99.50904130295754;602.9023404804057 -560.9671924060722;-927.97889803194 129.45709184854826;-300.28270140692223 581.6887200405131
1000,12,1,PF,1158.0568929435685,174069.61495128332,2.8793503537666614,nan,3030,3030,0,0,100,0.0,1,415.87863153804466 231.36457312023234;-677.4126498575758 691.8737714213978;-408.811822201454 58.37412064343252;675.4888712283436 -287.21828304437526;-62.77236062189667 -179.81180191523086;43.724670276884176 630.2721416267403;-81.04091701187261 973.2173697902048;334.88316152265634 -512.3857250037859;-209.73295326525678 -517.9923584377713;964.1041783189913 -26.369184318928646;-654.4143061357653 -543.5968206487054;676.3333759228377 654.5393331463773
1000,12,2,PF,3531.422957099887,171696.248887127,2.8793503537666614,nan,3030,3030,0,0,100,0.0,1,700.5577539508599 -79.52346170316504;-21.550632761393416 -523.1959899968685;-88.66527463928566 -858.1543821321613;348.4396212230569 -619.6934558630406;507.5543567496055 -325.17687785254293;-149.4670515116408 116.12663159875291;838.7820547379441 241.9574392887521;-486.0960312491618 52.06053227384915;342.08685864594975 854.3598237138234;-426.2330184547407 705.3831852860624;-550.5970615801891 -461.16211843983166;487.5890699935835 573.0051963812717
1000,12,3,PF,1446.8408350985555,173780.83100912833,2.8793503537666614,nan,3030,3030,0,0,100,0.0,1,458.766074284336 -837.7824940882463;624.4650801901687 -356.32805789332167;-929.879403353729 -364.9655610320035;723.3911269834342 374.8246619758805;-345.9138700694717 706.5082527750305;301.7633925246307 -334.02487193916045;539.8562027495785 769.901125438499;-585.0369397907523 -102.83969470669878;-738.1613790692992 357.91896453225974;-328.2233236022684 -833.4235664284736;45.43472440217473 -549.4517417050023;-179.82492570755664 112.04034812222099
1000,12,4,PF,3264.08710606338,171963.5847381635,2.8793503537666614,nan,3030,3030,0,0,100,0.0,1,7.205690477614899 970.9698821158606;-485.54535515095614 194.69157564492943;842.0049733070613 -175.13027110566625;209.105158715145 698.9459175221092;617.632803918223 -642.7679251128205;537.2176537106195 800.2549605048172;-771.948561153284 -229.93754706304165;-560.9448810556796 796.7966524151448;-181.82907010155407 526.0641088379846;256.2790251402316 -23.749733806095044;73.95514335945448 307.7278445818928;413.3070236963815 -399.28068351469415
1000,12,5,PF,1612.6899095857225,173614.98193464117,2.8793503537666614,nan,3030,3030,0,0,100,0.0,1,-126.07540891683 882.4533755849932;-102.4294357306111 -2.311033349422483;71.96382093602791 383.0725956229612;255.43798462514184 751.0605147495326;692.1174144344103 -191.34399029371656;-455.3132750642059 434.88220794750526;888.1880077163804 278.7416609323446;134.96093178224703 -810.2368639952342;274.17292072545536 -340.92387406931937;-544.6974828684125 -476.8830672706279;-948.3168469913228 221.19295920292873;448.80166377450286 203.00810492677613
1000,12,6,PF,2347.0845218970207,172880.58732232987,2.8793503537666614,nan,3030,3030,0,0,100,0.0,1,456.69329201338917 -74.67279826981388;149.92230119067062 738.1880709876124;-324.9024060484816 -451.53562379845926;584.8051071264083 262.500624363317;-832.8611535673972 455.35968069769905;-627.9371178850283 -330.25736885611184;-304.78207703828144 134.02833028522042;746.7658351187787 581.3094677308071;-149.90599555027532 890.5575405879948;-416.3774030307471 472.8428972724441;719.5590995720174 -692.8005737141141;-876.0717840900568 0.14566100685761896
1000,12,7,PF,1219.7214313852019,174007.9504128417,2.8793503537666614,nan,3030,3030,0,0,100,0.0,1,635.5914611648948 -669.8775706997785;225.08565879250924 -485.89801009141877;-646.8226454099461 -746.6711891918546;51.41044734027018 741.968991982263;937.390288111799 -337.29037550564533;-866.9406152478685 -149.04895111317882;-280.1003929303221 -489.2536752304585;-0.220607455451713 -67.74405590688792;425.02731993878564 124.80204339050287;-288.5942807177313 484.83712089239805;723.120672437749 478.30839605955356;-676.7798752526052 482.57710592549313
1000,12,8,PF,1202.7195458263159,174024.95229840057,2.8793503537666614,nan,3030,3030,0,0,100,0.0,1,-577.9963884095272 -571.2496039894252;457.29619226394925 659.4137900288436;-428.4994769994998 -882.7524058552601;-55.95639629864955 269.59599628771014;312.51704889705263 -202.74587341543833;-921.7452785517706 328.6892230451936;18.353670686207945 956.6164331639691;702.022815889629 353.4940101797055;936.8514571046567 -221.10514425668833;437.7033453066518 -544.4276451811403;-592.7325137858558 604.2717450893048;-49.277132018950596 -832.045072787574
1000,12,9,PF,918.7171214631526,174308.95472276374,2.8793503537666614,nan,3030,3030,0,0,100,0.0,1,-501.97980148456276 -483.08496217084894;977.4943032944175 -129.0404104550169;734.1277632825638 630.9003960650259;499.9362881685293 307.6236912517857;-953.4228058576792 -182.93181928741927;718.9442921467024 -453.36900199901066;-119.81312899678653 459.9938153484995;261.262421935888 723.9197471001755;259.17560185074 -51.79840878438686;-113.07387685137314 -433.03462788903045;-325.1618906939346 -851.6966262898189;-313.6450136411372 134.03662190156726
1000,12,10,PF,1519.1284904164204,173708.54335381047,2.8793503537666614,nan,3030,3030,0,0,100,0.0,1,-74.98758627633288 -900.4337902339691;-264.97006517262895 819.9430052100547;462.0731823210454 -282.5775385755175;722.4104955909633 -62.04186409670626;-273.4341073753542 -144.46759656543213;65.33367004958508 -284.08815750588184;84.13625169313173 368.7949652128578;458.5627880211224 545.7470031197762;-522.6498469497106 227.1348256651515;-883.6947894747118 140.265325881353;-650.1499391319136 -615.9923928386679;877.2069443051554 -377.9476507451691
1000,12,11,PF,5716.090863576654,169511.58098065024,2.8793503537666614,nan,3030,3030,0,0,100,0.0,1,-274.5918050539643 118.7439443213536;155.19608862803736 -599.335376307391;-628.7766753015912 -1.5814060817405426;720.0526397624299 -93.34737975239447;-975.819734499723 69.32314760418588;-721.1014316843833 328.4608317887128;-399.51212513945967 454.58557786362076;62.328414294431255 -128.930194005183;-837.6441998761492 -233.87903180277357;-514.8949880411944 803.9876796044412;-176.5001962721982 -600.5085437693838;-38.9750514580093 384.94888900203387
1000,12,12,PF,1015.5158931665064,174212.15595106038,2.8793503537666614,nan,3030,3030,0,0,100,0.0,1,-107.93877210083355 -981.0294963024393;939.4751662722172 334.686247583206;94.31886922049057 547.7946554140947;-637.4847410436356 577.180121825061;480.84813864955294 655.4882152588877;-961.4878843221404 129.52194550994204;-472.4418556348389 105.74470356817996;-252.80397577635577 913.0147401513746;725.2552068516659 5.217475788366199;394.2867911639022 -317.99513883649195;-637.5108678756135 -360.2795032645339;-255.69834053941398 -596.8986700693933
1000,12,13,PF,1726.7556104152754,173500.91623381161,2.8793503537666614,nan,3030,3030,0,0,100,0.0,1,771.0115828046131 188.60004232717984;-524.8782575525591 789.6690450385955;-788.541727611084 416.13011826226506;-171.4899769170263 214.48126759243678;-529.0985782326733 6.7559624423391496;-96.24515110847972 -852.320278598204;-44.79507752072302 -203.439567286324;91.0915539369774 690.7397119045465;527.8748688269189 639.9628600976141;952.9204558284043 -271.9902502940189;664.884804541714 -746.2854173654879;307.70570282471004 -122.88350965899456
1000,12,14,PF,1637.220982040366,173590.45086218652,2.8793503537666614,nan,3030,3030,0,0,100,0.0,1,223.2389272130515 106.09520984956576;-16.76273789756723 -435.909029386708;524.2787694622282 -770.0421397026316;-846.6837044365476 -406.6600031477299;965.5699345574598 -90.93137045911506;-372.54294669951486 -622.1573910494811;-240.25511168389772 -964.5370005429085;764.8164812427711 155.12613747504273;461.61789288692876 488.5774359974548;-27.86123868934538 481.36373681982235;150.90815905712947 975.8538303812664;-606.1598007691424 -86.61472183578644
1000,12,15,PF,1573.9007652744476,173653.77107895244,2.8793503537666614,nan,3030,3030,0,0,100,0.0,1,328.7293660495611 497.12570872214013;934.3340927394861 -88.01179268889291;-331.38837806731635 396.6662717278182;-341.79932136246134 -752.6267625537788;-191.5191446405001 822.1613616461455;-542.4278206900008 -15.09001875131083;-884.5032065804661 330.10548927378215;653.2057296288918 -320.26845323286;-218.54378380192486 -421.4487053394562;716.8415766771928 362.20957657201285;136.416377609086 931.4825976895878;132.8215419920077 -915.5964560866445
1000,12,16,PF,1735.385089968273,173492.28675425862,2.8793503537666614,nan,3030,3030,0,0,100,0.0,1,-38.26982222872515 -730.0117548787988;-290.16890524924366 546.8707331805052;-518.9710859036451 -724.3867899758613;148.06463124919534 270.4109190682052;568.25700921347 -313.94620460501267;0.5190397756092697 770.1158142408142;795.9205732328683 240.47995390963604;-8.035894166834826 -278.3426927260225;-735.8659336551947 36.61657168541525;-514.423783461851 803.3961728552287;377.0038337959972 828.5612426397815;411.1751017141449 -724.8018664870184
1000,12,17,PF,1501.4251908033912,173726.2466534235,2.8793503537666614,nan,3030,3030,0,0,100,0.0,1,-750.4854695000222 -581.2139942008565;-418.7948798217844 -692.9314160359219;30.009502529648465 238.54837925795943;-623.6734313774426 666.4117414398709;215.59122251595664 663.6587088160786;-410.9425840480726 151.21735469630198;-205.0497188005159 696.7048048811255;-131.37764102274775 -931.8458506769365;985.4695989025314 -132.69129087955207;669.3517086080487 367.36373071658517;347.95435734514183 341.26167020075366;-624.6741247030851 -272.18276487046563
1000,12,18,PF,1416.8610603892885,173810.8107838376,2.8793503537666614,nan,3030,3030,0,0,100,0.0,1,-150.52933826225174 -273.8614339920187;46.4549799558271 316.85850843607807;959.4143719793069 -222.14117555711346;-564.7005506628844 -147.83077421422269;-691.1889787127546 -509.1582417172172;60.53243070846688 945.5282614472886;-366.6564653428592 -721.6699851751391;569.3915980798186 374.0174509174272;-945.38271620818 106.65675264958323;23.43057735678782 -803.4414534310719;471.60945535201625 -321.82268452393606;-312.0523636010809 61.38629238944322
1000,12,19,PF,2805.889615583583,172421.7822286433,2.8793503537666614,nan,3030,3030,0,0,100,0.0,1,556.7064724987689 -62.291077379986845;-394.2519732137154 -168.42007211868696;302.1782191275737 -918.9874296068734;1.3490010206049021 -333.37491495834365;-251.5404249803015 -823.8025482356989;-64.90501134238822 575.1944185618358;218.6435296960041 424.3803722467062;-971.8295326159767 132.6920093858128;-765.2352518317299 -416.72255926395417;-243.01574279542734 243.07968974432592;776.5271017633336 458.7430588107985;-557.0219210095139 526.399357988597
1000,12,20,PF,1827.8472808306688,173399.82456339622,2.8793503537666614,nan,3030,3030,0,0,100,0.0,1,320.77373845244733 -74.3437053742633;-411.74199038228767 -884.9262093515715;-525.5502886370256 -64.8353241759951;30.12189743021663 712.8824733253771;225.2798880344669 -667.3343823176939;946.6179496931063 -240.48591071840443;-219.09307217646298 434.4179901615446;-653.8424648154711 -479.0837339598938;-930.7794949977688 350.90600884001896;-244.64404426234285 -412.2653871627559;545.370176059734 254.44948237390025;309.1541548450422 901.0626166254367
1000,12,21,PF,2927.1520999312634,172300.51974429563,2.8793503537666614,nan,3030,3030,0,0,100,0.0,1,-145.32134101932954 -478.76480404700374;72.07444475708503 912.4122242358048;80.31063360407614 -207.0575939573567;-455.9101256459107 379.8894195108011;267.35267443201394 166.24700077290046;-566.6676025898447 -768.718746776973;119.0710715878925 -956.4867213895807;572.3987479360975 -402.5369333835798;866.6651658933149 -154.4962064185329;-69.57741249988327 194.56485402526263;456.3355339228341 647.1220349575624;261.16093154523264 -595.2730309143362
1000,12,22,PF,1509.013940987934,173718.65790323896,2.8793503537666614,nan,3030,3030,0,0,100,0.0,1,-714.3777183388004 331.14548133109736;505.1873718327529 92.27289374538175;172.91489268714793 941.642973470961;-896.0066895264658 79.19001616299872;-11.178412084403295 509.482332572336;737.8926903122307 -590.9537649019001;-12.807256471061992 -344.7008663210556;728.4816810023045 495.28001748730105;435.293061197121 -484.248123758347;-510.0231729375798 -324.5132742983545;-251.7193813749513 90.43348606076954;142.13780356036483 116.87945562392697
1000,12,23,PF,1397.2196789421141,173830.45216528478,2.8793503537666614,nan,3030,3030,0,0,100,0.0,1,-298.263500639311 -460.44386780973247;813.9276187282852 -505.7195250337483;-672.798279154657 391.31078617500526;115.57900992586873 320.05707521058343;-471.29491348798354 7.972333060161775;-290.37562512933664 488.2030691643223;-911.5956037285208 -71.27060944557954;398.7585861363738 -317.8187318451395;550.8149220379929 316.7796586155579;-9.688170376789678 -60.842424801555026;400.4721506904582 664.321572408078;219.38375939577202 -915.4551883385626
1000,12,24,PF,994.4184661243053,174233.25337810258,2.8793503537666614,nan,3030,3030,0,0,100,0.0,1,502.5048134299922 -837.556500793151;673.7689087611758 720.9140409910362;58.048977528641124 -948.5388276613212;-252.3674892052738 -144.0163451378953;492.89868393224316 246.11279987875824;-474.28951196911356 345.4816759228196;-62.98952023838378 -598.6004395305052;-802.9274819295648 -446.88982044585737;923.9448809922253 164.86151388650632;258.1878179521682 -206.89278684951145;669.035637545942 -272.70917687757685;-247.27543848958197 942.9053462354359
1000,12,25,PF,1098.0680837668478,174129.60376046004,2.8793503537666614,nan,3030,3030,0,0,100,0.0,1,327.55021239746895 332.59131222027764;398.3463859771553 815.741489875392;-201.06898400646537 426.4293801885377;712.4108423174923 -495.194931835978;-565.6686725448787 738.1810351128365;979.4233634028831 -132.36337850996816;788.5269743512282 463.7553581451685;-735.7348821355848 -633.8369148423941;107.14959359343642 -237.86627119119848;-195.22854707482665 -817.6813274165463;-737.4565991469165 295.44644622641806;328.6093390557852 -803.5499555414898
1000,12,26,PF,1865.4741269550286,173362.19771727186,2.8793503537666614,nan,3030,3030,0,0,100,0.0,1,-455.3923385994202 69.61753640971092;-595.6056378434719 -206.36398711606478;-151.7195273983087 978.8917376214581;174.38392787651554 -915.3343157171547;822.6002610391625 255.61455879679804;-187.78558561066737 323.13012103111896;642.7944747954946 -339.89094360860634;-277.1120267904799 -548.859902333171;494.53387541240926 -809.865348180512;-798.3642588065693 382.8033711592109;-43.06477029923004 -176.73581923299037;238.1979327357921 393.99150728055855
1000,12,27,PF,1264.2416877520154,173963.43015647487,2.8793503537666614,nan,3030,3030,0,0,100,0.0,1,261.0337046453232 932.8820583977385;282.75034771905666 -246.36751103909657;825.3530165440193 265.9069349268728;73.61976624829788 351.4246909681129;504.56568254861696 382.4933264661216;-108.93312224204146 655.3831437858366;-312.1907096902986 53.32066317351432;-89.82621655642389 -544.2833098900418;-622.7374881280683 -213.84859140198577;-388.83086571447166 -697.5823045151091;-863.2527514905466 -489.23637905309204;825.5382755289828 -424.37339815108066
1000,12,28,PF,1327.4845119573583,173900.18733226953,2.8793503537666614,nan,3030,3030,0,0,100,0.0,1,427.80365004171927 -290.6738255559929;-674.707493649104 568.7300038786146;-885.8071936561877 -169.21901252829986;51.02967429205284 847.4563144895633;-129.5557815627701 261.97990640880977;-687.4884169856776 -581.2792699633571;1.425103260651543 -832.1473284853938;632.9057891389906 485.33152733773613;-423.4260602078637 89.1770263952288;961.788501404072 178.82251475273776;57.11449154835736 -157.09543595808793;471.8570785180839 820.4163839724253
1000,12,29,PF,2104.2300687430834,173123.4417754838,2.8793503537666614,nan,3030,3030,0,0,100,0.0,1,98.65134654583497 147.27645472020419;285.8846292517551 508.03338290843675;-395.78796947846166 -873.8771850332535;-383.4042972545154 -4.524269078283592;-737.8169576581607 317.7876064808099;554.4807537974052 807.5804327241935;922.0742962813839 -52.387994618503186;-838.0523659874389 -216.25268720856837;-65.59797421128326 521.5697502025256;-703.9812060860118 -628.3171784571525;-393.485739596782 854.0001899312851;757.1269898952565 307.6866390518913
1000,12,30,PF,1660.8088668741402,173566.86297735275,2.8793503537666614,nan,3030,3030,0,0,100,0.0,1,-286.83588207474605 -164.13664769317364;99.37852574543108 -198.7809866706865;-837.5382463916527 -461.86476636718396;-982.6917650677606 3.894484593169512;-800.834869605576 255.385414999251;479.48577823895204 -487.8529476870234;-157.43138689926212 -588.7503458952568;549.1219423214584 365.9953248966722;-155.0265748937534 186.4096417928884;-340.5884743105765 774.9035011204285;108.99842510121631 754.7919409834423;791.3105832937049 -362.15955619687054
750,11,1,BBO,3179.2075814839336,157446.15827572404,2.9470082333333343,nan,3030,3030,0,0,100,0.0,1,102.72220995255111 700.563957278885;-265.27598061724467 -627.8521292702276;155.16800877669198 -701.514556246605;-651.2083003394432 297.51828021664596;-177.45149103007452 -224.19475823294476;635.4507209443871 -78.0388261995272;348.35997796984793 402.17650002299706;377.25667798044674 -472.06626628323914;-169.40657843868428 459.82883749460007;-427.6692739190017 -41.193376324623955;-655.02236260896 -319.6918315129317
750,11,2,BBO,1787.7896813306434,158837.57617587733,2.9470082333333343,nan,3030,3030,0,0,100,0.0,1,-449.2764817508079 -191.897335288338;503.39770785198766 203.24684548596008;-206.28893427208175 683.8527466101373;-642.6184185528712 96.38756792410913;135.73148717051004 221.24735298316227;737.5520434733237 -119.64491851540402;-434.99036264845176 414.0896555692707;-211.98821834000853 -642.6930849051524;363.5251908632331 -592.7486068370697;74.61195803833402 -272.14671635563775;364.72341657433935 541.6064526966798
750,11,3,BBO,2087.7359970117686,158537.6298601962,2.9470082333333343,nan,3030,3030,0,0,100,0.0,1,-40.093129195070105 719.1718745972084;312.80273219377113 -254.1414707487079;-238.71668528307436 201.29001206942587;-294.62162887994344 -600.5113084584093;-604.4540380778543 384.41104166364494;-34.15175981375944 -330.2034089225935;155.97349842318647 269.86837834865514;-414.14077970255613 -250.90255115352312;484.36502001041526 565.8307018971814;182.7355473310464 -630.8056878888406;460.1351964051355 57.15795635085021
750,11,4,BBO,1744.4115263152926,158880.95433089268,2.9470082333333343,nan,3030,3030,0,0,100,0.0,1,388.0107535468949 514.6611723260435;-542.2771311039417 -97.91679303880824;690.8472027655203 -72.61066547067594;-50.89548535173685 731.4869117858816;-353.5004432923051 465.3026480785827;-130.5113638136512 -188.09465965083268;-388.3571665142039 -558.5414221403528;-680.8170323337749 273.37281812022786;313.12318257114 -310.56958658724704;132.87974239103778 119.79520293111887;105.29206984756752 -561.9332755742561
750,11,5,BBO,1314.901509996911,159310.46434721106,2.9470082333333343,nan,3030,3030,0,0,100,0.0,1,243.59044330790528 669.0448036024243;-698.9230369355085 -200.3985491764122;262.5111984082771 -459.4943200863013;604.247925625745 -302.2845136162102;-380.4358347963395 559.1270360337094;36.06140234251325 -21.74293551891583;-114.19909087300653 -405.6085117899991;-659.5590051595997 326.9532243786714;-393.7474784141848 -585.3311529936009;729.6596351769929 81.24337641223315;614.3740965461748 379.2555516767716
750,11,6,BBO,1882.1699650971277,158743.19589211085,2.9470082333333343,nan,3030,3030,0,0,100,0.0,1,68.01559356180019 -185.1675264334267;-552.9526613531451 406.0219918418036;225.03135115471616 -679.2758142044695;121.44295429931469 461.52361204316276;-123.51491632271575 -520.9356426641618;701.766305409431 103.15663637695457;-300.4499112836155 -257.67474156142504;-657.1378741417917 -288.6412044335067;569.8321113936549 485.72248545598313;392.23747227569834 -126.70979369993859;-261.731504021082 606.6520893275206
750,11,7,BBO,1752.7113952088694,158872.6544619991,2.9470082333333343,nan,3030,3030,0,0,100,0.0,1,-586.2837149185468 430.53284599097356;409.430879530845 -284.7524061556012;-580.7768871749753 -433.94131650555136;3.9656123852603287 726.3417435168731;-320.9790254250351 667.0707974157067;-265.00786770384605 -644.0593862224703;-478.84802049922473 138.48421292573153;99.62967167077159 -623.3669232505339;239.69681018296512 164.9508508055958;404.09859915954667 584.8019492378676;645.8463136341334 -11.587151331710288
750,11,8,BBO,1743.5044720765436,158881.86138513143,2.9470082333333343,nan,3030,3030,0,0,100,0.0,1,-44.876579835515486 -499.23931618914844;160.26078819103748 -731.227294435217;343.9914340679843 106.92030523370897;-259.6748955066702 164.36142878584155;-351.32596710314704 -238.34650776066337;459.3233690244142 -225.03260148850632;212.90758723080728 418.5544180520028;649.5391330799673 360.223091151262;-562.8223932658191 -482.72427542242;-35.63829945126622 634.6954003566395;-732.5247959275354 42.30986190889189
750,11,9,BBO,2141.6523668163863,158483.7134903916,2.9470082333333343,nan,3030,3030,0,0,100,0.0,1,572.7220446577369 363.02812975507004;-210.09332166929005 93.55121943732661;166.46976892885505 -557.9735472966802;-241.39070179724615 -645.8084117756941;-410.87065612661587 442.2615212950111;312.46953647092664 642.5425866181934;-705.1289212739382 -201.94800455293694;570.6890843646099 -368.8248992839872;725.4401903088187 -81.33964467419787;-391.8348805068718 -208.16415812662876;-130.67527981448154 639.172944743505
750,11,10,BBO,1536.2424759873247,159089.12338122065,2.9470082333333343,nan,3030,3030,0,0,100,0.0,1,62.466918414563565 -392.44696494126293;-641.306982672734 -228.36138251542718;399.21727967599395 632.17345645913;576.7887364160217 126.52008409575353;-199.62137552105366 615.9091415405996;282.9668736630556 -643.3482849589991;90.64185167394692 422.4962690891148;-492.1501176050591 -511.7089000145684;-304.03138188228263 -231.2758302889306;-488.5714598704528 253.133994884691;693.7335870090653 -188.14906963296414
750,11,11,BBO,1814.024230637995,158811.34162656998,2.9470082333333343,nan,3030,3030,0,0,100,0.0,1,-648.817118646786 -272.6800725959387;109.20432146746532 -700.2869953939407;669.5634546169267 -288.00712396310854;-292.2859075783167 34.239344797617264;-459.7003773644094 -559.3411133107909;-282.356796562942 682.729420782209;356.0025694164999 -229.6354023312531;-626.7835575915142 397.6343410627044;506.76840037494003 280.29360083395454;-154.8518296920754 -408.73507818138637;93.59540096766034 495.27168312354934
750,11,12,BBO,1640.5858787888428,158984.77997841913,2.9470082333333343,nan,3030,3030,0,0,100,0.0,1,272.1666819250232 -672.0277127219226;124.39517298501494 -298.0072969677154;-376.115945607613 -604.6884267285334;559.592291308338 464.0591900300203;-84.22273433028818 98.1763756864616;741.864714753231 54.230452106409075;530.0576195802962 -366.73349392587255;-584.8513162785354 46.474741906842496;154.47182196200288 540.5408743868395;-468.4711540635792 411.5927151526869;-241.70154138617522 -236.11262083674296
750,11,13,BBO,1861.4120463387226,158763.95381086925,2.9470082333333343,nan,3030,3030,0,0,100,0.0,1,-218.63395817601042 -708.2230290864837;-105.58453831357531 641.632294015021;288.340460513303 636.509696479081;519.5249112904203 -270.2727812076434;-677.113993081178 56.95405575145435;180.00640321033563 -663.3925533337869;167.1412213170903 267.174365737054;-218.05602051654193 72.040800400497;-469.92722292074416 -492.49229269063716;-17.929308588863023 -207.2073558706104;-483.2820711074628 562.5253711817197
750,11,14,BBO,1879.0622488481167,158746.30360835986,2.9470082333333343,nan,3030,3030,0,0,100,0.0,1,703.9809650326306 44.88612408711947;-447.04800728201326 -580.370236159953;526.1885941873384 -456.39631283598607;-709.5864987245094 14.58907152379686;547.7389035450533 442.2290240889679;-141.21865104467747 -673.829250386239;-109.75634541727572 706.9144808746253;183.41734770260166 255.95119961532066;180.87798606114222 -711.3497048464747;-100.73050662687706 -237.61377685330035;-364.1675112175447 394.1516695591272
750,11,15,BBO,2217.0236600813514,158408.34219712662,2.9470082333333343,nan,3030,3030,0,0,100,0.0,1,-75.01595706187106 -248.10921060452887;447.8275937076196 288.5009449569775;-286.5799680551896 -690.6621798342112;250.36147548635336 -25.807393914187287;-339.8916393679172 188.6141404829882;-574.4705800620724 -357.6335641129582;448.7290447238313 -414.6772411181214;-71.43014234398163 682.2500307224191;149.54142276815037 -620.4276796560657;-508.50185072975523 514.102795574626;612.9976111222438 -59.34292767361876
750,11,16,BBO,1719.5940001109266,158905.77185709705,2.9470082333333343,nan,3030,3030,0,0,100,0.0,1,257.3160073846158 -667.1442950296888;545.3870937991858 -335.96053737978;125.71211248019483 170.6705477176048;-672.4340286804888 23.289332011837928;584.4690604658217 348.2308822596642;-99.57062093281547 489.2927441076033;272.02261248163336 628.7605826216616;-236.94985131517706 93.72986752348629;-507.2305973337496 446.54966767187625;-105.70785393953338 -342.08807362303094;-465.93390411966476 -583.5167027615752
750,11,17,BBO,2108.4795327702304,158516.88632443774,2.9470082333333343,nan,3030,3030,0,0,100,0.0,1,-552.2440341775318 -295.20102224059315;-448.49547052621836 369.48032341434646;-6.175983886438303 -697.4600838463737;531.5746658797166 -51.220875630988985;695.0909290563136 242.5365120726501;244.2917892609487 705.9775337183464;-292.5519131918873 683.9585792340195;-222.88942928480196 -433.0012540388492;649.3516382360403 -344.24098743335855;310.53673579679 -664.6525376128953;151.2280223200429 -250.03606831614837
750,11,18,BBO,2250.185860752623,158375.17999645535,2.9470082333333343,nan,3030,3030,0,0,100,0.0,1,-546.1760367249973 469.470937932801;-15.166595524454806 -644.0030522011845;172.44766414292008 176.31437321677788;154.60101126181712 -294.00440005992385;-112.42759138563622 379.9144333404249;437.0072332546988 -603.9682533730627;308.344196577081 622.7467661984704;669.0687670673465 -57.7026167530272;524.5137570859952 400.44160754769564;-630.6625262821312 -274.0892457985797;-263.7904156584405 -155.98867671241123
750,11,19,BBO,2024.7817506398715,158600.5841065681,2.9470082333333343,nan,3030,3030,0,0,100,0.0,1,277.9878463366722 -185.57704073920684;-313.38705578723665 -656.2521336517018;-323.1683178483239 628.0832912555252;498.5187609447778 -492.6780501290152;142.34416366459607 166.96404983143805;-89.03356998907304 416.3783321938665;636.8892758409966 -35.935840149781484;-671.3982363117925 253.04763558736863;450.43388169637046 440.76568189210866;-534.3887891678831 -178.26301316906586;-121.31222585295677 -237.39844499618573
750,11,20,BBO,2469.2040672375006,158156.16178997047,2.9470082333333343,nan,3030,3030,0,0,100,0.0,1,-425.3212912355589 -405.2807401379864;143.72266596076565 140.7042446684252;-572.323763101971 475.3569125015929;34.67761404533917 -681.1937244515823;-679.9873749464903 -186.20458024433333;624.3710072834026 333.1521452505847;-349.6284259758445 223.74497830530538;154.05451786748563 721.062492573619;-51.194166360536315 430.36979485373286;398.2657174924432 -259.35414262088193;-125.61260702755476 -301.4712042021174
750,11,21,BBO,2030.115253396798,158595.25060381118,2.9470082333333343,nan,3030,3030,0,0,100,0.0,1,-301.5353423299534 -609.4603008265569;574.4670820122819 -379.03124433751196;449.7224327600809 -37.0177701744052;245.15262294633726 459.5370211307984;-591.6705184918737 409.7783599599893;-471.74788814200286 -329.50877903942245;-152.1525789016223 430.65236953409703;625.8242801254473 221.9981379767679;221.35848619776039 -706.5430626923771;-700.7304969192013 5.091866141573178;26.333909567944147 -112.54846245627459
750,11,22,BBO,1754.1976186303946,158871.16823857758,2.9470082333333343,nan,3030,3030,0,0,100,0.0,1,297.8556231226678 -380.96733849407434;-646.2572978694864 -337.52340951384616;444.8065156300388 127.07536864526776;-176.4730632342654 -562.7896606286292;-304.9538715675936 628.4954054526754;621.8995250088644 -404.27416752624885;-556.1633835807598 276.7924460352931;280.3735018031 690.4555711313894;47.74093833495385 -21.844507086657586;-325.1657701363025 -69.20619443697012;-125.61073685315318 241.52621764308628
750,11,23,BBO,2377.2271173768095,158248.13873983116,2.9470082333333343,nan,3030,3030,0,0,100,0.0,1,67.73233761062 -711.2620702291085;-346.1178479814035 -662.636376617842;-1.6529563936724117 128.19165114492273;-517.5943404142702 -298.49109448551474;454.8151511055087 427.88713238660443;640.7296814400522 2.064412776221957;-132.77217828951746 415.88548153818033;-166.04005914373 -289.02866911772946;-415.71950855013483 596.9496978946995;-727.6137628164736 3.964185601852023;284.68773551135996 -299.9361983032558
750,11,24,BBO,1730.5564694082714,158894.8093877997,2.9470082333333343,nan,3030,3030,0,0,100,0.0,1,-56.291302296913045 -350.80711313063716;515.7721130889418 386.3221214926848;-323.86369435344653 223.1530942684077;130.1773621597663 -632.5183146296645;-180.83724981479213 607.6135921028933;-484.5121145426723 -135.8684677021505;204.1616923652325 481.0880812537614;694.0064452977176 -223.1118578149559;-357.8314096546078 -547.4961323949108;467.50832751589155 -462.94454091602563;-713.3519776592809 215.05213414580817
750,11,25,BBO,1231.1668154441286,159394.19904176384,2.9470082333333343,nan,3030,3030,0,0,100,0.0,1,-571.4601612769161 199.98282946811526;547.0545127993546 449.1269334277399;-687.8687615453712 -118.031051567443;278.92155124783085 142.19896930850052;698.6010527110031 8.576851697853385;-330.7210877308389 -580.8739385021842;217.9848106591469 -655.8588574941002;538.0347535452588 -413.5840945764192;-353.80947028595597 640.7510276399241;-63.832854169863936 -218.14329650024695;-4.6500980172836535 734.4424629979242
750,11,26,BBO,2042.2891608916107,158583.07669631636,2.9470082333333343,nan,3030,3030,0,0,100,0.0,1,686.3266984257418 123.39719087013668;-129.71766245341973 -664.005316046193;-8.975110791280144 33.46234475857102;-648.0583955841531 -303.0425116796583;223.29694277139845 -656.3734661315692;105.12741921107283 -301.85746668859866;-245.97281187287024 670.3542869586904;-620.8179715034846 382.5564932953114;-388.4173749569459 -480.5222062625122;155.70945146865972 384.1755782402108;529.3931874940401 -440.0670233042897
750,11,27,BBO,2389.5492387287086,158235.81661847926,2.9470082333333343,nan,3030,3030,0,0,100,0.0,1,-50.5399655427899 -504.9492924018468;-225.802438838851 -142.26214646587755;-652.7769798932075 -132.48684872366778;-322.709897564001 -664.385392236963;378.22228109930234 -511.8248627332;-542.5427560649941 -447.4840649731045;184.2027902244953 -147.77777571352703;244.20325229706725 685.9546332493614;578.0882135559082 50.84533470531062;-51.04885199599789 361.7271362102915;-345.7267170661165 551.8016675137771
750,11,28,BBO,1664.278191790043,158961.08766541793,2.9470082333333343,nan,3030,3030,0,0,100,0.0,1,43.16714442822229 -556.5086233481419;-600.1096172632135 -424.03302754148945;439.34037626564964 -407.8552640563622;-576.9456750491589 404.6565367552146;194.39380826690285 -114.27872578721895;686.3712287352685 -28.067845972808072;-744.0541783092928 -33.813925789875725;300.8213343947125 662.0848990460051;-193.454361900633 329.6066797193837;-328.5317671109447 657.6537340588152;497.20607987798985 250.328877717894
750,11,29,BBO,2398.6264289390238,158226.73942826895,2.9470082333333343,nan,3030,3030,0,0,100,0.0,1,577.7003330353073 383.52223939126884;-651.0433363603105 -366.7498147528829;534.0767734219448 66.08839536033133;351.1891306121231 -293.18509851811893;-127.49681948786713 73.10442443768272;179.91030994558844 107.15042698084869;-554.297017530245 368.8813199818685;181.15067453411893 -644.2435561866897;344.7033208018304 601.6125452751817;-196.20369153131253 -688.4107233134572;5.150516586428694 -292.8233144829208
750,11,30,BBO,1662.4348402381584,158962.93101696981,2.9470082333333343,nan,3030,3030,0,0,100,0.0,1,390.87477287460115 -600.2571374034756;280.958662721667 623.5071371348602;-541.3229907076325 376.5077612629402;183.07140306294764 -15.360606453003697;-26.970985862498082 725.2673036902263;455.78042737634405 223.81089057326938;-117.90673005235419 -241.7579467640382;-541.4505591460613 -351.8238377336389;-741.3254471612628 -11.43553375696672;-237.5745363649778 -571.9083131458157;636.7670004715617 -336.75718803694457
750,11,1,GWO,1548.0703712230315,159077.29548598494,2.9324262529000027,nan,3030,3030,0,0,100,0.0,1,190.88242166489565 454.8748228165403;-146.12533973483235 -510.88203234944984;-365.3541527325476 -3.570785180056179;-580.6901602343845 303.90413992725075;-143.60339872344358 329.3784847376826;663.8906284979147 304.6952840229499;192.80605526022373 -569.2947283494058;10.940945057398265 5.4142290720623265;445.00455770475713 -9.715116511501572;-635.8919488570797 -342.88640823729435;-331.1105043242119 665.4873147909425
750,11,2,GWO,5072.730459159589,155552.63539804838,2.9324262529000027,nan,3030,3030,0,0,100,0.0,1,-736.5681080884232 38.58829355359281;-1.018310910462707 307.9242364773997;-186.071561042715 -335.73200938131555;206.59551781671667 -0.3805101198048239;-532.5501190163159 354.8277971816107;2.0648901775528494 738.8003125206488;-276.69380618571057 581.9966204144565;245.2240493252938 -483.2087382755476;-293.25679220448484 -16.74487448289626;-209.2517773428906 -712.5850975588464;737.9447522290496 5.115438287021009
750,11,3,GWO,4042.55730575489,156582.80855145308,2.9324262529000027,nan,3030,3030,0,0,100,0.0,1,-302.1605269697388 427.8100021917947;482.58859781742285 -16.42801324647961;386.0582931786855 -607.4996421132386;-536.0501588264698 -277.77242655800256;41.49290561175726 405.4987439859389;33.687447310101675 -498.0148795521839;4.095626968240259 -0.33833679779767417;-312.7564570807777 -617.7236712867175;-740.1188472430528 -2.2212884841781944;-374.2798843312596 52.280728290830275;-64.30944224151229 715.6442000276102
750,11,4,GWO,3481.7465962230344,157143.61926098494,2.9324262529000027,nan,3030,3030,0,0,100,0.0,1,466.4782628237888 362.41960913786096;257.92377355766075 -186.95603141484602;-343.54612437472343 -73.95676570573748;-14.167863629584815 -0.6194272392719472;-217.0935823997895 681.7696986713662;7.258615676411161 -713.416505203375;-511.4977081916931 486.19608830228213;-148.16255481103724 -370.2033850381368;-706.0870735550492 168.3753952959543;641.3672245150143 -7.299674453878929;-16.059277120252123 445.5224846586725
750,11,5,GWO,4411.995654537721,156213.37020267025,2.9324262529000027,nan,3030,3030,0,0,100,0.0,1,228.21656750439362 -645.141904818416;-527.800158115774 -321.6341483270025;-740.7086196550626 1.271317305825318;6.588263115723435 552.6668104350941;517.4514612785723 473.2809909498237;224.52153812067698 216.73167267592248;-29.016719682019822 -344.3347769480315;-81.62461425889099 44.9608531890835;-396.81473715457105 -12.1131078576179;-97.61298063549039 -710.6627888217687;673.4226952799281 -24.70310376655405
750,11,6,GWO,2436.571080182388,158188.79477702559,2.9324262529000027,nan,3030,3030,0,0,100,0.0,1,520.6974915116524 -435.0241516449062;16.21692329866636 0.7425882137162302;210.16101285796321 -717.7517169017177;326.97753522181773 76.26066791093494;-542.8034930854259 390.22045395138974;-50.38729536721154 -376.18506583067284;-2.802696995788453 513.0885719998998;520.6576328040946 454.8662409152742;-694.4278752604018 -1.5190855378843853;730.8572201398384 -1.4976772954432491;-332.0910866535838 -16.573262625791315
750,11,7,GWO,4549.034676151292,156076.33118105668,2.9324262529000027,nan,3030,3030,0,0,100,0.0,1,-197.6491015580334 716.9506377569555;702.8190539877565 -1.0975918955173967;8.951561778548054 400.4806312944836;-587.0914710569559 -37.633532381310914;23.651256588877132 -390.88733395430637;-36.47295799266477 -18.34709710182118;0.6646852082662282 -737.1992981177806;-346.70691368399133 339.1283147110967;-346.77007326991435 -424.38359385563416;340.8034892495167 641.4765319691631;322.7859668202848 116.45611544664813
750,11,8,GWO,4206.685615956114,156418.68024125186,2.9324262529000027,nan,3030,3030,0,0,100,0.0,1,31.835886340979375 -19.052569128063613;347.9713700802154 9.35383783694011;-663.640126030979 -282.0994189139797;-30.698745972681042 -735.0913331882565;384.44312395911834 494.50269324163577;-356.1025337462986 64.6122688515337;-324.81616968353256 -589.8513573375317;-131.02297239006154 330.86874393185946;-0.013417864685340323 741.8627369056397;-9.943589073639414 -371.60684547607747;719.453587793782 -4.093676500116101
750,11,9,GWO,2245.52558187829,158379.84027532968,2.9324262529000027,nan,3030,3030,0,0,100,0.0,1,-142.91435422712615 313.4764540738711;-247.71187892551453 -435.4838169703367;-3.8051600443278795 -65.51033232514014;33.08843709465208 -746.5687259693386;144.04655708417343 735.2317453227984;500.1976052878317 -432.2678148799675;710.7543233759365 3.193329642846148;-452.4450695279008 -52.10140372148235;146.0905357073708 -396.58236825483846;365.6103667758145 -66.38405676643201;552.7819147740752 465.0681396506562
750,11,10,GWO,3249.8859451570315,157375.47991205094,2.9324262529000027,nan,3030,3030,0,0,100,0.0,1,26.608845095265522 -705.9881708063417;43.41298784823167 742.0582096401071;447.5390109668968 394.13234817374;-378.04701769956324 431.36548067078684;-224.63219206946306 9.449536948089412;-375.94822245320375 -393.469025187584;690.0586013081042 34.02295812458709;-1.7525907607368503 -249.98384677604713;88.63199148932542 275.329211802581;-703.0940233056598 3.520559016586004;280.71576712867596 -3.364680937556006
750,11,11,GWO,4635.633066708775,155989.7327904992,2.9324262529000027,nan,3030,3030,0,0,100,0.0,1,-263.90209519271326 61.15926021545122;57.519419772770185 -744.863296190436;1.4746754139344693 -162.6008335125421;-286.83247207423415 -675.7144680147757;-455.01722880660924 -299.603126848833;-0.0730555869584378 260.43090391773353;356.79818866669206 445.68269079232664;350.98007134788526 -371.22913239805376;0.11075543529687865 748.5354117113066;-719.0853910310657 63.519565531445444;588.9622018481884 116.42833648078
750,11,12,GWO,3287.1051177883637,157338.2607394196,2.9324262529000027,nan,3030,3030,0,0,100,0.0,1,95.49744610814928 -740.2190359569169;-117.21363729585998 443.75606357771306;241.22837501635482 -295.37120497322184;-470.12400053102994 123.61789662386605;-690.0577890992698 -127.23244384926636;-264.8207445500023 -399.7617222874413;80.9047357848858 728.5743768763815;-19.72071543508623 -74.8485022589149;327.70251224228775 125.45481023253205;465.0951832660958 550.9168861976667;660.8284588259821 -29.39203060181247
750,11,13,GWO,4487.775106261426,156137.59075094655,2.9324262529000027,nan,3030,3030,0,0,100,0.0,1,5.074378752746626 355.80844360007853;-313.6025652890421 617.5435448158634;66.82211395098479 -372.49137864030695;-383.5077759900393 22.672835490141342;743.0010085246644 0.48212782679661953;597.3611017360596 391.3321002190672;-68.07052837133405 -702.8063517053924;45.31541777585122 -42.71742631485308;238.3579998478837 623.0207583986282;-706.2923671741054 -68.61037259611011;413.68165935455664 -6.772234717368508
750,11,14,GWO,8762.322214062617,151863.04364314536,2.9324262529000027,nan,3030,3030,0,0,100,0.0,1,-45.74907541516607 350.2920520395578;658.561967895487 -14.227027230599466;-0.4454613838964469 -327.8756297889349;36.15787956155274 -703.630724174678;-541.8876263806254 100.53701843428053;313.83998209380513 20.57330432312683;355.99174229546776 -524.3217525742554;-183.73482771255394 646.4044063187704;-265.24184610511634 -562.8470343215378;-48.462604069953564 -12.796415389351054;-387.90578326634864 -178.37093294514008
750,11,15,GWO,3954.7482931586856,156670.6175640493,2.9324262529000027,nan,3030,3030,0,0,100,0.0,1,142.72739954458214 -356.17131442972163;316.40808625433965 158.91116255295273;-379.6706077252068 637.1965002036208;-36.66771496325931 -735.0319985405634;8.584259569007209 741.1969458932936;-726.4623653657336 1.617778002500474;-76.80062477494104 375.4300166593871;-547.212745097335 348.21896193674155;626.869307939347 5.952342609256855;-397.66402858123575 -442.2121589180346;-44.96687388979521 -36.32677710146978
750,11,16,GWO,6238.455264242191,154386.91059296578,2.9324262529000027,nan,3030,3030,0,0,100,0.0,1,-235.60367219930285 -542.8957037994281;-290.9122811349253 -9.97029051534583;-92.31501836267411 737.7929283726038;-0.010020825154682294 327.1889990551506;-501.58633039396096 253.33419817975323;22.75774614404891 -2.024618026552641;177.24089015853642 -296.12294539021826;418.3220579848224 -0.308380697855741;-742.0762291824649 -3.2046769595682516;485.8310105135224 -373.0885893711541;-512.2716654468553 -405.79182408180804
750,11,17,GWO,7225.13895624291,153400.22690096506,2.9324262529000027,nan,3030,3030,0,0,100,0.0,1,749.9172692254004 2.0363611023414805;-2.0668719722701856 -528.0805370132061;-8.767072510517643 749.5201925304231;-173.09954399926457 165.84618638131153;433.1475678571499 -3.427147685896531;-749.5272235865169 -1.4412206928855216;-23.858607387676173 437.1268795404961;-4.197273707457488 -112.78399216012731;-313.8561247787711 -584.528643546437;-426.5219679604655 -20.136280076442812;163.25972035970324 146.7773505294083
750,11,18,GWO,3787.3412900345575,156838.02456717342,2.9324262529000027,nan,3030,3030,0,0,100,0.0,1,-339.520624555741 -663.8925391461157;-0.38182703981228433 -749.6660263457096;-687.8694424835384 134.00150894843406;-321.42829082578857 470.4902343005812;514.223838839782 417.61506707126773;11.405160720800701 448.91338491452916;322.4360826598865 2.282156833411412;20.602824710770594 -417.2214551424839;724.3243897235692 -5.0478099522253395;-5.2023447388247295 8.105091046768782;-423.78338612678317 -50.4010667149905
750,11,19,GWO,2453.2265902287036,158172.13926697927,2.9324262529000027,nan,3030,3030,0,0,100,0.0,1,-1.7834624894899251 713.2277213583856;-376.2200696881975 -17.20813390132306;-81.44507880518368 -436.3462827668216;729.2263149979677 28.84245687341966;413.8656933681512 415.1393354193508;-724.7964187063548 112.2442690057823;614.5415183294796 -285.8960743334994;287.79594771696526 -404.06636778429635;-1.7379775229448935 -10.633144594869483;-424.11088235086874 521.2430658764291;-481.9952824333421 -517.4655815878015
750,11,20,GWO,3796.6713764799642,156828.694480728,2.9324262529000027,nan,3030,3030,0,0,100,0.0,1,677.4094594538782 16.090450686791;-55.44263928147135 -674.9549617329509;-60.08888013382583 734.2774106362954;-36.26364254197352 353.8935326504452;364.18293351481196 41.076938507682286;198.2633760195895 -295.1646145892168;-411.4668330317033 -408.94370947674224;-11.864570698291068 2.4174401925731863;-408.8331281473383 332.13464288185673;-632.1772524479944 -2.4900712804011182;547.5490897967057 375.5052458309929
750,11,21,GWO,4520.041487328679,156105.3243698793,2.9324262529000027,nan,3030,3030,0,0,100,0.0,1,-690.8854828889525 -192.49036716549915;3.5270852575393383 718.9284550714301;333.1718137775548 560.9967004923825;-276.6092961202143 404.0154681841446;-22.167588959071846 118.4699941901718;5.645309259860798 -747.590625442995;-631.0736050243161 334.52588156024655;571.8296534583163 -25.34137603989929;-2.8311840579223806 -270.3076205049105;-396.5922073293143 -545.7072131144445;-310.7593335464506 -20.24747932308378
750,11,22,GWO,6172.822019244515,154452.54383796346,2.9324262529000027,nan,3030,3030,0,0,100,0.0,1,584.6085988621968 -9.397463838126718;424.0805974529899 -326.74220882334976;-1.032064687072763 414.78413709968436;-294.3483083606846 -62.25645797836669;-267.4888395870665 651.3540137658663;-712.7158956640463 0.6426597484771372;-490.1759787364933 252.5374013857212;-418.55683518934796 -529.7640647426445;73.50156869699444 -744.4807861377076;20.11168010289826 -17.31229314000622;6.006464405378814 -401.74246082120385
750,11,23,GWO,3680.550788787077,156944.8150684209,2.9324262529000027,nan,3030,3030,0,0,100,0.0,1,711.5980662877287 25.775744295327623;-623.9169902086876 68.93928679736979;-274.32904722139716 -5.081891402221053;443.63849671957223 464.88022333390023;10.763833553221422 184.94673124510612;-15.989879355153 740.6866971928939;332.60330638188765 -620.6457558155015;377.085142110542 8.515357661149768;42.132944327708124 -214.985432702361;-436.76718552801145 576.1801480400429;3.242494729702566 -686.5298926658697
750,11,24,GWO,6246.218940278399,154379.14691692957,2.9324262529000027,nan,3030,3030,0,0,100,0.0,1,24.355076967727484 420.18133883526644;555.15210185938 0.015037476015993085;-14.05627929823237 -238.01846262383364;44.40388843248123 86.45380257043904;-166.21687965790366 -561.2156263577958;330.2443838838348 -279.669010644541;666.6761136056667 -337.5761508326243;345.5961086104619 245.31059775535286;-0.6498481896130545 729.9194482098245;158.60846401079627 -574.6145130282633;-357.3531475433853 93.7990851059141
750,11,25,GWO,3332.169543633674,157293.1963135743,2.9324262529000027,nan,3030,3030,0,0,100,0.0,1,-6.982426150860904 -345.4819396164273;340.09564393131393 -512.5269398412561;-357.94787122879006 -470.1616161045138;721.5191432427795 -162.86118904529795;-351.5783818900582 447.57273502926984;375.6701459431494 -3.3369201394362205;5.342261465229915 735.6111827986547;512.8956754227507 374.4074469608566;19.44501087524253 5.665518062883251;13.430384041563848 -749.7262449823953;-698.3424015317569 23.123251922276555
750,11,26,GWO,5247.228461525607,155378.13739568237,2.9324262529000027,nan,3030,3030,0,0,100,0.0,1,0.5321466349321451 -33.4863291009009;72.07692477786811 -744.7717259661457;611.5915542204149 -42.063127143374714;-3.594158344182033 -373.95669047652603;173.11566649046713 245.27831606051242;390.37836243756425 -514.2100797392699;389.4236243048704 554.7925900348363;-386.0209397381966 -304.3049831449121;-39.818147819929536 694.5183037997309;-712.6508875745764 -1.8832324742110034;-310.08973217274183 173.10773056279677
750,11,27,GWO,3853.7081208999152,156771.65773630806,2.9324262529000027,nan,3030,3030,0,0,100,0.0,1,248.10063459087618 -47.690271111362726;5.730291076595093 740.8310496221069;-0.07004010627864439 -693.9541713932849;-121.65595833309659 -357.2623923287885;-374.1879445686768 482.68068966162963;3.179895098195335 306.333244643763;-98.57577210168783 10.677700232532237;439.37222423288546 279.3630171297179;-596.5861768624058 0.8281438616821012;716.3789202202335 13.462101437565012;402.3787821975224 -368.6004873081486
750,11,28,GWO,3780.794856213004,156844.57100099497,2.9324262529000027,nan,3030,3030,0,0,100,0.0,1,-251.41126275162256 202.9424415908392;-0.35091145119656525 -363.2898781805498;-3.955822898997629 -749.3271603736445;-430.30589581740793 -438.66515005906746;52.35819326375897 -8.239680882128576;-642.6566963403064 7.4660714489334525;28.45277879483149 736.1871611468517;-420.1198904466598 565.1589764421519;345.742939826204 -366.65127806873437;498.31784250541705 31.719803666776915;626.5328378244027 383.11913981132676
750,11,29,GWO,2117.9764479033765,158507.3894093046,2.9324262529000027,nan,3030,3030,0,0,100,0.0,1,-438.62817102077435 400.53774065223917;-89.71728318571128 -312.4038328779833;-712.5825305996872 -16.962649426084994;235.48940053526678 -698.4274189367374;-294.2832612293319 -1.4172197344008934;735.0981361649207 2.2511488556461576;-2.8070947818837433 196.67011311567262;294.0632546010923 2.06765778958871;520.1072794701257 -318.22702678965464;522.0499446801085 437.0661511806202;-84.21325256634692 732.6460826683366
750,11,30,GWO,2972.23820729414,157653.12764991383,2.9324262529000027,nan,3030,3030,0,0,100,0.0,1,-643.2105077043284 -141.23970529171166;-305.7542884399008 212.82403655661233;-19.475699905914045 724.4922614782548;516.2698981772451 322.54542544302967;361.5970260099698 -127.962424210562;515.6213223436448 -468.7293809683827;104.88597386793867 -502.89447920056244;26.237907951508163 66.35465907524633;728.9366030565983 -0.5403149542666489;-381.60769437618404 -322.02209295847314;-188.45395657341464 -711.6609932467469
750,11,1,LXSSA,2125.2833502508,158500.08250695717,4.466139358166667,nan,6030,6030,0,0,100,0.0,1,-311.86019176981154 -172.7775593803579;-338.06390367025847 -580.9726773787246;233.13666505231586 300.5481037536872;707.1679532816738 235.0850197003395;97.12315947750744 678.177090813918;-5.699890143825928 -69.00886827502354;208.44182265536506 -407.54550820865114;-669.6445540138994 -337.4811186332802;640.9892513630565 -313.817433028498;357.5996125066306 -96.5102377427406;-314.5629871060954 584.077356102042
750,11,2,LXSSA,3334.377552818507,157290.98830438947,4.466139358166667,nan,6030,6030,0,0,100,0.0,1,573.2020300725895 -479.3927822842069;-171.39584652764918 -552.2154856065762;373.51196535813943 -233.40962016176903;145.7731581184831 4.773446558135634;33.0834162645077 -309.9630063108491;-167.09371998313148 561.6258566905714;-569.6446699371029 198.40372819615476;600.1989810708851 12.652844996266513;-519.2613287026302 -531.1949405974835;157.59160521781308 484.51701550921763;436.1559362150648 349.6003323910833
750,11,3,LXSSA,3459.3847693022108,157165.98108790576,4.466139358166667,nan,6030,6030,0,0,100,0.0,1,61.34494014255948 584.0406269331421;-5.011956217368512 -271.22084693721456;572.9764996592539 415.2714229763497;363.1114600778683 -466.30896758030343;-319.0133167020812 674.3458328047097;112.30556747944324 59.04281413147545;-574.3766886526463 166.90268822737684;-34.24037179603007 -656.5808633516059;495.4150676371815 -188.0672858672904;-172.2224586425193 250.6946588851783;-300.7626269379961 -472.14383179795425
750,11,4,LXSSA,2328.921663705696,158296.44419350228,4.466139358166667,nan,6030,6030,0,0,100,0.0,1,-350.6498902304118 653.8254282707479;725.5754694584784 -103.89388659358605;-265.5480166962026 -682.8057227776903;372.00122195631207 61.14618679581096;471.4814170352733 489.2692169169529;357.8623499346856 -444.394335208099;65.37505507399251 563.101320246632;-603.6699001707984 264.70723872693003;2.712265268046405 134.42668039508115;-457.93272443147447 -165.34541767326692;-161.85097822071467 -378.4432085449845
750,11,5,LXSSA,3874.037334582157,156751.32852262582,4.466139358166667,nan,6030,6030,0,0,100,0.0,1,-569.7362698382718 432.5760002042974;-428.35327607439706 -587.9027058569458;-69.78396620561907 -342.1017661225075;-31.876631525108568 510.3021343154393;245.9056150934763 676.8772829207743;525.3772344375996 -35.385048055515384;556.7698985200919 411.16848287260086;256.3041368560563 -321.9417101018388;231.7970809767234 110.81577406556825;-237.05935027275854 123.63941393581152;-101.78995780182622 -702.3416062210575
750,11,6,LXSSA,2577.1998786538024,158048.16597855417,4.466139358166667,nan,6030,6030,0,0,100,0.0,1,-340.79576362632884 -565.449216416684;308.85976919615945 210.2345776906375;-477.10660385993964 511.924607906438;-4.7151883093176234 580.0490410637559;-606.1245706400601 -359.3073917152028;-178.47376289411508 84.00077519588253;-746.3116138235831 -62.39712612364845;366.6985732588859 -468.0953224838195;515.2417156261896 -29.70133692091218;-581.7900449900262 208.67554069540074;-41.91773635791377 -333.85481489055957
750,11,7,LXSSA,3659.0866354721074,156966.27922173587,4.466139358166667,nan,6030,6030,0,0,100,0.0,1,455.36471242166976 -12.715988861069752;16.824949339925666 -232.54493357879193;-197.98516074183476 -630.5059423754541;243.50599254549613 612.1873664781626;-540.0482294851045 455.25244509496883;-408.12163921560926 54.37134857024928;-165.67332203730075 264.20573379737584;337.2682946972818 -519.4990074274891;605.2255914134188 -341.1040916364572;-184.16263163805274 710.1896492931251;121.82110317599557 -739.6050556038335
750,11,8,LXSSA,4339.429428468924,156285.93642873905,4.466139358166667,nan,6030,6030,0,0,100,0.0,1,-274.2260193710252 -689.6504304283519;-236.95981935947674 -104.18017393186923;399.55880488755884 -234.19266093513252;-383.49430740850494 185.9916048188746;711.6229024693505 -224.54385165309372;585.2432322485759 366.075507321612;14.713767322125166 137.95785696708018;-584.6835732030421 467.0890643805998;-154.25818409756317 731.1112338867317;-465.83177502517566 -426.1475984813643;91.06846955724664 -226.79283541654183
750,11,9,LXSSA,2470.9937168569304,158154.37214035104,4.466139358166667,nan,6030,6030,0,0,100,0.0,1,-172.84491213244812 -152.48191787171177;-531.9244631095138 -267.2108047027136;679.6954071038684 70.69369271914965;-75.44464532288066 476.4195273209951;569.7613716464658 -412.2565517504282;472.2296569055011 390.1249698427437;-226.31703074126483 -656.7356364506279;-529.410727971014 519.1254598535531;225.7638682775405 -566.2447604304359;-343.28954529243543 242.72830860867361;33.83680027837238 151.85947972773218
750,11,10,LXSSA,2054.590766648529,158570.77509055944,4.466139358166667,nan,6030,6030,0,0,100,0.0,1,522.6956194407775 446.9486612714246;227.25774370604952 141.61696852974615;-488.5223260564734 396.5519762613067;-310.47269230157093 679.1240638787232;-88.75543114548682 -421.563205284052;-303.9028730770139 -166.70696038667415;464.26288366947404 -494.3253470612471;-716.4064565251639 -182.0225304616302;-443.17053535364573 -487.32395092970006;56.64571515324739 642.9473966873902;37.47831185301805 -709.816681685779
750,11,11,LXSSA,2858.565835829446,157766.80002137853,4.466139358166667,nan,6030,6030,0,0,100,0.0,1,691.4291588093052 73.59788560017833;57.95650873498593 374.73747663495845;175.797287555131 723.3808499679525;-674.0874943868996 -168.66382972072975;132.93351836027645 -272.29679296321;-172.2321638369535 -535.6867749284609;-279.5448220877598 -229.96410741580718;350.4237229397902 134.46375637377633;-193.30970916001965 597.9333661407616;-539.0450024063674 -455.4257140313298;-255.17299508624575 267.9556175340012
750,11,12,LXSSA,4642.566273589444,155982.79958361853,4.466139358166667,nan,6030,6030,0,0,100,0.0,1,-166.71170506416414 316.88118090027604;-99.64806151621596 -600.3943306149091;578.2059570650429 -238.90657042617266;384.7678347185221 -627.218908110736;-725.5155811885685 189.5880839522263;-676.6039787814343 -289.05001464466227;323.5337037479363 -54.61845036778908;-405.066155600481 114.42280884047669;115.44032938524175 183.57485425776815;-186.8406808516258 667.3445947208129;-258.814959798361 -324.46690359407427
750,11,13,LXSSA,2823.1429170220217,157802.22294018595,4.466139358166667,nan,6030,6030,0,0,100,0.0,1,510.94231194527356 -295.443363399746;-631.1776613769538 -249.01985164890198;-507.96310814375136 426.5743010865997;656.7460519348049 176.41830129866923;-101.02910780915012 -497.40618873179477;-36.06362431358261 671.6146313198517;-81.9040836214339 -109.54958118788593;158.33947198906665 253.80694938422755;-419.53421119755154 -553.9007127484643;91.95594049088517 -742.1388763394237;-223.29189699923742 187.33441894269197
750,11,14,LXSSA,3972.493982431013,156652.87187477696,4.466139358166667,nan,6030,6030,0,0,100,0.0,1,-128.1527032247874 106.32505472141938;181.00218379698276 250.55163065078398;545.3784882026722 -270.18368415906633;-623.387996175679 -382.61435455408537;-389.39660677677205 470.8300294832439;572.2474262642443 164.71724098670637;-123.00880267926657 701.6148652721835;229.43143492280842 -235.3537469965727;-655.6118923642701 166.34415518680694;52.47103617150332 -546.9759247641342;-152.56792969958465 -256.44175478488717
750,11,15,LXSSA,1770.7917288249591,158854.574128383,4.466139358166667,nan,6030,6030,0,0,100,0.0,1,-295.8841613676841 311.70037218910807;-669.7351965709217 166.17172610236221;16.300009675062018 228.21488026663798;704.9120459448249 3.0683786567391467;-409.4855381393247 -253.80782108688305;588.8497776225951 328.40055113136395;356.9370745499449 63.85018207338296;517.050724493236 -503.486743396054;380.62299810276124 646.0732383394677;13.905617217568429 -517.3395357794825;162.39839061013396 -211.46981955675753
750,11,16,LXSSA,2601.570215719723,158023.79564148825,4.466139358166667,nan,6030,6030,0,0,100,0.0,1,392.3769297832965 202.908045510663;-599.8810258323178 -395.9687573187992;571.2194766267379 -165.87670477468328;210.5156131053471 -337.1538377219307;-402.1831586203555 -131.1626599665761;362.5613619843103 631.8474469894019;-146.32727330197588 -313.26130398873374;707.0227989791806 146.80417629528932;-740.527241558586 89.7161756343195;-74.41362512386593 579.871277076049;-189.3370695500677 -724.7867978492899
750,11,17,LXSSA,1970.80272027108,158654.5631369369,4.466139358166667,nan,6030,6030,0,0,100,0.0,1,14.341681747883985 160.88986166970813;-483.8200930046955 555.6581609696824;153.89464723469217 -293.6589036888421;408.9299877064066 85.44608144526998;153.83235093405168 453.05041650487686;-162.76352224406685 478.04375428334123;659.7683707278223 -321.56479423364993;-690.5317060295286 81.39932300540724;-374.8685450736693 -189.63508325771807;-173.3577847890524 -472.7371551863518;-352.58298007681316 198.0511560906753
750,11,18,LXSSA,2884.131416069955,157741.23444113802,4.466139358166667,nan,6030,6030,0,0,100,0.0,1,181.87282465822543 -257.9733011261016;-284.5218234464989 677.7234462211319;34.01281458519013 49.25559311449452;301.1022506877298 -600.8131643167803;-625.7875624671393 -74.81655107939743;615.6843951303794 346.70362125116554;87.41508057878563 646.6485139020747;-177.60766197669693 -201.27153245526492;300.37782471593147 372.74571687714865;-312.59495399455864 178.39929787227422;-568.6571744737026 439.14147314226705
750,11,19,LXSSA,1465.5578000919777,159159.808057116,4.466139358166667,nan,6030,6030,0,0,100,0.0,1,-486.4040373692549 439.38908053969266;-70.43857259919511 -687.8434691257257;464.1561059233436 -589.1161751207051;-56.21747882597763 503.0357075382795;132.92870277515686 56.43266674084475;657.541055261684 -55.087148257277796;270.9289563810364 476.20803567148386;-697.0772851222334 -226.78322244448094;272.96984906690307 -312.6879152863234;-417.09717507249786 -469.3951626828118;-283.15544795222155 -81.19917856155183
750,11,20,LXSSA,5339.00811926194,155286.35773794603,4.466139358166667,nan,6030,6030,0,0,100,0.0,1,-391.3886257841416 127.11677537742587;27.213608501938054 -339.67883487607025;200.13771811479342 60.42821416575597;115.94300152618709 574.546077203394;-152.9152279448105 331.7829001495961;430.44845593934974 602.9260549565691;-186.83683988240077 -113.46774507690435;-316.3462143202918 -467.84710755270663;-683.2687489407243 227.25579683448754;-498.97680459577685 559.7740999170543;329.459294602582 -432.1783515887872
750,11,21,LXSSA,3901.0613229618175,156724.30453424616,4.466139358166667,nan,6030,6030,0,0,100,0.0,1,-551.186988066583 54.72473020559054;650.5849709095363 -367.09915573957494;110.84567892857056 423.0900083490814;358.2436459984955 -559.7119837858138;132.1191668616897 -238.29660739572108;-194.49751215532328 140.24799932185195;-297.88626415351666 -641.3654387684716;251.6275110880829 123.54564739840387;668.7246637994112 53.371140056806475;521.8689471374456 359.23553251689447;-265.7469164936852 -299.4599116892695
750,11,22,LXSSA,7424.479147169477,153200.8867100385,4.466139358166667,nan,6030,6030,0,0,100,0.0,1,-205.92056702853031 352.7744914817066;31.41658673611975 694.4370407813667;112.75494041795297 390.7466374448796;-13.056519168882119 67.56982046260276;434.10472852560497 255.10049938667524;-505.2235227513498 -554.2959235887066;346.9791926121 -336.91948802747044;371.7363479733468 598.9444828222826;25.202465937639126 -323.46925206305195;-600.4845798418053 -229.38807864036443;-197.64515591358258 -537.9388622737088
750,11,23,LXSSA,3832.770448596042,156792.59540861193,4.466139358166667,nan,6030,6030,0,0,100,0.0,1,338.4669745979279 634.5612730162316;-147.7834163608822 49.36914912133596;-107.9554170205208 719.4947764961179;575.4973511618947 -462.20318741632724;-297.8681438097897 -251.69042403482305;-433.6178248456346 608.1693904793615;-38.076992366922546 -451.5953310661117;25.416761742051808 364.7183708866036;-336.6362856857591 -625.3950125257304;271.88982543010906 -169.80348735372732;-558.4157840246268 233.97649325185097
750,11,24,LXSSA,2668.7733369672496,157956.59252024072,4.466139358166667,nan,6030,6030,0,0,100,0.0,1,378.32652004950444 -420.21947172236037;480.47022772350414 266.29155665987304;-577.0841046955937 -2.4925026291597296;-324.7663304936434 -289.3083937233722;-37.07913659185768 473.4798133674635;185.4819591892067 -710.7624740091189;-188.9003129310083 -718.5311682896597;-466.0194443274373 -584.1088480074654;257.9330710622688 679.7464703119608;184.63436755707556 -6.763976880792744;-27.912260649555527 -387.4716646564197
750,11,25,LXSSA,2020.0316885471984,158605.33416866077,4.466139358166667,nan,6030,6030,0,0,100,0.0,1,-460.8412644181107 585.3862632407455;664.5937750829103 -345.5154550873767;400.29226070800553 280.25853884166054;94.84492864373537 23.376079111920667;-545.1183004105327 163.69291355705667;-314.4883897203027 -664.3545983384886;-12.407307240948684 342.62758879929487;695.9454986601481 87.4785408706364;-135.84365550074577 651.8916760054157;-122.96686449578176 -388.00287566446747;-716.5344444101065 -123.47918948201374
750,11,26,LXSSA,3046.401092809043,157578.96476439893,4.466139358166667,nan,6030,6030,0,0,100,0.0,1,-513.1596214888307 -500.4021898660449;-686.5530171282713 -99.01184354332419;590.827945018702 -117.21830679735112;442.3600248682081 518.4078652943267;272.6113824340759 174.961531303943;-2.4870956045344346 13.359225895831097;-29.79685114369181 -430.07610116047243;-193.89310192591947 -715.5384682999478;334.82619814755117 -509.47616251628745;-373.2550510500396 -112.162493049664;-260.696675862192 219.79884127944817
750,11,27,LXSSA,1785.537365251599,158839.82849195637,4.466139358166667,nan,6030,6030,0,0,100,0.0,1,401.09767598068197 -400.34487368124366;-88.74206811404616 670.1216420145711;478.9810858875232 540.7383095366339;-88.44287493071506 -20.68753689702889;92.4019767815357 -443.35178271039587;-463.14283192330635 -549.6350911936242;-246.29342509780594 335.88898361975686;244.02485541160632 -129.7243070535102;94.30777283857596 397.15035606392667;-357.9745710388608 -237.66054970036208;-640.778799947508 -17.02242636097454
750,11,28,LXSSA,4173.927865434001,156451.43799177397,4.466139358166667,nan,6030,6030,0,0,100,0.0,1,-329.3431293790657 -114.45718823825288;-739.9573809036755 36.34238777416078;-97.16583481428003 598.6650027089349;16.63674284607837 -137.79420745001437;273.69957404234344 164.38991643946886;-412.36375528194543 574.9692192946412;-483.14895826074746 214.37650663687026;-568.3906009437026 -389.5752660105619;-129.7771430493872 181.45842453273278;-170.54296741309014 -649.3746325998262;371.38729703122317 -347.9015130806947
750,11,29,LXSSA,5866.816174528736,154758.54968267924,4.466139358166667,nan,6030,6030,0,0,100,0.0,1,-218.78257835452442 -703.7141714712633;402.62341634413326 -314.84621154668514;196.06865927370572 639.3614569805985;-442.9637683975101 602.4483860709619;-21.714800847422822 384.9867405371143;70.28748422053206 -113.20842383896348;-227.70661776612306 141.69760715752858;373.5454723258885 39.43235914607822;-141.48673325285162 -337.0279980147949;-730.2120254015849 -20.962703792799868;432.89300506712584 367.4597882245226
750,11,30,LXSSA,3545.938110455463,157079.4277467525,4.466139358166667,nan,6030,6030,0,0,100,0.0,1,140.52852399851852 387.6860934817712;419.0392644095109 107.8361496019896;128.17566062886476 -84.24260888919352;550.6289973663294 -217.57020938051764;-608.7078829778172 -39.11152732946423;-161.0085063876155 -495.5675927811155;334.3529346845322 -452.35196903772663;678.4283183225946 313.3469872040395;-462.68767976970986 379.53184759483975;247.92813313460536 707.0486893094345;-189.2682479778 31.97014772741531
750,11,1,PF,1651.1658001212054,158974.20005708677,2.841702835233332,nan,3030,3030,0,0,100,0.0,1,675.0424095342721 209.36285821104033;-175.12804363635945 690.342513524979;464.0980275098 -132.16114979032372;-679.4134529909358 -238.8339418551738;65.0282810303972 -734.0985672486275;-454.5613331693228 374.36988408761744;238.29440525674983 -437.009855416224;58.72310995176567 117.41470086144062;-315.3258203851712 -552.0658324865924;-171.69572598776793 -141.73812007619796;236.16024130685756 535.3333307977256
750,11,2,PF,4181.537503990141,156443.82835321783,2.841702835233332,nan,3030,3030,0,0,100,0.0,1,515.9309148274767 524.6950591876086;481.1188873995214 127.1551704910481;328.59537170936653 -304.1221998053806;169.72483506086968 649.6735998489594;-185.69791658099206 -29.917907415543638;119.16163037917457 208.90445431894545;-35.316838878681004 -366.6853638767115;-615.5786728723182 266.9774806045202;-173.77887529814632 464.3789067611086;-353.0048706533494 -473.554229038208;-538.5585899580454 -212.59500545263876
750,11,3,PF,3132.712568062707,157492.65328914527,2.841702835233332,nan,3030,3030,0,0,100,0.0,1,17.894974360270872 -48.941089223186076;188.99970489980092 271.7164681253969;50.08705297900694 612.2403601423605;-325.0961304922208 656.8073054441355;-614.2847877445969 -191.43897676351773;-602.1669316325471 333.7244266218151;-157.4486709271943 300.76489209353167;264.08790018089644 -599.5703819447014;680.6994718077935 -24.44471784750265;-204.21181709116922 -271.5360767362497;-449.0663194174275 -547.9325616083689
750,11,4,PF,3119.815050873789,157505.55080633418,2.841702835233332,nan,3030,3030,0,0,100,0.0,1,103.02103663466025 429.12298948730734;-81.16778154738829 -665.5716090628208;-386.46704399672325 74.90996822625257;-552.5929336533633 363.89221294507496;-741.460831171128 71.00618351643715;-21.760983866958433 79.08782748826448;468.9969674209536 571.8540974082568;-236.3354343656086 577.2310706926743;-524.9713091567863 -381.00824535462596;331.84631291340963 -485.57299308572414;188.41021338523103 -151.10887482745392
750,11,5,PF,1519.8508414835378,159105.51501572444,2.841702835233332,nan,3030,3030,0,0,100,0.0,1,687.6581321575322 -63.92850597502005;-441.59642669888194 -510.1633923098569;-225.27306293452207 109.14567963171245;-150.8664207599379 681.4702321844546;337.72643933533845 544.1060701966929;204.1608374914127 -562.6730965145462;337.21470663747 -170.94747078310914;-677.8878548967803 -184.67107667135255;-453.7566229914319 443.3887906970183;581.3946807444022 -370.4458623064585;211.5192752997842 134.06741125048413
750,11,6,PF,2810.906456527853,157814.45940068012,2.841702835233332,nan,3030,3030,0,0,100,0.0,1,660.1424845338408 249.12344327997482;67.96642145435678 -676.6086513004784;104.17392542700543 -37.37968046214378;-626.5672321013785 368.6199211986865;46.46469573156592 658.134860332886;-220.5872105674556 404.52973840174167;-137.4214084409939 -443.3755963014749;-624.1256809390287 -395.2275018415297;230.36065992040403 375.1561152164158;-349.9915403822477 -6.906404143987115;382.1927210942013 -409.41589891449183
750,11,7,PF,4492.300954327715,156133.06490288026,2.841702835233332,nan,3030,3030,0,0,100,0.0,1,-705.6261594415705 239.18401156229257;88.38464634434888 -303.4077328113664;-303.94305095483105 -560.0454915534341;440.3327834161508 317.48228153030243;-632.3706157072993 -174.61594542435296;562.7120098570954 -20.687512013978278;631.4001140057925 -381.40661624957943;4.422421410670308 -708.9916792708136;290.4608669488561 -570.7630037327908;-278.0729387796516 323.5515936479338;125.42525938616203 320.6336515353084
750,11,8,PF,3870.7183078331,156754.64754937487,2.841702835233332,nan,3030,3030,0,0,100,0.0,1,-157.8941741771995 309.9475928583622;32.21509294606946 -187.20910375983453;-534.3829588288868 -168.6174112754183;-542.6724359215029 428.34073546740865;260.24403664790646 -479.49802216390117;-272.65579108406166 658.6530020270778;154.87248864523806 172.60111124314253;-686.1321886013786 121.78161575857982;567.6541808243283 -72.12286154752138;601.0219966131482 402.9662060502878;-461.8138678563521 -589.3829304473272
750,11,9,PF,1754.4829374805558,158870.88291972742,2.841702835233332,nan,3030,3030,0,0,100,0.0,1,-685.3747512679199 157.4369598878394;-458.72464963719153 476.5429513927111;158.6904622440995 -509.7153162071434;575.2652703071847 311.1847792332015;158.11159583615185 290.9657132016565;-165.3565557347524 -573.5294707316652;564.5214987827801 -340.0312992874375;338.6822535995325 25.851413996305112;-13.806885123563635 -40.55762220990217;20.378493119686905 717.2281850349982;-169.08581646348475 367.17561470795386
750,11,10,PF,2950.432919379673,157674.9329378283,2.841702835233332,nan,3030,3030,0,0,100,0.0,1,-677.9382463866596 130.38340446201812;390.7894423407393 539.2636186461156;-343.18948233292207 301.5344194646412;351.63259537838974 132.8698267156334;-144.49037940959178 559.334924947239;-40.135356124252674 -345.6785907136967;327.2629778896697 -540.1491111044152;598.1064466626378 -86.3590921457567;-379.3577171243807 -126.74965283932237;26.103778497983107 194.37908915206222;-174.8052710839188 -722.8306871348811
750,11,11,PF,1313.2803409322805,159312.0855162757,2.841702835233332,nan,3030,3030,0,0,100,0.0,1,-103.81273489568734 41.173728038553364;482.35643624501915 -373.0977338214889;-581.9184369688071 224.9119361128252;-625.0658397314459 -329.368342832134;651.6909687901383 58.012271774220366;493.7049984808459 540.7870477960216;-468.1046274851023 571.9929255573932;56.25621255620231 510.4356680132625;-230.03713359371977 -275.25637609057713;303.7045016234683 -64.76005859858213;76.24341276493205 -625.4780255122344
750,11,12,PF,2621.8161817482905,158003.54967545968,2.841702835233332,nan,3030,3030,0,0,100,0.0,1,233.95003111999134 270.09465964448344;-169.007476275139 65.28399527331902;623.5720049512313 -151.59644096192133;-166.6586025173762 -710.4472468476442;-522.1974301394457 -218.38697246004466;167.03610967948632 -632.9683826219983;-681.3851431257793 250.46214550164976;318.55710155198483 -300.2080630216506;-400.270573420894 580.6894577044058;-83.75701144097421 723.9399184687553;356.5779384505744 628.8908024097407
750,11,13,PF,1.0740434001965927e+23,151587.66263514716,2.841702835233332,nan,3030,3030,0,0,100,0.0,1,618.9147425461492 115.84270625655019;-611.4574543401413 -391.10200569924467;297.19132545893234 479.4096399448827;-126.12191958862083 209.5999548800478;334.37185276622455 -531.4838938828171;83.4155109010229 725.0116702534183;552.0135111303941 -355.03193363149325;319.2317437685031 116.03247883833141;-128.54261007587894 -548.2962022677774;-235.58503776868753 556.4914520912351;280.45164015426946 -174.18427531282458
750,11,14,PF,2489.9582437194476,158135.40761348853,2.841702835233332,nan,3030,3030,0,0,100,0.0,1,-99.73040349731875 -571.2860635477383;-226.01553156153074 -229.37339356190708;-688.472152876227 -119.49696930608295;359.79769554225504 622.5548830092511;330.5502843693077 82.77920819151446;-32.531917824538965 271.0797703841677;28.244040108548624 604.8212603430366;641.4726515984997 280.58306874846437;501.07925763517056 -267.5511164202895;-373.71628189323 245.84937041675983;-498.4658476041511 537.5216152734754
750,11,15,PF,2845.469231029303,157779.89662617867,2.841702835233332,nan,3030,3030,0,0,100,0.0,1,157.1906589139401 -135.19425894326545;-71.19097130030356 695.7471921110498;339.95558893491744 -450.85411646788697;-198.82911863197162 -323.380985769977;-310.12550641073574 476.5887485705099;589.7764600836681 430.5987290879796;-641.871363193685 -226.07547754245942;438.41220716947663 108.39144936447374;-10.764285958658208 -673.3400615630491;179.40156961232833 415.7584337587288;-437.34254402917173 -538.0476618071112
750,11,16,PF,2.8760259381215355e+22,152544.0552093607,2.841702835233332,nan,3030,3030,0,0,100,0.0,1,223.7122314510998 -191.50033430934252;-99.46807823508544 -625.1922472752686;604.0905548249659 375.2941809266754;278.4196367815297 -523.0764951681409;-512.3340234099717 -340.23378458382604;537.6498268538763 -161.1251954612701;313.92861881438074 397.8995315226412;-8.649628055345591 230.12853577117903;-185.14237027645038 -279.3318929141031;-282.76964967613924 583.4125375100805;-321.4320208053767 218.57358331543426
750,11,17,PF,1832.9105205047526,158792.45533670322,2.841702835233332,nan,3030,3030,0,0,100,0.0,1,220.02490431239153 -359.91387157990624;-305.5260716326641 -484.15022486855895;144.29169549992466 622.9604391514082;551.4156343983078 -440.15506040963606;692.5383490860913 43.17905435968739;342.1286940938037 347.1480058646368;-0.9124406998747681 -622.2217721754566;-531.9578856012639 368.6611675963047;-209.09818384288133 657.0659888174392;-722.2835314601715 -166.00821194319857;5.372616752134823 229.15313808031806
750,11,18,PF,6.642154425227375e+23,156456.11710981568,2.841702835233332,nan,3030,3030,0,0,100,0.0,1,406.5314889901961 -184.804745101166;99.52678091586873 -211.26098374435207;-330.0219339716097 -387.4729353330618;730.207074908589 81.93618843081131;303.19698485942905 -683.7854974942626;635.5976880580092 -291.2345262055435;-212.14427878867858 81.91436779260707;111.84504612629576 623.3584362713449;260.08235826985685 181.94891825376072;482.6807529414488 291.82727414663236;-532.9845499681438 301.3014010365593
750,11,19,PF,6284.658746842237,154340.70711036574,2.841702835233332,nan,3030,3030,0,0,100,0.0,1,-351.43810500729245 339.71986297892937;-171.70723773860897 -321.3129604162059;-645.3000729993698 -344.553603646235;30.343201686009984 -592.6523872594883;-275.5301200309247 -29.446085198773577;262.30567517520933 455.74011776581244;201.81375881710682 95.02483919168691;34.005596941540205 688.5634127714859;130.9050808599394 -245.8153931805636;-313.2977901308633 658.5192731248712;-374.5392073286899 -576.6145988314547
750,11,20,PF,5057.992796747538,155567.37306046044,2.841702835233332,nan,3030,3030,0,0,100,0.0,1,-94.29855165360829 -457.40676467901477;-246.10233679893764 643.2766016436415;310.9671955515191 280.4612260499607;-314.90522999977713 338.3732123979365;580.4032512252516 38.520945058801374;-15.741854091701512 -68.68842393026803;64.9583525796447 570.175792586664;-625.490190708304 325.52449997289847;285.57024303714485 -479.04842474831275;-527.9231207901515 -360.68239162551845;588.6795630556318 -345.75964532763805
750,11,21,PF,2795.1662330105028,157830.19962419747,2.841702835233332,nan,3030,3030,0,0,100,0.0,1,-300.8865761967857 -629.6394047080202;-279.6545353041389 547.4962427098974;191.46367680030662 -275.904349130903;-529.4150284676352 273.3765767578954;577.1256763010002 139.6953695387166;42.31605632021394 -695.4100886064141;441.36006165710944 548.0628018169557;-719.829359340037 16.266918397488862;-112.53194300671302 234.74959234802745;217.63418429385405 271.9480706650587;-347.4391586208097 -92.8756752841439
750,11,22,PF,2121.2382706747157,158504.12758653326,2.841702835233332,nan,3030,3030,0,0,100,0.0,1,-334.3255187418951 597.5424579636601;127.12893904516648 -720.9951697998908;682.8890178175634 -164.26223684699897;-213.29939798952634 -674.0837416308731;181.7536404155036 692.3382239987105;-600.4453411224122 -365.58838932855986;153.4238743347281 158.00318334940735;340.7169444998236 -190.6182336310417;-51.1130353425491 -141.95032087208838;-470.6274858105802 25.914377507863755;536.5991550186768 151.14790851517233
750,11,23,PF,2440.126270749053,158185.23958645892,2.841702835233332,nan,3030,3030,0,0,100,0.0,1,-360.7012667248108 -84.63820999520895;85.53200131772674 -563.4245711206019;354.5375618460913 -69.63297344106292;231.8860930462865 266.0662949500611;-163.68940934005957 575.2894300374979;560.2456468613897 326.35977391701806;-462.4219134650232 -587.3457410009761;-586.1194204011566 413.8751673605651;-83.6677899793025 -219.62903357388174;397.6503716010553 605.3241281538179;713.1909481087554 -150.81236953936758
750,11,24,PF,3446.4887772102957,157178.87707999768,2.841702835233332,nan,3030,3030,0,0,100,0.0,1,360.55698073766837 -111.24338211916677;19.45480605857527 723.6273429847664;313.7870295912768 461.528131198701;-444.98199268552037 -411.8766855214313;141.62265934642463 -340.2113220995566;701.5381718219174 -140.01248991260852;-80.33170966759346 -76.18506976942271;280.3903115058222 -632.5428566325911;-191.03720580297002 264.1271347537966;-405.6709700374981 499.585901601403;-121.79464619066479 -630.1911156508978
750,11,25,PF,2633.8550557924027,157991.51080141557,2.841702835233332,nan,3030,3030,0,0,100,0.0,1,483.7177607488036 488.52230798653613;-290.65683065450736 668.5105315040976;-169.28884594507 -66.9960477083282;383.2911571702475 -514.1831535333974;-4.4963160099826105 358.37462115602415;109.68041821345739 689.9448866890477;713.0655120901238 162.98138308255548;561.7316570087162 -213.73433481326052;-628.9578240949909 -277.50789054119207;-3.1531033044336976 -440.8002636733938;-545.0277847517232 205.13196331715073
750,11,26,PF,2019.0162279510405,158606.34962925693,2.841702835233332,nan,3030,3030,0,0,100,0.0,1,130.91555745444143 -677.1330122212627;-719.7298159995979 176.70221090284164;433.7548433326847 -468.00086723487027;-374.0124344886629 574.0634034731096;34.06772324272708 381.46179637156047;-177.9127327405593 62.57256118484517;342.48422894258965 535.4432364746831;483.5028561286499 239.29745262362212;-384.6143506313918 -431.0104446187581;635.7067898622366 -139.6624550659682;189.72263190619898 -1.621140787570592
750,11,27,PF,2924.7999785432476,157700.56587866473,2.841702835233332,nan,3030,3030,0,0,100,0.0,1,157.62948162915887 -664.438907590777;-611.7999525369237 -381.9753194223197;697.1897423835424 -0.8619340162146036;407.7601386814868 339.0765126922224;607.4134287167782 -398.17952199048096;-25.71092131024035 -299.5665491152138;363.39007631136514 -65.33906406342841;49.82681808760961 444.2545478750208;-692.9313622273515 160.52649862270815;-366.8075947146807 -104.44641312244114;-248.01429509012203 265.8547788957424
750,11,28,PF,2227.8927336641063,158397.47312354387,2.841702835233332,nan,3030,3030,0,0,100,0.0,1,173.61574758100113 -551.2390636398211;333.46651332106023 -76.48429258398014;-509.1892948180538 518.4467206883138;8.24167529800456 -15.773971364732661;-162.76451286927994 -297.88794991464215;621.1805054499049 -318.8046781531732;396.5897524719479 327.63382045436845;-546.9196534140943 -422.6587423979539;-349.6497027249466 63.7581341781479;-139.3452172552566 304.5830918071565;30.867971166091078 734.3779344463306
750,11,29,PF,2077.562815224781,158547.8030419832,2.841702835233332,nan,3030,3030,0,0,100,0.0,1,155.7764109979113 -649.7629964118416;-716.4113198721316 100.3089824064729;-226.2765835705594 -615.8856862841137;-351.88297198250064 -211.5238052822979;5.0839910477149495 -138.55262238262256;-549.9709518333035 404.3012716661155;677.2662953387069 -211.20575873429803;-559.5607593607829 -452.84678951053127;423.26923182956165 111.8558723577114;450.42634625904907 -518.5252851017314;74.76675931748146 600.697066256542
750,11,30,PF,2862.5265393541486,157762.83931785382,2.841702835233332,nan,3030,3030,0,0,100,0.0,1,649.4867799699175 -268.63599666006877;270.9856476566171 25.218979409704552;-365.1101417982587 295.78310384390517;358.0060968696245 -526.0657338431199;26.18710452128446 494.38537051543926;-734.6084163054327 83.74389552902619;-132.97616126424668 72.12098002768012;28.980717368402818 -247.06622121761225;496.4040343535499 471.90071928839274;-617.2180155185306 -260.6050800834715;-169.1498650422785 -690.1279972637855
1000,11,1,BBO,832.4056820450351,159792.96017516294,2.8148533618000027,nan,3030,3030,0,0,100,0.0,1,348.39972250414576 528.437543871873;704.269323600482 655.8746630593598;-338.8550135482726 -726.3383761462567;568.1768400851256 273.422100857289;-274.3833024635487 502.0769181585481;951.0589039422662 -192.06549391065982;-569.1254806149318 -64.2522664769973;113.79770267337221 871.7945670117019;-792.0434767544034 -317.0332693341385;-772.0580017506276 572.0214393843103;24.326859070851924 -695.9540242481374
1000,11,2,BBO,650.7947659602505,159974.57109124772,2.8148533618000027,nan,3030,3030,0,0,100,0.0,1,557.0093641305737 357.98886450182385;-460.35219219053886 603.0771396354428;-950.5289272835666 -292.8475518815168;-294.0502070346615 122.77950711761514;-137.3428106276042 -414.4300889813983;10.070251436229 52.991203341326354;795.8134871537645 -44.99362146659087;-835.1645813853684 56.13512101187416;284.62720253436646 803.0530462040642;243.02273449260838 -873.0866660908763;924.4955923524751 376.536655745256
1000,11,3,BBO,614.4299935211602,160010.9358636868,2.8148533618000027,nan,3030,3030,0,0,100,0.0,1,-233.42321614369314 681.9557898391424;-49.58281203737931 405.04402750780423;-989.2618008756209 -64.6819665376554;-521.7497993993168 -97.75260649751226;-753.9910354848079 584.2044682661372;856.1885979130416 481.14945207904884;540.7185406364058 -574.319744425127;181.30739916967264 874.3065219936566;287.53333271019505 -925.8452659773886;660.3762796719554 -237.06328859167127;-743.2359941248858 -548.7777047148775
1000,11,4,BBO,657.3835313281452,159967.98232587983,2.8148533618000027,nan,3030,3030,0,0,100,0.0,1,859.7120440793108 110.20562550833142;-642.918426506816 -282.48148055714387;334.3633834479863 -71.42182664276731;89.76319551597066 -289.3066231500194;-640.5824807660052 700.0750599878156;683.6766389721511 576.0356029917721;613.0927055210839 -706.8277954696846;-131.9867613690335 -885.3739109682242;-182.5452744755196 798.3597949268303;-944.0365243756428 59.5959539583414;-444.31563210053855 419.9504700975201
1000,11,5,BBO,767.3463757944992,159858.01948141347,2.8148533618000027,nan,3030,3030,0,0,100,0.0,1,599.7121261235266 -515.1885388446593;-91.9857129510342 735.9014425678456;263.45988757155806 297.2917137161096;-879.079947640846 42.078474078392446;-527.9185574689777 353.3832775594881;421.6710862955031 -169.5522179822549;-60.619972271979805 -892.6941327188405;954.2255365377978 198.28499306463073;-672.5224389786963 699.2362471040917;-658.7991198697207 -385.26594680850064;793.9537242066365 -134.96841781577484
1000,11,6,BBO,557.6083799728658,160067.7574772351,2.8148533618000027,nan,3030,3030,0,0,100,0.0,1,798.856698660318 598.0972433236166;-340.69671591793576 -42.80879725557554;255.12910704090996 -270.04774953469996;282.0899737656366 911.5743483911726;-638.1222839252207 -746.2916738496335;-608.7934572917977 775.5287220730029;10.189547921929147 -984.4352322616747;730.0388181450367 -660.0319940156434;-851.7486346111198 24.430518666980333;-45.170667850342056 851.9216625243625;587.6314375934355 -219.4592748637101
1000,11,7,BBO,924.7961392587458,159700.56971794923,2.8148533618000027,nan,3030,3030,0,0,100,0.0,1,-489.97435651239573 533.8551216638211;330.04970711886403 875.1971955988045;326.14758390012344 -633.772216266997;-154.2995383594008 78.23966942630182;-825.7178935488649 -548.0681037224028;-214.76528842790208 -536.1502941310641;-39.58992391548111 851.0283428888977;593.3565758663158 93.78679221548168;893.4788259608035 338.88516405186283;-977.6079988310804 -136.1941485546589;730.122074726542 -199.02851615757356
1000,11,8,BBO,717.2793320192723,159908.0865251887,2.8148533618000027,nan,3030,3030,0,0,100,0.0,1,-168.91116540167332 258.12146171038876;-883.5173499781907 339.23465979305934;846.8811723727861 -284.4619356750069;471.27136327215226 227.7308655165391;-556.6150215774861 -771.556849756894;-886.8820338540062 -461.49849137865044;121.22676939633334 917.7889774799505;152.26277602036907 -940.6814879365893;-620.6234777258672 751.9163112119929;-293.61191910111063 -147.0043454550065;596.5039536416778 619.6685016086308
1000,11,9,BBO,654.2584470684233,159971.10741013955,2.8148533618000027,nan,3030,3030,0,0,100,0.0,1,481.46132724505037 333.31219918758507;207.6036889433899 705.4579458164294;-417.69749932446246 -805.5427847547862;-778.9295746206219 209.60996437529775;-384.0550160639742 788.7184491164994;-215.10982503532023 304.4938532786816;-35.73019708924983 -235.39347206929335;591.5985357767718 667.1785265768485;824.7832840423221 -237.0000152056408;173.23609301251327 -701.4430234130082;-623.8382010824287 -117.54621961645012
1000,11,10,BBO,733.6199741027376,159891.74588310524,2.8148533618000027,nan,3030,3030,0,0,100,0.0,1,861.8118804238147 343.5121987281191;-776.1135775187744 -267.71866530547993;-210.75262479636467 -496.0821205840724;-107.10002968990409 881.0925284819632;-478.5262979941067 94.15025312837179;559.4631945540007 -537.420124001907;-227.27462770750083 548.6896876537066;183.93312851650785 -874.284360206318;-971.1533520811715 197.63118442539871;202.7154388827871 174.1888320242283;560.0815835329861 731.4585330207308
1000,11,11,BBO,566.8443956232804,160058.5214615847,2.8148533618000027,nan,3030,3030,0,0,100,0.0,1,853.2668409716648 -303.30240004159225;-637.8241370020507 -741.6031955416513;-900.5385310111621 -138.6124405821696;91.25090548611365 979.7335662071323;-647.5656607484273 761.1384057486298;-412.96674666901765 -53.53673156244906;584.2124630373287 545.7610303879139;562.311957317788 -603.7951774043469;251.54501955128103 437.01169448562473;985.8610301004476 138.91428653534535;-112.33050241386206 -913.0441033633388
1000,11,12,BBO,765.077807141759,159860.2880500662,2.8148533618000027,nan,3030,3030,0,0,100,0.0,1,-154.78647998316615 830.8209454674904;-466.1842766304163 833.5980640934126;213.15569564009252 -344.8156036606749;61.30758297282978 122.20104994137955;-478.2452106204098 -344.1534531956909;617.1720593133148 558.2460277831383;-883.4806015399654 -361.76240992674286;896.6735219680286 117.53761459379302;-826.835709833118 352.5258933950181;599.9360073579855 -785.5359878270485;365.0504576272308 44.43566420771754
1000,11,13,BBO,663.4540621126653,159961.9117950953,2.8148533618000027,nan,3030,3030,0,0,100,0.0,1,361.6826636332298 -827.2419610537509;679.1771412040187 -423.2032560100945;-839.7123171361292 -72.75852447236923;-454.56024093898725 875.4995807667876;-126.65908014200511 26.2234781622858;55.84283770024399 -600.4609114370587;-509.5446453291692 -836.6518111448844;684.6615856449228 714.5836178240161;995.6296156251985 32.039638025926706;-668.5878371339761 -507.1760366364055;348.18690759623337 137.6021596904336
1000,11,14,BBO,660.9041707936558,159964.46168641432,2.8148533618000027,nan,3030,3030,0,0,100,0.0,1,163.77940792983145 -909.9894477964588;-98.53101561577478 -83.27185161390173;-711.977057028719 -407.7163032814492;-328.65356882423066 -432.24918598615125;586.492636567493 -588.2789752721903;-610.4059006509003 697.5637310240982;-910.819556106917 239.20267544466742;167.11816373051352 837.2310393185769;988.4700229245852 -63.81150432378081;-354.39017892865274 917.0864055592281;459.3506981923076 -274.80761193688625
1000,11,15,BBO,763.7607165708905,159861.60514063708,2.8148533618000027,nan,3030,3030,0,0,100,0.0,1,-919.2431830871864 -317.79914093830496;708.9301255715734 -286.5388162917037;-686.1567930568482 533.7106424799435;481.95328561238557 612.0319217454385;-250.44755055175585 -281.40604889327415;23.764151039680428 -955.1108264119754;192.811632337608 193.88266037059066;-414.5001294193844 42.66494877726427;51.52982283004326 629.5026202816302;500.238252332859 -712.1738587094233;830.9742190891207 525.408964142285
1000,11,16,BBO,937.1767861812259,159688.18907102675,2.8148533618000027,nan,3030,3030,0,0,100,0.0,1,-202.50539206287613 503.5300829156258;-344.9379971764415 896.0328672759492;343.1116013458404 412.4459749171217;676.7457576755032 -335.42017588328906;-883.6893341805923 331.55322204399795;159.21957148705837 842.6492114545979;-654.5152397870531 -393.8558893586834;18.62395565319821 -187.75408608454768;969.7729968377453 55.135582353143036;-546.6103347061362 385.37467257012986;-216.12809485952414 -961.62247230631
1000,11,17,BBO,789.7472136520373,159835.61864355594,2.8148533618000027,nan,3030,3030,0,0,100,0.0,1,103.0457729027537 442.8758642885946;-194.24549258829347 -669.0878499527169;498.95031928653816 463.89017628219585;-868.3782638654201 -395.23366585282486;249.27234304490958 927.6028513270387;737.5859155091882 -241.14807969950914;-515.4994947899727 665.7797530486969;899.1102767910311 312.17574587533227;-516.1799818238864 -669.7786788358442;77.61167241796147 -989.5303966886204;-825.5162699303546 323.0689536802072
1000,11,18,BBO,527.3558027907566,160098.01005441722,2.8148533618000027,nan,3030,3030,0,0,100,0.0,1,233.55750575719344 -905.6090986602619;747.9846845383568 -316.8711359597547;-916.3328556242396 311.69177121479106;-21.774951859340376 126.76828911934376;-731.7220427998252 -146.8653011782652;192.52259494897294 703.6255644763037;955.859068933923 232.57122319324571;-368.56040000327005 885.9397355641979;640.991103193737 -616.9160385471341;-380.68291586628743 -523.5671131806898;-588.8411578141872 249.18531927091772
1000,11,19,BBO,517.0361455417878,160108.32971166619,2.8148533618000027,nan,3030,3030,0,0,100,0.0,1,932.6727977742157 -276.10718678636226;621.790427059068 -776.1573207310446;201.72399365202818 -283.3544758331934;218.4461294784619 943.0500849808027;-789.650423646117 -415.79041963091856;-116.07759396983704 -306.83968474444566;-143.0825860358242 937.1679816140352;-606.2768669399245 78.79591128337097;618.4289308579005 318.5030763197733;-979.9947038451484 9.154280781943157;-463.9377607410073 503.9880839144828
1000,11,20,BBO,517.5572245660878,160107.80863264189,2.8148533618000027,nan,3030,3030,0,0,100,0.0,1,-137.12170277357689 843.2093848557847;734.4313685963821 -510.7432455301777;-173.70319682714853 -504.75564238920214;88.16047852363886 -12.088603645870307;-750.4113911050327 527.0961166203974;324.36134147083135 -940.9218729515476;-312.11851210324085 -797.008136579642;-927.5553843488123 39.48231312660846;291.52320198985376 674.8708509716046;998.2171946980086 -2.3787003438737884;-756.3442176867303 -559.0456617647483
1000,11,21,BBO,834.7650591186248,159790.60079808935,2.8148533618000027,nan,3030,3030,0,0,100,0.0,1,737.1904546539547 -573.9940589291839;-286.50799190418263 912.1609478399057;-303.23774005519465 -492.5413544117054;-690.3799362381087 -572.2704370595994;333.0365007095677 819.0765959052635;488.10613665758615 348.1164808887131;-951.0794515380683 164.00586244676242;-650.1172903007525 601.2779418393291;197.6425063197944 -489.03270168704216;-133.26447945552172 477.5349241532333;354.9330180782065 -929.2342735322039
1000,11,22,BBO,912.9782393040077,159712.38761790397,2.8148533618000027,nan,3030,3030,0,0,100,0.0,1,-101.1575275393568 -218.84656676046848;423.1807393454951 -254.05536711182947;47.800558689632 -660.5594395147214;-881.571522333404 -147.24679663474615;283.83582432981234 133.44940670799133;-586.0073070649864 546.4555359854048;-268.5687381844002 -681.6022605606338;-620.3642320712079 -761.076940732159;-376.6354379748327 873.7282842750033;557.4176853340296 742.7535387087798;834.590281061468 -220.7621960057537
1000,11,23,BBO,739.9503297855263,159885.41552742245,2.8148533618000027,nan,3030,3030,0,0,100,0.0,1,802.4101386422874 357.3368193993831;-776.5356840760253 393.07241992266995;-543.3497794995808 -302.8429078307613;36.536430987603126 -864.3056592999827;169.68829628026378 -457.75887828692464;-760.5375565614897 -611.7449950548861;-967.1947787446784 -135.5576958793423;-477.3447497560179 722.7871416720081;927.5558108382779 7.292627377459894;439.41663165422597 78.3801667619457;158.05883874154028 853.6611263917619
1000,11,24,BBO,567.714998782787,160057.6508584252,2.8148533618000027,nan,3030,3030,0,0,100,0.0,1,-70.55031473611598 -89.90252457583051;-695.3933560212927 530.2838927733158;-706.9952739285714 -671.9398605816582;863.6694306633342 -250.62858649538873;197.31307194052442 329.05102644350745;-324.79144197729397 552.339654619863;473.16812173133144 -108.25021294758244;208.37839801287987 -881.2487520710754;-328.0109159581008 -498.9902392709926;671.0630150686131 462.71639043753885;-900.1665637099547 -228.96041682560656
1000,11,25,BBO,541.5570386667096,160083.80881854126,2.8148533618000027,nan,3030,3030,0,0,100,0.0,1,994.0620343617504 -11.056024060865752;385.07642382080235 878.2184671950115;134.92518504616783 -15.487716699301245;-438.9107310169052 -577.7661148088391;-939.2728948304683 -331.0439709086912;355.17710721625394 -810.8055307478202;729.4161174453836 -563.3594274207937;-702.1662042342065 314.4399620446686;-429.06993130859064 866.1901937447369;761.3831345075573 613.6536416109207;-182.83568281433384 268.1973344724904
1000,11,26,BBO,646.8455365701811,159978.5203206378,2.8148533618000027,nan,3030,3030,0,0,100,0.0,1,-181.91688015711782 968.1435272486829;104.82548995700608 -69.62956602624979;930.6547032420015 -149.10794780325375;-714.3907745351735 426.7200706806725;664.1920080099894 595.7836157779227;278.734660072284 421.449950639402;-747.8974741539872 -595.9445606529257;-207.58853006846255 -838.5001463137951;568.8835218685572 -773.333492270085;-897.390716880842 -130.50701592737562;-506.7447156280871 -121.98132292514515
1000,11,27,BBO,588.6954768922587,160036.6703803157,2.8148533618000027,nan,3030,3030,0,0,100,0.0,1,794.0037755795513 593.9760695047139;-97.21044426669084 320.5754997120405;-497.78779751816546 337.36914999297414;-323.84474816079376 779.6396836751883;-315.1028991409987 -314.69425052876954;634.5984879720727 151.58989068635833;809.9977411120144 -423.2253904463346;-795.4797746110438 -367.0002607074488;-488.07454553524263 -853.4223603954201;395.6742126736892 -421.72165244199596;70.46009771116428 860.9967701532266
1000,11,28,BBO,710.0768541880825,159915.2890030199,2.8148533618000027,nan,3030,3030,0,0,100,0.0,1,628.4010219078637 702.2083898861929;-22.70013137910132 -974.4084799534988;-205.40470046430187 -447.74676959997373;-779.1794223786426 567.7010816999243;267.0843200650495 -262.7661213646628;646.4368456065647 -523.2584713698343;-366.90314953357813 47.32176864766757;-869.759682370097 -476.07675839618446;18.668896770158653 709.5338117415959;377.4769729143841 52.45571246829195;861.4938098763362 -48.35162496839689
1000,11,29,BBO,624.5921503177378,160000.77370689024,2.8148533618000027,nan,3030,3030,0,0,100,0.0,1,62.9365491601211 343.7013057698248;-208.6388603236269 -246.10543636016064;-737.3106947024423 649.54156055578;-218.82905365952945 913.1463455955079;55.49856897603627 -931.5517324122849;623.9837417003068 -18.005891871241147;-920.7128213475644 148.93993839922905;363.6536360863795 -874.7208167806729;957.7520153317819 -269.0501427561802;-710.7606028932419 -647.3118452414403;333.13730077451646 899.1510958144966
1000,11,30,BBO,579.8007448056014,160045.56511240237,2.8148533618000027,nan,3030,3030,0,0,100,0.0,1,414.09705139538164 887.9960536948411;983.8533730286979 7.8088615900616105;-885.6338254280607 163.27681326455422;259.9412364240177 -941.7415905326156;-672.8349063637746 601.7877078073941;607.6191939603257 334.746024518505;-313.81563157742903 883.7081671919432;232.7205362643831 531.4133402827126;41.17533892794336 -158.4263322985679;-353.0569003168671 -501.9181802823549;-678.7900642513623 -456.2843006634745
1000,11,1,GWO,1633.3063182577607,158992.0595389502,2.8458383448333353,nan,3030,3030,0,0,100,0.0,1,168.611682962156 -5.197173049299466;-412.08942299164465 -170.31265517406604;2.3111266881153765 -333.77010652912014;-892.9160835923077 2.5107420648735244;-253.79053875973707 237.60683811041622;-59.78444125826079 834.9983899151842;961.1238079419585 43.6361239410785;-639.7145748962947 529.2488460787617;533.2674988643316 -743.8342340675208;534.494057206159 233.78406331618137;59.22121708673649 -991.5119452609882
1000,11,2,GWO,1311.7953673669253,159313.57048984105,2.8458383448333353,nan,3030,3030,0,0,100,0.0,1,147.5199438405846 150.65520336713072;0.8570963634272905 -978.5369259601497;-115.77386754476639 966.9558631752094;-727.7676772037242 -339.40444133219347;966.7415662664197 -0.6338667465048307;-276.0376397751651 -1.621574810961658;8.84256571043651 -244.60347008561544;386.3639887575396 -217.6689063898109;-972.7434539796167 15.257675240168519;-365.65157020813126 -899.2520889727647;392.0307361562482 849.0196943767006
1000,11,3,GWO,1511.4315682876331,159113.93428892034,2.8458383448333353,nan,3030,3030,0,0,100,0.0,1,-287.11675629294615 -20.382435191536942;-0.27378934792901904 995.0874601192395;-894.7518128969901 -272.7458722979548;-706.3531926088214 0.10287701358923346;-567.7299507835701 414.5273710434539;34.07564321915718 -549.0674614657318;982.5090464216079 12.479589503581039;31.309447897735073 266.74798312568527;-155.10150061734961 -987.1227371913806;361.8300264941917 40.96255776794826;646.5603773349794 397.8263668250535
1000,11,4,GWO,1099.472560658527,159525.89329654945,2.8458383448333353,nan,3030,3030,0,0,100,0.0,1,431.46574029862217 -877.3679254602694;951.335955198745 -6.410985094968225;6.063184701519003 949.8448344257737;97.12915735481117 -28.60328143680373;474.6124951363522 -36.16061216309416;8.378313760286318 -893.509278682256;467.6738676886518 846.0167465082135;-476.0563663743608 -454.9979530481469;-274.92593132498024 101.62391431099705;759.4259481046561 429.42953647540395;-785.4133243857874 122.68703622880922
1000,11,5,GWO,2099.7848758150067,158525.58098139297,2.8458383448333353,nan,3030,3030,0,0,100,0.0,1,-467.65975984536595 -476.2149433194323;-918.1068378510936 0.7652609109988107;521.6304778724729 -662.417188203834;-7.659419689685341 -68.94294484369976;74.81952654141082 -596.1821298701019;514.1119537248113 368.1669926723059;-722.6047149102666 447.2537499554126;-231.68726492800963 273.3930368194174;-0.44628623357521185 -998.8511226376423;861.187009982582 -11.650611210412634;50.853162142853755 693.6160475379824
1000,11,6,GWO,2304.2985147062573,158321.06734250172,2.8458383448333353,nan,3030,3030,0,0,100,0.0,1,-2.9080099782814286 -40.31763375890856;-336.1185740184632 705.6496205612578;376.98766510817944 734.410383332951;379.7008945046807 -279.5267201125684;-938.1784419583945 1.1305461415195956;-480.37922731932684 -6.781895951573762;190.97676913130874 -675.288008663439;-95.24280586485656 994.773161672619;12.143684220092489 411.3514842337624;865.0764918120259 12.450798443509475;-686.3628565757023 544.206777728768
1000,11,7,GWO,1442.2558443777089,159183.11001283026,2.8458383448333353,nan,3030,3030,0,0,100,0.0,1,504.5054414473325 -417.2118148881125;-245.39357130139126 911.4861323928071;137.73859888415313 980.7917901734039;-527.6622124303223 -95.27904449128725;2.296880326100118 621.630136530794;504.0284751333793 469.8284447932538;874.0344964376392 83.76407278873403;-243.5281908635922 -505.58161903875333;9.736374236426057 -24.689777442146895;-952.4227045636165 -4.892272394406292;1.7127950759726271 -956.5644048946142
1000,11,8,GWO,458.20548766243155,160167.16036954554,2.8458383448333353,nan,3030,3030,0,0,100,0.0,1,9.249273465026874 92.14453163879512;5.924523551031734 918.9292149426988;5.141882404799873 -985.7399837545257;-947.4740226364261 -6.88558355409076;302.0546653343296 -167.49528363965734;500.5646588495376 -573.1600144940772;-340.83368507858364 118.71569939072447;725.3762798374624 286.9942313148321;-669.1142787556684 -591.6813792083303;984.1145287150233 -11.853723181274338;-687.0141133370156 623.937092759978
1000,11,9,GWO,3432.1250389331835,157193.2408182748,2.8458383448333353,nan,3030,3030,0,0,100,0.0,1,-588.279573317054 381.4577052756922;-381.05633810759906 874.4369547116444;-206.8984869739444 -312.3181177865228;2.959816815413826 -3.310749563305809;-584.8418295922723 -564.4096480742727;0.3943019112828603 996.460056640256;-386.03293392148015 -1.180916019772529;-898.7392105459236 -51.295713678305894;14.461825076613403 -943.3296927866595;438.6807890279054 235.48415005390657;-1.9239704402750233 469.51071733217805
1000,11,10,GWO,2089.5907241252717,158535.7751330827,2.8458383448333353,nan,3030,3030,0,0,100,0.0,1,-846.1247494027261 269.89097956554747;-25.30089726474093 -138.3375277960854;47.66996851028107 306.76949887618724;289.8781332755623 -25.731129333703006;797.4985525941089 -21.2503330241731;-544.5349818235877 -398.7283645364179;-371.628591425736 -22.892183823788724;534.8466947434646 -812.6442375565824;0.1838547685112425 -947.7478432910257;540.4921049004319 358.0587656319454;13.61317293048844 992.9920755840421
1000,11,11,GWO,2797.0729062275204,157828.29295098045,2.8458383448333353,nan,3030,3030,0,0,100,0.0,1,-8.778573778665821 108.56211957675337;-145.59301454013007 554.4978069035113;-478.27923296323996 115.80736145621272;28.59390813136338 -997.7534002865937;-209.77778599902794 -196.94511877714777;105.03662173336407 942.9207360387169;-953.7902440716917 0.6926393707119759;309.7858556080412 375.9586305450377;465.7348419657075 -114.37105815123647;-71.19916740580679 -491.01246174820864;-673.8587862628019 -386.60692957187484
1000,11,12,GWO,2182.2558902388264,158443.10996696915,2.8458383448333353,nan,3030,3030,0,0,100,0.0,1,677.2963998300379 427.694795574464;44.49371885054367 641.417185605112;1.5931716251714612 -542.3130699701888;864.8750144998193 -117.71227194601515;208.46905460852102 -928.4910202881892;974.5473693379287 213.20079333332288;534.4032543362569 -3.545802050742477;375.2012934406007 -350.325737933458;-247.6392189701272 -4.911948012473516;102.1021360370563 24.370016835474278;-584.0972532313982 400.92066784326136
1000,11,13,GWO,2747.113479788095,157878.25237741988,2.8458383448333353,nan,3030,3030,0,0,100,0.0,1,317.6491980379382 -0.5094519711234154;102.95566220892475 -993.7542125915205;-824.9467630641076 -333.40187072171364;-3.9411217794418487 490.9554396698074;-509.7655041449379 1.2249841866811388;44.8866434090153 977.8936624673206;432.71238881153204 330.0985492922503;28.658970432069566 -315.2378095719211;-81.810616310936 -1.1073309417587007;691.3904519862077 -609.4491500124349;939.7160353090145 4.748005817364425
1000,11,14,GWO,833.2979902729567,159792.06786693502,2.8458383448333353,nan,3030,3030,0,0,100,0.0,1,941.5866004218939 -4.107450120640505;-623.9598248727001 55.65419362018792;638.0466636871564 581.415531244129;-839.4978985561969 -359.0905527850751;-23.043689042777757 -61.90037473783709;-529.5895060226061 807.1666323527716;394.9392631078358 -1.1827470181165713;-172.35256372250987 -563.7921719913833;242.02155269845113 309.45047008495675;-177.95874110665986 278.06365813523945;-840.2342730816518 517.754557097669
1000,11,15,GWO,3432.0832692985714,157193.2825879094,2.8458383448333353,nan,3030,3030,0,0,100,0.0,1,-714.6979161518608 300.01804937118845;469.2223966652984 456.3898301406507;1.6867408770427836 998.4634851696173;-19.23877600410118 -409.8087538800803;-931.1277112342951 -81.47293685088651;-161.41763818467862 -827.19139873748;774.4369318000531 -249.34631860881632;388.165539596082 -280.06133071295284;65.29381544477569 12.416480315212503;5.450299494587018 495.7046021373247;-414.61255852469884 -98.68508934428966
1000,11,16,GWO,875.0464107557782,159750.3194464522,2.8458383448333353,nan,3030,3030,0,0,100,0.0,1,359.94042333204516 72.23297525363277;-26.77029085530813 -931.2890000853404;-489.90342922387526 665.4039473231288;-24.421037613432862 -0.9673420815225938;939.5475297998252 -0.7040091552107869;636.7814434309494 385.4775007660958;-876.1155597376061 -428.9043562615516;-154.5097539796192 420.494586511268;59.79537131839271 969.6586898074241;-721.5951854370278 2.403798205900712;-471.0268748033918 -461.2922319994124
1000,11,17,GWO,903.112220130628,159722.25363707735,2.8458383448333353,nan,3030,3030,0,0,100,0.0,1,-419.8638038871709 172.74108238547254;273.0015528144529 651.760329225703;699.5190869564359 323.34233589617355;-198.46220622718877 698.8999154106809;938.7805254446681 -183.6081070947745;9.356867321287218 -993.3799366748235;-582.2220406659225 -272.4125689402361;270.0036505196825 -571.0392636277586;521.5894862985184 -40.60080923267579;-972.1093556349039 44.873259587139366;58.77846206129923 -1.2406032972217522
1000,11,18,GWO,3094.9559008054784,157530.4099564025,2.8458383448333353,nan,3030,3030,0,0,100,0.0,1,743.9084306507556 2.1973555867208225;443.0333890163113 -743.7730625730886;-421.33371292314763 -879.774476829302;-492.21433296274745 -247.8704018388448;-850.7910136101154 116.61363831842988;-146.4652535466382 -12.401883583933751;-224.01917461081723 506.1562168624161;-720.6591481610957 636.6384811931044;532.2180233775521 402.4862312095929;148.62356536714364 600.2724924462259;10.838222283146864 -491.5111988722979
1000,11,19,GWO,1522.039388391946,159103.32646881603,2.8458383448333353,nan,3030,3030,0,0,100,0.0,1,-405.42851313842044 -75.78814808818167;-641.6859385045608 381.8736486633627;942.6422234017065 -158.11225584551877;-892.4469609222132 -388.399197207729;84.41794212494247 -0.3456949775759268;393.9445298607731 458.28890859950366;593.9756112894303 17.294531890405676;-129.5718150864225 720.3844866157443;-5.643642776382989 -504.3929570745244;329.78802091931556 -914.0014279241731;-37.19867843782309 -992.290609231367
1000,11,20,GWO,1449.4481075952353,159175.91774961274,2.8458383448333353,nan,3030,3030,0,0,100,0.0,1,-692.5084520469717 115.31874054483524;2.6334763557335514 -7.915398533292262;860.0854291407171 -1.533530958456056;185.4704959019557 276.6198996179585;65.56994588104779 -976.4085203772951;372.8793879252199 836.8731857154208;-315.2182044621679 -225.39205252865227;574.9245089740075 -718.1013560110247;-337.64209749583233 900.3298247414315;581.9534817161316 243.209134668043;-5.133908734932936 871.3102894771381
1000,11,21,GWO,1222.4406181562517,159402.92523905172,2.8458383448333353,nan,3030,3030,0,0,100,0.0,1,-233.2985307965788 -25.64952366731838;24.895153594588525 992.0256860846063;146.65749495186216 2.6028775598910827;-6.725642434284464 402.14530852216444;-560.7352785447852 348.7767261968948;859.3036354462307 394.92003580496856;419.89511238615506 419.79778106980103;-861.3851753596206 -16.243991889130243;-225.57418415707534 -943.6223313511881;728.6849920669389 29.27504920668676;-3.477039740255338 -493.8056263627088
1000,11,22,GWO,754.3676424562,159870.99821475177,2.8458383448333353,nan,3030,3030,0,0,100,0.0,1,-695.820027724823 -679.1700327340823;959.6246473774172 -4.2193737996819705;-470.21273414807644 -13.877833699261409;548.452141100313 -299.1830688979119;-947.9405832789947 -1.597511481739584;247.42862789634253 60.37643895320583;-146.22074899653504 -0.3458972039223677;-464.5831722041014 857.9287769625204;543.3167793526255 681.1346537236649;96.72209817329788 480.9304322626274;2.045697043854007 -467.5366412024594
1000,11,23,GWO,1991.0318551855453,158634.33400202243,2.8458383448333353,nan,3030,3030,0,0,100,0.0,1,155.11459495605578 -986.7744354645325;418.45978413827703 1.4123148949173492;23.182615304288166 18.52416759491948;-297.4064959356492 -84.60758241586733;-263.20298735445755 400.8614292079335;-640.5010117173908 79.74783460057768;-1.4598644309954982 -567.6140180400769;-240.09796878603728 -953.2595465115973;22.82996694626821 979.7575615045907;-846.5882351861383 -457.21748653945343;848.459547644488 297.85570192669223
1000,11,24,GWO,1239.1846003835963,159386.18125682438,2.8458383448333353,nan,3030,3030,0,0,100,0.0,1,-85.76020679183705 142.74006605806258;-503.0523099148302 -648.985873603733;-241.81483020502017 -962.3179897630935;876.8317436376423 340.0607925187827;-244.7197540968209 -174.84837321426824;-849.8235524559796 67.7081630584645;-499.29537932238287 616.8442315936637;218.27933063916737 -210.10510186719588;-4.764012621985326 641.852204050066;376.77882771242366 710.1162206874114;596.7962761935497 -40.07635264670644
1000,11,25,GWO,1019.2301511906262,159606.13570601735,2.8458383448333353,nan,3030,3030,0,0,100,0.0,1,-801.2691605994245 -458.3945234688944;859.2908438713557 42.66454216698372;457.351133119704 -658.8250739290206;0.26659086122954756 119.81268733407644;-395.7528766068767 598.1084131499514;-578.7095613364876 -8.543413232536992;-983.3464194638827 7.934180244300635;572.9271146041888 468.4586134870113;6.667981323593544 982.5737541561845;-60.93269337074122 -649.3395562550386;260.1407788819151 -234.9968527927078
1000,11,26,GWO,799.960762388364,159825.4050948196,2.8458383448333353,nan,3030,3030,0,0,100,0.0,1,-970.6548957503429 28.32066979994678;-50.44424339060178 -877.4127647662159;196.60482726463667 61.06265874594565;-298.10472372352115 93.2954714142275;448.4525281525459 -832.0711398766693;953.4853050416414 -22.1189595835887;-452.8623126122252 413.21075826201894;522.1013080563454 714.3742706501724;-8.501264955888772 818.7852391012153;-24.185592387348915 -272.11628869613384;-697.2513914596626 -155.79044779868238
1000,11,27,GWO,1001.2333049764566,159624.13255223152,2.8458383448333353,nan,3030,3030,0,0,100,0.0,1,512.7675419989857 -2.6698328666629743;915.5972125677058 292.45916533914516;25.393800515140356 -924.4182907957733;-336.2149591501366 40.90928407778967;707.0406089070038 -479.04695950936645;-164.70596209311057 530.7514867622064;-165.04417688012288 -331.0427207416679;99.86290336545402 917.7437793567509;-905.8995652732714 -87.15951819095729;371.50043757020313 407.8474821231439;91.40725330858214 -29.610741599023992
1000,11,28,GWO,555.7696672540333,160069.59618995394,2.8458383448333353,nan,3030,3030,0,0,100,0.0,1,-3.4888099582934413 -679.5589685469257;610.5930902911516 415.01842291100667;-280.7074851015181 78.25994392840563;856.0529269574951 -117.54871845852854;-521.3118085395371 658.5407648320024;102.55498021840008 540.3471157014989;277.20728947802195 -0.3129235601504452;-924.8913687860655 -48.303076021121306;-48.61112963118546 978.9865397340068;-539.934432249341 -718.520870413705;605.205060332442 -627.3991395405818
1000,11,29,GWO,1011.343851202284,159614.0220060057,2.8458383448333353,nan,3030,3030,0,0,100,0.0,1,-712.6619892017907 -395.3239921133547;916.555285224909 0.5804289632140315;-949.6085042907835 71.67479606826004;735.6866637639146 -363.3301355091127;454.10117860844144 -777.2076038358642;-401.74681614589286 862.2408309049825;126.68507913742452 986.6489975321474;213.7960693216446 -33.426362296081884;0.6930129922781658 -354.3459043358012;-416.7631053157568 -137.97227005939374;-216.8433066164389 313.27254950470245
1000,11,30,GWO,779.0173603935691,159846.3484968144,2.8458383448333353,nan,3030,3030,0,0,100,0.0,1,922.6427382577998 346.05809545028416;-288.20799322893004 60.618193116313115;468.2757955643063 565.5446988370004;-9.210732869690046 -514.9769847608628;-545.1499083887525 -791.397306368047;-507.8754852169402 688.462414866517;-916.1295226982088 176.0674114434959;-102.40914699542135 652.611685563606;462.6064354510322 -882.013368156897;150.33079078525788 33.79994701198547;720.0784414713507 45.16807454870922
1000,11,1,LXSSA,1493.9508232220542,159131.41503398592,4.632302823800001,nan,6030,6030,0,0,100,0.0,1,-324.8259722077541 908.8379876464782;963.0691916725634 -59.54543233706313;234.7584132958925 548.1692632504355;42.81317586440091 -521.8698879236863;544.9106836071428 -723.9847142232919;570.8594869331588 -120.00042870926254;-410.4051977295111 433.3941834841996;-871.1407144157391 -467.09532121942124;-393.1426879259856 -685.586073621716;-197.46992160710676 -77.14676467873961;-673.1138145317265 207.11257891139599
1000,11,2,LXSSA,1006.0884772270219,159619.27737998095,4.632302823800001,nan,6030,6030,0,0,100,0.0,1,-13.675463887486988 795.7322222990149;429.7745917398198 -320.25077781738753;-574.046389518003 462.7066340911706;-15.431836045721726 -104.49499010822926;-596.3126783953219 -783.1602378775871;436.77587453236964 568.1290267709759;282.74617466207985 162.71118925300559;196.45070475855866 -788.4188231916781;610.6423768795488 183.43406487356435;919.812676703289 386.63838904486244;-380.5166504398195 -77.86338863671841
1000,11,3,LXSSA,1403.653163331619,159221.71269387635,4.632302823800001,nan,6030,6030,0,0,100,0.0,1,929.37064281037 136.63979256653954;-638.7659719831073 -324.5058858154863;-171.58771114537512 -481.56948617571953;548.8848149789312 565.0902575494412;161.97267782331306 926.2514225769153;-166.55421753293962 300.8101204682353;153.64876817718644 27.567724775911934;557.6260184136527 -587.3439094050749;-461.5220092196289 887.1100167212485;-321.4685073120383 10.673744480309487;-440.72650963859604 -670.6153539416476
1000,11,4,LXSSA,1353.1458239832136,159272.22003322476,4.632302823800001,nan,6030,6030,0,0,100,0.0,1,479.8550751770484 -284.85580722083523;-544.7864598826463 -402.7656192051782;-193.53592575360625 -79.02042144562864;116.6505317639959 -363.929616090649;-841.6901866386532 -505.1378155262294;257.9757402568519 524.5384669157544;-835.5469894960339 385.51062579675363;873.110519217476 -91.80099597272309;-375.7975590207789 318.36832555713687;-40.31297846693301 728.0730398103144;653.9510892561034 328.6701962968271
1000,11,5,LXSSA,1502.7199208855454,159122.64593632243,4.632302823800001,nan,6030,6030,0,0,100,0.0,1,253.57575604163557 405.35820780706376;-743.0779701075239 -662.2527147326343;122.37855189020708 -925.8595027084983;-449.36112360083115 163.48004384004233;-74.79049012793095 838.6975135409012;390.98141664639104 875.1438600569204;525.7899027715201 21.524752787871467;757.0718741150704 -619.4942169687947;-322.9120333114782 503.36491406621076;-312.4545727718333 -886.5035196593541;967.4306356513257 74.01383801213449
1000,11,6,LXSSA,1487.6885116710328,159137.67734553694,4.632302823800001,nan,6030,6030,0,0,100,0.0,1,-810.9572286019546 55.42227692255549;-944.6698417137737 -319.09363799334386;175.78301444505618 -678.7655072134819;-353.18228584647414 -584.3819624282777;-495.7813728419385 -89.06752989359434;726.3941897678405 -218.81054060377448;-237.94515178945042 395.5549127763109;301.5202191708849 78.49549557409385;-18.52837256349543 -284.6904890297851;-41.43569554547825 809.1024259911534;-737.2410569123508 606.5778011440572
1000,11,7,LXSSA,1231.1172497333318,159394.24860747464,4.632302823800001,nan,6030,6030,0,0,100,0.0,1,809.4119803440984 -550.8621500951612;369.60586683594823 -929.0628512269528;119.97762490808897 -629.6947025771582;-202.34083971231823 -571.1739833616871;-22.097092858027658 -202.36082245272476;-517.7659530059715 -786.5732303314427;106.44066228923606 661.0442367270815;813.3758183420586 131.61277998164556;-649.2568507089778 623.4540434355089;-867.829691392907 105.70015414982959;-195.14405490886912 242.5674892149137
1000,11,8,LXSSA,2233.23183837728,158392.1340188307,4.632302823800001,nan,6030,6030,0,0,100,0.0,1,280.93527516354874 647.2696627577066;632.9777643151737 -421.53059469928706;278.3831992395503 -108.4282933222827;-198.3646352374641 50.497800979615505;-480.60859145771883 588.3011762959709;148.22725468169878 295.3749902431263;738.1454779474712 583.1660372629918;667.3909648948517 38.946237738696986;-61.668846489748645 -392.4214012762845;-431.1173123640559 -358.30529261085906;-308.8746132259476 951.1019336036336
1000,11,9,LXSSA,1630.6068802353402,158994.75897697263,4.632302823800001,nan,6030,6030,0,0,100,0.0,1,-246.22402850075943 820.8978010694808;952.8484290886888 207.7610674633155;169.37149826940524 -858.9903731143213;-557.4834911745951 220.97888060230284;530.8319785726709 180.64389150500782;574.1971770074261 740.4008334304317;-356.7837105076131 -288.09494824381426;851.9162736250086 -401.63766226422786;425.59366264128465 -376.70599652861455;175.1049484874438 107.14190698441624;-26.66795142943125 -310.6358631575625
1000,11,10,LXSSA,1196.743656774459,159428.6222004335,4.632302823800001,nan,6030,6030,0,0,100,0.0,1,987.9549703760778 44.70391569852601;-66.39810319852447 34.88044598560527;-240.31038473797776 -539.0421660071379;360.5647884781491 919.8949825872028;156.1338364883626 611.3805021947102;-527.0250353329127 840.6853128476175;337.070650535908 -803.0599335642665;-842.1180203178448 -481.09476110981257;850.2577229022166 -344.9906889268997;528.756199518999 -282.44808935850887;-354.93321377508033 -891.4953511681456
1000,11,11,LXSSA,1457.7571737033722,159167.6086835046,4.632302823800001,nan,6030,6030,0,0,100,0.0,1,232.76037462262798 -101.35266302193482;-361.4461952442589 -626.4575898299098;-656.6162505393188 256.31274318730675;-192.15513502702868 -200.73035732272996;944.4924525821609 202.29375230730932;700.4315371506954 -168.5363312161826;-493.7947197138342 -274.0978948813581;-882.2155846232481 -83.96018204943529;-217.88480535696598 496.5144505184482;126.87600466007284 207.44758526816514;367.6946834679218 -502.4036061922712
1000,11,12,LXSSA,993.4714058047102,159631.89445140326,4.632302823800001,nan,6030,6030,0,0,100,0.0,1,-486.94278408128207 -108.85608440467522;258.6668334899051 401.6438937928174;-130.07940614946722 -727.8575709894828;-957.3428275309 -259.1922231034393;533.5027524170052 -200.79373547776095;885.1442413433459 -435.1350890426181;188.01197695433666 -454.3220755783726;-279.90229885004766 441.1267405891382;523.0064427748615 757.8689729477088;-274.4708773149251 -413.81435856787897;-709.3945243769939 228.04271314566552
1000,11,13,LXSSA,1903.7936867417593,158721.5721704662,4.632302823800001,nan,6030,6030,0,0,100,0.0,1,-879.3954066398493 -115.84721353239355;286.13652736178256 -28.940232849046662;643.5450246519846 738.9391182933289;753.6901478466995 -657.2253290729485;-835.5906831477314 549.233966525268;-298.5514609757768 149.31675086634047;485.29147652758917 409.53566875084783;654.3985940653971 -145.02199843067876;176.0211294100268 -867.8887717902699;-152.15447198051803 459.8585088098551;-552.6562957163584 -573.3898221294319
1000,11,14,LXSSA,1430.3084855953348,159195.05737161264,4.632302823800001,nan,6030,6030,0,0,100,0.0,1,856.3742329213093 479.079407019846;534.5567440173921 77.36761791762319;201.56700831219663 -634.8000785188444;788.9019611524064 -195.1235505843883;196.94829037143427 138.4170475768562;534.6321988961972 -698.7685293345942;-724.1367209812616 100.28007587309703;-159.75414488814727 -801.7643757719762;-414.1013762914376 213.66367404814852;8.521118760683098 702.3322090616074;-65.43485338465096 -93.83662057925243
1000,11,15,LXSSA,956.4351012277184,159668.93075598025,4.632302823800001,nan,6030,6030,0,0,100,0.0,1,838.9621929721935 381.4063619452731;-736.6368699804797 -341.4197061655048;835.1638740107678 -543.0124877621362;6.083804767601738 874.3565407920875;-133.65581693615744 89.70752065197746;-554.7948310420772 179.79847605281174;-961.8592679570531 271.91123054258856;42.291373921509745 -889.4878511602628;-336.18915510573856 -528.1994652422633;-373.92768302113706 852.4215856407244;404.8793588136888 569.5299998747759
1000,11,16,LXSSA,1090.5690522410441,159534.79680496693,4.632302823800001,nan,6030,6030,0,0,100,0.0,1,-964.4834919307901 -186.79736960556968;-771.3424850589395 232.35162843510682;291.35851140673634 -373.53123952734046;778.4748145835468 -612.148245644914;452.28970317255585 32.41369700138712;2.5442097732663904 175.7980028685239;-373.45254478703777 770.1048115552836;964.2199759421806 262.8148210656381;-238.10553028767802 -213.56213989988612;-490.6899382001455 421.04305799455364;-2.7914386134968434 -817.9146459232925
1000,11,17,LXSSA,1884.5862403754727,158740.7796168325,4.632302823800001,nan,6030,6030,0,0,100,0.0,1,-570.726521745746 34.95859525237564;-333.87209417000554 494.7181568295771;406.2611536688854 -222.69481766247017;944.2285012534604 -282.6201916330324;604.425735883006 -730.1740464907381;-712.7307656917454 432.578763367822;5.253596956345639 -23.578184862893767;284.39546579262344 913.0525053392201;-587.9906547396979 -461.6869234686981;739.5043850911306 670.7389496262726;-564.8513072248271 825.1679996192056
1000,11,18,LXSSA,1181.8403643137717,159443.5254928942,4.632302823800001,nan,6030,6030,0,0,100,0.0,1,-763.890812767046 -109.45804647260437;435.81579203345933 -832.6211327240884;949.426774040962 48.72827390084483;-207.44168651063578 -357.65364980629283;-206.21674030878245 579.7250550616711;96.47873735057867 -510.56148873688846;-389.9427096111757 909.8705582508637;641.6003701743795 -323.22055377472356;638.4089679327486 470.803041687085;-280.71288244101083 -953.8390812676097;-580.6751784013746 286.3913560788424
1000,11,19,LXSSA,1036.0327889292384,159589.33306827873,4.632302823800001,nan,6030,6030,0,0,100,0.0,1,506.8945944937091 168.85906556909072;835.6757203915975 -173.09971128676182;-552.1272657690613 -400.86990896696244;-789.6901223638558 -25.659910973343585;-31.604469624036927 -70.74570496995881;-297.3929412326552 245.34067807712418;175.02913716917658 433.1405795725061;-313.4837765153936 -878.0147970780796;171.87222774555215 -595.3766708976398;835.3785852851141 524.8633189222436;425.1042885821603 -317.5556223176114
1000,11,20,LXSSA,1452.247822804231,159173.11803440374,4.632302823800001,nan,6030,6030,0,0,100,0.0,1,-315.0617844901793 550.1438504655221;-770.1872389595621 -233.2338784074397;-621.5807247065453 222.21075486426827;599.5522635149995 158.99353065579706;-227.84073979798595 955.1400164395909;-625.7348357394899 -604.7255178146522;846.1720578543523 -312.1887893082921;159.06628344284988 245.18556061470102;-313.2764840228348 -168.63629783112918;-314.30962277858134 -915.7393505535352;-18.47310137531604 -777.9944895502176
1000,11,21,LXSSA,1329.0087948499713,159296.357062358,4.632302823800001,nan,6030,6030,0,0,100,0.0,1,-780.4569123891811 558.9566150594305;483.46982574537253 811.4463695359958;918.0385420042883 274.8290423891809;-778.6234234870334 -626.7023061470614;-199.54333707580884 978.8282752163537;820.7721575374121 -561.6623798099855;409.65539904707015 421.232141794988;43.88919832844852 457.19660957189194;-57.75265395286491 -821.90205770809;-465.81485820377605 -375.1240339134601;-447.06816352852246 731.3152213190297
1000,11,22,LXSSA,979.1573747571674,159646.2084824508,4.632302823800001,nan,6030,6030,0,0,100,0.0,1,-491.2795554380821 86.23694841690217;584.8282623399622 207.47251108722003;-139.7723208206343 779.2612660355378;236.55200252493864 -241.55254191489522;-789.9848985165045 362.76430092406855;-301.0771734869169 -416.69895179119777;877.1671089249309 -311.67496360365317;243.56645705239598 652.4449661273463;877.6949378004863 413.15681194749214;609.5679849959934 782.542652086056;95.27392996328018 153.7667382006166
1000,11,23,LXSSA,1062.9944580180454,159562.37139918993,4.632302823800001,nan,6030,6030,0,0,100,0.0,1,-969.5081686607663 238.1589499172774;-683.8479983601995 499.6121722289808;494.854577036091 173.32793085226012;-280.61329316059636 -597.9785910061311;-737.1047756244853 -206.7313502024675;-93.41877490665544 -883.1188193312213;-6.820834762748617 367.99996015434095;-143.47459938904436 815.4543482069536;770.9886932483095 -438.00708081213213;274.98304256624465 -627.9401391189467;-549.3779951708259 -827.9609404291181
1000,11,24,LXSSA,1495.6005089102546,159129.76534829772,4.632302823800001,nan,6030,6030,0,0,100,0.0,1,742.5577209282294 669.7801583321682;-316.1948100715104 769.7450458313043;-640.3863257932924 746.7239272625401;119.75578349120386 149.53522830557512;853.9612638653 -247.77502549710368;-56.35918830542493 546.267871053059;384.4772464432053 326.865157157526;-639.6587590826263 9.400353669925124;2.9773227246035763 -824.9215649821122;-851.760883211081 451.08442512424875;664.1565697556127 -742.0290497658632
1000,11,25,LXSSA,1745.8663179722498,158879.49953923572,4.632302823800001,nan,6030,6030,0,0,100,0.0,1,-149.82628651601775 25.8159163577141;-793.4788072008266 -566.0922446814191;-359.8496355654946 802.4937261104043;7.271248184460902 -456.36780379288314;595.4601490342806 598.3288823976923;-907.2846932254851 420.5098862188907;-590.3153950776928 125.62500280375357;-143.68865463599568 -989.1760897826206;169.94150112734474 -36.300043419232466;556.6813604597372 131.3763784075953;-411.6203670534373 -823.8644573280878
1000,11,26,LXSSA,1019.3940361063869,159605.9718211016,4.632302823800001,nan,6030,6030,0,0,100,0.0,1,479.70283282220686 249.06142747120205;291.92214475054874 815.1292490670634;-121.02597077999692 545.8930559554097;-984.0230549795559 97.63951268966638;-669.3211931134967 586.4486122128621;955.673510993536 -15.065293551289919;-410.1287807022138 891.6171568452372;-800.0266587712973 -338.78269017357167;-424.7010140348407 -199.0277957954445;-280.90391882130257 -626.1658984645717;45.00386018671959 81.13908777544708
1000,11,27,LXSSA,1449.1018533583847,159176.2640038496,4.632302823800001,nan,6030,6030,0,0,100,0.0,1,-226.88666481830404 793.2487687243238;41.624401608501934 -823.2168054620396;927.436801713562 322.9280774138558;-243.8511683081116 -494.8941258255743;195.85576000342883 646.2417813553328;194.40774592587658 -67.78027415212661;-668.1494730587127 496.93451540061574;359.0162644735174 274.06326089735785;521.6174277972145 793.8376236499912;514.5480070166203 -74.71960376600829;359.22181209435035 -470.18940487458195
1000,11,28,LXSSA,1911.1117928966996,158714.25406431127,4.632302823800001,nan,6030,6030,0,0,100,0.0,1,-197.84497856606077 -944.8096618575654;-844.7300230744286 -180.59669300883894;42.1817855519218 -74.90761406957925;979.9984249700359 -153.07514609543807;-509.4199828907304 558.8330193960552;-724.1181430406773 -520.2001597756313;-53.042510491373726 904.1998317593874;-365.0886016201696 929.8775254665557;739.8517989455898 -481.0995586398545;-376.648969032333 -363.8444242086883;193.5850040075247 -972.8179524120445
1000,11,29,LXSSA,1381.8908431054733,159243.4750141025,4.632302823800001,nan,6030,6030,0,0,100,0.0,1,-579.7007429213037 143.83621136112998;-267.17841828033625 -751.8035964596787;228.55865192938936 -134.73588148503296;442.17316303967584 -428.0690507390815;373.4526678607723 257.54446674290875;-738.7686146500113 499.95867303681484;-84.06676142917564 -72.30148255984854;777.0892147945312 -120.82529190342294;617.9303575097775 -682.9963274358572;-252.80420797419384 311.50631825048475;-463.66441031853225 -212.3552413604632
1000,11,30,LXSSA,1372.9835731727362,159252.38228403524,4.632302823800001,nan,6030,6030,0,0,100,0.0,1,-753.7110193423395 450.69445747200035;626.056056984782 -685.5905791723943;921.7577310427318 -312.4490102180212;-457.2125411245893 767.2019422363193;356.2311559471376 -456.96808308971197;-499.898214211678 -375.07803551444664;-109.53726087266953 -499.3380806376342;248.67421434848782 -763.4144501839831;812.5539306208635 10.381738104063777;324.2148042669383 274.5539129847697;603.7448524434328 685.3194529609294
1000,11,1,PF,1070.8921342349495,159554.47372297302,2.9796148061000016,nan,3030,3030,0,0,100,0.0,1,-518.463985493562 428.54248380860525;-282.14297363085336 6.139566663831106;-525.7499675043433 -469.9786552640006;-91.15212665389046 316.7912410384778;167.64569169010096 632.8361353666056;173.4700187918652 -579.6813522188762;-866.141546183904 24.63048318923505;830.8108996749438 446.16975733943366;632.7265780487307 -161.5924929058831;-124.78626572615197 -392.8159251070815;407.1258510366995 315.29455602806655
1000,11,2,PF,1150.1389972669713,159475.226859941,2.9796148061000016,nan,3030,3030,0,0,100,0.0,1,747.3746438423764 -604.6150378064001;395.5769979432926 240.59885414993744;-701.1187111018315 367.07658509508303;-779.0395615902428 -447.4933997059935;727.0741486835344 643.7506522282356;185.1442281726386 -200.94136450510948;-187.65803928892956 -756.7426756098665;-964.0806277116609 147.30704512639232;-20.560375641349435 286.9445566549336;236.07482186607714 784.15766159281;-442.27211115736804 598.2657458152418
1000,11,3,PF,961.032903932326,159664.33295327565,2.9796148061000016,nan,3030,3030,0,0,100,0.0,1,172.39767152425878 -763.0764391989882;614.1938776158921 632.370711062167;-883.5016822387823 -80.27085876625047;-64.20698947005184 4.142930704819626;301.7735200466171 739.2339335616983;-362.229322833973 808.2367727992905;-603.5227329018677 464.6820560173237;467.3967070730394 235.82560633004348;920.1937226163624 -333.24590890899685;-327.65823110640633 -544.3984152896829;78.4912471485557 385.77304074893607
1000,11,4,PF,1099.6426116736257,159525.72324553435,2.9796148061000016,nan,3030,3030,0,0,100,0.0,1,129.64924468257703 -768.8437514630504;822.7437323444135 -155.02772642647787;-391.9692334153259 842.5544843947795;-75.6321523133441 30.135564278081524;-944.3590718816229 316.46980056193297;371.88937545772853 -174.01908057492378;582.3437524889614 618.0301955694131;-524.9243931086614 508.02292369906604;-714.5795721961783 -89.34528108236941;973.6971738304001 174.02153644923015;156.21675679671569 536.5114606722342
1000,11,5,PF,886.4116470329172,159738.95421017506,2.9796148061000016,nan,3030,3030,0,0,100,0.0,1,320.33041829454544 -711.402128603051;693.1666264865069 -446.01983786036567;-310.43995074906877 267.79526803720466;-43.96319868463807 -547.4410094972052;-804.0650612782301 -478.86250825099836;-393.6276662502076 -561.0504770248581;-749.9406736072323 187.13948866717203;-64.93452138453733 616.1881312176992;705.4206832844404 660.0143533653311;523.5058813400346 53.69952008534463;923.1342669363529 138.64912658365893
1000,11,6,PF,981.5210152380168,159643.84484196996,2.9796148061000016,nan,3030,3030,0,0,100,0.0,1,276.33972680336575 -763.6451794476149;14.991035297051278 -545.3054318783355;4.611274276035747 972.3487632149364;251.01793846636602 377.89053055307676;-174.11053328946673 -858.4482659170093;-724.8821674764501 616.2782937174487;625.6930145173528 -644.3934129931406;-320.4849565765786 -386.22896680628173;368.3765020942616 35.087745632833915;627.8250383559156 342.2011378275666;916.5449627708168 -293.7970708551649
1000,11,7,PF,1227.6981549462362,159397.66770226174,2.9796148061000016,nan,3030,3030,0,0,100,0.0,1,-395.05015890653556 -757.9590892379853;-137.8890340107168 -2.789673539392542;151.79020060681324 -980.9965253056802;-749.3189334793814 -588.2146323537768;492.24714872805095 769.2594761133366;274.50541211407676 155.19685540581347;911.0333138531997 -376.4771829491565;514.3219354698971 -435.8246600201812;-700.6384821498476 395.50873721223985;-21.806845188296727 605.7744254462806;-277.0308571628329 -419.6839624099806
1000,11,8,PF,2185.5876098953595,158439.7782473126,2.9796148061000016,nan,3030,3030,0,0,100,0.0,1,-896.7981835762617 -22.811605578122283;-565.4086892664033 697.4113358817269;289.4900911002976 -396.4657484623366;-740.7587513838076 244.5288055015801;369.27616060751274 840.2717091107877;141.53676640874832 -74.83153524249988;294.83928521117434 316.93511185937996;-259.23176225783186 422.69644499467074;-307.6484744254924 -245.5307234429149;-105.4641934973068 941.984192898223;436.0099351272757 -885.5505464995545
1000,11,9,PF,751.0988863722305,159874.26697083574,2.9796148061000016,nan,3030,3030,0,0,100,0.0,1,371.165616363111 107.94594276187838;-540.033112779694 735.5755592455457;-534.259821942249 -153.33340630113935;625.0323943362591 532.4829403216208;-943.9651936825971 -108.74522922461028;597.4563773989349 -777.6109329294312;-133.51660850956014 730.6924294478845;-116.13812312019738 -645.983891141863;918.1404556433406 -206.57443926273427;210.99990640150037 -243.2900718461044;52.97826621145926 264.63106694313836
1000,11,10,PF,1086.6948298529023,159538.67102735507,2.9796148061000016,nan,3030,3030,0,0,100,0.0,1,-258.9167486545211 836.0138369270151;-741.7785832035418 -253.21085114507494;517.0293553017746 153.52570971226393;254.07387602044528 535.4061078117784;-4.078701204204248 59.3918610559114;766.2664383095401 -58.00167987366822;243.2857907752478 -795.6119951159036;717.8894984879931 -581.6247871596089;-279.970671690454 -760.5600680954177;-511.40096846911376 557.1084813423047;-885.2808048705893 53.68661988015559
1000,11,11,PF,1777.1755438703112,158848.19031333766,2.9796148061000016,nan,3030,3030,0,0,100,0.0,1,209.48562617393577 9.27831223681868;-736.007868054371 328.38445880887156;-335.9252285199876 -166.31240583660428;901.6937645736446 413.07717821903725;-42.60853487534019 763.0845320500077;-426.5156182887633 820.2539462045362;-338.2746661237668 -836.6608229504685;-269.9396329645722 301.23581497002795;732.1992113405038 -148.76397612927397;308.4390585726417 923.4627842391889;205.39241598083805 -935.9284738269002
1000,11,12,PF,731.4029864348704,159893.9628707731,2.9796148061000016,nan,3030,3030,0,0,100,0.0,1,92.24526764782915 -802.4470231696015;-170.6453372809209 -2.1700035476454183;953.234896775211 -102.78402833908187;326.6501872358528 -431.5105855197401;337.6701601131501 659.3132351983977;704.4670099977365 190.2961029175858;90.04331872156139 441.7303586158931;704.6691081834703 -607.3548231799044;-838.0913528499058 161.79894450841437;-466.3081045668754 -873.0334534741976;-400.2946335503527 521.9919692617232
1000,11,13,PF,913.0454114899039,159712.32044571807,2.9796148061000016,nan,3030,3030,0,0,100,0.0,1,567.5439305420146 -31.524597816508084;-453.06792157605753 430.05475367514873;353.5750677319772 675.0276176108689;-658.2922383694479 -95.20280638865455;79.48860435229508 -761.6533699633428;378.2115360882726 -562.4293685844908;-827.9253011919246 379.7292139908382;-470.7601200965489 -771.9636476766558;-241.03352791971605 19.767529323790143;148.3984361352263 129.85544566714228;912.04616485708 -50.14923788205041
1000,11,14,PF,856.1874429918244,159769.17841421615,2.9796148061000016,nan,3030,3030,0,0,100,0.0,1,-226.73040589099958 -568.1659110344779;-526.9816319389761 229.74288143428544;-264.3006636433079 874.2192117938739;-545.8837797394 -800.7744187180749;-962.3988394291569 -68.63852480971117;121.51096848762901 316.234961539709;461.05005217930676 -91.13595095471214;875.8313513117917 -174.506056947854;167.2457886232576 947.1891760233182;96.85401652091481 -944.1055148385474;725.4393121257774 -660.261489027957
1000,11,15,PF,1291.0490743588016,159334.31678284917,2.9796148061000016,nan,3030,3030,0,0,100,0.0,1,-521.4803546685171 -449.36887323741786;61.27920476067781 -65.83163567842077;-527.2821857266521 706.2335403347805;-222.0134482519912 -948.6297178983265;-127.15386202914475 323.28851481560935;57.43999336333928 926.788681007057;-910.8649664536498 -81.58724634427453;894.4116244483848 245.84029407022652;-703.262830671968 182.87547415101943;368.18796615883684 234.38405303325536;-124.23238303150089 -449.2946562923406
1000,11,16,PF,799.2303767496196,159826.13548045835,2.9796148061000016,nan,3030,3030,0,0,100,0.0,1,-894.951591987192 -243.48515416139912;-395.5719180060225 64.24678845525617;725.0545579767415 -394.48557696520174;916.6802897436663 102.07380476784935;-557.2250367290269 -485.4969139961303;504.07908046046737 -81.7655445384493;-396.30919918925173 -814.4301031868572;-240.65311428134476 507.0186369120004;718.1177123256624 460.22170224990316;132.48070073407524 -337.30488403686195;-9.898549785190532 32.75582614893203
1000,11,17,PF,972.1702363139775,159653.195620894,2.9796148061000016,nan,3030,3030,0,0,100,0.0,1,107.44753300644616 -125.78826258679486;864.6948294235666 -353.0404844517531;297.63649915329773 -783.275962228856;-76.14559151700814 377.8749928411683;-537.7541168217285 -718.2066808927576;-764.5307158699832 -128.54738608371872;-528.7892032890862 326.6560664410389;558.452206489294 76.57057443367074;174.18420087246383 684.7980304900909;861.9745889442042 424.1555512176519;-303.3527731164643 -268.4614272776949
1000,11,18,PF,1609.276684834389,159016.08917237358,2.9796148061000016,nan,3030,3030,0,0,100,0.0,1,241.11342788471262 881.3539637204888;572.7618597355554 -336.1057391153087;951.2030225548683 162.0574917010519;66.92518356448957 609.1389628096492;-441.20514221175665 -180.31676429885124;198.70841621202723 308.1447840730206;10.406948119692593 -199.2276221444042;-785.7750595882549 47.994393182584474;814.1823978118028 450.6509322694648;-483.43799626042625 -806.4530573013872;-337.1294936279505 441.3522451183603
1000,11,19,PF,1842.0237947121495,158783.34206249582,2.9796148061000016,nan,3030,3030,0,0,100,0.0,1,-112.4801297052072 101.17823182990828;117.04189590548843 -393.5384771124066;227.33244013753682 475.455828384855;-628.576561547024 -373.3439415554044;559.6210491445543 -333.2139474609261;-23.621676313083526 904.3152422139924;702.3051886158709 127.3786077313891;-952.6361385109939 118.65990880857017;383.9542271292338 823.1638119656051;-595.6264189937312 384.1052416064908;-449.5677858261322 752.7423863994715
1000,11,20,PF,3460.5181774553494,157164.84767975262,2.9796148061000016,nan,3030,3030,0,0,100,0.0,1,67.09848689338315 -314.5846349617726;175.83580281844854 123.24039573350953;645.1239495514733 -88.56850262329506;-298.91505073792183 328.0137830514317;472.2075215907363 -354.5778695627403;-871.1869127336599 -112.74380826052447;-17.53271502676564 608.8329063663527;-426.829817942869 -288.6540429739118;943.5951293361024 280.20645975680543;-346.4067660336269 -664.0906364275507;560.3844163990748 729.2095949473378
1000,11,21,PF,685.3358391596703,159940.0300180483,2.9796148061000016,nan,3030,3030,0,0,100,0.0,1,874.3375403044696 143.17183433117646;-101.9591269185366 -442.8850722410069;724.5992262174137 -311.7351718507202;-929.4973035776578 21.7140285565298;722.7456033483346 561.31170623322;383.12960196434966 -825.8244849799518;-654.1399798838005 -536.6171938531248;-417.6100022210219 -9.675113185117818;-638.1777672122932 572.6155983492529;-111.22212850380512 461.848551497713;479.0119769074705 -7.487220543244051
1000,11,22,PF,1445.075509777118,159180.29034743086,2.9796148061000016,nan,3030,3030,0,0,100,0.0,1,243.15485050217887 64.88438323373283;501.7630543279857 -634.8612235582729;-684.1548555639963 609.0265637835408;787.771620229081 533.7732546018119;-172.34238530857147 -467.60947940885904;350.62453161432785 659.7647011508952;-393.8363287547049 -160.99357827310615;556.5998931232748 52.00793671763928;-718.9576035746144 -659.0850196451904;124.66148713149428 400.143814220962;-5.126230438354241 -846.3105894984784
1000,11,23,PF,1595.7195600559644,159029.646297152,2.9796148061000016,nan,3030,3030,0,0,100,0.0,1,171.12590550256593 831.7085096907753;572.1745433475525 789.8053536345943;331.67672724809603 462.3712801930161;576.5417724975448 -96.26183032739996;201.87236584602175 -921.3015687301424;-352.57157340823534 -334.431828018328;-40.91431993360504 -417.2811352181684;-529.1762390034233 -737.3732839929689;-26.332805306169362 225.92708466552824;888.4208883358709 58.8347930261369;-514.0527467255373 795.9118566620589
1000,11,24,PF,1062.550494922325,159562.81536228565,2.9796148061000016,nan,3030,3030,0,0,100,0.0,1,-320.54354756065186 -403.8878631562212;628.0346103198549 -633.6068424097908;226.55455022341997 -506.9189510303494;-334.7897432736437 929.8206506399212;-641.4503374354857 -556.6766834833403;-461.0579047489032 79.48091985712841;-962.206071724548 161.27163218650807;972.5765529280716 -152.968529217978;-61.28184262749694 605.7647653387305;690.7079152302159 222.97896767582202;485.0669577958155 820.0951528982432
1000,11,25,PF,856.1265411879867,159769.23931602,2.9796148061000016,nan,3030,3030,0,0,100,0.0,1,-82.19535484918615 383.13357197036424;-108.0298787825286 -879.8862848319637;321.53259198155195 -442.9310384033214;-222.47068337613774 845.7430161989982;863.4729055901536 -449.29374541882845;111.80917758203431 -32.66168908912867;-997.2304445733542 -63.87905561110587;-555.4146995640665 -243.32353735747427;397.86917534442705 563.9388336702818;580.7140383007752 75.8856297533882;-749.9814901685675 419.7745274813235
1000,11,26,PF,832.7389081829169,159792.62694902506,2.9796148061000016,nan,3030,3030,0,0,100,0.0,1,-361.79799105810434 28.930322211502926;-39.27547057063288 -374.00779963760124;-658.8638098958513 132.44461293777238;-519.289497406883 580.9477426784003;-836.1407798913615 -497.96629469037435;164.7162709989031 315.0757709400453;437.0853038858777 735.0635943162556;388.80882865026905 -203.5892969512993;945.9624743393678 -21.22843309460604;699.1531657640315 554.0330861584077;-55.43642621767589 892.6922621110994
1000,11,27,PF,770.18145912615,159855.18439808182,2.9796148061000016,nan,3030,3030,0,0,100,0.0,1,609.748765049599 -326.0677227624876;282.6803571737428 522.0853114868878;431.0797497712784 138.97639861197578;-869.6478262253614 110.54612774884376;-599.392930914076 678.2308594030067;-588.0082314759397 -361.9685360746638;28.67322092495788 974.5810671167847;46.09241840883362 -746.6253584891831;955.7545580253224 144.86995057984237;-155.55472436062198 -139.4702252806813;626.4424588863972 758.2277598000996
1000,11,28,PF,1265.8926565154397,159359.47320069253,2.9796148061000016,nan,3030,3030,0,0,100,0.0,1,-934.9462091837818 197.5902409344931;233.48086995862963 53.60604403916404;-155.23143937754426 -817.2589783189794;-337.80072308835287 659.4534350690446;268.12920609080356 806.3497676302366;785.7752167641231 293.45033081384895;64.2932964778083 -382.31274107315755;453.2036324007466 -409.246780831778;-326.8013703178583 -250.5047021607517;782.9825092144221 -600.4455821113543;-571.5875779689175 -751.026875575494
1000,11,29,PF,1020.2277584547119,159605.13809875326,2.9796148061000016,nan,3030,3030,0,0,100,0.0,1,-393.4777180023039 886.3444626322968;56.355799644818575 359.8026638318196;-875.0311128383047 173.99108631344416;318.48553462244325 -32.498479572796654;-177.54969700371134 88.86519194560967;-617.1172795009783 595.6376152933667;488.84686567092245 809.1268256179145;-581.0710000833661 -745.6574584350454;79.41036460615385 -798.1131977749394;887.7862937372192 -225.7331733353693;-903.6969920650834 -349.6719634407363
1000,11,30,PF,1325.5982958695677,159299.7675613384,2.9796148061000016,nan,3030,3030,0,0,100,0.0,1,815.2490413288556 338.22159408821216;19.53003127860037 745.0116008298227;386.3517844932763 -645.720599161461;-460.40146867848097 243.41732346517418;-631.7708876490159 639.1699754840206;-217.0325646584584 451.42714112999596;815.3261305255525 -484.051984941586;-698.1579836770688 -406.5021148066502;-404.16676588695697 -784.8686219084094;362.04916149480925 491.81155758842164;-839.3510817230397 -58.43727343852393
500,10,1,BBO,2.3842666682046365e+22,137460.6482553532,2.5986076295333307,nan,3030,3030,0,0,100,0.0,1,-279.0602291180297 80.4810411116838;-470.21840485649466 -157.43501628045243;269.27472050638653 -419.432622252094;379.65614643958577 240.85805497630122;497.9023710407249 -43.04904968840464;74.80440041070335 198.76883495810716;24.57149206947247 487.2523261269258;-288.5229955680968 389.15369107684546;13.259135831570802 -184.76392970925406;-238.51956431368427 -366.22008946421903
500,10,2,BBO,1.1480771116376709e+23,136729.27129745873,2.5986076295333307,nan,3030,3030,0,0,100,0.0,1,-28.34973932561371 -443.58999090076645;-115.53803592695897 -142.80315157555867;-467.2097509336004 -61.934859306764;-81.83707644257089 184.18430671820897;161.22320030738706 5.3540959053248685;103.65654669540038 463.55160941397196;-284.13569258555697 377.47764993081273;444.52817533178893 -57.924797136370444;370.19688043259737 283.48496903404407;263.3421304927941 -331.36626913291104
500,10,3,BBO,8.820458268733667e+22,137603.99666606454,2.5986076295333307,nan,3030,3030,0,0,100,0.0,1,80.68872142181749 -200.7667545252558;-342.65033231900884 352.03982033208376;17.760932569787997 492.8070099294281;319.1413624594488 -8.324303299786152;-178.0584934606768 96.42679255787016;384.2231024881512 -315.1391080235479;-381.842819453732 -146.88510072788296;-133.71953941689486 -474.2268216591002;108.56138607354023 185.5029837345595;373.9306653662625 302.25959737273286
500,10,4,BBO,1.3956987762707197e+23,139965.67798357914,2.5986076295333307,nan,3030,3030,0,0,100,0.0,1,-26.760050875064735 151.5181656502382;-279.30190830569336 -59.620247355695255;86.92184242441431 -216.154600493621;-375.77846186540165 -325.4965898682897;369.6496069166734 81.54582180758393;-123.3781106055074 -481.68704593115916;209.40652779797745 419.5928092855597;-224.22934169824885 426.5171736209327;433.0077314058191 -242.10968784150452;-423.3690928235168 183.67318733015748
500,10,5,BBO,2.9283818541969143e+23,137894.45673472332,2.5986076295333307,nan,3030,3030,0,0,100,0.0,1,207.20122804911477 -102.1386275595313;-60.254317640438785 -475.53880653976387;-277.6794527531503 -337.47564857913244;-156.72172827343536 404.87868496607723;459.9077697780043 84.44096464975462;-408.72692219634865 216.3540262540796;-462.1612623414296 -112.96949544305426;286.1869844444308 -402.048388438106;141.9733146171011 419.1894182472354;-68.5181830602478 91.65075640634245
500,10,6,BBO,3.456098172032413e+22,137891.00935045636,2.5986076295333307,nan,3030,3030,0,0,100,0.0,1,237.90419674687973 344.41984838146175;-42.89717106730927 118.09984397075596;93.1877065848812 -442.2254309771563;-427.53022982799394 -44.71226333600839;377.55022056204984 -301.33991382276156;-259.5235007627448 -412.3784313422999;85.55742858210442 -144.9877487856237;-299.98667674043224 295.2675042856366;-47.9288327419859 490.0291611420663;464.37828685290174 43.297593054648814
500,10,7,BBO,4.888995872456615e+22,139454.52786220133,2.5986076295333307,nan,3030,3030,0,0,100,0.0,1,177.68720073473628 -386.64199883903314;397.6488692577432 121.93756760554061;-342.27595775966824 341.21249770608813;-496.0726561876044 30.857924082536897;-177.5251472689049 -51.058356445317656;456.2748275056997 -201.29260747637557;-112.99005357780112 -461.4251937605186;-362.0251895538821 -283.04293081260437;75.81370235054726 423.5139194243907;95.97046192062487 48.26099312961014
500,10,8,BBO,3.101408251989015e+23,135865.57325726227,2.5986076295333307,nan,3030,3030,0,0,100,0.0,1,435.30810589956786 202.78795004531366;-24.48827657690066 -488.6569908191793;-139.42521181532095 133.07219395558104;-260.2829699165509 367.93507292848756;334.99660874452195 -271.12472353698826;-349.19947171165575 -300.0502279924886;-456.65388558557606 101.42442495011323;-34.47871012603065 -191.11370294416332;125.64040237940071 413.99025774077904;177.05110228049455 107.52102322320582
500,10,9,BBO,2.8290877984034335e+23,142156.99558571767,2.5986076295333307,nan,3030,3030,0,0,100,0.0,1,42.738926744281684 -493.8969028175133;407.55762009955015 246.65909980535218;-211.33646455734487 439.51577518002443;142.18883766284694 456.38585105273273;-297.8988506108934 -369.6011427459366;88.34725046343613 -63.345534653249445;-458.08485006199595 -127.29795357442521;348.3436248429409 -317.20660261034317;-60.8835780294491 197.43233084477845;-326.8054823989175 171.7534785341461
500,10,10,BBO,3.544823484313638e+23,136526.34998867603,2.5986076295333307,nan,3030,3030,0,0,100,0.0,1,-18.224872836913107 129.06611125462177;-205.67906943855286 -452.8983913572663;140.752211507688 -118.77785068596;406.3920841685764 -181.89685014785562;-125.57710141781376 -164.39989635281228;359.87423611941233 233.03210191074027;-264.4723368056232 375.9357906697925;-319.94738366118247 49.076674985991986;62.993578869840576 451.07953831329996;147.11703899341398 -410.44294183646866
500,10,11,BBO,3.0100794726559083e+22,141118.0308070833,2.5986076295333307,nan,3030,3030,0,0,100,0.0,1,-130.8722016585113 -158.57611197279562;467.6484744384054 98.7893254441193;229.8745848490055 367.6451333337026;52.90838286607607 -462.61086078275713;204.51865038181484 -90.33065947528729;361.73164780927607 -340.7506350152013;-27.678629983106532 150.04278096459723;-389.54068731389447 196.81274816776045;-183.39907288658065 429.38127880459626;-406.4800504886199 -265.95017232040107
500,10,12,BBO,1.6565166546429066e+23,139490.17228375646,2.5986076295333307,nan,3030,3030,0,0,100,0.0,1,-48.44558139607034 484.86974663562376;302.3115193420043 -357.08466616584303;-494.30794898305305 -53.94476579762153;75.66130431863849 -150.7505060828309;69.19188873264045 162.0927028189376;-183.9800020501964 73.69190922785378;430.5095203657538 -1.5598784520922777;-357.6455311319521 329.68106149743915;-224.80730088176637 -231.86755902947078;247.62888328368956 403.06492328491913
500,10,13,BBO,7.648591622193242e+21,140669.3883957902,2.5986076295333307,nan,3030,3030,0,0,100,0.0,1,-294.0313017363595 -285.404680899227;-357.16955386156525 321.230872271634;-74.7705316933235 445.55136689647475;252.117977944499 -410.6656559008485;55.11226398679378 138.82126986649985;460.1138357029363 181.14559506845933;328.2235793081662 -87.4770819486784;250.59191851088167 417.704408810072;-458.5947075315441 -2.710589839337672;8.485544030460176 -198.09590202215077
500,10,14,BBO,6.31600142615143e+23,137700.69565151507,2.5986076295333307,nan,3030,3030,0,0,100,0.0,1,94.75112594070606 -137.27815333977088;-89.37097429078568 487.9261684809611;20.034344639792266 -499.267087973849;-299.4728914207556 -363.7429862854611;-457.3392029855956 -40.3713128656762;379.47773904294206 201.5786542157607;-50.72147905159619 132.02077533905276;109.77033526906837 370.0104135683953;-382.08589166331984 293.0927743326721;399.18242728553446 -124.44469357557597
500,10,15,BBO,6.30340325472899e+23,141944.14262798004,2.5986076295333307,nan,3030,3030,0,0,100,0.0,1,-373.21241323110223 -21.425329761127557;28.313237042385822 -136.5953324207232;-270.13373774848236 -325.4858410976742;-101.87427841130358 115.35730667859116;92.45777990195268 426.19420242049;316.3404190621296 258.93251359719727;393.38937073247655 -284.4185533538871;474.4442345219886 17.493191678839253;172.88784798188317 -387.632670713606;-230.7707671498702 399.538083473651
500,10,16,BBO,1.1427915524557451e+23,140028.4325448395,2.5986076295333307,nan,3030,3030,0,0,100,0.0,1,298.80933232143013 400.85226688128944;-300.0254061432905 355.0121839505905;406.45535977289467 -125.58836160361477;228.5076557942009 -404.5959044533051;20.927713598397872 455.41948008126974;-166.95289831904535 67.98727513635083;102.15450878423428 -113.15153442114354;-136.3322507349538 -323.151013194572;-441.91473519372136 -198.5827365777917;465.94571422769013 167.2440337337539
500,10,17,BBO,4.328411321893838e+22,141112.30406452942,2.5986076295333307,nan,3030,3030,0,0,100,0.0,1,36.43244088225367 -166.23888735959304;-459.393305736278 21.062505564019602;-153.0252765181741 84.95010862113224;27.634886784049513 455.2738241229506;249.5494650610508 -403.16952783130546;360.0249115941681 -90.13063336096604;-208.8974598989629 -409.195368378642;139.5508299917309 137.13603321296637;-331.88663250701944 340.221236705671;336.5138347285359 350.2890911872755
500,10,18,BBO,5.016626371390554e+22,141799.88902837806,2.5986076295333307,nan,3030,3030,0,0,100,0.0,1,-305.7832213508811 -394.0750878475989;-374.3009625877918 276.76745338877106;138.15971357187027 -47.70994561983832;472.96729845900245 54.119017641578466;-171.18256334422188 -56.06490369624407;16.50479960843495 -460.1350129982118;177.68224713690552 425.1309353430728;393.1929110042935 -271.3464232868905;-42.05730234214843 204.6600753985457;-458.82327013524935 -114.30545159134874
500,10,19,BBO,5.88398186139147e+21,139293.89957919184,2.5986076295333307,nan,3030,3030,0,0,100,0.0,1,-438.8979091948385 234.68241114942498;-474.72326539494236 -118.20191963965067;71.45362045277477 234.16147407703102;-149.3223761769682 467.9369413806095;139.5786383250787 -472.8527906794464;444.85818331437565 182.47562756980005;140.01073248313287 -100.23374289517716;-238.5420586229746 -324.105607692576;-175.04490042399522 34.23316742126974;412.8468577563091 -225.76513391798727
500,10,20,BBO,8.124064101928164e+22,140760.4785567637,2.5986076295333307,nan,3030,3030,0,0,100,0.0,1,103.88632076156614 78.60033181617996;184.49518863790433 398.727361367704;-272.58293018134486 -361.3499899766479;-269.80104599556665 156.36496529305396;465.0224513064227 167.0906123286801;-492.71949542367423 -26.58894698675283;379.0706667094265 -108.475000168328;-154.64740568217996 444.53150526511956;1.2309842046527137 -217.36316034881287;286.74549652560665 -394.63470750617046
500,10,21,BBO,2.3195079220792444e+23,137742.16356661014,2.5986076295333307,nan,3030,3030,0,0,100,0.0,1,373.11014321317873 186.77097782508235;13.92436556883581 204.47893275038223;-140.65661105350114 -267.09727980295196;-484.6442191409023 -88.66549686830228;-262.9860582802397 112.53795337738165;398.3359112541875 -133.874017648299;120.79496770681408 -432.8385529221258;-222.02412256239313 400.22373083125945;195.71535789778488 435.50998239358046;88.24859146852361 -54.68728024743365
500,10,22,BBO,8.283543302316022e+22,138249.49260455152,2.5986076295333307,nan,3030,3030,0,0,100,0.0,1,-47.50140778713984 -244.83842665998569;414.0017787224465 -201.47386119180885;-459.9319379940269 177.38813030470953;-219.523757532584 -3.1057368176914224;-291.11839416948646 -390.7776164273155;168.93582443908724 350.53476071238083;85.82130206801128 39.27428462143189;184.9870380420083 -463.1020544509038;-161.6441308538051 447.26701179315717;385.8987772013377 97.22599587423372
500,10,23,BBO,5.4490935464014826e+22,138813.4975937626,2.5986076295333307,nan,3030,3030,0,0,100,0.0,1,16.245812430961223 -177.66057869432672;44.47311536100699 493.954262305135;51.48016332917939 -489.21305524632817;439.9227249781694 92.96715861553673;-128.32424709544767 99.33932263452755;-242.72973293146993 -359.8797476168975;405.7959809925312 -229.2144475095721;178.2450274853495 205.01278838823134;-421.8622213757357 -12.605096555339571;-396.6755427027221 296.49736876898385
500,10,24,BBO,5.195068821334829e+23,136040.71337358592,2.5986076295333307,nan,3030,3030,0,0,100,0.0,1,-13.410298570259556 274.5180159369537;-254.23790684018033 107.49535420009443;-490.3784578262952 11.548961901810344;388.76799011749335 44.32860244339906;-18.527831861094512 -356.8696854641831;-270.01771696413437 -220.57350394248067;270.50943719248573 -252.6481517067095;41.91711317782119 -58.93097602753227;-337.5478800309687 362.4390660175643;262.53479685466334 421.0765842134672
500,10,25,BBO,1.8395142522541427e+23,137817.64406653764,2.5986076295333307,nan,3030,3030,0,0,100,0.0,1,-203.6823252939688 -238.81879156707106;175.05748415649055 284.72159357652754;-460.6451988130642 4.669037997358203;437.3042572151371 -147.79059947974173;-4.897662080710859 497.624940981623;124.78967363623042 -370.43868559876404;-288.53184388311325 396.7472321547448;431.98736444123745 180.0561206091205;128.56982513118476 -33.54219705740633;-173.25831123409705 111.87784753582821
500,10,26,BBO,1.6386467977226032e+23,139541.11538108543,2.5986076295333307,nan,3030,3030,0,0,100,0.0,1,-47.92175400022501 -477.3808634900298;207.33689086636605 -111.09344028170756;-12.223741841871458 65.42575582523045;-466.38948617700805 53.92151202367495;113.45097762790681 458.38460075891135;480.0105049924779 36.39976580966879;-254.51470642429007 -189.0165741683387;366.12790546769656 334.2776296132887;249.16336336934341 -407.5189090752582;-181.61412571034953 449.3728444532743
500,10,27,BBO,2.8242554446676075e+23,138166.80405625462,2.5986076295333307,nan,3030,3030,0,0,100,0.0,1,-330.99139487715036 142.07114003707738;7.369842695935745 -421.46671209859676;-480.1604496371623 -76.76669787583035;212.69631132208815 350.37989158668313;449.13445818143464 177.71387262229473;-131.63146046559217 408.74244499685494;-278.73282476021484 -406.3610195902877;227.9422215817027 -37.306305451656044;294.94976070027235 -371.6296356143618;-77.31696634960184 -41.797155296792084
500,10,28,BBO,3.721713889896557e+23,138782.3659621238,2.5986076295333307,nan,3030,3030,0,0,100,0.0,1,286.5210916394533 -284.6799149273014;41.67277265243479 146.74852583264976;-78.14980907068968 -141.95333536186195;-18.38921146200198 -455.633913005303;-55.98873068592445 455.3871905718264;-249.14055669352052 277.0597379397442;469.41786662252537 92.55207940678633;-388.9454011094474 -165.67957055483674;-475.4419693227705 135.4896216821228;255.99124187400434 377.7075445059804
500,10,29,BBO,2.7126254078174964e+22,141381.32405557006,2.5986076295333307,nan,3030,3030,0,0,100,0.0,1,340.17088861376953 347.3863672853454;129.3507137048772 -24.50074652382341;423.67548006521474 -97.27729943879393;-185.59166000538983 -71.38919134884026;-17.05523275039934 -487.1420703180868;-486.9947488514772 87.59734818176548;17.83032519011533 284.4434735783965;-282.4242399385072 -364.7150850514228;-287.56599946759866 338.6140736778508;281.36986544759645 -380.81625002106625
500,10,30,BBO,2.7917334932262203e+22,138924.75638766587,2.5986076295333307,nan,3030,3030,0,0,100,0.0,1,-297.29312918567666 30.450519245208852;202.45137391503624 -357.83416722921027;443.6594328475629 230.53605177835527;7.025073174000795 -91.90721216844821;183.48443399980158 438.01924397054233;-419.90080982788083 -253.39138964164565;-132.05601917181963 -371.42449280465206;404.6473712754953 -145.91593922526533;-244.0418429412332 434.2720670255611;-44.254743214764744 207.2541821856197
500,10,1,GWO,2.6135134045303455e+23,137770.62837299626,2.5701228449,nan,3030,3030,0,0,100,0.0,1,-230.97561327241382 -51.38703988348764;-6.02443784511031 -208.75346425017472;-9.778025573584529 153.24385092263825;21.71763080175023 470.83371644394214;298.996926178235 -380.9603188638582;464.05342599938234 -96.35979902959089;-290.05908420480654 297.17253715164145;-500.0 0.40367774880558255;2.8448280181663073 -499.5760160380749;318.0013935630923 193.2968971467949
500,10,2,GWO,1.1025112378935336e+23,140125.80708972964,2.5701228449,nan,3030,3030,0,0,100,0.0,1,16.873455432500133 499.35046802271717;-332.0302400054613 -356.9566897351502;-160.70592997416375 -66.69043771955141;-463.6142654477388 0.8492578026017218;183.1001174157603 -2.6955349541677673;481.1804740419716 63.44575192731833;-0.041432154532268874 214.07107439308822;2.7191582203614115 -391.1442200937019;322.3107654854434 369.53500245450596;404.1591638450711 -230.7864672735495
500,10,3,GWO,3.7499691766717574e+22,138971.26291169802,2.5701228449,nan,3030,3030,0,0,100,0.0,1,-305.71046128602734 -272.69060548182694;-5.142967491720609 -474.32006379789937;-51.63099783603585 -0.8965362679614227;-273.5208568113472 212.12858644332627;-123.17271271653881 480.05305493463834;126.56731567127788 266.54571888094966;221.21833246139195 -105.44941382745746;-495.9447626770061 1.1867012090656586;296.24354204564 -400.2283823684338;499.6395963813796 -0.28095527526400504
500,10,4,GWO,3.022675485399346e+23,136519.56866252632,2.5701228449,nan,3030,3030,0,0,100,0.0,1,-500.0 -2.1714121734267153;-298.4145151905611 398.6414262644079;-323.4132255550118 -357.217947091126;-252.10798605542917 116.11717758967161;152.92786226325097 241.33711707198015;383.59417741670586 5.5481196770369605;-14.955090364831527 -393.9010958780049;305.61671070624465 -316.300362418356;-5.54815245258892 499.56289637155754;-5.092586248952347 -3.635956161756429
500,10,5,GWO,4.3455460936923197e+21,142168.1752719627,2.5701228449,nan,3030,3030,0,0,100,0.0,1,-72.09834502624567 -202.1186600331945;248.14082915871526 -201.36298434279425;69.5617635515578 69.85930986438721;-94.7755096425458 449.6604270185385;-228.01764890636437 129.13208399602675;-352.81661466809663 -343.23330739523675;85.47274663157451 -465.7046045377986;333.0900648274546 307.7793172324357;497.8687597996684 -3.1359680460854436;-499.77994560940397 -6.07491770815948
500,10,6,GWO,1.9353389513035625e+23,135335.34397814266,2.5701228449,nan,3030,3030,0,0,100,0.0,1,21.614378129182324 -435.6228742442658;414.85583455818534 175.53244700260316;-276.08546327424716 -373.52287897580794;-24.419673737708905 497.282869858321;30.806024770129312 209.53339751641457;-224.45224072169006 100.11637147501;-300.6676909379233 388.4086764628375;-499.5063444482716 20.119752617769333;370.18282609706097 -120.12019598418256;12.292454770366193 -94.43358919126548
500,10,7,GWO,3.0130018495403048e+23,139942.89246469823,2.5701228449,nan,3030,3030,0,0,100,0.0,1,128.58209766176194 -410.3629888029586;-481.25657969059256 -5.423133853159707;485.8735581675456 98.23594347156113;-363.7516324259821 271.0662590490806;-5.285497837345916 499.87921873783216;178.890148364447 -6.4129025822020145;98.35690885631838 253.50853809081124;405.4146137409386 -229.2445338902456;-243.43955807530384 -336.55383347349255;-176.43052942800946 0.1902843732838347
500,10,8,GWO,1.9726491553828207e+24,131159.34572212226,2.5701228449,nan,3030,3030,0,0,100,0.0,1,-334.84602067736427 347.83355996157144;-349.7366945741597 1.6541998105361888;255.04108306610829 295.8756481763924;493.1857573220274 -79.95287520556592;-58.38948218829059 230.16786208614772;16.990614767550994 -16.68589278966714;262.40466401169385 0.34067971709646866;-26.73177197657887 -251.77030871089622;5.831290795733163 499.97008875357943;-1.651766885867163 -500.0
500,10,9,GWO,1.6556703146063944e+24,139200.69505897065,2.5701228449,nan,3030,3030,0,0,100,0.0,1,244.7398876934484 -39.2735923787213;-4.398658807595496 -1.3301902861433377;-500.0 -0.7821101661937989;499.0805401343908 4.4832087931876865;-252.98782478369682 0.946789515167064;282.3470634731524 -385.49837606249076;-1.319350339352487 -499.48652884863486;-95.52133147066824 -257.0313948480015;-397.7694232398721 -291.10483258644604;39.93603309117204 324.9164879395709
500,10,10,GWO,7.75784681533068e+20,139509.45147096476,2.5701228449,nan,3030,3030,0,0,100,0.0,1,353.4086228466067 307.73096689709445;-193.8785470563181 -34.12642395978625;12.264810873572765 190.99076314766762;-314.3652055882833 283.0331725419265;1.8959927376167647 -475.46877731932983;-298.7049275542657 -367.30606136635214;4.895833222188586 498.764128660522;450.9627420718054 6.054586053700791;160.39026706019305 -205.9244513361167;-499.7755343676511 -1.4753931521873387
500,10,11,GWO,2.18659835155444e+24,129359.05250540414,2.5701228449,nan,3030,3030,0,0,100,0.0,1,7.054026471356997 -30.383738524953724;-310.6667998333187 -261.54729525040807;-0.032271066813334075 -500.0;249.16044171497626 -3.6998045676213933;500.0 2.6767075302258956;-111.90870923466302 486.8483379586326;-356.885764492695 70.6578609622404;4.187937581449351 -264.77325999402046;329.1098488669163 -299.53527924820065;-50.94442590646998 222.86049710299002
500,10,12,GWO,1.4737942117709184e+24,133430.5470262476,2.5701228449,nan,3030,3030,0,0,100,0.0,1,-3.323678984740312 498.65632840196275;247.460901055117 5.946171953647107;-35.57537499212206 -301.02529022842987;-314.811322412985 305.19609985491223;6.071016596479372 4.219060276076907;322.26933284571663 -359.4146018577666;-4.716837936436337 252.7628104056857;496.0372708301491 59.58937879303173;-305.39789695030436 -10.600058411841884;-345.61093328743914 -308.54847101559045
500,10,13,GWO,4.917212323821095e+23,137528.48846292685,2.5701228449,nan,3030,3030,0,0,100,0.0,1,245.1045674122751 331.5328773857113;234.5210623912944 -3.063191156894048;-5.312886509089764 -499.10708595057696;-269.48160638817194 -278.5788935193255;48.29307437683634 -226.56037831963576;363.14031799136046 -292.9167096668184;-62.106992491901515 463.33394037086464;-31.10409135288511 39.693520484661015;490.6764576524353 88.90244393146185;-442.9806810437674 -0.07927365926574781
500,10,14,GWO,7939.294026089425,138083.76584409963,2.5701228449,nan,3030,3030,0,0,100,0.0,1,-3.0342411846944537 -497.64288376720543;237.96582951127263 -79.14386582487795;-356.1594364541483 -338.7927425445652;-309.24389089110065 335.70610054242684;4.321223852733014 153.2785441636549;299.4652793795298 -397.2774382971866;-65.09359801838879 -167.093948605161;-329.8656129646434 -0.15599048761279993;376.23156923145035 228.99705857557947;-1.4187690813237086 487.6585116042561
500,10,15,GWO,1.0801931824098732e+23,139729.87141436245,2.5701228449,nan,3030,3030,0,0,100,0.0,1,-99.15943489060017 -0.038999004067001644;61.621830872539306 496.00506537872667;-228.94007496304752 -274.9916699597282;182.49194098956085 -8.500978004591802;335.375426929904 331.0078569097086;-158.65892742457675 300.4194404562409;-470.060573845291 -86.98194757840157;-442.8554592013051 210.58156330716076;-7.304448110594227 -490.62235521942785;488.1041666486919 -13.390809266317527
500,10,16,GWO,5024.7534255588835,140998.30644463017,2.5701228449,nan,3030,3030,0,0,100,0.0,1,453.43865571636917 -191.673747516956;230.27822965224877 34.55141134994244;400.0629039402916 296.782697758334;-304.96378650449833 325.36672316155096;206.13475747495207 -443.0321447963631;-73.15726200150674 96.21249956363404;-455.38861747000175 -0.6050371290939205;-345.2142765483577 -321.0358744215252;-16.75249063666631 -223.55202969636767;-0.08596197624508767 476.28979062054833
500,10,17,GWO,1.704279911965033e+23,138600.07296477607,2.5701228449,nan,3030,3030,0,0,100,0.0,1,498.34152456843736 0.21748367420005066;-397.9120864717779 299.4623163011539;70.6647954781825 -482.3984511554275;-387.79894346462487 -6.647388399279943;279.2516019635189 319.5397435397343;277.5185440160745 -236.60037226311354;-102.46079461206621 237.72222446117541;-0.1566377430495385 500.0;-158.90180399440206 -260.0261971447464;42.01797332419107 1.4104660789923076
500,10,18,GWO,1.2415472519863025e+24,133664.4943879926,2.5701228449,nan,3030,3030,0,0,100,0.0,1,174.99402173614237 415.5904721775958;-266.163207057673 -86.85447111479938;-125.26040039250596 307.5658151245163;495.85172767414605 58.27588582371652;2.5801405208481376 -500.0;16.62997725329463 -245.11646680338586;-452.3294681952506 187.8460276022155;239.9661082172746 120.87046655298145;22.18516105102636 1.3375380969856352;-274.5883693152318 -382.6604443793946
500,10,19,GWO,7.566442247134403e+23,138001.48730325882,2.5701228449,nan,3030,3030,0,0,100,0.0,1,-1.78585986570973 -493.3933985429033;-295.3439375390053 272.27764595425924;500.0 0.7546879830697047;68.29761553113535 231.87518043724234;250.62433982271625 0.478291352864922;-3.887493337297555 499.20000492859145;-445.3427429082174 -0.15143631156744414;-0.8058365645612606 -49.84164953938021;-270.28364032813465 -334.55734620641806;324.1296467831682 -319.97262470623895
500,10,20,GWO,9.693740747010982e+23,135113.42882638058,2.5701228449,nan,3030,3030,0,0,100,0.0,1,229.07287154570338 -441.8017462834817;220.02974059599543 -0.7516315323773042;-6.525310431337721 -219.26681869984114;-223.94318539402323 5.662300490220861;-486.9664095747001 105.473870912645;3.0038080058619925 485.1391805042102;455.10495856799724 181.5113121313666;266.3989646345297 407.6617934456884;488.60293284236195 -95.87893787443254;10.101630464670931 123.4534189432013
500,10,21,GWO,3.912174919133539e+23,139395.4380638895,2.5701228449,nan,3030,3030,0,0,100,0.0,1,189.01281718860844 10.556702511434702;175.25612217623151 -279.82421708728583;-75.90707756804541 -134.56967426235803;494.59614231063136 36.34305638540432;-178.69250914980057 151.15228912665614;-5.207372666049281 457.49280330282426;1.5826470698193151 -499.6348512387415;-471.8926474942975 -1.0441269343466468;-301.332026701091 -371.05758581130186;436.83111298439707 -242.3222095961138
500,10,22,GWO,1.653826337709028e+23,136595.74620065695,2.5701228449,nan,3030,3030,0,0,100,0.0,1,-160.5646369719659 27.863105041732013;-368.2695349872095 -321.22660345067885;-23.42067028896072 -225.2966872707016;477.4150843350203 104.27975668973461;177.90892510092092 -10.03990738821903;5.7833047679702005 -499.5721063354211;-481.76929115985916 -0.12179923826966958;-202.45439779264711 379.63494965301896;334.04552922841805 -268.21050477439525;224.24435380561917 320.6149088782183
500,10,23,GWO,2.5128246788599915e+23,139355.88392127812,2.5701228449,nan,3030,3030,0,0,100,0.0,1,-2.314475088028333 -500.0;0.8523541058930159 185.33989156647672;500.0 1.0840456439724155;-387.5506873068095 -279.9294364741723;-292.49194364974466 350.27333171593176;27.62351033225163 -212.9219985943329;-261.6741763120175 0.5066398871541473;222.78182790746632 -20.055029979712817;128.79865495995605 471.37402604830055;397.1477909446591 284.12179682205027
500,10,24,GWO,3.839182032182817e+23,138234.4948926077,2.5701228449,nan,3030,3030,0,0,100,0.0,1,-1.163726376516182 438.71316607958926;-355.6024075495102 163.9278663103407;483.8010728611369 -123.20680370352603;-459.7651401618652 -130.04290352707855;-1.9583346993390236 -3.7605243234547694;322.65013833993004 -372.80330103553246;51.5897904689727 -493.76616238084284;289.0558137115477 325.9345175918357;262.68900500066843 24.187308832119868;-201.15702621137447 -327.37987456553816
500,10,25,GWO,7455.475217593659,138567.5846525954,2.5701228449,nan,3030,3030,0,0,100,0.0,1,370.21636254553727 315.39959117374246;327.1692568522021 -369.1522425924575;-303.9270303250997 332.4750172749022;-4.236312759409394 121.92988176784525;478.9192885208354 4.050214359975647;0.0938260861166151 -499.56156526590445;75.43797207584743 435.4022785348232;-428.5827713648799 -7.621820801964225;-330.21993105228705 -341.23373823533893;23.678330876330552 -189.58135297752946
500,10,26,GWO,3.0101288084472673e+23,136278.0592391213,2.5701228449,nan,3030,3030,0,0,100,0.0,1,498.0798316590014 5.296893465389362;2.622842048442937 -213.64664230791774;4.900883076500882 499.750713592928;-196.13961198747128 6.993182822828433;1.9661159142100697 -499.0052072242077;53.76246763336231 222.37433138682294;-292.16950912058536 -326.5412179602096;-276.9334113060376 368.681434248657;-488.14707134159835 -75.22262949159757;210.46927882508177 -3.496092636036094
500,10,27,GWO,2.9192060048407797e+23,135703.44559520454,2.5701228449,nan,3030,3030,0,0,100,0.0,1,499.56131338124123 4.056552918279787;3.521240751255396 498.5081521598454;270.6218442715977 -144.94458828007728;-0.426074127465564 -81.93008682991251;236.85889803447174 -438.4508465762311;5.553862299843243 206.3597221222775;-341.50946348903454 -308.3634303600991;-354.203125638858 2.630108865952588;-66.2871492901855 -442.37917422751747;318.7872888743518 274.5825253891931
500,10,28,GWO,9.672261176428356e+22,140200.99010034345,2.5701228449,nan,3030,3030,0,0,100,0.0,1,-498.4492403503753 -3.562985711810624;191.99523842916014 251.75959032808078;-408.94990658788623 286.86333898818935;-250.4851489512843 -193.7898719254939;448.60753443511356 49.905653938874195;4.77714407854663 498.6462154156306;7.127383795503264 -23.053322461177316;-118.38474784999494 229.9421799258066;-1.424744652969533 -482.68827069750245;268.9974782759284 -288.6848775245164
500,10,29,GWO,1889.3675480490201,144133.69232214004,2.5701228449,nan,3030,3030,0,0,100,0.0,1,-328.8337746524234 356.64999881077864;-180.20003622899313 52.29027691117924;139.76019924399233 -43.567328693249486;473.47972733756643 -120.02760389797696;-8.144917989688238 337.0267864833356;-54.47222299783101 -342.2278872667023;266.7765521727562 -388.5267521137391;332.8915245929708 247.7327307390742;-373.1084773979396 -325.3792294934706;-488.561273281707 2.3558261315121425
500,10,30,GWO,2.1533023485456396e+23,140303.53056026675,2.5701228449,nan,3030,3030,0,0,100,0.0,1,466.14875384366593 -128.11972681789507;-127.97946391572829 -227.20812383301245;285.0996893061892 129.45828002741305;-4.720283134181002 -497.8741645015252;15.12801409653831 11.013972425590566;-347.66222092730305 310.0128041723361;-4.686912386730291 348.49761766587625;-468.6505817018326 -0.8093203181005918;173.81331239935787 -246.98433635065655;-395.40307813500414 -302.8950636362667
