Radius,Turbines,Seed,Algorithm,WakeLoss,EnergyProduction,Runtime,RuntimeSingleRun,Evaluations,ObjectiveCalls,SurrogateInferences,SurrogateTrainPasses,Iterations,GateAdmissionRate,Dataset,Coordinates
1000,12,1,GNNLXSSA,3475.054633011634,93833.95082683825,13.5376564341,,2204,2238,9000,5590,100,0.0,2,-979.9391818086231 199.296763536808;887.8835629871048 330.40648833005764;4.282700669049657 -596.039512109294;-525.0097965292124 718.5335994459638;253.62176809457355 -967.3034677641666;-900.1844538587927 -435.5088392110393;724.0021037226782 689.797762974871;676.012428768086 -736.8902198774748;-274.00331734868865 961.7287466234509;-99.61954138684504 -995.0256011650528;-645.6060126712878 -23.115623250454462;-16.631818183596405 -47.56481015497407
1000,12,2,GNNLXSSA,2954.2228466234956,94354.78261322639,13.5376564341,,2188,2238,9000,5590,100,0.0,2,232.58899563877097 -965.4468035995716;281.85541202356393 433.8851701524933;-0.06905968044318636 -613.6945615173781;999.815959057797 -19.184577486552374;933.7344852153338 357.9663547313565;179.06284463914085 983.8376378598955;-829.7296988857252 414.1228052503451;513.5263758736047 858.0738087612983;-492.51389243376883 870.3045821778361;-172.03943348533738 -116.94390099930682;-924.6606810368853 -114.39158504880452;770.4419146691504 -513.7759207382907
1000,12,3,GNNLXSSA,2818.5934723904065,94490.41198745948,13.5376564341,,2209,2238,9000,5590,100,0.0,2,936.6173572890185 -117.07449847550737;-674.6815876493922 -681.116577718123;331.76538740010955 -539.121695693966;-106.41367196475966 990.6209662008175;-588.8230745674715 771.6859959861832;669.6788084372677 741.8509527607782;201.09919073211458 -926.1258314872535;893.5292361962402 -448.960733906607;-406.6768384557818 -913.4179344808196;-986.9036033530328 -152.4900217618493;-946.4101738608662 322.9024165839525;952.2077401748381 305.16224708167823
1000,12,4,GNNLXSSA,2477.1752680834616,94831.83019176642,13.5376564341,,2199,2238,9000,5590,100,0.0,2,-197.35695040020173 980.3316959727111;-255.47953389926897 -124.2323555929313;474.6487625850115 298.4257499396585;-504.46159017991505 -780.8759537186842;285.3095157442538 -821.3174547312797;-861.8036565540443 507.24201082922804;-997.0461404261836 76.80490779403999;994.7966490558596 -101.88045458886064;719.0565547988464 694.95156018302;-382.33663662617045 -441.06541242385237;974.6145860274224 223.88927777496608;903.5995154349308 -428.3782390665498
1000,12,5,GNNLXSSA,2958.335984508536,94350.66947534135,13.5376564341,,2201,2238,9000,5590,100,0.0,2,811.7126938507217 19.6594595334504;610.6943807023011 791.8663860643618;-818.2923065936642 -190.76030678048772;-629.3360768471072 -624.0506936069585;757.7332527162179 -652.5644165353335;-31.83012877027444 744.4734150989844;-943.2505721270472 332.0818546412888;242.13792799299702 -625.1521556079521;939.7030445594182 -341.99150288532;-603.4965057421604 797.3656423228948;-83.96635541762353 -996.4685901511805;-64.67030054381222 254.76528124152608
1000,12,6,GNNLXSSA,3105.817751477167,94203.18770837272,13.5376564341,,2204,2238,9000,5590,100,0.0,2,-667.3384871621639 663.8479229656871;-457.3522616486904 -524.2812345677219;-749.255643802876 152.07003575602465;0.5679187041333991 -689.4941882299554;-492.6185868925952 -832.9138307716055;750.0462039414574 625.2208845506461;31.284782377281605 -95.11351438653884;846.512531611575 120.42602018698022;789.3320603759532 -485.5457449086048;-98.46244565416295 388.4264547416648;331.8952063464439 835.7701652247429;-153.19670309562068 978.9309881376582
1000,12,7,GNNLXSSA,3066.8023338936473,94242.20312595624,13.5376564341,,2207,2238,9000,5590,100,0.0,2,149.5611141359709 678.2804208125418;-289.01307945576644 897.5393474951022;-999.9582893073305 9.084366755546654;999.4757346904297 -32.29185693468811;-146.25865149667288 -345.2932616364941;-389.922893190171 -684.1714151545899;441.84185955819515 -897.0905724039543;935.5489224264601 -353.191091661373;-546.8340509072364 155.06298029630895;-921.348360604327 388.7341585124128;-184.5403704168887 -982.8231299832224;-846.5983383494276 -532.2289714776385
1000,12,8,GNNLXSSA,3524.7366273254156,93784.26883252447,13.5376564341,,2204,2238,9000,5590,100,0.0,2,-519.9158528471947 -551.6567711492831;137.2380259788423 988.9026544514788;530.950743668768 -847.4026833787948;388.7702154483155 191.13186459956736;-113.95392685775359 -618.698532236895;191.38752123903288 -724.3220352489951;828.9602544405428 370.1018317084322;-976.2141712597255 -103.39782698261871;628.8239769288874 -268.03884821607636;-498.73504157989873 -859.7778063583183;-627.1788788188669 764.0649429947335;-931.2178221002602 349.61216983919695
1000,12,9,GNNLXSSA,3689.145453539939,93619.86000630994,13.5376564341,,2205,2238,9000,5590,100,0.0,2,-487.3542869972039 -760.5062559715876;622.2837628157056 -782.791251678338;272.7084942547486 -962.0965967049123;8.074525682682511 -589.1591434421896;848.2081053671285 487.4481349170254;-368.92803841160156 -226.40611473177293;390.8873197496945 11.917449708846743;495.0759881809963 790.9396417613916;-895.7532177333824 58.16088190159529;-130.10247592998587 455.34127506872244;937.692485894793 -347.4657106718805;999.449355704405 -33.18049660439344
1000,12,10,GNNLXSSA,3628.9955658533,93680.00989399658,13.5376564341,,2207,2238,9000,5590,100,0.0,2,-463.1698495944807 -869.1265755060894;212.94461872932837 -499.85079064258423;950.5834099709579 -306.60077030652036;-767.4384908390855 -17.50693716300223;-184.21585243860446 464.35861104486685;533.293395893289 845.9303481354737;479.68550866074713 -861.5580743029377;-156.20629788011908 6.336907583211209;-54.04672825228745 987.5271370578163;-961.7745806047441 249.17553709992413;985.9330351544863 78.99083255110206;-92.91734335867915 -991.9612561599374
1000,12,11,GNNLXSSA,2916.328726256237,94392.67673359365,13.5376564341,,2199,2238,9000,5590,100,0.0,2,214.4851842236306 -88.89690967457506;-748.7057026103923 184.39435088615508;974.6617809155946 215.517279442145;-637.3306092864615 698.9491433066398;650.603304490064 -160.0095589489566;123.74850929863973 -524.991442324989;299.0845879866829 946.4853374004872;-854.7167060791365 -519.091732857752;-39.79701028845119 -999.2073776030578;753.0779035797027 -657.9298202257594;236.41444349098614 452.5279392341936;-141.41627651676347 977.275070674963
1000,12,12,GNNLXSSA,2930.9617620127974,94378.04369783709,13.5376564341,,2203,2238,9000,5590,100,0.0,2,203.57442106896315 -95.47942057278671;489.3274663403163 -483.6595687469288;-878.1263768698315 -376.9613434413899;131.3786569458714 -991.3322593858726;919.4572171179163 -41.70036083302407;547.9686215967058 -795.3590318375783;-530.7262704795847 804.9547137680967;-162.5547294246004 986.6995287024794;-973.3085162685485 197.01007270142787;429.551054978111 531.8577586732663;-852.0014946024526 523.5393520979935;403.8295422727671 854.8910039073979
1000,12,13,GNNLXSSA,3545.4609926553094,93763.54446719457,13.5376564341,,2197,2238,9000,5590,100,0.0,2,684.5743484613753 273.44518201491996;-607.8037885385412 -721.6080368437175;-197.77159834751856 -980.2479458029466;830.9194574718096 545.0721714489313;-825.061032776129 -403.40682434311776;-395.7647734423815 -84.56968413854707;369.9134400718505 -454.9232258394626;80.18832539659253 107.08485701976005;247.63940384674274 968.8522383649808;-849.2217803979241 528.0363018244377;-411.24811148333225 911.5233290787529;345.43934911972394 -938.4409766726529
1000,12,14,GNNLXSSA,3283.141730059957,94025.86372978993,13.5376564341,,2209,2238,9000,5590,100,0.0,2,-430.42987735099416 -166.29358338082332;636.51942358207 -771.2606715000768;-223.53850990283948 -679.9330568559373;994.2205153266647 94.48816006594957;269.34686532472705 -221.70835865224876;-68.13291351736477 997.4214836008684;-762.0295391658863 627.8018571180412;-460.3876599028118 522.2033410683526;-976.8966864918116 -213.712105228785;834.3272410698196 -253.2146837530357;-74.3906115918912 -996.2791761200956;732.5456146773649 519.1925052679013
1000,12,15,GNNLXSSA,3162.687250623887,94146.318209226,13.5376564341,,2203,2238,9000,5590,100,0.0,2,-996.9014129378614 -78.64316830645163;918.8484800840343 -94.16082449328978;-817.693723788004 497.89081972670704;-973.5373998931027 228.5268404893657;-667.5872622953012 -680.9758802320407;167.83608352023205 -64.14007660830502;387.8103103999417 418.6384557944229;117.04605710088951 -830.2939531939691;-197.90428849133866 -980.2111234548676;-413.91167581374333 910.3154526385707;304.303164894214 944.5254173445633;675.743986334873 -737.1338338375248
1000,12,16,GNNLXSSA,2720.5052382421127,94588.50022160777,13.5376564341,,2205,2238,9000,5590,100,0.0,2,832.7084970391633 527.953241118065;900.6367111972679 -434.5727953332662;600.9800603869539 -799.2640158403811;977.1944622694303 212.3463748453428;-858.6708693314299 -512.5274023519196;-994.3175204200966 106.45500733000168;979.8007411959916 -100.92823739946684;-245.05578122221593 -575.9753118748991;-783.5373407131367 621.344699589677;214.54633721291552 976.7138113022269;608.135031407357 793.8335994244467;-36.138612636289146 -999.3467869947469
1000,12,17,GNNLXSSA,3277.634481129033,94031.37097872085,13.5376564341,,2205,2238,9000,5590,100,0.0,2,600.9538456622759 -741.0659387467931;-737.1546623089156 -657.5374034167879;-622.012064301836 783.00584928491;-82.79386396044261 237.48072613560586;995.2991849721049 96.84119036939575;-263.6715886842242 -588.925588124498;680.3511638825494 -58.34964207055196;81.26772821136723 995.0206760107998;-894.5769188151729 446.91105717893566;584.6470946772201 808.6652350470026;-101.69493279272146 -117.38900792650364;-991.6305961368549 129.10331218807886
1000,12,18,GNNLXSSA,3483.559177744697,93825.44628210519,13.5376564341,,2194,2238,9000,5590,100,0.0,2,885.4671740156257 -464.7019299946813;-536.813695402918 582.2677583521112;237.51381558895523 -754.4411199034569;-923.0136937925377 171.92752133153115;454.9597983497265 843.2070025081557;518.3809053688421 441.78231598770645;920.0028462492425 -69.84960607880042;431.38317417916437 -222.2661390509918;-52.06345507585899 -998.6437786546131;-208.00413374346826 -147.0484858269261;-423.5883094975283 -463.1006181152039;-532.5309186827063 -846.4105508835253
1000,12,19,GNNLXSSA,3424.5800434395205,93884.42541641036,13.5376564341,,2194,2238,9000,5590,100,0.0,2,-557.9077985780199 -233.64484959545152;-611.6300690645684 -791.1405197142353;332.116170709051 -77.25665691839045;202.50961583754537 930.770751153619;-986.4317715657098 -164.17173948562277;-735.257966445179 677.7862616492738;512.3596058600084 823.9757717863765;-978.7622752172707 204.99463550186013;155.08718495699262 180.2381854604797;333.3623785931878 -942.1735243576585;773.9346656302718 -551.2197447165229;-806.2261283026916 -511.4778614715461
1000,12,20,GNNLXSSA,3560.5121261591994,93748.49333369068,13.5376564341,,2193,2238,9000,5590,100,0.0,2,297.4552476452639 774.4270042538157;389.15502217047145 54.785292109982926;-284.66223469012544 441.8022016406435;-586.951106128894 -670.4870247080223;-771.7022951001918 635.983644653654;612.7845094521384 -790.249828389028;897.8577057256362 -440.28351997807204;-623.1902013874032 -364.32337775230707;-320.4491611439817 814.4293224057485;-55.943338695343016 998.4339451639343;906.9010192306611 421.34373297628144;-372.96622917547217 -918.6318270612944
1000,12,21,GNNLXSSA,3490.2062320620607,93818.79922778782,13.5376564341,,2192,2238,9000,5590,100,0.0,2,-65.69901640494703 230.6849673888068;-161.16120131034424 650.0672136805421;800.5550932425922 -301.3457388094899;-824.6331024873715 -565.6661762534497;-521.9640852362809 852.9674470046552;90.53883156590882 995.892835817558;-890.1680231575109 455.63225030265806;834.4786615646592 516.6816168772873;354.3610061078391 28.2407845193354;-890.2339800321377 81.7727575893951;-10.145415642591594 -999.9481757781543;631.9982211888812 -774.9688013467144
1000,12,22,GNNLXSSA,3120.7546692583564,94188.25079059153,13.5376564341,,2196,2238,9000,5590,100,0.0,2,-577.4777911055392 -25.319665284242458;-477.67490626250276 781.8196824486895;-495.35071302331346 -399.6546010720685;543.5561989154672 643.1487094474336;-648.9150006383693 353.53346098869724;-189.18591905289244 -981.9412854300975;752.9869764536755 -411.5632323257524;-828.0682330973578 -559.9983765248119;830.2916213813962 57.78419250408161;-47.603442565409345 -176.66693057461663;654.1345068601983 -703.6900691726261;-246.3765868326707 -679.2777572391504
1000,12,23,GNNLXSSA,3467.930361615101,93841.07509823478,13.5376564341,,2198,2238,9000,5590,100,0.0,2,-551.0921805309316 249.1836430917714;619.6559610397412 784.8735502919656;739.6816726178919 -526.7068703764426;-861.1177712002217 508.4055311689306;-249.47454844463306 968.3813554991372;-953.7835969461237 -300.49434303579534;429.9870011272447 -902.8350784399101;580.5780635008527 255.45480138662307;-615.416056806047 -177.97383289777613;-253.00742271132322 -899.4264395707463;833.0073546460062 553.2619154665019;-645.8882184287298 763.4319938900657
1000,12,24,GNNLXSSA,3301.248722290693,94007.75673755919,13.5376564341,,2191,2238,9000,5590,100,0.0,2,-671.2095792487696 697.6725934783606;-976.5095083460533 215.46060586339485;930.492352748503 366.3100327078637;404.5933659639852 914.4936558916143;244.62134777384273 551.5336476008885;707.1324458501372 707.0793180429185;-627.5577298317526 -362.78690396080833;334.4160699107148 -490.66633111095416;393.167107342176 -174.6647965649713;891.4746735379151 -80.48406232587246;-743.8899199291374 -649.3373277649457;-319.9196804121954 -909.2155665626381
1000,12,25,GNNLXSSA,3248.1416539192287,94060.86380593065,13.5376564341,,2202,2238,9000,5590,100,0.0,2,-873.7832698705818 486.3154712685078;275.4410198639086 33.093071082738675;-810.6492807426059 169.06506925470046;-817.3262013729751 -576.1752168821763;246.1889070624092 -968.8612900686734;-355.6009584196682 934.6378755277432;778.5628978495948 -626.9951321793818;996.1920488883154 -87.18601798281742;112.06988328768858 760.578644909408;766.7858490085592 641.9026386964756;-21.771864225152907 -651.3060546821223;-334.73798704753784 -942.2868135830453
1000,12,26,GNNLXSSA,2984.4596133603336,94324.54584648955,13.5376564341,,2207,2238,9000,5590,100,0.0,2,135.29428726828945 -421.5770148315097;445.63136794523325 875.6418666760125;726.419849279645 -584.907310276206;-309.55366622344104 493.7946160404004;-995.7777019716647 91.79743055244305;496.6767804640119 313.3407173589459;-627.7457719619038 778.2081168570604;-137.1245316419264 961.241697319694;964.1117306684218 171.11860957886086;-914.4756482416465 -401.3495782080407;78.38771731470295 -996.9229487649435;982.703497950781 -185.18594740233203
1000,12,27,GNNLXSSA,2898.8141016905865,94410.1913581593,13.5376564341,,2195,2238,9000,5590,100,0.0,2,-720.375942925804 693.5825778850044;-330.46022232347394 943.8199200387329;-527.6010660115992 259.86845019591544;771.5298624910212 287.4519850676221;-283.4005910693184 -776.6925194822735;538.1681936583085 -842.8374667363532;-674.961564220882 -104.42467098914379;-798.2741033262923 -602.2943266863833;705.020466318494 709.1869584757276;794.5643804081479 -134.6390732467358;70.11857731620799 -595.3023851875495;-999.0611861254823 43.321430926787
1000,12,28,GNNLXSSA,3105.6311717002973,94203.37428814959,13.5376564341,,2211,2238,9000,5590,100,0.0,2,-999.9496686256482 -10.03295646638257;-315.175157393738 949.0335189875184;-567.1216922112225 -823.6340123036927;857.58155019493 -514.3480191127994;-81.40148361485846 409.0260711809828;912.9433378631891 408.0863411720846;152.3127373550715 -327.2876466559917;-907.2045330330068 -420.68983258971684;-819.7190220194941 570.2278457935595;227.39826876878388 -973.8018419375474;994.6476742374268 -103.32475082998116;-366.5175823101463 -589.9072381905285
1000,12,29,GNNLXSSA,3048.2660421291075,94260.73941772078,13.5376564341,,2195,2238,9000,5590,100,0.0,2,161.11257437725376 -986.936035605922;330.632266234519 -58.55929333246682;-589.3775317788635 -423.99693588841615;534.5153940990137 -845.1587386232103;634.4449900676902 772.9680165297968;-715.1200761657703 699.0016285135986;920.9977281533756 -389.56794623829177;908.1719329394623 224.6960979493048;-974.5192604685576 36.58619256623829;151.16492877071485 466.4653055277141;-631.2321592078515 -775.5939409135385;-212.3507829823449 908.1632948933642
1000,12,30,GNNLXSSA,2871.64780333791,94437.35765651197,13.5376564341,,2198,2238,9000,5590,100,0.0,2,448.67377771507387 -22.036788314214583;-442.04858607561005 694.8307731163094;392.35133516340136 919.8135642401502;-924.8666270069352 155.2383332988573;-377.75578096196267 198.0819641137295;-200.56224528623412 979.6807149494861;755.732415423425 -127.95386837385192;-360.20518600642805 -801.9873447592018;656.1903290662258 -525.977831417686;-513.2077098096646 -468.3505126445264;485.8523870073946 -795.3649359730355;349.4170176726301 433.9336360396036
1000,11,1,GNNLXSSA,2366.12495972724,86833.79671180181,11.078968145666668,,2128,2174,9000,5590,100,0.0,2,368.81645835362247 -907.9651806348245;980.2625689093815 -66.71779325290976;-937.1580554815766 348.90511467444827;-168.16967449799688 572.6813033009424;880.9366886134039 473.1648707834699;-424.95324708154385 905.2152989890982;-161.0318045828571 -396.5812727852217;-417.46046105577415 -902.6030338129187;412.2063478285084 911.0905151574582;870.6511751610212 -491.6437136904958;-846.1154518256521 -532.9996643356094
1000,11,2,GNNLXSSA,1877.114665971647,87322.8070055574,11.078968145666668,,2130,2174,9000,5590,100,0.0,2,625.4377658500919 -620.1835144216946;320.7437726426414 -947.1597950885167;-719.8950122016513 202.92028693196121;-416.86317817403926 -214.71890353336977;478.4401330141252 516.1698135401646;466.01496448001535 877.6480462593898;-496.9233191242379 867.7831994756759;-52.322915848705264 -699.4024356182207;-789.058187058863 543.0103930425892;804.436058520609 -210.45722669241047;773.3868476954328 136.33052274806437
1000,11,3,GNNLXSSA,2011.5950754421792,87188.32659608687,11.078968145666668,,2131,2174,9000,5590,100,0.0,2,-307.55814743917534 -951.5292880115579;941.437598192506 -337.18726059791396;-947.227226106253 -320.5629144537049;-639.3178743360597 768.9425567325703;999.9974105560078 -2.275715553219861;640.9626921024297 -711.0959075740502;789.7656865776431 613.4086405525633;-85.37368041822475 614.0661430222575;-964.4487067804126 264.27011179773905;40.29010164405275 999.1880242024079;478.19731392201265 251.2497298571282
1000,11,4,GNNLXSSA,1778.5010722690931,87421.42059925996,11.078968145666668,,2135,2174,9000,5590,100,0.0,2,-337.0506695495086 88.8329031181479;-676.0617973939009 -643.201478379868;896.209220681816 443.4799051111621;652.4591642060107 -457.1704299539633;378.1679219688323 827.5515815214442;971.544811467288 -21.799856345128138;-548.9504479846381 835.8399681733839;-905.7431233073687 423.7568281456119;-999.1848479111329 -39.43307915128507;-60.366135240947834 -998.1763019206935;582.3996360336315 -812.7631581691732
1000,11,5,GNNLXSSA,2149.0769077319565,87050.8447637971,11.078968145666668,,2128,2174,9000,5590,100,0.0,2,939.6261106883989 338.8600637222946;-599.4861434519387 794.2706024787844;106.48730357573616 -993.535750219976;-38.71772141560411 967.0875530627314;813.3947129588004 -581.7121632995743;-911.8621689399184 398.78028943256027;-396.600797187728 -917.9911806058152;999.1084715050752 20.87952617439096;-870.691557016623 -485.4684300998294;-224.87992757413238 7.313498752036627;-403.13037714301885 -341.61227098725544
1000,11,6,GNNLXSSA,2619.1634791550023,86580.75819237405,11.078968145666668,,2136,2174,9000,5590,100,0.0,2,848.7300228563956 -528.8263876757495;-861.7844953541503 87.13190561984268;237.12145920383122 966.1767557406615;-261.8997305544482 -965.0950891676464;858.8014690246682 512.3085367247669;1.199685338254337 87.78289704783555;-22.60764548636444 663.104420394518;436.91393162562457 -274.54697040656015;729.9748696893865 128.93479601233662;-362.17055000321335 932.1118456013579;-656.4486219165937 -689.5278111248912
1000,11,7,GNNLXSSA,2688.785854741742,86511.13581678731,11.078968145666668,,2125,2174,9000,5590,100,0.0,2,65.55848173430797 664.1869890519724;-640.4236222139444 -66.53748885328005;-666.3833616694347 745.6092913115712;150.28912524993098 -783.5266675881581;584.9462055743668 -811.061262282219;-131.41574780092864 -388.35124712976426;320.24807827592576 198.40747969734264;857.2907485832588 -513.1383428394556;-644.359374635101 366.4078314863899;210.21211842147207 977.6558010203576;-270.2848079030589 -962.7804124600824
1000,11,8,GNNLXSSA,2716.7393269654713,86483.18234456358,11.078968145666668,,2139,2174,9000,5590,100,0.0,2,581.2436578977494 542.8152168682753;-941.835278453547 336.07485514440026;-467.90001120420476 98.20492962881947;590.1374906542075 -732.9685839164431;-771.4208894059864 632.485136582394;-362.70245890325356 926.3993742261212;325.46576172027164 368.02718777965686;505.0220897519343 841.7345779939751;-203.72490391072225 -951.4383068195044;906.827117450898 -272.5822554594028;-989.8614968963692 -66.041618146659
1000,11,9,GNNLXSSA,3310.06978650183,85889.85188502722,11.078968145666668,,2134,2174,9000,5590,100,0.0,2,-17.73958644374625 -439.6978203950211;-452.41276620099035 -109.76238046239862;-342.30225562186763 524.2999768941842;685.5557030378827 512.1837624228892;166.2099415925184 -8.084058864916015;-939.9673170322119 224.84707983075995;-814.0423074238357 -440.02348765862723;690.5241356330793 -646.7460347508655;-646.9627128487268 665.131961954694;408.82756615630393 912.6051673406079;-651.1682892027287 -758.9313783051981
1000,11,10,GNNLXSSA,2761.290030099175,86438.63164142988,11.078968145666668,,2123,2174,9000,5590,100,0.0,2,-184.67503625894193 -919.6991263717948;369.40690595865425 470.0443097731427;-553.6842172014088 651.6148829635845;-152.87415825597583 -221.4461640215913;-997.2412885268111 69.67016936543982;345.0075495308528 -938.1690718266154;-930.2258431198934 -366.9602406098733;268.01160305736573 797.8553192816271;658.5806291200986 -685.5034955969584;35.09416448785645 999.3831536922088;994.3336615169839 94.23955750897717
1000,11,11,GNNLXSSA,1840.690572779582,87359.23109874947,11.078968145666668,,2138,2174,9000,5590,100,0.0,2,249.56051603415708 968.3592044467616;863.7310718444568 -503.9530092483085;140.39494838392832 -990.0955804710342;-822.4068956328692 568.8997258001685;993.8462538528369 -110.76833348336788;801.7587001931192 597.6478784908717;-913.5092402997772 -406.81797881475677;-422.46288459242925 -906.3802243770788;-640.4398909180859 -110.58188542536357;179.23889803346054 -111.30659895783006;-385.7960518973504 921.5406974282505
1000,11,12,GNNLXSSA,2830.505407674442,86369.41626385461,11.078968145666668,,2129,2174,9000,5590,100,0.0,2,-921.5263875462906 388.31574402267535;-581.3292611189048 165.8041064241193;-687.0379416814715 726.6215429576024;908.0193326823181 -388.8971495620953;-996.0206954556761 89.12224314945853;599.1011772264446 175.4284069768934;514.9162035578522 -857.2405166075437;921.8624869899036 65.5951960508398;124.83871371643438 941.7803573097679;4.929165609968652 655.9298975146771;-609.227831460499 -763.5342554750092
1000,11,13,GNNLXSSA,2729.109441378532,86470.81223015052,11.078968145666668,,2140,2174,9000,5590,100,0.0,2,-535.3286696065571 -184.88076561895073;736.0477651192684 79.73193940644313;-178.43033400590215 430.6899776938026;-191.71320856976385 -560.5977020896607;293.96026587534857 375.0938909246597;839.9322871739051 -542.6911083144585;-588.9386296749202 803.5038539550184;-864.3919715852218 502.81852491422006;201.43325038763186 -939.2315830580127;260.82183307195834 811.1192594321703;-931.5774657452278 -363.5422225537506
1000,11,14,GNNLXSSA,2392.002620717496,86807.91905081156,11.078968145666668,,2138,2174,9000,5590,100,0.0,2,-332.253765343925 -515.2939729887458;-269.59758587480746 298.7343768199978;80.41787507742742 -974.6819536121263;-298.3095311270822 -20.597263292276924;511.8564322587505 -373.8732808406233;759.3153685774923 283.74270811254047;740.0971264195456 672.4999951416587;-730.3092045193646 655.953885393111;999.9595691942295 -8.992217573593601;490.5978735242663 -782.7121467181104;39.799192921685744 999.20769825036
1000,11,15,GNNLXSSA,2864.319625340562,86335.60204618849,11.078968145666668,,2143,2174,9000,5590,100,0.0,2,-500.99745888930903 -835.9819878968156;-238.49709179388145 -457.44133737857095;-149.37906677916598 461.8671193884917;983.9757563825087 -38.451895395041205;551.6477466345091 769.5333325179041;-457.44425472765147 844.8247470320623;817.6034235137556 538.4725553285552;27.650651469690665 -946.3741501616837;717.3540638386285 194.38701975092476;-889.9768053835531 -410.46524887791355;-590.3181799250735 188.25660671735085
1000,11,16,GNNLXSSA,2368.3002494981047,86831.62142203095,11.078968145666668,,2129,2174,9000,5590,100,0.0,2,369.184370850969 451.96932790006986;-760.1762128490644 -611.3008466221679;831.6384084657152 555.3175285947781;842.8163417936386 -538.2012764808243;-972.6255541403216 232.37799257509812;704.0774619538145 -61.62716599018926;-996.9754370551735 -77.71729478465925;-801.4741746577297 583.1951521606532;69.13430614069514 -997.607361497721;-276.67191041862014 893.4197602738398;450.93013480827364 892.559249306057
1000,11,17,GNNLXSSA,1744.612773990375,87455.30889753868,11.078968145666668,,2134,2174,9000,5590,100,0.0,2,-208.12595653347506 383.42631399826405;-985.7818399113071 168.02914669545248;-315.0197524489256 -949.0851150276342;-768.2505921626813 640.1386398010327;-330.3894147933314 943.8447089391983;970.3021145918945 -241.89627202273724;-747.58577669085 -664.1649035144553;991.408808511717 130.79974925579097;756.0522803554297 654.5103022638446;727.8029853008157 -685.7862274586855;340.98606537477247 940.0683502917387
1000,11,18,GNNLXSSA,2366.32087029377,86833.60080123528,11.078968145666668,,2131,2174,9000,5590,100,0.0,2,-59.427052002875996 -207.80665306252678;-0.7550081862635374 418.4605686071819;788.6565277085597 25.057716793092933;131.86349433562594 -676.210430383903;-682.7041856521888 730.6948712650045;-412.90504600779434 -831.6856996295668;233.16331086355413 -969.3403679407854;682.6075122196143 717.6974665432865;-688.0963347692257 22.42556509879519;-115.39306701236774 935.2952533897984;-908.8512814331324 -336.72186053859764
1000,11,19,GNNLXSSA,2183.8634521637723,87016.05821936528,11.078968145666668,,2138,2174,9000,5590,100,0.0,2,204.63887094289163 -202.1008718026144;173.83986458250146 -954.94950354626;466.45748489191675 417.996780050321;989.7052722919287 134.44931288669136;971.8145835539409 -235.74650621351816;295.2546350439143 954.6522957796993;779.244042110898 -573.7423651106346;714.9296287453752 699.1964144230146;-576.7976574092888 718.3040625645882;-658.495054042884 421.33683101320474;-956.466916723638 -291.8407737331734
1000,11,20,GNNLXSSA,2479.479770876991,86720.44190065206,11.078968145666668,,2124,2174,9000,5590,100,0.0,2,-146.80199783360473 887.5173136728295;643.5206789775318 543.3883196729071;-242.66896932470763 -137.64040609680643;-484.24591683602233 -873.9261997025084;-518.9159171554401 -519.8952313802134;438.426430072822 -884.345802983677;-997.8375873148095 -65.69950859630111;570.5011732249823 -605.9142094336199;398.09556864354727 -101.98552923247915;-162.31750785804624 273.19999334708973;-963.0286816514672 269.3852859275955
1000,11,21,GNNLXSSA,2512.121857662438,86687.79981386662,11.078968145666668,,2127,2174,9000,5590,100,0.0,2,563.3431414950677 -731.3911233392904;110.32781876205084 466.9080508071912;971.5136853178867 234.832589419858;-88.17361355790298 -995.6359935439075;834.6111016410317 -57.0237383799135;720.1677009921104 -447.708822757246;-630.8807017602247 -575.0453440457592;489.92420590970266 217.8133738651343;-532.4323426135535 835.6201838560405;444.54550589744923 849.1061933408114;-997.9104228450233 64.61259921460214
1000,11,22,GNNLXSSA,2469.2581804912625,86730.66349103779,11.078968145666668,,2144,2174,9000,5590,100,0.0,2,-88.44848612759533 -721.8751030448828;337.92244993516465 940.8103660454963;774.2347329028071 632.6976078249546;-291.9906168867014 -955.8805823957941;235.33500001099793 474.6032541689776;753.8361858081684 -490.895043099288;967.1117921956604 56.02210321039546;-907.8474255368462 -394.97339610618207;86.16074135023459 -976.5195251817669;74.70665763795398 -196.84044564231087;-952.6406236883813 168.49563162742322
1000,11,23,GNNLXSSA,1747.5092018596188,87452.41246966943,11.078968145666668,,2134,2174,9000,5590,100,0.0,2,-815.6230365809007 -578.5835925766;930.446177114583 156.54949187704864;856.9442137621289 515.4072366060824;695.4145191526671 -718.6079453305416;11.87801248365861 999.9294539213444;-224.4477854877446 -973.5062000079497;-796.1164400425183 158.0103323276372;-988.0467239227631 -82.88273099409255;-824.8559802296575 565.3392740342381;987.9822199822861 -154.56756774586825;882.7417922170221 -451.32015306115386
1000,11,24,GNNLXSSA,2705.3569311920583,86494.564740337,11.078968145666668,,2135,2174,9000,5590,100,0.0,2,568.7917436740541 822.4815817562294;-578.3077800150223 -538.4996094339585;704.1622620401687 -199.60774444981965;671.0359108240871 -671.0903809021445;72.7087489424514 966.6700162131249;871.7524977713 489.94650996766933;681.8932682065482 240.4945173276568;-296.15775312157393 -36.546539633299645;-453.85475446227076 361.0013904690797;130.45417388838231 -943.3638846397114;-233.47339817381126 858.2791478331327
1000,11,25,GNNLXSSA,1940.8368702552107,87259.08480127384,11.078968145666668,,2128,2174,9000,5590,100,0.0,2,194.66659872567465 980.8694690633291;60.98121077094764 -390.9923660342747;972.2596548424139 233.90417603307156;-663.6572503711928 748.0367999167873;-111.96071595364914 -993.5617811650295;-991.8538991373462 -101.40336131192997;183.02514073880442 -673.7824154903071;660.3049652818589 750.0796405949794;-966.8986032815975 255.1609119204895;786.3234611600761 -617.8150325374401;221.0496403734838 237.10843490720762
1000,11,26,GNNLXSSA,1984.151644940168,87215.77002658889,11.078968145666668,,2132,2174,9000,5590,100,0.0,2,483.0104514375055 -678.3505192828843;293.5428894137849 -954.7663059097436;-926.3927142620643 376.55881208938035;-413.4382872857537 -910.5321425442502;341.7749990305916 807.4100590811471;-609.9039476418363 792.4753463994348;24.589800066263773 -9.847851323505399;999.9935174149026 3.6007121754969833;-857.683191434336 -514.178512902875;721.1650579776355 -407.12328142722305;642.0942488685733 425.282478857751
1000,11,27,GNNLXSSA,2603.0941678466043,86596.82750368245,11.078968145666668,,2136,2174,9000,5590,100,0.0,2,354.98909161743006 774.3984507880372;101.86035540491679 286.12944042476636;349.69764825493763 -618.6256480220335;833.110965315344 438.3083704577373;-882.2353428636986 -470.80866581040345;-519.1252235494679 -852.8712591838994;53.12045501598193 -996.3454713849245;-955.701047837735 294.33910233242074;-93.07737717569265 572.6217536849324;646.0191220890819 -260.89509249464317;-119.50048121998867 991.8038751870838
1000,11,28,GNNLXSSA,2339.8707387363975,86860.05093279266,11.078968145666668,,2128,2174,9000,5590,100,0.0,2,746.0717047506466 91.5999074874779;405.4046458736682 -909.1824406217521;305.6579903842793 623.2070497892868;-63.93726293308892 -767.5280308506625;512.829092851399 -587.0160701823962;-317.7217717325543 -172.26795162535163;331.6420798294996 941.7401391932392;772.9837351450432 -270.25703333862157;-949.6479624928352 20.57386870502403;879.2445328194832 475.1579886205089;-799.020566876972 601.3036950723006
1000,11,29,GNNLXSSA,2134.250568483025,87065.67110304603,11.078968145666668,,2140,2174,9000,5590,100,0.0,2,-597.63848676738 -783.0875977241036;518.4101494787574 -116.63070665094027;-721.9644524942795 691.9301477278144;396.7012128183288 254.4538049991009;16.69704662152995 -999.8605946001263;571.1133112608354 564.0186778024075;-959.9592169176983 280.1397898456401;74.2402153573332 -565.9218981327158;534.2678952724148 -845.315216993746;-880.2328348213546 -103.43137126995939;245.76470230121203 969.329516265133
1000,11,30,GNNLXSSA,2273.2046828776947,86926.71698865136,11.078968145666668,,2142,2174,9000,5590,100,0.0,2,-772.4964599260796 -635.0187297232734;152.4749443402431 -485.08107555835693;-549.1887938628912 406.3801068632682;997.8329049371994 -65.79633794784246;218.62755928034062 975.8083483774203;925.552767579574 378.6183494551022;-990.5066415020335 137.46340164082807;-234.45402571538781 -972.126754449485;662.5927224377593 748.9793028617962;-982.8667592570415 -184.31687390411076;-698.9207453750222 715.1987859828627
1000,10,1,GNNLXSSA,1690.7661750536354,79400.0717081546,8.985296775166667,,2074,2110,9000,5590,100,0.0,2,827.8479382711186 -414.88289888267195;-993.1809493268462 116.58302575514357;-790.5518913301121 601.7403493534972;-118.65866129822196 -685.8502778522935;274.3357570626489 -961.633970072222;705.4964956506617 579.9148691735212;-100.6249495072636 994.9244290581373;-499.1772669463708 -430.62780153970994;40.633439083384395 -199.48612188161425;393.15871173495196 919.4706234496634
1000,10,2,GNNLXSSA,1835.9239721665072,79254.91391104173,8.985296775166667,,2076,2110,9000,5590,100,0.0,2,-643.0017690500222 702.1584194747671;-618.1413283213428 -465.95074655970967;82.25308215594754 641.675973500577;999.9993045644692 1.1793517617626732;-973.3605060966325 229.2800147664583;328.33394054606947 944.5617097286391;908.8923076434422 417.0309018604955;-480.5837741046112 -876.9488218062488;501.14481457251946 -180.42580331840702;-127.08321150166555 -991.8920593262267
1000,10,3,GNNLXSSA,1748.8252171103813,79342.01266609786,8.985296775166667,,2072,2110,9000,5590,100,0.0,2,-999.9388759644439 -11.05641600901265;828.1397889335333 427.79139092637973;681.6969514781866 730.761405971962;-82.83254013168552 -645.9566193100771;930.8269551077165 -365.4599362890301;47.60445470100345 -998.8661406333672;-759.1142693481377 -650.7475366124077;76.61550996052983 632.0711572377224;-772.7538426438243 634.6085791089453;-929.9608459439231 367.62011807030194
1000,10,4,GNNLXSSA,1423.8601178802055,79666.97776532803,8.985296775166667,,2074,2110,9000,5590,100,0.0,2,-656.7619960383414 73.06587646640905;-598.775745112597 789.603280176496;969.2341873762475 -246.14038681432413;336.4174200038454 941.3323219422102;-570.5394158249887 -701.7555471991226;-875.282234444052 483.6124585519147;-910.2046135742186 -282.90932875755004;852.6572629938411 522.4706612469755;733.4696393736231 -679.7222139353157;-271.5960874501407 -962.4113285294264
1000,10,5,GNNLXSSA,1883.0336331677536,79207.80425004048,8.985296775166667,,2065,2110,9000,5590,100,0.0,2,319.2393523917071 -862.8714897039567;981.6979994091998 -185.5318494665664;756.7568616994362 444.4982240139864;-567.1726896841744 786.8194333150151;733.3990081233748 -678.5068011259715;-908.6691618306536 298.5324212661812;381.1976832422194 884.0326968770565;-114.33229856536911 -993.3036167649547;375.4823774685246 -9.087857851075265;-655.0584801096516 -676.4320794001366
1000,10,6,GNNLXSSA,1461.5162213406293,79629.32166186761,8.985296775166667,,2066,2110,9000,5590,100,0.0,2,850.965980040732 -514.6602558347993;909.2237484855325 415.22986939826546;-859.6966691426712 -483.8362933051012;553.2879586633454 831.4273263695192;-472.33657343468235 849.3533147256386;-18.503120267911484 -132.09063493566313;-795.7118000560888 363.87658027614117;569.4635626870722 -821.6253407253694;-241.00523463927186 -952.3543256505335;989.1545257048659 -146.8585209480551
1000,10,7,GNNLXSSA,1655.0129015074926,79435.82498170075,8.985296775166667,,2083,2110,9000,5590,100,0.0,2,-878.2115542988947 478.27237626264736;-621.3374397292274 -783.5430780652581;661.2727843259879 385.84682776493065;-101.3317522174682 -994.8526905992352;582.0281233366214 -812.5851713684289;-922.2578610622635 -386.5752678442565;365.71278328478223 928.12526403735;-396.4066660340191 136.9312991902876;754.581129408279 -147.71141543357746;-116.11692823553634 687.253352204197
1000,10,8,GNNLXSSA,2078.3280273251585,79012.50985588308,8.985296775166667,,2071,2110,9000,5590,100,0.0,2,-894.3186572695059 -434.82517598632563;-502.39378873439694 -860.0176544349802;113.87247640830478 937.7806438784073;-968.1578977280637 50.064087804871015;439.59158853114866 -350.5296606655028;889.2119319528271 367.98745260365206;132.82179052773756 -676.3532901698608;655.0304272985957 24.966295832888047;-52.208570947395785 45.953852915808135;238.51191707341866 -971.1389472157032
1000,10,9,GNNLXSSA,1698.0092093480926,79392.82867386015,8.985296775166667,,2067,2110,9000,5590,100,0.0,2,-956.0943218391211 -247.92756971439405;659.7402077085517 751.154175152668;-49.92928525738377 -969.8154047677883;-409.1329463029055 448.25940012009517;797.0945400096014 465.14538732700385;813.993153765107 -261.0349531420142;-133.67679863180638 991.0197244976334;-640.7292130249643 767.76302624459;-528.5326072199343 -811.0110885179739;-63.83128993914099 -490.5690293362141
1000,10,10,GNNLXSSA,1625.616724329113,79465.22115887913,8.985296775166667,,2069,2110,9000,5590,100,0.0,2,-453.1323684975168 880.3307644406401;633.4160191703966 -276.05821608853825;-359.8083393823189 -922.8713541602992;-820.0866804971204 -375.87803253614874;628.3548124448968 -769.4799459256276;-978.9196302013304 60.5485652162358;-792.6733380587275 572.6331191606916;942.0619118681735 60.75771019129386;696.3556819809431 568.7392446900744;911.5589556870825 -409.48107920753904
1000,10,11,GNNLXSSA,2095.216621774336,78995.6212614339,8.985296775166667,,2069,2110,9000,5590,100,0.0,2,909.07364570318 -141.29758846826584;867.2042850092013 186.9088886788161;420.78871368388053 462.0170535230705;-999.8744653802723 -15.827785663775174;-701.5796125689772 586.7156506725034;183.23372736022242 -702.7500586456161;556.1337401078663 -831.0925927267588;458.7008783910776 888.5907405342764;-254.46709330800294 -967.0663498405028;175.34978467859847 -334.84904830054745
1000,10,12,GNNLXSSA,1807.830836036912,79283.00704717133,8.985296775166667,,2061,2110,9000,5590,100,0.0,2,471.4692708448438 -461.8651172303972;594.5662669891433 -804.0466119315439;59.97668248926412 954.6580117856763;948.1498886461994 -317.8235181043082;-714.3595924284122 -464.13485875290314;754.6264480201236 656.1546494147028;-22.692852529132782 -999.7424840648171;-730.7407996758433 193.6851690249214;-544.9235090359348 710.8730190099044;997.910087580332 64.6177770076793
1000,10,13,GNNLXSSA,1633.638177771354,79457.19970543688,8.985296775166667,,2065,2110,9000,5590,100,0.0,2,-763.109687656385 645.8534186218325;7.622433753379663 -312.7265542394;-965.1727983634883 -261.38366348252913;-483.3509841218827 -716.1022597004448;-114.71260525996252 219.88146698077307;945.0788359074282 326.63703058988756;697.9671815170359 -711.4413308477524;-951.2258165657132 308.49545523215113;303.8799023588389 952.3522847093624;-275.1537489607938 -960.9327216494097
1000,10,14,GNNLXSSA,1366.999386245996,79723.83849696224,8.985296775166667,,2069,2110,9000,5590,100,0.0,2,-140.32261362841697 -986.2391398370073;-620.1871540166798 -784.378853206561;-513.0010294826853 857.0548117447747;371.7494097411951 -71.26961699059851;-112.44043660800847 980.9844431707389;847.232842943913 512.7784557228238;-831.802588123826 -389.65219408370683;-998.3678144417837 48.03062278145575;615.249437369331 -785.3144548556832;770.3104039843772 -437.8122323535744
1000,10,15,GNNLXSSA,1892.0705545692908,79198.76732863895,8.985296775166667,,2069,2110,9000,5590,100,0.0,2,509.5675385604068 858.6357140539864;846.2381382043245 -467.1057886488291;-846.6728259308389 498.38459139114457;-831.6658116774879 -554.7136878191607;999.1562787972873 -14.298643865809563;141.08313336219487 681.243641549722;491.3883165061523 -223.50797950679464;-991.7797510263786 -69.17055680443326;-86.638872373541 -995.9788097422183;545.205348000855 -837.515281824989
1000,10,16,GNNLXSSA,1677.8560712492763,79412.98181195896,8.985296775166667,,2073,2110,9000,5590,100,0.0,2,404.7818458708131 774.1616078821814;-860.9010010212301 -508.77250951741075;16.307975290875014 -324.8518079883655;-12.749187020859495 999.9187258124067;903.3750130478101 -428.8514728911035;719.8956593516164 -694.0823003410342;-999.4522956949995 -33.092425568324764;-655.3998772794844 755.2820670862224;-187.54676965158336 175.91082185094908;-198.2857333566578 -955.4028094720138
1000,10,17,GNNLXSSA,2014.8889466898545,79075.94893651838,8.985296775166667,,2062,2110,9000,5590,100,0.0,2,518.1184063299291 -536.5902851187094;679.819328151922 733.2613637541451;861.6254765336173 -295.39250669663943;-984.7737402365709 173.6639779344164;-236.65782695853616 488.1153677468687;334.5167203554562 -942.3768206649087;999.9652062765031 2.2240399916137625;-547.341468545038 -452.13711503619584;-230.44914312312198 -972.7328296101898;-488.5367267287366 872.5211518382262
1000,10,18,GNNLXSSA,1996.2990655828617,79094.53881762538,8.985296775166667,,2062,2110,9000,5590,100,0.0,2,680.7013222154528 -110.45686460290182;-978.1819462720226 165.15921189883557;-131.25348230024227 991.3488404109121;198.70057323657375 -688.9308245963033;-856.6067567907991 512.6112774719738;-911.1394148628074 -401.5575707311452;-487.28795998760864 -873.2413435305928;-357.34035275876914 307.14541612928184;786.864223323248 617.1261573243365;-584.0025076036019 811.7518531624703
1000,10,19,GNNLXSSA,1401.6611230530834,79689.17676015515,8.985296775166667,,2068,2110,9000,5590,100,0.0,2,-4.970258577322892 997.8813393543948;-863.47184668695 -478.4468229313765;-988.2772006046098 -137.18070150376798;552.2234266304397 -830.9847704702757;-963.431318691359 261.8262837960151;45.083530855423554 -995.464762500699;722.8490430770955 -185.3889610953866;987.4798440609434 139.27610566133868;874.3734481975324 480.7920735949661;493.5144401750541 -528.4613960133706
1000,10,20,GNNLXSSA,1941.6466783601209,79149.19120484812,8.985296775166667,,2062,2110,9000,5590,100,0.0,2,-430.0890553062065 739.4377216221288;923.5246205129066 383.5391444253007;569.8356468766339 -821.7586844984896;284.71783798983563 -513.5278312104924;996.572403081059 82.72511962664792;595.5970403715039 801.6640188839615;-18.837804297679092 -999.8225528208703;961.9125231176048 -273.3574543880657;-532.3851040241533 119.08984983922396;-654.4429606320324 -756.1113749172009
1000,10,21,GNNLXSSA,2080.9769098730903,79009.86097333515,8.985296775166667,,2071,2110,9000,5590,100,0.0,2,-623.2023719250845 782.0606137806382;200.60975909129354 -973.9734393805138;510.55795381249834 794.3948746748756;-992.9493619813381 -118.53929534484924;-820.9583709938884 -570.9880498706264;-963.4810948528925 267.7763616547799;890.3108562856318 226.66865558505148;-440.9281485146836 -108.68849562629283;592.0747147975657 -804.4695090775783;-177.17608249366526 611.2129991120373
1000,10,22,GNNLXSSA,1358.0752663096355,79732.7626168986,8.985296775166667,,2063,2110,9000,5590,100,0.0,2,809.9592683994623 -492.2255013617688;-771.1315266656811 495.7272269915783;53.19733349214255 712.31292692224;782.5862736185621 518.280802408432;-943.1666532047316 151.11247929748083;-76.75919543315105 996.9853909016019;999.8681347110096 16.034863704247755;196.94266708465244 -980.4128577630381;-872.8135231043086 -487.79744171356197;406.9410930827937 -171.03939475257675
1000,10,23,GNNLXSSA,1899.1791488865128,79191.65873432173,8.985296775166667,,2064,2110,9000,5590,100,0.0,2,-975.0084440515133 -222.16037695963243;822.0187203066434 569.4604669908424;-83.52948358300743 -113.52581026449259;-132.7844043897095 -991.1361943207493;610.8058765152688 -791.7742638091609;196.26419606646908 210.48603138441874;-939.1834925840514 343.4153753574791;967.5150643439188 -171.12592845884927;33.562796934734656 999.4097967623777;-646.773525441386 737.8982863266979
1000,10,24,GNNLXSSA,1588.1500342457148,79502.68784896252,8.985296775166667,,2075,2110,9000,5590,100,0.0,2,-877.6129808623951 -378.8931251782427;909.926557085233 -375.7993659169143;411.68726275916134 479.4819917481246;-398.4130358062507 826.0108572960526;685.7781034722777 -642.9997917966697;-768.9198343174304 483.77846857654055;492.2245102142762 830.1514525076204;-796.6878343684111 127.47826839977388;397.0780552558416 -130.79298190642706;483.489643759813 -875.3500321041047
1000,10,25,GNNLXSSA,1688.1906531803543,79402.64723002788,8.985296775166667,,2068,2110,9000,5590,100,0.0,2,-999.9977943708212 2.1002984294207665;875.5243465196316 483.1740045277394;327.69894693457303 939.171439697945;-130.54765011553488 991.4420361520445;-446.6048726254642 492.64351572869464;993.6740250182926 112.3028583961494;62.73583711149068 -428.62579643967996;-74.09370978899396 -997.2512833632776;-941.603819095644 -334.09116667358956;887.9107470930303 -460.0157662479589
1000,10,26,GNNLXSSA,1908.343891667173,79182.49399154107,8.985296775166667,,2075,2110,9000,5590,100,0.0,2,-467.07358645527603 -873.7551208017495;-497.08040718178313 -76.00462630636255;457.180944590487 889.3737031773258;-816.010847321676 376.1577572532442;-607.7583308910341 794.1220379970222;826.1388354489927 -558.1816034533042;362.24576625980495 -930.3001997299768;257.0218064537989 653.71944802921;11.211377754203582 -309.363990579868;287.31447748255283 285.89877836797433
1000,10,27,GNNLXSSA,1726.5877062608051,79364.25017694743,8.985296775166667,,2067,2110,9000,5590,100,0.0,2,-379.0230657468955 925.3872246966804;754.6361573804552 -656.1434827642966;-726.2293305835983 -683.6563204319356;-818.6719566955026 -305.01830585865656;-201.74359924088844 -927.597636776854;29.224798964111557 -194.3097003330095;998.7166662519758 50.646031932814175;-773.4032045788227 48.47147272549182;-514.3518543483116 648.297002371569;441.63423995582036 897.1951839475314
1000,10,28,GNNLXSSA,2068.2721820364095,79022.56570117183,8.985296775166667,,2069,2110,9000,5590,100,0.0,2,-689.3336893086607 -670.8579602970295;954.4429531196803 132.81348573693487;982.1015495330934 -188.35218715134963;-26.6652312669325 -548.9850392703856;-697.664567534331 -74.11959451982527;365.8486016770328 930.6743794963735;533.5250107805408 506.8175716441112;-661.8081289858142 510.15783400023764;447.72485012053374 -885.444734763872;-126.74944568080053 122.6194126514224
1000,10,29,GNNLXSSA,2055.320403322039,79035.5174798862,8.985296775166667,,2080,2110,9000,5590,100,0.0,2,-759.498988298942 -363.3042860378474;848.8974345076938 -528.5575956661963;315.26728715086284 -949.002763941312;328.83034668027744 944.3890104729769;-268.2004640079684 -210.2527316956785;538.0846149481758 615.9709944339126;960.1198421279572 279.5885792838204;-268.195756971566 963.2417486619265;-519.5299886628144 -854.4522168500798;-682.2654516881825 667.4160474690167
1000,10,30,GNNLXSSA,1297.796420043087,79793.04146316515,8.985296775166667,,2066,2110,9000,5590,100,0.0,2,86.89761928140996 -327.7694251436655;-896.3191921932535 442.7210789536037;893.3851576444924 449.2916203319679;-824.7290819306714 -565.528020011203;-138.79764961545763 747.8678326371313;571.0692990435762 -820.9018550898021;132.75548600058127 -991.1488187637361;997.6088962837459 -69.11215562783339;-919.1158004249673 -40.4224904516576;61.393215696283 981.9353841638999
1000,9,1,GNNLXSSA,1284.5627546154865,71697.19134027192,7.247556264833333,,2006,2046,9000,5590,100,0.0,2,996.7632255468125 80.39323477453932;-211.66111746734302 90.37797472745709;838.0178652069832 -545.6427930376526;-993.6573791716623 -112.45004587683854;-170.64535772641713 -628.5457621034592;-468.37839353200536 -883.5279737916496;-141.68691958125314 -301.680105577043;764.8294452795491 644.2328147753553;-100.57958672218834 973.9470490813798
1000,9,2,GNNLXSSA,1190.5152480733086,71791.2388468141,7.247556264833333,,1994,2046,9000,5590,100,0.0,2,-13.031778056636655 334.165811082684;-489.88761392964494 871.7836511523008;385.8053511978357 882.4558085827662;-917.8990877114946 -396.79206208252646;-706.6101905411492 -707.6029777224289;847.8532022107038 -504.3092514100238;75.95808174995933 -996.9803545549632;974.5695968873555 -208.1955190449996;834.6176953493648 550.7055632997012
1000,9,3,GNNLXSSA,951.26895427212,72030.48514061529,7.247556264833333,,2010,2046,9000,5590,100,0.0,2,580.5123847139945 -814.2514176798657;994.0255402217975 109.13282438669914;-583.2190686839012 -804.0708895051694;22.169104680531472 999.754235198663;-988.0481056308508 45.06203939677116;-602.0727529604259 798.4405060971587;913.7535914707112 -406.2688445775489;-928.9799644040665 370.12910997325235;-898.7830845203752 -414.3668302413501
1000,9,4,GNNLXSSA,1525.6105938973633,71456.14350099005,7.247556264833333,,2000,2046,9000,5590,100,0.0,2,-147.2688263768322 -92.79322600082996;573.9616318701699 321.12913733619115;177.1920206532827 -359.224557622678;-715.9344189441362 -42.00012502172769;-625.1481012080318 -732.9097075692321;-550.9688397087057 604.7375629902283;-238.5808642011285 -971.1226344993935;709.5600079119624 -703.7175367348982;355.7892452712559 934.5662164605085
1000,9,5,GNNLXSSA,1520.5428129526845,71461.21128193472,7.247556264833333,,2006,2046,9000,5590,100,0.0,2,77.89665621452781 20.382783566473798;59.71587521292908 -998.2154147515224;-47.036343115450926 998.8931772780089;-333.85856775118293 659.2625112040215;-431.07856856993453 -902.3143951637345;-858.0722229690525 -458.132977049173;-953.7241691949195 300.13971219300794;966.8569297431011 255.31877605797848;493.82523839521514 -854.323354409363
1000,9,6,GNNLXSSA,1040.8023724607337,71940.95172242667,7.247556264833333,,2003,2046,9000,5590,100,0.0,2,-823.3772308700428 497.10901163719;507.2792047505686 -861.7817638054489;860.1125470022237 510.0813375425426;29.932758118476027 997.0657352522046;99.95156222681675 -994.9923040950712;999.5580045794933 -29.728697937542563;-874.6858677703405 -484.6902440970381;11.112492048607063 -366.5951372193285;-141.29066863805053 -52.03328901274781
1000,9,7,GNNLXSSA,1311.0309601979825,71670.72313468943,7.247556264833333,,2009,2046,9000,5590,100,0.0,2,117.29145118241608 -581.8917917100704;809.695296992702 -46.610567507739084;-883.9018215899985 -18.17469224356878;715.3930745817183 -464.0558440092567;199.8136362211121 979.8339199987399;-864.0268081128847 446.69702441008405;-913.8230979575189 -406.11247904899795;-34.14299560096089 -893.3063539409112;-138.01205553007054 856.3869837742225
1000,9,8,GNNLXSSA,1155.364129694848,71826.38996519256,7.247556264833333,,2003,2046,9000,5590,100,0.0,2,633.9204795458048 -228.46454023955314;-46.64919484014382 -998.9107994859805;291.16513771322246 -586.9130997192992;-815.4084935429605 27.663357263813204;414.2098986036221 611.0091329517118;879.6824002342751 455.5328323553981;-807.9197579471396 -589.2925120164307;-431.2721586116846 602.3926166036299;-184.11954764663443 949.1203127888116
1000,9,9,GNNLXSSA,1402.758792224995,71578.99530266241,7.247556264833333,,2003,2046,9000,5590,100,0.0,2,-566.1872857649695 824.2593884313675;433.4029081618863 541.4607224808344;-715.9606645716851 -529.748878792408;355.74691573874594 917.5628204528268;-181.36300965972995 24.54749005529661;-448.20462746578625 539.7318128437971;364.64156276193324 -527.9117696470987;-529.7734968599136 -818.7214877658251;-967.219272063087 24.319144064767126
1000,9,10,GNNLXSSA,1088.1191321329825,71893.63496275443,7.247556264833333,,2001,2046,9000,5590,100,0.0,2,-329.3083722186451 -944.1998661754598;-780.8500028644698 -624.7175753926878;597.5727404978218 801.8143933479141;977.3526232820102 211.59845101621355;-259.91843129804596 965.5848922457842;777.091191750542 -629.3880161357307;-995.8010414987568 -91.44778777174784;976.1982446774782 -216.87588951199717;-102.40055419076823 404.09297497594775
1000,9,11,GNNLXSSA,977.852845613932,72003.90124927348,7.247556264833333,,2006,2046,9000,5590,100,0.0,2,-272.6013111740947 -946.6103872622632;-978.0731654723824 208.26157346671906;967.0116385435891 -192.72242098337995;314.5939944652352 -911.0526415900067;-971.6560134883879 -236.3992204975594;-689.3463212296123 724.4319494660627;957.9434437994719 223.35896749398614;685.4495026865233 710.3528372122338;-759.5096097465332 -645.010898881026
1000,9,12,GNNLXSSA,1061.5882098488073,71920.1658850386,7.247556264833333,,2005,2046,9000,5590,100,0.0,2,190.52016780310055 981.6832817463472;-987.1558107808347 -159.76046207254436;974.0424031787825 -226.36562638727224;-272.8852433642858 261.7785125445209;-132.84506282611497 -991.1368166316522;-631.420829352478 -775.4403499043809;956.3330241203935 292.2792277544588;483.41913508414535 -756.7495876574153;-642.7707258752417 766.0586100017509
1000,9,13,GNNLXSSA,1032.8847598416323,71948.86933504578,7.247556264833333,,2005,2046,9000,5590,100,0.0,2,481.5676201385655 -876.4089383581606;-470.99750356939137 882.1345428172514;985.8327134973614 -163.37499142514443;401.8344943145455 874.4489327408321;-304.5502766831548 -472.37009530696514;913.0695633744364 360.06139244123455;-930.1752364104708 -110.27397319497283;-106.33368838724546 -932.045523846169;-861.2139725083391 375.9531366448964
1000,9,14,GNNLXSSA,1135.4329517808364,71846.32114310657,7.247556264833333,,2002,2046,9000,5590,100,0.0,2,-281.7055732726006 721.7382817103492;-111.33926841358696 -735.8613677313973;-28.56986116769839 999.5835692044776;-513.6871896811364 287.5929713511532;884.8746833074564 -465.82588220768537;315.7955316412812 516.5830498295788;-972.6512646909115 -232.25707284641373;803.1079044274405 191.3399967894189;619.7501734427303 -784.7991606250006
1000,9,15,GNNLXSSA,1266.018797841316,71715.73529704609,7.247556264833333,,2017,2046,9000,5590,100,0.0,2,-838.4195846247183 545.0246643294663;133.56230611264257 426.43402396767414;-921.3605134275392 -101.77355509818754;431.699550224678 -896.8212514504548;-417.42119737251556 -893.2826121519454;235.16968781051924 -256.37637508994294;966.9511178757706 -254.9591893382558;158.27519581404553 953.5826959766423;827.4185012961619 561.5843203719579
1000,9,16,GNNLXSSA,1440.446262324098,71541.30783256331,7.247556264833333,,2006,2046,9000,5590,100,0.0,2,-89.07123056493079 279.6624344436655;-946.7524677784385 -235.86462375639553;-956.7684889011183 284.2319719169421;387.341998576222 -60.60425869812943;973.7959595739396 -227.0376537337791;-421.07705745385863 -904.5274445308222;-217.8698076013282 -664.3498517460549;53.57581680146222 740.5819901883021;-782.3561383014573 621.6468607807072
1000,9,17,GNNLXSSA,1315.929326828511,71665.8247680589,7.247556264833333,,2009,2046,9000,5590,100,0.0,2,-437.81700599446503 -643.7829240117859;60.522270154153524 574.7902623510643;378.34249449546627 925.665683094576;750.7074492003433 660.6347899672813;-143.85105335899706 -989.5993504684141;956.8811558253384 -290.47969572134355;984.1391620199793 131.22009926045172;-947.343428965601 -320.219342944328;-872.4175861159415 195.84817736474588
1000,9,18,GNNLXSSA,763.0270116486645,72218.72708323874,7.247556264833333,,1990,2046,9000,5590,100,0.0,2,825.231239893634 542.7087576579593;440.245475347457 -499.81237525061306;-541.528524430605 840.6823759470705;-799.9228261842086 -515.6987128983196;440.3163286060737 854.2212821359169;-838.8546718800062 522.7597121443341;-713.7905373802336 165.18788426708556;947.3807995649622 9.474245953101915;376.70669983123577 -821.1188830770983
1000,9,19,GNNLXSSA,1355.4426116106333,71626.31148327678,7.247556264833333,,2002,2046,9000,5590,100,0.0,2,688.1216263346332 384.9072926487429;88.5631763114572 996.070561657971;-388.2885875738257 379.3352726556561;408.74669830461403 37.32197869361033;-18.534939134870754 -501.39704452644224;-921.4304223903475 388.5434038734228;10.682882630988662 -999.8258793214015;-903.9679232399953 8.268342442227171;-660.9011118388509 -746.5399358088428
1000,9,20,GNNLXSSA,1141.2170669031475,71840.53702798426,7.247556264833333,,2017,2046,9000,5590,100,0.0,2,-827.0377703095662 -512.0164444961619;-912.0637462069559 410.0369423100409;-989.0555037229796 -147.52613051590188;-483.5637937901509 875.2767629238238;371.1099100780465 -842.5648735152137;468.0516465958448 878.809016614611;758.2913874392275 457.4889373628459;732.4300516703622 -426.74640269078066;784.8429567551004 68.3890650022172
1000,9,21,GNNLXSSA,1401.86843930131,71579.8856555861,7.247556264833333,,1998,2046,9000,5590,100,0.0,2,323.03873619418926 -648.912471666299;-316.34586134341316 948.1390261395118;-815.8478944472449 578.2641191729435;960.4316745952165 -278.50855944305556;887.0313695986954 461.70858399348344;-900.1239930862746 -435.6321817432007;-934.3049223475222 -83.61442687977159;630.8513605158 775.9024220120064;266.55062710056893 -963.8208873411395
1000,9,22,GNNLXSSA,1159.3729799259308,71822.38111496148,7.247556264833333,,2005,2046,9000,5590,100,0.0,2,253.34924744710028 39.24332438830173;-956.5351837673238 -267.47933159926;-966.3796332189906 252.19754475520307;109.42501978119877 -993.9950528276709;585.9466622965485 810.3496214249344;-733.9949406860746 -679.1549359661946;236.77162138555408 -413.7552013134134;467.34570452759846 495.2594316361867;999.231224562971 39.20407961405675
1000,9,23,GNNLXSSA,1458.186086199028,71523.56800868838,7.247556264833333,,1999,2046,9000,5590,100,0.0,2,-115.6771470112104 990.3736812590328;930.0043332855172 367.54855471102127;104.48470124956876 -983.4529108757542;990.4469802027138 -137.8940876445573;495.3482515080781 -808.8940448139919;-925.3884132280836 379.0201639269466;607.3131867006248 794.4625184736735;-430.91622825366375 -902.3919349305136;-646.1233062510611 763.2330398503444
1000,9,24,GNNLXSSA,1122.966814342144,71858.78728054526,7.247556264833333,,2005,2046,9000,5590,100,0.0,2,-602.1260944362126 -96.94560099872358;-984.2170768843662 176.96537957802224;954.5033028445512 298.03938690204353;-793.4776979129028 608.5993287170468;384.24846634708194 923.2297201184087;941.9338354069023 -335.7985254816383;-388.69616746967375 921.365991012468;-58.58955593159442 -998.2821564746805;-771.9871476496654 -635.6381390883761
1000,9,25,GNNLXSSA,1231.5400684203196,71750.21402646709,7.247556264833333,,2011,2046,9000,5590,100,0.0,2,721.2333025094475 -692.66283215329;-543.8974669122445 617.3343382928806;-327.14335538373524 -187.9186575643585;-754.8010536838594 -655.9476159488759;-856.5968791736757 148.8282958470075;908.2959974271314 -177.5883082210153;8.828774058895416 414.0920896672093;-232.52057283295392 970.8034227347173;465.5652144759455 884.9187162617493
1000,9,26,GNNLXSSA,900.0341272799706,72081.71996760744,7.247556264833333,,2002,2046,9000,5590,100,0.0,2,998.5582799907146 -18.85727287000511;138.14335982949942 988.5147997021237;532.807942689528 -845.2478807617496;-748.7010606434354 657.4533247073983;-857.3084699733794 -492.4713295452819;-2.0512516963468768 -998.2207797461662;786.0854323873644 616.4074930901764;685.5242784725336 -507.26279983436945;-842.2221255439307 -50.30192634473624
1000,9,27,GNNLXSSA,1247.9489146291162,71733.80518025829,7.247556264833333,,2002,2046,9000,5590,100,0.0,2,-105.2289443417519 -994.4423450758624;179.53301257482167 -617.0868787265587;-652.5273628705451 757.752960404557;540.3008575208002 263.2373797351118;-664.2254348302007 -136.31533498666158;418.931744108764 908.0107710188095;-774.8227871426642 -613.3041615802649;-288.15652090380377 423.92965557901726;455.21166657499555 -295.880540470047
1000,9,28,GNNLXSSA,966.2691962457902,72015.48489864162,7.247556264833333,,1996,2046,9000,5590,100,0.0,2,-155.27204999712106 -590.3342514361008;600.4566444133703 -796.0560679500738;-995.7581463716116 91.96305019424759;921.8570614966263 -387.52831644961236;-799.1106499399248 560.0663166708055;-396.4676847362193 -917.9435173431722;-921.6180711075999 -388.04430826390933;538.776678153996 841.5660936094508;-561.5877066811047 827.4150039565532
1000,9,29,GNNLXSSA,1135.6300924018724,71846.12400248554,7.247556264833333,,2002,2046,9000,5590,100,0.0,2,-932.9085155047387 -290.1928029474755;-209.25450710000672 -974.4898165111479;-618.3446017070528 -761.4525609914599;691.0203438429619 721.9922806897645;-660.2374221566454 751.0569528231182;624.3800545008673 -741.1891759223255;-166.45348114184193 502.4882540602632;951.6897041103157 -307.0614060581688;-213.1532054302283 977.0187874420935
1000,9,30,GNNLXSSA,1181.544591853395,71800.20950303401,7.247556264833333,,2013,2046,9000,5590,100,0.0,2,-168.9998658176323 985.6160740134173;-46.07415738422795 -160.45462519278576;-985.5477645031042 -169.39776823480847;896.6162274110213 404.5677771292523;-690.4901306811365 444.8871190027412;256.341330048286 966.586324395848;646.8853144986479 -762.5872998457195;944.9943263477434 -176.52407293505317;-714.2032603479217 -673.7037100019658
1000,8,1,GNNLXSSA,1112.484026790764,63760.18627977582,5.5701845118666675,,1947,1982,9000,5590,100,0.0,2,999.6322124778737 -26.689655066954472;-814.0174372567192 -580.8122251678699;68.27156902711447 997.6637465161641;-947.0268886509098 321.1471997006659;303.58437782563055 735.7509306005456;670.7805347862095 321.4636037102547;306.4221532813886 -433.9732461181525;-426.30276024790686 -904.5779844914047
1000,8,2,GNNLXSSA,875.9737394009935,63996.69656716559,5.5701845118666675,,1948,1982,9000,5590,100,0.0,2,-819.922370096007 -23.737036671364688;-953.5382582399282 -301.2452269424108;-141.7297225703416 -294.2227659027765;-222.1521299087497 974.608781924481;753.5613227044782 657.276639986097;836.0671511135415 -548.5697662743918;-822.8225814947984 382.49564048571006;-156.45457598470654 -987.6400923402741
1000,8,3,GNNLXSSA,949.2142173056563,63923.45608926093,5.5701845118666675,,1948,1982,9000,5590,100,0.0,2,0.16023394503237043 974.4087776531161;-561.2078485275126 -215.41506267111538;660.5067172662838 -566.9554174525566;-836.7178361465888 -547.6342416925462;923.2693258336083 384.15329228675677;284.0262688756744 627.4077373089557;973.7194529694135 -227.75080001823514;-954.2343925009235 299.0597334453327
1000,8,4,GNNLXSSA,988.9417294977029,63883.72857706888,5.5701845118666675,,1936,1982,9000,5590,100,0.0,2,-332.7672630850324 -706.3877189221189;-578.6776279488639 815.5493124777432;-966.8732808452856 -255.2568486592933;-47.68671211335988 998.8468327588341;567.5566840555321 823.3343247939374;191.31993336094177 383.61207350862605;999.4426963592538 -33.3810828785475;390.70967391207256 -903.6124013217946
1000,8,5,GNNLXSSA,969.0994182998329,63903.57088826675,5.5701845118666675,,1937,1982,9000,5590,100,0.0,2,238.47844122467413 691.589743122893;11.963730092215869 -999.9284320201524;295.2746703752861 -676.1515888938198;-809.5175782030907 331.22973073419297;-145.7942043189941 989.3149397370846;364.1733527425733 308.4887962363598;-664.3073489057124 -680.8113440056337;-746.7081219839841 -41.56790167471476
1000,8,6,GNNLXSSA,847.4492898016542,64025.22101676493,5.5701845118666675,,1945,1982,9000,5590,100,0.0,2,528.4503178656716 -848.9631880370309;-980.7482833014099 195.27044656218672;882.8363964808892 -469.67657756301696;-502.7927766301476 -864.4063938272025;754.4497547570373 656.3574705887669;160.36267870360106 -686.7442126596451;983.9723717893742 178.31802008944393;-790.5355066248871 612.4159009809878
1000,8,7,GNNLXSSA,582.2302378451932,64290.44006872139,5.5701845118666675,,1946,1982,9000,5590,100,0.0,2,-622.0125604191278 783.0072634917512;983.932211058668 -159.16623342400726;-795.0067952057512 -606.6005238842781;598.0019701483775 801.4946311103145;-941.7717223796732 336.25291511899735;797.2715921504198 -603.6207487735446;946.1002452673963 323.87393520469107;-212.39595757248378 -975.2628102609802
1000,8,8,GNNLXSSA,846.8308564401159,64025.83945012647,5.5701845118666675,,1945,1982,9000,5590,100,0.0,2,240.43935444677928 649.7477437715427;-673.4727855315251 401.3426965440078;833.0129582814483 435.11498972325376;490.4935942210527 -859.043742448406;-815.5280018139562 8.910197713573424;-668.5934569329522 -487.69046963976524;965.4037754947731 -172.00593278418222;321.7136604740158 946.8369389106635
1000,8,9,GNNLXSSA,930.9586483961393,63941.71165817045,5.5701845118666675,,1944,1982,9000,5590,100,0.0,2,559.3565699457633 828.9271546152353;-386.58925026941165 -922.2520000391075;847.4614523660332 -530.8569362395612;995.9293607139741 90.1371647427119;392.42141186086246 -919.7855377821111;125.51014144245546 992.0923366275413;-806.8211335304351 308.02899532598695;269.38426040132 286.16236411380476
1000,8,10,GNNLXSSA,852.2379694227202,64020.432337143866,5.5701845118666675,,1942,1982,9000,5590,100,0.0,2,-421.1142727970474 907.0075905121267;-234.0757315130339 -972.2183663748788;525.6076572276145 -850.7270952918441;-250.0464995652279 406.2989618890342;341.9496107161308 911.2772049900938;995.1859736293844 38.27684867130655;-867.5456363375906 -497.3575865226195;520.4856326576877 -524.3385819029985
1000,8,11,GNNLXSSA,582.5672044374878,64290.1031021291,5.5701845118666675,,1955,1982,9000,5590,100,0.0,2,989.9236357709573 -141.60224342152554;797.5147621258352 -603.2994316186386;-214.38304104412856 -976.7496668607936;-551.4926353556042 829.4681102330206;-946.8913466299754 321.55369330373367;528.9298685887619 848.6655372493188;922.0068941303726 387.17345877017937;-981.3685245788731 -192.13489783453076
1000,8,12,GNNLXSSA,917.5854528616837,63955.0848537049,5.5701845118666675,,1946,1982,9000,5590,100,0.0,2,-13.616274318571163 -48.37444817832652;972.12654239936 234.45678826313636;-514.6498811523702 857.4004314378732;-2.826267581283595 -999.9958449433994;-879.7340696824434 -475.4649645697768;514.1353283636647 852.4654530363889;-892.4352933273497 439.77677652855596;-544.3583599436206 155.5632506682822
1000,8,13,GNNLXSSA,1100.4339080942445,63772.23639847234,5.5701845118666675,,1949,1982,9000,5590,100,0.0,2,758.7319140992953 274.8001687371991;-472.99640032460667 -881.0643593290813;397.8389274019974 -415.35850927529543;-924.978375460933 -93.79173398712808;577.1947948830529 793.3551207979637;28.122858449136068 -999.604474195994;199.21722043695868 -659.7939940886089;-74.72653132870667 416.77495171177577
1000,8,14,GNNLXSSA,948.2535707765928,63924.41673578999,5.5701845118666675,,1936,1982,9000,5590,100,0.0,2,-658.1339326994021 -190.81147817249254;709.0331279776925 -535.8314065411527;-599.3497007538724 645.8061667590912;937.0878647126814 349.093588895911;119.67800755213574 644.1667220207025;-408.47903056316795 -826.4808219934896;371.4939069073395 -928.4353920067465;-733.5327920598021 361.4175724021911
1000,8,15,GNNLXSSA,821.6897445584982,64050.98056200809,5.5701845118666675,,1937,1982,9000,5590,100,0.0,2,792.2189764531042 610.2369157528866;-270.5218685670375 919.2580979906004;487.96046051076013 -857.0769987503767;-97.60854123231906 -705.3297097174906;-170.58903196088974 61.62943412488052;-387.58695207041563 634.3725640364398;999.3973120951862 34.71329107009362;774.7843040824612 -466.3496113036141
1000,8,16,GNNLXSSA,777.46706587886,64095.203240687726,5.5701845118666675,,1950,1982,9000,5590,100,0.0,2,788.7756964647972 614.6811373927738;408.7314803710092 -708.2916733069511;-484.7826996009017 742.679071802227;-923.8502038975164 -379.437618292725;-86.61457671144882 996.2418958772495;-993.1244508483842 110.6301558126223;454.9388614943261 98.48073094888187;174.57648370849657 -984.0318649442835
1000,8,17,GNNLXSSA,746.4421701744504,64126.228136392136,5.5701845118666675,,1941,1982,9000,5590,100,0.0,2,447.9084357871299 43.90619995230536;-134.33287875216263 940.8615208384573;525.5156103292647 -670.2533922900528;-709.8397192983539 -695.6658497688107;672.8578450851253 721.7859963514622;-974.927309917468 -219.7302870474668;264.2493483643971 -955.5121904682214;952.0666191140626 225.1190631262698
1000,8,18,GNNLXSSA,931.9727378713578,63940.69756869523,5.5701845118666675,,1943,1982,9000,5590,100,0.0,2,-277.28939379383127 883.7308907011218;151.704874801279 -938.4402681265759;-553.9940566178599 -749.5036710319464;878.8517534378037 439.6168478448869;-812.3705156340851 -385.5919408573039;574.3808902444381 115.99818833840304;-891.3657959865545 158.43858266220786;593.4798026831254 -730.1402671805541
1000,8,19,GNNLXSSA,786.8102857693666,64085.86002079722,5.5701845118666675,,1946,1982,9000,5590,100,0.0,2,-960.0525705019983 -279.81969529056653;-545.1502051140288 319.17525347286704;-28.392954587311678 -282.95541863833364;-493.30524192637995 -869.8562745005381;848.1291813515513 -529.789478698801;293.09232982289546 -956.0841417987158;-162.06327583861446 986.7803679768143;961.9691989926902 273.15794000790464
1000,8,20,GNNLXSSA,684.3532237272666,64188.31708283932,5.5701845118666675,,1937,1982,9000,5590,100,0.0,2,121.82221764852599 934.8894124564561;-76.49503336825924 -997.0699421681672;767.079338088328 -588.0499178629216;-721.9814249301388 -203.63039961884442;997.2909818619421 73.55744351758953;-746.7934456358283 -613.3865081659792;-709.4940652125679 704.7112344164024;-56.82319218432338 64.81967217527666
1000,8,21,GNNLXSSA,1033.3338555999799,63839.336450966606,5.5701845118666675,,1939,1982,9000,5590,100,0.0,2,921.4106938956019 -388.5876943999279;-997.0283820500476 77.03461231064425;-222.1930360655057 975.0023855825107;948.9654773836382 313.25816475907726;37.842026204064624 673.8194891469858;-109.95872539154347 -686.9009488398127;-101.74844223650489 -994.7915016057494;290.7054901420141 956.7872930121538
1000,8,22,GNNLXSSA,758.3474589206089,64114.32284764598,5.5701845118666675,,1934,1982,9000,5590,100,0.0,2,-96.26426474278304 990.1950709718172;620.5449293573917 -773.4397154505818;929.8442743807971 367.95329241800385;-189.30165804795013 -981.9189794786008;-546.6765901148403 -233.19300536387277;-792.8762912723708 583.6813505456535;-784.1167509657811 -602.8909019744672;875.1965891479883 -393.3359915231885
1000,8,23,GNNLXSSA,585.9966309861411,64286.673675580445,5.5701845118666675,,1940,1982,9000,5590,100,0.0,2,-934.0175951035287 279.7200224914158;-498.77433661381707 866.7318853806214;521.4175365554479 853.3016773524168;-846.8450369009445 -387.8021194256662;963.0290490935064 -234.06429836109444;-257.41026306594756 -966.302207628814;976.2796249532616 216.51349588678917;601.5992064110508 -740.0093233565018
1000,8,24,GNNLXSSA,617.4830339325417,64255.187272634044,5.5701845118666675,,1942,1982,9000,5590,100,0.0,2,-481.6231832973586 -837.4793615328911;-683.046380855449 -236.72275574673114;896.0360639706422 -443.9711256512253;-922.9492053379134 314.3847577767313;548.7855504903087 -835.9631687897793;906.8692672418449 136.87741469184385;-248.6317046984202 968.5973965158985;561.0891230422003 747.1232971696144
1000,8,25,GNNLXSSA,753.9909875517696,64118.67931901482,5.5701845118666675,,1936,1982,9000,5590,100,0.0,2,40.47060333461421 547.9016074459363;999.2536586357503 -23.305810685512956;-982.2595021333876 187.52671934598902;-834.597368104618 -458.04039642963085;599.7636833305409 -800.1771829774843;915.6061920762427 -402.07623783511804;-205.9035859461469 -16.6514148829009;-675.6174005799804 737.252418126621
1000,8,26,GNNLXSSA,988.2581981165276,63884.41210845006,5.5701845118666675,,1943,1982,9000,5590,100,0.0,2,663.8796863971547 747.8393958526225;-214.71855019155066 660.5029879656804;64.28221257208239 -478.3132910075843;184.88695194341193 -982.6211313037331;974.7466741081099 -223.31350455173552;-192.15737561643365 981.3641235526214;648.2493369195195 -756.0695883861024;-656.6104991632704 -753.3514472782629
1000,8,27,GNNLXSSA,1113.277919762193,63759.39238680439,5.5701845118666675,,1947,1982,9000,5590,100,0.0,2,23.210909719417707 227.91163980762747;154.00998556176515 -798.127149570691;966.5910083231023 -256.3236677112129;-266.0674629782654 -963.9544103038843;-245.79170087575906 968.1254045573387;-334.5588548021663 -392.94936061417104;-844.3161860304002 228.83981460077715;-746.6017599332508 665.2712319532332
1000,8,28,GNNLXSSA,955.3383520377029,63917.33195452888,5.5701845118666675,,1933,1982,9000,5590,100,0.0,2,907.3511995770607 -410.3527549553659;-989.6698317486503 134.1231446177793;271.96500952021506 853.9907114971438;-797.5953196846422 -305.32523542434404;254.44026802090212 -909.2062035158914;-117.87314651005602 374.9619376675263;648.3655374376448 -761.2170864956297;-530.0413391945785 847.7549147649605
1000,8,29,GNNLXSSA,930.1401464328592,63942.53016013373,5.5701845118666675,,1941,1982,9000,5590,100,0.0,2,480.7622385385099 -876.1860415862939;-870.9303715427586 -491.40450124600005;53.592951980452796 50.96773612679026;-368.1343890855439 -929.772591321455;998.4678343665447 55.27320996940613;-743.1573637490095 669.0831866502201;64.56610512114837 670.0172727703223;852.9162922768169 522.0476974077824
1000,8,30,GNNLXSSA,925.8277087500683,63946.84259781652,5.5701845118666675,,1936,1982,9000,5590,100,0.0,2,326.134920376368 -922.3968341639433;707.7906709867565 130.63597159028666;-401.67376065768633 -615.4551405275023;411.42152842374065 843.4025567221684;-380.34496065449326 -162.03702204948442;-384.5024380291382 -923.1235942112271;769.6439950205423 -441.32983050445597;-563.4402752357388 296.9838395579208
1000,7,1,GNNLXSSA,271.5027990724484,56492.083719173315,4.203529049766667,,1873,1918,9000,5590,100,0.0,2,212.18627344271573 866.2694824053303;-788.0279843833755 589.6949882618634;83.25290844849597 -996.5284507904761;920.0019896008137 -391.9136883684268;-210.61093280588 -404.1062344533932;78.77587964622388 108.60889838331482;346.6074170504172 587.9776447112662
1000,7,2,GNNLXSSA,412.64968017723004,56350.936838068534,4.203529049766667,,1877,1918,9000,5590,100,0.0,2,-43.08803597950854 958.8330661693949;393.1351817285486 -882.1701648602641;-480.97682055137847 -733.7390714213243;-689.7612728571747 589.2948924243184;942.8561672107942 -333.2000119336294;-940.3886094971268 49.250535448263115;989.8486304479339 116.19290404781356
1000,7,3,GNNLXSSA,591.0826720432742,56172.50384620249,4.203529049766667,,1874,1918,9000,5590,100,0.0,2,-50.2362654819926 -334.7646778098036;737.6343406059384 111.47431039882606;-550.5003503212336 -521.3872173271609;-323.5087878458537 -946.22516569076;850.6958928713434 522.4055225323672;-941.9900865566922 167.23470641184846;-770.8935233925846 558.1341169071017
1000,7,4,GNNLXSSA,419.7367930806722,56343.84972516509,4.203529049766667,,1882,1918,9000,5590,100,0.0,2,942.8250764519483 298.21273425527517;645.9339388513162 -744.3298995795597;-741.9183929817387 -604.3226479488188;-727.1941900820958 686.3563115478445;-882.8458666721239 347.85833034135675;-999.1104766538155 32.31760090520968;256.94572231961024 966.3724802609967
1000,7,5,GNNLXSSA,595.7022463582834,56167.88427188748,4.203529049766667,,1881,1918,9000,5590,100,0.0,2,-361.90790296659964 -750.3221355479002;977.7500271006976 209.77341229189418;-919.7056960873596 -390.7734586322615;-56.36069822316821 473.39240433351193;-119.49065038524711 56.762487547699685;69.48478739560254 871.899889766688;683.2962483174485 -730.1412445789509
1000,7,6,GNNLXSSA,525.8994672504778,56237.687050995286,4.203529049766667,,1878,1918,9000,5590,100,0.0,2,-951.680554561792 -260.85694580845114;-510.0491235630793 638.053140966373;-200.20180581962506 974.7090852384504;-918.179166129063 150.67367568719368;958.2402403484933 282.3715973892713;269.94733384920187 -962.8704474828936;-477.8348779839618 -878.4013328241828
1000,7,7,GNNLXSSA,602.5362984829771,56161.05021976279,4.203529049766667,,1884,1918,9000,5590,100,0.0,2,161.4340969227667 -284.720681736505;5.836845457892871 999.9829654724628;730.6768663895407 682.7234556708603;-93.68722703581656 -587.1478379161628;-769.7203866210201 638.381176429872;48.94200673971052 181.3415014745888;-329.56733588953983 -944.1320729191817
1000,7,8,GNNLXSSA,514.0064730248996,56249.580045220864,4.203529049766667,,1882,1918,9000,5590,100,0.0,2,-766.1004354907525 226.25862478760342;655.5848799651653 -110.23962820713068;-65.03895412310459 -996.5252064769063;-761.753580376147 -647.5746619573694;-9.016042903248323 976.4375883181601;973.5952917692822 226.0201503324706;740.552404683652 -669.1225738426647
1000,7,9,GNNLXSSA,604.9212719821735,56158.66524626359,4.203529049766667,,1883,1918,9000,5590,100,0.0,2,981.8986902394184 -189.40686921575625;-381.7276501800928 -924.2748514851979;-233.61471094638128 -309.5795601595064;620.5806794974508 -784.1426019765042;-252.53389412311702 967.58804887153;87.64598396693316 436.71305813902075;-991.2076339529295 132.31563170478037
1000,7,10,GNNLXSSA,487.0596776156526,56276.52684063011,4.203529049766667,,1879,1918,9000,5590,100,0.0,2,-286.2462906887438 -944.654545530876;980.9741385292261 -194.13845455458517;-448.18062282655285 893.9430235327098;-971.2707028679301 -237.97735554131378;-68.99313697225377 658.8790601360857;755.9895805201608 654.5836494634976;766.674911614123 -642.0354973842776
1000,7,11,GNNLXSSA,456.47260157574783,56307.113916670016,4.203529049766667,,1884,1918,9000,5590,100,0.0,2,-957.5945434548211 -272.97836570790474;-759.2307049492272 -650.8215858914788;822.0322100550139 499.4522124532932;608.7649640611144 101.321402367887;-858.7136770313231 487.9363706259822;467.367671627424 883.7841848561591;707.9272589381632 -675.1907731897135
1000,7,12,GNNLXSSA,704.0044236665271,56059.58209457924,4.203529049766667,,1880,1918,9000,5590,100,0.0,2,117.84848337486704 -993.0315881009243;-102.89466698813924 963.2971676415099;-825.2730144801116 555.460749412561;-469.49413483185685 52.83863912593427;-932.4651837904134 -113.90471221069794;-593.284816779694 -804.0607946503948;-127.48026290355247 -335.6187786678187
1000,7,13,GNNLXSSA,451.3528051486792,56312.233713097085,4.203529049766667,,1872,1918,9000,5590,100,0.0,2,-759.1384945157967 650.6215639039495;-788.0658384252778 -562.4866154524809;-765.7193074565008 -164.61834468238146;305.51358205058676 952.1531957429266;-26.550595119558867 -998.4933095896566;-970.2306260141658 241.09420057487026;898.483991041022 -438.814267368893
1000,7,14,GNNLXSSA,575.7563283846976,56187.830189861066,4.203529049766667,,1886,1918,9000,5590,100,0.0,2,31.868154496697663 999.3540284934496;923.4911538449239 383.61971895377206;-998.2380557660433 -59.33619485971178;144.60716179372952 666.2483584148222;659.5437610400417 -29.56444573344757;-927.3022439924769 374.3134358883167;-311.0814951854181 -950.3832402526913
1000,7,15,GNNLXSSA,382.701796572117,56380.88472167365,4.203529049766667,,1869,1918,9000,5590,100,0.0,2,628.2759062405362 -777.990607679574;-313.80121242267836 949.4887040307837;940.9517369630358 -338.54073419050434;-926.0411054327816 -344.2228361262694;742.0021790927364 670.3974688359367;-171.92181180721795 -984.6446867363453;999.3492381113764 -36.07076775189973
1000,7,16,GNNLXSSA,518.4581135428307,56245.12840470293,4.203529049766667,,1887,1918,9000,5590,100,0.0,2,-119.0037667573685 992.8938027289513;681.6264396958195 -159.78216295574038;-572.9384380697214 -811.0058315875671;160.90918116278343 745.8854299327738;108.16519101335328 -994.1329344977183;-749.1250193001114 -154.828549186947;-611.9148281272354 300.15850232781895
1000,7,17,GNNLXSSA,727.9615036830946,56035.62501456267,4.203529049766667,,1875,1918,9000,5590,100,0.0,2,-908.0598396152025 -92.8922444681421;666.771834726004 745.2592007087138;-11.644832863789485 -999.923138941429;-763.3929565456499 645.930345289113;-342.7378902357074 939.4280253041832;981.1497881326541 -193.17910008118565;142.68020223204434 -688.582157321615
1000,7,18,GNNLXSSA,291.10489787026745,56472.481620375496,4.203529049766667,,1889,1918,9000,5590,100,0.0,2,154.90527913642453 -987.9292821594507;641.12139914022 720.8050455019636;53.69802088079642 -430.08763462611535;527.6792082320399 390.6274255562533;-999.6613406055303 -26.01806563698134;781.9835684041201 -623.2990116233021;-586.1869894681348 707.69882889248
1000,7,19,GNNLXSSA,551.6706011512288,56211.915917094535,4.203529049766667,,1882,1918,9000,5590,100,0.0,2,-179.33767498615646 -400.0065872754762;-700.7674594315619 -713.389705268028;-431.10723336592207 169.1613544019748;741.3394653163097 156.14038100831235;361.9637564289107 932.1920699843076;-305.78093221794927 753.4254681856659;656.7904102057856 477.57365044665204
1000,7,20,GNNLXSSA,578.8279669544936,56184.75855129127,4.203529049766667,,1878,1918,9000,5590,100,0.0,2,825.8031942536768 -563.9583735774223;-237.48057398480856 -971.3922693540201;-342.91576914594117 -280.7850341382175;347.53201223073137 934.1610746077966;-985.0479869275216 172.28018752000253;902.1843537885494 431.34937150173926;958.7195031971088 -284.35308402134314
1000,7,21,GNNLXSSA,485.7928792057137,56277.79363904005,4.203529049766667,,1879,1918,9000,5590,100,0.0,2,777.0248898258258 -418.2491722948847;-756.4984780445163 653.9954531312358;637.59654186969 -701.720868786129;-656.7292913972229 3.8177265808483796;162.59850481130573 -986.6923158883562;859.4131939905856 383.9520295639391;280.3724134161305 954.6503546305293
1000,7,22,GNNLXSSA,538.2233313034085,56225.363186942355,4.203529049766667,,1878,1918,9000,5590,100,0.0,2,581.1006458938047 774.9536223628742;996.8594351810307 -78.64033992249483;-992.401086769278 -99.51937716723846;-977.3313717224148 211.71535099558312;803.231217261033 362.76480966175296;-412.99967665368456 785.4544793619798;-436.4161758670244 -898.4178639750974
1000,7,23,GNNLXSSA,752.4072225659547,56011.17929567981,4.203529049766667,,1882,1918,9000,5590,100,0.0,2,-181.72236912020963 738.6533229118594;-789.584824548257 512.9844409658531;892.0921681840243 -197.11823152461818;51.161071798302416 998.6891894390768;321.5923598854362 233.79182618648804;-448.6333879113425 -340.7591580728171;500.2288214179354 -865.8911792026389
1000,7,24,GNNLXSSA,471.08791027072584,56292.49860797504,4.203529049766667,,1870,1918,9000,5590,100,0.0,2,-651.5111580566139 -460.00904085936406;997.0543978227549 -76.69763870096234;375.0292583862148 842.9813332292238;592.8531518053883 -805.3105862922808;867.4325467013962 -497.55479790986846;-743.4558737245286 515.4965259639397;969.6874023773989 244.34881147771588
1000,7,25,GNNLXSSA,343.59378227154957,56419.992735974214,4.203529049766667,,1880,1918,9000,5590,100,0.0,2,-375.3915927927802 -921.7441115489102;370.63828393605354 -924.9580328982357;-897.5021906528715 349.85501569716524;921.3961757678356 388.36236801760657;-974.3494985121574 -150.38632294510614;822.922678915291 -567.962623179718;-604.0489275240337 778.4591288400081
1000,7,26,GNNLXSSA,494.2865188804062,56269.29999936536,4.203529049766667,,1884,1918,9000,5590,100,0.0,2,897.4151167800804 -283.0414898877163;-722.5971958038372 656.6324199436057;-937.8799152830463 167.13863429716244;633.3824029355843 -758.8248732788018;935.9377445033867 352.1654986138096;-288.9787973581497 956.6644840878613;-683.2744369902163 -730.0381637558843
1000,7,27,GNNLXSSA,333.7491712715564,56429.83734697421,4.203529049766667,,1869,1918,9000,5590,100,0.0,2,51.78636336294676 -998.6581860524855;405.8326435639445 913.9474084529701;-423.5203051054594 905.886610544266;-996.3904366843909 84.8887370850144;-889.1572662516567 -457.6017437378059;110.23597282359306 374.54113965739805;999.7667732861679 21.59627358976545
1000,7,28,GNNLXSSA,568.196504775784,56195.39001346998,4.203529049766667,,1876,1918,9000,5590,100,0.0,2,896.2198242456034 -437.678472759876;-857.3711869311053 442.1511318988632;-789.235771967939 -417.38673942530767;178.64140543748914 -983.9133386350969;135.9635870318676 990.30438803101;120.10783599244371 -646.3995859553046;-687.2566075236463 726.4051186276405
1000,7,29,GNNLXSSA,467.67523631265067,56295.91128193311,4.203529049766667,,1888,1918,9000,5590,100,0.0,2,-674.5418930535517 738.2365708333141;76.45140573718655 -626.3193939241111;996.073097070117 88.53400101765824;-85.70503502226573 -996.3205543256809;234.20895200983637 972.1862819431542;-913.6050880828825 -187.52079127014704;910.8603013295035 -412.7148064486251
1000,7,30,GNNLXSSA,256.0235405257481,56507.562977720016,4.203529049766667,,1864,1918,9000,5590,100,0.0,2,306.577679628094 946.7540705776403;919.8896586890836 -147.23119343355316;-645.5131861966124 -167.61678204204276;589.880283417794 -627.0174859060484;-601.4627924509197 691.3824718903245;-448.34028990966686 -893.8629561871976;962.056277899705 272.8510915385267
1000,6,1,GNNLXSSA,269.10021383954154,48385.4025160854,3.127710818833335,,1812,1854,9000,5590,100,0.0,2,-243.42607921512075 -969.814403773699;677.8561901193084 -734.3638730494747;893.5457944412298 -272.55217902994207;-40.384785844972086 999.0174124168352;812.0517646576645 583.3615189140747;-960.651562357316 -277.2595198025459
1000,6,2,GNNLXSSA,151.4191312145631,48503.08359871038,3.127710818833335,,1819,1854,9000,5590,100,0.0,2,-497.93905648217617 825.5940221807756;-464.3812109892413 -885.6354164554202;993.852265727661 -104.1574380634973;581.6399922970485 813.4463223598035;-931.1209998560439 364.71041063709856;-998.7156755133215 -50.66556507106024
1000,6,3,GNNLXSSA,270.06496614003845,48384.4377637849,3.127710818833335,,1822,1854,9000,5590,100,0.0,2,-878.2974640833577 478.114593570143;-289.7643542930681 -957.0980195262767;999.8886337671739 -14.923808602844312;113.74166079528041 -505.4646301251959;895.8519176808584 444.35272204356824;494.0974700216893 869.4065160315777
1000,6,4,GNNLXSSA,111.4217391127604,48543.08099081218,3.127710818833335,,1806,1854,9000,5590,100,0.0,2,129.34375294530403 42.71950444401779;-600.9623475714877 799.276143567115;-948.9062974496679 315.53927612297554;793.5990550778633 -608.4322853042484;-343.7795648662812 -939.0501222669096;618.7584017277642 785.5803354082456
1000,6,5,GNNLXSSA,264.22358493071806,48390.27914499422,3.127710818833335,,1810,1854,9000,5590,100,0.0,2,921.647491783294 -337.00229935026954;91.85514984337375 160.22920447619663;641.228770809021 711.8932797226556;-48.64229655272588 -913.0635468805957;-538.501456406013 804.0710255802667;-820.9788240046886 -344.08386555007746
1000,6,6,GNNLXSSA,181.4680622351152,48473.034667689826,3.127710818833335,,1804,1854,9000,5590,100,0.0,2,-920.3793445443558 -391.0266770133487;-978.3380346719674 207.01374329785935;929.4555603670185 -328.97557299302673;-738.1877243931078 674.5953480089565;697.4898099384134 716.5947006726158;590.1452084451688 -753.9816430941676
1000,6,7,GNNLXSSA,166.8085513302285,48487.69417859471,3.127710818833335,,1811,1854,9000,5590,100,0.0,2,977.1454357404231 212.56730457641524;-204.7825686368561 515.3020945188969;46.926817918328815 928.50589362643;-753.1517340503566 -418.66253996204466;805.6862875613185 -444.09353956732826;-178.27549514521218 -983.9804975383464
1000,6,8,GNNLXSSA,282.5539034565809,48371.94882646836,3.127710818833335,,1815,1854,9000,5590,100,0.0,2,886.9236426795607 406.43102261728575;-997.2799607119609 73.70632156107528;263.0719156800449 -228.61896816972643;-348.14883590747 876.293041909465;-3.1026591824372907 -518.0861778112246;-167.82787891809238 -985.8163130410524
1000,6,9,GNNLXSSA,261.9702370968953,48392.532492828046,3.127710818833335,,1818,1854,9000,5590,100,0.0,2,909.6621870228734 -201.94394887479578;665.5192271172971 -679.2308930735987;-971.3924779809753 -237.479796450099;-352.29813668412135 -934.9773322050627;-972.5318997758164 232.7696370200402;-641.5348048319054 767.0939278792976
1000,6,10,GNNLXSSA,236.16589944501902,48418.33683047992,3.127710818833335,,1808,1854,9000,5590,100,0.0,2,707.0783935758433 707.1351676576444;999.9850970533184 -5.459457048584856;528.6245902151752 -848.8557254444586;-979.6341885426107 200.7905790580342;-502.1826431226623 -864.7615815624192;-672.5872158058193 740.0178627131754
1000,6,11,GNNLXSSA,267.97710921247926,48386.52562071246,3.127710818833335,,1816,1854,9000,5590,100,0.0,2,-890.5215754333486 -454.94101121761554;-611.5484297689935 692.2756525116724;999.6072096863619 28.02545883737859;632.978957879551 -483.3961154324263;805.0155164550459 593.2537553750635;494.54896627233404 -869.149768428299
1000,6,12,GNNLXSSA,308.9573901546755,48345.545339770266,3.127710818833335,,1811,1854,9000,5590,100,0.0,2,-26.352045173462376 -999.6527245574714;86.58789083389678 -528.7079905544638;157.6811403849375 318.0121910139598;511.4472428907076 859.3146791132416;-604.3789322856626 314.0373263699774;370.7203687897245 559.9284401630919
1000,6,13,GNNLXSSA,371.563874365369,48282.93885555957,3.127710818833335,,1802,1854,9000,5590,100,0.0,2,619.607266171771 588.8647409446124;254.23751950365946 967.1418082286871;-880.517179640675 -474.0142346396453;608.8798168518152 -488.4468982380168;252.59164720274336 -967.5729687399357;-755.3698608537128 262.6609019536255
1000,6,14,GNNLXSSA,221.61428962504579,48432.888440299896,3.127710818833335,,1825,1854,9000,5590,100,0.0,2,956.3670016855968 -290.0125233455342;657.0743281341628 749.7856460173884;-123.06440999090213 -21.461605162487345;-225.54576587437768 973.8926765848562;-689.6597390505237 -722.6693939493409;810.1519574590554 -586.2199295701749
1000,6,15,GNNLXSSA,29.85161958376557,48624.651110341176,3.127710818833335,,1816,1854,9000,5590,100,0.0,2,54.43319490828909 -998.5174146163282;846.1795119133852 -532.897957978847;-752.2507126687904 395.7043938927445;999.443394106401 -33.36018550723701;94.66560800464991 870.3590243832251;-739.4961523926465 -552.8298290547805
1000,6,16,GNNLXSSA,275.94298104230984,48378.55974888263,3.127710818833335,,1806,1854,9000,5590,100,0.0,2,999.2534628088655 38.63310839799396;7.4462938474498594 -564.3157146615581;217.3216140159073 976.1000543394724;-11.296525870321078 -999.9361922159138;862.2369805730517 506.50507335293963;-988.0809056236852 -2.2224691680205693
1000,6,17,GNNLXSSA,182.34662619827577,48472.156103726666,3.127710818833335,,1817,1854,9000,5590,100,0.0,2,-417.54192823488427 -901.1299423604403;753.1498221490372 -598.0022880914908;-841.3551981070925 -175.63072589595436;927.873624848137 -158.51375856660596;764.1926984150363 285.7191799150571;579.9428445880297 814.6571653224099
1000,6,18,GNNLXSSA,396.20150332200865,48258.30122660293,3.127710818833335,,1816,1854,9000,5590,100,0.0,2,-882.534021857705 -206.35937502668557;-249.55969141006383 678.6021484058256;984.6268084523435 103.37666534244559;693.2302314326957 -228.00305143846265;-605.1993810407931 -784.749202970582;-192.43460889621394 981.3096393630723
1000,6,19,GNNLXSSA,394.02443065401894,48260.47829927092,3.127710818833335,,1815,1854,9000,5590,100,0.0,2,14.909067854600776 -987.3733463210817;-822.9117211146647 540.2652370621369;800.8755841105992 592.6239947123944;608.1806348829033 -793.7986617231277;-364.2100717028032 931.3168223919499;-890.0878308521318 -441.8349186722558
1000,6,20,GNNLXSSA,262.5102524072281,48391.99247751771,3.127710818833335,,1814,1854,9000,5590,100,0.0,2,-436.9979058276734 849.8990377341108;558.116109964446 -579.8570460759079;864.1500918850062 500.0133549487836;992.9824161651756 -118.26208685276099;-935.67707642052 351.75731154602397;-992.5608508336006 -121.66570525420099
1000,6,21,GNNLXSSA,388.788384991356,48265.714344933585,3.127710818833335,,1812,1854,9000,5590,100,0.0,2,992.405590485136 -123.00871503210018;972.5006299550421 232.90024632242526;-994.1473343591775 -108.03276163526367;-807.0398326805524 -590.4970012345074;-151.85132048045858 -967.3779014049285;797.7838145481193 602.9436003848552
1000,6,22,GNNLXSSA,153.32123572855926,48501.18149419638,3.127710818833335,,1808,1854,9000,5590,100,0.0,2,248.1848415528713 968.7121035035967;954.0216271819994 -299.73719563145806;-812.759318163276 194.65557018844802;-97.85001346649302 -900.8695253674553;-686.1870145912969 702.2791718720122;976.5502256363517 215.28970437433972
1000,6,23,GNNLXSSA,486.17610041746957,48168.32662950747,3.127710818833335,,1816,1854,9000,5590,100,0.0,2,214.70040152008139 601.7596819095797;393.2098527418204 -485.3559261549205;398.61026079516387 104.73590287680818;-995.5010213044928 -94.75081309261482;608.4589896351571 352.7510371585106;297.8233345292094 -938.2112458818074
1000,6,24,GNNLXSSA,360.3265907151217,48294.17613920982,3.127710818833335,,1815,1854,9000,5590,100,0.0,2,980.8272990039937 -194.87896122601396;-489.04681831868675 -462.7433925878154;-379.0254995067938 600.786112086961;-197.81918236439617 -980.235513643115;-88.72385142073279 996.0562625620461;-731.3025600318372 233.24362282067815
1000,6,25,GNNLXSSA,396.87170845685614,48257.631021468085,3.127710818833335,,1804,1854,9000,5590,100,0.0,2,-296.8749128899962 -954.9161902693797;743.3602375254227 54.892208862690836;-720.3044654154161 -437.01929975374543;-893.8570725877847 27.26620479130863;-711.4639797952478 457.6115813492186;355.5025900438675 934.6747432426919
1000,6,26,GNNLXSSA,210.8243298192392,48443.6784001057,3.127710818833335,,1809,1854,9000,5590,100,0.0,2,-477.6076985800882 -878.5732105277463;476.22930047049 851.7678529865509;420.0942284814886 176.8183593142665;437.95518881377484 -891.3458763572413;-331.2685280410258 -576.9784234479043;-867.94094346047 496.6674125256753
1000,6,27,GNNLXSSA,330.2857934166532,48324.21693650829,3.127710818833335,,1813,1854,9000,5590,100,0.0,2,331.21316325583126 943.555722032053;-894.3354661011675 108.18615316372782;819.0505600669612 566.8641706079283;911.9046867942873 -404.01792728886375;-918.2772194912185 -395.9380610189889;396.98864196328935 -916.5324012039589
1000,6,28,GNNLXSSA,65.91441313255928,48588.58831679238,3.127710818833335,,1807,1854,9000,5590,100,0.0,2,-931.2560125825588 295.69981337295087;-191.2677689246125 -962.9469995995637;973.6990126602236 227.8381722725706;709.3483684239912 704.6865397402049;-948.7310851173103 -233.6027443631688;-251.36882055591883 961.8625685854516
1000,6,29,GNNLXSSA,214.15188624776056,48440.35084367718,3.127710818833335,,1815,1854,9000,5590,100,0.0,2,613.6507255373282 -751.6071429021878;-169.34174476762257 -954.674591873331;773.1796548967735 634.1870554132322;985.6629167452658 168.7264488846227;159.78238115962313 987.1522631645844;-987.4417441771326 -157.9835493221439
1000,6,30,GNNLXSSA,248.182483750541,48406.3202461744,3.127710818833335,,1819,1854,9000,5590,100,0.0,2,-875.5295983045098 -241.3816024512048;-618.9688773153343 769.642039346196;413.65272228047587 750.7959025061268;752.5160453480847 -658.5719729789362;-522.6886357041072 -852.5154751533252;982.0634802857836 -188.54912565510975
1000,5,1,GNNLXSSA,228.5034369753339,40316.915504628785,2.079962787166666,,1757,1790,9000,5590,100,0.0,2,140.15260470133956 -100.63027392478416;-805.4993867026459 582.093260940839;-206.66251874046552 -507.3407392529356;979.9022437297122 135.13071569932666;369.38468374203177 -926.5569622035513
1000,5,2,GNNLXSSA,89.18515841318003,40456.23378319094,2.079962787166666,,1744,1790,9000,5590,100,0.0,2,-849.1485652395922 464.2365020466851;-946.3258014313598 -42.299521457514004;999.6011379908587 28.221229871897197;853.8726180130587 -468.924300260097;455.64325049024603 -890.1612654702832
1000,5,3,GNNLXSSA,58.87017868964176,40486.54876291448,2.079962787166666,,1746,1790,9000,5590,100,0.0,2,-971.2471989520227 -238.0732629419986;-253.01178233977188 967.4631972314253;286.36219025571967 -916.6675477197148;927.8887722472256 -279.9041930566161;-567.5990467055526 583.0471989620908
1000,5,4,GNNLXSSA,55.59075888759253,40489.82818271653,2.079962787166666,,1752,1790,9000,5590,100,0.0,2,-919.1127864359203 219.65598499958892;698.520343670928 658.7914985863875;659.720855866106 -730.5914529742906;933.3698219562193 -208.01117803867646;-669.2085356670658 697.0665495783586
1000,5,5,GNNLXSSA,0.0,40545.41894160412,2.079962787166666,,1759,1790,9000,5590,100,0.0,2,-975.7414022572037 218.92627964944177;-287.85797976958094 915.1014006088013;-717.1190511214749 -696.9506915977882;711.3903116152616 640.8147866359377;716.8713503161815 -697.2054697833734
1000,5,6,GNNLXSSA,147.33655857737176,40398.08238302675,2.079962787166666,,1749,1790,9000,5590,100,0.0,2,-646.8203934635287 -744.4978003297783;966.016650713233 258.27818021359974;973.3705517766933 -229.23680955384629;-238.67026015252094 971.1004995351204;431.99401718618293 -765.4701169240246
1000,5,7,GNNLXSSA,133.01832113508863,40412.40062046903,2.079962787166666,,1752,1790,9000,5590,100,0.0,2,104.2564331181888 -994.3630830324428;-894.46670823703 -446.7366980179625;993.6413555416166 -8.714099496404398;-262.0118034435305 965.0115990579671;677.7166797826852 729.6266540269137
1000,5,8,GNNLXSSA,18.60637105727801,40526.81257054684,2.079962787166666,,1745,1790,9000,5590,100,0.0,2,-400.6237249811269 826.1289787677035;-663.6371391614853 -532.7481813797623;534.1368242054377 -845.2277440177584;-477.53653488100935 163.46027281951703;587.5727323670882 809.1656130414962
1000,5,9,GNNLXSSA,20.35381253687956,40525.06512906724,2.079962787166666,,1753,1790,9000,5590,100,0.0,2,-999.6245503693282 -14.844285786811657;-503.42948797425305 857.2739593074707;-539.2159581621662 -835.3192429156745;854.6062142707243 -495.613559767144;993.9794175872199 58.15448335447953
1000,5,10,GNNLXSSA,108.18551653834584,40437.23342506577,2.079962787166666,,1753,1790,9000,5590,100,0.0,2,-795.9147045952551 -470.7297042847429;-780.7149147473206 497.9469256027146;-433.66373846752117 -900.6641157722459;871.7778676708493 484.7454587131661;856.1327066635401 -516.7560242328681
1000,5,11,GNNLXSSA,6.86618578623893,40538.55275581788,2.079962787166666,,1751,1790,9000,5590,100,0.0,2,-746.6919079908001 -665.1700493415638;299.37568941725226 -933.0139152599426;-232.81431615702974 972.5211730038194;969.7417013772265 -241.22714261427055;712.0591700229406 702.1193784596886
1000,5,12,GNNLXSSA,88.49466058459075,40456.92428101953,2.079962787166666,,1743,1790,9000,5590,100,0.0,2,-938.7251332104147 133.08685024295818;775.8538005694558 630.8118687514809;562.1613983869479 -708.8750725358059;159.94304894511578 987.0300567095933;-491.7512713472207 -727.984235911378
1000,5,13,GNNLXSSA,116.17229416350165,40429.24664744062,2.079962787166666,,1746,1790,9000,5590,100,0.0,2,999.5329140358687 -30.56065704406076;-678.1207692985221 -734.9494821080037;-782.1888253646292 623.040707461469;634.9605509740513 -769.971654771019;607.7965863930231 637.9248182100139
1000,5,14,GNNLXSSA,55.02110939346312,40490.397832210656,2.079962787166666,,1749,1790,9000,5590,100,0.0,2,761.569625703023 94.08194129275248;-645.454374781096 427.2016441954298;-305.16539369079976 -950.527432029709;-281.13662114600754 -536.6311548805063;261.6560190297632 965.1611926023011
1000,5,15,GNNLXSSA,151.93099264516786,40393.48794895895,2.079962787166666,,1748,1790,9000,5590,100,0.0,2,995.9110275573344 -30.742510777766288;833.1062064869756 -551.9051433986796;-844.8257461984934 26.379700326639632;844.2112679895196 459.83360274455674;65.47811370557243 -996.910046082182
1000,5,16,GNNLXSSA,20.339670450914127,40525.079271153205,2.079962787166666,,1755,1790,9000,5590,100,0.0,2,941.5130012167631 -280.09968168011574;268.97486853616607 957.7872547843637;-262.8846127367082 -958.8115571698986;948.7632320222984 291.495950854529;-968.505697127502 248.99139469381518
1000,5,17,GNNLXSSA,72.86625219665439,40472.552689407465,2.079962787166666,,1748,1790,9000,5590,100,0.0,2,-494.8710882304661 -225.6757762849306;849.2933738656869 94.19523889135695;-608.8942363494118 -793.2514159712963;550.8475478682789 834.6058824424281;-699.4210717656697 518.9283238268587
1000,5,18,GNNLXSSA,141.740817015605,40403.678124588514,2.079962787166666,,1751,1790,9000,5590,100,0.0,2,-654.4503605185541 756.1049699725128;991.2827408870858 131.75176514713888;-783.5588354977365 -620.3018667979381;363.4150925356842 -904.5875397339174;969.1489260151742 -203.6000654859131
1000,5,19,GNNLXSSA,56.49994819125277,40488.918993412866,2.079962787166666,,1754,1790,9000,5590,100,0.0,2,-939.6566648495285 -342.11891529680275;-289.4340738196809 957.1618681390712;684.1486772026491 -720.4923216985118;724.1621062989468 677.0646898302527;-929.3883688200843 244.9525849675954
1000,5,20,GNNLXSSA,61.86313531180349,40483.555806292316,2.079962787166666,,1746,1790,9000,5590,100,0.0,2,306.0477068367826 -586.1364745735805;-85.53467748598192 -996.3351940724411;51.141660002840034 998.6914091010065;584.5876753665914 468.4958470949731;-744.1949904581862 -318.17192538447966
1000,5,21,GNNLXSSA,81.7216540708032,40463.697287533316,2.079962787166666,,1741,1790,9000,5590,100,0.0,2,-397.2959659723684 -917.690533579857;886.5589107634572 460.80928995851815;-801.9765748740247 6.6753361600182295;-579.4992646794052 814.9727616528228;996.9135674508635 -55.657510593224146
1000,5,22,GNNLXSSA,71.48135883475334,40473.937582769366,2.079962787166666,,1753,1790,9000,5590,100,0.0,2,-974.3082438042466 224.74330743332925;969.1698113081502 246.39374352634115;382.0945481237661 -566.1454530445765;174.7292613577009 -984.6165168355608;236.6794313130364 971.5877967499065
1000,5,23,GNNLXSSA,120.72549659205833,40424.69344501206,2.079962787166666,,1750,1790,9000,5590,100,0.0,2,-906.779149032507 421.6059473962415;-26.613159314910057 -999.6458071493519;-996.8973827450764 -78.71218632471611;-467.89364542330696 883.7846686518403;917.076735240869 398.7107493910204
1000,5,24,GNNLXSSA,62.1356795981701,40483.28326200595,2.079962787166666,,1743,1790,9000,5590,100,0.0,2,-411.7331744457385 -911.3044458691261;-924.8216238791967 361.91228388741763;16.209863352057916 895.9171063644258;990.6130084400423 -136.69626004162825;917.5850652716069 397.5394923658539
1000,5,25,GNNLXSSA,105.47206937415467,40439.946872229964,2.079962787166666,,1760,1790,9000,5590,100,0.0,2,-963.3191517851026 23.829807619287465;-505.39907630324836 -784.3314039937148;690.4732863974277 723.357892589509;879.1563810093135 -400.2390619922926;666.0775095578979 416.2650948613487
1000,5,26,GNNLXSSA,25.808526204753434,40519.610415399366,2.079962787166666,,1741,1790,9000,5590,100,0.0,2,-466.1575027113921 823.0435758801898;837.2451653868626 -539.5973736946921;-928.73457293886 -94.50331233144867;-455.9468555484596 -889.8150756680242;912.0680185893 410.0389106245992
1000,5,27,GNNLXSSA,73.00884381400101,40472.41009779012,2.079962787166666,,1752,1790,9000,5590,100,0.0,2,-751.0063801591969 376.09653704516563;522.6305309494455 343.4251772767312;-455.366861692858 -223.26846928398965;-105.97995727773709 -994.368263447159;-137.5027526815909 985.6099512071104
1000,5,28,GNNLXSSA,82.7076015240309,40462.71134008009,2.079962787166666,,1757,1790,9000,5590,100,0.0,2,966.4468919106305 -256.8585520268015;636.7136370502067 771.0997777226813;-947.134095196802 -320.8229652295855;-294.4660255022213 -955.655899857171;-943.6027862343242 331.0795235503466
1000,5,29,GNNLXSSA,151.9932046384929,40393.425736965626,2.079962787166666,,1750,1790,9000,5590,100,0.0,2,-992.8277151807638 18.562522424771284;998.8217903593651 -48.527740649902604;17.46936743398285 990.5078160018426;-748.2050058316455 -663.4676097960377;835.1694792569622 534.6207568660151
1000,5,30,GNNLXSSA,20.797979913666495,40524.62096169045,2.079962787166666,,1751,1790,9000,5590,100,0.0,2,-909.6618625793416 -19.610522815256118;999.9782234198074 -6.5994458983869215;-845.3767397566968 530.6422754864233;518.658397515919 854.9815592667592;-448.1472546300855 -801.8604913761847
1000,4,1,GNNLXSSA,15.403019553075865,32420.932133730217,1.4935832326333336,,1686,1726,9000,5590,100,0.0,2,-754.6944142031252 -648.4801913910547;-755.5742438505297 53.188404637385126;625.0949837715824 -686.9358123783907;-330.57795779134415 911.9988801197065
1000,4,2,GNNLXSSA,13.082545970108185,32423.252607313185,1.4935832326333336,,1678,1726,9000,5590,100,0.0,2,-999.9954714494214 3.00949840493886;402.8293702625027 -748.8898094548144;852.5192655648673 51.18648437744001;-84.06950964394642 996.4598925938898
1000,4,3,GNNLXSSA,5.264808553358307,32431.070344729935,1.4935832326333336,,1678,1726,9000,5590,100,0.0,2,-687.779068647638 -725.9199539613713;-873.4470697829565 -24.67418455636411;458.57549776854705 -404.61622261923407;-317.28871082117763 948.3289903748778
1000,4,4,GNNLXSSA,0.0,32436.335153283293,1.4935832326333336,,1686,1726,9000,5590,100,0.0,2,242.50189315129268 -912.0957294818696;979.7769244764579 -200.09292407142564;-885.4699019655039 261.94516580259153;-210.62724976577297 928.4316533600454
1000,4,5,GNNLXSSA,29.35591628578186,32406.97923699751,1.4935832326333336,,1682,1726,9000,5590,100,0.0,2,865.1953229478469 -426.90232974490175;-83.38286725547488 996.5175851174206;-600.0230733239835 476.2731323375882;-159.21916634325962 -987.2432613439088
1000,4,6,GNNLXSSA,29.293726295840315,32407.041426987453,1.4935832326333336,,1698,1726,9000,5590,100,0.0,2,332.1216847977288 807.1716717171773;-459.4735700408763 -640.8805905544586;-64.70658164735272 117.63415678461504;480.9209554905276 -876.7610683543319
1000,4,7,GNNLXSSA,16.83818597348727,32419.496967309806,1.4935832326333336,,1693,1726,9000,5590,100,0.0,2,-294.16977551500185 435.2186776891609;158.17755206351293 -987.4106855929779;237.25752014012457 971.4467917168487;911.4704696635365 -262.0411489610759
1000,4,8,GNNLXSSA,69.29794371855314,32367.03720956474,1.4935832326333336,,1695,1726,9000,5590,100,0.0,2,-104.30780443306305 -329.36889185160885;82.50461566796443 374.5045102052317;-183.6195218259615 982.9973912500507;654.7689627289849 -755.8290848113807
1000,4,9,GNNLXSSA,47.98342042164222,32388.35173286165,1.4935832326333336,,1685,1726,9000,5590,100,0.0,2,458.4267658139489 888.7321870987698;93.54387559057774 254.27242805334288;-23.188222528110852 -487.49533911079186;-119.77571039035135 -992.8009766315133
1000,4,10,GNNLXSSA,40.454170395929395,32395.880982887364,1.4935832326333336,,1694,1726,9000,5590,100,0.0,2,-994.2237282016224 106.85129709317977;902.378288059126 -428.19465612364917;-364.35677266608934 931.2377118495078;764.10081008893 644.0927326640457
1000,4,11,GNNLXSSA,0.0,32436.335153283293,1.4935832326333336,,1687,1726,9000,5590,100,0.0,2,417.10205215128786 -624.9605718607315;-834.431450350804 551.1117442637689;-47.565333908027604 995.4927765537705;-488.5150983489322 -872.555441611095
1000,4,12,GNNLXSSA,19.029272714047693,32417.305880569245,1.4935832326333336,,1683,1726,9000,5590,100,0.0,2,-82.53767081041016 -996.5645936723608;-283.88605802819285 958.8310012662384;-463.8563824005739 286.9361368967701;967.7945918686557 251.70341010855265
1000,4,13,GNNLXSSA,0.0,32436.335153283293,1.4935832326333336,,1680,1726,9000,5590,100,0.0,2,253.29391793525312 -967.38936893942;268.37993954495454 963.3131412214029;-941.0383318554225 -315.2569492318658;641.4900326978227 -304.30871439933094
1000,4,14,GNNLXSSA,0.0,32436.335153283293,1.4935832326333336,,1688,1726,9000,5590,100,0.0,2,-249.75255046624687 -953.212368367882;-190.7562702072889 951.7821296721687;-573.0401080283269 294.46030582666816;954.5278274639629 298.1218318019112
1000,4,15,GNNLXSSA,18.386656501759717,32417.948496781533,1.4935832326333336,,1684,1726,9000,5590,100,0.0,2,838.3579845273242 -545.1200691400775;-999.452871478487 17.710663450726425;888.482699984286 85.00682592775718;-528.8811019836451 843.6585337981626
1000,4,16,GNNLXSSA,9.01610802131836,32427.319045261975,1.4935832326333336,,1682,1726,9000,5590,100,0.0,2,-712.6316432208596 701.5384102672765;457.41574381418855 679.9762198963749;9.598646984224915 -999.9539319269024;-734.7224599517341 -559.1480879299055
1000,4,17,GNNLXSSA,94.95800350987338,32341.37714977342,1.4935832326333336,,1679,1726,9000,5590,100,0.0,2,-172.94025660593036 984.9323162761362;-341.45763505948565 -939.8971664281062;938.3896343320273 -345.5790708046481;938.6402998429595 344.8976478764665
1000,4,18,GNNLXSSA,46.783975223886955,32389.551178059406,1.4935832326333336,,1678,1726,9000,5590,100,0.0,2,476.98386742942563 878.9120491903999;36.41328158247741 -931.1276095575478;399.7593118278594 479.73390910291255;259.63268964359116 -128.07443109036862
1000,4,19,GNNLXSSA,32.8015948784996,32403.533558404793,1.4935832326333336,,1690,1726,9000,5590,100,0.0,2,592.1704373250012 -494.6284625481592;-363.44226860967325 -479.64177584026794;387.36740687934446 921.9254265327388;380.1611073732766 273.52781986317245
1000,4,20,GNNLXSSA,0.0,32436.335153283293,1.4935832326333336,,1684,1726,9000,5590,100,0.0,2,-847.7332525186681 530.4227866279125;-24.80438401258679 -999.6923239345974;-31.974231515373347 999.4886935423539;-852.1114618318214 -523.3603506331332
1000,4,21,GNNLXSSA,8.600787922219752,32427.734365361073,1.4935832326333336,,1692,1726,9000,5590,100,0.0,2,-100.93851102679633 994.8926660658893;87.55370725389464 281.4294414963239;658.9045809758749 -752.2265304873304;-506.9124306501297 -762.097745866067
1000,4,22,GNNLXSSA,0.0,32436.335153283293,1.4935832326333336,,1691,1726,9000,5590,100,0.0,2,274.0458986309669 946.8862301647517;-583.2385207859037 -646.7560172505264;743.0970993078164 -669.1836078389167;-847.938233962569 322.7887633648362
1000,4,23,GNNLXSSA,37.32203525255318,32399.01311803074,1.4935832326333336,,1692,1726,9000,5590,100,0.0,2,992.9629401217754 115.38297840049687;-167.8013278508667 397.27040123514246;540.4251329639118 -841.392105775267;104.13779142684841 994.5624607338808
1000,4,24,GNNLXSSA,38.836381545461336,32397.49877173783,1.4935832326333336,,1685,1726,9000,5590,100,0.0,2,813.5051527935036 126.22723296867846;782.6480443755279 -416.68456141301584;213.4664373174931 -976.9448874752948;324.25630363871994 945.8845087996631
1000,4,25,GNNLXSSA,17.91279368891992,32418.422359594373,1.4935832326333336,,1688,1726,9000,5590,100,0.0,2,381.17260021554523 924.5007202992656;841.5940308340028 -139.09031445054188;-59.25929000243066 -996.0766760989835;-780.4633173242358 274.12656174189925
1000,4,26,GNNLXSSA,58.050861215375335,32378.284292067918,1.4935832326333336,,1682,1726,9000,5590,100,0.0,2,-938.7602532517665 344.57101868073465;409.1312516326241 -912.4755442955841;-361.9835383465343 932.184487087252;995.9796005639653 89.58032853503069
1000,4,27,GNNLXSSA,38.89996009150127,32397.43519319179,1.4935832326333336,,1679,1726,9000,5590,100,0.0,2,-288.43297983620914 855.1325949452006;850.6425228346387 525.7445181316883;-956.1444057059464 -292.89567329891116;561.023207985343 -668.3039645465876
1000,4,28,GNNLXSSA,40.227731601324194,32396.10742168197,1.4935832326333336,,1686,1726,9000,5590,100,0.0,2,-270.74543279669064 -269.48989097235136;-240.6085490841417 970.3752297484791;152.37129343089032 -988.3233220653034;-719.6857802679303 486.8661748477893
1000,4,29,GNNLXSSA,46.481088600525254,32389.854064682768,1.4935832326333336,,1683,1726,9000,5590,100,0.0,2,-119.03426602176594 129.87970668839264;17.97248085074069 999.8384819219901;898.9333004167063 -438.0855183659094;453.4167348017354 -891.2986394030526
1000,4,30,GNNLXSSA,39.47472711242881,32396.860426170864,1.4935832326333336,,1681,1726,9000,5590,100,0.0,2,611.4021434870276 -791.2142545947934;650.460669702781 621.6246576464779;932.8460821253994 -359.7404662205417;-642.1776089822768 -766.5558808865836
1000,3,1,GNNLXSSA,0.0,24327.25136496247,0.9712929295999989,,1619,1662,9000,5590,100,0.0,2,255.27370681535035 -966.8688300947293;675.857998349941 737.0318623142496;-953.3782179352427 301.77802035042384
1000,3,2,GNNLXSSA,0.0,24327.25136496247,0.9712929295999989,,1620,1662,9000,5590,100,0.0,2,819.8300713882526 -416.8635907673015;-291.7379747429655 751.3577717527938;-582.7844369402845 -408.6071099819766
1000,3,3,GNNLXSSA,0.0,24327.25136496247,0.9712929295999989,,1620,1662,9000,5590,100,0.0,2,-480.9598757546001 558.3424874821028;-138.2747757754114 -832.3924793856829;829.2492894506767 182.66951027353028
1000,3,4,GNNLXSSA,0.0,24327.25136496247,0.9712929295999989,,1620,1662,9000,5590,100,0.0,2,-944.9150676534961 327.3156197332916;226.47845559672197 974.0161749942982;-223.86784929545752 -974.6195083476558
1000,3,5,GNNLXSSA,0.0,24327.25136496247,0.9712929295999989,,1620,1662,9000,5590,100,0.0,2,518.8262004497859 -854.879742260184;15.025345804939317 999.887113119997;-868.193019113493 -496.2266433421303
1000,3,6,GNNLXSSA,0.0,24327.25136496247,0.9712929295999989,,1624,1662,9000,5590,100,0.0,2,147.1324193822547 -550.2940010861696;430.9650391968021 524.2484621488333;-427.9385285257121 34.786560463422035
1000,3,7,GNNLXSSA,17.231411088228924,24310.01995387424,0.9712929295999989,,1621,1662,9000,5590,100,0.0,2,284.5666546318574 -958.6561165790773;105.76591786232059 -292.3096709332919;-321.61977709075467 946.868877257073
1000,3,8,GNNLXSSA,0.0,24327.25136496247,0.9712929295999989,,1621,1662,9000,5590,100,0.0,2,-229.92622243976166 -973.2080621504227;-239.9501254534011 970.7852168708056;679.124070043047 734.0234992751706
1000,3,9,GNNLXSSA,0.0,24327.25136496247,0.9712929295999989,,1623,1662,9000,5590,100,0.0,2,236.22882530978296 -744.2690968055949;837.1380595092793 -138.728034294518;-274.2469334891241 961.6593053009012
1000,3,10,GNNLXSSA,4.913070571263233,24322.338294391207,0.9712929295999989,,1614,1662,9000,5590,100,0.0,2,-573.8646995127523 -818.9501246432156;611.8161351237061 -791.000010620917;-311.1832168342198 950.3499384756685
1000,3,11,GNNLXSSA,0.0,24327.25136496247,0.9712929295999989,,1616,1662,9000,5590,100,0.0,2,-378.5453900062999 -7.051743572971645;151.80997642637976 -955.2384533098005;-374.01514083847866 792.723365314624
1000,3,12,GNNLXSSA,4.27065887754361,24322.980706084927,0.9712929295999989,,1618,1662,9000,5590,100,0.0,2,987.2275240012636 -159.31671555218014;-298.01998667861204 -954.5596301646534;-96.8978339555918 995.2943332375174
1000,3,13,GNNLXSSA,0.0,24327.25136496247,0.9712929295999989,,1609,1662,9000,5590,100,0.0,2,-430.50758556801713 -260.674403042328;-181.67112811464705 681.1420420938143;275.1019880122293 -961.4150488689675
1000,3,14,GNNLXSSA,5.388631026271469,24321.8627339362,0.9712929295999989,,1609,1662,9000,5590,100,0.0,2,783.7282501140213 -621.1038801788426;-380.96076078961545 -924.5912062844841;383.098984953588 923.7072954824653
1000,3,15,GNNLXSSA,0.0,24327.25136496247,0.9712929295999989,,1624,1662,9000,5590,100,0.0,2,-877.4232789581707 479.7169890073647;-864.0921061972147 -503.3337183297592;489.25503300846106 872.1407642553405
1000,3,16,GNNLXSSA,0.0,24327.25136496247,0.9712929295999989,,1623,1662,9000,5590,100,0.0,2,-852.3695664974277 -522.9398838384644;-9.458860689240126 -999.9552639765748;435.40574688518586 835.1010280793232
1000,3,17,GNNLXSSA,0.0,24327.25136496247,0.9712929295999989,,1629,1662,9000,5590,100,0.0,2,-616.3140228617016 672.7755558382705;697.6060768527364 676.2179247857434;-166.4098584586917 -902.9421955069299
1000,3,18,GNNLXSSA,0.0,24327.25136496247,0.9712929295999989,,1622,1662,9000,5590,100,0.0,2,-734.1134077845918 -679.0268805510525;-740.2814136823746 243.9698061105394;360.93484212459776 -361.12674083215086
1000,3,19,GNNLXSSA,0.0,24327.25136496247,0.9712929295999989,,1624,1662,9000,5590,100,0.0,2,-531.9900987470227 -846.750574156955;207.93215469058111 485.1042575539119;537.6618921687647 -843.1605361433275
1000,3,20,GNNLXSSA,0.0,24327.25136496247,0.9712929295999989,,1619,1662,9000,5590,100,0.0,2,259.24701465692743 -965.8110505639654;-203.88668386858822 978.9944944385899;-963.8844451538639 -266.3208147900343
1000,3,21,GNNLXSSA,0.0,24327.25136496247,0.9712929295999989,,1619,1662,9000,5590,100,0.0,2,162.58824939251545 -889.5678467095555;-574.2056321580691 -126.33720257117018;185.92938265045422 643.3890024683864
1000,3,22,GNNLXSSA,0.0,24327.25136496247,0.9712929295999989,,1613,1662,9000,5590,100,0.0,2,607.6226592247008 -794.2258520072883;-358.41370859078506 -256.6009779268961;-380.01246957584704 924.981363578135
1000,3,23,GNNLXSSA,0.0,24327.25136496247,0.9712929295999989,,1628,1662,9000,5590,100,0.0,2,-966.1191135216961 -258.09660688984627;685.5644969869951 728.0118958306713;711.5865637842104 -702.598435980169
1000,3,24,GNNLXSSA,0.0,24327.25136496247,0.9712929295999989,,1621,1662,9000,5590,100,0.0,2,-364.7628764831402 -606.446405957781;806.2259141009474 591.607788515408;-677.451494771627 628.1237749383881
1000,3,25,GNNLXSSA,0.0,24327.25136496247,0.9712929295999989,,1623,1662,9000,5590,100,0.0,2,-230.95791742803806 -819.990972267665;266.2195023969453 841.3710916202979;-622.5825820195389 601.5920836001874
1000,3,26,GNNLXSSA,0.0,24327.25136496247,0.9712929295999989,,1622,1662,9000,5590,100,0.0,2,345.54278753998165 758.5445866994354;912.2245218051742 -226.96389865164872;-672.2229379652225 740.3487837995038
1000,3,27,GNNLXSSA,0.0,24327.25136496247,0.9712929295999989,,1618,1662,9000,5590,100,0.0,2,832.2673178768317 554.3745228580627;-861.0716849047509 508.48358228687516;-495.6466761889047 -868.5242497379627
1000,3,28,GNNLXSSA,0.0,24327.25136496247,0.9712929295999989,,1621,1662,9000,5590,100,0.0,2,-802.4171500958402 -596.7635354410237;454.42031934180875 -590.0494734932705;-418.65338923209515 908.1461004070214
1000,3,29,GNNLXSSA,0.0,24327.25136496247,0.9712929295999989,,1627,1662,9000,5590,100,0.0,2,-478.3822078413368 -878.1517313203043;-869.6885924268554 493.60080247361327;521.3725405447296 853.3291709334296
1000,3,30,GNNLXSSA,0.0,24327.25136496247,0.9712929295999989,,1612,1662,9000,5590,100,0.0,2,-609.7311953220978 394.6488393937191;586.9454239261362 -809.6264998949626;-830.2167033761916 -406.65036151358186
1000,2,1,GNNLXSSA,0.0,16218.167576641647,0.6315807478333341,,1552,1598,9000,5590,100,0.0,2,-357.39597359992837 365.20811295599134;-373.24822002155435 -649.0129131177845
1000,2,2,GNNLXSSA,0.0,16218.167576641647,0.6315807478333341,,1561,1598,9000,5590,100,0.0,2,-559.6687246845706 -453.12188557279063;64.3550399508071 672.0561975071395
1000,2,3,GNNLXSSA,0.0,16218.167576641647,0.6315807478333341,,1559,1598,9000,5590,100,0.0,2,-447.98859353644525 -808.3788266487982;395.2813996190654 700.2543030314325
1000,2,4,GNNLXSSA,0.0,16218.167576641647,0.6315807478333341,,1553,1598,9000,5590,100,0.0,2,34.59807284540857 376.1455148539992;-850.6717614116043 -128.52478278977168
1000,2,5,GNNLXSSA,0.0,16218.167576641647,0.6315807478333341,,1551,1598,9000,5590,100,0.0,2,-176.95364430384896 -677.8620747313764;781.8606662056555 289.99204201240786
1000,2,6,GNNLXSSA,0.0,16218.167576641647,0.6315807478333341,,1552,1598,9000,5590,100,0.0,2,-287.54572541050294 -546.6806551101249;494.5327322036819 789.8738615040138
1000,2,7,GNNLXSSA,0.0,16218.167576641647,0.6315807478333341,,1566,1598,9000,5590,100,0.0,2,774.0193788817996 485.96020287060526;59.743499221720555 -741.5625929630446
1000,2,8,GNNLXSSA,0.0,16218.167576641647,0.6315807478333341,,1561,1598,9000,5590,100,0.0,2,229.80842611973952 -525.4846558424429;781.7930008066835 393.90496272327323
1000,2,9,GNNLXSSA,0.0,16218.167576641647,0.6315807478333341,,1551,1598,9000,5590,100,0.0,2,815.2203653516723 -180.83797100884618;-66.26944343286867 308.959921928955
1000,2,10,GNNLXSSA,0.0,16218.167576641647,0.6315807478333341,,1552,1598,9000,5590,100,0.0,2,853.2278660329645 -66.9071179287108;-270.5984400508269 579.3904666738582
1000,2,11,GNNLXSSA,0.0,16218.167576641647,0.6315807478333341,,1558,1598,9000,5590,100,0.0,2,-737.6950465559215 672.3945599460684;163.26467740009375 -197.5010204031141
1000,2,12,GNNLXSSA,0.0,16218.167576641647,0.6315807478333341,,1560,1598,9000,5590,100,0.0,2,758.5100983272904 348.98835097247695;-595.7737530919485 682.615106229154
1000,2,13,GNNLXSSA,0.0,16218.167576641647,0.6315807478333341,,1545,1598,9000,5590,100,0.0,2,800.6940833181152 153.4165635114836;-659.5090854920987 -659.5426491877088
1000,2,14,GNNLXSSA,0.0,16218.167576641647,0.6315807478333341,,1561,1598,9000,5590,100,0.0,2,825.5919786807648 363.62269005956335;502.8098879103453 -826.769853618769
1000,2,15,GNNLXSSA,0.0,16218.167576641647,0.6315807478333341,,1553,1598,9000,5590,100,0.0,2,816.4714622599017 196.8846385217675;-143.25817907800507 -74.86866531816148
1000,2,16,GNNLXSSA,0.0,16218.167576641647,0.6315807478333341,,1562,1598,9000,5590,100,0.0,2,-162.13541259905634 604.5090384258402;-761.3512914145267 -2.40796052417289
1000,2,17,GNNLXSSA,0.0,16218.167576641647,0.6315807478333341,,1560,1598,9000,5590,100,0.0,2,-604.6085294002376 725.129522723762;532.8330231031383 723.17132200371
1000,2,18,GNNLXSSA,0.0,16218.167576641647,0.6315807478333341,,1555,1598,9000,5590,100,0.0,2,-326.9298180603144 -783.8969988438309;89.73858644378325 777.6439948463114
1000,2,19,GNNLXSSA,0.0,16218.167576641647,0.6315807478333341,,1562,1598,9000,5590,100,0.0,2,27.262714190180326 204.21355783673508;481.5007368908896 -608.5917881728375
1000,2,20,GNNLXSSA,0.0,16218.167576641647,0.6315807478333341,,1551,1598,9000,5590,100,0.0,2,361.6169633463433 850.2394421054785;-707.4223685611195 549.3470705203789
1000,2,21,GNNLXSSA,0.0,16218.167576641647,0.6315807478333341,,1559,1598,9000,5590,100,0.0,2,147.35450714064712 -984.7717553862957;180.9155216630294 876.3869405266285
1000,2,22,GNNLXSSA,0.0,16218.167576641647,0.6315807478333341,,1560,1598,9000,5590,100,0.0,2,-661.3142641108582 -351.0448520177577;-105.46656392586611 -903.1328082308285
1000,2,23,GNNLXSSA,0.0,16218.167576641647,0.6315807478333341,,1560,1598,9000,5590,100,0.0,2,-777.9832437038657 -241.03816347941182;-537.5570434371405 722.2382415409235
1000,2,24,GNNLXSSA,0.0,16218.167576641647,0.6315807478333341,,1556,1598,9000,5590,100,0.0,2,-467.4073446912973 -275.61083066139327;495.479170111053 662.5080123844878
1000,2,25,GNNLXSSA,0.0,16218.167576641647,0.6315807478333341,,1563,1598,9000,5590,100,0.0,2,512.7336899449389 825.1333719412935;-190.38353173958484 -384.4838449668259
1000,2,26,GNNLXSSA,0.0,16218.167576641647,0.6315807478333341,,1559,1598,9000,5590,100,0.0,2,-657.3418471328713 241.4201163212428;633.2863926652361 617.2914003762651
1000,2,27,GNNLXSSA,0.0,16218.167576641647,0.6315807478333341,,1554,1598,9000,5590,100,0.0,2,-932.4967243604913 -267.6280083232228;435.5534633713448 -287.59143402027433
1000,2,28,GNNLXSSA,0.0,16218.167576641647,0.6315807478333341,,1557,1598,9000,5590,100,0.0,2,524.8469048033014 -102.52063343373435;-749.3313332777142 596.1820178019922
1000,2,29,GNNLXSSA,0.0,16218.167576641647,0.6315807478333341,,1558,1598,9000,5590,100,0.0,2,722.5450822974506 433.1325505232001;-421.80133089535803 725.100253913647
1000,2,30,GNNLXSSA,0.0,16218.167576641647,0.6315807478333341,,1562,1598,9000,5590,100,0.0,2,255.09268412513438 -707.0300405654926;583.544343118274 637.0009879731397
