Radius,Turbines,Seed,Algorithm,WakeLoss,EnergyProduction,Runtime,RuntimeSingleRun,Evaluations,ObjectiveCalls,SurrogateInferences,SurrogateTrainPasses,Iterations,GateAdmissionRate,Dataset,Coordinates
750,14,1,GNNLXSSA,3451.26585524666,200981.01796301804,17.127787030133334,,2323,2366,9000,5590,100,0.0,1,592.6363985155518 92.62281157537377;-241.2585184441168 -636.3992238327114;-187.2961289989331 -145.35019052004324;-329.43315833692515 251.94378231232776;175.95691975693458 200.28253304760065;-697.4992245173457 192.41768222053778;435.90497760995413 -439.0187643966204;-524.6708857266153 533.0327451582774;145.8349151124944 -719.0122619929331;-0.3260691516854219 607.1233298926408;342.55565946155434 557.1533846801467;-523.4728278923864 -304.6778226995895;709.740535683484 -196.56076880470124;291.3096044875315 -145.3214982535179
750,14,2,GNNLXSSA,3429.0999586551334,201003.18385960956,17.127787030133334,,2323,2366,9000,5590,100,0.0,1,-72.24570795807578 -158.64299986099994;202.36462344629282 548.6125246474619;-659.7922923880398 -310.78651703344633;-337.7458619347965 607.0319057264528;-200.87806736921686 245.64138894843853;-33.87013204375623 749.2310881198543;581.8415368461691 -444.72283927326214;352.8214383660073 113.53425980314135;347.96090818858374 -664.396874144194;-339.3002763902678 -598.4962208055846;749.1757981254125 -35.151436715321296;31.7479706637673 -627.6388495927441;-611.853916228109 169.4277174728061;615.4026416291545 406.3811366109617
750,14,3,GNNLXSSA,3530.9704983470438,200901.31331991765,17.127787030133334,,2320,2366,9000,5590,100,0.0,1,129.61133551153105 424.6591694751323;296.20728508331797 -24.997314849829827;-589.1034004926321 -463.56442555416464;-241.03969121660802 490.7889057817972;-353.6266413390874 176.51742278487876;455.00777745398284 -377.421355778192;-22.306145994907574 -566.524697313513;-153.6351630376036 -257.67604119935453;-588.7754916666443 462.85239217580477;264.6119713173221 701.7478405354948;699.6558996792946 130.33269957414916;-737.9615128682433 -7.389455522985548;-309.9121418362569 -682.713671631115;482.5082995222956 378.9385707221264
750,14,4,GNNLXSSA,5285.039376189758,199147.24444207494,17.127787030133334,,2325,2366,9000,5590,100,0.0,1,-156.52598915579244 -269.76720330386394;-112.05296532407644 741.5821822037536;451.2663284112287 397.8253046134721;448.03982030981325 -511.49280512999275;-503.0284913579303 556.293391010683;-422.29799524514976 -44.147704101143326;-437.27952459219125 -543.67418925669;-696.3841317836824 267.3403999479224;322.3213589755896 80.20400350767815;-713.075953761784 -232.42780420320216;-16.64129699597311 -661.9366716198758;745.5043761296262 81.99527530032958;-130.87094708496085 289.7941260042652;241.25996407472792 710.1363458763824
750,14,5,GNNLXSSA,3189.6342872186506,201242.64953104605,17.127787030133334,,2320,2366,9000,5590,100,0.0,1,-645.6519330020081 114.7723737368315;141.73212221098908 416.3424202475614;563.4276004183207 -310.9962037096959;738.0764343167014 25.11877037435484;-180.5259945268055 79.567651926849;118.96242175503349 -532.095022946907;-470.5495733961892 -450.07628906222044;-82.59777111740209 745.43249274713;-438.5841984491251 597.3229833269947;586.6384528665816 459.6915888729785;412.104374894217 -626.632813123904;-206.4154318729162 -652.3367768725636;431.0317253226394 57.84197024931093;245.4134615026549 708.6946721270722
750,14,6,GNNLXSSA,3615.728117212304,200816.5557010524,17.127787030133334,,2332,2366,9000,5590,100,0.0,1,571.647094665914 -227.87320984334184;-525.5295027644571 388.4394015003014;-48.27789572171216 -730.9336505233334;265.47398431652067 351.374048320013;-130.503964454633 436.8153335668227;-201.71098408701835 -339.5612456143336;-400.5920552520249 -604.9568525360686;653.9515178893646 288.2538076489814;139.0785409332173 -285.48915050528814;-666.0334529925427 -13.616923349586923;-351.17324440531746 48.98236202127128;453.6826388422086 597.2202803096778;259.79847033572736 -646.4571575320153;-11.298612480878534 109.8823085364656
750,14,7,GNNLXSSA,4077.2310787791794,200355.05273948552,17.127787030133334,,2330,2366,9000,5590,100,0.0,1,-736.5721242679956 -38.72599550167664;620.9525911779109 -419.4028873502587;-299.6208744787124 -597.9004288817453;-154.17215919377784 101.69162583687353;-577.1369292673859 -394.0341348252616;-306.9563655281825 376.4090933344234;254.83179188979616 705.3798677607942;418.040349921309 -184.73676960645147;-88.36998176479375 699.0924382964221;252.85621521633928 -687.4711512182828;390.4479999253046 427.82620045589715;-12.387922850677189 -328.3019116139697;-611.6124477951844 434.0853245948376;741.3588466908021 -110.6397651814853
750,14,8,GNNLXSSA,4875.351211258298,199556.9326070064,17.127787030133334,,2325,2366,9000,5590,100,0.0,1,-554.9957117586981 434.2783923887216;44.37292829965365 -748.6861497433421;-253.0755297175822 -270.2685425109063;-189.56631212631913 681.4721918801303;-740.7786889088583 31.990987606224447;739.2223167970944 126.68539131428955;382.16613648532547 -256.76993774122104;-342.58450693148535 -667.1845344460803;24.557511383195386 360.49251280719227;146.83702941072565 20.789885559442467;519.0036881444953 377.54786499772854;-652.2895810076643 -314.342440958871;179.11629592608207 716.1192707963728;696.0823563767063 -279.222855445616
750,14,9,GNNLXSSA,3498.4730696897313,200933.81074857496,17.127787030133334,,2329,2366,9000,5590,100,0.0,1,250.01059731000296 -637.4053557733289;324.1586337582208 227.96466309721748;687.3309733276159 300.12681910346885;479.3647995952782 576.8096620427569;-349.9899305609328 181.07762517041843;-616.2381156202345 -111.89543165326779;451.61436081018593 -155.03378002992022;-205.58845722817236 650.0830186182151;-7.509775314758711 -230.3197768235675;-115.68116123397424 -524.1345656567829;-525.5388347932541 534.1432144696813;-511.69533539681635 -404.9177754560643;80.21944952990994 526.1283223361717;583.4120366609516 -471.30707949112565
750,14,10,GNNLXSSA,3811.824075237353,200620.45974302734,17.127787030133334,,2324,2366,9000,5590,100,0.0,1,577.9659961071204 -85.60534796500538;-196.22408888450852 -79.07970639488177;308.17668868607063 -524.1860860174914;352.4217499950783 298.5047701070915;-106.52439005350428 468.05184298770854;200.62457153186995 -202.1464083687213;-678.9372660754092 25.45033035764199;-9.517969059078172 -703.3308944799448;-389.8435370403661 637.3573908845115;-439.80962456605613 -570.1404264186484;145.3924547167794 735.4913466527086;-530.442584816205 352.36590929655586;473.2776100602521 581.8146644900384;700.3981855492783 268.220770409897
750,14,11,GNNLXSSA,4069.6178392501606,200362.66597901453,17.127787030133334,,2329,2366,9000,5590,100,0.0,1,110.54397264224238 -394.930268704125;302.6803071656049 22.797067755947467;-18.836587189431153 -685.940633284763;0.5761116514607273 749.9997787302107;-322.5283979673749 -317.29213939590437;-424.7370380509716 -618.1411234561955;114.61660172043732 403.61923914260245;307.30601665094093 684.1513079210853;-237.21215002198448 448.6977626108284;-552.0837337759606 183.65980909789758;499.2180500945589 -464.76236772933765;-94.32060563731152 29.216746180573402;-679.4639438108484 -183.3875924703324;729.7592595153213 -173.06479466272128
750,14,12,GNNLXSSA,3349.1977091489243,201083.08610911577,17.127787030133334,,2325,2366,9000,5590,100,0.0,1,19.0657716339672 592.8826494549055;-266.9774243594123 -563.3900652726278;734.5050492688691 88.28058532956392;-221.58110304584733 20.372982424319076;485.53246131693203 -290.6845033770661;270.1413788963365 -589.5529557702012;-530.6749313469562 459.8276425940259;527.0653840932696 382.9386331039841;-682.7547884926672 -80.52667291269829;299.35625132840835 40.08894284236305;7.112487614984629 -749.9662742550005;-570.4720966286498 -397.2657628678374;317.25668616034875 679.5941399736713;17.90378139626406 -182.95246870937004
750,14,13,GNNLXSSA,3484.0987133048766,200948.18510495982,17.127787030133334,,2329,2366,9000,5590,100,0.0,1,-572.1153842388737 -462.7584699733348;281.3376023253578 10.297937182866296;201.43165056204296 598.4270437452453;430.430743459286 -387.2955429422107;-225.73274111044506 -601.9698480029747;609.4852230362667 251.64328136031332;-313.2911509947099 324.4754802082128;737.3618109838803 -137.06871504256804;-749.9903452578629 -0.627495097851305;-102.18770070781804 -303.73633074564856;55.191290939951365 -747.8358594236621;-190.72148774387404 719.5204517798905;-632.224361089827 365.79572906724866;-426.0862117053097 -26.775029307055284
750,14,14,GNNLXSSA,3715.615270238515,200716.66854802618,17.127787030133334,,2335,2366,9000,5590,100,0.0,1,232.68259331459208 -580.868366623928;506.6656172800569 431.61465556818615;-302.81115570142595 -278.301082396014;-606.5225440766329 374.28797135469597;87.83755927317543 -87.38215062776253;-65.12075370648866 -747.1675096233098;678.2559374699321 -196.86099059842326;-1.2493695674194414 749.9989593830674;-294.25679060495554 655.0652083618564;-745.3784795064236 -33.70558107794591;401.00144755264455 -62.65502254361254;-429.2755276220199 -614.9978107171397;553.3753944782808 -498.0414112666811;-68.53775232251931 315.662860458112
750,14,15,GNNLXSSA,4787.668610624067,199644.61520764063,17.127787030133334,,2336,2366,9000,5590,100,0.0,1,-341.12334909042744 517.6482284309922;646.3069556017526 -343.7510164995538;-261.95014786708975 -52.88407363496671;-94.45197801849682 -608.1614718580153;100.4513772672534 136.2042494124387;189.74446688156172 -398.55361686277405;707.9536235782548 69.52500635763676;-749.6442820213796 21.630824218733494;143.96488724435116 719.4516678787439;-625.665372110427 -336.28988333110374;-439.9605934171033 -607.3999310504325;333.94808446505243 -671.3840983878956;459.4863403203927 350.4255263222508;424.8047683508649 -72.6184346386653
750,14,16,GNNLXSSA,3581.9865495018894,200850.2972687628,17.127787030133334,,2320,2366,9000,5590,100,0.0,1,349.7688933115351 214.22302175495892;-165.12492022662443 20.973619684303735;-694.3568590011287 187.23308134648968;-179.29022018746423 -728.2547747492841;359.9267809410522 -657.9914227111261;-351.200414472623 -288.8890902910713;459.58670692592545 546.485771527166;736.0617383294532 134.09433987836417;233.84970538745205 -81.9572955238279;9.211898912824287 501.5018154390775;-712.6867772382587 -233.6184015649121;-4.936120116329253 -468.207804739;574.061596064377 -272.8726457004292;-351.3867358542591 437.6568823070412
750,14,17,GNNLXSSA,4384.213715816237,200048.07010244846,17.127787030133334,,2332,2366,9000,5590,100,0.0,1,628.2415720654562 -174.03651375024353;-20.824837898153792 749.7084590092271;443.96131502875454 105.40509222100142;-295.8531581063036 -339.9295627884792;335.04842653671477 -669.5472077730049;-693.1929817050732 -286.30853985037885;17.934852373748367 6.422442478682556;-509.9972349274691 326.75909493789203;-205.52589137408984 271.1171350439174;272.8448615199901 656.7810447977132;-11.073013936559864 -742.3663833992199;219.69750615435106 -324.06385531173356;-356.7950292595907 -659.6826565295581;668.1616849857053 324.7136835970798
750,14,18,GNNLXSSA,4152.307001522568,200279.97681674213,17.127787030133334,,2324,2366,9000,5590,100,0.0,1,494.5906162183886 563.8085866220154;-289.8638662773926 691.7217208001508;388.6424876509851 -595.9984192871774;386.41912952841125 260.8089286362379;683.9176490687652 103.04738969563168;52.203995545732184 616.9123180527315;-206.01986906054776 -294.84716898149406;-436.96852513205107 231.81776414237007;-670.0215466713998 29.36216978503048;243.04654093147036 -235.93550836460827;-17.525815711653067 241.83758608072526;-313.19709483082073 -604.833074743023;95.75552923648813 -737.3338688835809;612.2941771550396 -383.7685920162705
750,14,19,GNNLXSSA,3422.60972179909,201009.6740964656,17.127787030133334,,2323,2366,9000,5590,100,0.0,1,350.5842368933177 -577.7854993430693;526.5458072348897 -41.72133351205948;127.72144807478962 -248.1953207944477;313.86308032011266 391.7132412223659;648.2778219469386 -377.1417048958299;-126.88703350161728 -735.7465429950539;-258.20753124315854 618.0216357544209;-323.0492000959132 -147.24363167332768;-449.08269419959873 -539.9964395342487;-654.113838769656 -222.2787946944022;-73.96256225257493 161.1812089475155;-689.2928923497399 268.8763318801734;120.04784790885655 677.9988102023428;648.584200022431 355.07606214299835
750,14,20,GNNLXSSA,3907.115306304855,200525.16851195984,17.127787030133334,,2333,2366,9000,5590,100,0.0,1,275.26078895268745 87.14643091112812;-592.1589140697547 460.2692912716737;-358.0576806886542 -412.17236941787473;-171.4143643220292 116.30777936661657;181.92704465390554 720.7321281071759;-128.43269208632506 -738.9215408982602;469.629823077117 584.7630539599401;651.0014551475562 -213.86812459144465;-637.2262376636413 -97.5514906090174;-146.61433535109128 735.5299019547456;145.05341641967667 -287.1371356345069;664.9484024548387 346.5984119610164;273.65832793260654 -698.2621637621098;541.0414774179527 -519.0331306614979
750,14,21,GNNLXSSA,4069.445850620861,200362.83796764383,17.127787030133334,,2323,2366,9000,5590,100,0.0,1,-683.2393237661915 221.44115682421017;303.0092764639361 -260.5842925581304;27.78924673173426 101.92173867303308;15.948460087082246 645.9497816256303;335.5077512913663 556.3490171792915;-285.22927178021814 -533.6709135684309;-483.02678532044365 -102.7618218099659;424.0647393269245 -618.6021907552902;682.2686335428225 -231.45011286964296;26.35622458248011 -623.8724137198653;537.8527777925244 127.88563148339799;-274.75814332491416 346.9526632038157;-437.4082171044173 609.2393627506306;-618.2852024293466 -379.47315485072534
750,14,22,GNNLXSSA,4616.654417985817,199815.62940027888,17.127787030133334,,2340,2366,9000,5590,100,0.0,1,146.76904489314552 335.2749906260659;691.2774422137468 -48.499129737600974;-329.34918849364317 372.1784651747453;-399.80676694253935 -560.8669176278336;-91.89754310508094 -262.37006400649943;148.36722565010405 -466.84976515493844;227.25902088435078 714.7400488476115;-592.2375645752758 -237.42003605538622;-147.57392919603762 735.337973602372;471.7168474162518 -406.0370899253284;443.53878217663845 249.0292261654915;-727.7923002786608 181.15840487014526;-14.830352728777111 -749.8533594229875;309.44634397957975 -109.32583221107474
750,14,23,GNNLXSSA,2755.623254051927,201676.66056421277,17.127787030133334,,2321,2366,9000,5590,100,0.0,1,-195.74839246142773 573.058574990057;617.7449590081847 425.2437096709952;-497.2628889513146 -561.3680833179436;579.095641700315 -338.6457345439727;-487.0500026315691 138.54155907422654;-190.46054962839963 -725.1558140935301;112.80405342744405 67.75087159096651;225.30380107460923 -266.7248700518073;117.79609806895107 -740.6562650878572;295.87256880442834 688.9415168105913;-591.0581775044632 439.8568978000668;-358.3064745901281 -283.8442088182144;736.9451368115441 137.43700976842953;-714.7723560579977 -225.09870747050093
750,14,24,GNNLXSSA,4390.009689504252,200042.27412876044,17.127787030133334,,2329,2366,9000,5590,100,0.0,1,-14.369453135743054 235.8623381711043;749.0479059461023 -37.77875855237971;463.6290440951297 410.46446981924294;-401.2989713323256 -75.59528259573331;136.09826416470983 656.1918967646562;133.95898065245623 -272.1737232958718;-226.1567771621727 715.0895832996166;435.09004637656045 -56.052356613361766;-254.93948225810772 -575.9746077679248;-328.015350989337 424.22751823589437;-640.6803373542215 256.9172855728058;351.99475589640934 -556.1017040318053;670.1233549071911 -335.5043429962005;-518.0626949572447 -408.6415221135285
750,14,25,GNNLXSSA,4424.175526035542,200008.10829222915,17.127787030133334,,2324,2366,9000,5590,100,0.0,1,-570.0486020941923 -360.6469097799851;150.57296392570797 -43.956180249706314;219.9816776226539 643.6084085687427;-442.6601699114925 54.517060214526154;-481.8266205730215 574.7548239964425;-51.406026348397035 209.0090155284537;666.6492214641459 339.5709380654735;650.0742213207196 -371.4648895850402;-222.6719968521238 -580.1353635076667;413.09520382333267 -623.9268357847593;367.371232968958 264.75081614123945;57.68842922354721 -745.5483561129275;532.1325609535692 -12.344240908751186;-728.6127267033858 177.82995947212376
750,14,26,GNNLXSSA,4441.745794744842,199990.53802351985,17.127787030133334,,2326,2366,9000,5590,100,0.0,1,-621.9633308770818 -304.63654739703884;11.903767530913631 -738.188819697595;260.0462621383674 253.06781243005477;-260.0550046470982 185.14511494280896;-90.6456999580008 -264.45253266346043;-208.69232328394446 719.7796880086883;607.4182608353866 -40.51912801876726;418.65907073233524 621.2498613252404;-297.7495280731595 -688.0916440537925;488.22363526680596 -554.6385273011743;625.5583639681291 390.8356862021742;-746.2995975286622 67.55997117466956;-450.5083173829833 512.2847476548097;118.11682238636328 740.4059814753366
750,14,27,GNNLXSSA,4156.430293894315,200275.85352437038,17.127787030133334,,2327,2366,9000,5590,100,0.0,1,500.375628636583 297.91673857409734;405.4527867942689 -601.1409091710927;-665.4385290364379 345.82486521026175;-337.82802224655666 512.1004154696037;278.16554644765 -274.82427130243406;107.1339667369884 742.2973098540955;-340.5812679046517 -297.72123005244725;668.3448484445152 -172.01179914873268;-678.0607258878092 -257.6900416793784;-13.500993334620361 184.59582524136536;109.92758391771582 -741.529054171063;-204.43219927968403 -693.5836403540893;367.7664243887408 578.0945917246271;-486.46797685076314 -569.7143497204438
750,14,28,GNNLXSSA,4862.932215349341,199569.35160291535,17.127787030133334,,2317,2366,9000,5590,100,0.0,1,-111.43402806927968 -608.1096166192475;500.3905099010052 -54.64716353163448;-267.269403486898 -342.26180189918324;592.003510877439 460.25225627408577;-442.0682929967564 -48.936831089484045;127.61162429390204 412.81733497741357;-266.49262643997673 374.77216631525204;643.9821337561384 -380.1623071000108;65.40240249629167 -233.1129302928877;341.12248751092574 -594.6023660476272;-35.36894635985466 749.1655608965175;-587.2496904196969 -320.5732849654729;-135.22818530829002 6.738749666004034;726.5275926044922 174.93950816577387
750,14,29,GNNLXSSA,4123.660596107715,200308.62322215698,17.127787030133334,,2324,2366,9000,5590,100,0.0,1,62.49722063208267 513.2195754028384;-404.64942417846214 -116.83796245002682;372.63051303026333 -531.5602260940698;557.328017302759 387.796355751021;264.48405150711835 -242.34233600180622;-553.948709875433 266.04839710954707;157.91109451834228 74.00460328150913;-739.3663362677346 -125.4350753607337;-213.014261364305 -454.36962823390223;723.850310805123 -196.2647990316979;346.17576343076433 663.7031910741226;-306.80772012016274 500.9561267934996;-97.66166837519178 -743.027447258047;-521.811110847015 -471.0613006362704
750,14,30,GNNLXSSA,3627.302098600834,200804.98171966386,17.127787030133334,,2325,2366,9000,5590,100,0.0,1,-277.4766995444902 -696.7725852080472;425.3517301929472 -87.64097995861191;219.5476318351082 460.97671521185356;-203.57195580948385 290.98370676058056;-499.8520846065 -416.4252154745855;559.9900965956381 -370.94825912966604;-415.1115496087412 624.612858002655;-696.2508256036849 278.7384652280906;720.9271236762546 179.82136750012222;-223.42639654895962 -101.42701809970033;133.88225680325894 -737.9495153058604;-51.168234610174835 748.2468767764296;209.5544805283984 -402.70000703187986;-730.9572219658565 -149.90229877999
750,13,1,GNNLXSSA,2500.029885201511,187329.94794604427,14.454463664999999,,2264,2302,9000,5590,100,0.0,1,-365.31719984224657 -501.20352278697067;-389.66435230160306 640.8194931001035;-233.28740851010625 339.7061953908224;-744.9809975644487 -4.512626243642212;707.3615121688781 249.19757014181974;506.68587625869674 509.3457642140783;-89.43510590864244 -160.57422765644924;-11.640307314919925 628.6697863752581;694.0388220368678 -198.95403901145363;258.44057029680374 -245.01752679008715;87.96466172576105 -744.8026375874822;562.5274300289765 -495.94683898267226;-580.5713681022172 319.6308331442532
750,13,2,GNNLXSSA,2988.915541871713,186841.06228937407,14.454463664999999,,2266,2302,9000,5590,100,0.0,1,-306.1189640771532 121.08441650365356;435.0801435071608 610.9052862152923;-131.98553128632577 -477.02427251547704;-744.3154715822787 -92.16549659851057;-74.81725041437144 709.1705504430654;255.94156296686157 -442.8673114682077;703.3484377072516 -260.38620388716527;373.68316997649464 -151.80945736055952;693.8232063224397 268.95897153534577;103.78835120634227 385.61653705791423;-550.8278046637934 -382.4263274175474;-479.0757501129342 563.5330771064476;103.52206991286542 -741.3424300448839
750,13,3,GNNLXSSA,3108.6882254021766,186721.2896058436,14.454463664999999,,2261,2302,9000,5590,100,0.0,1,-364.9632715392348 -651.2489984869947;284.7827883580309 -482.9961202946295;-476.30327422219415 65.43255257151169;591.9229351680926 -334.003621658302;733.542826665239 156.25274860933223;-358.9156135269956 514.6876906751259;76.254973793956 149.9391028142377;-50.98210149354261 -439.409408920274;96.5166868551529 694.9366280295565;438.1849586172244 61.56101796890755;308.6982576963276 470.07428892887117;-616.9104778726546 -337.6429572556881;85.08099674603348 -739.9188774099148
750,13,4,GNNLXSSA,3468.0380041831813,186361.9398270626,14.454463664999999,,2258,2302,9000,5590,100,0.0,1,441.59579378402765 -606.1895914723451;713.2423818004597 -231.82997145820238;519.5783446235438 482.8646037036283;92.81194758002204 743.2129251210471;-664.3096772060846 -347.88963343522056;-340.41559317073404 -313.0097267114201;-336.6797783822703 669.0637640382845;-140.93865228196267 274.2730920222805;-19.43668630312197 -749.7472562921017;240.67752480214077 -9.933666729558244;737.2026687899662 137.95002622394028;-441.8608410619436 -606.018458576578;-733.3180082294624 154.36169151703442
750,13,5,GNNLXSSA,2829.2720597376465,187000.70577150813,14.454463664999999,,2269,2302,9000,5590,100,0.0,1,-620.4963248034172 -421.28886871771493;228.16138856718925 714.4525042066072;-561.2154709824737 497.53109966103654;419.3800884883333 -621.7880196493961;735.9051635046143 -144.71900472034395;-126.81187753750675 562.8393530627669;-120.71206315542031 -740.2219922487859;492.6320306231986 65.60667635110276;24.00386384924849 -357.6854107083831;-746.8076609237411 -68.920546260706;546.7830939839379 513.3500249667394;154.5296397704344 308.4423187495373;-327.09466520230603 14.457824453767488
750,13,6,GNNLXSSA,3144.5305136663083,186685.44731757947,14.454463664999999,,2256,2302,9000,5590,100,0.0,1,-86.50263926688667 627.966381503717;-394.3405266290286 637.9581949734136;-78.98992795750097 -528.768558936808;387.8327721411653 641.4819116575687;367.40890350625773 -112.8640208318612;-331.6720183176869 -4.251113525437024;222.96445054366018 227.23196416813704;-191.74339929324503 328.23616925657825;-749.0102858420394 -19.915953011914592;-448.7929889583609 -375.0475980771362;514.8739062686586 -452.92734238296435;733.2963353775657 -52.38478747264165;546.9765665809425 299.5145698695968
750,13,7,GNNLXSSA,2940.41164304447,186889.5661882013,14.454463664999999,,2262,2302,9000,5590,100,0.0,1,-485.24585611722244 462.1038303335659;444.9614181629269 -572.9035633213385;238.1128186203745 -84.66302779023998;505.9382165826891 517.1689740486228;690.0849096414815 -157.51990281987798;105.99390319790757 597.6563549843958;38.03777719830708 -665.9139411157561;716.4732712190978 221.73419138374925;-481.25018133102185 -448.09742944265855;-181.31265747185 -105.74816484303433;-185.76706674742317 726.6296146676506;-716.2563065705912 -9.100442890686109;-280.97830807799227 -690.0544964344091
750,13,8,GNNLXSSA,3497.8491940403183,186332.12863720546,14.454463664999999,,2254,2302,9000,5590,100,0.0,1,433.0994809669051 93.77594637871216;472.37112297523254 582.5466639524665;-206.85193417253714 222.08788948948953;-342.54855941016524 667.2034805409969;-730.4392671763268 -170.1633310573754;723.7599856031545 196.5412744849091;271.4393106027302 -699.1563342511354;616.2026981762367 -427.5388745117891;-22.651909260212108 -274.08263281751357;-406.12571924419177 -468.40340343308935;-17.9221824177989 749.7853768270062;-658.895329499018 358.2650718438067;-142.23352787168886 -736.3893898081658
750,13,9,GNNLXSSA,3441.029993807111,186388.94783743867,14.454463664999999,,2254,2302,9000,5590,100,0.0,1,-116.44965430627414 -275.0164794648772;84.15124457577645 -621.9049316186854;247.1620409874826 626.9047662545872;419.9462862757242 89.4529734161328;-171.0742854861099 600.7522344965499;-609.8741262259898 -399.1698494394862;-497.0057875034625 -46.59033152620107;-300.91909506947593 -675.1405012768886;626.572204842138 -380.85774354668615;749.9689909384036 -5.48455438781168;244.93485226332277 -163.99493584959606;31.19876504011022 199.60093274383425;-536.4175060951143 515.017968261626
750,13,10,GNNLXSSA,2620.356772547355,187209.62105869842,14.454463664999999,,2268,2302,9000,5590,100,0.0,1,-749.9763871991482 5.951356459935302;564.3324880212618 -209.71894786401944;94.13596259273683 736.8345167659146;426.6903894207801 -616.7943835476641;-188.24133588993595 -48.95619361781032;-306.18546686026394 638.9423846419417;15.184514670454732 236.7986177616923;207.23457521462038 -396.6126115727392;709.906989302001 191.28754777041055;563.3078820003243 495.16081233909114;-611.3188445449365 388.6423950794261;12.316307650182148 -749.8988655584606;-335.8463523580649 -670.602138087691
750,13,11,GNNLXSSA,2994.052243510174,186835.9255877356,14.454463664999999,,2254,2302,9000,5590,100,0.0,1,-731.7367959949785 -54.80015656899246;604.0871108040401 -444.4881947639191;373.18860076314274 174.71385410432094;-617.932440343524 425.03904974801947;-150.33317334896643 -607.6891821566212;-40.25030821004708 486.09517041737894;524.2645645871811 451.58283889281665;-363.4411745025751 203.25230627491496;189.46017855311024 725.6743654438621;224.42303140927876 -583.4372455259659;-397.35881962372497 -239.5900233838418;741.75909692577 -102.12281221275234;-316.9691059307088 679.72786561088
750,13,12,GNNLXSSA,3513.759184409253,186316.21864683653,14.454463664999999,,2262,2302,9000,5590,100,0.0,1,186.34386755681504 552.3888613597009;-366.34874955204776 598.5272304935347;727.9278005018375 156.874342917912;363.9430423235282 190.32213544838797;287.2485692209277 -537.0540164392768;-382.6947638800934 -402.0511397828095;94.78969495565707 -137.607652421883;-74.51898939258187 -463.0113060304384;592.1006961291015 -247.2753653345281;-122.02005716212477 190.8378400743488;-605.896332071903 -150.45789247417227;531.0099709370677 529.6493281081498;45.949979223194404 -748.5903536407144
750,13,13,GNNLXSSA,2913.7400599012035,186916.23777134457,14.454463664999999,,2253,2302,9000,5590,100,0.0,1,478.77152616876765 -517.8045974493293;-122.29087811147411 -455.2395482647713;118.51055991963706 -670.8733617820092;-173.57948287468298 131.66820375182894;140.93915812449424 475.81781102013;479.64138830420745 426.9304156231623;-525.8886944537842 -534.7312652110244;717.7528275792138 155.63648780426814;318.57299805687705 20.92742720326745;-520.5696266043124 149.21786480324795;-497.9736020260558 457.03873391985;-702.7840802985758 -99.10166488926423;-287.9479869147947 -164.83552544924947
750,13,14,GNNLXSSA,3404.6096255916054,186425.36820565417,14.454463664999999,,2269,2302,9000,5590,100,0.0,1,359.82836859070227 -401.6158737673027;-437.27805895206717 -522.4785481018632;-448.8029306183375 402.62882660857963;592.2354073599244 460.1258704965609;-42.628447945192 -259.16703526477085;-202.63133987037745 -722.0800103853621;2.571237494812209 177.846222350734;-669.8980386115076 20.54143812575988;560.8602054977648 48.25242665116785;697.4165521417251 -275.845655613836;267.870114998869 696.9193400682133;-251.16615316944723 706.6756125322894;235.54626804718413 -712.0089935336657
750,13,15,GNNLXSSA,3610.2691176069784,186219.7087136388,14.454463664999999,,2256,2302,9000,5590,100,0.0,1,594.2818638580286 362.2479563986384;-440.2732693399149 580.9837163826908;-78.3478331566505 -466.133721225058;49.69309280531151 240.5477313411993;435.9631040641491 -532.1447430602918;-721.3944916948396 -120.17279273802612;175.990941004269 -159.45462410178294;14.607304124888817 749.8566345283989;351.773601210523 661.2174301646787;737.5473129796917 -136.0967002933956;-463.08051082170175 -589.947675241671;-305.0340174392662 -137.61622254129645;59.657696329828795 -747.6209919544835
750,13,16,GNNLXSSA,2817.9281083348906,187012.0497229109,14.454463664999999,,2263,2302,9000,5590,100,0.0,1,649.8916650949217 362.415141392091;277.94302236857527 -688.4560046601214;-71.61537772861166 24.766822431290983;613.5701691058891 -374.58724051177785;96.99053227354348 -421.21256138794496;-639.1390958072387 -289.2826889370696;-70.76792322836847 746.6538026702493;170.42855241340848 542.5465797119393;-279.35652464599855 519.1688908003495;-284.31457016707 -471.2514072631293;-589.2335591927838 428.59047963114;415.1354665224353 87.05367451470515;-123.34564454639901 -739.7877073670752
750,13,17,GNNLXSSA,2658.859999949025,187171.11783129675,14.454463664999999,,2261,2302,9000,5590,100,0.0,1,-349.3311821465297 93.36890830744012;-701.2616504571769 -265.95506687799036;-650.7711054738329 354.88442406698664;159.63416057620614 -400.19399882496816;-385.10824327266937 -643.5772222223519;371.5165894586231 380.85114398666036;-170.62774762482135 730.3329184286303;-77.40956362236194 -745.9944768292828;648.2476875510744 56.39699861926904;-51.33454882353024 404.8125686991715;180.4800301860325 684.5005382423295;494.2403190143455 -386.2777243576026;298.228051144594 -688.1569802817504
750,13,18,GNNLXSSA,3002.4921482414065,186827.48568300437,14.454463664999999,,2260,2302,9000,5590,100,0.0,1,-54.381453611817925 50.97624396577387;496.3187446693941 450.3299355613023;-663.5540064838835 345.7973924719686;155.24895219030293 -178.99684776500007;-613.0894928395995 -431.9746409526035;-387.77042450753254 -641.9634946519591;484.8855396758941 -572.1686032894572;-259.9480824136573 -270.2169217159783;-266.5587378954437 694.156631753912;144.0722124167612 735.1771919047203;568.9601752171413 -143.50694209090875;-60.575772956022 -747.534611935397;732.7562332009288 159.84543557327177
750,13,19,GNNLXSSA,3220.161897933256,186609.81593331252,14.454463664999999,,2261,2302,9000,5590,100,0.0,1,517.6510025608652 -303.738113471381;26.329825705370357 14.09141071110454;-573.9597199534195 391.57018612114325;177.7574942866548 -414.733619975169;-266.8013038150294 414.3572111912141;-710.336872898182 11.575337115839442;-519.7650100778285 -367.00683602007143;411.6090261919203 -623.1555256970335;399.29423905501284 313.5329167076447;-122.30009109352643 -611.5128105951384;618.7601134001707 -7.291417522650948;235.3233330465557 709.7016722718598;-400.503573841025 -2.5895453964056947
750,13,20,GNNLXSSA,3990.737361683772,185839.240469562,14.454463664999999,,2274,2302,9000,5590,100,0.0,1,-118.49027564914854 203.4184130656998;86.15286955258796 -26.766695822648966;-287.42874474367994 625.8901215912013;500.9517186765787 395.79789421820266;613.3919688775192 -285.53257427462614;52.59388296220959 -413.86387325743164;-404.0377795225178 29.934765718135644;160.35931821676218 642.3583242143685;-732.5460655651186 43.858162607037926;-526.4189948078704 -284.04775597979926;-522.1179354774304 351.6090424282779;-53.014465959025316 -714.3720965071626;377.1648996765246 -575.9162178535568
750,13,21,GNNLXSSA,3226.4979947264947,186603.47983651928,14.454463664999999,,2260,2302,9000,5590,100,0.0,1,223.71513182713994 -715.8572062859781;688.6844047847121 24.659960843433815;-123.52189440159766 275.56229120387394;-412.3661126607983 -603.9015366844542;51.520413975156735 -367.8953705340255;359.8218215139288 658.0488255155527;537.3617666789764 -434.63484735365677;-668.6327729502185 324.2861771666834;-528.8700609713721 -85.31604044614235;52.22571707941669 748.179440024611;338.2314592616889 20.50637812159514;-105.87927705715661 -742.4887734436487;-415.8112399657214 624.1802726121431
750,13,22,GNNLXSSA,3044.3417582792754,186785.6360729665,14.454463664999999,,2258,2302,9000,5590,100,0.0,1,-90.90380378170963 -378.9116630187299;-124.73347836461065 -739.5548614677477;-473.6343009042777 -581.5241474217119;63.02651767705579 150.24678815695452;-292.2015594447803 169.7245116913487;-668.9744890676244 -151.06402281368483;746.6943243299246 -70.33907885007696;-113.4098734648127 717.2803270066054;484.62286781477906 -420.7017152545115;-489.73869667577037 406.03594656688455;322.6761821994309 677.0377252717899;226.1766864829609 -715.0832864020725;524.8967070652088 387.579130012708
750,13,23,GNNLXSSA,3344.1354230605357,186485.84240818524,14.454463664999999,,2259,2302,9000,5590,100,0.0,1,-277.49753483348155 -651.8559039390467;6.787424962077732 106.74138542770554;672.3967773069598 313.3609997023624;225.70511428439696 -715.232270934322;138.1992114820341 486.0900172230754;-654.24723510625 366.6886354331523;-122.88680984820178 -246.36378662237337;524.4411283833797 -531.3102084719097;713.4594167690575 -208.41656868255745;428.5380581410286 615.512089828231;-182.16561681941556 727.5408497457732;-467.76232936410594 -7.882646448170408;407.6118620387799 -160.74742142861058
750,13,24,GNNLXSSA,2784.6171171576716,187045.3607140881,14.454463664999999,,2268,2302,9000,5590,100,0.0,1,-195.68167299077632 -11.871268487657384;-379.0623715852989 -419.54046678629743;499.55597502906693 -513.5633518756043;332.3011609132 73.43067851863422;175.94076784532973 632.0342903074463;598.2481285750716 291.93612595546847;-148.6733822206629 -735.0333107974188;720.3915395218031 -64.88461964414441;-184.46992073850146 653.9916739459292;153.03460907745654 -475.1352444534044;-689.8767687861596 -77.75129965779878;-525.1645600038894 191.33099226168437;479.578892726835 576.2563022127041
750,13,25,GNNLXSSA,3692.458996411093,186137.5188348347,14.454463664999999,,2269,2302,9000,5590,100,0.0,1,489.2030880976123 504.12976683001597;-267.28277836354084 -346.94053960594044;247.56008033032145 -707.9646930651589;-13.91511428169209 679.0775706727137;706.149573473485 76.14766194557316;14.635424516815945 -157.241782166863;399.812459716243 -290.7060832586059;-616.5003144946116 -298.3774824847528;-370.4874893305678 158.40885748706984;-57.96192931903983 -665.4425087059165;-394.3169286980692 -637.9766137893472;-197.05142075739246 413.79937557809797;-741.6550983614137 77.09104463586748
750,13,26,GNNLXSSA,2836.900904003851,186993.07692724193,14.454463664999999,,2260,2302,9000,5590,100,0.0,1,-83.73531508852005 -470.8495163439261;-737.8094832885105 -61.3818901865346;-299.18820500566545 322.6835978030226;727.7658723232624 132.95921136805018;-170.6717036486549 666.4620946791779;354.8599600460851 10.491503359677083;101.96221943430305 460.426245538409;582.6495047839774 461.6141875817583;-557.0839397274369 495.12000265593423;-305.6282536085554 -684.9024533436747;290.0614234960542 -560.4529755973033;58.959316835745206 -197.89852577602494;584.0937177248221 -358.8903149599646
750,13,27,GNNLXSSA,3017.390212455968,186812.5876187898,14.454463664999999,,2267,2302,9000,5590,100,0.0,1,-537.9011448042811 39.58728814370513;-287.3504187813685 -514.990220169743;-649.3465040324666 375.21939982574935;740.3775197849185 -74.22806290945383;536.9535595320976 -517.7874752103849;207.35512371424682 720.6539216381996;201.92958722954 -722.0522660526638;621.3045995002408 261.30484563783534;-108.15083462300821 -101.870930605037;-109.52362019347987 741.8898294022192;269.8462792533559 153.83164231471977;-332.1699051420929 331.25752437158656;-710.8095655838742 -216.49308613471027
750,13,28,GNNLXSSA,3515.948563595448,186314.02926765033,14.454463664999999,,2259,2302,9000,5590,100,0.0,1,-500.7202514358665 -558.3713277665623;-275.88587222307905 459.4983618404143;523.7912031638266 -525.1991292760805;60.669632982071015 -692.3577658009676;105.45536323699757 433.35421887055486;-113.92611664554022 -86.715050086725;538.800729241155 450.4561866097796;-199.03045357155344 -493.6847775334602;287.48302617140445 -70.36099111734632;239.4857337528914 710.7357598588646;-467.09152911336787 -159.9523912246947;733.03788283957 136.08747404460158;-74.95569813783784 746.2348324798971
750,13,29,GNNLXSSA,3221.735863911861,186608.24196733392,14.454463664999999,,2247,2302,9000,5590,100,0.0,1,573.3043540374224 -138.45693774381803;114.67811849747014 -226.31638056320935;544.3461540715186 453.7998371597267;-52.77538277825084 748.1398446944332;-142.63567813675158 -690.5650666157959;-153.84789582729817 198.16475946999478;-499.52101956614376 -36.74949262472348;-468.1205656873276 568.8753769301594;-699.0644558864865 -271.4502020878124;204.78121509668705 519.3403001396056;454.1572962142817 -460.289244563132;-684.8479153674399 268.3963555003945;730.0101562488427 157.2716569869413
750,13,30,GNNLXSSA,3367.5372708441864,186462.4405604016,14.454463664999999,,2257,2302,9000,5590,100,0.0,1,-449.55101833339205 453.2161514590814;438.14399075982396 509.38689172837616;299.92294120633994 -38.020889684941245;548.3055844014967 -438.33796916616575;-90.60540217865211 641.5163554182554;-669.2025358674553 -302.47948603694783;-110.86446689036455 -406.62660937824865;275.3544737211266 -697.6234994321292;-268.24139392968345 95.81043371517899;727.4110860036014 168.2895072364596;623.8232565714163 -128.97736004905212;172.89565113204418 282.121243829934;-593.5848999224074 55.038513792283794
750,12,1,GNNLXSSA,2433.035258355958,172794.63658587093,12.0344619569,,2181,2238,9000,5590,100,0.0,1,-95.46160866494735 708.2223449674659;706.0930046571251 231.51849001648;-335.12100696835086 -446.5966931653891;-633.6323635162051 390.75583993342434;-638.6626885286686 -387.3360876566225;316.2306157237775 221.01298064555252;233.7190266806878 -614.1206971614117;565.2549924487928 -186.98453805069036;-134.97080826562416 -733.9593097151974;-2.168184928740071 69.19291491452418;521.7227435646914 538.7999432510468;-488.26132870726184 16.569504512702046
750,12,2,GNNLXSSA,2945.6840426885756,172281.98780153831,12.0344619569,,2207,2238,9000,5590,100,0.0,1,-689.3134101320272 122.48012384889125;-123.69115117478091 131.67002834303233;371.2812992483471 -492.5886342514604;470.5563241408895 345.40350963208607;-180.69541646856013 -625.5490542122569;742.954539954901 102.55442529641175;361.03587904007145 657.3824075051691;197.98460749951747 35.81739328192334;-175.95342406037972 588.7719966022456;-535.7991633381771 524.8037309320778;56.17767393903522 -271.6172585500435;687.0627697029767 -207.3233023054724
750,12,3,GNNLXSSA,2009.1891357616405,173218.48270846525,12.0344619569,,2190,2238,9000,5590,100,0.0,1,386.90970081704415 -272.3431824681765;-549.8264856510605 -157.0936423234155;72.79391352064292 -684.7488308172075;642.5550769874534 386.81128866366845;-383.783918372672 -630.766667831455;203.87640248162776 708.3074244368134;-386.51234583227296 350.555376527731;79.07947171305733 400.6790145551409;542.1975884000886 94.54873274298247;-163.25935801336632 -229.28474125131726;-719.0798786060507 180.86891724208706;701.5489268240615 -265.19634852691246
750,12,4,GNNLXSSA,2190.641077353561,173037.03076687333,12.0344619569,,2194,2238,9000,5590,100,0.0,1,-745.4695255982585 -71.7366136947791;424.0816801888142 -524.9473645503379;-471.635630103348 -305.5406650562902;172.65778050019594 669.9029867648094;-329.52724622848393 -672.7776549800151;52.031353096178705 336.8712173253815;-664.6017874721815 347.28875084756123;736.4810318199904 -130.17165244087454;502.0412819621573 556.5662086877026;-310.94927625099933 681.3559788841383;488.8794896702732 61.7456011858354;36.17387706682527 -748.7699310905523
750,12,5,GNNLXSSA,2815.9416349694657,172411.73020925742,12.0344619569,,2193,2238,9000,5590,100,0.0,1,-112.29842135817337 368.5339718157555;-471.4836848521376 304.3849642190179;194.7089513705048 -8.662425401622228;499.5410586105662 559.4271451782035;424.9156973413851 -351.8517150701945;-579.4142319468368 -24.24104830500999;-20.111904433824737 -549.5009981884724;-93.3731834302073 744.1649337452745;665.1794626755051 28.389453130608004;-351.9638312541346 -556.8732149255713;-188.03628864397035 -198.283139406037;-680.4340374381312 -315.4512968679061
750,12,6,GNNLXSSA,1655.126130457007,173572.54571376988,12.0344619569,,2200,2238,9000,5590,100,0.0,1,-311.9531831594111 674.9858840480449;570.7057242219663 -421.0577258079072;739.9823915666736 122.16173659120096;-630.0962638613735 131.31247644779006;47.210073892114956 -455.33513499369235;-139.50073197695937 237.08610714376184;394.24611144015296 221.7034898080766;-439.7657972516714 -237.71110434885023;-185.48759696125725 -726.6451098584821;230.83253916328817 -709.5414836104151;227.10657413769087 605.5919823307385;572.1617184213443 479.44133528473867
750,12,7,GNNLXSSA,2338.406128263712,172889.26571596318,12.0344619569,,2198,2238,9000,5590,100,0.0,1,-185.2941395238277 -104.5901341556457;272.25245833134613 99.08600964974832;633.2885817105794 401.7989308201641;-375.92611532398394 173.8827306490697;749.1631229584773 35.41901326803762;7.026599027692279 522.7091107193587;-579.6285599910492 475.9522738349031;374.3080810140741 -649.9179884259827;-715.9557542348151 -223.3949152610464;-368.2125512376957 -653.3877011041579;290.39455709792014 691.4955970665167;25.763038912734707 -749.5565934619772
750,12,8,GNNLXSSA,2527.50235778332,172700.16948644357,12.0344619569,,2200,2238,9000,5590,100,0.0,1,354.78734673763694 189.8556271590863;-577.2803549298405 478.7978611189458;-60.862334986297924 -747.5264384488455;93.95774172314125 744.0913537800902;746.7025576607912 -70.25162192314652;-377.9977832129976 -647.1198259270582;-86.81076784438235 473.66996452314015;-745.9422883472987 -7.17706958657868;-113.57307208069592 38.396427326686975;175.5011289576846 -201.0499738219013;526.2044417317229 534.4238818595271;-244.88704567103795 -368.43311486184365
750,12,9,GNNLXSSA,2647.297544971312,172580.37429925558,12.0344619569,,2193,2238,9000,5590,100,0.0,1,-465.8142955494168 -587.570011976198;68.80058301251296 567.1013944659375;205.14794217111685 -500.42577195833815;32.89137424663019 93.63454356079275;723.9261674109122 -196.03634594869018;549.6015203340073 510.32997920599837;24.090247806425776 -749.6105194553413;-370.1074727978859 557.1679300824359;-725.3892233476855 184.80113076770957;386.7848209567618 225.04271678059078;-147.61286411325082 -273.9783348978915;574.9298050583969 -477.83395056097913
750,12,10,GNNLXSSA,2406.6879919475177,172820.98385227937,12.0344619569,,2200,2238,9000,5590,100,0.0,1,-694.4380482311907 240.60219345738324;166.5543682956802 566.9754839299661;-532.1287604471813 -222.79323159230162;598.029513708155 -452.6154004604654;471.93055163935855 -39.521699441814555;-232.1409955848368 377.1720811983877;-362.2757055386801 -656.7010835809939;-365.62216482265967 654.8438230527886;303.2393872670337 -685.9634640488616;104.3467584813803 -335.85651224298874;-65.37680039680313 -747.1451491978494;656.0735933249349 363.41084208056856
750,12,11,GNNLXSSA,2408.4730666916585,172819.19877753523,12.0344619569,,2193,2238,9000,5590,100,0.0,1,-141.7292410684376 -248.62169938148963;76.26822700664633 -714.9405147228211;416.8576883246507 545.1476955897126;694.5748344339434 -282.95382578278446;188.9388604960624 114.6037020958593;-696.493919651234 278.1961410519443;-339.17826919586474 170.47431296349725;380.31563435529614 -434.82313155473855;-148.571613131827 638.1291918488816;570.4680992456128 116.22444336390437;-729.3523201016314 -93.27322465759745;-269.5758544106039 -592.5278922697316
750,12,12,GNNLXSSA,2637.878284348204,172589.7935598787,12.0344619569,,2194,2238,9000,5590,100,0.0,1,456.63295688988944 -20.301174123608128;-243.27045724241026 -553.1512660229248;82.78107289130868 -114.14175018939386;-441.4283119115071 -90.89425445958172;267.2766510301815 325.9303428505205;-244.92676548144314 167.05667936950056;-564.0442673088428 -488.3932401733334;638.901667107096 -312.1705295657014;-565.8780831360762 492.21697408646645;548.7458461680899 477.5173259464651;271.96386595464037 -473.62944344425955;-747.9874870514491 -54.66759207687819
750,12,13,GNNLXSSA,2119.733079901722,173107.93876432517,12.0344619569,,2213,2238,9000,5590,100,0.0,1,492.98665264961085 -565.2105519346211;-25.921849535499366 749.5079772126085;179.58237633280746 186.33417435562723;3.4090853224512467 -749.9866758519859;-406.4482793690866 73.29302835959014;-668.0917980256834 -295.4918565299326;360.95643365015945 -286.783016869578;571.7394633221539 251.72237417288318;-218.60099504312686 494.9469925174667;-474.69147901167696 -580.5863534385534;426.23654632427065 570.6877829839107;715.2751561803256 -225.50938944115904
750,12,14,GNNLXSSA,2054.14466458073,173173.52717964616,12.0344619569,,2198,2238,9000,5590,100,0.0,1,-95.40285245156045 -743.8968480812676;-507.924706553706 65.28202058441705;422.6382150056426 173.90584089900875;-692.1475588661839 -257.2069611229397;199.472677002925 441.1447866994279;-158.20265441578763 501.7917876045316;49.17934669756405 -240.65698502083782;565.1649755693787 -297.208411525991;44.02436008290859 748.7026900093798;-269.6355915425657 -489.9083671795914;-622.2732978873685 418.61844268390837;609.9983397668327 436.281496513255
750,12,15,GNNLXSSA,1745.9793519614323,173481.69249226546,12.0344619569,,2201,2238,9000,5590,100,0.0,1,-90.14772829563745 -154.3852198511805;-728.6633964410987 -177.62222464241927;-93.66459191629882 637.7511209988776;554.1288425543345 417.5379724055604;110.65180387958385 -741.7925439758707;-270.51981891460724 -699.513422011621;257.1709175994021 704.530424567372;-592.5241274498773 459.799041310181;191.8015344340832 108.48461263366973;555.1759423960856 -395.5946190379698;-578.5672288037064 -477.2420368685051;729.2927923847061 163.54204279934015
750,12,16,GNNLXSSA,2497.3465358234826,172730.3253084034,12.0344619569,,2203,2238,9000,5590,100,0.0,1,546.8428414249892 307.51445346263216;271.9600911565172 -576.8817676972916;-437.05266035095394 -477.85431600783664;-52.6001888496154 490.69259863977067;-197.695276792912 16.475401648654866;325.8618487214281 -112.71998913301202;-236.48024826249994 -711.6569961693526;223.49755451552178 703.105371302751;-51.85314219155069 -357.6968115580457;678.5863715904567 -18.485109121632014;-680.2852244778732 315.71671691872393;-384.9032365754902 643.4747423441596
750,12,17,GNNLXSSA,1923.4252041782893,173304.2466400486,12.0344619569,,2207,2238,9000,5590,100,0.0,1,-634.6992147812628 -248.91265423843504;357.1346413634646 -177.0581764708033;520.273792527606 -540.1417493802587;-613.8986053708052 345.29747723198955;-174.53398427469256 -682.8974529311229;-179.48426133193846 111.27253711419861;-44.01808482135344 -245.62084988345086;740.44229179082 -31.07092711118282;-422.6375499582502 619.5359544687997;81.90858173416034 521.2055209981992;516.6145669011136 289.3013248034392;363.8472448637928 655.804884724493
750,12,18,GNNLXSSA,3016.593669518974,172211.07817470792,12.0344619569,,2193,2238,9000,5590,100,0.0,1,-255.83546713315846 705.0164634650446;607.4200886790051 66.64705972176507;-459.48201775742905 181.97556822743962;438.9416474220225 608.1366870683273;-300.08361113518305 -386.1800094145352;492.9577722773331 -257.2330581930145;-97.63668087624094 361.9436498288844;83.80600291666971 673.4402622966592;-592.4507960908065 459.89352486349435;12.7461288046173 -241.1135812385844;224.56860509333947 -483.975404277955;287.1172402552693 255.15862995521206
750,12,19,GNNLXSSA,2359.157441133808,172868.51440309308,12.0344619569,,2201,2238,9000,5590,100,0.0,1,-118.10086380085194 503.76726061693546;71.45925567969277 746.5242632646894;-146.26474345157857 -272.7637911863219;473.3628050474635 429.3797471698183;559.8079787950779 -459.577448583846;-380.51796640608563 165.48389404486747;-538.7412413982046 -312.90479558417155;695.1325607951353 169.62685243782425;-509.0583160587562 550.0161090270068;190.90093024759508 -724.3402103814298;-715.426124574955 175.27797850986596;279.1472309254918 19.12057921179554
750,12,20,GNNLXSSA,2128.2845900419925,173099.3872541849,12.0344619569,,2200,2238,9000,5590,100,0.0,1,-596.5876907901555 454.1313338125759;-600.0910467766868 -312.40175315626857;59.65272998061437 -350.00172573052936;252.42598412941746 -703.8577263332788;528.0083766773996 523.8066409024046;354.9944561544417 -101.3360171926913;67.74180653715194 537.8717093009283;-270.4710392342821 412.82667987908786;-416.3459746699631 11.767347687428643;-213.11194650524993 719.0850424370844;547.2650239579655 -506.35408572971727;-745.8426784622351 78.85872801585826
750,12,21,GNNLXSSA,2057.8009117083275,173169.87093251856,12.0344619569,,2198,2238,9000,5590,100,0.0,1,557.3435039667534 501.86474132584925;-384.8587159191591 -228.55755676925597;-501.5987665457139 -557.5828883671184;212.69693159954062 -395.7998268715543;-11.472889746759087 -749.9122433997585;-239.62411682305097 253.65912897246673;-737.4897571394561 -136.41428852721404;200.45720199130477 722.7149577598468;475.1132777536537 -572.4381640524505;-583.3192017298027 407.64762970814064;743.9645512188321 94.95655074696965;-381.08787359472257 640.4624512192373
750,12,22,GNNLXSSA,2809.0546474681178,172418.61719675877,12.0344619569,,2201,2238,9000,5590,100,0.0,1,-518.9415424619092 -449.94009653256217;43.973073164135464 472.1099575129401;652.6884951128317 336.76729036445147;-734.8699049185866 -149.69285627413512;-272.5166678472159 413.729918379455;29.54143128406105 -749.3517358345426;304.7669704497458 -383.69564579224334;349.1099321792792 663.7928009380295;606.678495330886 -280.7922724217086;-111.19843377158158 738.263227246669;-619.6746050629337 418.83617304772685;475.52997021707245 76.63400635067062
750,12,23,GNNLXSSA,2626.633097983635,172601.03874624326,12.0344619569,,2200,2238,9000,5590,100,0.0,1,228.25620731583896 -714.4222167750585;-390.45427977817627 598.9390205763649;-644.6266357148348 -383.3490583358379;-150.3831577246049 -157.89849167821177;332.6710659399049 293.0686926783218;543.0477376172042 -72.23065718993696;82.97256031435101 745.3961918293619;-525.1714654494438 -16.838701877304644;649.8782475887591 -374.37706747135604;-182.32119528622138 -727.5018774885763;723.3957735013367 181.03391133795077;-2.808876211348245 134.4771451064066
750,12,24,GNNLXSSA,2823.6658840356104,172404.00596019128,12.0344619569,,2195,2238,9000,5590,100,0.0,1,-612.484744781608 165.02272754684853;270.21362136215095 224.7512938046555;-195.01853055383788 -626.2507759776797;70.65965242543832 557.9629840762574;169.65691212494465 -671.2627848490253;-389.61758369371637 -142.14853257538388;-273.933650186636 192.26164736338168;-22.285553725566874 -237.35655574613213;749.9362273110364 -4.840902144113423;588.2425194135265 -421.6701873234603;452.5977335459921 -85.40668456265522;-262.9274183920009 681.6915299512666
750,12,25,GNNLXSSA,2322.873929491354,172904.79791473554,12.0344619569,,2210,2238,9000,5590,100,0.0,1,-167.30229931952397 -632.8263846556798;-326.91516884838273 -95.2570274171596;741.7922663226733 -110.65366520758373;430.5220773679602 458.8514036448938;604.9879484102428 -443.27145439151093;-1.6365127938209763 -33.30328376990887;-580.0636925139872 278.85301857997183;-611.1872565733224 -434.6839511672541;-747.3715788714582 -62.73534167583549;-88.89723511314945 744.5938680290673;259.90347585488746 -658.405362587501;422.63210923805985 -109.26633935143974
750,12,26,GNNLXSSA,2666.913424361963,172560.75841986493,12.0344619569,,2212,2238,9000,5590,100,0.0,1,-290.26775443339346 -121.65758111561497;-255.02352955477832 656.1724490360918;503.0245320164686 417.3382795651946;120.15917229352361 -679.8576354961369;-92.19621992074187 134.695612806739;-537.9713257274449 522.5771260733246;503.39923273796444 -439.7041312429687;283.18011277898484 -157.10814193507244;-237.38282406665894 -657.5595039558235;-678.5334132783717 -268.71028350391316;147.63439148754802 707.4960214485503;681.1645597758998 -134.1952101057058
750,12,27,GNNLXSSA,1655.5563686327368,173572.11547559415,12.0344619569,,2191,2238,9000,5590,100,0.0,1,622.2503855809643 281.4357837589833;435.82815345556344 -373.83524917264197;-329.2612366671385 -290.9495861388243;-474.2695851937686 152.8141496441971;-74.44922234206616 361.36835595351107;-67.22073380988125 -644.2603275778358;135.04143637528463 44.50385907877372;742.5831859799438 -105.21507448971451;438.6659448499014 608.3355889876435;-492.28710931339253 -555.5614555614333;-281.6576538406871 695.1035649692495;-685.0414548971407 -81.16604926048272
750,12,28,GNNLXSSA,2145.256093774282,173082.4157504526,12.0344619569,,2204,2238,9000,5590,100,0.0,1,330.53794462951663 639.5884182900986;223.03083894651715 347.3642108341696;-542.0704660026634 -460.73853305626784;210.76123098935966 -561.263467374613;-119.3503686768654 -665.4036560266571;553.3504784209656 39.41848540042155;63.21171722956308 -67.7832922088254;-405.473259841362 -134.498883477137;-614.6312058562819 362.0420012908524;-117.30579814081136 499.17242995103106;534.6746056903197 -525.9496801309999;-746.9308966490862 -67.7807910177511
750,12,29,GNNLXSSA,2247.935443375667,172979.73640085122,12.0344619569,,2189,2238,9000,5590,100,0.0,1,204.32125739985116 721.6320556727949;-155.09052855190444 382.2968721576204;-112.64588099370594 -741.4923502607103;-383.42776719182297 -378.22547958919364;-690.376249974797 260.04475748708;205.4122802427752 -113.36405557621723;658.2930489223369 208.9211202849965;-699.3080889529012 -271.05017381481434;424.3869854981743 -560.577896101333;87.45903479224054 -459.85461018698976;488.0726434347991 569.4591787040545;-470.02279792471035 584.4472340862148
750,12,30,GNNLXSSA,1751.3337596989586,173476.33808452793,12.0344619569,,2205,2238,9000,5590,100,0.0,1,27.147219394001983 450.0488115189731;69.59806889049605 -444.5867796713914;-568.9546876018708 -181.38245097272525;526.5253433014933 469.0659114375464;718.0356667958861 -140.0194617137315;-340.6993915953456 -665.7915822455665;-727.272014222489 137.22973001790626;526.5066087442176 -413.56309799762244;139.27223123395646 736.9377176274681;232.26680618603808 -712.8484098840021;-141.25875931227904 -138.0371818500818;-349.5028866654444 661.9771021864199
750,11,1,GNNLXSSA,1251.259616607742,159374.10624060023,10.1533447509,,2132,2174,9000,5590,100,0.0,1,-349.9769704005163 663.3371090096468;555.6090558367101 -503.78425647516957;745.6709547238827 -80.4663114674294;545.1448644456646 515.0893871635467;-494.0221258826699 -564.3067775052568;-179.9709506844666 271.2167564762912;-505.75940166377956 330.4013026744892;-717.4206952388948 -218.64936780823476;405.1545992059019 228.84264457929393;126.34923795652004 739.2806436447573;107.63556059196372 -742.2362064033616
750,11,2,GNNLXSSA,1677.713301287149,158947.65255592082,10.1533447509,,2127,2174,9000,5590,100,0.0,1,32.62380372093863 749.2901223363201;159.8352011560615 -702.5855380744096;-558.5891469155216 -334.4977470341276;-263.70517906563714 459.785221682981;-236.59946892109 -711.7026705768766;539.2347358297369 -521.2733444888908;336.1510039657264 -261.0195932596333;539.3386871644518 312.32270118674063;38.53554674652558 -340.32306642573155;279.7798112242653 533.6745002360116;738.8380730116278 22.116252860059067
750,11,3,GNNLXSSA,1504.2453693280695,159121.1204878799,10.1533447509,,2142,2174,9000,5590,100,0.0,1,747.5586278947956 59.976993711237114;57.02760073549748 747.1421268400679;84.7680960827371 -587.7054952755959;-114.69773693786536 -212.10874097149804;611.6334630465385 -395.2337030524516;405.31182140657353 128.23710488211768;-115.69855343022537 491.72398937215434;408.7828890368759 -628.4076231670676;-549.031429653657 -87.78706973097806;-529.5930738721128 530.3635882024051;-251.92919404927028 -545.0689265430052
750,11,4,GNNLXSSA,1816.4950428314332,158808.87081437654,10.1533447509,,2137,2174,9000,5590,100,0.0,1,141.87459882397593 736.458823158862;-329.79464845767626 673.5989087347734;449.18395579250904 137.21088274948494;-181.18035481766645 -503.64411947855683;-544.9044128837884 -56.10421923273374;234.7215805747736 -240.80270785516336;-649.743436566512 -366.36695869229965;446.8627764577876 -602.0962869731014;468.0514280536265 586.0271842644852;35.63309819667725 -749.15304331819;739.7731804570344 -123.4327406990706
750,11,5,GNNLXSSA,2042.5390143404366,158582.82684286754,10.1533447509,,2126,2174,9000,5590,100,0.0,1,389.3461646117727 -641.0222805036517;26.18959812921259 -471.41001711094754;-257.89182225571204 319.4710691474469;716.9540260915369 220.17418956087542;65.5045742588161 58.139423566455285;-746.7044583719311 15.515661239712095;-442.3788350959876 -246.98177950582772;-253.77550205367444 -705.7605188210224;471.1163176979755 7.174659535416514;242.91447456841018 709.5719884370269;-601.1476434079393 448.46142864313913
750,11,6,GNNLXSSA,1689.5291014659742,158935.836755742,10.1533447509,,2130,2174,9000,5590,100,0.0,1,478.08760886189384 42.365131611900686;-367.8577260987772 -534.0972205956467;92.30838390403628 -243.09596468775456;-555.6945433542214 169.83805528123057;-239.61344518427592 710.6789198117542;617.8899450270585 -424.94906812028654;347.98412539674376 454.71743934529536;355.03282789597057 -603.3610820623273;149.0371049752865 735.0274554173262;-47.34951859647546 -685.2696832040036;-364.81949726776855 421.75905046469313
750,11,7,GNNLXSSA,1653.5166891252156,158971.84916808276,10.1533447509,,2134,2174,9000,5590,100,0.0,1,-625.5290292882542 294.18643858675216;-388.80321519824525 -439.5964501011292;242.88866594545684 709.5809000896212;47.7237390430218 -748.4797210428833;417.3563005381584 -101.55225563020728;92.92934441501035 200.63719888760983;-747.4250706732414 -62.091608922364685;-70.64543849947307 746.6653047479721;620.1884521488787 416.623502298652;-368.30810506204136 653.336903622919;544.7233206162372 -515.5351626968039
750,11,8,GNNLXSSA,1278.8059906853305,159346.55986652264,10.1533447509,,2139,2174,9000,5590,100,0.0,1,26.081178004218174 -633.4374366704317;257.34951468369667 87.35217149927712;537.7150443902203 522.7752705654573;-498.2830295881006 268.26597450462225;-353.77695355486344 -127.65732379982342;-352.26507591864106 659.7927525344057;477.3011900823238 -578.5126229851816;746.1508473061783 -75.76988110253006;-497.9050166744532 -433.8780179703591;-192.46503404164088 324.2000163970497;-657.8199297580179 -70.90976387837947
750,11,9,GNNLXSSA,1738.4187354182068,158886.94712178977,10.1533447509,,2119,2174,9000,5590,100,0.0,1,-17.808473394574417 529.9887316143205;-440.58435289509924 -606.9476319947271;71.75891705334652 -746.559212536642;625.9957646117989 -199.39554304188215;353.1843675098244 648.831272825345;-444.26332355350206 176.3357757639817;-129.8193018664553 26.125139304256113;-747.4000271280428 30.085644296621254;271.1947128508999 -15.21948139329557;-320.8419808924727 677.9088606125415;745.2079158876804 84.64728051355064
750,11,10,GNNLXSSA,1359.232710585493,159266.13314662248,10.1533447509,,2131,2174,9000,5590,100,0.0,1,472.2356470325065 549.4462660664017;-188.61578028056118 -107.33485988279487;240.23413577612945 -169.8632420631748;0.8732264185546312 -509.7865549317287;695.2005247991393 281.41824802063064;486.5059405599527 -528.4443769534893;10.953354942302441 517.2498998429127;-625.6772570662583 -79.97669067529489;-479.5741312505481 218.567831107261;-488.3652874190054 -455.06644096284987;-413.86603695607505 625.4717447289468
750,11,11,GNNLXSSA,1734.8856203711475,158890.48023683683,10.1533447509,,2133,2174,9000,5590,100,0.0,1,-434.3623982977216 -108.25262364070379;620.3398899764683 421.51869432372314;616.43423939808 -425.1112511042218;138.5909589140621 737.0838121321623;-470.44686016952596 -513.9318486104871;2.8825185008394385 -419.00009719076803;-686.5678106485684 231.763405488292;395.23474572898397 3.047897877039743;-332.15580631059674 669.7699219797989;-0.7276751632354579 330.8795144253043;320.5695482285652 -627.4893036539719
750,11,12,GNNLXSSA,1625.7392827362346,158999.62657447174,10.1533447509,,2139,2174,9000,5590,100,0.0,1,86.88440262497859 744.9504014231421;313.4518522632862 -74.04698335855431;-177.42817818607924 -77.14423457730905;584.8056199299929 -452.1098428920506;160.31257787565318 -614.7767530070173;-635.544567455528 398.2249399243671;-159.6211727623037 367.9042439162265;-356.8160952900707 -641.9564169117048;-745.345685560481 83.42546983012097;741.7633482856182 110.8473506228655;513.0008598407393 547.1106997698566
750,11,13,GNNLXSSA,1185.6060846229957,159439.75977258498,10.1533447509,,2138,2174,9000,5590,100,0.0,1,459.2107751633014 271.08314776428693;127.79090488405393 725.1601226020684;-32.23318404867943 241.22583070388959;288.4259594443557 -498.9315363502881;612.3746292062158 -226.89236558554344;-509.8569224830611 -547.3971174461403;-41.35854163491224 -734.2990325937952;718.9347940204257 90.45711836073295;-330.8256259373421 -78.49358079353225;-716.2167523518777 222.56137052626397;-527.7574229389411 504.4305796727731
750,11,14,GNNLXSSA,985.1393718319305,159640.22648537604,10.1533447509,,2135,2174,9000,5590,100,0.0,1,96.45674586185086 -703.2959542113424;-184.26739570828698 -97.20187120475475;506.38328133842447 -553.2272146430644;502.9516807175887 556.3614265097272;-186.40001257343027 725.504921828278;-451.11279749583923 338.4333458411861;-715.4332977091876 -224.89381855194654;324.113876158431 -101.90664494353734;728.4227966933988 178.58291089163322;-494.98969636848636 -563.4322058034347;124.45880623655185 621.0867315836542
750,11,15,GNNLXSSA,1298.00494749489,159327.36090971308,10.1533447509,,2139,2174,9000,5590,100,0.0,1,609.7214130496172 174.91008875855505;218.98963381398272 -67.36246967546836;-230.4991555269692 445.43099618865136;-36.41266730252936 -275.04120826776426;728.8667558377492 -176.6606360295958;-544.564572401465 -515.6898020364306;-236.48474409218545 -510.2089255515808;-734.4126937130468 -151.7654259383238;336.36853911986583 621.9617169154074;208.89746438737566 -671.567885482742;-416.9919259134034 -92.64209240903486
750,11,16,GNNLXSSA,2118.7632071784756,158506.6026500295,10.1533447509,,2127,2174,9000,5590,100,0.0,1,129.46849708120163 605.8059530363864;-202.91416492316364 560.7082378366717;-372.99428418962 -354.2124314147775;82.88942439604702 -374.1900145019197;590.955767907285 100.0770024189328;-586.1077489667033 445.6123308435417;313.92474674508713 -85.75288780204762;-608.3883654512636 -38.06076687030753;491.1716940331809 -441.31396918798293;-69.3736265456399 167.4255307391411;-141.48813412935687 -688.5751111987138
750,11,17,GNNLXSSA,874.1304923882126,159751.23536481976,10.1533447509,,2133,2174,9000,5590,100,0.0,1,-10.498761933269645 -155.1895969793977;-710.0991193428204 33.948841055814334;-528.0903385257151 -438.29219615539955;705.9577317557389 168.15228635096483;503.85850872949675 549.0106401431217;-162.57287571275612 -678.6897320988021;-174.82445854977607 410.7906112374982;506.3015391577152 -294.41277135589587;189.7711401742389 -654.553477351974;252.79020281438446 370.6043952896282;-525.4371681745072 533.7729859097367
750,11,18,GNNLXSSA,2270.777516636008,158354.58834057197,10.1533447509,,2131,2174,9000,5590,100,0.0,1,44.567822700578205 -285.70425299148826;-391.7841805656118 602.1948575816364;-711.7760006195961 -235.72968110146064;646.2087496870623 379.83419265931707;-612.7953399894739 277.99335398214004;-230.68981396361164 -713.6401121948193;47.926942766866965 372.81788371854196;-94.13881189439888 -3.496017221727599;-457.22684496456895 -62.32016799277387;252.79158502243232 686.7307978897026;341.39743336521167 -426.1892192068335
750,11,19,GNNLXSSA,1569.765936013835,159055.59992119414,10.1533447509,,2130,2174,9000,5590,100,0.0,1,-485.6904133116666 -502.556750330436;34.97185291437421 465.74840956465226;-616.765489446134 423.69952895503627;-734.6184000636533 -88.51361288762766;315.5841740293946 -679.9293746415038;381.4936458607033 226.7062173425945;-312.04753182184686 -39.95451392416658;592.3256520508085 452.83134808965417;585.2557494770507 -445.59397633194;-57.59453753502223 -698.9929353315575;-98.52991595914014 743.4981850392212
750,11,20,GNNLXSSA,1708.4991410952352,158916.86671611274,10.1533447509,,2140,2174,9000,5590,100,0.0,1,113.90800063993584 -709.3362717043016;-532.1494142615757 528.5044946838786;-181.96117527931236 198.91567846018032;-712.4156459945796 234.44391086595914;503.9341092509474 422.20766896525726;104.868735779887 312.99597051871285;-194.47296922464125 -722.7516099189718;-149.0280736305358 730.6645683488098;668.8691261025987 -103.1719858491019;-603.1092825736027 -83.35387229467473;320.9363301107096 676.0170581000827
750,11,21,GNNLXSSA,1613.2105077811575,159012.15534942682,10.1533447509,,2141,2174,9000,5590,100,0.0,1,-442.79604626911 183.73405071012922;627.1636835714862 211.13646413432943;312.82937651765786 592.1641526134491;-175.15445091817986 -57.66248264536112;180.36298921169623 192.8952340521105;-544.926035751472 -477.22996037153706;15.465384946744166 -616.3676316253005;740.1648140686896 -121.06216590934693;395.24826371606105 -637.4000392449306;-726.592578543543 -124.70501356079868;-146.37454199300896 727.7971154481286
750,11,22,GNNLXSSA,1621.810960238392,159003.55489696958,10.1533447509,,2144,2174,9000,5590,100,0.0,1,-741.0264738070207 -103.06594189394781;122.2260023212452 -133.37599602083358;-593.0323304708403 -391.64810999701785;-5.129134755961033 -463.57703547321836;-561.7228020769785 390.2613055267399;398.2353623790576 423.2771642961803;-176.49549171434165 116.48600520755802;121.84993277412592 573.7214748259239;624.0074173558537 76.1025020616676;601.9267873903151 -318.7684000767759;397.03626605356936 -550.9977282220768
750,11,23,GNNLXSSA,1325.8615548545204,159299.50430235345,10.1533447509,,2139,2174,9000,5590,100,0.0,1,730.3028127039013 -166.75774599306695;223.47344062145848 -520.4627310804497;401.47073786278617 -24.777792426640474;-123.33797887243308 -739.7883209176484;213.97164712851986 623.8581191719945;-94.8432110760372 743.9786207108597;-375.88556272779533 204.35415726171874;-538.7937700342868 -341.0044953333964;-728.6782781782817 177.55928230991512;91.32419487078086 -242.1354382321191;577.2466273089454 350.77622665232366
750,11,24,GNNLXSSA,1574.9035679523658,159050.4622892556,10.1533447509,,2133,2174,9000,5590,100,0.0,1,130.64300997587057 -602.7977107166251;499.63091005698493 308.5893298467951;-425.1294960855231 -615.3326481615583;338.53898711517763 -105.10618060943969;159.7648653590864 246.65984818258352;-574.4832587427193 481.29897696475877;-287.35510113671717 -216.33745698809;488.95313492843843 -568.7045206815683;-40.94609844367475 686.7455394856986;-726.9578751438137 -126.7830957399398;-425.53560339785145 152.35750606630552
750,11,25,GNNLXSSA,1893.1644685847568,158732.20138862322,10.1533447509,,2149,2174,9000,5590,100,0.0,1,-121.13138631172887 -273.78000113450696;126.31349645340107 513.1175335565683;-262.415805144657 140.59649876157252;399.70115540252164 -255.5946557517941;-589.5777476085067 -451.96760933935263;70.79993726255597 -743.1557727936857;522.3158137788776 -538.1452204064507;-545.4323129570712 473.2803703590188;289.91856536928253 52.58792478043877;749.8394124099239 11.632362069415997;-197.37747182429888 579.1903963149449
750,11,26,GNNLXSSA,1821.822057987767,158803.5437992202,10.1533447509,,2136,2174,9000,5590,100,0.0,1,368.1021534560927 111.4580059674187;-283.11263537063087 628.5079957250866;371.32949524834373 -648.4053324435912;-88.98226769963505 333.6721098122378;-569.4061977541236 -477.65893322909284;15.400400276472253 749.8418684438236;377.1567302593013 648.2690805677166;-579.1152871683663 465.1288989945009;-247.96230792487577 -707.8239144367539;749.8843995783486 -13.167659967497343;-460.6306561085636 97.71047495659731
750,11,27,GNNLXSSA,2386.248419653217,158239.11743755476,10.1533447509,,2140,2174,9000,5590,100,0.0,1,8.302536584041283 -749.8103618144221;-129.92237638729006 549.8461825748287;-252.26015529083708 -330.69153314211394;483.35970409915143 573.2890171025405;-597.5603004496045 -447.9052654928224;70.57459031025765 -212.10738013278979;-365.9520142177366 -654.624440392772;-470.0034755066115 482.0320865076407;507.40599466551 -389.6036163053694;-723.4078455420475 -37.834721727533164;173.95003246613692 492.21633695416284
750,11,28,GNNLXSSA,1690.6847650304262,158934.68109217755,10.1533447509,,2126,2174,9000,5590,100,0.0,1,314.12134727208456 101.35277981033346;501.1175247024529 -558.0154356611351;-336.9162566335834 -670.065247581169;-324.31059051775475 -149.26495223623712;-135.42809334662604 -433.07745931845665;-722.2892584414851 -201.18272089286904;-17.811740615200154 749.7884647660677;-521.4998752293864 539.0156585255519;107.16586233768942 410.7749652999902;63.63520662765545 -747.2954974288656;522.079872134079 538.4539043525115
750,11,29,GNNLXSSA,1748.7976801832556,158876.56817702472,10.1533447509,,2142,2174,9000,5590,100,0.0,1,169.44500340354804 -446.99611849267;-745.3879053161313 -37.6394820174222;503.03718945051173 -556.285525633851;-246.46973587535012 423.42753035746426;-372.2161634693955 -542.0421462699214;743.626540130387 -97.56827770187397;174.88900445613154 554.2650760427981;511.97496974508636 328.7076706485678;-82.38464002838671 61.388627969791294;336.1563123677923 -28.646132896180745;-6.606375068712433 -749.9709033078893
750,11,30,GNNLXSSA,772.6929772706353,159852.67287993734,10.1533447509,,2142,2174,9000,5590,100,0.0,1,486.95664386124696 -524.4281465501612;-428.5756469635221 615.4766066664095;183.25215741966647 727.2677816295801;658.8804299911613 -40.71011595685762;-749.0103522498227 -38.288294697554846;-31.078671486645014 -749.3441457762412;-11.827584644341309 352.3247098696721;168.03567791195866 -274.46856808989526;-242.17729428531413 -82.89219156090006;463.038070722484 589.9946539718735;-421.93279249751424 -620.0474715682515
500,10,1,GNNLXSSA,2129.9390619633486,143893.1208082257,8.001580664199999,,2059,2110,9000,5590,100,0.0,1,155.40122569663822 -155.76675001349304;257.4015186787229 384.04318447669436;-154.905421257081 -98.00664567169456;-259.7330244161764 205.18946643613037;362.2811513614079 84.51610113811475;53.226406986511165 145.7526504034835;-50.359170080434325 -394.62563208209735;-53.65425305860793 443.8646755671594;-466.42604028439087 -36.03636965706914;-360.51415028040816 -335.97556109515233
500,10,2,GNNLXSSA,2230.0958676098962,143792.96400257916,8.001580664199999,,2076,2110,9000,5590,100,0.0,1,-152.53353797380498 88.81153659965422;-467.87878533841837 112.58936740159513;340.9121117649529 325.77597919856004;162.464677722727 66.42235072771824;-330.6133270490737 -172.30345871353984;24.606143370524293 349.7762431657985;-289.0343043485405 372.0853139152319;-18.656423257089394 -195.2491839130503;474.72549377501423 42.346104917625674;116.66759382997093 -482.1212003820011
500,10,3,GNNLXSSA,2278.7468471343454,143744.3130230547,8.001580664199999,,2068,2110,9000,5590,100,0.0,1,-333.7069632860613 -138.7751136912887;157.36572798701675 95.63799689738316;-198.4202696048596 -424.74144016565435;292.76974817195844 -189.6775813932721;-20.401489077359052 -164.63916540207845;114.60465232131489 -449.9613876240955;-469.2484041454407 145.61357496654233;-156.09110681691647 121.12671344305159;470.6281178027046 70.62486200887855;21.988599295488353 379.4597047244605
500,10,4,GNNLXSSA,1883.8818153378088,144139.17805485125,8.001580664199999,,2066,2110,9000,5590,100,0.0,1,317.34810717295545 -302.1508950809193;179.9631927560559 -19.664007236107594;-271.06447684462404 284.79908825848986;3.900795699819497 -280.2766946287927;-446.94616579456715 24.394754571626116;355.7630486764582 240.67920443914687;42.39941107186547 262.7458829696975;493.4175010402894 -41.786705302810354;-133.43593509597144 2.384474776789009;-309.43915495706835 -258.09412349116064
500,10,5,GNNLXSSA,1881.1104447318648,144141.9494254572,8.001580664199999,,2073,2110,9000,5590,100,0.0,1,462.80272895481426 -50.648756869848334;149.43936302191435 -29.607411256940566;-477.93892141607614 14.18131077472956;11.219765549978716 254.03243844651988;287.7025152622894 -311.75617503190966;-164.33146223134534 -7.040320052564223;-302.93601707417446 275.0448362277775;-26.367524424994038 -289.9090123802094;324.66766885500266 232.19002133779819;-339.81718157965065 -268.6742748502034
500,10,6,GNNLXSSA,2149.640482099843,143873.4193880892,8.001580664199999,,2063,2110,9000,5590,100,0.0,1,27.177283585355852 -465.2349947180191;338.03136037913436 307.8307396536253;28.10662199657862 368.27358711609753;132.1443391724139 70.73202461292136;439.8561475610293 10.781014525189219;-383.6270877813867 -107.40965455747151;233.99652229204716 -228.89373332900223;-74.59826788050219 -168.6323939205619;-280.23044320943126 -404.9147524452068;-178.65998094418862 130.06594268155322
500,10,7,GNNLXSSA,1806.0884633147216,144216.97140687433,8.001580664199999,,2079,2110,9000,5590,100,0.0,1,-473.8000020981814 -21.489423166086446;248.25993991829745 397.5619676086538;-368.5481932203664 -322.6258553896356;-163.60431443926583 -79.67161595611812;42.26957246806352 159.09995180708214;456.23152165905924 -199.88762515252475;148.51569283918204 -141.8363857998913;352.9968033385892 98.25578480556533;-60.00859689217003 -382.1422867283343;-59.944613566862365 455.8422110287632
500,10,8,GNNLXSSA,2294.990683926997,143728.06918626206,8.001580664199999,,2064,2110,9000,5590,100,0.0,1,48.72276290105459 311.0461457355321;272.9345351019523 -276.66571375550194;-485.48396138585304 113.45839980558561;167.6362945952412 25.009165159143592;-255.8479054590277 370.9633819608425;-47.45935379526094 -226.95325086248133;-360.96458287251374 -179.15109377291222;-153.4625538001623 78.5106064079103;479.3159965740903 -24.336680854724808;363.6444610752441 272.12113635749665
500,10,9,GNNLXSSA,1334.9296164585394,144688.13025373052,8.001580664199999,,2069,2110,9000,5590,100,0.0,1,163.53114899477086 -42.80563487209511;305.23756413517947 -391.61817390639396;487.0762737919543 -21.74647233745476;-492.4570153876561 -47.07186305291612;-325.69742617743765 323.5682271287352;-10.641519067368414 314.95721549650915;-172.80983992749051 -68.29194117483488;-325.0975318823929 -379.8585844266386;328.91839736847623 283.9733450197949;-11.417347662681575 -447.99316169354455
500,10,10,GNNLXSSA,2549.909502200957,143473.1503679881,8.001580664199999,,2074,2110,9000,5590,100,0.0,1,-209.49259980526858 166.03893056491268;283.5702442412142 401.0041504190758;240.73349648048276 -147.83943764222076;-73.55416206770661 -124.09455678944725;104.80542518955829 141.5336220834023;419.3374113679778 115.48102343369587;-252.08072437990438 -383.4887961054839;-30.534134316923364 424.7695305214696;-388.10416554268465 -100.15757089026926;61.574309843918485 -407.5834089425008
500,10,11,GNNLXSSA,1853.7719819998601,144169.2878881892,8.001580664199999,,2071,2110,9000,5590,100,0.0,1,-139.1717840061865 12.89721038267391;-241.2486398401204 313.2150542970346;-344.2249162277673 -227.89458310615777;-35.615104674168315 -288.8785450104352;272.6413392180433 -345.17923424803445;478.6305677752622 -107.09952495714705;67.35195652039336 252.24217468491747;-447.2783834726206 73.47610796726414;170.2686689857863 -47.187199716230865;376.84475222104163 190.8479904853724
500,10,12,GNNLXSSA,2147.3290032687655,143875.7308669203,8.001580664199999,,2067,2110,9000,5590,100,0.0,1,-40.761369660405435 443.88212113720033;-143.1289253995699 -93.54234303049824;267.5298090987075 384.12286781641404;165.39482994892163 -152.85595239046768;369.96233578975347 87.86512327839631;61.54995164925679 146.71611062774878;-247.0759732732665 205.99992494273894;-40.08995150235905 -390.0627983829916;-453.003641442352 -32.69911763766514;-349.281902625002 -331.0106454442631
500,10,13,GNNLXSSA,1847.9737259946414,144175.0861441944,8.001580664199999,,2083,2110,9000,5590,100,0.0,1,224.18678448193765 385.2125150624891;-496.4319712730146 -37.32575860229525;20.464415305243964 146.67308568465086;-84.10251722702807 441.8336341781294;124.37644290520134 -155.3013733987191;-290.66895527047853 202.6216967585583;433.4762932322812 -214.28191907677098;-186.74755805548608 -95.77244596000267;-79.07543245654065 -394.30993650062925;331.2616811770093 87.31239309191375
500,10,14,GNNLXSSA,1846.7403549336013,144176.31951525545,8.001580664199999,,2070,2110,9000,5590,100,0.0,1,242.54165695628888 -330.55418811369736;343.6116139656199 210.74330651541422;-69.57156265928339 -272.18432807066176;136.58264717743987 -27.43350172897652;32.871147944940674 269.14672831304074;449.49422291286373 -88.64790940037098;-379.79704239990576 -211.89549963211297;-482.89999110160716 88.29390970150678;-173.3649702406551 30.574479059641757;-276.19059198013935 327.69745564319487
500,10,15,GNNLXSSA,1901.0737877736683,144121.9860824154,8.001580664199999,,2068,2110,9000,5590,100,0.0,1,157.45499602968601 -36.93567229875998;305.91081009074776 -346.0408391669274;-6.090312884605755 323.34362052604644;-79.07426979412556 -341.9647275476858;-345.8718983642958 321.9608338791566;-388.06060409918507 -292.2835613513398;-191.7845019088733 9.124086189786956;-499.7296923444218 14.934500943809086;487.6531216643962 -69.63570515742552;354.8926037072538 260.0998243981947
500,10,16,GNNLXSSA,1826.927650814876,144196.13221937418,8.001580664199999,,2075,2110,9000,5590,100,0.0,1,163.80345354463563 -21.042584668495913;-375.1028897055619 -291.49314170464226;-49.82133346470814 -319.69424166382686;-318.54076584226584 348.6578183152506;6.517521698886164 293.8423741018315;348.6735085833914 256.1557766260974;473.83593950533316 -79.91180313778936;275.8879272705609 -368.991105563652;-193.58640416819375 -17.238166458665155;-499.08261996360744 30.274386042682284
500,10,17,GNNLXSSA,2136.8809385799977,143886.17893160906,8.001580664199999,,2066,2110,9000,5590,100,0.0,1,-167.2880347319772 424.6888994653625;143.50698844308928 365.2313983070301;-162.31159879089682 -413.5920468204879;-370.9990791718615 186.3125252730144;-62.60043739568889 125.52600711508859;43.728341702481 -175.98580343006668;249.7383870449251 68.4236873506915;150.55367482000847 -474.45113460292674;354.237375467638 -233.86846348684836;-266.8136060146701 -116.29352924534925
500,10,18,GNNLXSSA,1772.0275458365213,144251.03232435253,8.001580664199999,,2070,2110,9000,5590,100,0.0,1,-347.5416335779284 -95.40365105880812;-449.3905991053861 201.78780460775886;-141.0914980902876 141.3961548948116;-245.69238102462566 -392.59642146944225;167.2089502094716 81.00266259189952;65.36134794370585 378.19703474153283;62.60787956923916 -452.9900508112361;475.5108003263706 20.613394266762906;373.6620844455554 317.80445739893975;269.0615569927627 -216.18889383968565
500,10,19,GNNLXSSA,2142.8681273852126,143880.19174280384,8.001580664199999,,2058,2110,9000,5590,100,0.0,1,370.70411347657614 81.21253235094699;60.60817238221688 142.1330568182253;166.10744837077328 -157.64351573649014;-144.14851344535558 -99.60690298906657;265.24847539573653 380.92241786449114;-248.3332394829011 199.60826322119988;-347.27823971123706 -338.91426433298886;-38.13019147659832 -396.3723002504408;-452.591971527133 -39.129502781558415;-43.763141663006714 438.40832993544547
500,10,20,GNNLXSSA,1774.456113321532,144248.60375686752,8.001580664199999,,2076,2110,9000,5590,100,0.0,1,292.3359282486932 -261.58579102875456;497.1791523392543 -22.458274991038934;-326.06073699869256 -146.99312250082576;81.39679569274661 332.97227013877716;185.6959866073773 35.46704456954398;-221.8305613673447 -443.0403492884386;-122.76146006921338 92.29115738279866;-431.9106757880734 150.3482612298213;390.4460314169854 275.84200367066467;-227.65553237975817 390.0546014319673
500,10,21,GNNLXSSA,1859.503110606398,144163.55675958266,8.001580664199999,,2073,2110,9000,5590,100,0.0,1,52.75977686061895 372.46812859348677;-26.314478258684296 -267.94574704602326;167.94333799123962 19.834835750871175;287.83038619894745 -345.4148114010166;-458.63725546907636 129.8498140613446;355.5866214220757 303.6966020309109;-145.1763060244662 81.27533087473822;-254.56196943918542 393.93623122708;475.8907953272642 -68.55372086141766;-340.01383986151296 -205.60408734992956
500,10,22,GNNLXSSA,1870.8113538788748,144152.24851631018,8.001580664199999,,2061,2110,9000,5590,100,0.0,1,30.748704842917956 222.77138496704953;-383.0277323430947 -250.0674151511188;-176.13640308624414 -13.643834705159309;338.94021767930525 161.81457055047096;233.3504958741717 -371.98882123895703;132.0476855696181 -74.60633102717063;-277.4347729213955 283.7388922759092;-484.32631339483106 47.31860180933218;-74.84187535780272 -311.02996511362375;440.2351969699938 -135.57574630635224
500,10,23,GNNLXSSA,1862.3121783556126,144160.74769183344,8.001580664199999,,2070,2110,9000,5590,100,0.0,1,383.0314569096661 236.80404847130922;486.85833692426974 -60.699813072658095;72.75943961910593 293.7609234649763;-25.75566427328352 -243.6498380476024;-335.2800306899657 -186.32486587583165;-132.5612943879015 53.089988622213;178.45626279972714 -3.910835657836883;-441.4377093598905 109.57147299075989;282.87122707546825 -300.25273860634394;-237.0480338635663 349.9874976987242
500,10,24,GNNLXSSA,2160.8148642119777,143862.24500597708,8.001580664199999,,2063,2110,9000,5590,100,0.0,1,-204.93131651710678 -71.36676861966801;412.5204248401368 -192.21491592731246;-306.9687860096789 226.24606900340868;310.4575733896173 105.83554365256184;-102.8228106582566 -368.70016210087374;205.646231887329 -429.1553944026703;208.2001209064674 403.0160814360777;1.646122013151865 166.27197147338939;-100.24769988447952 463.44059675564665;104.00086642464535 -131.79328246564685
500,10,25,GNNLXSSA,2526.6012775504496,143496.4585926386,8.001580664199999,,2065,2110,9000,5590,100,0.0,1,-423.154865741535 92.09354698218016;379.2810935882421 309.9500441559286;28.4994373987502 -212.54463379322993;-147.7210544937857 -476.09751859568183;-247.88999152688808 352.8126132958085;342.12891573832064 -233.9805799314719;-285.01794233580677 -191.11599563890337;65.95841718801765 331.4949513269717;204.03731891115677 49.427206326796764;-109.27149128554339 70.89629395090766
500,10,26,GNNLXSSA,2581.6541426950425,143441.405727494,8.001580664199999,,2074,2110,9000,5590,100,0.0,1,-353.0873302707812 -117.60418187834405;273.94980734675585 -159.50501934924586;-214.49002204977546 -399.5790580727065;135.38044993380737 122.48180218559352;-3.1988656178043504 404.4494001597544;-39.50213602301528 -138.5468088135626;99.04170653889642 -420.51102774459645;448.8395094658108 101.49314237581538;310.28004035195033 383.4569789250498;-178.04878056832612 143.48806536165736
500,10,27,GNNLXSSA,2139.6597975704644,143883.4000726186,8.001580664199999,,2071,2110,9000,5590,100,0.0,1,-412.39714437506234 -93.22243167387745;208.90458449849433 -213.22776488248093;414.70710225353366 28.99539494184136;309.26108610709747 324.682221608017;0.68575342362177 -451.2940453467944;-308.7889530700113 -392.4093698259825;-104.09822167664962 -150.6754287043349;-0.4401665457000429 385.8362236107093;-207.37042241687007 145.82209154333464;102.61654069326339 88.42104417505499
500,10,28,GNNLXSSA,1866.2178452014632,144156.8420249876,8.001580664199999,,2069,2110,9000,5590,100,0.0,1,450.9988876877552 -102.35969227194491;246.61308136486628 -342.315854677307;-371.7070036025239 -228.58332763289383;-62.49979116628512 -285.88717069963127;-476.74740347300553 67.64978662956445;345.3527363715423 193.6075382809472;-273.00298858492306 306.9250038036896;36.14844029268305 250.41073801729743;-168.32563911903708 10.894002143139094;140.9181684256308 -46.50283395162909
500,10,29,GNNLXSSA,1997.0482769568334,144026.01159323222,8.001580664199999,,2077,2110,9000,5590,100,0.0,1,-181.11554271854263 -3.4169646283724955;485.06401147280764 -121.29676324580097;-284.67150274428894 301.46506309689806;380.20331213310965 181.38464407879238;32.61618666501638 242.23224361689398;-495.8065228556805 64.6211412291642;-389.848789586673 -251.17721000315078;292.6678829580941 -405.395301059075;134.98994354601308 -49.111933983985004;-69.40790284265672 -314.7693492681186
500,10,30,GNNLXSSA,2103.8084348452394,143919.25143534382,8.001580664199999,,2066,2110,9000,5590,100,0.0,1,212.03990305901624 -397.9738311272082;107.26259876488339 -102.38117002089582;312.0050622751819 138.43261784354058;-201.49466416921192 -46.08429593813998;206.804658836898 434.8449988258325;3.6071761555896114 196.13219498476437;-95.71562687650373 -341.06794045849733;-404.81999843099163 -284.8047786513629;-305.1694171389921 252.91073176803545;417.64151789823677 -158.2642189125554
750,10,1,GNNLXSSA,1091.5540326639602,144931.5058375251,7.9738488966333305,,2072,2110,9000,5590,100,0.0,1,-163.28057506513213 -435.85811411713775;744.491242143542 -90.7347252796079;210.18047970395213 395.3566074356522;-49.44176393861559 -748.3685669365317;59.983515897390646 -12.773011822880058;-155.65033201691637 733.6708895295109;-745.0407417019538 -86.10629015468318;-468.08246887319945 474.5825283184716;450.0226127092077 599.983039802275;450.69314649110214 -235.77981234621745
750,10,2,GNNLXSSA,896.5620064254326,145126.49786376362,7.9738488966333305,,2065,2110,9000,5590,100,0.0,1,206.48267057037464 122.77824408234073;-533.1805303203784 -517.8250546470051;-28.36874748339393 -156.9289798816389;-20.137915085842042 749.729594171122;199.21488408067137 -723.0583862736983;407.4709770628402 529.3562063966808;-546.4654335633974 471.30710912067497;-228.330083368426 -623.0980038289432;711.925910803058 -213.27533530073634;-222.63548276366453 514.2839732124118
750,10,3,GNNLXSSA,1254.3606421945442,144768.6992279945,7.9738488966333305,,2070,2110,9000,5590,100,0.0,1,-143.24837442507248 281.9791328771904;679.085316474493 317.89545775488085;258.30088265339265 -704.0953107079689;-734.1101419414141 153.56529392657959;-342.7553357314759 -159.41964414003806;-402.32583309593184 632.956494574204;273.25307425551955 313.2117036461945;-521.6733699211576 -538.2836240661417;106.40315745739373 -263.4738374643128;-135.0509599392997 -601.6180523260698
750,10,4,GNNLXSSA,1427.6928538435313,144595.36701634552,7.9738488966333305,,2076,2110,9000,5590,100,0.0,1,-345.7306416854507 -665.5575907776679;7.64884347364654 -501.0711648860641;230.63551139496266 -713.657452140827;-25.34764715446768 648.0166359919045;-257.4504337742512 -21.572416450317867;-493.5035602036688 562.8565124291647;-662.515459548901 19.000905205505504;672.1539221047242 243.83032200089963;217.88991228768103 308.1605599794284;335.99383870397816 670.5076725135202
750,10,5,GNNLXSSA,1116.228175842698,144906.83169434636,7.9738488966333305,,2072,2110,9000,5590,100,0.0,1,296.8506184432857 -688.7522851721357;730.9337779686877 168.03515175230797;-7.605096148326023 528.4163655861746;-17.24374101871162 -426.5496578078597;-542.5913347271656 262.9501683620722;355.7430962728113 408.50351977595795;617.6099281601852 -425.50907938370796;-749.6910082046091 21.526546800559633;-301.53164982916667 -620.7759714516222;-182.02395743868257 167.72053592248633
750,10,6,GNNLXSSA,1174.4740096604219,144848.58586052863,7.9738488966333305,,2064,2110,9000,5590,100,0.0,1,-636.7483132721152 -396.2968066138054;139.25421887794397 -718.6638695470841;1.4761383076071477 -290.3233224690183;742.1903713688048 101.77485573996809;-216.04770502433826 718.2084580076431;617.4068179416662 -425.80221871892013;327.0233301199171 674.9485333001464;-509.4953636590028 24.814809215472213;-219.3025992993237 -595.1059704873969;-631.1472062339717 405.1582457053693
750,10,7,GNNLXSSA,936.2584101452376,145086.80146004382,7.9738488966333305,,2081,2110,9000,5590,100,0.0,1,-387.7792531691172 287.1284263183334;112.990036253436 71.06688321010058;-209.6882938301221 -219.25293032556803;541.8355606514502 -100.44944711246575;283.1876536217265 689.2082901301508;-570.9347421037635 -80.27820038536179;272.63973203357386 -400.43177351908616;-10.525316050468495 420.3088586008137;-30.349926837465524 -618.8330950687417;659.4272496442361 268.32963320778657
750,10,8,GNNLXSSA,958.244968556246,145064.8149016328,7.9738488966333305,,2064,2110,9000,5590,100,0.0,1,141.94593508403423 736.4450770513163;179.5165016239536 -686.4527653246797;717.1132819956093 -25.315272671937905;-304.9762593080864 -151.99450573381816;-616.2196907222175 404.7947796731737;540.7180855138959 -460.0372997649131;529.7701929183826 530.8893883806868;-749.4243220504695 -29.380019046862387;-187.8497480370477 726.0939830093744;-342.1625828835565 -667.4015035002942
750,10,9,GNNLXSSA,758.5003222576051,145264.55954793145,7.9738488966333305,,2061,2110,9000,5590,100,0.0,1,-225.73324166952457 -361.654187051957;-366.5714064630137 -654.3129251082604;-749.5545861929419 -25.84419310265881;-104.41118395495903 742.6966437685871;265.16009700197895 -701.5626293909197;-105.24622387344654 17.586859230159362;395.2086793492117 -335.7617536394347;-621.0510896235279 371.35771553609857;386.04731731975994 643.0143612628077;706.7219065287226 -251.0859351544951
750,10,10,GNNLXSSA,1224.7890362045146,144798.27083398454,7.9738488966333305,,2060,2110,9000,5590,100,0.0,1,-545.2567724980989 411.65935005107207;280.945377206436 102.2079721208417;-716.9192878917737 -220.28784498639973;116.10472142666015 538.4192938031148;680.7610147902976 14.890664266890308;-306.79394067457747 -538.3912839920579;412.8170214996071 -618.5544380382344;425.7538091891318 596.4761621111761;-297.8694935960644 688.3122581974145;101.95999491160467 -252.6255588494319
750,10,11,GNNLXSSA,995.3862577205582,145027.6736124685,7.9738488966333305,,2079,2110,9000,5590,100,0.0,1,-129.1441575873237 506.77355186007145;-541.9637999186755 -518.1254605209291;615.7985577203422 428.12211038128993;749.0132499062195 38.116333407786044;76.51662905640025 -496.9229098390349;542.3375304932158 -486.9130845350185;-358.1333441672943 24.226655419984503;312.83120908665654 369.3700816286864;-732.7394339055805 157.5282254553928;-133.46661872977555 -738.0213797068128
750,10,12,GNNLXSSA,1251.2008220022835,144771.85904818677,7.9738488966333305,,2068,2110,9000,5590,100,0.0,1,-126.65428405966152 -697.1592460089228;-408.83876933357317 -448.85778154795304;-673.6246128722062 329.2622819620649;295.97906949827893 -318.1110015752837;-734.2286481832091 -151.61725807868228;71.34175615786488 -46.516760629531355;626.7908681306072 25.47514729075036;-106.92148672910838 393.6692572878336;-386.51272264023555 642.27582126402;429.8251549311595 614.6139733104062
750,10,13,GNNLXSSA,1488.9921161124948,144534.06775407656,7.9738488966333305,,2059,2110,9000,5590,100,0.0,1,-325.93720461528073 -20.663581871054333;-180.18686709606504 -441.0622792969343;368.1514164906784 549.4472376951669;-566.0061752578622 -361.818603469487;686.7227248511045 -243.38915151958628;20.241065860781756 -47.17310534261781;-460.338382305451 360.6147117486054;-111.3363777719916 387.90216252516404;-730.2489709576926 170.9610078376836;-222.6872706851936 716.1689766342803
750,10,14,GNNLXSSA,867.4858398948272,145155.57403029423,7.9738488966333305,,2079,2110,9000,5590,100,0.0,1,-563.0850874117939 495.414154354165;-152.7829833475025 692.1741697642093;-738.1843590700558 132.60411767487017;34.73971620946631 411.3709688243249;-570.5027143073966 -475.71906743890554;737.6059393420807 -135.7846760399964;-153.46902080256643 -208.1557753659253;211.99326808981985 719.4156338894768;393.3842866840362 -638.5521145451576;557.5847637256499 501.5966818680236
750,10,15,GNNLXSSA,961.4629192971624,145061.5969508919,7.9738488966333305,,2072,2110,9000,5590,100,0.0,1,189.6859078355545 -302.556652423407;-40.144603599145675 -659.0288660141896;613.3652204683764 145.46297332095173;322.30251048544125 -677.2156907033253;0.24219750143860858 749.9999608935791;-555.1060022879954 -504.33850361026384;729.5921344943018 -173.76799844634388;-742.61330183354 -104.38258799494241;-554.92722026259 297.73418070179383;480.2054101280263 556.3581540029542
750,10,16,GNNLXSSA,1348.8419332200428,144674.217936969,7.9738488966333305,,2067,2110,9000,5590,100,0.0,1,675.3158790902819 -296.58538260719746;-408.8225397058906 -127.7154779755018;10.003804330409402 -201.73814941366044;-213.92611588117396 -614.4840004078795;160.05550869598503 -732.712321881437;-710.5389122638472 -235.51278263625505;332.7512794276596 457.6685912780955;-297.6572426109598 688.4014149339232;-616.9186662514611 423.74195343229303;-152.82287799641557 388.1979666253196
750,10,17,GNNLXSSA,1445.5891304641555,144577.4707397249,7.9738488966333305,,2070,2110,9000,5590,100,0.0,1,175.80374007158423 646.2185680219384;-345.42870891959427 -193.55694795262556;-130.78920542715886 281.70939740580945;-5.348366963799634 -626.3219762602646;173.04762418546642 -34.78394007322029;607.2874357222433 -183.29124011846528;-346.8892810910503 550.900228884343;-727.3338787404969 -46.031079492928264;-460.1534308960923 -537.074224870517;481.3695558500983 167.8330741932612
750,10,18,GNNLXSSA,1360.6632769614807,144662.39659322758,7.9738488966333305,,2065,2110,9000,5590,100,0.0,1,-149.49425447907288 -336.707564163454;250.54555580780402 -319.1435016042027;519.738150748395 218.50673628603346;-478.982260240344 432.04015138824457;-166.34791307058356 718.3493990338916;685.5431980585829 -160.8800054425963;-42.88262315792646 427.1824622324109;-614.2507549716147 -430.3440600459142;-728.2572752241201 -76.64250728472256;110.34156849808079 -741.838754893126
750,10,19,GNNLXSSA,1466.7775425740983,144556.28232761496,7.9738488966333305,,2074,2110,9000,5590,100,0.0,1,339.3869889428052 257.7771164694003;666.7965480334902 123.98524994680596;-635.5638592547289 25.313394605709814;-217.83642103650698 -509.5865479620131;-313.3423731352789 681.4077760034381;156.83591699122422 733.4183629699503;169.95514662739564 -187.99915321185756;637.4359254713698 -395.1903856604537;-62.362795847217285 41.82062425052444;343.31374517451405 -666.8100721901617
750,10,20,GNNLXSSA,1940.0474644432543,144083.0124057458,7.9738488966333305,,2075,2110,9000,5590,100,0.0,1,-592.0406716665259 -460.35279162031236;-68.48117838488926 99.464115673139;581.1125665377954 474.1350756888846;-703.4353264921194 259.99022193604935;-289.0613439373507 -515.9739599012088;164.77104231668397 -576.7221135810565;358.2327214056729 -54.934855196109915;-247.0445664791896 708.120596932178;-436.07809412015934 438.9257562619632;-454.28258003485814 -49.27384956592898
750,10,21,GNNLXSSA,1268.2948525115498,144754.7650176775,7.9738488966333305,,2073,2110,9000,5590,100,0.0,1,-360.94964520382325 -403.71762063778993;-208.29501044300093 118.36035548199014;595.152856309475 -456.3913645399893;247.80668439584323 359.0942318860934;30.629055907852216 -749.37431296662;513.8372027490399 537.4954812942779;-372.01420699902906 651.2337750692017;65.63058177375332 746.2185929908044;745.6440848395424 64.25843136591438;245.5874061205977 -523.7308896841075
750,10,22,GNNLXSSA,1688.9425061348884,144334.11736405417,7.9738488966333305,,2076,2110,9000,5590,100,0.0,1,52.99800912665132 748.1251305955518;-723.270134850311 -128.07383474602065;51.34422952691964 -318.41718471924594;-591.3536558870582 270.0075636926326;529.5440657708489 531.1149427448627;-290.7815858219686 -397.50423062604847;436.1614467957066 -319.94983125354656;243.100482359305 412.11174401033566;470.8549850637975 36.09725052553679;-253.40891069487128 596.2874032919783
750,10,23,GNNLXSSA,1085.992543569184,144937.06732661987,7.9738488966333305,,2069,2110,9000,5590,100,0.0,1,-435.67052748500134 -348.3402794862439;-30.89150331382679 -706.4215716906898;-436.36436576323763 426.8514227071506;397.29729442496546 -134.89838264800917;427.7379053297124 354.12329865144255;188.10737329488904 -459.0791245188736;171.7411903942069 639.6436129711856;727.821630217669 -181.04053299549966;-308.7692241618367 3.76432306993443;-713.2086369127924 -125.92182158547872
750,10,24,GNNLXSSA,1870.042573910061,144153.017296279,7.9738488966333305,,2073,2110,9000,5590,100,0.0,1,422.56419788206665 -619.6285166680805;439.303036178563 398.0494950633979;88.37404806898715 -580.4818305697751;-418.7649911053597 5.995648325949702;-170.41358057820852 383.5754198608229;-146.7142905855948 735.5099706584306;-747.3590404352793 62.88453450299498;-442.0079110472119 -487.3443319610076;-596.3757280973252 454.7922503037899;281.7975440026053 -136.00548823533143
750,10,25,GNNLXSSA,1124.0986248373229,144898.96124535173,7.9738488966333305,,2078,2110,9000,5590,100,0.0,1,186.98813503293349 -469.7077275697251;-236.09170410979823 711.8712715446042;46.477070088988455 -748.5585360918298;-733.8603117551339 154.7547829007479;-216.95334530308418 -343.23211558236363;-377.54102630841754 -643.7659117052576;639.5875687390247 391.69853448092346;176.2592164886964 728.9942994309289;421.23848533019645 -184.5425651793788;532.6361105301585 -528.0139901170279
750,10,26,GNNLXSSA,1393.4165508112346,144629.64331937782,7.9738488966333305,,2073,2110,9000,5590,100,0.0,1,328.38024370166784 -674.2895635751996;-109.39710638120614 -741.9786203897112;559.8723305685853 -415.0500486585332;-113.96088055172561 214.92259652589127;-629.9515783594413 -406.82855867821974;401.18259289647307 464.77538446502695;-748.2054668725352 -46.42357589661263;-452.4679372449108 598.1342887468782;-71.14034387234028 746.6184108858588;186.7227807603871 -275.0248034624911
750,10,27,GNNLXSSA,1129.8008924563474,144893.2589777327,7.9738488966333305,,2069,2110,9000,5590,100,0.0,1,-206.06776531255449 721.1352689330137;686.4307428883695 -130.81678589046595;-340.40978245064167 402.85648805281386;145.26050204328573 -728.0381544741218;-721.9543841534633 203.17939659717854;-198.9962329095308 -723.1185928240373;152.7754133364785 478.3942632284855;430.56147756953663 614.0983748823452;-499.1336572894104 -136.54391014317676;342.1091892267877 -52.89472365851756
750,10,28,GNNLXSSA,1536.134316016367,144486.9255541727,7.9738488966333305,,2059,2110,9000,5590,100,0.0,1,-131.36108737441094 735.8156420850148;-186.45186463702353 -624.9875429723513;577.7450651076343 -471.34085125075944;401.47726330494476 -93.82124744877994;98.24545172478798 -743.5373771475058;-118.51107181280473 -183.93413224700313;-587.264428348478 -269.53182769360865;-724.4259593464319 194.18297923608458;674.1776823696555 276.82112156107024;-474.736753847964 414.42148924977295
750,10,29,GNNLXSSA,1048.4238117044151,144974.63605848464,7.9738488966333305,,2072,2110,9000,5590,100,0.0,1,-258.5148302853337 -274.50486765574476;-251.9166312454662 706.4259295401705;368.5576054661398 71.06748200922317;-51.14850525048158 472.73751329524936;-665.1246069190074 -114.38799656346143;508.1432382916433 551.60570688706;716.5301155413483 -218.45556109850423;-101.3914087361 -743.1144382235062;-538.3111313449356 280.10575734630066;323.32381915775863 -676.7268868325496
750,10,30,GNNLXSSA,1426.788948896079,144596.27092129298,7.9738488966333305,,2062,2110,9000,5590,100,0.0,1,646.5826647339892 160.13360096754946;539.2039908453039 -153.34526956506232;-594.9381893255218 -4.889159241066695;338.8254338132064 611.5803358246958;-374.5057353603007 -450.1723632696484;78.2635810607529 236.1823763916254;57.32889579946793 -440.0590717224257;-300.26849739034975 559.3466925829975;160.72106860009927 -730.2256252131085;-113.74013998006814 -85.35340450709606
500,9,1,GNNLXSSA,1686.4096048844367,129734.34427828573,6.372284537500002,,2015,2046,9000,5590,100,0.0,1,281.5522360147094 361.7274096539978;-130.00659392725115 -119.45106083405172;-235.27543590747777 179.66745156969975;384.6780109197667 64.63329143781866;-25.99035883192257 -418.21020458292145;-335.0259171833759 -360.1629741248189;76.2574895327972 122.73992084848808;-439.19731672561664 -59.82498304432356;178.45478144545623 -178.9981316104855
500,9,2,GNNLXSSA,1656.277477188938,129764.47640598123,6.372284537500002,,2001,2046,9000,5590,100,0.0,1,-210.04991660373796 60.659010075373835;-4.691939169819255 299.79581030498247;-312.73173419885245 358.2561129196478;-105.877738779083 -239.90115773322935;206.58533764982164 -301.0148407355414;100.04374182253655 4.496011451890462;309.43833032387477 243.168775482134;416.09612344524 -55.39525891689315;-416.94389912379995 -181.394800260038
500,9,3,GNNLXSSA,1668.1222201535275,129752.63166301664,6.372284537500002,,2009,2046,9000,5590,100,0.0,1,-417.84622925479005 96.22827243977626;-6.778190920992149 -263.6864913686947;303.7973907891732 -321.5028415461762;-313.768422811783 -204.0005217296071;98.23173684368449 276.46927902334943;-213.14434593559213 333.6666865954656;-109.01459851954354 38.17656260324173;408.61278716733017 214.7802655758074;201.8697402745521 -21.657920294746564
500,9,4,GNNLXSSA,1313.5859125079296,130107.16797066224,6.372284537500002,,1995,2046,9000,5590,100,0.0,1,242.29180185468329 433.44645635751505;242.95224199278965 -401.38081028291884;448.2348328804596 -163.4436218638632;-70.87077193499823 490.296132343738;-276.97521172625784 249.11804176920313;31.160582769182195 193.23939935602814;-67.00168567935465 -341.34450864686374;-482.48887355454684 9.18607927774364;136.68489643249265 -102.74524554892213
500,9,5,GNNLXSSA,1634.4300304369972,129786.32385273317,6.372284537500002,,2002,2046,9000,5590,100,0.0,1,468.37690921939355 19.79330675389438;-49.2567502809488 -166.95475202816115;55.87561215669575 -463.3740987847862;55.22368126074565 375.91007194816274;-152.46428901045167 138.23597197969045;-360.1135081084632 -105.30158221597554;364.7147811295827 316.83931554693527;-255.95592438504613 -404.5356193725317;158.6857870637671 80.13517369891274
500,9,6,GNNLXSSA,1693.683678492569,129727.0702046776,6.372284537500002,,2012,2046,9000,5590,100,0.0,1,-183.8343191194403 -358.05628533736933;330.85893062491624 -174.38725173648257;122.35324382810701 421.2515168255037;-291.1531398606542 -59.501525474481234;-394.8022091085652 241.0881375659373;19.728543323726353 -118.26859991456757;125.70812368126539 -416.7872872260107;228.02911985321924 126.65395604958577;-83.13728526072546 184.5379503099036
500,9,7,GNNLXSSA,1662.9779851176863,129757.77589805248,6.372284537500002,,1996,2046,9000,5590,100,0.0,1,-32.28119852969888 134.3298279413511;-340.4925408491807 194.74553368675865;-134.242431636805 431.4352989385939;69.40397498908361 -164.60441193932866;276.5292578417374 73.49903012753462;-137.31681698058102 -401.349591637143;171.43355370544393 -461.9138990857556;378.45484104590093 -224.79182045126439;174.35714125604457 370.7806882194916
500,9,8,GNNLXSSA,1351.5004720633879,130069.25341110678,6.372284537500002,,2014,2046,9000,5590,100,0.0,1,196.82329161628368 80.53744232459388;-491.70762942034736 8.507117378808244;335.24004992865406 -370.9624866900013;7.514386651261527 -451.5914945122441;-377.00388505126926 -328.43233708840177;-154.33666177535355 104.81335265570974;369.35370085983936 337.01306103349305;-266.42450643055423 423.1041379996433;53.44742782451185 450.63635616771904
500,9,9,GNNLXSSA,1697.5194195341319,129723.23446363604,6.372284537500002,,2007,2046,9000,5590,100,0.0,1,282.9129940286787 281.37854651913335;77.70418401839021 42.3290927522107;-438.3056609759886 -143.8248183818183;-25.892344940744646 338.20556125712505;-23.41351746357938 -496.08697047842713;-232.45928134910832 99.96857956800154;388.02204598506876 -14.20535207129876;179.45050332693228 -257.232845338905;-129.33919221704846 -199.6278578052669
500,9,10,GNNLXSSA,1695.8454011533322,129724.90848201684,6.372284537500002,,2005,2046,9000,5590,100,0.0,1,244.4007998592928 22.78644685995094;-274.26290535933515 -159.8869609295099;-376.3469950372507 141.20356948543565;-171.56475210831076 -460.38375677937444;346.8448745572854 -280.03159716316725;-66.59517048052894 81.70958929635907;-169.72639614909838 378.81414082660694;139.17361566938303 320.3270489538651;38.18374657156509 -220.75868942276003
500,9,11,GNNLXSSA,1570.3841393239709,129850.3697438462,6.372284537500002,,2000,2046,9000,5590,100,0.0,1,222.42031029870034 -320.2893773099818;-368.03240837274404 338.45551273078155;-118.38469459235671 -294.000768703022;424.13810314971977 -28.88663402713019;-232.05612051792312 55.366863930806424;-445.6211110352111 -226.76364875052792;90.8217045518933 28.65003509101185;267.07013046603697 289.73934560354206;-50.88775952193895 315.69192148332036
500,9,12,GNNLXSSA,1285.4915115323092,130135.26237163786,6.372284537500002,,2003,2046,9000,5590,100,0.0,1,-315.0891564668182 -325.60089712330335;409.94610263998993 282.1940496133186;398.5929240001768 -301.84982184024716;-287.85016882894394 408.26202982841164;-488.82159411220255 104.97273148680159;75.54906008853901 -399.44603899291513;-79.61340127902176 -58.516197913955914;255.27996846793044 7.28194997078346;68.040986927213 459.5244077871916
500,9,13,GNNLXSSA,1691.7040462381847,129729.04983693198,6.372284537500002,,2007,2046,9000,5590,100,0.0,1,-332.6000055034112 125.9037008815263;-126.5913394455418 -476.30584236226144;-125.34605814778227 363.1564987357064;-23.087725547496778 66.56036093821193;-229.80018969199426 -178.69491831906163;80.82797277898584 -238.7545443619272;392.09803683555987 -296.5522981532349;184.04352357060142 303.4113404720538;288.43525440435025 5.5601270299659395
500,9,14,GNNLXSSA,1696.5209747296758,129724.23290844049,6.372284537500002,,1997,2046,9000,5590,100,0.0,1,-276.742056183819 199.26435563515565;236.54554728792323 381.0763082183856;32.110466661420034 141.6849343127306;-174.12261945171286 -103.15952713484259;-70.18572251146473 -399.0431913589493;135.70625653626806 -159.32079049521607;-73.20639976123088 439.6705162292511;447.856117898776 -215.744694309362;341.6034045607936 85.07939957396736
500,9,15,GNNLXSSA,1636.042394819,129784.71148835117,6.372284537500002,,2006,2046,9000,5590,100,0.0,1,400.52706430371586 60.99872662754871;-15.388998913627137 419.7903464116586;-16.82275616463614 -421.97291100640285;89.8885883160646 121.52736981847973;191.8823976424095 -178.59683582217113;-328.55813067087985 -361.5925364758065;-431.3272263089177 -61.960384220275444;296.5059214563007 359.61114115633995;-121.09958097327232 -119.77425834287631
500,9,16,GNNLXSSA,1397.86249172542,130022.89139144475,6.372284537500002,,2006,2046,9000,5590,100,0.0,1,-339.10563726268276 -301.2668836974673;327.416594866884 194.72732392542406;-298.81330854360425 242.22872403604222;-476.5346772940651 -18.62351600039976;464.32552210187066 -89.52597973922664;151.3838103177597 -65.55879723031254;-162.17978077248947 -42.02046086107859;15.722833979369746 218.23611595116472;286.16947558390837 -349.7274568853164
500,9,17,GNNLXSSA,1462.7399616872426,129958.01392148293,6.372284537500002,,1997,2046,9000,5590,100,0.0,1,290.4792662749608 406.9665783136993;487.18567823218154 112.47272969679935;260.0962509389788 -249.219622722064;49.40287392051047 196.69568160881386;-433.98485146241853 -248.30857556907384;-106.46905138892019 488.53284546317195;-105.78468442765613 -229.40972710448776;-306.7542049192991 110.72977333717162;49.26304078847626 -497.56723446412036
500,9,18,GNNLXSSA,1296.9602283283602,130123.79365484181,6.372284537500002,,2006,2046,9000,5590,100,0.0,1,261.701426719606 -426.0370671287035;302.0903715812034 267.24640846313645;-352.0790945845217 355.0215643542564;-56.394188561822894 -440.99312600942415;-353.33650197712814 -353.7699181084324;-233.5066202406654 32.34672562520065;-7.641927333093569 378.96107056176993;478.05119513006224 -136.0917540096877;134.3911900599537 -47.851855751661134
500,9,19,GNNLXSSA,1703.1853813433554,129717.56850182681,6.372284537500002,,2010,2046,9000,5590,100,0.0,1,440.33958067097257 120.33303351373544;235.61624434706835 -119.70271236616509;27.409716649403798 476.3214465011794;-179.3471267113915 237.63333400465422;29.647573083154256 -357.96656916442424;131.0498821318575 176.2877179977881;-384.90689832941604 -1.3395791406744186;-281.51171475366493 -299.08876863333;-74.0898938570331 -61.11244346732158
500,9,20,GNNLXSSA,1672.2178510661906,129748.53603210398,6.372284537500002,,1999,2046,9000,5590,100,0.0,1,-75.80716957156015 -222.95497219982724;233.58334776148808 -281.0197526277473;-386.2784940347761 -162.79614615482114;-284.7002845636829 372.78960782920996;437.68985196621804 -39.81332048792786;-181.64820809500412 75.58932623381136;24.214864155385907 315.06090622201987;129.8649359841504 16.30772833220821;333.36874574374184 257.0635056700839
500,9,21,GNNLXSSA,1827.2970829349506,129593.45680023522,6.372284537500002,,2003,2046,9000,5590,100,0.0,1,29.949601206723585 344.812807487073;132.93109784230825 41.92422669495934;-280.3531742969665 403.2700034826148;31.29407669633819 -494.4803845594573;339.70108104963094 285.91405702344423;234.8938894004225 -256.66252240971164;-381.74088355703475 -136.24587523804632;-73.32123559176443 -196.8728327018658;441.56771260856226 -14.007291869316887
500,9,22,GNNLXSSA,1707.7389983347966,129713.01488483537,6.372284537500002,,2004,2046,9000,5590,100,0.0,1,-267.5513803732175 121.334111659092;41.18332912616003 62.18146282868305;-61.84792381648339 358.9718415579496;-61.391279477012276 -473.1240266275947;-473.16794098402596 -116.33746984559471;350.0575629893999 2.826565399280895;246.7018348453181 299.7908265260032;144.23593732890046 -235.57367077227195;-164.4499682644238 -176.32924767014242
500,9,23,GNNLXSSA,1599.234992404221,129821.51889076595,6.372284537500002,,2010,2046,9000,5590,100,0.0,1,383.6214927766089 66.74052202858205;-30.317910995153216 -416.0759641011958;-244.20879944090936 186.34744015623937;-448.90708756558763 -56.231823380737985;71.85011416982478 128.1707076615165;177.22328711600406 -177.1322336614417;-342.4953394748565 -359.11634676926946;-33.5934036975765 426.9112170899307;276.24004702550366 369.50570513891836
500,9,24,GNNLXSSA,1694.2544105737325,129726.49947259644,6.372284537500002,,2005,2046,9000,5590,100,0.0,1,-275.6787165593666 130.61856426897322;37.61303887261062 70.3960015100819;-65.23091690041143 371.7085197204794;139.10741602067318 -226.90446091812316;-168.06116995040648 -169.13641241544843;246.02678161418092 314.8527951879258;348.33084745447354 13.810419435789056;-63.69572584674803 -462.83039432671734;-480.1399150063835 -108.97991028082977
500,9,25,GNNLXSSA,1676.6283690655837,129744.12551410458,6.372284537500002,,2009,2046,9000,5590,100,0.0,1,-386.0624450046218 80.91515966336337;-77.234982146183 21.730975924359498;129.2411987497459 258.6350792577945;-283.6945363265538 -216.2701960011976;334.73481963523983 -337.0266346117214;438.8242456051377 198.93162591451969;25.64369581880537 -277.28613649213725;-179.4133334448438 318.3480085577806;230.74600486473443 -38.57325249960251
500,9,26,GNNLXSSA,1476.9088869195984,129943.84499625057,6.372284537500002,,1991,2046,9000,5590,100,0.0,1,82.88397320621998 381.7135813120796;7.510984232625379 -305.59685173645113;-275.0821633681187 401.6811918850459;-478.44241990300327 89.74419576405359;233.70308197393132 -12.412019123377993;-361.50164645567486 -275.8710196668186;420.59886579148497 270.3638180210443;-154.67940006454398 48.40382878015101;334.73322273180037 -308.1152268759257
500,9,27,GNNLXSSA,1766.055811099097,129654.69807207107,6.372284537500002,,2002,2046,9000,5590,100,0.0,1,163.6899171188389 -176.31053287459025;371.1176760539364 159.82688167762177;479.7308113326378 -136.50128351733713;-484.22418691026013 -124.60676923900022;222.99878426392706 446.0095647489195;-35.08214727910253 -469.93900675314796;-111.82927448853569 482.40540205098705;-299.4869373620903 214.34702047300425;-177.02036738723967 -147.0276513900674
500,9,28,GNNLXSSA,1640.9840673685248,129779.76981580164,6.372284537500002,,2007,2046,9000,5590,100,0.0,1,444.0524175803355 27.68377442028502;-74.46547548729414 -156.43162988802288;131.21710818987236 87.61612582557885;32.11204134331874 -452.81322751252014;337.77562908539375 328.4215405513278;-178.40039575194504 145.07278682199842;-385.91044582321007 -94.81296783461684;25.53036932794232 384.54120505500435;-280.6240007811507 -393.5089680004836
500,9,29,GNNLXSSA,1341.0713117594423,130079.68257141073,6.372284537500002,,2001,2046,9000,5590,100,0.0,1,47.93578959904194 191.9806478264989;-359.6179020588388 -288.4537307532328;153.7337381280164 -105.43197174882725;462.9860102644337 -161.88862044054608;-57.98879916390964 488.70167687307827;-50.08411250841663 -344.87056722843926;-261.43566547709946 248.5144995423723;-465.09136354194555 7.537672714957238;357.21333182488644 134.68423074333194
500,9,30,GNNLXSSA,1657.421990656192,129763.33189251398,6.372284537500002,,2009,2046,9000,5590,100,0.0,1,256.901095224919 423.8619946772174;157.03633246628624 -111.24417953964257;-258.26716572457815 243.32327556018117;259.8009897561787 -408.58328730698634;-153.8867730216582 -54.53443854710808;-461.9168303098093 5.678386614674884;51.47395872706419 185.3077888612441;-358.1895555862324 -292.83489753032353;-49.056401252880285 -351.07374587762564
750,9,1,GNNLXSSA,510.08224045141833,130910.67164271875,6.32141194756667,,2003,2046,9000,5590,100,0.0,1,-701.2251719451629 -253.47553916217498;-584.1517109223364 118.32237688281097;-354.010252926069 463.02270485036354;566.5830790720839 347.6671901859978;-336.5839450527644 -588.6993837482486;744.1552454990363 -56.06284632061102;236.71682616610798 586.2180038954087;-68.04792366087428 261.5665748997685;233.70917206282306 -608.9675122054623
750,9,2,GNNLXSSA,1023.6937346909835,130397.06014847918,6.32141194756667,,2005,2046,9000,5590,100,0.0,1,-206.3886946571867 -721.0388886837688;209.85754203375006 183.65621866663315;598.1040879854653 -176.54917653927606;-200.041154536479 -137.76925865331788;26.542883357623865 604.3754445029447;-73.70437461709535 -443.06539461192875;-520.659300864218 391.022809517888;-519.8544318240065 -409.74332963479077;389.090838754301 -480.8028947795619
750,9,3,GNNLXSSA,656.9129668906244,130763.84091627954,6.32141194756667,,2013,2046,9000,5590,100,0.0,1,207.6874553449606 -135.4807173027097;-79.25695143576253 624.2718513710616;-359.1547918560612 -63.779329255027804;364.3072098295497 214.2837850222586;617.0679749286411 -344.44144306651094;-642.2685136521405 -374.6839727006532;361.55826587416465 -657.0938845287811;-608.8098390404558 327.28169563621276;749.2590072962296 19.348695039958045
750,9,4,GNNLXSSA,540.7807093813753,130879.97317378879,6.32141194756667,,2013,2046,9000,5590,100,0.0,1,741.0266776258277 -67.13640488066461;526.124333496341 522.5952822666336;-187.77622639542042 272.66608003269056;-491.52844470011576 -557.0176467569485;-9.850101522878557 532.9409552825962;274.4864642945011 -491.5692002789784;-409.20404480065974 621.5138686868729;-616.7052861544252 -165.06298483445914;-3.065884246975022 -358.04506369270075
750,9,5,GNNLXSSA,674.506348717754,130746.24753445241,6.32141194756667,,2007,2046,9000,5590,100,0.0,1,457.1454329194266 310.4926177383292;-535.32245534688 -525.2803075259044;-259.7894032255201 385.17116813338396;438.59068693312673 -608.3871102725913;260.7335684355812 -351.7757428232293;-432.2201484231659 -224.160347291625;748.7814303060433 42.65961769820799;-44.377256469812586 722.456584861079;-724.8668071390284 -42.175639441056006
750,9,6,GNNLXSSA,697.4363555321615,130723.317527638,6.32141194756667,,2002,2046,9000,5590,100,0.0,1,174.9897404010838 336.0832430266186;-32.48708849927818 -431.0727425693798;342.1748315985816 -155.42439173679224;-650.4895295435848 305.02576566970754;-239.967194141978 53.17752407811109;452.8813798045839 149.0262810276281;-502.49912233425107 -140.16762677515766;-33.77557608675618 749.2387712919839;576.6676839459222 479.5355902250071
750,9,7,GNNLXSSA,518.1926577308477,130902.56122543932,6.32141194756667,,2002,2046,9000,5590,100,0.0,1,749.7676999449726 -18.665372196274166;-287.24510048688967 692.8132881565398;-405.55398971950103 -593.6904252391113;561.4529758485205 -497.2630650981838;-109.6390103164397 431.51873997343586;323.02480265342246 20.803649566680733;-298.09687788027867 -275.4640938483755;-657.1194649302549 -241.9878582856541;134.65530906743726 724.8559416617135
750,9,8,GNNLXSSA,504.9078977425379,130915.84598542763,6.32141194756667,,1999,2046,9000,5590,100,0.0,1,-508.5821554653361 525.655119263195;533.7449132796964 -2.324458375310941;-153.00331457533173 -556.7406819431363;82.66540150921372 -71.09935297071489;-151.0570020328289 454.7342998741034;-306.6864198905083 -50.35294909534204;-708.7848891206627 -245.19737137615496;308.5703689432833 469.85672347411224;284.8247427879876 -676.705923765872
750,9,9,GNNLXSSA,641.8022171985358,130778.95166597163,6.32141194756667,,1996,2046,9000,5590,100,0.0,1,-201.3183128518412 -472.7760557015529;749.7665888141545 18.606858142801315;185.6956361751142 -212.6156837909177;-681.9039670942047 -312.25792835338405;-632.1620285588766 403.5708921681432;-438.22050140958595 -97.24028713806264;567.4150687427442 -490.44372092988567;190.23555092547574 725.4723564878034;-209.74645136594893 479.3967661581949
750,9,10,GNNLXSSA,661.2002675339027,130759.55361563627,6.32141194756667,,2007,2046,9000,5590,100,0.0,1,-730.8506846255956 -168.39618992809207;240.430151092992 623.0146281577045;-655.4990134563883 364.44621405275996;560.973994897844 -496.1574996795189;242.11510695233588 -705.905743964824;-400.3268491728212 -1.697469840550596;735.1938659271515 148.29017848314777;3.034090620651218 251.55298312888104;-228.75735014325772 -610.4323003453158
750,9,11,GNNLXSSA,666.4682148090069,130754.28566836116,6.32141194756667,,2002,2046,9000,5590,100,0.0,1,-695.9937779634822 -277.75555449204074;465.8785012024979 296.9269258077442;-375.6999583822037 -649.1135882954227;114.57817358720926 -741.1962237743925;-377.6365285988998 195.44173237371928;-122.57199800072301 -159.4365738967891;284.72151953551213 -247.67005741641537;-125.5712038532644 739.4131948801305;645.3438555431115 -371.49470173609154
750,9,12,GNNLXSSA,819.8370103001798,130600.91687286999,6.32141194756667,,2010,2046,9000,5590,100,0.0,1,149.21950247671555 -190.27814987963217;710.3887649253129 240.51570149969072;-344.979026152338 251.4475445456374;-127.28830757569773 739.1195348213404;-723.9267933142676 187.70603121651877;-123.32887864942758 -426.4611290000627;21.840840657592103 221.55693210996614;361.92532111915506 241.84923253212838;304.3089529403337 -685.4896506588249
750,9,13,GNNLXSSA,674.9854218138207,130745.76846135635,6.32141194756667,,2007,2046,9000,5590,100,0.0,1,-230.71632585448185 -665.3714267625235;434.6991842100829 -506.28562494741504;509.00078573836043 204.2223934532712;-746.5943118902926 71.2528719401352;-262.50265061558025 628.8600074157254;-48.42007957558802 -75.0951120237835;155.86388997084288 532.5451509846494;-618.8955801920368 -341.8779026298824;728.7683866470055 -177.1820308996433
750,9,14,GNNLXSSA,961.5210871740564,130459.23279599611,6.32141194756667,,2003,2046,9000,5590,100,0.0,1,-76.62328747187098 -23.896994243861045;523.5283379893906 142.38526144456392;-223.36316356485426 -468.75062321505084;-512.0885369177561 128.150353294004;624.0528592560156 -151.18346846787355;24.68564694245615 477.1996031674769;411.705618529303 -626.8928875788615;-723.8279899041568 -196.38997009507892;386.07274950900893 592.933978759585
750,9,15,GNNLXSSA,853.0912426513241,130567.66264051884,6.32141194756667,,2009,2046,9000,5590,100,0.0,1,66.01543902370246 -356.28485097568813;-683.8958641779337 -307.87407646685216;-418.8144475414756 -604.2854294454714;626.7876107661459 405.2010563941037;183.62725087699496 -726.3236136221888;-627.9355859364483 183.75437371092298;-165.0268891538904 111.49078633893029;749.8053509608449 17.086125086869952;273.66696318114776 450.2934794973391
750,9,16,GNNLXSSA,683.1011983146891,130737.65268485548,6.32141194756667,,2006,2046,9000,5590,100,0.0,1,277.970907996645 350.6610525263639;-746.1816155291023 -44.59553575434822;275.181910697988 -522.0216085273516;682.7505582128728 309.43671763048906;-384.7480647331009 -643.7926115482637;6.2636004866757515 -98.56154511848273;511.58704115487325 -155.78324008304597;-357.6631621862824 532.3494607808894;-51.087986435593855 -748.2245033411632
750,9,17,GNNLXSSA,724.5144145435188,130696.23946862665,6.32141194756667,,2015,2046,9000,5590,100,0.0,1,-345.18892863729764 49.99457088400098;334.4297440299902 671.3097245743094;305.4428098738827 -240.3651874663769;-510.9958459284014 -548.9838298565063;715.0369677708153 205.54210321144174;-188.33989997559175 468.2526031807623;-714.6980919140184 193.75675904603014;-51.34054809090497 748.2407019948363;-495.69542184431106 538.8488325943376
750,9,18,GNNLXSSA,914.6932507096499,130506.06063246052,6.32141194756667,,2016,2046,9000,5590,100,0.0,1,-157.74488543581 -733.2233978255489;168.66678345707217 -522.986597184238;486.90592037803304 -570.4582585087365;-557.6713570622288 -352.0540510548216;243.68411887341776 360.7457389440319;347.35467242901757 664.7140223748329;-122.61292950352207 615.2321070334654;-688.5598294727964 -0.87808278453739;743.7784492850778 96.40341476879776
750,9,19,GNNLXSSA,790.6152106491791,130630.13867252099,6.32141194756667,,2005,2046,9000,5590,100,0.0,1,-185.764514061059 -327.67440846526273;425.53173635412156 -33.91472965291898;633.5732546741461 390.1643207450441;578.090441075594 -477.8190072891353;-477.85606211099963 -123.93002255087094;-747.9619276548397 26.266358716380367;25.891464620760626 268.30933378429387;749.0359756773177 24.879341786927096;210.85844219520607 -349.35533101150793
750,9,20,GNNLXSSA,763.5732209978014,130657.18066217237,6.32141194756667,,1997,2046,9000,5590,100,0.0,1,708.13737633798 -246.1780283194011;-679.584473783908 317.0786554934816;214.28805422020784 -126.99883161291234;-392.9311514351615 -476.739493588516;541.739028629435 363.1681699695792;311.6495366313842 682.0996140188263;-397.8005689668372 635.7190888691729;-140.86891447486965 406.15410676024175;-534.4713793894639 -179.51395384828513
750,9,21,GNNLXSSA,1128.7282325295382,130292.02565064063,6.32141194756667,,2009,2046,9000,5590,100,0.0,1,673.8326893991265 200.53929577895593;504.14118804909094 -424.32520081465907;236.43437342063277 375.634254115086;-441.49607591717637 -431.6271796949426;-519.7142706688794 431.8253064983966;-9.857658116490258 -450.67748313091437;-727.8673324893512 -171.71306946163287;-162.4078708010232 667.0660511790234;216.52626889130735 -704.7897283761139
750,9,22,GNNLXSSA,494.01273430496803,130926.7411488652,6.32141194756667,,2008,2046,9000,5590,100,0.0,1,116.30190001756998 -50.33050288604143;310.8655569573538 682.4350126064676;-68.04653083982427 -739.8361154546344;-745.5062946731589 81.29371411625905;483.7309375877402 347.21462717944576;344.35200871039547 -666.1513496494239;683.9541423527756 -307.64270759745847;-532.3789019985586 -528.1623431059912;-325.8925259983532 263.37793442382383
750,9,23,GNNLXSSA,558.0935644752462,130862.66031869492,6.32141194756667,,2001,2046,9000,5590,100,0.0,1,214.76426515777266 718.3896129931304;-354.0121735522055 300.8232909549671;244.32983944187424 -709.0843560573477;-711.8793837609217 235.6455794763594;546.5757382351496 -513.2344590505273;-457.72374653489493 594.0602116989256;-31.857966551155208 -112.38207278413397;-478.52766678113414 -529.5944279805507;694.1769914219076 -110.19579581799364
750,9,24,GNNLXSSA,666.3600528999523,130754.39383027022,6.32141194756667,,2015,2046,9000,5590,100,0.0,1,331.7337249982424 610.819194656827;743.8321315948433 -26.60584565372959;113.38699294530203 -721.7035973948979;115.46293250069705 109.74475039246123;-489.0349977262175 -491.30957445746606;-715.218341767707 -102.86833817303442;520.8713218035989 199.91368599342658;332.1050818352404 -459.3096967591933;-197.52898186903607 -698.5599929359405
750,9,25,GNNLXSSA,737.5279660031229,130683.22591716704,6.32141194756667,,2004,2046,9000,5590,100,0.0,1,-240.64626148052446 448.9608150738391;580.5740028319676 -474.7987228665073;423.4523031554353 62.26406558138477;-745.7665901626536 -79.57497694670552;-74.16814489724847 -17.716268892514915;210.61507470162508 -719.820318071412;-341.51863366224893 -391.6501529127712;687.4197888640614 299.92338001244445;169.31404188137012 730.6385941228356
750,9,26,GNNLXSSA,700.4073212360672,130720.3465619341,6.32141194756667,,2015,2046,9000,5590,100,0.0,1,401.32299728950704 -633.5350983384694;169.03653834937944 -166.456053192372;157.03221618614583 733.3747594428835;742.4698006386363 -103.37001106370008;-297.1989716234278 -231.51469883576414;-748.7760830343452 -41.979377101100276;625.6416274121127 252.74221078102423;-109.38996348070992 -741.958550596272;-507.1296410753564 -552.5568776288808
750,9,27,GNNLXSSA,1005.5234204097796,130415.23046276039,6.32141194756667,,2021,2046,9000,5590,100,0.0,1,-115.03674280101463 -478.86435221604665;-640.1532028668188 384.8217459404289;-11.565884096805627 515.7162546492362;538.6401538390247 254.44024452897526;-382.71729536973413 62.30483233005046;-383.1154124155139 -636.1019959854937;357.355289227038 -226.96358046996397;119.72452575456902 175.5560578047801;117.5217511062209 -680.8062947232888
750,9,28,GNNLXSSA,781.2734018287883,130639.48048134138,6.32141194756667,,1994,2046,9000,5590,100,0.0,1,-60.92915491935625 395.1415644811067;624.198247984069 415.78425561054934;-378.1071585453328 -53.86441443452513;87.01127182287524 -744.9355935755558;302.77367128458644 685.5391380379716;-551.0515168297685 -508.7653936733623;745.0882853045013 85.69391519821053;-741.7953696919465 110.63285905908968;-566.5545636989202 464.27208307708185
750,9,29,GNNLXSSA,819.6395120423258,130601.11437112784,6.32141194756667,,2021,2046,9000,5590,100,0.0,1,279.4194286627769 -455.2783790315404;505.2183266147113 94.02157685844756;-37.72148486927902 352.60625425722503;-352.80845387869016 -614.0381189799374;166.99210263889495 -122.86167020493029;-664.7711241651372 347.2453779047602;382.22334488664626 447.44805465142935;-484.10585973881734 -327.9069045804278;-17.955564313082792 -694.0419800607577
750,9,30,GNNLXSSA,551.1232544857776,130869.63062868439,6.32141194756667,,2000,2046,9000,5590,100,0.0,1,471.4274357180639 461.4884983941469;5.246778116643315 601.6464543666985;-748.7849784008268 42.673834152478065;410.0429843017894 -627.9846741958617;-189.44837568312775 55.555987094812615;-511.69541015440234 548.328769197944;264.0032064190828 -238.2025574322896;18.19626058474977 -749.7792315746896;703.7313678502766 259.2537725236567
500,8,1,GNNLXSSA,1133.221065820806,115685.22683033044,5.158289927166667,,1944,1982,9000,5590,100,0.0,1,-13.218528364071698 235.7239862405278;120.24592784458409 -209.14278245648995;324.58501658508055 148.66331913792516;445.71432109075147 -218.12728230576909;-70.89383017192746 -494.5992280769809;-355.6258986928839 259.59027250827216;199.52168733191596 458.4559788480616;-488.9033884022192 -95.14497196068169
500,8,2,GNNLXSSA,868.2138062001904,115950.23408995106,5.158289927166667,,1944,1982,9000,5590,100,0.0,1,-340.59030450405567 133.43602242838412;-142.2814967954825 -462.95201408285845;320.1057567571837 384.09934195584185;138.5388244221887 -16.19353567772088;-26.99560657539414 499.2707053549472;472.63354116744887 -24.494658852759315;-475.4469623233843 -151.95509847746484;277.82094960746997 -415.7108610070269
500,8,3,GNNLXSSA,1227.6248211607744,115590.82307499048,5.158289927166667,,1931,1982,9000,5590,100,0.0,1,56.777428837134664 331.3006717421415;-259.6814735043283 354.9980895921038;-436.30223629752805 91.49456602348585;14.130543351221386 -216.9344871574445;-124.42645510516338 68.75037460902112;371.83394487256663 305.5158979479923;326.9640718556329 -240.37731458087958;193.74835433162767 41.68683553560354
500,8,4,GNNLXSSA,1495.195812671329,115323.25208347992,5.158289927166667,,1944,1982,9000,5590,100,0.0,1,-71.46690423763233 371.1908243757782;-175.54360157283892 70.21288815029743;-485.38811526468174 13.278159642628868;29.297369759017812 -165.60601557180564;135.22699201719288 131.79898667037958;341.0745380205925 -105.24005040235448;-380.0287099304872 311.77371141047354;443.93770428935244 192.11966677861628
500,8,5,GNNLXSSA,980.8717683813593,115837.57612776989,5.158289927166667,,1945,1982,9000,5590,100,0.0,1,482.1658000540803 104.33914427096053;304.65941597549744 -155.73689653932436;-8.632475328678709 -131.92743336428939;-321.9201606207963 -108.04099849833449;-144.68968432694754 151.5675122044271;168.6251900059761 127.91794889937636;-457.9351913952461 175.3427571843798;-185.81796289340878 -391.3667221423205
500,8,6,GNNLXSSA,1404.3482010937296,115414.09969505752,5.158289927166667,,1940,1982,9000,5590,100,0.0,1,-40.39294224135251 110.21784152595197;-352.89182564390853 168.5539818187077;162.33823292831673 353.8006073193256;-137.34537813818588 -444.3991035873072;-246.96542918839728 -138.57016446322498;271.2386689054191 37.39565161846345;372.0244454061459 -256.2548453823676;63.65232060260931 -200.2916246390645
500,8,7,GNNLXSSA,1261.065611410886,115557.38228474036,5.158289927166667,,1937,1982,9000,5590,100,0.0,1,174.6416857941581 431.4523235928904;-9.887657374710844 165.72228253015578;317.4764345135078 141.14392386758158;461.77402191299257 -155.37239292145364;136.45153543485512 -132.20554908448315;-41.9999934616371 -400.40552151372077;-195.57693718777384 -102.63639229179789;-332.7390102212185 188.42734525596504
500,8,8,GNNLXSSA,1278.4563140409155,115539.99158211034,5.158289927166667,,1942,1982,9000,5590,100,0.0,1,-183.26425337860937 330.25718836941127;331.77037747992745 -325.58686948848174;125.67949061903342 271.5263555195537;-81.20435852983123 29.760459132574372;228.24762054105858 -29.800967856936943;22.24772901793224 -268.07301890138046;-392.79183879217703 91.35290856783621;-288.2356732094337 -208.18382448248153
500,8,9,GNNLXSSA,1273.0745466163935,115545.37334953486,5.158289927166667,,1944,1982,9000,5590,100,0.0,1,-6.5197818497399185 111.3484891074378;200.2530861009956 355.42544850531556;100.44227764249369 -187.3519326868173;-211.1756403631874 -128.07568084056703;305.27136742450034 54.68276964035858;408.5739018744364 -243.84195139968205;-316.4875256734556 170.26565896725936;-111.84848194352116 412.75399449837
500,8,10,GNNLXSSA,691.3540504624543,116127.0938456888,5.158289927166667,,1951,1982,9000,5590,100,0.0,1,191.31754690330632 -122.32801657164926;-163.58817126835385 -113.57364119783324;330.5805395523585 275.6269933468146;495.91857920675545 -62.64529139865432;-499.7033584882655 -14.016224616821663;-314.7522345788072 -388.2481204893246;-317.13039472862454 386.3658171473077;-9.209968925642325 398.3730225680646
500,8,11,GNNLXSSA,960.0376781534287,115858.41021799782,5.158289927166667,,1940,1982,9000,5590,100,0.0,1,323.4854663725499 242.49328151289237;-39.73769783907357 -292.3880159094287;6.8842913164349895 268.51055582954757;-499.36742988870486 25.093077069568082;-177.08055277750202 -2.952906064488088;145.60852428409584 -24.43028105171806;-316.33293494880235 289.7134315010264;459.654752700073 -47.29165943031764
500,8,12,GNNLXSSA,1371.2401790208824,115447.20771713037,5.158289927166667,,1941,1982,9000,5590,100,0.0,1,350.57916086788646 256.36981922001166;-433.98553153268017 -248.2978058697853;-375.09217248972016 328.41534065088024;-264.06387664868646 14.126200255864255;-142.73268341266564 -348.6128645087566;320.90792458809517 -383.42268527148053;-57.37767973351065 307.7621637802648;492.59295417911545 -85.67925151548795
500,8,13,GNNLXSSA,927.5162640625058,115890.93163208874,5.158289927166667,,1942,1982,9000,5590,100,0.0,1,64.94703159934811 -434.0339435039457;-344.65417753187114 -75.37638680269427;-37.10058744995759 -136.1253409821967;-447.69698674326014 222.62375288575106;481.4837235552688 45.28944481449297;275.15258570305156 -193.93073765663712;69.95170043606853 400.76514751160585;-138.61644372202335 162.30149916189438
500,8,14,GNNLXSSA,783.0560202217603,116035.39187592949,5.158289927166667,,1936,1982,9000,5590,100,0.0,1,493.60258097453556 -2.2855570239550147;-53.36191377750401 -476.97621652995645;-486.1310554106872 75.56974412539418;-350.69937563890875 356.33055809791756;-196.81643113639987 -34.05497163227712;277.81797781864947 -415.712847048003;322.6798215645155 381.3040640019641;-43.650943895081596 406.24557902598787
500,8,15,GNNLXSSA,902.6124508976791,115915.83544525357,5.158289927166667,,1948,1982,9000,5590,100,0.0,1,-131.2103029368673 433.8230492517559;-481.9015203266658 -74.96876198745353;462.65402491791895 71.17373422802474;327.21265364036657 378.0633270996136;-16.633664883407054 147.92762213833322;139.30915445614477 -333.81883841456397;-381.3159089013636 216.1438210559424;-214.5431146031365 -262.335345061415
500,8,16,GNNLXSSA,923.1934078640625,115895.25448828719,5.158289927166667,,1947,1982,9000,5590,100,0.0,1,161.97025611661255 -80.9718166969146;-476.3353433396084 11.260873756904092;42.849171203936855 291.60152097487713;-287.25410420289865 318.9502614202336;-167.526998979502 -13.908483867951226;-16.421228557164778 -343.5003842934289;353.40226862472457 300.93601629399717;487.05108257461563 -60.75166495463863
500,8,17,GNNLXSSA,1187.8918365022255,115630.55605964902,5.158289927166667,,1947,1982,9000,5590,100,0.0,1,331.3724619745256 -133.04684311333145;-83.14639782469557 230.33139334084032;124.93083875247682 -371.294978187314;-186.64585592258788 -311.88574303022915;-392.7435691808533 290.4550497426746;224.68008103839696 170.27003455430082;122.96856122487479 467.07534046012114;-291.0943958424774 -8.659082518795074
500,8,18,GNNLXSSA,1251.9646527555014,115566.48324339575,5.158289927166667,,1949,1982,9000,5590,100,0.0,1,137.61932998425672 -192.9329687655866;-68.15087369130829 -431.1241894257535;343.7066125933808 51.69879518354133;-483.0743089340674 -75.42145628493633;-72.86308244730279 406.42128872286577;33.33060070991882 110.21006014241331;-172.69561938929954 -133.890431378226;-277.2098011794062 167.76321925483387
500,8,19,GNNLXSSA,1010.5025808794599,115807.94531527179,5.158289927166667,,1947,1982,9000,5590,100,0.0,1,-281.4735425147453 -344.56745961458233;55.93042070567175 -406.62617821632546;408.8806818516139 287.7659408757616;-103.77674717748556 66.53935630350267;-438.94391449041643 125.84747837202444;-212.62000966182947 390.4537960283971;236.36430581454906 31.27943391453134;358.45231794629365 -348.5725836012745
500,8,20,GNNLXSSA,1442.5830464406754,115375.86484971058,5.158289927166667,,1939,1982,9000,5590,100,0.0,1,-141.2281126773613 437.87432271422705;165.54041479903398 378.8358836042478;-39.00404326986256 137.27254715018546;166.30105765065758 -458.5293027202001;-348.3516458264808 196.32742688359087;-143.03457544982433 -402.08155456746135;268.6903165103878 79.64939187921082;-244.60030439103826 -103.52330135382354
500,8,21,GNNLXSSA,1147.4069237075455,115671.0409724437,5.158289927166667,,1941,1982,9000,5590,100,0.0,1,70.92430613898223 325.498968449054;493.7507966818938 -77.58065404793064;-66.04570835362316 -314.98772438335106;374.30296534458466 266.6395874511336;-368.64496004538853 -255.8842951731831;-490.0257116065639 99.17431920484552;-289.9635521539575 391.85356315745554;310.59352047234984 -342.7289414296645
500,8,22,GNNLXSSA,1146.1711335799191,115672.27676257133,5.158289927166667,,1948,1982,9000,5590,100,0.0,1,99.31022186041658 -222.79878618048144;245.77033353001693 186.18050783892423;-87.59880964310231 162.83740356811515;140.76009838268084 479.7776513170429;407.5242292000319 -273.3178178246933;-104.66278838677611 -483.10882985710043;-390.1458780066522 312.70784108240457;-253.39597345468863 -154.5814313495324
500,8,23,GNNLXSSA,1168.9283606048557,115649.5195355464,5.158289927166667,,1936,1982,9000,5590,100,0.0,1,-310.54047044079306 240.38522566174245;332.86980924021054 121.12840106919921;-369.60773849114804 -336.68882951489553;-499.60533313227955 -19.30502772124222;112.93040682169733 -138.23752121339254;-197.47917500822206 -81.1470077792068;446.96928364917517 -187.09417023360425;-73.60286223450645 -422.41249131938577
500,8,24,GNNLXSSA,1262.324711602152,115556.1231845491,5.158289927166667,,1938,1982,9000,5590,100,0.0,1,158.78896126664915 -310.6432920464218;366.0123230175332 -71.87956712881773;261.0311515366178 233.76781066454373;-462.9143502765204 -188.5245330191745;54.39093256579056 -10.370134769317097;-257.156097093028 51.68719942236144;-49.706838107225785 291.0904502148342;-152.37521845549114 -250.18384113422164
500,8,25,GNNLXSSA,1610.0556557625823,115208.39224038867,5.158289927166667,,1939,1982,9000,5590,100,0.0,1,-81.9455185480519 493.23922389636743;-339.37177847105795 127.66745580761248;83.42635728142218 123.50585498010922;45.73125145228161 -497.902344666584;407.6942793148755 124.51283329892328;218.28574147606176 -161.8036592371115;222.7359133708302 447.64797876776123;-468.2444985545208 -175.3484803852754
500,8,26,GNNLXSSA,1340.690653046011,115477.75724310524,5.158289927166667,,1938,1982,9000,5590,100,0.0,1,-475.9419993621935 -141.09713646750998;286.30085820277134 409.50309564792707;43.988563960566474 -495.72603018751147;287.6261129784609 -305.4571769658977;-264.88233871388485 -423.83161073485564;-8.180080782094988 499.8650599642389;494.04439367661536 75.3184854958766;-191.52399094988078 252.26431122418268
500,8,27,GNNLXSSA,955.4046701608167,115863.04322599043,5.158289927166667,,1933,1982,9000,5590,100,0.0,1,140.2044814888573 12.27126318387003;278.1333721772216 -272.30045100099795;4.691667490893221 299.11212389421775;-487.35670778840137 58.238509561699864;-310.7597995935511 322.72063624106573;-349.85359435378496 -224.95529943539145;-174.98708574378918 35.627974418226835;453.5701352131217 -13.471881968664956
500,8,28,GNNLXSSA,983.3974389890209,115835.05045716223,5.158289927166667,,1940,1982,9000,5590,100,0.0,1,-464.22249469986485 79.76755706313607;-359.7330818902348 -218.0383602834118;156.0133290850405 -41.14492249063292;-49.6477437172816 -279.32408341291483;49.52015815190303 258.0197298822181;-155.50833011170945 20.7993094712151;361.2339189756884 196.77397129900055;465.3120255876263 -102.12901455229482
500,8,29,GNNLXSSA,1035.6153467890545,115782.8325493622,5.158289927166667,,1944,1982,9000,5590,100,0.0,1,-494.92086940699267 -71.08679923464348;-23.590791061050524 285.24466711429;424.78984230731584 160.6845188137133;245.62166189763866 435.48821878474587;-335.3288257011897 -370.872006789667;207.6754817173452 -250.54074144483033;-337.577257504465 355.3766037409285;-186.61345048873295 -70.01434791589388
500,8,30,GNNLXSSA,1642.076682136627,115176.37121401462,5.158289927166667,,1939,1982,9000,5590,100,0.0,1,369.17242650788177 240.2481612572752;-338.6588110011942 -367.845361165881;-263.0911667055101 261.7788817793996;-9.012037025925318 -211.1752323681053;488.9388983232197 -104.5883653492297;107.92428580726656 474.2524066110752;-489.9897884241005 -99.54882377318108;291.73555187419555 -406.06694986499275
750,8,1,GNNLXSSA,647.1302969196113,116171.31759923164,5.188663871699998,,1937,1982,9000,5590,100,0.0,1,241.5548308989521 -83.34494345219254;-436.9757787684356 34.21653527574212;-749.9361206252925 9.788512731090995;-253.1277647449697 -540.9714322424114;473.1956482281743 -581.881326816661;-39.952201355603414 714.6784095939988;587.8897520618928 97.49597991033002;-634.8724354297422 371.01511732784496
750,8,2,GNNLXSSA,612.2423482727318,116206.20554787852,5.188663871699998,,1937,1982,9000,5590,100,0.0,1,-482.18718490241196 422.40872594776226;-167.6127284917376 -731.0307086205454;348.794191566429 248.22128968128598;-140.1952944113736 736.7800906671082;503.51680246819365 555.851377827371;600.4868008711705 -449.3491589965078;-731.73284415023 -164.51482822092046;-475.8706961002814 -579.6953875123065
750,8,3,GNNLXSSA,466.76298932221835,116351.68490682903,5.188663871699998,,1948,1982,9000,5590,100,0.0,1,227.56150950718288 -525.9753031382058;0.07112649933778453 374.0787339908586;-257.95894702004244 -228.7322514736277;-461.5209129642002 522.8132295448916;592.4458517894506 -459.8998942133738;-692.7102555662259 3.9878993553773796;313.4121590790374 351.8167989918549;724.5639469195336 -36.57594911949987
750,8,4,GNNLXSSA,513.8038765095698,116304.64401964168,5.188663871699998,,1940,1982,9000,5590,100,0.0,1,734.3969650069005 152.18770577367044;414.35615415424564 111.33280544903334;-498.5335914530426 296.07103541645307;-238.72790477660965 -651.702147662834;126.07233628348546 701.3415676048801;-670.5089026242858 -336.0324560240809;575.9725823521626 -417.1585999620787;16.362320602943562 -191.31462200932484
750,8,5,GNNLXSSA,445.2882862481929,116373.15960990306,5.188663871699998,,1939,1982,9000,5590,100,0.0,1,-513.7162055584738 546.4385851560014;-102.98625341339918 -81.52043367206143;115.46383116451862 640.432050718573;-246.8377777286817 -543.2847862007173;618.7290663292785 -7.75665981011986;418.05608249577705 435.7480599890816;-715.586359402808 -224.5799684669926;387.105517061642 -446.19918593221945
750,8,6,GNNLXSSA,554.1323657369503,116264.3155304143,5.188663871699998,,1942,1982,9000,5590,100,0.0,1,-35.91438899660448 749.1395312195575;122.01949606084378 -662.3753759078551;-241.28910750611172 136.25986751481585;461.35677088964167 -591.3120239182338;-586.005614890398 -467.7091833382258;-481.9172073914395 574.6783558454061;748.5661947353317 -46.35290735092691;477.47407421277717 547.818653000758
750,8,7,GNNLXSSA,455.83791041656514,116362.60998573469,5.188663871699998,,1942,1982,9000,5590,100,0.0,1,-223.77029956677328 485.0013874656293;-745.1207636473697 85.40144615013178;511.92895536013543 543.0307112308402;-624.3564313296981 -279.2234398965294;-39.43419051844483 748.9622031280599;-213.30972650223697 -719.0262377790253;317.6176705651113 -679.4203343290715;715.3447530298715 225.33789230430457
750,8,8,GNNLXSSA,458.60068531995057,116359.8472108313,5.188663871699998,,1941,1982,9000,5590,100,0.0,1,233.00854896101444 -239.93914401703395;23.299253368323956 435.2093974226576;-497.45728647274416 -561.2808994925572;-714.4341364822712 51.88142209459913;682.1815117156733 311.6542717071572;362.3277400052641 -632.430280175569;-112.56239094705377 713.0329710042071;-144.58463918038439 -636.3545205976095
750,8,9,GNNLXSSA,457.3406971419463,116361.1071990093,5.188663871699998,,1935,1982,9000,5590,100,0.0,1,630.2924226691418 -393.9174623441837;-313.30299236032977 -437.41255978840724;-684.8503758480717 -305.62915162766654;-98.57108040804087 398.7588646838442;135.38585056250184 -215.1031300749845;317.13341901688955 447.9644669552726;-481.8211486514305 -72.60999632006661;121.35011823772746 740.113368318995
750,8,10,GNNLXSSA,358.49284709914355,116459.9550490521,5.188663871699998,,1945,1982,9000,5590,100,0.0,1,-34.42536632000578 749.2095128558722;516.96495185173 -530.9290813098794;-749.4081613174058 11.223660958276856;-312.9083170064341 286.0828284136873;-525.4332828225923 -535.182086118616;355.74958926044286 -112.97050922745792;-51.66368094053844 -442.21685640663264;183.98102360416158 495.6524324703909
750,8,11,GNNLXSSA,383.66755345411366,116434.78034269714,5.188663871699998,,1951,1982,9000,5590,100,0.0,1,209.40012012688106 -342.80804426356474;-625.9184021242189 -413.1902151337378;556.2090251047466 503.1217749134172;-627.166349600757 351.84728063374604;-249.7859172011729 700.7558990356162;-330.8876602986197 -673.062668896519;223.17121094387 716.026962205926;736.7520456757884 140.34394604877338
750,8,12,GNNLXSSA,510.8407514216233,116307.60714472963,5.188663871699998,,1936,1982,9000,5590,100,0.0,1,-346.8392438625615 207.27335097693717;178.6036477382241 728.4123441820585;-439.0349017697655 -608.0410254356584;-580.5917242840657 -318.6475794355907;-47.475154445798125 -119.82746346676625;445.6951205088854 286.85372863021064;-733.5529331634422 156.17979171076206;629.8254601325297 -407.19930540342307
750,8,13,GNNLXSSA,375.3757502028893,116443.07214594836,5.188663871699998,,1942,1982,9000,5590,100,0.0,1,-529.5484359623366 -324.46717863004557;-724.0041940230441 195.7496539895849;-270.964569226283 374.78806193713854;-0.8938982079239255 -401.9276885858463;421.82289728491844 187.7425674171868;749.5504745036283 25.963169517331668;589.5678362977006 -327.2822830885178;-3.193626631797674 596.0464595065315
750,8,14,GNNLXSSA,316.8288629663002,116501.61903318495,5.188663871699998,,1942,1982,9000,5590,100,0.0,1,348.6367167676316 -653.9005132194669;-460.8264588125531 525.8505352539996;-18.556980758735886 -683.2170314732908;-746.4023615589108 73.36895086014209;-442.1217686196787 -595.390928190501;499.1097275202344 559.8114848092561;-10.699630010742236 609.6401244326257;737.2365121435871 -137.77635922885486
750,8,15,GNNLXSSA,473.21786356015946,116345.23003259109,5.188663871699998,,1953,1982,9000,5590,100,0.0,1,-243.25873706561478 295.14268124775435;29.11694893588665 -443.4060501971605;480.00213029281315 204.9274885111068;-430.14998478115626 -303.61535052935875;474.4761891213974 -580.8376244328839;-235.10639868874642 -712.1972909914838;-681.3790977322135 219.5455269483257;711.9764269910506 -4.226457747696917
750,8,16,GNNLXSSA,555.1325448099524,116263.3153513413,5.188663871699998,,1939,1982,9000,5590,100,0.0,1,-408.57468199294385 98.6056425410656;-148.93407050902655 -329.9243189745696;-700.9362003435517 199.710744895098;227.4448858033198 -629.960471394999;21.772620280815538 125.5255683946672;635.8052917250595 19.27762583025533;380.92997287923544 411.88062761588503;-538.1758714445946 522.3664723112034
750,8,17,GNNLXSSA,350.461511232832,116467.98638491842,5.188663871699998,,1944,1982,9000,5590,100,0.0,1,-281.14303418951124 540.7682233295731;87.62567762468133 706.5780010770186;495.95118858183184 562.6121386392833;-273.9492652064559 -693.88388739394;701.4425554851558 -210.49959383642246;-523.3060484350203 -399.9365702857197;306.28922973651953 272.1583218138894;85.7169290822037 -555.3413845074283
750,8,18,GNNLXSSA,403.5487027898489,116414.8991933614,5.188663871699998,,1934,1982,9000,5590,100,0.0,1,314.7549725752395 -136.86894273147448;-371.81956376249633 -40.27685435756431;-30.23509920369502 398.7790190519682;-177.83862391671786 698.6717860462982;747.5222521344098 -60.91373050388446;451.42855304644206 -598.9259232112062;559.2699139136572 499.7170833491791;-477.08515769627064 -353.9284915490769
750,8,19,GNNLXSSA,586.3264987905277,116232.12139736072,5.188663871699998,,1942,1982,9000,5590,100,0.0,1,-330.40951518298664 673.297428130713;519.9913117646001 329.63230402083263;25.776711706705584 639.1528986892006;-316.1304470395163 -680.1187166205725;-171.54140085023488 138.11820754668577;-518.6684692583874 -447.5056956288347;709.5902858159752 -242.8610008034262;-747.9719576437102 53.164757646853225
750,8,20,GNNLXSSA,807.4899264499545,116010.9579697013,5.188663871699998,,1926,1982,9000,5590,100,0.0,1,78.20438983691855 343.3093516008722;-747.4695524310417 -55.176732109131365;81.45042292758609 -461.6489602523676;-459.69344446340415 -308.32585165452264;-110.66233416071937 -741.6814109244488;448.2369404568607 46.622099568523886;730.4148095459273 170.2258569233967;455.98813063856414 595.2988053721239
750,8,21,GNNLXSSA,362.23446515618707,116456.21343099506,5.188663871699998,,1946,1982,9000,5590,100,0.0,1,-105.76579434523602 498.6368607801587;276.22419229099677 -289.36316379323165;734.9762373330688 102.23259714571395;431.98406382847577 -613.0784127892058;-529.9150281477752 -499.5867835621718;-75.5943080105023 -728.5125976383882;-718.4981910743043 215.06436648901422;-356.5933426855818 -126.98205002781852
750,8,22,GNNLXSSA,409.34101488706074,116409.10688126419,5.188663871699998,,1944,1982,9000,5590,100,0.0,1,-88.46812157387457 -80.26481012901144;-354.4139812976827 304.77298893020964;427.90402425502396 160.18971758153006;-674.157488711246 328.65130520742844;220.73774034397834 -643.9859035133811;254.7644286556353 668.4116828221645;613.5902666485174 431.2852706436904;-518.1587779670232 -225.6365755267313
750,8,23,GNNLXSSA,362.63894023781177,116455.80895591344,5.188663871699998,,1944,1982,9000,5590,100,0.0,1,48.867388849746916 748.4062922684493;-194.56571022582324 -229.26824722895446;-487.7112327061974 458.7203259724143;589.7917684650415 -195.69415594081346;373.05105056980733 515.0551440766851;-341.7350200513213 81.3990973687369;26.096330902683004 -749.5458501742356;723.3235124300232 198.2500854120725
750,8,24,GNNLXSSA,700.3590027574683,116118.08889339378,5.188663871699998,,1944,1982,9000,5590,100,0.0,1,674.610646256775 -310.3821765023243;321.481222336889 -677.6015857536134;-664.8603181251153 347.06630020755773;354.8976682858536 635.3765191604609;-718.6176355479868 -214.6762476485515;-162.41101807206545 38.13338271905714;504.4186102512536 313.4668649391118;-358.33307292198504 -476.118679578027
750,8,25,GNNLXSSA,754.8253069284547,116063.6225892228,5.188663871699998,,1934,1982,9000,5590,100,0.0,1,698.0044127755309 192.25859783960058;72.13887193868678 -352.1371195348707;-745.197881200568 69.24230785410958;-398.2913704235533 -600.6868295573944;-245.68446611002722 708.6177066488733;-252.1905603602279 -116.50723167856441;375.06701559639066 -248.96754230843092;-129.01177652718755 423.4628227795085
750,8,26,GNNLXSSA,575.1655368978682,116243.28235925338,5.188663871699998,,1942,1982,9000,5590,100,0.0,1,177.7356129805773 35.444929196324416;-38.6137926386545 -749.0053237581552;-743.6396541028952 97.46827609907963;415.71344018070175 421.02381051437635;625.0346037531511 -315.81108926289113;220.32555739314972 716.907698912069;-281.0144938030619 -479.38449444651417;-438.64045411975667 -53.50103948191936
750,8,27,GNNLXSSA,542.5525918667263,116275.89530428452,5.188663871699998,,1943,1982,9000,5590,100,0.0,1,-293.9365675208903 689.9968110189634;98.29761676440673 -382.057238483601;209.97447772205174 -720.0056961701514;547.6248819567506 2.775812968443619;-544.685650940812 -9.269767035037566;-275.5365163245821 -697.552009986702;-122.42065078033743 119.64423117388077;-687.9647655296168 -298.64945492172444
750,8,28,GNNLXSSA,526.5046429311624,116291.94325322009,5.188663871699998,,1936,1982,9000,5590,100,0.0,1,417.20321882925316 -67.75170161489476;558.8328483961828 -500.2058051976295;-1.0636737015591307 -749.9992457317918;-722.4535146396088 165.6923845878146;-547.9032694171202 512.1542808197844;-300.72794204278705 -483.5669343287994;-291.57573592708826 230.83993565449435;31.647436379624395 610.6435253909035
750,8,29,GNNLXSSA,559.7852071872476,116258.662688964,5.188663871699998,,1933,1982,9000,5590,100,0.0,1,-243.09557808831906 -70.9847618407324;-38.33855817371653 -723.9839937341312;597.8852015994083 -443.39330360298356;-731.0482709118077 -167.53597687992033;745.9687870953439 77.64200904830345;-241.36147404727961 686.7000341147966;-456.31172703648417 -563.2936375654617;604.000137281123 444.6128990373189
750,8,30,GNNLXSSA,414.9985389429203,116403.44935720833,5.188663871699998,,1947,1982,9000,5590,100,0.0,1,172.61026842609655 -625.0889520447992;-292.4726994816044 -690.6227045630219;588.6527042423364 -464.135996616027;-8.853731225988339 -57.83764286271728;-614.0436709007614 426.2406832424603;307.00503431568137 684.2864231481049;-211.28420609288145 719.624196546851;746.2678881146951 20.848990462188556
500,7,1,GNNLXSSA,647.3948643962649,101568.74704473608,3.9060510677333315,,1877,1918,9000,5590,100,0.0,1,490.1584905950099 -98.48638211930542;-294.91067582156785 256.5415806497798;219.2009288471394 429.8904441810525;-299.15417944209605 -400.6324198867651;219.1126711814762 -419.7791788089243;-482.2408817347778 -132.0743532175166;78.23540700520941 58.198827363732725
500,7,2,GNNLXSSA,901.8721793846198,101314.26972974773,3.9060510677333315,,1879,1918,9000,5590,100,0.0,1,-302.94432008931915 397.7747338954802;337.85347709932154 368.5851706348184;13.550062773815975 -49.060644387337476;-148.10661067817307 -477.56091954160576;212.96437883601024 -452.3783519875728;-495.1049321029313 -69.79331062037235;496.9190772653145 55.42048944017344
500,7,3,GNNLXSSA,482.739821218478,101733.40208791387,3.9060510677333315,,1881,1918,9000,5590,100,0.0,1,-145.8379430069614 478.25793420212506;283.35950186693617 411.9555712716139;480.9403191761444 -136.73481411384725;-156.329939297421 -474.93257424529713;-497.6509134401679 48.410415740483295;25.71257749308941 -72.3260240091161;203.82125004471212 -456.5706789626102
500,7,4,GNNLXSSA,548.4841531831917,101667.65775594916,3.9060510677333315,,1878,1918,9000,5590,100,0.0,1,499.6174725877392 19.554566858911013;209.25294953992807 -363.3465503174321;-474.1208630076685 29.704551908151522;-144.4126007375258 -478.6909240295077;84.08782737132414 3.6862556548660885;-135.32875321712356 481.3378528151498;329.9607072728318 375.6673151287087
500,7,5,GNNLXSSA,1000.437075339185,101215.70483379316,3.9060510677333315,,1875,1918,9000,5590,100,0.0,1,64.22996400538727 -148.26421735771657;226.67159503102457 -435.5264420231872;-135.09847269570858 -457.8628968577135;-340.22557776690104 335.09136961937014;488.44334977718984 82.36914075904417;121.53704867460137 484.9675417929297;-499.6232852625511 -16.96735577245659
500,7,6,GNNLXSSA,566.718092011055,101649.4238171213,3.9060510677333315,,1887,1918,9000,5590,100,0.0,1,-219.89599571317845 -449.0468047352427;133.77775198446975 -227.36289185914873;-116.28442311683145 486.2845642347775;442.18224774356077 45.16369482147728;319.803667432841 384.3450426343787;-497.8053146906008 46.60464714640817;15.380917320151452 129.07627993533197
500,7,7,GNNLXSSA,604.1109389804042,101612.03097015194,3.9060510677333315,,1876,1918,9000,5590,100,0.0,1,131.3170873437235 473.4388896204605;-164.76547638600186 92.4024935483219;-346.20091446804565 360.75604890491985;-385.07598302303285 -318.93022324459133;123.64981329963359 -484.4695281139627;439.7767975914643 104.98917621018974;-499.20228251787603 28.232625257716574
500,7,8,GNNLXSSA,523.7628995578707,101692.37900957448,3.9060510677333315,,1878,1918,9000,5590,100,0.0,1,-261.82740138516436 424.6767563553475;149.64667709552617 -380.9814263143399;-253.87464433145368 -424.29159641325776;3.488717855828263 -72.69468730774094;-475.0790272447038 14.37500862481974;246.4879300658346 434.9806916337315;418.88015708383546 -88.02873611492313
500,7,9,GNNLXSSA,526.6123317645106,101689.52957736784,3.9060510677333315,,1875,1918,9000,5590,100,0.0,1,-497.6071829575625 -48.85787008291398;224.73912897890608 -446.64563571785027;-85.92453245074744 39.315657262610785;-216.52307217549125 450.68587643245155;-259.8872387402971 -427.15175656895497;235.70885436736916 440.955027154496;472.3900892392433 -163.85238353023647
500,7,10,GNNLXSSA,480.5203245844459,101735.6215845479,3.9060510677333315,,1879,1918,9000,5590,100,0.0,1,353.05887809344495 -354.0472123875543;173.7860492857581 230.0914660697843;-328.80541545366253 -376.6789067207565;-330.7214691497172 374.99774645116554;499.99983160385756 -0.41036095585844784;-108.75862587931347 -127.64093140243823;-497.65828603411387 -48.334566736323346
500,7,11,GNNLXSSA,468.3676969578082,101747.77421217454,3.9060510677333315,,1883,1918,9000,5590,100,0.0,1,261.32556793175416 64.44926553996282;33.09740443616067 -498.9016435678068;25.68066720421853 421.0170949360103;-134.58984821895092 -136.8238287382504;381.9303140630115 -322.6880284954715;-475.5385981419834 -113.8440223977854;-295.9357222571231 403.01511403287094
500,7,12,GNNLXSSA,492.62565742927836,101723.51625170307,3.9060510677333315,,1869,1918,9000,5590,100,0.0,1,279.2382647418178 414.7601614234165;-242.24027822964206 437.4010146344263;-43.73038867195213 -3.2844003477815686;271.25631473954604 -420.0238227933272;-498.585489121875 37.58337447729522;-363.62326905003647 -343.1881673446286;485.7740075282891 -118.42133933504445
500,7,13,GNNLXSSA,522.9044503719197,101693.23745876043,3.9060510677333315,,1875,1918,9000,5590,100,0.0,1,34.48723514438725 468.71419204385074;197.6703142828513 -22.606162786098306;-296.78491936493253 -402.39124199906547;-460.60001852378707 194.5446553773374;36.353705507421346 -498.67661467098327;-111.10865839445407 -35.61579630904221;474.42176750398113 -157.87332427740427
500,7,14,GNNLXSSA,448.4738172991929,101767.66809183315,3.9060510677333315,,1876,1918,9000,5590,100,0.0,1,246.6937873057737 410.9125576057534;-7.71068705155466 141.9414190399847;-323.7481529350843 381.0342943504183;240.83953870970615 -438.17384289126153;-327.4205905665738 -370.1840067496894;478.1336866142663 91.41948036572272;-499.2374354862628 27.604039724278156
500,7,15,GNNLXSSA,756.5994830207346,101459.54242611161,3.9060510677333315,,1883,1918,9000,5590,100,0.0,1,159.27623555954773 157.78866206132597;-420.7497870226391 270.11427134253216;312.968000971462 -389.91800815790157;-430.5100874110169 -254.2674668313798;-61.38809128433212 496.21333965761033;484.72550056100346 -122.5363227120895;-66.8651715481266 -495.50502283526083
500,7,16,GNNLXSSA,858.645558611126,101357.49635052122,3.9060510677333315,,1876,1918,9000,5590,100,0.0,1,212.43639728128161 452.60340361462966;-360.0588732778233 70.99827672871541;197.60087516300808 -146.06711287593137;-171.2674713075459 469.75137706240923;-164.89926720699617 -329.6016115042961;-30.900644548899617 105.8859112088852;414.12230625456874 110.96566077600926
500,7,17,GNNLXSSA,762.8633471785142,101453.27856195383,3.9060510677333315,,1874,1918,9000,5590,100,0.0,1,-237.73507666395196 -310.31966133903893;292.41916754036885 142.10602916699807;-226.33962173958858 305.388159683761;64.33590029307211 -213.12174932403383;65.38804450727447 495.70596489805797;421.80607188278486 -268.47651242299554;-490.40040191102787 97.5061321430725
500,7,18,GNNLXSSA,549.8575235084863,101666.28438562386,3.9060510677333315,,1876,1918,9000,5590,100,0.0,1,236.60529670756756 440.47466847700093;-146.8908899014923 477.9362577414981;13.711576592130962 170.27243491605836;225.33522311812536 -446.3451996183051;460.64315550531364 126.92152345794823;-498.8277140748048 -34.218586629268735;-245.9318622131718 -435.3360990641156
500,7,19,GNNLXSSA,772.7711656733591,101443.37074345899,3.9060510677333315,,1876,1918,9000,5590,100,0.0,1,206.88214918502769 101.1798317690569;-357.01926131314974 320.6135972255651;-414.5529054799723 -259.6266025735937;-150.83039794703623 -83.37612352536324;10.32922866705037 482.68207858866595;14.991546013227135 -468.99656770679417;307.45412393723814 394.2993300450628
500,7,20,GNNLXSSA,765.2309983116138,101450.91091082073,3.9060510677333315,,1878,1918,9000,5590,100,0.0,1,-43.406955305361606 -482.9230738570717;4.649602571903825 115.7564928259499;466.4704439281928 -180.01475168402936;-498.45375581836964 39.28815324510627;198.657331238193 458.84068465727506;-281.8608056706801 317.4575633030895;345.11666126971693 164.98810607856643
500,7,21,GNNLXSSA,649.5335130867461,101566.6083960456,3.9060510677333315,,1885,1918,9000,5590,100,0.0,1,-275.34057408002417 -353.3071663129018;-95.94885131147151 162.30152848334563;246.76778022756358 432.91585289145473;-262.3018237067275 421.56511859649584;246.9191708223425 -364.6392000800689;-464.1055148365703 184.4898918613536;447.20383576071964 66.82049920737148
500,7,22,GNNLXSSA,851.1792726165004,101364.96263651585,3.9060510677333315,,1880,1918,9000,5590,100,0.0,1,70.05513337309095 449.62742317262064;341.4208820109738 -233.8611674594812;-233.82667993205632 -45.34013589655844;-31.035611660629584 -499.0358612453123;-345.1147203009532 299.697948394613;444.94239826419823 58.804038095427686;-393.0374655316159 -309.06560903549877
500,7,23,GNNLXSSA,670.1957843043347,101545.94612482801,3.9060510677333315,,1883,1918,9000,5590,100,0.0,1,467.0760404938056 163.723105637545;-27.733976057898783 -428.11063872876764;-466.78798067367524 -156.60374909423817;298.473676194958 -401.14020568707315;129.15412772413006 135.53301570026252;-350.2350523432934 355.4387620596005;-38.63092776974935 498.5053255878291
500,7,24,GNNLXSSA,535.414562829028,101680.72734630332,3.9060510677333315,,1882,1918,9000,5590,100,0.0,1,-403.4756310768612 153.64054296614108;-117.0206054535006 486.1133385325856;-254.79954414927244 -370.08052801810845;119.74220255008177 117.77098572889703;271.5194361371197 -419.85377907050037;484.20846208117695 95.6497225834667;263.499956586739 424.9326686414998
500,7,25,GNNLXSSA,411.15802408572927,101804.98388504662,3.9060510677333315,,1874,1918,9000,5590,100,0.0,1,170.55499612286067 -14.948606369484267;-480.64443473923603 -96.6928635544909;-32.63205978559898 498.9340123444673;-15.076076939928925 -499.7726602207261;497.8138121417604 46.70555042913047;339.1524328511083 367.39029286465154;-320.6487527494737 258.48742466551744
500,7,26,GNNLXSSA,541.4840952602972,101674.65781387205,3.9060510677333315,,1880,1918,9000,5590,100,0.0,1,80.54192103040111 493.0675457979802;271.7129834082224 130.40007942053018;-276.99253197687244 -233.5221207976797;474.04284201628116 -153.9920792286892;-465.34631587720105 182.89894820014433;78.3315367732838 -257.8916806114054;-164.48441406879124 105.18834488363606
500,7,27,GNNLXSSA,810.031710860072,101406.11019827228,3.9060510677333315,,1875,1918,9000,5590,100,0.0,1,-355.84110052213066 -213.5572538069555;-105.87984995350978 -488.4625297511922;124.45932121977745 -8.44691828773046;298.8984163119264 343.8035764074906;-187.16317551957385 404.29664898966047;491.13376965084103 13.469928571267964;-472.9759911187311 142.55614483826653
500,7,28,GNNLXSSA,713.4244342870516,101502.7174748453,3.9060510677333315,,1885,1918,9000,5590,100,0.0,1,-34.2903132036377 -444.77008390305684;175.96907133177623 251.00048900155514;-249.27246826731542 43.06574603818974;-38.66273017634173 498.48501718296217;-437.79040065471213 -241.51365767475167;427.827184654203 -61.52453113048184;-384.18085044112166 320.00792826793605
500,7,29,GNNLXSSA,586.6597573173203,101629.48215181503,3.9060510677333315,,1873,1918,9000,5590,100,0.0,1,216.46240762616273 216.56892382788817;-494.43871753690985 -74.352755556503;74.57021199368128 -494.4056538609922;-359.2630674746024 347.74326865931715;-129.44013331185346 -255.19968665901484;466.746936359016 -139.94398381654213;81.25480375578312 493.35086617006584
500,7,30,GNNLXSSA,676.599897173699,101539.54201195865,3.9060510677333315,,1878,1918,9000,5590,100,0.0,1,455.6308810413959 205.91194722685927;87.34030309284253 425.1315277792366;-375.5868609160072 329.93124902354214;308.237291743554 -246.6616061572219;93.60917560130157 -490.91356085436666;-102.37545438145685 -213.77780178498267;-396.81603371044974 -304.1990062283359
750,7,1,GNNLXSSA,490.9270602376055,101725.21484889474,3.8077908381333336,,1878,1918,9000,5590,100,0.0,1,680.5682595327726 -315.16161586800604;255.03921070269683 207.53438411566387;-749.1314210583105 -36.084816518257725;-403.1433834350213 -610.7767156533856;705.5797018408264 241.99095381647743;-215.34205278894 -169.0556628699632;249.42000249850497 -707.3115737450122
750,7,2,GNNLXSSA,215.56564269233786,102000.57626644001,3.8077908381333336,,1880,1918,9000,5590,100,0.0,1,723.8319028570515 -191.73753755077703;288.07967627975864 692.2664705821626;57.037169733545696 375.0604176615727;323.5657815103642 -675.5102325368712;-441.87451713450804 -604.6979982470635;-743.7182105907403 -73.40003428096772;-239.00158089611713 -190.40466374359556
750,7,3,GNNLXSSA,279.3390078761586,101936.80290125619,3.8077908381333336,,1884,1918,9000,5590,100,0.0,1,-515.8805234551061 -544.396257811978;-105.0868491246027 -738.014758934246;160.7873805591181 241.5231168949865;406.70672713506605 -13.976468816622248;-492.04363428622054 566.0327392990692;580.3730321395009 -475.044359576242;564.7576313486912 493.5066542949707
750,7,4,GNNLXSSA,305.03664749678865,101911.10526163556,3.8077908381333336,,1878,1918,9000,5590,100,0.0,1,-253.18090159038005 -472.56811423897494;63.17560710274723 464.4911625492934;-696.657898888895 275.5419002872697;419.51334644964817 -621.6627210193896;670.6630360086539 312.5700548939012;-73.03169932638646 746.4291694325659;-507.4502664517861 552.0688428585088
750,7,5,GNNLXSSA,554.0890336639859,101662.05287546836,3.8077908381333336,,1878,1918,9000,5590,100,0.0,1,349.0012277793149 261.33457750161926;-350.0496028426438 590.7474866443974;36.157863724446536 -143.45662565977145;-537.9203099288906 -84.88405238019665;-217.60244749506313 172.17149189555067;528.7713334961579 531.8245935397454;171.37339348018537 608.492576201123
750,7,6,GNNLXSSA,205.5094605593913,102010.63244857296,3.8077908381333336,,1869,1918,9000,5590,100,0.0,1,10.912649074950178 -74.72448677949313;227.55553719241405 -657.8989822835083;-452.52917566201944 -258.93692301874273;681.8605888595098 312.3553688875071;-201.925758129896 722.3058671598529;-242.81953449421025 -709.6036046273199;-630.6010124139623 406.0076731814154
750,7,7,GNNLXSSA,311.6475713748223,101904.49433775753,3.8077908381333336,,1879,1918,9000,5590,100,0.0,1,-336.43566752410106 -220.54576482234492;-527.7724902402034 460.16570378122304;279.00583011353984 661.0092600921223;715.1856915994189 219.3780075924452;-45.93701188822177 378.9350171732609;-44.442310269272255 -748.6787152176083;-712.1877387430708 -235.05818828099154
750,7,8,GNNLXSSA,189.52697024324152,102026.6149388891,3.8077908381333336,,1876,1918,9000,5590,100,0.0,1,78.93212303384226 601.915512144361;-604.3018580978426 -442.02128922276336;-746.7564771383759 -69.67613545456008;-299.1109547631774 -687.7736813375898;-335.1105562012433 642.0171411143947;533.9423948119312 -188.61126873809593;691.0021865730363 289.62812464205354
750,7,9,GNNLXSSA,362.67130370605446,101853.4706054263,3.8077908381333336,,1877,1918,9000,5590,100,0.0,1,304.3138927782789 436.7800427694226;167.19241545721988 -26.806173977723912;-269.2787228920085 401.2621384655932;38.87824039214017 -419.670734353591;-578.244694419702 20.940202084460008;635.9304538270394 125.03188758402365;-268.3234653232089 -397.5096595245107
750,7,10,GNNLXSSA,214.52921505602717,102001.61269407632,3.8077908381333336,,1879,1918,9000,5590,100,0.0,1,101.2700498315947 -173.02552141549776;-285.367775879983 563.5520310815276;-309.2001497163052 -636.9597955979332;656.1109783414512 -363.3433418955461;-698.2554938783135 273.7503703536352;435.2382116390282 506.7349712914428;91.05392535499143 744.452270248031
750,7,11,GNNLXSSA,373.8278374506772,101842.31407168167,3.8077908381333336,,1881,1918,9000,5590,100,0.0,1,446.41965854276344 -99.96069430127045;-414.32295865151065 -592.4965305226336;-406.7500917398281 629.111796246958;120.57724515196986 -636.3458086156523;84.41037632632913 725.2782035098414;-700.346354248369 -238.96123322241723;-94.0602423042865 -299.0252324173342
750,7,12,GNNLXSSA,293.72636692262313,101922.41554220972,3.8077908381333336,,1883,1918,9000,5590,100,0.0,1,-415.14557981623454 -20.683400943566582;73.90645180510364 -126.38786649000616;410.81195502698534 -157.1923630081115;586.5204398224181 330.89856353274826;-748.2652313981224 -50.981722616523086;-88.39068085769598 -615.1871178187107;-571.5661321393217 474.29964064192535
750,7,13,GNNLXSSA,505.1740321804682,101710.96787695188,3.8077908381333336,,1880,1918,9000,5590,100,0.0,1,-565.4868182408081 492.6709433241289;258.48971958518723 704.0476296876308;-133.05336429243033 -738.1035172998878;-744.102720521981 -93.86767980400123;548.7246659011896 -50.439273650549275;8.492488834658216 173.98282964123104;-641.3922144948821 -388.73644951991724
750,7,14,GNNLXSSA,284.8909229297278,101931.25098620262,3.8077908381333336,,1874,1918,9000,5590,100,0.0,1,-64.13863043834364 -740.912441700922;-723.4127366374471 -98.53490003544191;-486.09811430157527 -571.1467615879938;679.3345199325252 -307.36081117858606;498.48403976729287 371.2250426853368;258.3532361044832 613.347703299796;-21.310481966544707 749.6971811060474
750,7,15,GNNLXSSA,280.2396221299714,101935.90228700238,3.8077908381333336,,1878,1918,9000,5590,100,0.0,1,354.9240543734878 575.6140391573888;-491.29194799619927 -566.6825395487722;688.8569072445442 -280.2438615310659;-314.3608915724358 -152.33882605431074;-84.87251887457077 731.3310284368222;-56.32245868842809 -743.1642353810171;147.74649780411562 18.794703639587457
750,7,16,GNNLXSSA,521.7985037284088,101694.34340540394,3.8077908381333336,,1881,1918,9000,5590,100,0.0,1,699.9590757471224 206.4633852258548;-0.7888391150203287 -137.2367695292485;-603.1726544440753 -445.7369592296322;114.84283441107605 741.1551272928988;-198.8454221003624 -536.5457697558958;183.81628222479603 -727.1255561380401;-223.41474112903975 715.9415069395496
750,7,17,GNNLXSSA,385.4707691168005,101830.67114001555,3.8077908381333336,,1876,1918,9000,5590,100,0.0,1,290.4975959006926 -637.8092361074138;-386.3762751227098 184.58239440338352;-741.1705958981548 114.74383545957448;-155.38077098108462 -733.728025912411;-87.62771388200747 559.6565137932926;-508.98158655963397 541.3387943017788;112.03829150696697 -17.170616241093132
750,7,18,GNNLXSSA,342.6828270088736,101873.45908212347,3.8077908381333336,,1874,1918,9000,5590,100,0.0,1,-622.7682785581933 340.51486185331856;441.42331763822426 -117.88289021185228;-147.5859096191408 717.6383232337515;88.58376655040023 -137.43631599433525;-440.2522874821786 -128.49557599603932;-749.6833188173883 -21.792693430276564;257.149643855749 422.4914950786085
750,7,19,GNNLXSSA,209.68678557378007,102006.45512355857,3.8077908381333336,,1883,1918,9000,5590,100,0.0,1,-101.75274527818655 -537.5644607577314;449.0725695698941 518.8631459875465;-91.87905460233105 744.3508845466511;-573.4645073442829 -483.36162323500497;676.1190147102224 -324.5967928789163;-581.0972794454669 372.6508276627533;-447.6210139785718 -69.30733381244322
750,7,20,GNNLXSSA,314.8628231361072,101901.27908599624,3.8077908381333336,,1871,1918,9000,5590,100,0.0,1,340.34666965845406 -102.97324599217006;336.2899831816019 670.3797783433789;7.052856419998257 552.1737158089809;-704.3668569533444 49.739416861911096;-360.59479825602483 -172.2106914981974;-495.9524409289956 -562.6110346736642;603.897880753572 370.61079459270263
750,7,21,GNNLXSSA,296.48669596268155,101919.65521316967,3.8077908381333336,,1877,1918,9000,5590,100,0.0,1,-472.16409270599735 -365.50667781639703;-147.14503805463687 -386.05882817505005;444.8718246396764 600.6421491565923;87.73228714862483 -662.663847746917;676.8759430814155 -323.0154139938904;104.30545245888487 630.6651180369896;-399.63583637590125 634.6583319268201
750,7,22,GNNLXSSA,234.43734745051188,101981.70456168184,3.8077908381333336,,1881,1918,9000,5590,100,0.0,1,-24.211873222475845 -749.6083620137712;-589.8895040359481 463.17067706338844;-360.96311983730357 -445.67619608893244;-27.997802600775508 749.476034764503;518.3072224943651 -542.0847384699719;377.71709852526874 -61.04475493435779;-748.033134868023 54.26397407695169
750,7,23,GNNLXSSA,262.0528813955898,101954.08902773676,3.8077908381333336,,1879,1918,9000,5590,100,0.0,1,-290.18229875391233 211.61145525956323;116.21325938798297 -727.929465482226;-510.84438888154995 549.1247675603748;-738.6000193511156 130.26899636725383;-528.1147376894993 -448.0951057866474;484.84485380903936 264.5806373322059;301.50215512892396 -302.1280687638533
750,7,24,GNNLXSSA,271.72758336897823,101944.41432576337,3.8077908381333336,,1868,1918,9000,5590,100,0.0,1,451.7060042006501 286.7406695911704;-547.2012077584716 -507.7339168944164;-293.2900536153594 480.505001446792;108.71624380301839 -656.0589270383708;728.7979037984937 -176.69270896419454;-728.7716826882452 174.28959862430673;324.0496603117693 636.4820865605246
750,7,25,GNNLXSSA,341.94638487424527,101874.1955242581,3.8077908381333336,,1879,1918,9000,5590,100,0.0,1,512.7908840188088 281.6040333726292;305.70729931554996 -684.8671748194629;-726.6518680876292 -62.28172338341779;-87.9848880948065 9.639168092847497;-285.6469071281077 693.473751809069;-565.6364314951172 449.5042930577609;707.8856241249717 -247.78608346151967
750,7,26,GNNLXSSA,249.93167238838214,101966.21023674397,3.8077908381333336,,1892,1918,9000,5590,100,0.0,1,97.85826184234166 743.5883807033222;92.60364559002633 -266.5431835892042;-728.3524135084473 -178.8808353966795;293.76176599422723 361.2016185616037;618.7743967582225 423.8139284125733;608.8881984075584 -437.8928472131366;-377.8450624316017 -647.868126084359
750,7,27,GNNLXSSA,234.9147716388252,101981.22713749352,3.8077908381333336,,1881,1918,9000,5590,100,0.0,1,-156.51390855738708 -74.24415014809921;-390.9513484507774 640.0445634051732;577.3151842566881 478.7558647438862;-709.8719373966051 242.03684119734825;-359.2143333663141 -627.4461696224755;741.8552746703551 -110.23044699071083;59.24937199928167 747.6560117578744
750,7,28,GNNLXSSA,284.249540986144,101931.8923681462,3.8077908381333336,,1871,1918,9000,5590,100,0.0,1,-179.70615277004134 162.66901220595136;668.343254657377 63.245515405421806;-631.7293506419805 54.53534768305688;77.60518765117067 745.7640861991811;-370.2187164190717 652.2561628785235;287.20109815568264 -66.1333170693955;-379.67504002538715 -317.55872866460095
750,7,29,GNNLXSSA,191.67535403123475,102024.46655510111,3.8077908381333336,,1876,1918,9000,5590,100,0.0,1,-252.33968582319974 496.0801613382031;726.8485304041868 -184.90866353222566;-680.2970370288283 -108.62703381159994;289.1154576450809 -692.0348633924995;280.3958055577347 606.3360233772694;63.09021883212656 -193.58144729023692;-511.5561330478531 -548.4440368231975
750,7,30,GNNLXSSA,303.31553193549917,101912.82637719685,3.8077908381333336,,1884,1918,9000,5590,100,0.0,1,-79.95285117883762 -194.11663214949334;553.6812073473816 113.83687757309563;94.50182100613198 404.7916742762571;-600.0887748893279 -356.92997267331737;-377.91519329923335 421.6403165079545;-75.34488256272904 746.2058353240134;719.5732815879953 -211.45754284178076
500,6,1,GNNLXSSA,211.58897191462165,87402.24695019882,2.7533358684999976,,1821,1854,9000,5590,100,0.0,1,290.4061767820715 -407.0187372674877;488.4084504432689 -107.03824333202087;-497.71321012995054 -34.854461128865864;-331.21448686709044 -374.5623628841664;-112.10725463267872 487.2699082220487;290.4401388360771 406.9945033447998
500,6,2,GNNLXSSA,356.5969378618465,87257.2389842516,2.7533358684999976,,1815,1854,9000,5590,100,0.0,1,497.23518126925205 52.49738967448737;-101.29245142774549 484.3376188129641;85.88604888820599 68.10167407480408;-265.5284353173258 15.096012634161525;-437.7878895304526 -240.72773271446042;252.56989857088072 416.36177874072
500,6,3,GNNLXSSA,308.9165089504386,87304.919413163,2.7533358684999976,,1814,1854,9000,5590,100,0.0,1,270.81868540397886 204.0746927241155;-317.40158082233694 -239.16312854226408;-112.04815643004217 338.3567426063757;107.68580898904142 -304.16088897346015;-454.2101587248574 208.86297047940025;414.68922272762995 -279.3380480465295
500,6,4,GNNLXSSA,397.54260382265784,87216.29331829079,2.7533358684999976,,1812,1854,9000,5590,100,0.0,1,294.85597567593464 395.7647379723892;-330.76044146046587 367.68332348659504;235.5449998033965 -440.88158618614614;-484.64818740491285 -106.44029724130445;487.7668483147099 -100.93643164683377;33.88987104242382 -208.07434773253718
500,6,5,GNNLXSSA,277.85309171522385,87335.98283039822,2.7533358684999976,,1817,1854,9000,5590,100,0.0,1,34.14506314258769 498.83236679576424;17.626739731468557 -499.68862376090453;341.2769831099037 -240.64847534125585;-257.8113292250243 -104.80548027002237;491.35871543240773 92.53830572353918;-387.75356907646966 315.6693993222331
500,6,6,GNNLXSSA,226.84931135441002,87386.98661075904,2.7533358684999976,,1822,1854,9000,5590,100,0.0,1,-122.95839026728858 446.60905456310763;112.91503873193031 -485.0818776928399;-341.4915121364222 -344.8338755442918;333.9517256985828 353.13747770200445;488.2265429720212 -94.77361021282637;-488.0384831612313 38.015952396268574
500,6,7,GNNLXSSA,488.24468720568984,87125.59123490776,2.7533358684999976,,1813,1854,9000,5590,100,0.0,1,8.3032783661221 325.67870430985505;246.80504585834657 -434.8412231198837;-359.76927347055437 347.22602706260767;-497.0757768000155 53.99022619999101;-130.8874468609358 -139.68227253460336;337.60663697074716 368.81036675244724
500,6,8,GNNLXSSA,423.9620492517424,87189.8738728617,2.7533358684999976,,1817,1854,9000,5590,100,0.0,1,-448.49605138953183 220.98800273819901;122.87698364009279 -42.18752801688908;-46.82714268424296 497.7983127016804;323.6846367416552 381.074520197536;475.0452817428552 -155.9764780031928;-202.8001067474961 -457.0232080419504
500,6,9,GNNLXSSA,278.2755075012101,87335.56041461224,2.7533358684999976,,1803,1854,9000,5590,100,0.0,1,499.68989907800903 -17.6037153843118;-131.6536983941498 148.65904596746748;282.2352631382186 412.72658918401663;-376.5422721504714 -216.46472630325331;-485.7183673446819 118.62980959677955;63.74186803028209 -425.16363407017576
500,6,10,GNNLXSSA,291.52881354225974,87322.30710857119,2.7533358684999976,,1817,1854,9000,5590,100,0.0,1,445.6178754448095 226.7701679764211;-478.2134790310758 -125.7550532412435;-189.4626868221992 -462.71361585986773;259.98936530185836 -328.20135470143396;-34.51155347330696 37.691507766119194;-190.65750746761097 462.22258149752685
500,6,11,GNNLXSSA,250.50022494881705,87363.33569716463,2.7533358684999976,,1819,1854,9000,5590,100,0.0,1,499.20357220409477 -28.20981209918167;-90.17083876463239 186.2334290872575;-472.2989730661801 159.24099144147573;153.73891918374585 -475.77762108806;167.68231261998608 471.0442039070359;-305.96027657757594 -394.2755239508603
500,6,12,GNNLXSSA,398.76927057454304,87215.0666515389,2.7533358684999976,,1817,1854,9000,5590,100,0.0,1,410.80290634279635 284.9739371734778;-259.97214315807156 427.0970434590373;313.73001137453787 -389.324389119064;84.38159435538392 492.7974154092007;-251.00331985841976 -432.07027090289665;-490.3196244917094 -92.36482625771923
500,6,13,GNNLXSSA,308.88569867143815,87304.950223442,2.7533358684999976,,1808,1854,9000,5590,100,0.0,1,182.15217917357015 408.2494135470929;-12.452068769340418 -53.08595199450727;375.53802166904603 -330.10785249808754;-451.44526698014374 214.9352714684743;-305.0720131196622 -255.79598757944805;499.1796618261846 28.629796001646753
500,6,14,GNNLXSSA,327.8661873772071,87285.96973473624,2.7533358684999976,,1812,1854,9000,5590,100,0.0,1,145.33503118469346 141.03054301206112;304.5195225801051 -296.3200349352544;-427.7377657299263 -148.15750872114546;453.5329303287105 201.85080231180928;-217.29150777000214 306.5147382773094;-36.58516544608825 -236.10309744229434
500,6,15,GNNLXSSA,415.6209628254437,87198.214959288,2.7533358684999976,,1811,1854,9000,5590,100,0.0,1,483.4476924194077 -127.58655373647245;-401.2720130918353 -238.97768355910335;265.21506631499096 423.8643280573808;-243.89306448870533 326.61325848777363;-97.24525892543225 20.476829593497392;170.63013811062547 -469.98442098472674
500,6,16,GNNLXSSA,417.02915328570816,87196.80676882774,2.7533358684999976,,1816,1854,9000,5590,100,0.0,1,66.4724807269699 -115.0170546683174;-464.9410229399676 -93.2625084874573;-137.66103892138776 396.3058521688554;180.42015463010065 -466.3138023116275;461.3724917625998 170.92484673387128;-203.03508027862392 -449.3656658936555
500,6,17,GNNLXSSA,241.1277598017623,87372.70816231168,2.7533358684999976,,1818,1854,9000,5590,100,0.0,1,-445.7703476697987 -197.33747321238283;155.82300653921482 -475.09913768926145;-229.56861390328945 444.18267808472945;144.95417734004837 478.52720557108324;425.21008302272674 -181.5639766802467;-46.406444614248464 -236.31139709922027
500,6,18,GNNLXSSA,215.77602142142132,87398.05990069202,2.7533358684999976,,1808,1854,9000,5590,100,0.0,1,-96.52424560653462 -403.8749872841858;337.5087649289259 -368.70814244303347;-325.5660504676513 378.1093209089212;128.9056704601304 442.0950211007895;-475.9875657870944 -150.31133917358494;498.0702001330384 -33.742773717044614
500,6,19,GNNLXSSA,280.926838088184,87332.90908402526,2.7533358684999976,,1813,1854,9000,5590,100,0.0,1,-390.74054789879455 307.29511647698604;-38.83360921558705 -498.48966969766894;166.6240655645056 281.78273485067905;343.7934081879647 -363.0510879841891;484.59493432956646 123.15741805560535;-499.37875637504186 -24.91701589911099
500,6,20,GNNLXSSA,377.9318463821837,87235.90407573126,2.7533358684999976,,1808,1854,9000,5590,100,0.0,1,-22.20015796957259 499.5069098482282;315.8087966248564 387.6400443379916;320.5491454749784 -383.72939076289316;-116.96280953690287 -473.99811582301436;499.3029096326002 26.3932649064018;-481.9574042611511 -133.10544871587095
500,6,21,GNNLXSSA,292.22335159100476,87321.61257052244,2.7533358684999976,,1807,1854,9000,5590,100,0.0,1,489.41217660243535 102.35097162834647;265.78006640044396 365.4139087899968;53.37485455130632 -411.13814806713356;-100.27817153258606 135.70662524543718;-207.11829087632194 455.08462244342127;-472.6007547532568 163.24376437295237
500,6,22,GNNLXSSA,285.5026096973306,87328.33331241611,2.7533358684999976,,1814,1854,9000,5590,100,0.0,1,384.5189137048928 -318.90700856965276;-153.67670263306331 475.7948782738744;196.21974176165486 96.99476852247747;-154.50395992323817 -475.5295730911653;-450.88131957434985 215.91616900904802;498.55727228176954 37.94517337867549
500,6,23,GNNLXSSA,312.7389229697292,87301.09699914372,2.7533358684999976,,1813,1854,9000,5590,100,0.0,1,-336.29097025018996 279.8966740389518;-157.58170707095948 -283.90578373893715;303.4387470336508 -248.69268776935064;122.775314567548 372.06517259786324;-469.8554499803053 -170.94316747091406;454.09008392738286 209.28974097843965
500,6,24,GNNLXSSA,402.53698545820953,87211.29893665524,2.7533358684999976,,1821,1854,9000,5590,100,0.0,1,493.12992183717176 -36.39388965640896;120.65446582918688 281.41647214827486;-248.25044712460266 -433.18864937649323;336.3252725681541 -367.1037922472623;-474.0892415317778 -158.31825984164797;-119.57291141638588 485.4110230739427
500,6,25,GNNLXSSA,229.7629998036282,87384.07292230982,2.7533358684999976,,1812,1854,9000,5590,100,0.0,1,-483.4036779936673 -127.75321562369687;-166.9284271398549 -471.3118927128979;-164.88254617540386 472.0315095062149;137.75558391377157 -116.02869544573964;311.58532270948245 391.0429473498118;490.9767005656059 -94.56151173554342
500,6,26,GNNLXSSA,557.0218089320551,87056.81411318139,2.7533358684999976,,1799,1854,9000,5590,100,0.0,1,134.96297339742426 26.509911502483142;-71.59146429786236 479.8328636807495;-315.1297390655249 -61.559866387563346;-448.57825154275065 216.2274591891958;351.49986000284906 -355.5950624206943;355.666555230426 351.4275195406904
500,6,27,GNNLXSSA,278.3860191119893,87335.44990300146,2.7533358684999976,,1808,1854,9000,5590,100,0.0,1,442.8340602236594 -18.02662273609117;-422.9717771904876 -9.921440161486485;25.56151481366689 11.349866799312979;-244.06636595490255 436.3847029967567;-253.84339930182387 -430.77085397098864;168.91420257492115 470.60385906670854
500,6,28,GNNLXSSA,456.3420176633517,87157.4939044501,2.7533358684999976,,1825,1854,9000,5590,100,0.0,1,22.354779708620896 499.5000138380168;467.85674184892997 176.34911464352228;330.18936275461283 -267.08405378232806;-313.2506485625433 389.7101886981478;-388.2845076554714 -315.0090702651663;-180.59568345756702 6.005600710268784
500,6,29,GNNLXSSA,409.6772552977782,87204.15866681567,2.7533358684999976,,1820,1854,9000,5590,100,0.0,1,-425.9236750507722 158.76633712513026;242.55679693035484 173.37581894866832;-269.7466235026842 -267.8292837495195;14.46338188757205 -499.7907668058447;84.84105263098695 492.7494249499091;467.1057446218576 -178.35977750570208
500,6,30,GNNLXSSA,315.68769490969134,87298.14822720375,2.7533358684999976,,1809,1854,9000,5590,100,0.0,1,-23.838918044318252 -233.94072659737787;423.3706197612924 229.36182143556442;163.54169325628627 462.18927213358893;176.6672919053206 -467.74040884595695;-227.45398939560155 264.8084573006355;-390.89622417378166 -240.86659882621507
750,6,1,GNNLXSSA,121.25203674047953,87492.58388537297,2.6492069279999972,,1823,1854,9000,5590,100,0.0,1,-130.32829547935074 738.5895581427123;-744.425430016146 -91.27310198123014;-491.54242735254707 -566.4680415631283;473.4011195422104 581.7141738140664;90.92993147452891 -88.40741265397286;746.0082378392566 77.27683401878687
750,6,2,GNNLXSSA,151.60984905186342,87462.22607306158,2.6492069279999972,,1812,1854,9000,5590,100,0.0,1,143.1242475543572 -736.2164319519552;-261.1438923107033 -233.39579478364755;515.28755832229 544.957243544079;745.2175188695563 -70.41665459674219;-527.5756971347311 307.8821230582628;176.00841552918206 718.0232355062028
750,6,3,GNNLXSSA,106.77701678212907,87507.05890533132,2.6492069279999972,,1804,1854,9000,5590,100,0.0,1,-458.488002640652 593.5391743049363;-739.716297166615 -123.77317846008503;-247.27803842926525 -182.19011023400466;458.2747084058634 -593.7038753751915;745.426659800714 82.69882017508189;151.62093472609914 522.5695405090211
750,6,4,GNNLXSSA,125.47194514641888,87488.36397696703,2.6492069279999972,,1815,1854,9000,5590,100,0.0,1,-179.85807793675633 57.607538996125314;-393.97539503501173 638.1875806587013;690.728411912446 292.22296449271437;203.6548271210888 487.9577246822484;469.34141902216305 -580.5575963199778;-654.42262080648 -366.37553599657554
750,6,5,GNNLXSSA,171.6111666046927,87442.22475550875,2.6492069279999972,,1821,1854,9000,5590,100,0.0,1,457.2429157504406 23.588337644405996;-430.88074190615646 156.98122438081953;-738.0337325130163 133.4399103450894;628.4499538937353 -371.8286979333765;291.9820616288289 473.57079814607516;-15.828709372485104 -740.3409897984551
750,6,6,GNNLXSSA,119.57234670491016,87494.26357540853,2.6492069279999972,,1813,1854,9000,5590,100,0.0,1,-439.08357740054475 564.2231637746041;-122.00128611348602 -739.8088474568184;388.09700969053364 -232.2045669095077;695.4339510335217 279.9744846401957;-88.44309780962037 744.6419807617294;-708.2345387149505 -210.24428527280108
750,6,7,GNNLXSSA,106.97508931516495,87506.86083279828,2.6492069279999972,,1816,1854,9000,5590,100,0.0,1,337.4824522807962 -669.7496066877422;341.92519900767024 667.5149121811125;-337.840992822249 669.5211350737466;742.4727907775213 34.79828563820334;-613.0416576071389 -432.0590089260339;-746.6719134636328 -70.51379801052434
750,6,8,GNNLXSSA,106.56912812954397,87507.2667939839,2.6492069279999972,,1808,1854,9000,5590,100,0.0,1,297.64272821128975 688.4103473531904;299.7500820495849 -687.4953733017169;-140.17268188615785 63.026338921078526;-744.2233624703457 92.90633322509463;696.9250695405539 277.1199152819844;-498.180101974417 -560.6394438467199
750,6,9,GNNLXSSA,115.41811115744349,87498.417810956,2.6492069279999972,,1815,1854,9000,5590,100,0.0,1,595.481315213893 455.9627213173596;370.14788150832453 -267.1706304862449;-361.42926488649596 443.3148215298327;-706.3558261550213 -36.18118370530887;-337.45895400753477 -669.792097863315;66.08278093519262 747.0830382654068
750,6,10,GNNLXSSA,120.31820361952123,87493.51771849392,2.6492069279999972,,1810,1854,9000,5590,100,0.0,1,358.5096505294051 -633.7246240680752;-431.7105267592758 147.74156493028866;380.0730391898959 617.912548240623;-146.597191537496 -524.954540498353;-622.2605550846353 -418.67777465077836;-170.57734507556538 704.5967831947007
750,6,11,GNNLXSSA,186.53931559722696,87427.29660651622,2.6492069279999972,,1807,1854,9000,5590,100,0.0,1,167.01821895068196 640.8800442416832;-528.3482362738946 -528.8126829731883;442.43117415732803 124.93843539038573;-49.71778469039104 216.31203829189127;-237.2250363984969 676.1355691175555;601.8634883405002 -447.5022202984713
750,6,12,GNNLXSSA,167.68544454249786,87446.15047757095,2.6492069279999972,,1810,1854,9000,5590,100,0.0,1,47.583426813842614 378.4135465612735;321.9370682581699 -111.59605115312455;-264.06293120264917 -701.976330345023;-234.2500095752131 712.4794263794657;470.138104115787 -584.3544840748749;-617.034283494995 311.0206502980518
750,6,13,GNNLXSSA,170.4188777563977,87443.41704435705,2.6492069279999972,,1819,1854,9000,5590,100,0.0,1,445.26640754220546 9.22815856096893;748.5679773952932 -46.32148104299333;-15.175016735744068 -613.325280127455;-7.852690208385928 402.7868089536231;-693.1651497141986 -51.91120625453196;-434.92833087206077 489.64992694130444
750,6,14,GNNLXSSA,184.79955623815476,87429.03636587529,2.6492069279999972,,1820,1854,9000,5590,100,0.0,1,39.72759198303184 230.8338437440562;741.9920114524602 109.30624383232677;-390.0168214160803 -166.82626745340923;-585.7443179792249 -468.4053735334946;-139.6142393307622 736.8906731504292;249.98416676688 -474.3511617123817
750,6,15,GNNLXSSA,151.90606535536062,87461.92985675808,2.6492069279999972,,1815,1854,9000,5590,100,0.0,1,691.8631839915103 289.52605174168633;-541.5764733613228 39.40825672237377;-209.28945469603548 -425.08345400047796;338.5377279680119 534.8107292012827;545.5119129485295 -223.37483172626665;19.412377246800183 -749.7487309823391
750,6,16,GNNLXSSA,169.0078353206045,87444.82808679284,2.6492069279999972,,1808,1854,9000,5590,100,0.0,1,731.6471123335676 -164.8981926943215;-252.90574354993657 -118.19660672146517;581.7480052933622 362.6943357637692;-76.01312246001733 517.6826871395167;-679.3628211537641 -94.80068914199273;-69.43739651802687 -511.2054663525581
750,6,17,GNNLXSSA,145.32198434116435,87468.51393777228,2.6492069279999972,,1815,1854,9000,5590,100,0.0,1,-65.68927937824667 -747.1177407710023;643.3088826891315 -384.50087431598797;176.44565427300668 116.50634695335883;-716.2876843854044 -114.07730671399014;-95.8951141712052 743.8441551011149;-568.6393867139764 347.0457319253654
750,6,18,GNNLXSSA,139.92358624095505,87473.91233587249,2.6492069279999972,,1812,1854,9000,5590,100,0.0,1,-471.87048239130877 -582.9564716578706;-719.90186472348 210.3361718004212;430.6976217381354 -53.03063708532204;-188.07123128106596 578.8589103616348;81.95510850728152 -526.988622577209;746.3282507097014 -74.12248102024792
750,6,19,GNNLXSSA,218.12947958766017,87395.70644252578,2.6492069279999972,,1821,1854,9000,5590,100,0.0,1,-491.3080789215098 566.3884303258912;-504.8219824726104 -554.6657762936168;371.83164986903955 -651.3380260323114;109.47124632350841 -472.52912216793897;-76.74193181795904 -37.65408666945303;674.8816495221627 -327.1616712548166
750,6,20,GNNLXSSA,186.69540266579133,87427.14051944765,2.6492069279999972,,1821,1854,9000,5590,100,0.0,1,97.45322223227765 -508.05796892029923;695.1620821461946 78.44431319344082;494.6652524617784 563.7431046202915;-259.23199780250246 703.7746594722797;-558.5736768159654 495.4986063312832;-696.4345894157549 116.5739825775351
750,6,21,GNNLXSSA,184.9015864001558,87428.93433571329,2.6492069279999972,,1816,1854,9000,5590,100,0.0,1,-387.24814063899333 -575.0445428129387;241.55426953187052 492.203480443212;748.3401541823698 49.86996729803339;-156.1594891443086 341.4025090049756;244.19454117185379 -709.1325870821815;577.6400126158363 -478.3638947759085
750,6,22,GNNLXSSA,204.40543646810693,87409.43048564534,2.6492069279999972,,1809,1854,9000,5590,100,0.0,1,-539.7524408464056 520.7372683036499;-21.39507712759797 749.6947716735818;348.646190327997 -664.0375245193408;-525.1239624370307 -535.4855965144459;547.310117869515 512.788099391608;-749.9599521577607 -7.750494147430227
750,6,23,GNNLXSSA,136.7710907671717,87477.06483134627,2.6492069279999972,,1820,1854,9000,5590,100,0.0,1,-189.70437860257692 113.87062291917285;55.52463471621189 -627.6948556348497;-388.47134542885146 -641.5528144905124;579.7547853598405 325.24991394004354;726.232369791567 -187.31402795019048;-730.1616237271011 -3.8671610496689093
750,6,24,GNNLXSSA,137.78620020353992,87476.0497219099,2.6492069279999972,,1820,1854,9000,5590,100,0.0,1,712.3488745740727 234.64671506980872;-547.4540430373974 512.6344416462938;10.731430171157337 117.68021144219955;-202.89998185650217 -444.5355276136923;488.9579809648091 -568.7003541855917;182.1729089095788 712.162372143335
750,6,25,GNNLXSSA,160.8290134245035,87453.00690868894,2.6492069279999972,,1816,1854,9000,5590,100,0.0,1,20.98296711734807 -680.9666892154007;587.0823993270009 459.0598138375905;-743.658393364887 -61.095197243854415;-499.0105849632665 -559.9003805094425;330.3671909017165 -567.7808553466804;-499.59586598922357 559.3766170675299
750,6,26,GNNLXSSA,99.69248274173879,87514.1434393717,2.6492069279999972,,1808,1854,9000,5590,100,0.0,1,-21.379633092006763 -749.6952122621907;-749.9865541446587 -4.490946695391867;352.0286730623949 662.2505668868314;-287.07833894900006 -71.40914137211955;747.0986414422006 -61.373067881745705;156.37370926298232 -86.34777550910476
750,6,27,GNNLXSSA,198.3789026982995,87415.45701941515,2.6492069279999972,,1812,1854,9000,5590,100,0.0,1,-384.5637283110915 -584.5199031384909;-271.05321612202977 699.2995299243702;296.19345608963437 646.7252117778128;278.41898164863596 -696.3981326057692;51.29299700822493 151.74195633289597;698.935966539752 -268.93782155921497
750,6,28,GNNLXSSA,134.00680285258568,87479.82911926086,2.6492069279999972,,1819,1854,9000,5590,100,0.0,1,43.737752802538516 -748.716463637859;-744.2826766588722 7.247667220059789;318.4776158801356 366.46805835597155;746.8267618972086 -68.8094524172371;-1.7015384215227771 749.9968712013894;-578.9607033566981 476.73440369236823
750,6,29,GNNLXSSA,104.00720070129319,87509.82872141215,2.6492069279999972,,1808,1854,9000,5590,100,0.0,1,-279.8583995885615 695.8299190030053;744.8129044540916 88.05530852061158;146.25415550959687 -315.3105203209531;-285.10328748333507 -693.693421687023;-683.0942411650393 -11.726081346281397;391.47649602921354 639.7011039198059
750,6,30,GNNLXSSA,162.20355853976798,87451.63236357368,2.6492069279999972,,1814,1854,9000,5590,100,0.0,1,-697.50369377879 275.66029305096527;12.016152427160703 743.7316271421067;-413.31506775525884 615.5843239645098;-395.51402719019666 -637.2351640452623;485.111271804495 571.985186843353;16.613822636052948 -135.95017838915356
500,5,1,GNNLXSSA,177.07999393960927,72834.44994115492,2.087624297033331,,1746,1790,9000,5590,100,0.0,1,-425.7346269841141 -2.9928225964560125;112.68924484871219 -219.00544980011787;-180.60107402736486 -466.2144451151653;283.8845507825746 411.57711818770497;-184.04643473512775 464.88670211244585
500,5,2,GNNLXSSA,145.22172374326328,72866.30821135126,2.087624297033331,,1747,1790,9000,5590,100,0.0,1,27.605197073665583 347.5964649150271;-434.77452803632946 246.9232872184941;390.8789613425696 311.79101587402096;-292.10892970363176 -248.1765961259977;214.1725783176091 -344.44752023021726
500,5,3,GNNLXSSA,135.8464281247434,72875.68350696978,2.087624297033331,,1753,1790,9000,5590,100,0.0,1,-270.39792260936616 -193.9604079034153;228.3952192392133 -444.78716688847004;-17.19316944647716 499.7043074903244;472.6760502632012 10.047535751975792;-439.36203344102427 238.66504471867736
500,5,4,GNNLXSSA,147.33803365955828,72864.19190143497,2.087624297033331,,1750,1790,9000,5590,100,0.0,1,480.0376357442807 -139.87072890164177;-166.83977058653085 302.55868396232864;-344.82178125062643 -362.0744939582808;-495.58588837629753 64.85903708156224;342.9845615590048 328.7767796991544
500,5,5,GNNLXSSA,175.9319696429884,72835.59796545154,2.087624297033331,,1753,1790,9000,5590,100,0.0,1,-88.40429894564002 -311.6885454914634;-440.24379739399615 -237.03459421804664;162.84414665513825 380.0529946133318;472.8774130046186 95.02756761769199;-270.11751587791156 278.18316315292543
500,5,6,GNNLXSSA,218.87772661517374,72792.65220847935,2.087624297033331,,1741,1790,9000,5590,100,0.0,1,-442.4215277306747 232.94461101398284;18.29276230100413 11.692166066416952;-312.7512199568435 -139.50375273616856;154.64901560736914 475.4825779896375;497.92937974048056 -33.156802061619786
500,5,7,GNNLXSSA,131.33289563098515,72880.19703946354,2.087624297033331,,1745,1790,9000,5590,100,0.0,1,-127.57557675582515 -483.45058921819356;-490.3721900757078 -97.64791447006894;482.4668941824453 131.24669907447245;160.33774421299938 473.59456054803536;-344.13143296081046 362.7306946597423
500,5,8,GNNLXSSA,105.08494014829921,72906.44499494623,2.087624297033331,,1751,1790,9000,5590,100,0.0,1,-499.82266984216346 13.077624184318223;337.4291906426459 368.97099628428384;483.53907511766874 -126.0043970774679;-134.9382040361403 -481.4028535801865;-126.7731028681621 480.86755485690435
500,5,9,GNNLXSSA,167.86204580742924,72843.6678892871,2.087624297033331,,1741,1790,9000,5590,100,0.0,1,-14.358734743478323 498.4772030917452;-282.5629694893637 -407.14770819432755;169.04056748889644 121.80801928548176;-497.74775485460356 -1.7440328332308805;410.4271759165305 -257.31058906266946
500,5,10,GNNLXSSA,119.37621136035887,72892.15372373417,2.087624297033331,,1745,1790,9000,5590,100,0.0,1,-342.1986989290048 364.5545918669744;141.52147199234207 -479.55361844648894;156.13617383725116 472.0173646693166;499.5001835923841 -22.350986357979274;-486.3175867317663 -116.1688634505433
500,5,11,GNNLXSSA,132.1933146921947,72879.33662040233,2.087624297033331,,1754,1790,9000,5590,100,0.0,1,90.43726262406342 -226.9409103603598;312.39008960247406 390.40034825568256;475.32447760230446 -155.13426762677662;-277.31957724520623 416.0454927968095;-470.7833841283166 -168.41319790530045
500,5,12,GNNLXSSA,186.14473640137294,72825.38519869315,2.087624297033331,,1753,1790,9000,5590,100,0.0,1,311.30604275195975 117.09519201191114;-495.81005346396637 -8.143361465429544;437.0186660789596 -242.92938376937187;-120.06933184028523 16.03211567729556;122.58634982221083 484.03638582994716
500,5,13,GNNLXSSA,211.57976821543707,72799.95016687909,2.087624297033331,,1745,1790,9000,5590,100,0.0,1,76.49664548747646 233.50024319387168;-315.3735477846234 22.92539135055492;424.10445272205715 264.83091432331753;282.4975754729972 -224.45646322704482;-115.72308695020743 -486.423855445757
500,5,14,GNNLXSSA,179.0412597223185,72832.48867537221,2.087624297033331,,1762,1790,9000,5590,100,0.0,1,-474.5093518992761 -157.60988217789185;5.776892739203391 499.9666263964823;-326.0082417467286 350.36556731970916;322.07482441624444 -282.49954788621295;-11.622370971751558 -499.86490224159064
500,5,15,GNNLXSSA,162.45452439290239,72849.07541070163,2.087624297033331,,1747,1790,9000,5590,100,0.0,1,-222.21555067676482 447.90230136346213;-413.59340376842135 -280.95439482292267;228.93493674723004 -444.5090997837845;-98.72314382796942 113.66554488419142;498.8577846854784 -33.69795351792471
500,5,16,GNNLXSSA,142.6201389689959,72868.90979612553,2.087624297033331,,1746,1790,9000,5590,100,0.0,1,201.4266319955685 457.632100086823;452.90371139697504 181.34635558874265;-475.5245107530707 -153.19131123844414;-70.33277120252957 -495.025966282561;-314.3987118358068 388.7829464890016
500,5,17,GNNLXSSA,185.6270424589602,72825.90289263557,2.087624297033331,,1758,1790,9000,5590,100,0.0,1,-115.0462609343482 -15.10881680421739;177.16725853235576 -467.5593678926018;-275.6694586256487 417.14068320057413;445.53775860580544 226.92753393212345;-460.42641566172074 -194.95516346303927
500,5,18,GNNLXSSA,181.02056190106669,72830.50937319346,2.087624297033331,,1754,1790,9000,5590,100,0.0,1,-197.54749718490163 459.3201349342104;-398.8322167130217 -198.11312029516336;351.66771114209996 -85.359810158525;455.19367087712095 205.86630820213898;173.8232388059444 -468.8128428819027
500,5,19,GNNLXSSA,164.44922512605262,72847.08070996848,2.087624297033331,,1749,1790,9000,5590,100,0.0,1,-70.07474384437154 -80.46326248732916;233.67628437001665 424.736283400623;425.73207222949077 -262.20641234566256;-227.2822568025967 445.35690826877095;-499.91139576415975 -9.41256527890262
500,5,20,GNNLXSSA,174.05841741945187,72837.47151767508,2.087624297033331,,1753,1790,9000,5590,100,0.0,1,491.6754756816956 90.85827762608285;-99.85293939541077 -489.9279441857715;68.61666452143336 122.48915256359984;-321.3243858861946 383.08046026241;360.8530561191928 -317.39507073488653
500,5,21,GNNLXSSA,169.2235630172072,72842.30637207732,2.087624297033331,,1744,1790,9000,5590,100,0.0,1,-271.55898889361305 -240.9317899763398;82.1835609593721 251.70583127713454;493.1054122561059 -82.43782742531492;262.75186323824363 -425.3850095985736;-418.2876032045048 273.8827175592975
500,5,22,GNNLXSSA,156.33791524966364,72855.19201984486,2.087624297033331,,1753,1790,9000,5590,100,0.0,1,-239.74518396972212 438.7735711768931;195.80770369624338 370.4730071538901;-31.708557705847866 -140.04170482726684;380.16539444316277 -324.7680293191964;-498.63472035006214 -36.92445885067636
500,5,23,GNNLXSSA,159.46145837435324,72852.06847672017,2.087624297033331,,1756,1790,9000,5590,100,0.0,1,-444.66987256286563 228.62349930600934;327.3055903497727 377.9828706777422;-157.2082998783018 -474.6425501884275;10.784434814992998 -15.240588086185042;488.7651052240796 -105.39768458222571
500,5,24,GNNLXSSA,155.03260932974808,72856.49732576478,2.087624297033331,,1739,1790,9000,5590,100,0.0,1,301.6646460730817 -207.47750526979993;-495.25780006899436 14.251727568607029;-184.41829245035476 -381.8502106193819;3.580829531474012 330.7243873959567;442.6353995778521 230.1122310116757
500,5,25,GNNLXSSA,117.92651751101948,72893.60341758351,2.087624297033331,,1748,1790,9000,5590,100,0.0,1,200.78190610984467 457.9155229721935;-234.49467017362127 430.6757544841646;-454.35826856283796 -208.70688486147267;499.987475539476 -3.5389692937146577;-20.785986653857698 -396.75022774459944
500,5,26,GNNLXSSA,202.15901246746944,72809.37092262706,2.087624297033331,,1745,1790,9000,5590,100,0.0,1,78.38703385748441 -493.759160239401;-296.5547390656917 -176.75529983952097;-427.00146700854754 260.13409459843643;199.73823647725558 -133.9839306170908;464.93397321053817 183.94673292739543
500,5,27,GNNLXSSA,112.30552972547594,72899.22440536905,2.087624297033331,,1748,1790,9000,5590,100,0.0,1,-202.86265233312216 456.99742837802586;450.9225074870663 -216.02970234783737;277.12251501955666 416.17677559261284;-446.7970527940521 -224.437779516567;89.24428580287326 -292.9105381523765
500,5,28,GNNLXSSA,187.56236046607955,72823.96757462845,2.087624297033331,,1754,1790,9000,5590,100,0.0,1,-33.56587582778071 -148.1093732875057;-247.85242344977001 434.24001429518324;191.89721701287817 461.7081130056409;451.65614994126213 -82.03723286531951;192.9894459445905 -461.2523082923051
500,5,29,GNNLXSSA,227.17544358639861,72784.35449150813,2.087624297033331,,1747,1790,9000,5590,100,0.0,1,403.1273435218634 151.36450510654615;115.74741418231908 -269.0718697111407;-495.63694383073533 13.751146110282072;-181.9522930456911 167.97927747341095;-342.93766780609064 -290.97058522042585
500,5,30,GNNLXSSA,108.67143851651053,72902.85849657802,2.087624297033331,,1754,1790,9000,5590,100,0.0,1,-220.953136687343 -448.3852839780904;49.356997716803974 497.55777458220086;-412.81366925488385 282.1079128211744;488.31402629141064 107.46818937281618;279.0957660100247 -414.8560634669301
750,5,1,GNNLXSSA,54.36840609011415,72957.16152900441,1.7931862646000014,,1755,1790,9000,5590,100,0.0,1,743.2098694889881 100.69226184281942;-709.8546679884086 -242.08748487905402;298.30377219349384 -688.1241599414543;-346.45195622049664 -318.91230398514386;273.0606379603019 698.5254797418567
750,5,2,GNNLXSSA,80.15432314333157,72931.3756119512,1.7931862646000014,,1747,1790,9000,5590,100,0.0,1,-400.00566153414456 634.4171428136493;747.4590631133655 -61.684268413346686;-689.3555865458669 295.0987714955102;-430.6934461571369 -613.9987650430669;174.76379189933456 729.3174186747565
750,5,3,GNNLXSSA,18.38520255968615,72993.14473253484,1.7931862646000014,,1750,1790,9000,5590,100,0.0,1,736.8242757673627 -139.96423343090663;-679.5292232171612 -180.769294829799;-130.51906156100324 -737.059316480165;249.99056068514307 704.4554007505345;-473.51426673465875 581.1042725813213
750,5,4,GNNLXSSA,18.50329039353528,72993.02664470099,1.7931862646000014,,1749,1790,9000,5590,100,0.0,1,-729.3707195177942 169.45756094752676;-196.62705331427836 707.7848871870538;210.9237043478971 687.4158615072668;-210.19146661264097 -719.9441279455142;727.865774723038 -180.8629701924402
750,5,5,GNNLXSSA,52.20685346983373,72959.3230816247,1.7931862646000014,,1751,1790,9000,5590,100,0.0,1,-416.12585086198465 -623.9698284605726;365.54323880006643 654.8873391740791;67.18417205812992 -508.045134174321;-710.8554252525432 239.12994646293535;658.5503263684669 -358.90030086080674
750,5,6,GNNLXSSA,91.02738672208216,72920.50254837245,1.7931862646000014,,1742,1790,9000,5590,100,0.0,1,364.7241023670441 -209.05040856830755;-420.92234310618045 569.1146024952125;-201.6297750452083 -289.061804056703;159.4451911792467 -732.8555318243243;711.5724740802368 236.9907341852086
750,5,7,GNNLXSSA,41.87085333248251,72969.65908176205,1.7931862646000014,,1746,1790,9000,5590,100,0.0,1,150.97964710203925 -734.6462728149811;721.4986985638272 204.79101951348036;-194.90365739230361 724.2323360552992;-732.1599309764423 162.609095483553;-553.034614528416 -504.8527408921367
750,5,8,GNNLXSSA,51.49989707392524,72960.0300380206,1.7931862646000014,,1755,1790,9000,5590,100,0.0,1,-239.78161446919043 616.5319247008877;748.0254223470806 -54.38567115768817;-718.1141722112666 -207.2750173776979;163.3842482241196 -731.8306204956871;206.06802643059254 721.0262376874992
750,5,9,GNNLXSSA,76.99577135678555,72934.53416373774,1.7931862646000014,,1744,1790,9000,5590,100,0.0,1,376.3652214925177 -480.7340009338547;-423.2326972463583 -619.1720956095909;-106.58194546313696 -597.0648005368228;607.8831050266621 439.29276186063436;-729.6140081337078 173.67613288839033
750,5,10,GNNLXSSA,75.75825143676775,72935.77168365776,1.7931862646000014,,1745,1790,9000,5590,100,0.0,1,150.55539882336757 -462.21574603035066;673.1126495514825 -330.78597463281767;422.99326778695365 596.8754438315475;-748.9709112312579 -39.27561749252533;-619.7042086386886 -422.4531853300395
750,5,11,GNNLXSSA,51.17713559529511,72960.35279949923,1.7931862646000014,,1754,1790,9000,5590,100,0.0,1,419.9797699490672 259.8493527279399;-66.99987477926862 747.0013499181659;-744.6588756732766 -89.34852478363322;-401.5744406196098 -633.4334760975674;606.0032017157076 -441.5609519722332
750,5,12,GNNLXSSA,76.04084580852941,72935.489089286,1.7931862646000014,,1754,1790,9000,5590,100,0.0,1,-472.239358963139 53.24715595245857;-291.2405891290026 -620.7297646864379;-630.2143960709338 406.60633269973795;253.58284869197374 650.0868390307821;552.2109255319103 -507.50516936312215
750,5,13,GNNLXSSA,90.80025981228391,72920.72967528224,1.7931862646000014,,1751,1790,9000,5590,100,0.0,1,-675.973678458381 324.87267277370995;399.74790507407886 -634.5835526414803;-67.25303372354088 -746.9310231989261;-529.4352903350639 -120.5797766915004;654.5917945830189 0.03366915174490659
750,5,14,GNNLXSSA,94.80287479808612,72916.72706029644,1.7931862646000014,,1748,1790,9000,5590,100,0.0,1,564.1963231279723 494.0334135801452;-462.58119772035246 236.0800367205888;-32.195604337108534 -522.9657451991502;-659.2964980362042 -357.4196028426629;366.2526023909144 -104.1045540725438
750,5,15,GNNLXSSA,61.314808238632395,72950.2151268559,1.7931862646000014,,1745,1790,9000,5590,100,0.0,1,271.3668473108746 -699.1852266223344;-731.8633487472257 163.93698924583987;246.44333539763713 708.3539660217931;706.62938051403 -246.28648099824758;-462.8079238898596 -590.1769443012477
750,5,16,GNNLXSSA,105.52040697072516,72906.0095281238,1.7931862646000014,,1757,1790,9000,5590,100,0.0,1,-749.4924854128969 27.573367061134803;-495.48211324263195 563.0250765890816;673.2600451432648 -330.4856557169971;208.44641755130692 -720.4511677661019;-218.31059329176583 -94.98024743927232
750,5,17,GNNLXSSA,58.91274786526628,72952.61718722926,1.7931862646000014,,1752,1790,9000,5590,100,0.0,1,-438.9753940281707 -608.1123140253765;208.053664142966 579.9415653211573;-722.56624414426 200.99238069366345;173.05242542169532 -729.7621432322885;697.5314746313925 -275.58995702171734
750,5,18,GNNLXSSA,78.54040643220651,72932.98952866232,1.7931862646000014,,1754,1790,9000,5590,100,0.0,1,-450.81961537785867 92.39872836365092;-66.95953220414353 -564.0816268547834;637.9571801297463 124.91815989593717;320.63051680775794 98.54419668383142;-604.3745682119948 -444.09446966716075
750,5,19,GNNLXSSA,76.90277627873002,72934.6271588158,1.7931862646000014,,1759,1790,9000,5590,100,0.0,1,-250.5557353484478 -76.4276439036875;258.07200513076526 -659.8270835983196;714.7416586345526 222.90933381576596;222.26911505876234 716.221929173916;-483.661342450509 -573.1615551748135
750,5,20,GNNLXSSA,98.27577015466522,72913.25416493986,1.7931862646000014,,1742,1790,9000,5590,100,0.0,1,82.21909151712799 -434.8436838121881;274.69137938165574 288.52511773146296;-194.33720024517083 701.4392732498527;-749.0890793713825 -36.76096155239074;651.6189441236387 371.2404582554958
750,5,21,GNNLXSSA,17.989259581416263,72993.54067551311,1.7931862646000014,,1747,1790,9000,5590,100,0.0,1,347.23685098011754 -664.7755775564933;-657.1664419837878 351.48855102056683;365.0385133005223 655.1693522585078;-404.6516607586284 -631.4721161265031;742.1440388231738 9.026486418260589
750,5,22,GNNLXSSA,60.97126892443339,72950.5586661701,1.7931862646000014,,1740,1790,9000,5590,100,0.0,1,-138.3274867809835 737.133303006218;-696.6101069972449 -256.30747716274067;-94.25599271927823 -744.0536323656402;643.2232717514197 385.69913491917407;407.49813089943683 -240.76187670653263
750,5,23,GNNLXSSA,15.797251072566723,72995.73268402196,1.7931862646000014,,1754,1790,9000,5590,100,0.0,1,729.9124523204665 172.4166211896687;-488.9864388924901 -516.7317930028943;186.22566278798968 726.511848671217;221.74102780734432 -706.9228047563251;-509.77475646509345 539.6004377938908
750,5,24,GNNLXSSA,124.98111740320746,72886.54881769132,1.7931862646000014,,1750,1790,9000,5590,100,0.0,1,-127.81071351888193 739.0289269990046;488.4450293759518 569.1408055279279;-390.41716272827756 172.7657392213219;218.9088863521452 138.51783072280523;-590.4868333253667 -462.41218128403153
750,5,25,GNNLXSSA,66.48550851434993,72945.04442658018,1.7931862646000014,,1755,1790,9000,5590,100,0.0,1,744.1718117466183 -93.3183508306679;-299.2854442557021 -373.4783148400087;282.2867114259878 687.9828860296085;-537.4518206994665 523.1114034570729;-745.5313326503266 81.74981367946995
750,5,26,GNNLXSSA,74.21788295765873,72937.31205213687,1.7931862646000014,,1755,1790,9000,5590,100,0.0,1,-224.414058052432 715.6384076811694;749.2906097095636 -32.61260800779925;-737.1650290012885 -138.15831505026867;351.3543361146748 662.6085801537859;-524.8935806636605 -535.7114232290378
750,5,27,GNNLXSSA,59.82275942729029,72951.70717566724,1.7931862646000014,,1751,1790,9000,5590,100,0.0,1,85.40800153265548 745.1211131582554;-310.64888981589695 682.6392989463827;-117.79733544916755 -26.424970348654284;-637.4241415529314 -395.20937554648106;448.49807938020285 -601.1225509620452
750,5,28,GNNLXSSA,74.0941956195602,72937.43573947497,1.7931862646000014,,1745,1790,9000,5590,100,0.0,1,-529.4016453674004 531.2569038443539;725.470381363669 -190.24385867631207;-749.209611108007 -34.42322796294337;-7.775354644730218 -749.9596948237609;37.72972244384981 749.0503775076212
750,5,29,GNNLXSSA,101.3010366663948,72910.22889842813,1.7931862646000014,,1752,1790,9000,5590,100,0.0,1,480.4813788983987 316.1823177904878;741.1667100509555 -114.75653810350454;-681.5871996397572 -311.76303417220697;-447.03266502173074 602.2116566023794;-153.77210851876976 214.3407660978257
750,5,30,GNNLXSSA,85.98235835878586,72925.54757673574,1.7931862646000014,,1752,1790,9000,5590,100,0.0,1,691.3194801222376 -143.99620979727257;96.39507541600031 679.5843916598759;433.3928282199477 612.1034687432468;-739.6336908701073 -105.06578737104422;-199.36777584132454 -548.4795894520769
500,4,1,GNNLXSSA,53.74700248205045,58355.476945593575,1.4018077948333334,,1689,1726,9000,5590,100,0.0,1,-168.97172081360296 -433.48434614316676;412.42658611653803 -282.63250658784057;65.207464730258 495.7288465177253;-487.7992041369242 -50.244627854226124
500,4,2,GNNLXSSA,71.58458946389146,58337.639358611734,1.4018077948333334,,1685,1726,9000,5590,100,0.0,1,-483.6439909623599 126.84041156508736;133.38299206942582 -481.88066720569674;432.72562048547627 250.49658156441888;-109.25406466805858 487.9175640961367
500,4,3,GNNLXSSA,115.01457223501347,58294.20937584061,1.4018077948333334,,1683,1726,9000,5590,100,0.0,1,40.395077696467965 415.59049601705885;-182.82140214207993 -465.3771998733024;496.1267020118168 62.11509480241154;377.14654705927285 -308.39767010626065
500,4,4,GNNLXSSA,56.54086070111225,58352.68308737451,1.4018077948333334,,1688,1726,9000,5590,100,0.0,1,-8.887485430823913 -318.78506485300875;366.83835486978825 339.7493508403324;-210.08671539989538 453.52063999193194;-451.55648253813195 -214.64702393041514
500,4,5,GNNLXSSA,51.63758154014067,58357.586366535485,1.4018077948333334,,1686,1726,9000,5590,100,0.0,1,-459.56020550091847 196.9880334314271;495.24662276355457 58.93444557401062;180.2839973708981 465.39178005210823;-58.16315679512087 -489.0437648020178
500,4,6,GNNLXSSA,56.5586027564641,58352.66534531916,1.4018077948333334,,1682,1726,9000,5590,100,0.0,1,311.8278462298416 390.8495801656415;490.6813108588472 -96.08252272834707;-413.5754171295161 199.3275715857922;-166.60337040712594 -471.4268946178039
500,4,7,GNNLXSSA,60.08753031279048,58349.136417762835,1.4018077948333334,,1688,1726,9000,5590,100,0.0,1,385.8352485239975 318.01125922901696;-154.05563929423766 442.1091360608795;180.34431739322557 -466.34314317246213;-467.6907147928474 -176.82023440928774
500,4,8,GNNLXSSA,57.82257990047219,58351.40136817515,1.4018077948333334,,1682,1726,9000,5590,100,0.0,1,220.33691340343822 444.70850985191487;412.404144557243 -282.70624604350115;-259.45236583947775 -418.6252651514043;-437.69422687121715 241.71008204791022
500,4,9,GNNLXSSA,76.10036494827364,58333.12358312735,1.4018077948333334,,1688,1726,9000,5590,100,0.0,1,-97.39687089855279 463.1892855743079;-499.99207527504217 -2.8053551545153415;287.57846605261875 -207.43357554055507;426.1170626255848 260.66001626106595
500,4,10,GNNLXSSA,44.53792723011429,58364.68602084551,1.4018077948333334,,1680,1726,9000,5590,100,0.0,1,97.93448889014118 442.5288853888567;-161.22653721187302 -473.29242504685436;461.75527554985337 -191.78651021872983;-378.9662282565371 326.16651857757296
500,4,11,GNNLXSSA,46.75591032639204,58362.46803774923,1.4018077948333334,,1692,1726,9000,5590,100,0.0,1,418.32376932859853 234.23892580180257;-243.53674202893018 286.62097634791735;238.34563794302977 -439.5353875099593;-426.0854480788414 -261.6317850251627
500,4,12,GNNLXSSA,47.825780649101944,58361.39816742652,1.4018077948333334,,1681,1726,9000,5590,100,0.0,1,-250.70105726901514 432.59893199134655;-431.10115750737265 -238.77354942540856;432.6085604604658 250.64497516218157;131.93226203062383 -482.2769895303486
500,4,13,GNNLXSSA,72.88093355345336,58336.34301452217,1.4018077948333334,,1689,1726,9000,5590,100,0.0,1,-475.6979001269649 -153.9854142923807;-169.3997165698368 417.6741757857146;244.80398750099073 -315.40213514026277;423.0105250579644 266.57474691010265
500,4,14,GNNLXSSA,53.91097006428754,58355.31297801134,1.4018077948333334,,1687,1726,9000,5590,100,0.0,1,319.6707190581896 384.45928657311606;-226.81013344716578 445.59717740140616;317.2592948610745 -386.4538003749656;-464.9171628132496 -183.9588386795707
500,4,15,GNNLXSSA,76.31700593933056,58332.906942136295,1.4018077948333334,,1688,1726,9000,5590,100,0.0,1,-494.7578879601875 -72.21241099128723;-20.28737283865427 -499.58825296768674;492.1615187773404 -88.18752425814907;232.03493850550825 442.8992970334735
500,4,16,GNNLXSSA,54.06144532532198,58355.1625027503,1.4018077948333334,,1695,1726,9000,5590,100,0.0,1,320.6515880561751 -382.23758325211827;-491.137334205757 93.4465359044077;-119.41594759703362 -485.40451888497927;108.70528488208569 415.0021800638797
500,4,17,GNNLXSSA,73.87272233158728,58335.35122574404,1.4018077948333334,,1682,1726,9000,5590,100,0.0,1,96.60371760578018 -490.57896586048474;-499.70162248032256 -17.271030384235278;499.99999999569707 -0.002074356712053111;-148.59049232272739 477.4105838702044
500,4,18,GNNLXSSA,50.690469043693156,58358.53347903193,1.4018077948333334,,1688,1726,9000,5590,100,0.0,1,-255.62581627220993 -429.6844675431508;436.6218445089957 -243.62804011562645;18.291309305239615 472.42973176028977;-435.13113159354083 238.78866905366002
500,4,19,GNNLXSSA,61.993383341607114,58347.23056473402,1.4018077948333334,,1687,1726,9000,5590,100,0.0,1,-147.0654897111199 477.8825606108979;128.59726346250378 -483.1798255618247;-473.4097699155369 -160.8825340070151;344.60730289925215 362.2786314268384
500,4,20,GNNLXSSA,79.20582028166973,58330.018127793956,1.4018077948333334,,1692,1726,9000,5590,100,0.0,1,499.2399301442798 27.558885128658044;-87.8105402390769 178.38431535169403;-262.78567213463594 -425.374764790705;-476.1926787819297 152.44845907548526
500,4,21,GNNLXSSA,65.00824393891526,58344.21570413671,1.4018077948333334,,1689,1726,9000,5590,100,0.0,1,199.05592309334259 458.6684417762543;-395.89384463399716 305.39820526799514;466.35212678529194 -180.32108540832087;-44.77374660754104 -497.9912766452076
500,4,22,GNNLXSSA,43.604048211782356,58365.61989986384,1.4018077948333334,,1683,1726,9000,5590,100,0.0,1,-403.4387867714552 -295.3137151346158;-196.38706595067444 459.7913627336219;192.88988047451127 -450.79953317792393;394.8036867515519 306.7758285498018
500,4,23,GNNLXSSA,57.245547542421264,58351.978400533204,1.4018077948333334,,1681,1726,9000,5590,100,0.0,1,493.7361784783815 78.79755327175243;-460.73299061452553 -194.2293502074424;69.15611823362106 -495.19422979162886;-174.67852401619947 468.4948321725289
500,4,24,GNNLXSSA,29.059008122159867,58380.164939953465,1.4018077948333334,,1686,1726,9000,5590,100,0.0,1,-139.5169914759234 477.32092497784384;-362.0883890001229 -344.09823202224226;122.12565211860475 -440.856986397533;345.55039060778614 361.35717357663265
500,4,25,GNNLXSSA,35.76731299777748,58373.45663507785,1.4018077948333334,,1685,1726,9000,5590,100,0.0,1,-483.2859703552294 -128.1977802374297;136.31783422553227 -481.0586742509278;-129.4549101524548 482.9507492875643;484.68283404528046 122.81103526082293
500,4,26,GNNLXSSA,60.219672137958696,58349.00427593767,1.4018077948333334,,1696,1726,9000,5590,100,0.0,1,-485.0988396926376 121.15740063593573;135.62207827808362 481.255287642155;-113.77110913475651 -486.88410810607417;498.3607284507339 -40.454719601720306
500,4,27,GNNLXSSA,87.67354907411936,58321.550399001506,1.4018077948333334,,1688,1726,9000,5590,100,0.0,1,308.65085433655844 389.6516874816419;-114.91825165900359 -486.61462723148577;478.87968333205896 -143.78542656259324;-450.58278986457395 -216.7375128533526
500,4,28,GNNLXSSA,74.59404647922202,58334.6299015964,1.4018077948333334,,1688,1726,9000,5590,100,0.0,1,352.94362604409065 -354.12424307289405;-1.6128808134605115 385.19133587572907;3.871272145277266 -419.9656736578723;-368.53745068096333 -337.9040304562751
500,4,29,GNNLXSSA,73.99104520853871,58335.23290286709,1.4018077948333334,,1687,1726,9000,5590,100,0.0,1,112.50848641662097 487.1277926496693;-498.07774177696 -42.198448439436;-155.36000597396819 -475.03125988034145;478.93451687169414 143.5892813258667
500,4,30,GNNLXSSA,54.61076247182791,58354.6131856038,1.4018077948333334,,1690,1726,9000,5590,100,0.0,1,490.011965020602 99.43980157184708;162.24952539102776 -415.0133736553288;-93.3840787508738 491.18841598653376;-332.17511235518685 -361.5864197916036
750,4,1,GNNLXSSA,37.545764808652166,58371.67818326697,1.3891398564999993,,1682,1726,9000,5590,100,0.0,1,-734.4294696521977 -152.03076697297726;184.98490438144935 -139.2183700389698;-494.8059027155843 563.6196577815714;749.9998976766121 0.3917717081813503
750,4,2,GNNLXSSA,29.189979781782313,58380.03396829384,1.3891398564999993,,1688,1726,9000,5590,100,0.0,1,-26.47188216554013 749.530714162101;-699.6357692406934 270.2023391261847;-353.5069836489755 -611.7116586090345;661.3930274038439 353.5495152449198
750,4,3,GNNLXSSA,10.257903060883109,58398.96604501474,1.3891398564999993,,1687,1726,9000,5590,100,0.0,1,-734.1275881554179 -38.97118129361096;-329.9749541130813 673.4983099321166;379.6669984849225 -646.8009409771437;654.8269216625245 365.30992243309277
750,4,4,GNNLXSSA,22.235148297055275,58386.98879977857,1.3891398564999993,,1692,1726,9000,5590,100,0.0,1,-284.9282218586562 693.7568546080201;576.4004497162186 474.72823763818354;-737.1761541551448 83.05064964067503;-315.9073595870199 -637.5278150565656
750,4,5,GNNLXSSA,29.384301991151005,58379.839646084474,1.3891398564999993,,1687,1726,9000,5590,100,0.0,1,742.302605183249 -107.1766874752214;483.6951019656929 558.3767768955437;-719.5310482009851 211.6012066950274;-205.47718746658782 -721.3037677919204
750,4,6,GNNLXSSA,27.641618770321656,58381.5823293053,1.3891398564999993,,1690,1726,9000,5590,100,0.0,1,-103.89346190280634 -742.7253284030771;631.3214224982079 -404.73949854478826;321.4225629018874 677.520001843418;-613.3939132785549 431.48967698200624
750,4,7,GNNLXSSA,1.4551915228366852e-11,58409.22394807561,1.3891398564999993,,1689,1726,9000,5590,100,0.0,1,-192.83749053593766 724.7852800959758;-520.3880578563177 -511.9308201576912;224.08230694103102 -715.7423556811385;727.6633814853765 181.67554388322966
750,4,8,GNNLXSSA,22.993838639202295,58386.23010943642,1.3891398564999993,,1682,1726,9000,5590,100,0.0,1,491.3351520707786 -566.6454506711432;-683.591670410247 308.54890721849614;465.90891790054013 587.7277582441357;-306.43919487788173 -684.5400060205361
750,4,9,GNNLXSSA,28.45822830202087,58380.765719773604,1.3891398564999993,,1688,1726,9000,5590,100,0.0,1,-655.4266865627214 364.5753908330695;-64.15491440202594 507.12064073184774;683.9740819021949 307.6967087242173;460.405906560044 -575.3850194643113
750,4,10,GNNLXSSA,10.549792103083746,58398.67415597254,1.3891398564999993,,1683,1726,9000,5590,100,0.0,1,660.2268715010345 -355.8085501705694;-431.6409206687807 -548.9068258069223;-659.8412904865852 356.52415257454567;394.4688515076023 637.88268920725
750,4,11,GNNLXSSA,16.23297896506847,58392.99096911056,1.3891398564999993,,1691,1726,9000,5590,100,0.0,1,746.6140154367347 -65.95048475987493;-122.41958493126063 -739.502291258596;305.31526488653174 684.1628331023963;-742.041100025674 -105.05782078711523
750,4,12,GNNLXSSA,26.25963296925329,58382.96431510637,1.3891398564999993,,1684,1726,9000,5590,100,0.0,1,-19.74143489430933 -749.7311838373678;664.5588445367574 -347.6461753197689;6.3078215736946985 749.9384526787687;-721.5390470419122 204.64659559286022
750,4,13,GNNLXSSA,12.432645792112453,58396.79130228351,1.3891398564999993,,1685,1726,9000,5590,100,0.0,1,508.99425593658816 550.8395552661051;499.6972864121914 -559.2867646290115;-264.7122346602042 -701.7317385021151;-588.4801089517861 464.96361295062
750,4,14,GNNLXSSA,23.937381392272073,58385.28656668335,1.3891398564999993,,1680,1726,9000,5590,100,0.0,1,-312.16526317693456 -660.6934240056049;303.1820670832749 -680.2661883443617;583.2181041032347 471.5438268618444;-742.4079735656287 106.00007288297486
750,4,15,GNNLXSSA,12.16171101864893,58397.062237056976,1.3891398564999993,,1681,1726,9000,5590,100,0.0,1,65.13298253487011 -747.1468281723703;-715.2877624832843 15.262620429755962;19.925864107850327 749.6874148240993;702.5840007505651 -125.91665000707111
750,4,16,GNNLXSSA,1.4551915228366852e-11,58409.22394807561,1.3891398564999993,,1687,1726,9000,5590,100,0.0,1,-376.24295694552853 648.7998438261874;-647.3845896907852 -378.67293675531334;609.2764217893445 -375.92102915847437;352.0196046926271 650.6527434731539
750,4,17,GNNLXSSA,15.872837616276229,58393.35111045935,1.3891398564999993,,1693,1726,9000,5590,100,0.0,1,749.6629176561046 -22.48354712532242;-628.292670549422 -381.2487092130795;-384.9946629733267 593.5665600240742;292.23577740203325 -639.5848720229161
750,4,18,GNNLXSSA,18.776698042463977,58390.44725003316,1.3891398564999993,,1693,1726,9000,5590,100,0.0,1,258.38976603235847 704.084319389193;-722.8509752204324 199.96616619535885;-172.88863235265828 -729.8010145260332;735.9564408509764 -144.45801178876596
750,4,19,GNNLXSSA,17.038063829924795,58392.1858842457,1.3891398564999993,,1687,1726,9000,5590,100,0.0,1,347.28177743992575 664.6224558994277;-75.93436340788752 -746.1448988871749;748.8066772207608 -42.291372046827114;-444.4625812342924 603.5543429532231
750,4,20,GNNLXSSA,8.879191374049697,58400.344756701576,1.3891398564999993,,1690,1726,9000,5590,100,0.0,1,-743.5567551141169 98.09609691748801;-100.84772129090963 743.1887517951812;424.05114070301767 -618.6114712005467;686.1503292339172 302.81380323315835
750,4,21,GNNLXSSA,1.4551915228366852e-11,58409.22394807561,1.3891398564999993,,1684,1726,9000,5590,100,0.0,1,-666.1729575190203 -344.5483865444177;371.6735574308294 -645.1715344389855;746.2119551729402 9.097719094585544;-385.04488354405015 639.5466398151387
750,4,22,GNNLXSSA,25.543044105710578,58383.680903969915,1.3891398564999993,,1684,1726,9000,5590,100,0.0,1,658.1114447554692 357.0150227331545;416.96950763922655 -610.4116291990067;-744.2772769296506 92.47342886572432;-81.108375615982 -591.6748407042637
750,4,23,GNNLXSSA,11.253853522939608,58397.970094552686,1.3891398564999993,,1696,1726,9000,5590,100,0.0,1,690.804063644745 292.0440816929989;452.1309573302648 -598.3958534478813;-452.69350360472475 597.9703937437698;-692.9077879663928 -287.01706809094185
750,4,24,GNNLXSSA,1.4551915228366852e-11,58409.22394807561,1.3891398564999993,,1677,1726,9000,5590,100,0.0,1,713.6713859313165 200.21993385787243;-196.94996954253628 709.4478797135475;185.56468254977145 -708.1173029611634;-707.4711785141797 -208.0103446051054
750,4,25,GNNLXSSA,13.208565502973215,58396.01538257265,1.3891398564999993,,1685,1726,9000,5590,100,0.0,1,219.51001465935317 659.8046643312673;-144.07993304146817 -736.0305516041885;-744.5751454807254 90.04361572236253;717.6791717021863 -217.7994639682656
750,4,26,GNNLXSSA,1.4551915228366852e-11,58409.22394807561,1.3891398564999993,,1686,1726,9000,5590,100,0.0,1,-566.3004341043702 -262.4622310998931;-318.50003924366524 674.7097540233242;364.4285917420666 -512.3381682455596;617.2109059430717 426.0876642017846
750,4,27,GNNLXSSA,1.4551915228366852e-11,58409.22394807561,1.3891398564999993,,1689,1726,9000,5590,100,0.0,1,-729.9562156093577 -172.23217844893225;202.71686543831345 -722.0843942828737;728.4805627441066 178.37059652316526;170.64376552378118 730.3291759801635
750,4,28,GNNLXSSA,25.682471267995425,58383.54147680763,1.3891398564999993,,1687,1726,9000,5590,100,0.0,1,734.9250663736748 -149.6166662362508;236.83095228433618 711.6256741012753;-275.7012970383852 -697.4874872077291;-744.5488676843363 90.26064275182479
750,4,29,GNNLXSSA,1.4551915228366852e-11,58409.22394807561,1.3891398564999993,,1689,1726,9000,5590,100,0.0,1,2.773808565579379 749.9948706398208;355.90446787778683 -660.1757415602525;650.1722363120667 373.86637068472226;-627.6853189800846 -410.5010844527324
750,4,30,GNNLXSSA,22.04012880290975,58387.183819272715,1.3891398564999993,,1682,1726,9000,5590,100,0.0,1,369.34033188961934 443.7621697200323;-333.82677719350323 -598.8334661057407;683.4973732602796 -308.75771324485584;-740.489580526157 119.05863770961967
500,3,1,GNNLXSSA,17.342852528279764,43789.57510852844,0.919192703699999,,1612,1662,9000,5590,100,0.0,1,-30.65094349598961 499.0432819557892;499.97722529690196 4.021926184126659;-442.86253971949685 -232.05694307007167
500,3,2,GNNLXSSA,8.720145275059622,43798.19781578166,0.919192703699999,,1633,1662,9000,5590,100,0.0,1,-385.0522668708549 -318.95885593225955;333.6234276675973 -372.4183246180609;-167.9429819997458 470.9513295416343
500,3,3,GNNLXSSA,8.799883541410964,43798.11807751531,0.919192703699999,,1628,1662,9000,5590,100,0.0,1,306.2266658713083 -362.2769144970408;64.3581266206059 495.84057438487747;-405.6691127271784 -292.2883941096528
500,3,4,GNNLXSSA,6.536884412373183,43800.38107664435,0.919192703699999,,1626,1662,9000,5590,100,0.0,1,-393.6826480899677 -308.24336585378546;-179.36049176132224 466.16150056877854;471.3031314294323 -166.90974317690592
500,3,5,GNNLXSSA,1.4551915228366852e-11,43806.91796105671,0.919192703699999,,1623,1662,9000,5590,100,0.0,1,470.71038462864374 138.21658445076872;-343.54010956183976 356.97659545475284;120.84543365321142 -467.6256830622457
500,3,6,GNNLXSSA,17.295428585624904,43789.6225324711,0.919192703699999,,1631,1662,9000,5590,100,0.0,1,465.61260035160205 182.22213475266747;81.49000400086166 -493.3146858222848;-496.63376998150545 -57.92148577131898
500,3,7,GNNLXSSA,6.5357134343648795,43800.38224762236,0.919192703699999,,1625,1662,9000,5590,100,0.0,1,415.10662611992535 278.7180647443942;-47.322015798971975 -497.75465613741574;-458.2343006551144 200.04384896661006
500,3,8,GNNLXSSA,6.5436797451548046,43800.37428131157,0.919192703699999,,1632,1662,9000,5590,100,0.0,1,-417.15470517948256 275.6460486116031;456.41425417822586 204.17088117512913;43.4155546059962 -498.10942663834504
500,3,9,GNNLXSSA,1.4551915228366852e-11,43806.91796105671,0.919192703699999,,1627,1662,9000,5590,100,0.0,1,-127.09680758981408 -483.5766759268666;-349.93563649595507 357.1344989078635;483.6892438643393 126.66773610491236
500,3,10,GNNLXSSA,13.064854654432565,43793.85310640229,0.919192703699999,,1620,1662,9000,5590,100,0.0,1,-461.77258962989737 191.74481861708392;-71.94236219513778 -494.79722768199053;456.18983356226505 204.67250854580575
500,3,11,GNNLXSSA,8.63775719836849,43798.280203858354,0.919192703699999,,1632,1662,9000,5590,100,0.0,1,100.12265438027946 -489.872895841204;340.2789646304501 366.34713896798604;-384.16204436176156 320.03050428325105
500,3,12,GNNLXSSA,5.62988755483093,43801.28807350189,0.919192703699999,,1620,1662,9000,5590,100,0.0,1,-98.82582423483457 -490.13567431588905;-475.3069245804192 155.18803073407676;491.69559211042554 90.74925335244704
500,3,13,GNNLXSSA,18.57009628326341,43788.34786477346,0.919192703699999,,1619,1662,9000,5590,100,0.0,1,495.92087927178386 62.9256949413759;-483.6241536475393 51.01179439512686;-65.21166388399895 -495.72892107431676
500,3,14,GNNLXSSA,13.093960260383028,43793.82400079634,0.919192703699999,,1615,1662,9000,5590,100,0.0,1,-76.14206980308315 494.1683773837642;-376.98851260031466 -328.45039407405557;380.45515031886475 -324.4285415863561
500,3,15,GNNLXSSA,1.4551915228366852e-11,43806.91796105671,0.919192703699999,,1621,1662,9000,5590,100,0.0,1,-6.329437255721267 476.9233618540864;-424.69062116444354 -263.889894264557;415.9454548283821 -270.8904834717295
500,3,16,GNNLXSSA,13.071976659295615,43793.84598439743,0.919192703699999,,1631,1662,9000,5590,100,0.0,1,-34.57541217755167 -498.79825389602445;-401.91107337151175 297.34504874476687;407.0049477987056 290.42535859952505
500,3,17,GNNLXSSA,6.551356238705921,43800.36660481802,0.919192703699999,,1628,1662,9000,5590,100,0.0,1,455.89994148794574 205.31742096394944;-417.12059349643914 275.6998557873731;-219.0555989777805 -449.46039264487564
500,3,18,GNNLXSSA,11.23781652564503,43795.68014453108,0.919192703699999,,1622,1662,9000,5590,100,0.0,1,-213.64450259586758 452.05754778630154;-414.01656431149706 -280.3395877782944;497.5491707116442 49.445148641248565
500,3,19,GNNLXSSA,13.184200864096056,43793.73376019263,0.919192703699999,,1624,1662,9000,5590,100,0.0,1,120.80629320900364 -485.1863966777101;-475.20678056682834 155.49442338331707;479.8883437052631 140.38225520278283
500,3,20,GNNLXSSA,15.462010666669812,43791.45595039005,0.919192703699999,,1623,1662,9000,5590,100,0.0,1,-320.4959230475239 271.87971351124736;-13.949711769070692 -447.5718443003807;391.75825715272816 270.4534646575978
500,3,21,GNNLXSSA,13.796893666847609,43793.121067389875,0.919192703699999,,1623,1662,9000,5590,100,0.0,1,369.91047769918356 318.2282821141224;166.40131722447578 -468.41747555824986;-339.2883057885552 -367.26481665840504
500,3,22,GNNLXSSA,37.81850531708915,43769.09945573963,0.919192703699999,,1617,1662,9000,5590,100,0.0,1,425.3904597518124 262.75601986392485;-84.60907138173647 390.0930096155164;-499.9957566631583 0.4141320918787763
500,3,23,GNNLXSSA,28.605714990000706,43778.31224606672,0.919192703699999,,1621,1662,9000,5590,100,0.0,1,497.3653388931381 -51.26128819795618;-495.45082835698565 -67.29395723522795;-46.71832428722524 35.86549941048139
500,3,24,GNNLXSSA,11.24455526402744,43795.673405792695,0.919192703699999,,1621,1662,9000,5590,100,0.0,1,-319.01171608087833 -385.00847393678634;96.66779866642464 490.566342813067;471.4521705688971 -166.53183138930396
500,3,25,GNNLXSSA,1.4551915228366852e-11,43806.91796105671,0.919192703699999,,1620,1662,9000,5590,100,0.0,1,-361.1813825668026 345.75715305273576;-135.07739992620472 -481.40845030927335;484.01363925575725 -125.42247412006229
500,3,26,GNNLXSSA,28.16591960354708,43778.752041453175,0.919192703699999,,1625,1662,9000,5590,100,0.0,1,-499.17116917474635 -28.777488853559174;498.3827352944267 -40.18269727688014;-14.748953918755777 60.637105017278074
500,3,27,GNNLXSSA,1.4551915228366852e-11,43806.91796105671,0.919192703699999,,1628,1662,9000,5590,100,0.0,1,252.44947016866158 431.5892318067748;-10.859812608442931 -499.8820505580386;-434.9834474162015 246.55506580461218
500,3,28,GNNLXSSA,13.09876333460852,43793.819197722114,0.919192703699999,,1627,1662,9000,5590,100,0.0,1,469.4516357748583 172.0905624033747;-106.94859147090524 -488.4280896737916;-326.9813635044771 377.8475553733206
500,3,29,GNNLXSSA,1.4551915228366852e-11,43806.91796105671,0.919192703699999,,1631,1662,9000,5590,100,0.0,1,-485.3067349795253 -120.32195553394565;354.8877358665774 -345.8642464012997;122.87467374086472 484.6667046054185
500,3,30,GNNLXSSA,8.618501207383815,43798.29945984934,0.919192703699999,,1618,1662,9000,5590,100,0.0,1,-38.34373208187008 -498.4050032564708;419.57043190054367 271.58060836556416;-294.68308439698427 403.9218427715028
750,3,1,GNNLXSSA,9.656652789999498,43797.26130826672,0.976378901066668,,1623,1662,9000,5590,100,0.0,1,661.228539788719 -353.94465410411055;-683.1768067074546 46.23857706780936;338.62044056132163 669.205646445139
750,3,2,GNNLXSSA,5.889365414812346,43801.02859564191,0.976378901066668,,1618,1662,9000,5590,100,0.0,1,-143.89045595031166 736.0676169255181;-473.7597081892229 -579.6443633942987;459.45742561289 -592.7890637057803
750,3,3,GNNLXSSA,1.4551915228366852e-11,43806.91796105671,0.976378901066668,,1624,1662,9000,5590,100,0.0,1,-657.574059575348 -360.68872476637887;-4.770463497906884 749.9848282985563;661.5540736701147 -353.3358283707956
750,3,4,GNNLXSSA,1.4551915228366852e-11,43806.91796105671,0.976378901066668,,1620,1662,9000,5590,100,0.0,1,749.9146063596966 -11.317383460023526;-749.8875516219272 12.986913508280109;21.504058871777048 -734.0245610828642
750,3,5,GNNLXSSA,3.827546219828946,43803.09041483689,0.976378901066668,,1615,1662,9000,5590,100,0.0,1,-214.3808286380089 -650.3795918435886;-540.7677284904948 464.71601635249755;687.1220188204137 298.3323310646852
750,3,6,GNNLXSSA,5.627337207624805,43801.2906238491,0.976378901066668,,1621,1662,9000,5590,100,0.0,1,-689.5649859927173 -294.9578446030273;696.0354245605026 279.34689501922315;-91.60993307973654 744.384054209335
750,3,7,GNNLXSSA,1.4551915228366852e-11,43806.91796105671,0.976378901066668,,1620,1662,9000,5590,100,0.0,1,699.8545436335538 -28.68162977206488;-378.365871159607 579.6895387549615;-361.42002587117685 -617.6284180619256
750,3,8,GNNLXSSA,2.8133991987488116,43804.104561857974,0.976378901066668,,1618,1662,9000,5590,100,0.0,1,743.4228259328681 -99.10784014840274;-122.86502216130029 731.8178920006553;-743.974526037877 94.87832541701007
750,3,9,GNNLXSSA,1.4551915228366852e-11,43806.91796105671,0.976378901066668,,1622,1662,9000,5590,100,0.0,1,543.3512365822144 516.9810767374165;-540.8437887211735 519.6036914820049;-194.6642692038849 -724.2967777750481
750,3,10,GNNLXSSA,1.4551915228366852e-11,43806.91796105671,0.976378901066668,,1615,1662,9000,5590,100,0.0,1,-729.9587654444457 -172.22137135332727;-196.44216942755483 723.8166025110199;663.5209800904108 -154.26746150982774
750,3,11,GNNLXSSA,1.4551915228366852e-11,43806.91796105671,0.976378901066668,,1622,1662,9000,5590,100,0.0,1,-638.7589015330395 338.0092045061624;318.3515409475969 -580.5557753990475;564.5443711897534 320.5145608717061
750,3,12,GNNLXSSA,1.4551915228366852e-11,43806.91796105671,0.976378901066668,,1623,1662,9000,5590,100,0.0,1,-652.4879920296238 -359.8120277298992;644.8437443856062 349.68105439014255;-40.38438823475086 748.1345127545569
750,3,13,GNNLXSSA,1.4551915228366852e-11,43806.91796105671,0.976378901066668,,1629,1662,9000,5590,100,0.0,1,330.33390801651774 -256.2841250450013;540.9501421576716 519.4929679019677;-531.8317621249121 249.46244240084962
750,3,14,GNNLXSSA,5.875005776775652,43801.04295527995,0.976378901066668,,1626,1662,9000,5590,100,0.0,1,269.0600355801125 700.0712781467068;-540.3017356727967 -520.1631973779906;736.5411200298644 -140.60729452906122
750,3,15,GNNLXSSA,5.861152437180863,43801.05680861954,0.976378901066668,,1623,1662,9000,5590,100,0.0,1,568.8636517388918 488.7679876283765;-263.97492460232087 702.0088763574078;-303.34271101914646 -685.9177790898517
750,3,16,GNNLXSSA,1.4551915228366852e-11,43806.91796105671,0.976378901066668,,1613,1662,9000,5590,100,0.0,1,11.040211274506241 -634.878178181562;-709.629567513771 111.09740035510144;451.2529539091962 135.99693796405506
750,3,17,GNNLXSSA,1.4551915228366852e-11,43806.91796105671,0.976378901066668,,1616,1662,9000,5590,100,0.0,1,-94.65645534549492 179.41174548025077;728.6676322131068 175.42634640842104;314.384232024011 -544.5878161618836
750,3,18,GNNLXSSA,5.919917973136762,43800.998043083586,0.976378901066668,,1621,1662,9000,5590,100,0.0,1,-670.465660719599 332.9355255773216;668.7230303266737 339.5725382163736;-434.0838157314839 -611.6136369637248
750,3,19,GNNLXSSA,1.4551915228366852e-11,43806.91796105671,0.976378901066668,,1635,1662,9000,5590,100,0.0,1,-59.65686061692011 654.8392283647073;-685.0059143812402 17.582133030312953;477.97085616793123 -316.0069870184904
750,3,20,GNNLXSSA,2.9476776974042878,43803.97028335932,0.976378901066668,,1621,1662,9000,5590,100,0.0,1,-429.4141896682213 -614.9011739390199;-682.9253356595945 310.0209443154288;749.6285392975668 23.60197175229743
750,3,21,GNNLXSSA,1.4551915228366852e-11,43806.91796105671,0.976378901066668,,1618,1662,9000,5590,100,0.0,1,673.4260903291903 330.1473926353822;-656.1739444492695 363.2296169448288;17.960684358254202 -749.7849117029384
750,3,22,GNNLXSSA,1.4551915228366852e-11,43806.91796105671,0.976378901066668,,1623,1662,9000,5590,100,0.0,1,485.25290734836915 -38.85337873639921;-525.6096344348655 535.0088898226337;122.99678506880585 -663.2871142115897
750,3,23,GNNLXSSA,1.4551915228366852e-11,43806.91796105671,0.976378901066668,,1620,1662,9000,5590,100,0.0,1,324.18543970113365 465.13011168335504;586.048836134872 -468.02431738635335;-575.9272899073225 -480.4245588435369
750,3,24,GNNLXSSA,1.4551915228366852e-11,43806.91796105671,0.976378901066668,,1616,1662,9000,5590,100,0.0,1,-509.69581519623705 520.4427004983847;-713.3363700584096 -231.62733679747677;723.1763151054231 -198.78636087654928
750,3,25,GNNLXSSA,1.4551915228366852e-11,43806.91796105671,0.976378901066668,,1623,1662,9000,5590,100,0.0,1,-166.08272951773935 -731.3798786922822;727.5181303646215 167.15691347560556;-723.8637275119589 196.2684487952467
750,3,26,GNNLXSSA,1.4551915228366852e-11,43806.91796105671,0.976378901066668,,1615,1662,9000,5590,100,0.0,1,-86.3600701760539 -321.71981348052384;-354.4530213202127 660.9561677425916;675.9762006472579 -324.89409991333804
750,3,27,GNNLXSSA,1.4551915228366852e-11,43806.91796105671,0.976378901066668,,1619,1662,9000,5590,100,0.0,1,12.631747563580191 -749.8936184243003;-641.7001538762596 344.2872348365256;669.5849686068357 333.9478073443337
750,3,28,GNNLXSSA,4.536134395741101,43802.38182666098,0.976378901066668,,1611,1662,9000,5590,100,0.0,1,325.1677076040944 -675.8415470562071;-459.18405733499384 593.0002332243037;636.9347037767875 395.9889755067793
750,3,29,GNNLXSSA,1.4551915228366852e-11,43806.91796105671,0.976378901066668,,1626,1662,9000,5590,100,0.0,1,228.18467125128007 -341.2071714228451;-373.8731949931716 650.1683121051025;-632.0535670689603 -332.3327320980772
750,3,30,GNNLXSSA,1.4551915228366852e-11,43806.91796105671,0.976378901066668,,1622,1662,9000,5590,100,0.0,1,-410.0731693845423 413.1591193736434;-428.90289818865205 -615.2579165889496;483.43403629321665 -86.88665785838518
500,2,1,GNNLXSSA,5.34956009783491,29199.262413939978,0.5785330132000013,,1555,1598,9000,5590,100,0.0,1,495.7213867147403 65.27102537585029;-495.7235710148161 -65.25443387478384
500,2,2,GNNLXSSA,7.275957614183426e-12,29204.611974037805,0.5785330132000013,,1557,1598,9000,5590,100,0.0,1,-341.42533134606805 316.9537797855359;374.48043848863955 -100.22987049653959
500,2,3,GNNLXSSA,7.275957614183426e-12,29204.611974037805,0.5785330132000013,,1551,1598,9000,5590,100,0.0,1,485.85700327996165 118.08036400610943;-345.32583683276323 -361.59378647282057
500,2,4,GNNLXSSA,7.275957614183426e-12,29204.611974037805,0.5785330132000013,,1559,1598,9000,5590,100,0.0,1,5.210052474055528 -433.64988033806696;220.61460715774285 382.17310828560187
500,2,5,GNNLXSSA,7.275957614183426e-12,29204.611974037805,0.5785330132000013,,1558,1598,9000,5590,100,0.0,1,-331.50239966867326 -139.99093718951983;478.12177441310087 -146.28591467420182
500,2,6,GNNLXSSA,7.275957614183426e-12,29204.611974037805,0.5785330132000013,,1563,1598,9000,5590,100,0.0,1,-286.8106539313361 -234.52298173199125;336.60451847037245 124.52285578321667
500,2,7,GNNLXSSA,7.275957614183426e-12,29204.611974037805,0.5785330132000013,,1557,1598,9000,5590,100,0.0,1,-358.34364285337205 -32.94485265078263;499.4500393224028 -23.444790910782665
500,2,8,GNNLXSSA,7.275957614183426e-12,29204.611974037805,0.5785330132000013,,1567,1598,9000,5590,100,0.0,1,81.73459346103823 480.28952789859056;-149.9215980285602 -400.74567796975936
500,2,9,GNNLXSSA,5.34956304874504,29199.262410989068,0.5785330132000013,,1563,1598,9000,5590,100,0.0,1,495.68369893651635 65.55662139412767;-495.79026434526577 -64.74576264475904
500,2,10,GNNLXSSA,7.275957614183426e-12,29204.611974037805,0.5785330132000013,,1555,1598,9000,5590,100,0.0,1,-367.3085431374373 110.1049393687143;434.6631712298869 -101.0798235513446
500,2,11,GNNLXSSA,7.275957614183426e-12,29204.611974037805,0.5785330132000013,,1570,1598,9000,5590,100,0.0,1,-332.38432847126046 350.8781057008877;412.8224321282025 -78.91444688783183
500,2,12,GNNLXSSA,7.275957614183426e-12,29204.611974037805,0.5785330132000013,,1560,1598,9000,5590,100,0.0,1,497.04228653092576 -54.30437735679359;-480.7292474763379 -49.92896381604338
500,2,13,GNNLXSSA,7.275957614183426e-12,29204.611974037805,0.5785330132000013,,1567,1598,9000,5590,100,0.0,1,390.3483059101976 83.77967960402019;-396.13538969544953 88.62453041506625
500,2,14,GNNLXSSA,7.275957614183426e-12,29204.611974037805,0.5785330132000013,,1558,1598,9000,5590,100,0.0,1,437.823036676279 -78.27434688773572;-469.0161566282752 -67.75342871263146
500,2,15,GNNLXSSA,7.275957614183426e-12,29204.611974037805,0.5785330132000013,,1550,1598,9000,5590,100,0.0,1,-110.56521179684809 -424.9914039493427;466.5227070624742 159.94016697305946
500,2,16,GNNLXSSA,5.349560282284074,29199.26241375553,0.5785330132000013,,1559,1598,9000,5590,100,0.0,1,-495.73736742467725 65.1495398207118;495.70969363138727 -65.35977080648429
500,2,17,GNNLXSSA,5.3495604493509745,29199.26241358846,0.5785330132000013,,1569,1598,9000,5590,100,0.0,1,495.73577897386383 -65.16162555658367;-495.7459366370232 65.08430154715191
500,2,18,GNNLXSSA,7.275957614183426e-12,29204.611974037805,0.5785330132000013,,1553,1598,9000,5590,100,0.0,1,-461.52223194623514 165.5222425043546;482.9200778082548 -86.42579953344733
500,2,19,GNNLXSSA,7.275957614183426e-12,29204.611974037805,0.5785330132000013,,1567,1598,9000,5590,100,0.0,1,-441.7338535798565 -234.24603006559127;425.761287801512 262.15897049232933
500,2,20,GNNLXSSA,7.275957614183426e-12,29204.611974037805,0.5785330132000013,,1560,1598,9000,5590,100,0.0,1,-338.8496664382917 -189.73072058711148;208.536897513226 364.8293076426793
500,2,21,GNNLXSSA,7.275957614183426e-12,29204.611974037805,0.5785330132000013,,1563,1598,9000,5590,100,0.0,1,149.18736267655365 427.9404639448316;-327.00245265792984 -373.3588231456265
500,2,22,GNNLXSSA,7.275957614183426e-12,29204.611974037805,0.5785330132000013,,1558,1598,9000,5590,100,0.0,1,-155.4337769098854 372.4491347809688;252.42813173571497 -330.06233241315056
500,2,23,GNNLXSSA,7.275957614183426e-12,29204.611974037805,0.5785330132000013,,1559,1598,9000,5590,100,0.0,1,453.1873598975777 211.2373471454878;-92.26636169219118 -341.0499947511226
500,2,24,GNNLXSSA,7.275957614183426e-12,29204.611974037805,0.5785330132000013,,1558,1598,9000,5590,100,0.0,1,267.28335475165545 -339.54630613869097;-354.6898805430044 285.7409448516618
500,2,25,GNNLXSSA,7.275957614183426e-12,29204.611974037805,0.5785330132000013,,1547,1598,9000,5590,100,0.0,1,35.83195244690254 498.7144184639571;-419.2470231865689 -272.4553790058118
500,2,26,GNNLXSSA,7.275957614183426e-12,29204.611974037805,0.5785330132000013,,1560,1598,9000,5590,100,0.0,1,-455.26321031966893 36.3545941818487;499.29108266514555 26.616062275752764
500,2,27,GNNLXSSA,7.275957614183426e-12,29204.611974037805,0.5785330132000013,,1560,1598,9000,5590,100,0.0,1,-498.80167197891046 34.59612739951405;499.5733571380904 20.650928254632355
500,2,28,GNNLXSSA,7.275957614183426e-12,29204.611974037805,0.5785330132000013,,1563,1598,9000,5590,100,0.0,1,483.9023469802574 -96.18595658943288;-245.17558496242967 319.992936991865
500,2,29,GNNLXSSA,7.275957614183426e-12,29204.611974037805,0.5785330132000013,,1555,1598,9000,5590,100,0.0,1,-496.93291014107245 55.29631831075846;495.72404302076217 65.25084804927425
500,2,30,GNNLXSSA,7.275957614183426e-12,29204.611974037805,0.5785330132000013,,1557,1598,9000,5590,100,0.0,1,-496.4173896228704 -59.74759643713958;151.60477554957268 313.1119632414012
750,2,1,GNNLXSSA,7.275957614183426e-12,29204.611974037805,0.5879551116666638,,1562,1598,9000,5590,100,0.0,1,446.7455126653272 -410.4333017579145;-483.4344660008706 491.26316261367145
750,2,2,GNNLXSSA,7.275957614183426e-12,29204.611974037805,0.5879551116666638,,1566,1598,9000,5590,100,0.0,1,-579.4883849591808 -55.971760741843376;300.89670612943587 439.5366234384803
750,2,3,GNNLXSSA,7.275957614183426e-12,29204.611974037805,0.5879551116666638,,1550,1598,9000,5590,100,0.0,1,139.2626689129315 -284.7947948621401;366.33475362425855 595.9722600812303
750,2,4,GNNLXSSA,7.275957614183426e-12,29204.611974037805,0.5879551116666638,,1560,1598,9000,5590,100,0.0,1,-534.1099392571188 493.95543680904206;113.06095310783594 -639.7593273267705
750,2,5,GNNLXSSA,7.275957614183426e-12,29204.611974037805,0.5879551116666638,,1557,1598,9000,5590,100,0.0,1,-56.489100701019716 -564.2749612972307;655.5731309525816 170.41491726034323
750,2,6,GNNLXSSA,7.275957614183426e-12,29204.611974037805,0.5879551116666638,,1544,1598,9000,5590,100,0.0,1,256.2898836564443 -666.1088886770808;-87.05919446700004 572.6947336587087
750,2,7,GNNLXSSA,7.275957614183426e-12,29204.611974037805,0.5879551116666638,,1561,1598,9000,5590,100,0.0,1,-638.7857847389207 -345.54256115287507;708.7351151270369 14.724096142071488
750,2,8,GNNLXSSA,7.275957614183426e-12,29204.611974037805,0.5879551116666638,,1561,1598,9000,5590,100,0.0,1,642.921201622692 384.64127000010177;-142.03714619193684 -382.8875147402754
750,2,9,GNNLXSSA,7.275957614183426e-12,29204.611974037805,0.5879551116666638,,1560,1598,9000,5590,100,0.0,1,-146.4559104329623 -8.250198177199394;705.435687590291 -238.12265553525688
750,2,10,GNNLXSSA,7.275957614183426e-12,29204.611974037805,0.5879551116666638,,1569,1598,9000,5590,100,0.0,1,-566.1915225831103 -396.4322158709697;-310.66129250907335 582.1042607244258
750,2,11,GNNLXSSA,7.275957614183426e-12,29204.611974037805,0.5879551116666638,,1572,1598,9000,5590,100,0.0,1,-244.61020114623045 592.0919308949457;-236.7676158146221 -386.6247831153493
750,2,12,GNNLXSSA,7.275957614183426e-12,29204.611974037805,0.5879551116666638,,1562,1598,9000,5590,100,0.0,1,387.56913057649706 7.683401133721971;-423.0383723300132 219.5931776487153
750,2,13,GNNLXSSA,7.275957614183426e-12,29204.611974037805,0.5879551116666638,,1553,1598,9000,5590,100,0.0,1,194.97607062845373 589.0327273861773;465.9230778852928 -493.77520759711336
750,2,14,GNNLXSSA,7.275957614183426e-12,29204.611974037805,0.5879551116666638,,1552,1598,9000,5590,100,0.0,1,487.3916935558635 469.49070117341205;-56.47143653071334 -487.4561965994422
750,2,15,GNNLXSSA,7.275957614183426e-12,29204.611974037805,0.5879551116666638,,1555,1598,9000,5590,100,0.0,1,-497.74696265547396 509.76552647228505;185.93857358489112 -167.38423972391163
750,2,16,GNNLXSSA,7.275957614183426e-12,29204.611974037805,0.5879551116666638,,1557,1598,9000,5590,100,0.0,1,-613.8551091292082 318.9596366303222;-67.24235979061181 -658.8562542786053
750,2,17,GNNLXSSA,7.275957614183426e-12,29204.611974037805,0.5879551116666638,,1564,1598,9000,5590,100,0.0,1,149.33465679559058 -644.389169789663;-443.42663670719764 -59.7141725099802
750,2,18,GNNLXSSA,7.275957614183426e-12,29204.611974037805,0.5879551116666638,,1561,1598,9000,5590,100,0.0,1,-495.8229861464622 -237.6766447274248;78.84914779203208 342.78424767805944
750,2,19,GNNLXSSA,7.275957614183426e-12,29204.611974037805,0.5879551116666638,,1556,1598,9000,5590,100,0.0,1,-583.2254085220092 -368.78267814968183;410.89971459403375 234.31550379882128
750,2,20,GNNLXSSA,7.275957614183426e-12,29204.611974037805,0.5879551116666638,,1552,1598,9000,5590,100,0.0,1,-89.59738842018761 703.0531380060634;-91.03730757703563 -123.71312120814628
750,2,21,GNNLXSSA,7.275957614183426e-12,29204.611974037805,0.5879551116666638,,1565,1598,9000,5590,100,0.0,1,601.4650196761858 151.27155828723846;-380.85667891405524 -100.19858023816576
750,2,22,GNNLXSSA,7.275957614183426e-12,29204.611974037805,0.5879551116666638,,1557,1598,9000,5590,100,0.0,1,-341.3287637696255 -595.0128464477459;-31.324221873048792 674.2731821054426
750,2,23,GNNLXSSA,7.275957614183426e-12,29204.611974037805,0.5879551116666638,,1554,1598,9000,5590,100,0.0,1,381.46771922701436 585.2469028151409;-319.0032445369167 -587.6950511632829
750,2,24,GNNLXSSA,7.275957614183426e-12,29204.611974037805,0.5879551116666638,,1550,1598,9000,5590,100,0.0,1,-49.53593809759196 -452.9458789743004;-289.8116917098024 431.5429317610464
750,2,25,GNNLXSSA,7.275957614183426e-12,29204.611974037805,0.5879551116666638,,1567,1598,9000,5590,100,0.0,1,-471.2153453493881 -518.4687715337625;100.03280156955387 456.75906191219656
750,2,26,GNNLXSSA,7.275957614183426e-12,29204.611974037805,0.5879551116666638,,1556,1598,9000,5590,100,0.0,1,-673.2303574858447 157.57463196524472;232.0364694730574 -371.50027118874294
750,2,27,GNNLXSSA,7.275957614183426e-12,29204.611974037805,0.5879551116666638,,1560,1598,9000,5590,100,0.0,1,399.89126739197644 -390.68609222030517;-13.065604921849225 319.2316323210894
750,2,28,GNNLXSSA,7.275957614183426e-12,29204.611974037805,0.5879551116666638,,1550,1598,9000,5590,100,0.0,1,399.85867200803625 -623.418341070244;-20.246869046337082 117.82394729228137
750,2,29,GNNLXSSA,7.275957614183426e-12,29204.611974037805,0.5879551116666638,,1571,1598,9000,5590,100,0.0,1,721.318789242375 104.68579395426536;-30.851058495630966 -331.46410540489484
750,2,30,GNNLXSSA,7.275957614183426e-12,29204.611974037805,0.5879551116666638,,1550,1598,9000,5590,100,0.0,1,99.39811307805559 225.626752913322;-128.3152706574363 -637.4010446237651
