Radius,Turbines,Seed,Algorithm,WakeLoss,EnergyProduction,Runtime,RuntimeSingleRun,Evaluations,ObjectiveCalls,SurrogateInferences,SurrogateTrainPasses,Iterations,GateAdmissionRate,Dataset,Coordinates
1000,18,1,GNNLXSSA,4184.410526706051,258657.09723963428,30.548766450133332,,2577,2622,9000,5590,100,0.0,1,-542.040772475626 -152.8937976237699;52.67877954636723 -185.50191528794244;274.8371631340932 200.19024257803767;861.1043663768785 508.4224772870937;-989.3863157246675 145.30039974709894;-118.8301650269828 -498.73506304453645;200.2425272086312 -616.3163045930876;-156.03236150259048 -921.8103957213996;-788.4544334922156 -615.0749595051614;327.93609247299497 944.6980257828761;690.0982406523542 9.504438472645582;-879.5489208540382 475.7894436368316;-552.2869046835013 -833.648373709593;602.7058445830296 -753.5384126793742;-203.48871850771786 796.4895942819868;637.090971031561 770.7884638121277;993.6267062329063 112.7207552349861;-504.2762463462791 863.5414364119354
1000,18,2,GNNLXSSA,4108.591083484353,258732.91668285598,30.548766450133332,,2580,2622,9000,5590,100,0.0,1,248.4437901457146 -166.63343977397113;-281.7169367398963 -378.32048186560144;79.72137414654213 -783.1250516063329;-990.5187285029983 -101.1692427621497;-137.23935164710971 875.4156312497128;679.1895854649832 156.61865003916995;794.46152882299 560.8150273666874;860.8122572233633 -437.7090112796576;-252.4668586609556 512.3922265409111;552.3708443052369 -831.4331997370275;-456.37717846323756 247.3357191835258;327.21267485686917 866.8809964589184;-789.7766216098222 -493.8824082925839;-635.7087523185205 750.4907016117016;-895.5541740367446 390.6408611048255;-640.936704151935 -217.83088456053173;60.653909778413414 344.6341947079275;-437.7709069081826 -795.6339701499035
1000,18,3,GNNLXSSA,3850.4059921249864,258991.10177421535,30.548766450133332,,2587,2622,9000,5590,100,0.0,1,615.671321532496 675.5044385237943;468.342430966997 255.83940310258413;-460.33584563382163 -887.2216066416032;962.2571499030132 225.3918161042343;-390.11522825106044 794.8402899537466;-985.9559262007085 91.80163970631318;-741.1170269362963 650.3690182951574;226.88176434438458 749.4023530087188;-143.54058842159952 106.32625970761904;131.1245275142761 -965.3559948220302;802.3894192362291 -350.54412673043385;-284.60664090774236 -553.0706686403694;-150.52618538505703 988.4091627328772;179.0708523676584 -209.28730748915783;-827.6116602961447 -362.6980596552578;-460.7109835672535 -190.47976223270294;384.3467295572009 -777.7048833807794;-576.8092395458127 175.28263868727936
1000,18,4,GNNLXSSA,5845.47835928516,256996.02940705518,30.548766450133332,,2591,2622,9000,5590,100,0.0,1,76.50559800822617 -397.0085714961756;367.11115864329736 528.6650776914742;908.7580760515852 417.3233269432962;709.277799459916 -685.1815016296158;-351.3933943117555 494.35124568344594;-116.9973621965578 291.9409948443886;908.922697220901 -285.29919369659876;360.44959079483067 -277.6147798494548;-127.1550547856299 -971.2607508617743;-603.9153769154866 59.8922243738384;119.88016583710495 992.7883691093829;-449.0412809137415 -820.1839149028054;-833.218953381469 -276.24771866403825;586.069220361626 810.2609881666003;-223.48608089662773 901.003180922107;-391.6610470168903 -494.77419930825226;-909.7241044398871 336.4396918374333;670.3334878205089 141.7595831213249
1000,18,5,GNNLXSSA,4709.646795870096,258131.86097047024,30.548766450133332,,2584,2622,9000,5590,100,0.0,1,-898.0680427625625 -107.73794019282771;-361.5347624783713 240.95292357153167;477.7255655005855 -168.95340668217918;590.0327023316463 544.3843305495361;860.3925123923324 -227.54262800334917;454.6486592985375 -890.6694746989817;-564.7217251127877 -155.17945338513616;-30.253583498334663 527.4674731973805;-374.1804227706866 -670.2516167110371;176.7658572759502 773.57605397386;930.782964300566 365.5433250020877;305.1222676293302 355.00809766538424;-56.104765621019084 -273.3771587179415;-757.351151490669 -558.4449212048123;-190.1325539486578 793.0161126183242;-682.7669153306631 685.7375707475197;635.1323603759793 -438.07111989058825;-202.09285437358898 -925.6924486170078
1000,18,6,GNNLXSSA,4914.849615607032,257926.6581507333,30.548766450133332,,2586,2622,9000,5590,100,0.0,1,89.25313414634826 80.57658657496397;360.98540098683867 -141.45862613607227;-531.4618795211453 60.662623022054795;-311.7334677969568 662.877490910153;954.7491583735867 -129.9695299467304;-310.99572731611175 -372.993406882715;567.6994507966735 -657.957617999513;90.45375215455151 792.5150036155841;-997.1920505722632 74.88667622137423;-499.28228848502386 -630.8702449925255;19.82012854234724 -999.8035619583303;-809.5727510546815 -288.3304574061892;-351.3378804366957 -936.2487349899332;245.95504439554162 506.48786769744254;675.3928636096069 676.2659380616822;594.6700368766001 156.93120241579265;374.7702487925806 927.1177167004993;-596.6984462858696 802.4159069925128
1000,18,7,GNNLXSSA,5252.425522484584,257589.08224385575,30.548766450133332,,2580,2622,9000,5590,100,0.0,1,170.60873130839036 980.117837790569;847.3251952512047 296.3901380046694;385.1032843905148 543.7416160211525;-249.20837715889598 -268.2198277103107;-367.53747108913626 929.9360575117628;166.13355885979735 -159.20126416164118;-194.7145162600428 579.0408880201002;941.5862235753896 -336.68485934220143;687.9530892217341 620.9470521417227;-669.6589457032085 -741.3691377973068;-506.88378824859694 -2.453244488936925;-863.241581078338 -100.96404632983916;-729.5627255953491 317.5070586509146;-497.039595013355 650.4495947705797;-12.273801723675714 -825.0174828575964;-648.0235196416029 -414.396471142859;629.0319865710624 42.47088628887241;334.4500260553806 -524.4286341678385
1000,18,8,GNNLXSSA,4930.7695035549405,257910.7382627854,30.548766450133332,,2572,2622,9000,5590,100,0.0,1,-873.2781156390259 369.74874233822385;757.8857723300148 -123.518690703869;145.81012279854298 -352.41373419776454;649.7204843559225 760.1731988226796;912.1569270055764 -409.8411161849717;-296.92228346984217 496.0984067136474;-820.1862924286443 -572.0965353086439;-422.87735488991547 -285.5126767743369;137.22064548315632 990.5405062152612;476.48110854844936 227.86420533062713;-275.87299914552653 -758.8590058359515;989.4611567482957 144.79854725212016;426.9038196429629 -517.9845715590661;-617.1469509268629 786.8479147596925;769.8531692478329 408.0593101539412;-66.3877918673198 -997.7938971004891;-271.216610285545 962.5183376462076;-997.5259127669318 70.29973939140532
1000,18,9,GNNLXSSA,4774.654060303379,258066.85370603696,30.548766450133332,,2584,2622,9000,5590,100,0.0,1,-354.3448909046263 -108.71344442050106;-948.9272640063623 37.62253194805662;-849.7392394693936 -475.19376281628564;-173.3755632288588 716.2570479515185;417.70536837913835 -162.73367361428816;265.3135783614691 -964.1619459134027;-162.62238348388325 -702.9469528447297;-544.5445612459989 320.73071447038916;594.7172365633282 -662.3899934269202;-29.30078805802599 998.7106494991812;715.8584927300052 698.2450924011403;230.9337349395276 752.747983000847;-428.9625051770906 903.3221756882978;981.8382641597649 153.6888787908396;-548.128726112905 -827.9664212496926;-731.7506489130711 657.5499868828464;117.0503396557654 -478.13936135646634;780.8270208132984 -346.25550747570884
1000,18,10,GNNLXSSA,4569.018551803107,258272.48921453723,30.548766450133332,,2587,2622,9000,5590,100,0.0,1,524.505971380537 -241.0385269642289;-159.37476671096897 87.13671909778229;-400.91207777206364 -767.8856033742611;47.322488483836025 -696.1565136519847;302.95610779019256 933.8082449313183;-299.4172952825628 -283.6331316504792;68.00893463424573 509.23723475054277;767.1187503443404 168.59076498599146;-743.4215098826081 101.80931154942868;77.6119690610001 -351.42617990625416;564.5156422563803 624.8235369454974;-59.18807861862268 -998.2468266455696;-611.068662500551 464.3230580054514;953.6939297452684 -150.873417997691;-964.2555429129152 -264.973812746459;671.56413166096 -740.9463579162268;-414.4361059672378 815.7192881245353;356.58466488121405 -763.8672504282764
1000,18,11,GNNLXSSA,5074.620551168948,257766.8872151714,30.548766450133332,,2590,2622,9000,5590,100,0.0,1,-635.2320240900758 -249.79725597905937;367.3769954475481 916.0686901300154;824.7955741586057 -153.54580186353397;225.821993539867 -458.5907822521437;-312.2483616597143 -529.9922488113675;-627.2043060711653 778.0103609863096;-131.77040133372728 -73.6657864576804;119.19897340662064 -992.8703866763312;-758.5046851595166 -651.6675859600987;-852.1759533370458 350.6438998651329;753.178821729459 -654.8996344414381;-984.2882226245589 -69.96763653464483;865.0207437015758 332.7520769823848;265.8369907284272 355.6284541718213;556.0109603984937 -353.47882034086246;591.19459788737 186.02878241455662;-338.7175054872526 667.9912441373051;673.0142157256408 729.8748305709618
1000,18,12,GNNLXSSA,5038.691871381598,257802.81589495874,30.548766450133332,,2583,2622,9000,5590,100,0.0,1,359.271973159024 722.9975697840882;-115.99560020165596 -761.1440090629435;-662.8854647335202 748.7197463991699;353.2085381064172 -935.3530083530625;511.3316856755821 199.02797099523676;803.8496775182242 -593.054128180727;-795.317980485938 -606.191743813609;-567.4790341861708 -823.0490872338823;26.776765589454115 -143.89840542837038;-544.4008779369797 370.49653833735283;794.1751823715415 362.7139208127075;-159.49003881891343 178.8044655708672;-244.81116686013834 967.9763566979852;-604.0320439292238 -315.1509891416617;184.26657066745116 982.8749639548967;997.585859503721 -53.70726986931605;-999.2664166011278 38.25930175911574;-28.812324660617232 576.3921924129515
1000,18,13,GNNLXSSA,4904.603921424656,257936.90384491568,30.548766450133332,,2582,2622,9000,5590,100,0.0,1,-757.4229952990003 54.627285111498026;284.4301405294418 -354.8403840037449;-169.74582893629298 798.8737414794234;469.76819877501003 497.1025619182792;-352.75331602007685 -916.1005048225389;69.47907273990364 -997.5735468359169;6.6866343832275135 185.2023936046594;575.8827821249926 -40.407683056381785;-563.191450394739 436.7133029734518;-203.5417452654633 -409.12170752545427;775.8481498771415 -480.0844903575801;-399.00676183591185 75.34573881330518;989.3293868120059 -67.61140342828709;496.53287912094925 -861.693751927221;-90.58279028383627 -733.4567888574501;235.0292783415775 761.376722720842;-569.1795240707976 -272.3802946478565;836.6381057404739 244.41892584507124
1000,18,14,GNNLXSSA,5068.679775087687,257772.82799125265,30.548766450133332,,2574,2622,9000,5590,100,0.0,1,-176.78647936991536 -250.5680128415014;-270.23472187957566 930.59313399205;-923.0335026188599 -158.7385924294166;220.65273310382355 612.1825601285566;-839.7463020855753 384.7783096194018;194.18479172093308 -917.6880211594744;-523.8196749595979 -382.64357055216226;-234.5308630019296 -884.1412621804958;726.02721764735 -387.7976770181225;-335.66010380913457 288.145905994688;190.39455779875183 -109.03702059195747;-485.4352317578637 693.0787778292101;-1.6281600711168485 -568.2367467816551;-644.655144305417 -764.3814108304955;-90.00864599603617 673.1882531739551;648.1332658460135 -748.8922344194577;726.8735855662059 509.34019730052546;526.1994508157851 821.4034211863142
1000,18,15,GNNLXSSA,4642.142229121731,258199.3655372186,30.548766450133332,,2575,2622,9000,5590,100,0.0,1,580.2404485389357 -811.0778919285526;-27.296515253316574 139.60663815870018;-554.1223605874017 272.8132051159106;-397.3090249978402 -895.8686175004938;591.2916682470388 101.9994037839482;-688.4473636263193 -39.153427449698256;-745.1252540544963 -349.67502397477256;109.77135951402362 911.889019971313;168.90723991933817 -268.1391244914523;-273.4808336479055 665.7876596743429;-689.4095477790353 681.4014557778668;735.3141101285163 -374.0882493497702;270.7071284846723 583.125436069469;-57.395379224610394 -566.1096090686531;749.6381478534572 588.5141578290571;931.7685571153132 201.0441459030924;-208.17231679494844 -182.14859058908053;414.27071890642003 -481.9184578934874
1000,18,16,GNNLXSSA,4956.88120802358,257884.62655831676,30.548766450133332,,2567,2622,9000,5590,100,0.0,1,-973.316798484014 -130.6250780134179;926.6999094361553 -368.10410757933494;268.36445037180704 573.6134443236996;-3.811995476879461 996.555428902172;955.430714313765 276.9698321658166;-704.035842861384 236.12783509600803;707.7361927882371 699.5988567631683;260.43489875554235 16.726226774625918;-69.14393046354864 139.95032753140606;-232.00365707437865 -416.27036520567225;-864.3538969129182 499.1571729048712;581.9290712919973 -805.5826001343698;-794.6220103322676 -462.5813834960886;-570.6119089520686 599.9920267843784;205.30652626056116 -647.0112676589958;-576.6469365264439 -786.5371553236436;421.62084304690495 903.5512488319124;705.8095423425256 48.461332694812796
1000,18,17,GNNLXSSA,4607.573880224198,258233.93388611614,30.548766450133332,,2584,2622,9000,5590,100,0.0,1,214.7464846184624 -220.03539231799908;-808.8569870583394 588.0053557354944;781.0141980220485 585.1743579854143;780.6443949316699 -111.84680869779034;-291.72482605493894 358.48610345320697;384.2643739479953 811.4680224739565;-174.15773992270607 -984.7177302899189;-464.0631269925038 -386.91968577072066;-160.70701272414942 -311.51721925852655;-682.9215820950994 208.1271619240548;577.5422068597202 -589.4171965710551;990.3836893095936 138.3475889393739;316.7072651776494 404.5508709881826;32.572589760400646 -590.2898799193515;75.65902272837596 996.4366204784318;-247.43110141558174 968.9054668593776;-998.8531576586494 47.87744707053711;-481.2219058199734 722.7209736445494
1000,18,18,GNNLXSSA,5308.864209552965,257532.64355678737,30.548766450133332,,2574,2622,9000,5590,100,0.0,1,196.47462360655908 -937.5233022515041;-411.5805410300717 596.6457324528615;332.25098403617227 -310.20824078241867;426.79267702419327 862.9351427132418;783.0764943410726 248.57877616226125;-266.46249372901315 252.45185809835334;-726.7405868991352 -10.71506898085082;140.29570098827605 352.9272563294203;-9.495437557430321 -398.77564131595364;542.6377817794969 498.40064688545453;-787.7772844150737 -605.6427425885839;742.0592165666777 -233.03055768601482;112.13501603614654 963.4515042715902;-232.77361411523896 961.1990451955025;-176.3478829909131 -984.2968886266235;-68.89536747690055 695.5905734418476;-983.5104816432184 -180.8127538125746;571.2543208106111 -794.9143785462321
1000,18,19,GNNLXSSA,5676.10283802115,257165.40492831919,30.548766450133332,,2587,2622,9000,5590,100,0.0,1,37.77983523972034 173.6220930663331;449.48714273733214 -598.9883043312384;601.061348417272 576.8288307714292;-363.3962833826886 -456.03147405497805;-184.35769157063092 823.2928087365624;-714.9737944279161 -663.7425827738224;175.56321248468618 -906.928081089449;242.40607678392553 653.2163019987951;934.3909214222363 355.026608205745;-323.0969249499388 355.0836595099038;811.9784009902787 -16.55641925929854;-926.423372521253 367.97169672165876;751.4918542456608 -659.6597467449072;217.00571340407907 -332.83440550496834;480.75859251644863 194.77280509606925;-964.4303523802646 -258.5546334618126;-333.7939945212835 -797.8212284375817;926.3511587664296 -374.66589032871536
1000,18,20,GNNLXSSA,3931.4071258819604,258910.10064045837,30.548766450133332,,2579,2622,9000,5590,100,0.0,1,31.437378363561916 564.9251998701517;-72.37206259717759 -638.1496059606;353.49078750294024 -594.3901017680209;690.6924129750614 215.76981624821425;-296.2479057520901 785.1859045091709;-565.7874883497091 -39.27122172440921;89.75310186239116 -103.964328517982;208.39997196225204 965.5155380464346;808.0367731523667 589.1292690092384;-857.6194792257693 -514.0556574373142;990.9844542400426 133.96497960518295;-764.9844355379253 618.5467382270834;454.7823243902971 674.8325110115928;918.8438933464473 -394.6196260027157;-416.05300230872234 399.29633566599284;-387.7128141743208 -920.1905225483631;100.01045046728456 -987.5355747558657;-985.7832299935039 -168.0159251751452
1000,18,21,GNNLXSSA,5694.5086987085815,257146.99906763175,30.548766450133332,,2581,2622,9000,5590,100,0.0,1,-88.71850495452368 -637.4745721148685;-561.6751643333113 -257.8713272442889;-280.8253307536617 73.61401059553604;195.3425593810672 -961.7138448684966;-910.9085694325835 66.64899677599529;-218.4215972561122 593.4892814193516;-742.3886740267211 648.5127394249713;950.2315649482081 311.33582386207877;648.8701139196274 608.1916280159161;171.51336364002856 967.1044457006387;147.94103882431747 614.376814567741;830.2539847092369 -72.89352780449724;129.15515482215994 58.98007809365767;-709.4027668420833 -649.9102863238081;-153.3706986002785 -978.2773394303929;-157.60595827876188 986.1305824191514;650.8304378671685 -757.3665613194067;-444.44393442584175 873.8066468908531
1000,18,22,GNNLXSSA,5539.918079100258,257301.58968724008,30.548766450133332,,2572,2622,9000,5590,100,0.0,1,-43.45680550854178 708.4975776867338;-182.91569760471515 983.1280147927698;316.7270879381338 -803.3733088847284;-157.549222914046 -840.8116505948819;-325.71868574856245 422.7119020900258;490.8452580700514 496.7922441405396;530.6899776445238 -284.33391259013035;357.9451956767363 933.7403797572825;875.4036230474338 -78.10681247573314;-661.2233981470958 292.5508563089844;-846.5291415497378 -278.66521235614994;130.1527243307941 -186.29907475249323;-468.35396509141725 -51.73804435312262;668.6439725616976 -743.5825724451053;-779.5235697581695 626.3590981619318;-518.4612283558364 -725.591807259093;751.2636035040479 301.31552409251174;17.11480022584766 -559.1495621396323
1000,18,23,GNNLXSSA,4211.52966483272,258629.97810150762,30.548766450133332,,2575,2622,9000,5590,100,0.0,1,-110.9461597607126 358.7295534218571;391.0049236237718 -491.64317365916037;-267.8403342183888 762.6282484915586;-910.2184218295962 273.30948074730253;-621.9736812674597 -155.1105754205722;-459.00574762101945 -655.9637199821649;113.56764957519258 946.7911652083741;-283.25866777471214 -2.146436744883478;993.1847371895833 -116.55075209391845;688.0660511230094 146.82410674478805;-145.7854083932109 -867.6727881706992;244.32799322028126 -61.559750181049;162.6532818200345 -910.7063044943665;249.02087308168106 567.5130850369223;695.4898501969863 -718.5359199601461;-621.3122643068978 755.1094201620933;-467.8986895374453 355.4509785466053;752.5771574371608 658.5040790335339
1000,18,24,GNNLXSSA,5032.038936715078,257809.46882962526,30.548766450133332,,2590,2622,9000,5590,100,0.0,1,-142.01726260058712 905.5773169927338;653.7916386836353 756.6746283491781;-117.85759545811543 -334.38038322354106;-187.44279772649546 -982.2755201981082;441.72305006470674 -407.0463145323662;514.250021728526 309.1969333141305;-63.36009203566252 303.7718591073105;-553.9398722442013 109.25501149493235;879.791507869538 -72.23706501859289;-339.8536073782049 529.985051398249;-854.2611387687646 320.9571798272046;-575.0978810544018 -621.3624969218505;-880.3212600342428 -192.33580976883923;888.7131692516031 458.46363301659113;239.51397755638965 840.7724746368823;-454.66579778541603 890.6621201803472;121.07316451870946 -992.643586003267;590.4607642144373 -807.0663454284925
1000,18,25,GNNLXSSA,5078.332263722812,257763.17550261752,30.548766450133332,,2586,2622,9000,5590,100,0.0,1,421.3991473501128 -543.6627337699192;377.9536923057164 925.8189951701519;-813.7156607723927 -315.0400979045045;-785.6384481971978 407.61378435071447;255.97361558294918 642.8968906379457;214.98314150624861 73.59476935785482;-255.86261024194383 363.934134130326;-284.3157944679415 -192.35907228435832;770.14836002055 293.84204648509177;63.08637390534917 -942.4911593116244;55.83254224140646 991.0070933290798;-610.3343982884966 753.2979241104546;-966.6115089102918 4.272312385394935;-429.7789956434337 -677.4585581539745;-146.45188031018512 741.8394591517634;101.4470872301154 -507.73159454695764;686.0555100094887 -727.5186297200783;954.4906591593789 -124.94171456554196
1000,18,26,GNNLXSSA,4872.047868370108,257969.45989797023,30.548766450133332,,2586,2622,9000,5590,100,0.0,1,-628.6688091729534 -158.45758429203406;-762.7274326776406 -589.9421290475781;861.7022807802314 -454.1600023635543;249.13268795517226 -514.5933964898254;160.72409677120493 986.9993742232466;629.1383658505148 289.91643340022785;-202.39008139893045 -790.9858727883226;-910.0091117938858 414.5871378628592;-76.89125761564745 -305.3565435112901;-382.39515022769814 782.6820006242903;600.1351461023161 -797.4695659625238;-615.5510595922116 320.8058709601264;415.53609329859114 607.8537220474688;959.3143676045776 131.30115746132688;-996.3223085403498 -85.68463984185225;417.10672174049625 -115.17385717017237;710.9252203535827 701.4462420813603;-69.65446057166271 344.7362422248564
1000,18,27,GNNLXSSA,4924.318669830071,257917.18909651026,30.548766450133332,,2578,2622,9000,5590,100,0.0,1,-913.4290786598775 -8.200587199675905;-298.610958977989 -27.104367172867313;-88.76838229917068 461.68371254478416;813.2933649039733 -455.6730926125871;260.5817058694189 -965.434264502914;67.8997117151046 -464.9315809553509;511.8282515242684 823.0458002341904;-320.00118445985584 -452.29183003033893;47.536059200813696 858.1130886573164;266.64080213087954 64.96431080075428;675.4312816131576 16.771110084213756;299.0792649244147 509.92964556690356;-631.8812210806202 418.81621552737323;-613.1014344091998 -590.5560144325405;991.5839341719688 -129.37196693693866;467.92324774696607 -653.2838470116702;-313.4055285807215 826.1013909105307;-142.40051378222532 -989.7993057137671
1000,18,28,GNNLXSSA,4350.630408315454,258490.87735802488,30.548766450133332,,2581,2622,9000,5590,100,0.0,1,501.9164202123807 678.4937796313867;819.4052638398149 569.786390075892;91.15098767920058 995.8233402784193;-229.56231495530108 973.2629338581979;-691.3465153463429 -691.9980675458327;997.1431403827925 58.04642721365938;-534.9191798505883 239.90416950829248;257.78440535982327 450.5146762277973;184.23295025614402 -206.70096304953492;-401.15318902903823 668.5573031143365;611.2267651539029 -140.72657528376675;841.0434135999865 -501.47123316585686;-143.39935520689744 -352.2539898618069;-229.7763374669102 -972.6552975756616;437.33864767167876 -675.5189519060874;-947.5641722826479 256.2141661522052;13.291137860768876 -783.253890446213;-657.7846526386204 -313.39055211580467
1000,18,29,GNNLXSSA,4569.022880756616,258272.48488558372,30.548766450133332,,2578,2622,9000,5590,100,0.0,1,341.7818393464004 -313.77708658393516;-569.1638288718946 -822.2217535941945;-269.4896325971673 -750.2683241312478;-634.475281782648 -142.5688912753639;632.3599923970091 412.6670369144691;804.7938004562931 -467.41393971720845;393.8276773029964 919.1834093426053;197.23240213732188 173.78365009298753;-955.9440271346847 -116.79187867356103;-785.4101168237789 -590.5930258064168;511.8192348354778 -761.4920371342774;-831.8274913559512 535.8552606563364;946.7675335979177 -3.7597464464406802;-500.45009289849474 232.80358561540277;75.95825208482648 562.8001166135723;84.67246184659624 -833.1740742492185;-141.9861955632929 -84.02252891935;-310.0853688292873 914.147133423161
1000,18,30,GNNLXSSA,6161.909621248866,256679.59814509147,30.548766450133332,,2583,2622,9000,5590,100,0.0,1,-233.62097366985998 320.9710252091066;89.1522489055524 -258.9739713863052;-244.1179053273132 -760.7048551533385;322.3697987045984 -805.0936195731603;945.4112536076096 -325.879673425772;778.2532224618351 -627.9505726789088;-81.26477675999672 996.6925484110674;637.7895751186267 -181.4810689216174;-340.921371568866 -228.60097124269151;522.4599292718036 437.23938005870656;-548.885191447134 53.03843594411501;-965.7795380459074 259.3643843935278;-546.471663838278 -702.0004605453265;-381.9479143667925 753.1356814177211;83.50193056182917 575.2585719860534;809.0302852884902 138.94469234753024;-809.3171511775258 -111.3975564145764;727.3175298949585 686.3011079019878
1000,17,1,GNNLXSSA,4606.753352797765,243632.44842652365,27.45294706876667,,2512,2558,9000,5590,100,0.0,1,930.8131699639853 303.10848997876855;-639.5788522883407 -768.7244569477476;57.72460171667567 -840.3120668028625;-520.9300234107329 846.3155026368178;-943.8818355987738 -330.14816343104343;196.7688128959213 8.829755495679805;740.7808115415551 19.220502966618;477.6733189607765 -382.2919056871178;-117.86037820554131 -357.38230384957564;-476.17933767755466 -219.50369649736996;-46.87475003929389 854.3687754481771;662.1135914586796 683.1546307703898;953.8962793092088 -281.22151575666834;-219.49465283255532 -975.6018560946961;-828.465385234162 559.9584822671578;432.2201490241861 -901.693342499781;-281.8292052560598 94.80818971777497
1000,17,2,GNNLXSSA,3422.0917729510693,244817.11000637035,27.45294706876667,,2515,2558,9000,5590,100,0.0,1,91.8494477023442 532.8075230731524;-399.14990221228936 -504.0170155473256;245.9397129562046 969.2837194748807;258.1780007387582 -44.09010373110206;645.0685149755353 -194.33585028040054;-564.9855426006186 605.2553501879408;-365.5557788967756 930.7672687730719;503.03429292069325 -663.9496648421798;-534.1635362590082 -845.3657602801687;801.3234631795619 358.73329255220784;809.3404013331954 -520.5577455228142;-257.7032656403144 -126.52486483131689;109.12422107938727 -544.2706856499196;-50.4113820879998 -949.0348687726362;-897.2224827048973 -441.4972086670758;438.47339780138185 459.5581838112529;-835.7647516122563 -35.016389482131814
1000,17,3,GNNLXSSA,3764.1701462693745,244475.03163305204,27.45294706876667,,2517,2558,9000,5590,100,0.0,1,-401.05637214122225 -429.27915624182674;524.6057342923007 -358.6680522392777;-987.3380563005126 -158.63027006446723;414.13397650686375 902.7550694128954;-804.039748593114 497.93630707661725;-402.897466764496 850.8889318156434;819.7849656224786 -560.8483262203357;-164.22767358934547 157.8501619843866;766.9901774992893 641.658840521666;-618.3019329835673 34.7992137191896;982.7670630606461 -163.66940330377668;352.43374400478405 132.12319181263632;925.6511474072549 377.1945930406612;57.769201295446855 561.9044155617725;-185.52630364103382 -926.989282065191;-632.2223462461275 -774.7870020794701;-883.3549642800189 -468.70454830567587
1000,17,4,GNNLXSSA,5648.080094976554,242591.12168434486,27.45294706876667,,2509,2558,9000,5590,100,0.0,1,234.56773564379492 70.75452120408806;-165.52968179007158 -338.35411804432323;-651.2742472018228 468.49287314467637;290.73885182724314 -508.02505347029086;568.0927530671393 -208.5824669290723;-392.47823253722555 -124.1792135901792;-195.51104739119236 -740.2806289227576;71.77350035043973 332.57373611526646;-118.07251537773104 946.2542470063635;-837.5144916067052 -546.4148479075604;764.2572724085228 -642.5197817054832;-507.4225060383102 -535.7981119330763;590.6473385738791 592.3512687617981;259.1363497641049 752.6518552751988;837.06558183172 278.3711170173746;-755.347349902321 59.75744411407018;-198.96114971527334 567.0740314876615
1000,17,5,GNNLXSSA,4827.184832379222,243412.0169469422,27.45294706876667,,2514,2558,9000,5590,100,0.0,1,396.9898305204443 478.3906430000399;-65.72722107686965 -200.49955560700906;138.84797833127112 -990.3137073237544;713.2563925578977 471.7945107611933;860.4609183461598 32.178388379974386;-567.3288666876529 -28.263745750293527;200.5513173424522 104.08893155758697;-933.9794905843167 -357.3266169317087;412.641081793907 -723.7212633632327;-31.250348495956437 535.8194685148561;-301.13895809206247 -674.7915197131844;605.5735625471596 -169.3937062267534;427.8857846851774 888.9800162366756;50.06749690333333 998.7458364137668;-604.8406191718632 662.0948275149067;-256.2887954161604 966.204373947695;-300.4576697048852 234.07810261799284
1000,17,6,GNNLXSSA,4030.4442029901547,244208.75757633126,27.45294706876667,,2507,2558,9000,5590,100,0.0,1,-639.791531927974 337.7288474888736;-479.91223504474084 -689.5941573139986;999.980596519246 6.22949315858824;836.8231659725471 -470.6798926352856;-226.31885474358134 -974.053271637416;-140.3917233385599 897.2863645966963;298.0512685118675 -190.43432689627832;-557.4880719163316 830.1849490752113;-665.2093923073941 -170.34434992102842;-994.6668691113545 -103.13711118299067;208.99780435740817 705.0304895668994;647.6853358071323 127.00181195203156;-211.33678947137858 140.73622997465657;293.6635263966589 -955.9088519645995;885.9381239686751 363.0810693086225;-948.7459589339574 316.0388521592858;-816.9825574799485 -576.6623802308615
1000,17,7,GNNLXSSA,3887.4659076408134,244351.7358716806,27.45294706876667,,2514,2558,9000,5590,100,0.0,1,390.62937022878043 8.01928703699351;-232.59598497270585 -281.19876907556466;236.2340136359411 800.6919912090696;752.0954325577912 194.9886744052294;-865.9729815410145 500.0906959265013;-871.8864734705357 -290.8671847895662;-476.1143962968621 -660.7069662887537;632.1228069846026 -570.5492953082371;-276.61752205058826 216.09286008496758;103.68049205865731 521.4647177751144;-683.4847325894317 95.30568813459715;223.07963692108686 -365.2097244451515;-471.74682454845606 542.3198471255912;104.03556763243355 -695.6718841771585;609.5519724714732 565.9948892305147;904.3537252448116 -247.9059594545915;-248.02539469599304 777.1972879903376
1000,17,8,GNNLXSSA,4617.209811720328,243621.9919676011,27.45294706876667,,2514,2558,9000,5590,100,0.0,1,-525.0326587867071 -688.1538045508347;-332.164258326709 429.17155756292277;244.93312638011395 -177.29195286304886;-679.2866828095055 -170.90448679312257;636.7579459927769 505.3790433140785;164.9930752529489 -838.0796094737542;-454.8051842093169 737.6473587620804;-365.4755386597598 -246.2800282658349;626.2858500626377 -6.247386444450423;-217.17060643235945 -710.5830505948142;185.52782790637255 824.7767757934627;792.5728932686523 -599.2384276483829;947.3565796440723 -163.69122724246225;469.7491420543948 -882.6902928671414;-140.41314924820526 187.11228844377365;-671.2331296446227 465.2732483362723;-814.673091399957 -575.292875197932
1000,17,9,GNNLXSSA,3898.015224251605,244341.1865550698,27.45294706876667,,2517,2558,9000,5590,100,0.0,1,683.7552467464609 66.98389455461104;-3.5524924066230286 -950.3268283487065;-756.6021789452693 -467.934358206748;135.7327274397421 418.42616455376816;-196.46692981478793 805.952897139364;938.9412030528979 -342.56909174109103;468.4883539208275 801.0485452053788;-702.6257799716354 168.69305027171376;967.7744482096779 189.01978659830854;-280.2803097905329 -633.0763970699444;-924.7641710997708 -200.57687676443356;500.68566066060515 -760.5276708953573;-383.7625764067218 -923.4094782636731;-432.33320307270515 -41.558870423367495;133.13862326297388 -324.96567123863724;723.9529378137014 493.28807837265026;-8.814572249800678 108.63341824163942
1000,17,10,GNNLXSSA,5150.487807535421,243088.713971786,27.45294706876667,,2520,2558,9000,5590,100,0.0,1,-851.0296295570135 390.8671014566445;499.1085480832166 -814.0021037901452;-209.63009059780632 -533.4868996117548;297.52396697326776 954.677091673525;-787.7459311965957 -473.2464347371281;276.28943127955597 646.8997250058734;90.57108156389125 -841.3730005445516;592.3049184376227 -317.46025602917564;104.0842118588903 85.70193646728498;-467.8155886992949 -154.49809608013163;-140.30547264790232 907.7111024708081;-251.14488001035176 348.9929325380042;782.3966023262676 -602.4862514854185;606.0014916705651 580.0694663629049;982.0242864924603 -58.13887587011632;-509.31481752147505 790.3136824929779;-583.2367987092983 -776.3761010667565
1000,17,11,GNNLXSSA,4881.686382827931,243357.5153964935,27.45294706876667,,2503,2558,9000,5590,100,0.0,1,513.8497215251664 -448.8925216501792;-519.5491661696886 854.4405561139881;-95.30734750048826 995.4478939213349;54.008924426470536 530.6003657146508;-488.06056895033294 182.1994660822765;273.2514465464468 75.21806515868693;111.09848921483334 -340.1985503143141;-958.2056618792338 -286.0802501791751;843.3477055783792 -500.8990279865478;691.4428241998278 208.8159678456793;-238.13381985944062 700.7827374007713;480.4355658242379 858.0758381250469;-569.7234699629842 -777.9842875212161;-220.5849164375128 -842.5174902801406;81.93149267797064 -934.8103715285487;-937.6461061642706 248.4355395727723;399.00592811521767 -916.9483460527717
1000,17,12,GNNLXSSA,4527.51491069785,243711.68686862357,27.45294706876667,,2516,2558,9000,5590,100,0.0,1,496.41113400300674 -321.9961134603788;-551.9100151591791 -459.3071230484067;-7.782726549913926 465.2539841105978;200.87817181679188 849.4605449475387;-534.7767856796639 844.9933665409017;779.1357294810915 594.4287023547316;974.1595234356591 225.86106990716493;-32.532490251340484 -858.6087745517185;520.5036025398423 853.8594730651208;-423.46783956571613 535.8159348095215;798.9940068934151 -514.9328848365755;955.061599334949 -119.73141618272192;-186.43769174553873 169.07751028009827;-180.10379081194594 873.9214458291146;-799.2873203092649 478.49463851907785;550.6670734276416 -834.7249692219804;-997.1082241523782 -2.7661044351934394
1000,17,13,GNNLXSSA,4606.359251237009,243632.8425280844,27.45294706876667,,2508,2558,9000,5590,100,0.0,1,558.8915615563116 -194.37490371906523;853.5452476561738 427.8122838198711;-448.01977319130776 802.3723973089149;-66.36273060944549 -909.5933599121204;-461.5969782673372 229.07911716290042;141.24871718989178 982.1099416012535;349.9867581873474 242.1630955605785;470.42823480261126 865.6958098608338;239.90183665064473 -579.0597571283646;-885.3766866300442 -74.17440156816676;-10.784249199750239 290.2679438606733;-684.9636326219769 -624.2646822237812;861.6346022519775 -475.44418546237097;-194.56888783874305 977.403428471755;524.9629084661847 -851.0798157929735;-742.5845281565304 612.4489377204759;120.17017130335599 570.9744573721989
1000,17,14,GNNLXSSA,4901.39697545243,243337.804803869,27.45294706876667,,2520,2558,9000,5590,100,0.0,1,-529.4270832826761 -756.2662235043078;339.8712829194741 -703.4215797326351;985.5201555430768 139.21124505498815;-511.1784596622666 381.7209082293261;-370.0014055402387 798.1799396217093;-20.784827778732698 130.7384578203624;561.7400862959548 404.38235504281795;-929.8877184078051 105.86188668826213;-202.95333583897846 -402.80153146083535;824.7952967692559 -548.3969587705767;356.71023418460527 -142.70128908632194;-818.3694627761998 -564.1461695243079;266.5361222266971 549.4176701090244;705.1636666874974 -170.13337714530914;803.2713433124061 595.61325456464;-17.424027309434955 -798.3078240058067;-92.92728498216152 988.607791360511
1000,17,15,GNNLXSSA,4234.686742498481,244004.51503682294,27.45294706876667,,2521,2558,9000,5590,100,0.0,1,518.0654525295718 298.42840160129936;-54.33420520285906 998.4931716925672;-185.2669437983168 -895.0818947211774;310.4138597894488 845.7974559734591;-188.33074395844807 272.3849967294971;179.739768989653 -890.1677479343814;-421.4081541972174 -295.42630256144645;-821.7038488438945 446.4670382635685;505.4115301936016 -626.523756079561;697.4355081164973 714.8054443904099;-170.95689675008975 713.4262513944037;-961.1927883192584 73.29910694261272;846.0150866409338 -440.31605890840063;-574.5278086768567 -659.2729637496342;44.10883876936757 -536.2909563210129;979.3089761638283 74.29448688214616;167.61425721444556 49.783149163556715
1000,17,16,GNNLXSSA,4671.250976557785,243567.95080276363,27.45294706876667,,2520,2558,9000,5590,100,0.0,1,-607.739726233037 -399.47697005675053;536.3624046929114 -291.17218527183104;-172.34636005058766 842.8802994368566;270.8628199035082 -783.7493560823161;-917.126999204971 -12.749071694087522;291.51474559984416 274.40671949210184;152.2702161859189 701.8480077035185;497.9966381015733 616.2999490544566;-230.44129572269628 124.06473903468793;-714.9127576534103 519.8518166087576;28.756155988012793 -553.8123633540017;715.7689506609132 -541.9392944732909;913.4126999019608 -102.53175503468049;96.48478457712521 -209.26158536579754;713.1416638676733 309.79542064847925;353.03350028791306 935.6106816804007;-532.3042506379772 24.607420236807343
1000,17,17,GNNLXSSA,4972.821369742887,243266.38040957853,27.45294706876667,,2525,2558,9000,5590,100,0.0,1,744.0402802112905 242.84415224269253;293.1187189528963 539.8529757355519;-66.88843248390747 -484.2443446222825;164.15260937257125 -113.42434917036468;-664.8533183879906 350.97388055975796;-686.7349570980441 -479.25590611692996;-683.3280676960014 730.0238904179489;46.44829503629299 205.08609904091867;997.4330324872375 -59.21309637844052;-104.97170205343615 691.9404332569712;-231.481286212913 972.7594610093589;661.8224020139351 -691.1512247886745;-524.5337648942564 -66.47834402417567;-178.42103373019768 -778.9542007176371;450.62343145204454 822.2158256241928;863.7755484817369 -339.2501866196963;-977.2360723113081 207.6122417061697
1000,17,18,GNNLXSSA,3855.4358358108148,244383.7659435106,27.45294706876667,,2518,2558,9000,5590,100,0.0,1,-473.6492346823963 -707.5010313342797;75.69800022598042 -721.8003235038815;-222.37167365607417 0.8469178135759913;523.7712827978484 90.32960888170143;750.5151205763439 441.95616798395537;38.71582629385638 999.2502474625898;345.83379333632325 -273.1732703603611;-856.5231845241467 -201.71995716475752;-464.4282493936174 470.0337047033786;-810.2040396355294 286.5899834339871;161.00332217402965 414.5540313647671;768.7174169847448 -567.9804383735052;-71.59475865113507 -425.9356048188761;527.5725628136983 849.5099578151696;-92.8735832535397 -979.6244833583467;917.6709827028924 67.52754798402808;498.30224652432247 -801.1522676289703
1000,17,19,GNNLXSSA,3548.887766319298,244690.31401300212,27.45294706876667,,2522,2558,9000,5590,100,0.0,1,-62.60697284146331 -365.18586539732394;878.8879311507368 171.07733944567414;-465.524159418587 -326.6975112240706;-995.884718595322 -90.56427794561405;-786.2050158961099 617.9419546808358;-609.4162581371086 -34.58235665241253;279.66154252713034 -775.69534716688;695.271799710616 -231.62315861139567;-863.8519195588501 -368.8291539371675;441.3828036702852 706.6693910690296;68.93510633836674 997.5804032332956;-286.1553075099644 915.8766960250222;-337.2971475180489 469.9047093190404;731.4649662488428 539.8564113108783;285.67808913494576 294.3856625786063;591.5910780508319 -539.6584734280408;-177.8390923171516 -932.0462958279261
1000,17,20,GNNLXSSA,4114.064833769255,244125.13694555216,27.45294706876667,,2515,2558,9000,5590,100,0.0,1,191.82511677805255 260.383325226394;474.61410803756297 503.1692486750756;207.6616834344624 -922.7347163454135;-718.2036570540383 103.9009293924823;652.5062929625261 -757.1987451703867;988.7938108489966 149.10033163218608;-423.6991842331559 405.598360366926;-240.41953335325627 32.6999646031608;-632.3874236813951 774.3230791126057;396.7961881926005 -426.4976328723949;-168.51704295962293 -985.6574348387722;671.9068776183685 99.10582308223528;683.5550028548862 729.8144590285201;-238.38952631201005 949.291029813906;-914.6306678868011 400.0623462946504;-144.11139355318426 -551.4881179978728;-717.3697388516259 -657.1007617540544
1000,17,21,GNNLXSSA,4024.200423113245,244215.00135620817,27.45294706876667,,2513,2558,9000,5590,100,0.0,1,-595.6059169523951 131.3229753388115;448.32275295276025 -371.89183641772206;-298.1733876640513 -545.6445003905645;88.14204585579535 996.1072321036199;944.310277926337 -329.044955683245;245.10418929532057 -965.8069120678841;-210.54255628263965 747.1921921790683;-493.09013967307425 869.9117098118014;409.94963396723983 771.5196719541162;58.985055635952016 596.8678236786578;-881.5822951997054 321.79952728423206;-705.4289147488211 -183.437288097694;778.3306777792326 -63.45137164618581;-876.4556827373027 -455.20100195006336;-218.29377964045892 166.98304073368234;-62.64792617874507 -997.9789929707937;962.1880852545762 271.8299932753836
1000,17,22,GNNLXSSA,4786.947334266675,243452.25444505474,27.45294706876667,,2510,2558,9000,5590,100,0.0,1,-131.790994901554 -686.3871598081316;-884.8777955192796 67.21439093230813;279.1531769095242 -959.9840824417599;195.90358631603664 966.0736335928;575.3573525246961 766.9035983780865;220.62877368670993 430.37640470269645;304.97232636873605 -324.9302667815313;642.3149788615062 -400.47551340063274;-267.2667087910502 -963.4540349496039;924.9354890655442 -42.552426907173775;-748.0532889290939 634.2477095260507;740.7132644236198 235.4966768558058;-603.9229334928882 -601.542981590155;164.01536577253822 -599.0868166487664;-742.1924748619427 -228.1001843580934;-184.13626284993634 980.28691075623;-480.7887110564081 829.5155005913152
1000,17,23,GNNLXSSA,4667.955877967295,243571.24590135412,27.45294706876667,,2523,2558,9000,5590,100,0.0,1,-115.46724289149752 -478.27176613114693;-546.3461933889355 662.0484660086532;594.2690538703234 490.9177579493132;-893.7460324007037 448.5624912481011;356.2171749139127 928.4828389952796;488.634142074908 -835.1827877096396;910.4428784898954 412.2640947759581;148.5940635526073 -988.4778296982548;-185.33874481418238 -967.6811319793441;-764.8999969372232 84.64595627491762;0.7685401246579395 764.2599214611442;948.2738447678685 -316.6215271532425;-117.95623075040186 473.9835220787229;375.1565268430104 -205.5418945605067;-306.5777423776 951.8445060679168;806.4209888115762 -590.4199536303107;-428.92613737044474 -478.7490856808247
1000,17,24,GNNLXSSA,4528.6360940747545,243710.56568524666,27.45294706876667,,2520,2558,9000,5590,100,0.0,1,-473.60517085408407 -867.1066435182395;207.25586562318085 345.8033205434617;-336.9994654459314 -419.7342236940616;-800.1717202227385 186.40494770614242;460.16457636170117 -874.3540932538806;931.0329464870249 -362.08620416186886;-860.2527796172105 -497.3963141798946;140.5890058807601 -268.04017397757957;-324.32709418544556 54.76609584064043;954.2235979491365 298.1342725407384;790.9955293949428 559.4438732093598;-336.1064916685653 755.5711988444557;528.5695379360488 847.988753325068;535.3211992727989 -330.35912248281977;130.40361167478596 -772.7486211411112;-982.1945211518703 -181.29030956731447;-17.102334994567705 974.9855283351109
1000,17,25,GNNLXSSA,4000.9225760753616,244238.27920324606,27.45294706876667,,2512,2558,9000,5590,100,0.0,1,899.5654279915407 -320.5459066488126;449.8413050027325 672.0358343015237;118.39649604124182 992.9662023303797;-723.3122174739499 -690.5079153487435;-463.27428473043784 -322.1001068093043;-900.3436729441514 364.1653950038446;169.67526617377976 314.331608887058;945.425816231495 325.7930317957978;-126.83616406059461 35.64121171420073;466.3958866960418 -629.1608521990099;-355.20572696584946 -629.6354096390938;-104.6118855814899 -994.5096256242252;-725.9923122945031 47.45690209023732;-348.7590205060754 852.8839886203561;337.46988914103156 -231.87968728882205;-977.8912699698068 -209.11399789788905;758.0077413926455 652.2387426287182
1000,17,26,GNNLXSSA,3524.367586351029,244714.8341929704,27.45294706876667,,2519,2558,9000,5590,100,0.0,1,-295.22106064055413 793.3385231131181;61.84355261790073 998.0848860807511;99.1710817482377 -995.0703309221634;997.9786326750173 -63.321252156946215;-546.4801209719257 13.6715372398564;-958.9071683290292 246.55937417617628;466.78566102607647 408.1313545593266;-284.7002172083144 -931.1527060166593;-778.7150006741837 627.3255433591384;-734.3985512590111 -488.96759600328016;607.0822611831516 794.6372583564017;649.2890372616682 -760.5394169939241;181.3505986563526 -306.42180058549934;275.76073796692685 700.607558623838;-127.80473285574513 294.5342932235669;828.2208003801851 560.3681719213278;381.9966932804994 -606.9838392947664
1000,17,27,GNNLXSSA,3865.3667527461075,244373.8350265753,27.45294706876667,,2515,2558,9000,5590,100,0.0,1,-6.879806968828948 88.5333397699702;-200.991648038892 353.1377898687452;207.27747423677062 -277.0173002500247;354.58179636587846 115.49446878784654;705.7221464247068 540.1635334054886;350.66803880880985 936.4998273133759;-601.7816164250683 798.6606827262952;-857.8857990713279 -401.38644557636326;406.1929150571255 -913.7873471204309;-997.0765536281823 76.4090714833412;-473.6992548395893 -401.8592788010904;-7.378976115131419 783.2485428097207;-616.5595649230526 13.355822049583374;-278.1585556537419 -937.9797116522903;65.79627629739572 -710.550477475644;979.1037615998383 164.82563159148262;856.3717128655854 -196.46385769496524
1000,17,28,GNNLXSSA,3854.6125759011484,244384.58920342027,27.45294706876667,,2509,2558,9000,5590,100,0.0,1,-958.5758795687013 259.35512650570695;-390.4098470992891 -361.1770160400362;-585.6839079569213 -650.4240054982321;299.529446302846 -345.128148078228;505.7424160317762 834.17591230365;-328.43318888236627 855.2399690782698;-0.03477767075995885 -649.2171239973842;-22.2951574532206 999.6762952598662;-286.45991473184273 267.3978905940072;173.3622082321983 -907.3742402236599;370.3698988601266 419.7892641838302;-824.7589744287034 -141.74764541071784;951.2565009599131 130.03790931242082;-729.4773615023556 679.5517265452407;708.0350511766145 -525.1352414810663;-593.8861427679293 324.1914648944388;480.1063207130939 -877.0822594159482
1000,17,29,GNNLXSSA,3959.5097978494305,244279.691981472,27.45294706876667,,2524,2558,9000,5590,100,0.0,1,329.5128998648597 -545.252348220405;-893.9506319276617 36.641181789877834;663.6908256917277 223.91667356542987;-725.9506502812711 641.0426060116343;786.4359619181594 617.6718204693;-569.3411053181364 290.5684422384724;665.4739837729376 -725.7305585057779;-720.2328596389199 -468.93353514029064;-213.1262461839009 794.411712250747;468.6628909726404 779.7651069772542;-2.0058627836494045 266.74055240812373;-404.47809841714894 -784.7277653668111;357.02279232481663 3.457421159634409;-152.74001145057335 -233.77241372364523;892.6043936062977 -450.8407662520477;23.254261265955595 -871.7493944564336;169.22634364276286 985.5772139296349
1000,17,30,GNNLXSSA,3195.4471658753464,245043.75461344607,27.45294706876667,,2518,2558,9000,5590,100,0.0,1,-673.9313515638711 -443.9512707089948;245.68630307830807 -671.3626254095949;-885.2818129119629 -36.81325344009733;-157.3195320251097 -987.5477531964722;13.099313056812848 127.49628122020846;385.593590870443 -364.1003079957129;243.31925727892184 960.8464502612597;-684.6500431297692 661.7121143958996;505.7854296564284 640.4533948784386;-118.70446103190676 510.38377185172544;753.5351891994973 -52.68210221250011;-455.40822223619807 -890.2827366177925;-119.90602843213625 -614.909694799692;-443.3766181179423 67.66973583841347;538.3323788896658 -824.9005909587212;-284.6185971060981 950.1967107586736;630.3161711942532 346.3589754907278
1000,16,1,GNNLXSSA,2215.2159299705236,231421.67986233198,23.64442889856667,,2457,2494,9000,5590,100,0.0,1,-570.9601264512166 -349.43412471112595;-226.1701816632249 715.7276953217215;-558.1466269352942 741.3058046193141;145.66908250831125 989.3330631060238;-386.56027395725573 343.32414218311595;958.7140796319185 284.3704907720377;-929.0827207252098 -369.87200225191634;813.0975346652335 -174.85024091469654;-19.82950750376253 470.6878218380547;-18.17806165558668 -999.834765385984;-736.821040411488 175.2025860848176;-860.7895219100295 508.9610976979506;154.35465140765876 -514.8491520405906;588.3133061446651 654.5687360724529;-362.352637539223 -789.961162226984;404.70913964843913 162.69606867959016
1000,16,2,GNNLXSSA,3696.0646867160394,229940.83110558646,23.64442889856667,,2453,2494,9000,5590,100,0.0,1,263.1412050407714 -767.5175835127703;815.5371897118634 -578.7045171355951;-969.8075368168268 224.17241461373305;-991.6971024208076 -128.56679777079646;-224.29471278948597 345.0489349212125;750.0734366285756 652.006511128452;-359.6735342482129 -931.9709094713419;994.163388616493 74.28944614905102;609.5143872306622 -334.4284474989318;-564.4656027624665 -362.444834770864;405.1142967509645 410.98438119123483;438.9373927293581 898.5176488327612;80.1527248225177 863.1737774548637;51.876588174314215 -998.6507200097072;-387.58104848801855 676.7983322567896;-878.4079837597626 -477.9115128003389
1000,16,3,GNNLXSSA,3685.977858725266,229950.91793357724,23.64442889856667,,2455,2494,9000,5590,100,0.0,1,72.08036867653851 978.8332145754902;328.4314430514927 -842.4687065912598;37.538273498613975 385.61287507761153;-689.4566203067221 36.65595097442408;548.9827061306529 690.9049654510256;768.0212549449889 219.9063340349636;-307.8175378897506 621.7790636219204;389.0406327426582 347.5072178496523;939.1234749223426 -343.57257528025235;-984.9761243280302 125.50308476573143;-443.6618738657593 -782.000733724602;-510.9194679848605 859.6269134543659;776.1554132912653 -627.3484161015313;335.07060099834644 -185.7909097634864;-85.92776686047213 -119.26590670910915;-734.9772527715302 -678.0894628138419
1000,16,4,GNNLXSSA,3640.1691478610155,229996.72664444149,23.64442889856667,,2460,2494,9000,5590,100,0.0,1,-53.96479658950392 -563.3011891536635;-231.5920546828906 665.9066140459432;812.6374729972185 528.6761793595687;-544.1597988604819 -178.70122120785737;345.3501839092439 937.8879960481776;-47.203916828352305 253.03615736803928;-637.5027084880578 664.4606342756306;395.78875375459006 -915.3702074969799;-908.5051520235893 13.662763388542425;486.39991079908697 -210.1473634764679;40.525028877571614 997.4488936818225;739.8828745619801 -642.4158846306723;990.8208194325255 -134.84525711445906;-685.7531971360936 -592.746411564266;-426.74650004885086 904.3461739148545;-359.4492780977309 318.7659664905475
1000,16,5,GNNLXSSA,3760.291426315962,229876.60436598654,23.64442889856667,,2451,2494,9000,5590,100,0.0,1,-386.74832865653326 -553.8210632264147;-258.63398024017084 -138.50512735130965;179.0340544200759 -873.7177605495959;434.7496086612902 36.09417425081598;354.47887962913956 -582.7236530117938;379.44789805685855 699.8152938801096;-952.8746580053686 -240.67152383471833;-148.97995678931954 988.6130384851791;-92.01361558821075 -440.16226675129116;714.6748198990282 -590.4560399089423;148.1147288154599 439.7992453913089;-645.0101278103102 -260.80889106031293;-645.3719329376751 763.7515111133584;825.7102427160481 507.36317999177663;589.252968461859 -274.3779363720089;-438.7888632401344 535.3058139633769
1000,16,6,GNNLXSSA,3059.9765799242305,230576.91921237827,23.64442889856667,,2459,2494,9000,5590,100,0.0,1,-304.6340266805496 479.00376405051617;36.466228923265604 -437.06700989611403;-748.0331029358185 -663.660195253769;685.8386522174042 -293.1651312046875;-456.5087167495109 -53.53860654985972;-183.41339781529396 822.6508888990256;477.7829175017979 505.4967096318514;906.9567561615071 421.2218350388396;163.08694805119376 894.6670890783535;-721.9171537286412 533.9741521051958;-958.2234133436217 286.0204391837447;444.97973499072504 -581.911642802801;253.37566947399745 -919.2597953068714;238.77761652457556 212.98307008681923;-196.99521569925724 -697.2669390553144;787.3086821854965 -586.4055307126848
1000,16,7,GNNLXSSA,2587.2274325200706,231049.66835978243,23.64442889856667,,2453,2494,9000,5590,100,0.0,1,-677.2193772344841 -735.7811597874312;-76.19966737331906 -839.9484797169456;-530.1838872666644 -448.42034390713286;-322.1006062461994 946.7054449277402;-224.4838537199561 -408.4277113771944;-611.9461338930447 790.8994431742608;613.8761477071259 -6.32411789013932;-485.89255789620574 378.15916665853865;813.7508234726669 -515.1626236060637;999.622985831691 -27.456988125701404;-963.0540293424267 -70.26361796590908;105.07510588860565 966.571252684582;454.397825396441 -484.8078538352584;615.7768103397382 787.920630424041;60.99265903944818 194.1688308983088;463.1139371541441 397.061938344734
1000,16,8,GNNLXSSA,3172.0783182797604,230464.81747402274,23.64442889856667,,2456,2494,9000,5590,100,0.0,1,-254.297182265526 141.1056838266046;520.782580743798 821.2807639137147;324.8119315803693 -479.41813026327776;111.6354975633156 -993.7492217273888;-654.8750525489155 513.4782417803177;361.57353219205976 257.8143551237457;660.1668423229429 -190.74137411845874;-396.1803576067443 -918.1727093780299;869.2086456601953 440.31540490973305;-35.47933703689722 977.8325909029685;-950.7643687730497 -309.91468998997817;-665.1462947062356 -689.2533827776779;-26.08670532333609 -593.7096570049995;830.3938927723839 -556.017653246041;-936.5385876367772 350.56450742667965;972.5279412313968 -175.52471736601026
1000,16,9,GNNLXSSA,3140.909414121561,230495.98637818094,23.64442889856667,,2454,2494,9000,5590,100,0.0,1,994.1561600431263 107.9515143400301;807.3058613451011 576.3281337249197;444.6628643425421 -257.83381983049736;-283.69665491053416 427.01532282345437;-50.33499242423683 998.7323908523504;-718.0798637889787 78.1189746390462;-548.3288934519123 753.5382612647683;-901.9669397913023 -431.80509436957;734.4919170429206 -614.7740497776257;974.1328719235706 -225.97598951644434;-71.34203156162218 -384.53446843955413;97.75738293976012 164.49631473010933;-841.9311881090604 419.8394735191748;104.40580558081466 -994.5347795632997;458.7839630822062 888.5478463305085;-317.1338055698343 -948.3808039837133
1000,16,10,GNNLXSSA,3406.651234319026,230230.24455798347,23.64442889856667,,2457,2494,9000,5590,100,0.0,1,-310.17010595482805 -934.9935969200847;-307.3761113227487 159.65728824769786;504.6655661109881 -339.2167378439698;-773.639770760248 633.6255748224379;935.1070644657212 275.0792398794443;642.0806292317454 616.9594629930518;342.15844706413606 -929.8760380572188;-189.20196923087303 962.2215897931565;650.9000068653748 -759.1624229843449;165.8947597520405 986.1434279776499;8.193205454190348 -999.2179941294859;-897.5144851792533 -26.660315756022282;133.64086199422746 -604.9680664828845;23.09974859538763 564.2697453654182;477.2827519685336 878.7485751018784;-840.5313030961403 -541.7629492789346
1000,16,11,GNNLXSSA,2743.781112204946,230893.11468009755,23.64442889856667,,2459,2494,9000,5590,100,0.0,1,307.4751687239301 629.2257758861421;-99.79931507952766 -995.0075862573395;931.60268321449 217.29818681956877;648.4909018740925 -694.463671208309;477.11864229685324 -334.4621737845635;-439.02506972473446 648.0374404809431;33.090971127393786 -559.179957554516;700.3838034460997 491.1884516013452;-917.55806683833 -49.86962464072756;47.294021561154295 995.4657764212822;525.8461822149741 849.1639769515208;-753.3814515195068 -633.4702993383004;-332.25641761554556 344.6508789385637;-744.1524760897295 401.22331107601264;-424.83036954695 -895.3332408368417;336.62614290530877 -673.4420169825664
1000,16,12,GNNLXSSA,3344.5895646152494,230292.30622768725,23.64442889856667,,2451,2494,9000,5590,100,0.0,1,657.8382080107061 -312.7895330938024;447.92323963644037 150.02698447791687;-770.1902708954425 -129.26323127189488;-226.50340351026682 -272.07013529527796;-596.5163537719062 -613.7279281642229;-932.2344092525561 325.073682776718;-39.77300373423114 997.2681964708643;258.64500573635206 694.9872831245591;-187.4491207676986 519.8362070902837;829.4728720634878 293.59225734773776;-441.2467141877953 803.2560688248682;-62.16561200420014 -806.6331976770424;29.318693421058118 259.3445001716428;205.1578335059542 -362.5294930488503;430.84364394502995 -852.654747568844;-342.3032081016322 -939.5895453459083
1000,16,13,GNNLXSSA,3325.39240735583,230311.50338494667,23.64442889856667,,2450,2494,9000,5590,100,0.0,1,708.245059512632 -178.20814758460222;-38.78762960373605 -161.72909451074054;80.2093397797696 739.2369865586156;-625.2925298959035 -439.62493598967075;-329.86475959208866 287.0986681862364;-321.47309524539446 -946.9031138312179;108.28536326946487 -854.4673199665975;430.9905570651726 902.3496751203803;847.4990352729341 -465.5355742514079;284.26382993499766 -552.2201130288795;-808.5775659059782 50.09613704666334;-942.4755812953149 -334.1839071749961;-313.8379402315816 693.0072138373731;830.2566292942074 557.3759888559599;600.554473290583 135.78842286664226;-919.4196987570671 393.2121928786555
1000,16,14,GNNLXSSA,3429.4702210710093,230207.4255712315,23.64442889856667,,2454,2494,9000,5590,100,0.0,1,-611.1788361393305 292.72277437520535;487.2511407862873 777.8866220344876;-389.5733800488989 572.7550154778579;-109.53958176380539 -932.7912751534519;-104.48906643798958 48.13079620687306;171.8312123635863 622.0207320735366;73.06289909369727 -336.5952023216582;999.8647380370236 15.952615349538886;813.5769985040212 372.9129648479632;475.6824551999808 -512.9116950223294;-597.9554225183376 -801.4436734632997;400.58709277850636 186.39734521566848;611.0973088224375 -791.3538266781951;-428.4198414480172 -392.7629143550295;-584.2030796345449 811.5982682650766;-962.72169554979 268.54870810395454
1000,16,15,GNNLXSSA,3670.100987596961,229966.79480470554,23.64442889856667,,2445,2494,9000,5590,100,0.0,1,2.535416918471556 -436.9648075399543;-57.75252195463837 134.40431854007844;-640.019355691685 605.408821455431;729.7994453866272 549.4973408918116;247.61161201506906 941.2721032696188;377.0263300017525 -543.4726373035942;-772.1792489140005 -262.96948641393135;-92.49958545342507 -992.0668402814151;-342.9445002587746 -491.48293738854244;495.8529234816762 750.1433235695866;191.3311065783074 -870.9127616481134;953.8034134170402 287.7726258059098;-917.1673372893837 233.35587295291035;-276.06658859034724 950.4840482668482;493.38721911991024 15.40998523509565;-526.1910116152756 -792.7698100778098
1000,16,16,GNNLXSSA,3453.6913134132046,230183.2044788893,23.64442889856667,,2456,2494,9000,5590,100,0.0,1,206.77610145286448 -668.819308816747;586.0248923387738 359.26165622684084;351.5576964950619 -308.85123259401666;-433.2607365036966 -900.0543999578871;127.74902805688329 525.5922716279241;208.32373073509623 977.8107470411461;-724.6283469431283 276.67003752118245;-50.53970229178175 -17.989242439869034;-483.3121746441626 829.8674814301696;-433.8729878206279 -160.54685072809292;-919.6068637641814 -17.66464902937739;-709.3613471026906 -704.8449771280262;18.35105354481701 -923.545924958711;613.4527781797935 768.5655983439503;832.8310113506899 -18.087677356697586;-290.34694427769404 -468.15446220017503
1000,16,17,GNNLXSSA,3546.9056300666416,230089.99016223586,23.64442889856667,,2451,2494,9000,5590,100,0.0,1,-753.0345952981595 -656.7428019483315;-82.70347578595265 770.3148638381928;753.9651108957335 573.5355192558927;209.31546264434138 501.6900884506539;602.1035793325681 -230.12073682991047;-967.6004622839832 -98.6542810642092;-581.2559405757613 -292.0720271646409;732.3056188511699 146.98644736154145;8.32579064208158 -999.9653400044344;377.8127330625171 823.1414636301993;739.4130544864056 -673.2508189518301;-203.52749425397005 -488.68315702429226;988.4268219993761 -151.69803955338907;90.06602756627439 -278.38654207906734;-139.25965069409344 169.43080974329652;-485.1428340580537 407.88224171304336
1000,16,18,GNNLXSSA,3271.5674492112594,230365.32834309124,23.64442889856667,,2454,2494,9000,5590,100,0.0,1,-912.9165583127008 -408.14624530735693;693.1152766246356 -153.6992213192649;930.2087824056848 -363.0993577701226;660.8708265952789 -682.8651854712089;718.8787690541985 367.85133759124625;356.1838063199527 912.6006517632421;222.1715668454569 82.64441632811848;998.7615290771719 32.27474965036933;-446.53280712179804 703.8358559613594;-131.07806074830566 931.9774548094236;-614.6017690655606 -788.8375406010312;-709.47964912527 70.50663592648174;-422.4434686908054 -477.9122739199427;-917.7958032918391 364.97853517998044;300.4760030019512 -911.7116299815635;-109.49884805483572 -535.5252192325489
1000,16,19,GNNLXSSA,3266.475992703985,230370.41979959852,23.64442889856667,,2453,2494,9000,5590,100,0.0,1,-246.85967036617228 716.1240312892039;335.39835757089514 853.018847509225;-96.11725595575282 -286.36653841524753;-494.3855271218575 -626.2151725314498;268.8070273728522 1.1584363936908173;234.10555465353576 -943.1235065289061;77.50664460188295 -560.9637676013801;-518.6185642211119 523.4582545016176;634.141624037215 -101.70812903838234;-806.397519081949 367.2233793117298;-854.4007848940003 -167.36908233944268;979.4889197669095 -90.29119201161852;694.8849959229099 707.6020170260684;-113.10700063680943 993.566321815122;847.6673639570421 -410.11076594077065;452.8993769487613 -687.3881176382796
1000,16,20,GNNLXSSA,3901.741713812342,229735.15407849016,23.64442889856667,,2462,2494,9000,5590,100,0.0,1,470.1640188050198 -370.20466041632665;-999.9278987956948 4.962998192022099;24.318198430046806 -177.44174604557992;-430.1742540562142 111.38881777319185;-303.4711356863382 799.8026335615723;-795.916975549553 514.6879168751532;-35.573590505560134 419.47560936004766;13.524880357015483 -770.6349856076305;314.1019467583433 645.0718879666786;776.2727019153913 187.6269039330079;-431.89393126362455 -543.5004037335646;923.1130726066328 -172.49554030651575;728.0849136418351 -685.450206118873;-793.3972587134881 -289.7506884888064;-579.2112768980028 -815.14422236825;290.3876894775983 46.582038381704194
1000,16,21,GNNLXSSA,4032.915096781944,229603.98069552056,23.64442889856667,,2452,2494,9000,5590,100,0.0,1,-31.53783135448944 -999.5025588728904;291.8954159604906 -956.4502423760747;163.79399070007977 302.35408950557667;541.7248148270927 -93.2449725280077;-725.0955541308422 688.6482682615901;-422.3227534084827 906.4455261919923;-202.73313113603953 -180.4939438391597;13.276306720214631 -492.44375006924594;990.0453842140182 -140.74848914470428;-262.4721523062637 544.2327403733669;119.02968056924176 992.8906964734759;780.2102193826829 625.5173966971868;709.5286703996575 -398.34529446128647;-788.5489749456615 -555.2844562742755;-987.4338743464145 158.03273013280847;319.47521196482586 708.4947684310556
1000,16,22,GNNLXSSA,4128.462202808383,229508.43358949412,23.64442889856667,,2456,2494,9000,5590,100,0.0,1,-864.9446787053429 -13.227191493618628;790.4097700944502 -577.2976138895427;507.06314904034184 -718.5306095234005;-302.0307682176063 557.6718638788848;801.1597220323196 -17.148116535750635;-90.7146072227858 813.1620152198985;956.1129535431096 292.8701794208341;-418.0416915997857 -761.6578841884453;-42.81509264275051 -999.0791485257558;93.09844054540716 -283.62066726520135;222.4975680917484 61.899825665358684;610.2193932216419 304.01926640323984;-735.431143310109 407.06576812298044;305.95598986296886 -952.0302230802105;-327.5555807353391 20.813617924740818;-640.1504912761951 -440.1558564712754
1000,16,23,GNNLXSSA,3917.7790316426544,229719.11676065985,23.64442889856667,,2455,2494,9000,5590,100,0.0,1,319.4123844318794 -732.0624741810203;-326.15246421768563 -484.228609995752;-587.5446830214115 -809.1917235447165;987.8397478942961 -155.47550443762324;-455.0807610846501 661.4733731681441;657.9246224486351 -753.0837876198244;369.82916228424097 721.6869009471807;-116.95631491805165 -79.93771647270512;-917.7553392124844 -60.924202460096716;-766.2690538448512 558.0721978117951;113.44557690272917 -464.83164495681535;201.20799350258986 979.5485405791087;710.109083065598 -312.7766641374071;374.29158390232595 -178.26842632690403;748.4786767042405 477.5637251208038;-77.19174820982315 847.5069549820817
1000,16,24,GNNLXSSA,3446.3052130875876,230190.5905792149,23.64442889856667,,2451,2494,9000,5590,100,0.0,1,84.65765770295236 996.4100967936092;-59.122336418710695 618.4216112892398;-983.4214794672714 -176.04614160808393;-288.10616060791233 94.27865088516292;343.23597908698144 362.10974173170035;-127.02377005386894 -266.24742436856457;629.3196955940501 -756.7930547612756;718.6399008368487 695.3824076903327;-434.322202819352 900.7575834474809;204.82089794760608 -428.15122699493975;-811.2065924401898 -431.4008633546174;-410.5943619232096 -589.541327107312;924.7655534094877 -380.53734537788006;-759.4943569503769 601.8396647666599;980.1576388260081 198.21958291507042;-17.42068754268878 -999.848248308482
1000,16,25,GNNLXSSA,4486.3825037758215,229150.51328852668,23.64442889856667,,2448,2494,9000,5590,100,0.0,1,-698.0133177367735 442.65061647281425;-442.76688400589427 50.437685556950555;-581.8682486285091 810.1205132216082;-60.65978158571524 -890.5031839477377;456.1908885311685 -229.38510469042228;557.3916399870448 -523.6330882299899;-720.0622743948583 -669.6607481303502;149.1447472619247 819.2599255197316;-385.23172516301304 -786.8903924434941;578.8006799565431 686.086026180921;53.364988139422856 -170.67998577319727;-172.33629584105682 670.6713827264153;-999.9318714280978 -11.273881241399904;521.7308478933925 134.55686450310117;862.854374177326 45.85162974969044;921.9772666546853 385.5734971396045
1000,16,26,GNNLXSSA,3531.690411013318,230105.20538128918,23.64442889856667,,2452,2494,9000,5590,100,0.0,1,-532.1544067996881 782.7051195742516;-995.9265067500857 -71.14338376835612;-718.034712866321 -691.6455880019299;758.8644324392874 -206.64598610081995;60.69778736601312 504.37497029176143;685.2317429972147 479.6022056614769;-131.66013169796952 -678.8508284048397;-719.3687590694279 249.15921919460934;270.15256483804956 828.4402773706857;432.0852465219303 -640.3601976814584;-458.3788082458797 -330.41910144277807;-403.60209036197136 355.5635021581432;186.4700167196703 -848.3485973853913;487.46815315099894 107.00552327686843;-883.3506612757836 -420.84824700804603;-143.74447280211234 935.1050491884249
1000,16,27,GNNLXSSA,3360.763234374521,230276.13255792798,23.64442889856667,,2452,2494,9000,5590,100,0.0,1,30.01356284610921 -849.0927562336774;243.87183132155332 -213.20367336460635;697.9476706500728 -27.289931401934076;-508.2094239545381 -94.93634687484284;698.7304948993085 706.6497228232894;-61.83708084014785 994.9948115428735;-608.1085069342761 793.3102652666012;672.4658276903049 -738.8327785039537;-361.5744757879132 419.4373950902661;-706.3026215051874 -544.9719679965622;-174.92414894084988 -121.02623987746088;379.4829414615201 -629.0568789929287;23.138649042899374 392.0674176278789;847.2288362257079 -479.03744124795503;463.462193153611 341.296506019079;-982.5850010607064 41.839205559319176
1000,16,28,GNNLXSSA,3353.723172436352,230283.17261986615,23.64442889856667,,2460,2494,9000,5590,100,0.0,1,-276.92961618639123 -896.3151468319174;218.73831636799667 -472.82476510936516;-70.081654956306 997.52964277541;726.8167531942231 -645.5338644758549;-519.1742206143363 -332.39789312717977;247.67795907804646 144.55770515099366;837.1128159032137 529.4916757574346;-255.90455501575624 618.0742479229418;-857.6764432270353 138.75381947989897;7.969616838968162 -86.90540032971326;-990.2541405983206 -139.26574523665727;411.7880824152133 -867.9772248765687;-872.9213263744293 -448.9743264658922;901.669064424334 -384.8485128422472;981.2774478527203 104.0209108573086;448.81599959279913 893.6118128634921
1000,16,29,GNNLXSSA,2771.6189825051115,230865.2768097974,23.64442889856667,,2450,2494,9000,5590,100,0.0,1,-246.70844760748906 -401.1044796997948;998.4431380465803 55.137232706969804;-644.5647939752057 -207.38590338542355;867.3182630189069 -497.71774904662743;853.550418084953 466.4596077856388;-919.9647249973025 391.4902260930369;-227.20097864914226 769.9549285126085;644.8241990019363 172.35760167685277;-400.3201717849182 -791.2603787207352;630.5007078629833 -776.1870866846443;488.1118304115471 -356.21646400157;116.64617014491242 58.190296766636834;111.13386746856142 910.0011292677297;561.003992666598 820.5293747078847;-646.4401142790846 542.0668832309453;-924.2827188015683 -355.0679319035063
1000,16,30,GNNLXSSA,3878.7581334369897,229758.1376588655,23.64442889856667,,2458,2494,9000,5590,100,0.0,1,521.5337759047826 -438.0279302470766;-229.9967005600031 825.3865554270915;-782.7551855654413 -622.2585154453436;693.3962270108422 180.07782921151795;-91.72294280144827 -566.2115116591353;169.72291744310442 56.64633837366241;542.2296057546747 641.3876402090713;225.89193846234298 650.3010086407116;-880.9685157658904 377.2646733913823;-588.3340925466346 -15.503839637102585;-429.0951375318874 -570.8938500161429;805.8771663369931 -592.0763483668737;45.51594345073119 -998.9433573996159;397.80945240045054 917.4609015573001;-723.2818675531216 690.5292378771402;992.4387364490749 102.86783033956519
1000,15,1,GNNLXSSA,2849.711586487334,216184.87821879625,20.755197331566666,,2390,2430,9000,5590,100,0.0,1,872.3101871523825 -158.5411910708736;-72.80124063761812 -997.3395030156728;-69.73023541733443 109.92745609731224;130.90873471114833 361.93860444935194;-303.3618732110436 -425.7255597589554;-965.2240001806663 -127.32998572709329;-674.1567899337538 -26.57989839818296;229.09222917144072 -386.1410024107827;381.0757868840617 -924.5367425438747;718.3428998001955 -695.6824379915697;-376.5093849276087 -926.4107031205198;991.1774487316499 132.53363010399727;-612.2786370893723 645.1786881361477;447.73261556238486 -125.468228622607;-763.9016655415381 -645.3304158664021
1000,15,2,GNNLXSSA,3520.188644039794,215514.4011612438,20.755197331566666,,2391,2430,9000,5590,100,0.0,1,-399.13754701773826 -521.9736850642051;-128.52627696408433 917.0948881300503;352.64083786125155 -523.1516223742003;67.34700185210824 651.094049005965;-788.8665135951962 155.9285966650276;-553.2355651744178 527.712891152353;784.0095547082677 -106.9112855144525;376.42851153444883 595.1544616803978;-184.05968069233623 86.48117530251486;17.548875860686323 -474.27886645184014;757.7912958245355 -648.7711904232985;-550.1407549354383 -793.1184661812547;982.0699865850463 174.57937912714652;-647.1846982264012 -232.63490133565494;592.0497969021131 173.2465387151317
1000,15,3,GNNLXSSA,2993.065302443865,216041.52450283972,20.755197331566666,,2391,2430,9000,5590,100,0.0,1,655.9882594624866 -296.55180643041456;266.88509907158766 -957.7067005513479;946.6897309397941 220.39489239954656;649.5877481724391 575.0345907828546;-685.3986824140214 727.9383618296819;-927.8006973139109 211.85479186514038;89.04389291085357 513.8783237446735;776.9392455773573 -629.5701389925621;380.1651994658597 -46.01435096122182;-713.4418446104487 -298.4104802611399;-448.2415546552761 -890.29522932338;468.1378051544778 -654.2840384675235;-73.85010471585794 -996.7936051718998;107.66390906957761 -638.1967225897786;-342.0036962599087 936.8717345333198
1000,15,4,GNNLXSSA,2434.474427723064,216600.11537756052,20.755197331566666,,2391,2430,9000,5590,100,0.0,1,462.96801294761553 886.3738658130936;770.1794493176589 -637.8246123899357;273.98000988913236 -592.4982814594988;-137.56340693562822 -609.320804072426;-846.8417440258054 438.6528374566014;285.2968319686562 340.3233357243229;-648.8408107208767 -292.9717995207313;-291.14066772505134 353.45728084536313;-973.9423848773043 -226.7955708110469;581.7525782566873 -150.53403013613706;38.71890203921324 688.0659485132439;-522.5023533572135 813.9729415698353;-107.35396305486333 994.2208641023457;921.8444581213804 387.5557528422533;-848.9265916855572 -528.5098463725836
1000,15,5,GNNLXSSA,3892.3997173477837,215142.1900879358,20.755197331566666,,2384,2430,9000,5590,100,0.0,1,-547.9371151695233 805.8120225080311;834.3359910295953 -547.4792349869583;-581.0498004197525 -28.12458865359398;-263.37783201992954 -650.6758036201581;-868.276994249291 464.2438041322873;999.0793180604867 38.99336905078535;-287.7091373021215 -957.7175137054688;546.6989468245382 174.2815126595631;227.96631846811874 -771.7198506182493;-191.7664074199113 481.1069360819642;-588.29834203368 -626.8263135108245;359.10235531963895 645.159520056654;158.32312791663088 24.67354599074986;-730.7514335374365 -331.56864002832117;-240.6547034457928 -175.49766871446303
1000,15,6,GNNLXSSA,2476.606645159627,216557.98316012396,20.755197331566666,,2385,2430,9000,5590,100,0.0,1,372.6799868380191 927.7769150235937;-419.87370519769996 849.6631096825839;-546.8493983264968 -15.806547091525722;263.95358002775964 -725.7275458704236;448.51268924187906 -37.368184642576914;25.21572171799524 869.8289188121126;614.8650951526704 533.9263810644665;-751.2133064060964 584.3583799089936;-956.9505268355501 289.6146269296249;-738.02919936779 -567.4800571650261;82.82655248913206 -996.4590444818442;-405.38052587741237 -713.4420936339036;-228.2995955638571 144.3454707035982;987.5692469304761 -63.669082067261364;609.9878390085382 -325.49095548995786
1000,15,7,GNNLXSSA,3640.7446360989998,215393.84516918458,20.755197331566666,,2388,2430,9000,5590,100,0.0,1,-270.43066146175295 124.3930550336354;994.4379501608535 -104.81066914233504;60.46600731122931 -308.70802320474473;-166.4823887688782 -751.7954196149999;-601.474158590626 63.08471817322395;386.0122162649326 -691.2474324238176;705.3196012385843 -663.6130226307505;467.41382463546483 673.013013149462;476.15041912068546 -206.23440797751846;-244.903275731994 964.6399467350402;324.6580288812512 185.18490645515485;787.5735922027195 604.1009209223546;-607.4253837911765 -525.377552255206;-502.0278675809891 701.1605438832372;250.75159099197182 -968.0356691448364
1000,15,8,GNNLXSSA,2494.4048479260236,216540.18495735756,20.755197331566666,,2389,2430,9000,5590,100,0.0,1,-794.2384230602477 -606.7218039844531;946.601832997185 239.46898542521342;-546.7542602054798 837.2414290296828;546.952235492571 43.02346008651686;587.0205652344666 746.6902625955779;299.3786150878332 -953.9010064327393;-800.3663080580377 495.5620351251406;-312.3303486146592 -844.0024760123097;218.7818698898423 720.2090551669912;882.3590396779425 -469.9746954863065;-311.9767350824502 -22.633306637512195;597.3223316264164 -801.7935370408335;-555.3543356782934 -410.03096017029884;147.07676974260383 -495.20310741174336;-70.39422647810709 922.2565602600457
1000,15,9,GNNLXSSA,2400.84639867823,216633.74340660535,20.755197331566666,,2387,2430,9000,5590,100,0.0,1,326.98021036427747 880.8522666409319;-792.8982089211418 135.02207788477875;-120.35890024402156 -406.75316692862;915.3372128680012 -402.68692998734474;-461.70383685057516 884.12119969886;727.5867898991753 -75.1369933697925;-758.9305776706021 -650.942380118647;-445.9075529608789 -101.71076822517634;-137.51754338752744 601.4601316219835;49.35760738469678 -22.471941181496362;61.14068261040779 -998.1279277210201;975.3000010345518 220.88185371182522;-762.729690479812 563.4664887907888;294.72532317902983 -521.1829925548882;510.98758856887434 -859.5877898492405
1000,15,10,GNNLXSSA,3298.608418263204,215735.98138702038,20.755197331566666,,2388,2430,9000,5590,100,0.0,1,891.4029308077075 367.0682232049152;-286.8220623310842 794.3702149319871;-972.3299783205113 233.61167192422977;997.7092034520374 67.64869065326396;-996.1271121821216 -87.9248336689178;136.9867749732949 386.1314795804792;678.5762378250467 -324.6071254543997;546.5287273402319 -46.34923031616159;-411.13915103133746 -885.4103719302017;-140.6595314698875 -282.7777107129972;-684.4224406109754 94.68900864075367;449.2276845057192 893.417308693776;142.86426388714005 -799.2116175184465;-741.8417166067819 -670.5750274964787;27.621528588165148 999.6184527900899
1000,15,11,GNNLXSSA,2878.7665806653677,216155.82322461822,20.755197331566666,,2389,2430,9000,5590,100,0.0,1,-473.76948179706187 873.6889294658491;-351.6074182051065 565.7561872085143;-653.9209602158345 334.3045209126578;-352.69269487140934 -670.7297026825115;611.9981777395463 328.16728109692315;830.879435558175 -219.40468073213967;-107.53810065078831 -196.18788836988097;-853.1281805486562 -16.864671604043632;-668.2963914741732 -561.5662986367771;49.039487224277174 250.86346069275305;440.2767194119534 -306.2632797104529;187.15465689003855 685.1881722281331;217.99099940105813 -571.2933229705251;730.2051348639137 631.9552069984455;-169.64222160011883 933.9116230650534
1000,15,12,GNNLXSSA,3502.946164805733,215531.64364047785,20.755197331566666,,2398,2430,9000,5590,100,0.0,1,187.54770108807855 -981.913725475915;209.74238306228094 -580.4882701947457;-895.9851042249583 296.1934540405838;577.4405061210268 816.3402061633392;-690.699333554546 -381.46959825731966;493.3576926284758 -868.8344816220264;509.7892284547893 -461.4424236296525;236.0039562601723 64.85356662931343;937.2058484189719 -249.70248861947385;-607.8581264925562 405.05077443591193;2.0668899883537133 996.9770335037605;-186.34422161253985 -980.1597293374887;294.1599422217811 634.8732349994774;-308.8619319160805 890.0315456068543;-344.09968093442393 -541.9201998288837
1000,15,13,GNNLXSSA,2869.265434935951,216165.32437034763,20.755197331566666,,2386,2430,9000,5590,100,0.0,1,-450.12180863961817 44.42578611933656;981.32430961024 192.2979162901483;-67.61972418505087 -806.4072982104911;18.998792450792948 -260.38746595227286;559.7436109937969 644.009924869975;-858.6827898300517 -512.4472120951697;-42.59507828071353 388.120852237951;116.61248491127834 824.3138320656227;-662.6697313090781 550.2723300891754;-711.8962780308204 -212.9356058119113;-549.3962417753597 -735.2384769680085;569.0349163181813 -535.4037497413101;863.3873034251302 -184.53347380866964;377.67678985626736 -810.0136266419232;388.0991277895958 69.95231322348577
1000,15,14,GNNLXSSA,3027.826622943481,216006.7631823401,20.755197331566666,,2388,2430,9000,5590,100,0.0,1,-657.579592057153 178.56994315464706;-362.0905632979796 37.16618929477239;732.767585983431 468.90531178948487;997.1046317039113 -74.8006981086619;175.7067313702362 -735.7828915376142;-169.49356320257186 -677.0879862326469;-182.19500772644477 491.5938520496426;409.7736690879849 465.23495725603567;-752.6410386444719 -483.7258574100125;409.60211411099374 -263.1951413924376;126.26604854768891 157.4114869002346;-999.9988709187782 1.4085268392198371;-57.83918384250195 850.0078695975188;689.5683150254048 -32.8978042610629;-20.901700524643903 -311.45132246398845
1000,15,15,GNNLXSSA,2806.6852060148376,216227.90459926875,20.755197331566666,,2394,2430,9000,5590,100,0.0,1,-643.775310660673 464.9684800339584;-773.2262502119781 115.59703146373008;-249.5839260238574 968.3527037681824;-518.0917769199536 811.2594798267082;280.0560564362155 180.10085914596678;576.4177434114439 13.795033135816944;-514.4976925321981 -857.4501947717207;-204.1456625061561 -915.8841184305572;68.76350804528383 711.7424995451323;94.91411608814553 -597.1019180494261;997.6777457285425 -66.08315841431678;-138.35003547267144 46.72226962769227;570.4724746668537 813.1661185538272;-833.9265136354137 -420.55044797593064;831.8227048766769 -447.11142362251246
1000,15,16,GNNLXSSA,2809.12810652802,216225.46169875556,20.755197331566666,,2395,2430,9000,5590,100,0.0,1,-401.3038824930832 -244.1953460572284;442.0112417039097 383.3576232596075;695.729776000748 -471.13705363751177;-803.0808671426399 -434.3697075411029;61.47332719087617 -317.3739373075555;113.06649416532528 624.7843558711637;754.8577545934348 655.8422525688643;-562.9613515793486 195.0551877618207;-136.2077520946751 -978.5081097254226;-993.5087615379578 -110.96613309657847;407.8770978664586 -912.8450706555215;137.527347837947 990.4973462919436;-447.145986757029 894.4160564904588;-809.0292798391428 584.9907372301608;710.046394679096 61.02266457417715
1000,15,17,GNNLXSSA,2969.595327859395,216064.9944774242,20.755197331566666,,2384,2430,9000,5590,100,0.0,1,-223.44555515945459 205.54178630927447;-214.96116276424345 740.7256924811345;350.0532433578002 576.4650296638083;917.1839163050576 -238.83031447075376;-949.1519517452443 168.3612601681678;215.96887366267484 -117.14076679835259;391.74676084779355 -686.1339618603829;-582.2787583466389 -812.9892050810369;502.6756190554065 85.38505857256351;136.31539731568944 -514.0327714050868;-38.98128275893261 481.9931838224219;-214.77611051210042 -748.1278272679552;-813.4994302083911 -249.00106947151474;663.8301961501062 544.4547046315028;-593.5847733808977 416.239233525212
1000,15,18,GNNLXSSA,3169.3041391550796,215865.2856661285,20.755197331566666,,2395,2430,9000,5590,100,0.0,1,183.74310745266257 -316.48099533452773;-251.0229143504643 -307.46534105627046;607.1368665665958 -242.5666532983533;-982.4341946930929 -186.60646037590868;200.78156872764282 298.14073833309874;747.8182539177832 206.82613771837987;-405.68788097800217 -768.9855810018973;-844.4055555360276 -481.754194523126;745.658893790854 -666.326813650287;94.39530000667503 -826.9710359290245;-518.4610100586717 716.9519076638358;-182.1013517549215 771.350106658133;-795.7606341184458 388.78600064787827;399.58624094644915 -644.5591308799338;-515.254425228341 -40.876340290641046
1000,15,19,GNNLXSSA,2297.701396821416,216736.88840846217,20.755197331566666,,2393,2430,9000,5590,100,0.0,1,664.6426198350266 -747.1570789014049;-414.59569947287906 398.6642378451825;-458.836436026236 -888.5168114213152;-830.9877696192887 67.5937558618013;-931.8487736217289 362.84108991908136;505.17908346705985 159.7131526323518;978.9821818248091 -151.35048385113242;59.829725581919206 998.2067248987307;-257.21287421481384 807.2439353803065;146.83668451686947 -989.1603349631987;646.3705783471264 449.7022142318641;-114.10156587254781 -364.3426136042353;-676.3548675972672 -457.21443222869516;314.221304032851 610.773119721408;-112.96304655548403 507.3549951865458
1000,15,20,GNNLXSSA,1997.8297773876402,217036.76002789594,20.755197331566666,,2390,2430,9000,5590,100,0.0,1,606.4469405964871 -274.9013516870481;214.1217415447537 976.1369364360569;-553.2453419715612 832.952030688212;-521.4374105853759 -565.6072216652648;353.8359241505494 680.6236106658679;113.92003447388014 -8.400035967233814;-371.0779383011357 186.71986564544457;-161.8980139636726 640.9453484892756;-929.8689627105285 -353.21102818197136;-22.202090446017017 -999.7535032095795;875.5976490362593 -483.0411545636414;372.50118989861005 -628.8003176745551;-927.5732188060329 373.64143741535855;-168.0950049519566 -518.5817654484172;921.7001715677122 174.33937322339887
1000,15,21,GNNLXSSA,3141.3799227471754,215893.2098825364,20.755197331566666,,2387,2430,9000,5590,100,0.0,1,612.9897661721003 128.88287110714407;980.4523134863709 160.44139904940937;-560.8047578928952 -246.6038131601987;-565.7975021644751 824.4568056296299;431.1910156538145 -536.3333533237377;-72.30513190864552 212.25466237143144;-805.6835884667861 592.3461448133874;-430.73929748382386 -678.6996634874733;-246.32435925436994 -399.6269611966534;210.87272263521254 -789.6983721264102;-744.6470915028287 -667.4583950452476;-273.98351051717054 -961.734389509228;946.4633312492955 -299.26768460620065;534.1901014337861 818.4429590574282;263.1489222170809 964.7326729843406
1000,15,22,GNNLXSSA,3045.553734761692,215989.0360705219,20.755197331566666,,2390,2430,9000,5590,100,0.0,1,856.6973765345844 113.84973315043597;-642.28272585006 738.566613151365;201.79649718622264 -920.1564156427283;452.7060142437778 -697.3720454868045;647.6323818806801 629.8803184482739;759.9429249705313 -649.7576149538381;-174.6306159241939 -83.83011752424359;-486.7589496563102 429.7989881718555;-840.4316114571047 47.177006357399726;-99.38754898270155 575.1240262919073;-137.61592216135983 -828.0412844772449;-489.57756940066463 -488.19517274265377;450.68048747580553 49.520763263934974;614.2157786426058 -272.45008301028054;-849.5349905714633 -523.9374539690705
1000,15,23,GNNLXSSA,3244.8800905278185,215789.70971475577,20.755197331566666,,2396,2430,9000,5590,100,0.0,1,289.0349626267894 576.5660534390818;-100.52726219419357 920.2997555218843;982.2134181609013 -187.714409704407;218.22307584374977 105.07213768715371;-791.0984034971932 128.76394316736216;-438.1813154534885 259.93506761560684;287.58293701268786 -565.0407057226931;579.352389947515 -297.28999473933817;464.2799269396595 -885.6877682893046;-311.9218139299502 636.6919642822266;130.54406611773265 -977.057847425564;791.7110791712984 525.3425012137926;-560.36579423047 -339.7636013180673;-964.4264672785296 -264.33804141776153;-174.6603106700238 -473.9599861785748
1000,15,24,GNNLXSSA,2484.310948209313,216550.27885707427,20.755197331566666,,2395,2430,9000,5590,100,0.0,1,810.5343287765515 -537.3877997752693;392.5320414777476 -912.613637503921;-287.08150202563286 -582.3801444895419;296.1837534568788 785.9847442757634;-613.7114015394482 -326.50087774169356;-450.94012226391135 -880.8636408260406;617.5278979356813 67.83567133828433;-25.981609866877793 885.3790225574435;-807.5106154447369 183.77114533627375;-7.612259705259881 -263.2650687971037;942.7534674592303 333.48872128711196;-421.1809240423898 704.0403812622685;511.6326640903635 -627.7912627965305;784.4611555229994 615.1394639198106;-848.7513219900088 -528.7872356090243
1000,15,25,GNNLXSSA,2552.9518913285574,216481.63791395503,20.755197331566666,,2393,2430,9000,5590,100,0.0,1,215.65430354765846 -933.3946420546774;-450.73658859372904 -524.4919926287029;-193.9547263235014 -68.78816078967193;720.373249464614 414.9411251628209;-33.25387584583811 999.4466840367471;-625.1150507383634 -779.8165853383878;-620.7248879829826 44.53732552841329;123.24899107331413 500.94948943231736;353.4161765913891 18.85689303800047;-849.325845710231 -527.2908352869424;-273.5706474529612 -897.6115541354177;-170.0200773534943 622.6586335813524;-27.405740827629927 -666.0191156438568;351.79023691986043 932.2128772340882;884.8933940403468 -69.34005861389844
1000,15,26,GNNLXSSA,2792.4866790318047,216242.10312625178,20.755197331566666,,2393,2430,9000,5590,100,0.0,1,-508.22912849084685 -796.1415404530987;-653.9672281885616 -322.32050691861616;-48.48500466775548 94.36628503720644;-987.942514753369 -154.82114694959864;-142.88143663629177 -800.687778786757;-259.7608394890699 -433.536715263877;-194.98246608757503 856.9364352967348;175.79872324178694 -528.7873952492149;861.9476732577812 -9.613018531570882;-920.9964842711237 389.5708869515659;275.97151660838426 -820.0422882572689;885.5756367713158 464.4952007901466;-476.9648036064712 52.4171766219219;251.2827523457727 352.7046577048701;540.1295940133487 137.31832985662945
1000,15,27,GNNLXSSA,2822.844819940452,216211.74498534313,20.755197331566666,,2386,2430,9000,5590,100,0.0,1,171.2102776841606 595.7356870028777;-720.612616932081 369.3134517549559;-999.602048955217 28.207845362864088;-830.8250270092952 -278.45435766776706;-299.4776004349692 954.1032336885991;-143.25147920410566 -690.397604022443;534.7807129370668 -844.9654190474039;-89.2644295058237 299.03229540831853;612.9182417756225 691.5314409399836;-107.16814809457945 -190.15595690841397;987.8744485210045 38.49074320314127;-698.56629317504 -715.5453403102309;-538.6593738138672 711.2662395242342;604.6745303948433 85.06880726720696;-305.52640186087103 -952.1835287399026
1000,15,28,GNNLXSSA,1819.2814039319637,217215.30840135162,20.755197331566666,,2388,2430,9000,5590,100,0.0,1,-242.90478485398086 320.2389196797187;97.73807464925483 -792.7865084429338;656.8686602241174 266.3674258721587;-513.8112718183118 -449.9994312312529;-318.7795546768636 -947.8288851475357;248.73977620700674 968.5699996568951;-70.2634317280808 -292.00361827714806;481.68708272427375 -730.8133349149223;-763.711752379963 531.3130594323667;506.81373600440907 686.3172816790191;-982.0228563919998 59.00656986889523;-60.41772243598824 969.1328273381196;792.1624770121504 -116.08074525181871;209.87179801230485 296.42084595011926;-734.7449680264226 -678.3429918067405
1000,15,29,GNNLXSSA,2728.887606562668,216305.70219872092,20.755197331566666,,2380,2430,9000,5590,100,0.0,1,126.90368355278349 -991.7679509107945;354.31391382469326 698.4862172137185;937.7095768217309 343.0052072629765;108.5404123032994 993.5902406332673;-871.7116489831817 489.96894430041084;124.0109510900202 -141.64672981654917;-230.6957203405129 664.8219772348107;-773.6686362939785 -610.4857925774045;-81.7888046389894 -763.4105142990879;-420.97216144866707 907.0732579967112;-469.78845630513 -114.434859026132;741.7066653284327 62.11960972659488;691.4381012131417 -584.8713968957413;659.129886197984 749.3720171503652;-472.7827232511218 -881.0713342223537
1000,15,30,GNNLXSSA,2449.0019829618686,216585.58782232172,20.755197331566666,,2378,2430,9000,5590,100,0.0,1,276.5400022193411 -345.0004992679249;-312.8281657838468 -74.2440234527124;193.34305827852145 809.3979543563846;743.0168258078342 669.2727306926713;158.15780567983816 -713.770212366356;-67.7993896984251 140.09026109109135;496.2440206246159 868.1830784959715;762.4101305960877 -449.2542653474112;-214.24984978664818 509.1823492429644;-555.2845113692056 -570.091870488372;999.9878472975604 4.928947661446294;-549.611479498326 442.2238136874381;874.5009026206865 342.78802342289634;-890.2657470802469 -454.96669721546004;-777.7199975120973 18.176195609476668
1000,14,1,GNNLXSSA,2113.8589124615537,202318.42490580314,18.196847286066667,,2315,2366,9000,5590,100,0.0,1,-510.2418363037214 -860.0309694920331;607.309861314838 748.7579035905732;203.68062053745751 -781.8672245210059;314.1746900747578 949.3651900698854;189.50249784658826 327.6816237546384;-99.20090884256577 89.50633281230392;-897.5142780732671 46.95129455254439;965.4059656747602 -42.485986326963776;432.8628376354516 -540.2716459634557;-607.2359820876028 445.5819469386607;790.665191859051 422.5984775471592;-337.7525936699192 941.2349257593677;-89.70282966597487 -992.5388842846409;9.871278285452076 999.9512777455765
1000,14,2,GNNLXSSA,2874.471550394548,201557.81226787015,18.196847286066667,,2327,2366,9000,5590,100,0.0,1,669.9123026919472 741.7871965795249;-274.36537584066014 -557.614207305945;400.65934845789525 591.9649031370527;283.2516355266033 -899.0822520791197;-571.3401084881274 493.3849055454403;-226.8595420026024 259.30948204770203;128.53372190813548 921.3434961385676;851.9192502725775 324.8448306877387;2.258906693769089 573.5903539877497;567.2458613508768 15.685759823293234;-710.9435376096229 -645.1182682933053;410.12470103930553 -509.0550611857142;87.96232203393092 -214.03150941806157;-76.49381216357806 -947.3220455256035
1000,14,3,GNNLXSSA,1607.5452503609413,202824.73856790375,18.196847286066667,,2328,2366,9000,5590,100,0.0,1,-525.530277297904 850.5670109796714;483.1876760375258 -306.5190889056925;-736.8980875329911 -591.3714740472643;456.8461434538816 887.4565091213576;-938.1826826570574 -165.86663542588522;-579.4124201439087 -93.77400961764462;-10.635037985321986 997.9866711959762;262.24711342963474 419.46709530707506;-260.6626605444938 622.4409053421996;735.4570381095003 669.2930310875826;-21.12524686068501 -712.6378326128242;-235.15214405935427 -969.1370718599779;169.08893711795247 -985.0630574200907;975.0782401270881 -150.65607537700635
1000,14,4,GNNLXSSA,2093.015634857671,202339.26818340702,18.196847286066667,,2322,2366,9000,5590,100,0.0,1,995.6949695386579 90.94744859266874;-538.0886258983073 -841.1749993491436;567.1457176900994 -8.462237010229465;-409.61557095917647 393.5365285519412;811.7288677621583 430.1700912962449;-562.6811611630633 826.1477016337107;-32.82925073638272 531.6833504909315;-144.78238542816828 -687.2344775252584;-807.1532517310009 588.7363210862409;528.5155847273361 -717.7756168257188;104.30327473271373 908.430249546189;-926.6991762644025 -325.34677060055947;324.39049485435686 -215.29463717584932;-195.621611177541 980.655569076134
1000,14,5,GNNLXSSA,2031.5727362844336,202400.71108198026,18.196847286066667,,2318,2366,9000,5590,100,0.0,1,-347.72137101030995 -601.4143362509511;-171.33525890439313 -230.84176356424572;347.5093769947611 -429.0228184963879;502.73506350700035 -49.82896446266928;-673.0207433627188 -164.9867956763535;-859.8914030871385 501.1517266323766;-841.8933191249853 -539.6439930294006;210.7302019386694 -874.3111641900734;908.2166353022051 290.2554754128168;671.9912665524682 -636.2718905937335;-384.8169723087377 285.84418584961657;-667.8964329659221 744.2542272848689;24.722283700227973 927.0567656684572;839.5237548205432 -234.34947691494588
1000,14,6,GNNLXSSA,1994.4852422338736,202437.79857603082,18.196847286066667,,2331,2366,9000,5590,100,0.0,1,-949.6511014185609 300.3657187539023;524.3564697599161 -403.4414731467356;106.20979683331373 701.697155210262;-324.5891143250737 475.69961544867084;842.2516168373311 458.2959641156039;340.2468944040014 -940.3361371597033;346.0797363778162 213.2540433251383;-832.6104268744414 -548.4131271577518;103.88028888731064 -708.5887573801793;547.2612456654389 712.1289503072566;998.1498873056835 -58.90686289549611;-103.19178148262091 994.6614782097691;-14.955016782650185 -999.8881674832594;-634.2587916440522 -30.067929974455637
1000,14,7,GNNLXSSA,1915.072906291025,202517.21091197367,18.196847286066667,,2325,2366,9000,5590,100,0.0,1,303.4877021051374 -952.7799722362686;-369.0857857942478 -27.405115733499695;-555.810061324388 560.168246272397;-225.70394103800703 930.6653014677443;-172.23145295873786 -717.3315562327233;566.3763384110139 -635.373952732267;-855.9840703905386 -514.4718808450345;667.6872076521631 744.3770830731062;814.3542485695157 450.00820680417564;-859.971500266675 353.56264337535777;299.96863066635797 790.3798215123934;-562.9088583614127 -320.7577318904555;751.40360705628 -257.6798664458544;111.52794924306238 -340.0172350862571
1000,14,8,GNNLXSSA,1730.7007528490212,202701.58306541567,18.196847286066667,,2328,2366,9000,5590,100,0.0,1,848.5882137133115 312.641706825116;987.9417960189625 -153.46832456023216;-251.83731572892964 -967.7695833236584;-995.3937731954651 86.81793511041582;-809.1581374369879 -582.5000009707733;49.79906410122634 987.5642633582289;658.8259887857749 -76.20665140565342;-810.1185445240603 375.4124654115139;856.1435612444814 -513.241504595937;-18.191340033335184 -227.30007008664515;-525.7471906837181 850.4020473709993;388.519000343016 921.44071234804;71.67298399042872 -996.0684257543687;427.7227812500219 -903.9099636577449
1000,14,9,GNNLXSSA,2431.6158875008696,202000.66793076383,18.196847286066667,,2324,2366,9000,5590,100,0.0,1,-177.40204965434216 731.1085339360466;-451.58554984932266 -864.9879432810017;-996.0783593888737 -88.45207133528746;-461.2454910666706 40.51158988641122;-34.76429140457606 -320.51845021034995;588.5660087168698 -778.9348068408796;-202.05993247546826 -652.673953058225;374.8240932428657 556.7953632360196;30.535635797396562 -997.463904460026;579.2821902253677 792.1517056302232;-876.6424930521283 -472.0030365973425;-584.3312552918173 412.98197381342203;60.002127559992296 996.1918290218118;957.7684382926813 279.71758330829033
1000,14,10,GNNLXSSA,2285.8036059036676,202146.48021236103,18.196847286066667,,2318,2366,9000,5590,100,0.0,1,76.67787947085432 293.10055852902883;30.377674807789315 -364.9854211806869;-584.3578864794663 -56.549561444707535;772.4129601047437 214.37229730609485;-841.1341886203888 537.9785675121318;410.415466231416 232.7800275611037;921.1254739836099 -183.8118700304965;-749.8450162359773 -661.3276492960132;-429.119108020015 411.7285738460567;-946.8728898982954 -302.0123048475379;394.20959050714913 -916.2274724234114;442.3475738484217 891.7287794652898;585.9641928456708 -349.022198835925;-423.97788974995797 -900.8875967653139
1000,14,11,GNNLXSSA,2183.949288702541,202248.33452956215,18.196847286066667,,2322,2366,9000,5590,100,0.0,1,-165.11378951248713 -377.8349962075984;-618.5450348130618 105.5137321901472;605.2798517613367 -282.0432091485914;129.39098982319794 -991.5913751061873;-232.65970528229596 525.6258446024174;-459.54509665693564 -468.3707670430936;-620.3512624980517 -784.3236327245588;136.1080824829889 275.31768957366955;304.62633656066356 770.8384134552944;826.7569237679635 313.2883994980451;-832.6906554446547 -475.32364696111716;388.2342175690042 -696.9814897491892;-214.62973395319918 -976.6954885240225;-52.27205573104643 989.1246655468346
1000,14,12,GNNLXSSA,1946.2491649098229,202486.03465335487,18.196847286066667,,2327,2366,9000,5590,100,0.0,1,-349.7615842403223 692.9888367775906;-891.850126817961 452.33101960266515;-406.17032958895476 -411.4384399973392;-162.20697370333158 986.7567570997458;-966.9498341406863 -254.96670028711443;-763.5917615536018 -645.6993276188749;667.6341968921699 744.4894755066368;223.668155529394 691.4038009674747;964.7289024504045 263.24540789316353;552.3301869695988 -91.26140820159127;-575.2928415364692 -56.5342269144425;942.7410820716977 -333.5254895420805;213.242345714628 -321.5266600433298;-161.51218132892427 282.2922413148916
1000,14,13,GNNLXSSA,1625.6459666705632,202806.63785159413,18.196847286066667,,2320,2366,9000,5590,100,0.0,1,-394.1644886389884 180.5589366477358;456.33192821089824 827.8312129296812;-403.04338029836333 -914.4350844270965;205.9384939942537 -823.1955100051005;948.8533438489844 -199.4308381772826;-960.029038813231 -279.51398770455006;388.8533447982408 -204.09816943768533;-210.3619567897849 -372.7104662748379;-587.1926374682095 801.1478987842733;806.236722797423 280.1850996818523;590.0329652524213 -503.48770236028645;-846.9017765202761 72.87689725375809;-130.0495669255277 880.0256371528826;-668.6467506299899 -424.2953661841996
1000,14,14,GNNLXSSA,1732.1345932358236,202700.14922502887,18.196847286066667,,2333,2366,9000,5590,100,0.0,1,474.3332810584648 -880.3444612901337;-396.5363502512862 -827.997241086151;103.05816242994042 -994.6749932307783;290.06229405081604 -522.3053649312803;78.40004580658845 187.25632829289876;-778.2124843911301 101.98655317893544;-419.7716312447222 594.6474842227151;864.9358941155083 -200.4989842564228;640.6217130007524 230.594147457274;490.0283754805596 623.823376547673;-189.45569361182663 -104.11945237332978;920.2058978840512 391.26657882047084;283.5950000620945 937.3100991938388;-176.2794894778154 870.7271073089385
1000,14,15,GNNLXSSA,2741.9297415542533,201690.35407671044,18.196847286066667,,2328,2366,9000,5590,100,0.0,1,-364.02770851891455 -931.3881185791819;304.6643070869627 846.416814141443;793.6150169335211 -608.4202535235056;856.6807598845003 322.00335550848735;-628.9184819871998 -271.4710989436898;-722.9876472390326 690.8120153748812;-943.0107708815091 -330.89331278661405;-390.064381813508 860.9019056369202;976.8524410330007 -40.367973701167685;308.8455379071279 -199.2122368212419;-332.8431817167248 -543.0207669637546;655.2392802332412 755.4213960693885;-108.87532772498307 994.055412445794;-695.9713036779975 -718.0695958308975
1000,14,16,GNNLXSSA,1619.9178421205143,202812.36597614418,18.196847286066667,,2318,2366,9000,5590,100,0.0,1,806.0364126334485 -396.01812428185684;-218.61729077707818 -789.062797975673;-337.7389982917942 674.6713634807704;656.144724376391 -65.01144012609694;-57.41198869870904 -423.3925161749904;-644.3155616696623 -764.626481912059;46.17225548332405 454.0700459910973;-499.0060458125224 332.89828131684914;-907.1374792797789 -84.96628518795413;474.142149152317 -626.0665937617385;-499.6400354905015 -381.2861785392373;495.4573416226105 471.16882181027364;200.71036790564187 30.234028549987634;985.9893987411136 -67.7936468937239
1000,14,17,GNNLXSSA,2702.3757978121866,201729.9080204525,18.196847286066667,,2336,2366,9000,5590,100,0.0,1,-863.5437972469931 432.34609836651157;-253.86529250836801 -88.10975182720706;-691.9384609698548 -703.2780471224341;90.90731531482194 -995.6577723770001;895.2348783710345 206.58364850651702;639.5170936498662 764.6526240792389;433.04139605707144 -681.0573434696491;996.0194552672555 -84.92313030611287;-162.97797731894832 986.4317206794917;290.38753767788165 319.7166641830453;-908.8599296029607 -285.36446456036515;-183.38185612882697 371.2635273892893;136.35933424156542 -201.18660235599833;-258.0824120181311 -931.4183535513442
1000,14,18,GNNLXSSA,2852.3982700460183,201579.88554821868,18.196847286066667,,2315,2366,9000,5590,100,0.0,1,279.62783416117367 -240.4551153526376;-814.089995017186 356.278818978105;-438.3407130734412 -485.2583338088157;365.59354517242326 -771.4914718462376;-258.9561281813715 121.63797789942598;-879.9307961281379 -413.8697787229753;-434.2737867076864 631.2299261281646;932.9283662509499 319.9959571614927;873.9220527074551 -443.5510062668329;-60.34230249868107 868.1021577467958;-646.864137490189 -79.13443236913133;651.2791975950107 758.3162212415505;328.4336511681859 578.6361416211669;743.4557099040027 -8.66153107896894
1000,14,19,GNNLXSSA,2158.07757045803,202274.20624780667,18.196847286066667,,2321,2366,9000,5590,100,0.0,1,149.0611758252541 -186.799954970205;52.980512092459556 -702.9469596705742;957.7731799779159 -7.940019302392285;-465.9159228674058 180.1827950721033;425.8014370268577 -904.1322661070783;-844.8507915159016 447.24341171343144;376.7254352090241 659.3222639409632;775.587389611388 -565.1822026855832;-440.0855478521336 654.8347842039472;-172.50245762273477 -188.88611020786587;141.89725816043006 929.0271613099997;565.4497355657472 30.068718494733513;-848.0631249473141 -184.9887807893154;-160.91954356834884 985.668614263064
1000,14,20,GNNLXSSA,2440.2698040299874,201992.0140142347,18.196847286066667,,2329,2366,9000,5590,100,0.0,1,-830.9105041280073 217.8443799522409;782.9295732261737 244.67846048722402;-234.72648909101943 -972.0614565545757;369.50329117270553 908.9739936159873;-104.06176518129547 343.09069232103565;-803.0700494876614 595.8846328072952;770.9791813534652 -554.3272853226076;380.4631033573681 -640.5809338939275;-233.90007779886386 -180.90202035660988;98.52287745332103 746.9781185171937;264.4781708054654 -964.3916720748863;-601.8795183167404 -435.53806655408573;-998.7109404799896 -50.75881564393047;-228.50097164806684 702.2302376963352
1000,14,21,GNNLXSSA,1806.5032100357348,202625.78060822896,18.196847286066667,,2332,2366,9000,5590,100,0.0,1,-948.8289447529316 90.21617134214304;-401.81264474180284 -769.967949379651;189.02615296447544 -776.2665384600853;685.2416771958551 724.7890353031729;333.2903446218641 240.6270636340773;-766.1082616982623 431.32190073653237;535.0126993335051 -534.0365851526611;26.30596980731441 -349.16478700158524;195.67193028427243 665.691611496938;-175.23639367654587 399.62020472474114;-767.3897154788215 -442.5600411252891;676.5654692286855 -241.2652870802355;353.1925234568916 935.5449800865695;883.1131805231636 108.491161259021
1000,14,22,GNNLXSSA,2979.0012362858106,201453.28258197888,18.196847286066667,,2315,2366,9000,5590,100,0.0,1,999.83029717785 18.422183509350216;228.2472583475475 883.3518774259525;233.9705296012871 -106.26463492656238;-285.70867365551203 -150.08502761883815;43.955557084731666 -928.6327718215238;462.8110885445115 -421.3642296813095;-998.4444328396321 6.495255556447576;656.9217650274456 140.8891500032157;-379.8290669676455 905.7152270041752;20.609161014922094 324.1461543938092;-671.4119185706131 741.0843646990053;-433.22149834082165 -495.6494409002479;-570.9344353094032 447.9356579786338;177.68714488410382 -645.2124594938228
1000,14,23,GNNLXSSA,2262.2030279375904,202170.0807903271,18.196847286066667,,2325,2366,9000,5590,100,0.0,1,919.7300473723121 369.1815367207955;-294.5543420102434 460.7585377580242;539.7709699680383 833.2675157217456;-277.4696834390444 -583.6963764347769;108.71452227187244 -994.072452535111;-64.59344824557473 693.8019216043301;351.72217822058604 292.40869770085374;874.1145288887174 -485.7186686759942;646.2220303735781 -271.28857991652126;-407.58647983668027 -913.159297459606;-999.757321310228 21.78072854705286;136.70690237257958 990.6110035604089;-866.0805256302639 -430.675778398063;578.3789389133252 -804.162057033544
1000,14,24,GNNLXSSA,1903.3268180395535,202528.95700022514,18.196847286066667,,2331,2366,9000,5590,100,0.0,1,-759.3131508603173 -478.7526224244811;-964.5227074303162 -235.5574065988463;668.6364735686501 -331.0495191690977;340.4544327695181 -939.0679292183371;965.5040623081792 -248.97346523825448;35.381702218662156 -997.0169846804805;-388.8605451421422 -67.31792339436434;653.8749649092297 751.4398630039381;-416.92664621422244 -747.3434219889566;-507.3581003613479 858.9520070751545;-751.7979600068902 515.5008507299538;-106.08045302690586 957.3777708806701;843.0742906616125 145.80291596986376;251.4588634125964 965.4554063435208
1000,14,25,GNNLXSSA,3371.717513776908,201060.5663044878,18.196847286066667,,2321,2366,9000,5590,100,0.0,1,500.0315310378195 509.2271839097059;-515.9318526011986 203.98143164417502;28.764050440722205 -908.7687486817442;521.8991960515896 -444.6662147889987;-532.3661732122799 -523.9773792741705;413.8965160615405 -115.46837139998513;-781.5258547687525 -4.855013362146776;-554.2535465528947 -832.347887684914;-286.5052034029984 553.0397874855169;-72.15307405814404 -70.12323525852416;54.57635769185621 300.58372125143393;-443.655942382973 867.3589447456836;-934.3684599498138 355.48080271042386;816.0494279664364 -316.324980851215
1000,14,26,GNNLXSSA,2441.711913550709,201990.571904714,18.196847286066667,,2338,2366,9000,5590,100,0.0,1,65.12251620435647 -995.3704162661577;830.1837288605254 -391.65664706604616;390.53345928532593 -343.492413269251;-134.403800537167 -493.80967469968414;534.4256475964833 -715.1604713632573;-414.6885142292012 -188.57125446558254;689.9223012952563 674.6730004833626;969.4098997017919 -96.02471426121302;-430.4678067139643 902.6059313913626;-41.01903438570239 497.8569583006624;65.78934396682408 996.6381937657784;-436.38234646165483 -898.7351474802238;847.6057706117919 237.32985529274427;528.1747176551307 119.87062799271571
1000,14,27,GNNLXSSA,2187.2115696920664,202245.07224857263,18.196847286066667,,2323,2366,9000,5590,100,0.0,1,220.0493809666988 -534.762199533358;771.5379480836035 -145.79135348766354;-254.67448662002374 780.309853388231;900.723308435932 434.39327992065984;623.5575613289438 300.05508224310876;-910.5888869083808 154.55516453509503;-769.6552849553296 522.9896199147845;-426.72793620034116 233.76676433236304;462.41694750315907 731.4659673467095;-608.4769347408587 -385.95547488968765;-113.83060268917804 -991.5909004073535;443.8278059253756 41.2083169829473;217.3181754855346 316.79840829909165;-44.839708395498604 56.51039013445023
1000,14,28,GNNLXSSA,2080.75798127905,202351.52583698565,18.196847286066667,,2317,2366,9000,5590,100,0.0,1,254.81140142141777 -771.6377005716072;36.184254814579134 -999.296281402878;660.9101209571847 345.17715618613653;-777.5678134374194 347.7770074235772;21.799590156252336 827.0117427564935;-566.9862134965615 823.5547825525266;383.00051053627635 840.7147529052693;-568.1864556862914 103.6046873824954;991.2269223945011 -130.78505567351752;765.8553576553461 642.75655688725;470.0367795763366 -261.83088094597355;-440.9660738318712 -779.8932713141892;-278.09532100690467 -353.19139446814864;-83.44581875372225 -651.211933725391
1000,14,29,GNNLXSSA,2531.370591610903,201900.9132266538,18.196847286066667,,2331,2366,9000,5590,100,0.0,1,-655.1603006763601 -686.5526729621882;240.0016041257649 553.2094293672865;658.6960252666227 -340.49667993324255;-960.2825191478813 279.02953861374414;-55.60425687776339 647.0184885153278;-518.2948797128232 -404.85108088707085;840.95441498976 307.5670767290914;457.4779086209408 136.9478875666779;26.13624635354286 -29.76576563288983;-595.7040039225394 682.6689148407046;108.62339140677312 994.0829738202395;244.97330919904545 -828.1141929805153;-348.919667968387 -757.8804836812731;-395.4120250104976 918.5038543615904
1000,14,30,GNNLXSSA,2142.6148937749094,202289.6689244898,18.196847286066667,,2320,2366,9000,5590,100,0.0,1,-308.7086844385641 -89.98597533522471;505.55659508510786 -679.4860693922257;-4.534975083999714 999.7463988304447;-797.2916870490068 564.6635456522598;639.2679868605716 31.80395533553009;-522.8651871952492 719.0025947075253;225.30273056573083 684.9525754969234;966.2162807185971 252.6474785460351;-308.67932106651017 951.1643235467462;-361.9503092730348 -932.1764463803004;201.9515487334882 -470.8542889577042;6.523525847208575 -64.76826833879133;913.7623204979653 -316.3409045384402;-501.0408365246674 -556.7256645073584
1000,13,1,GNNLXSSA,1695.3367909970693,188134.6410402487,15.622355202900003,,2271,2302,9000,5590,100,0.0,1,103.61373660674924 -761.8580745079662;-181.98436800791228 93.233345289025;-239.05470016346172 -447.6971341906495;-927.1376641511788 44.85478095342226;978.0740550718282 -208.25722101046983;707.7781884118787 504.00712794577066;433.2033813353276 -368.21561646649667;252.25385095105992 156.57351863150168;837.2650055528767 96.41379234814657;414.0296099896169 878.3602605184917;-540.1835075748035 771.8570055134472;134.62424520453598 479.70339971054887;-599.3867951315142 204.75267474074624
1000,13,2,GNNLXSSA,1366.7122662925103,188463.26556495327,15.622355202900003,,2260,2302,9000,5590,100,0.0,1,-440.88991997244864 -821.7292492092022;227.94695840513918 80.0051342139184;-633.4467122590264 770.8927998156571;630.1989631221563 -747.2334002165658;219.99117171194243 975.3371897663199;629.551844159577 334.8486088274689;-990.3061531754715 80.02450012406094;-650.8178315760618 -227.42409672634707;-866.5311458271691 426.82179320378964;431.5037070725866 648.2188092806124;-13.031825872667028 773.9314206615518;904.7266510347114 23.722917006673626;-322.4841076705254 946.5744610778531
1000,13,3,GNNLXSSA,1711.4231448867067,188118.55468635907,15.622355202900003,,2269,2302,9000,5590,100,0.0,1,-437.96627382899527 -898.9911739314106;421.058897131699 141.87665295662953;825.1539050490608 -35.7913195187148;-716.5519818963197 620.2727812776989;-275.08044036746514 -58.36043873586139;33.64849688893397 -924.9434270718159;-988.1256201238051 -153.64816580403954;627.2257128193074 -578.1201734936028;-391.4676964042953 920.191851013643;-868.3859700316458 130.5257237886452;-412.00191481130463 -337.6445979098498;28.88086589477289 428.8878843049141;266.75972934003346 -169.83196505774256
1000,13,4,GNNLXSSA,1622.1212191373634,188207.85661210841,15.622355202900003,,2262,2302,9000,5590,100,0.0,1,-455.3864069561773 -748.9029157776645;386.7856248539489 726.5916487401823;68.89139140832134 997.6241658008418;-953.6389794834739 -300.94832578678063;870.2523931849202 374.5417270291551;-85.67512079992987 -934.1233079818625;-429.41541740245543 903.1014460928631;383.7057476793443 -542.208014945156;-270.0026489197529 -284.4257127893257;-715.8891320431859 123.34119870613124;-842.0243751091859 539.4394792022408;713.0611860137836 -562.2509137788809;200.51620383715127 -804.8744739369876
1000,13,5,GNNLXSSA,1474.2637371567253,188355.71409408905,15.622355202900003,,2269,2302,9000,5590,100,0.0,1,402.1990706716949 -773.8876513907094;36.05029487862153 957.5135061574355;-717.3727800898037 696.6895251015521;-772.8242519209981 -634.620103402618;-989.7324094157055 -142.93270357822988;388.41768932020733 418.6688299978204;-278.2400679353359 647.9718625459309;214.97733666540591 -199.16676733681425;544.2889781293349 -131.5653360569173;-584.1803736429931 285.19526940069926;-265.5119345108293 -952.6572780408023;750.8909328704951 660.4262312574186;745.010387234358 -428.4453334631651
1000,13,6,GNNLXSSA,2119.4341125397186,187710.54371870606,15.622355202900003,,2266,2302,9000,5590,100,0.0,1,-683.9973980181708 93.54172471973618;-877.4478981101256 -460.19695432577157;-877.7950596980379 431.44952970421866;149.34083289953173 -986.7237761076051;-476.40846060100847 -390.40833808189996;704.5940883704172 413.66306171132965;811.1545173520875 -396.95523920296;504.8113150570768 -863.2294771224929;-991.0819366795525 117.27543726809239;917.7409439814381 -89.18329299044169;-174.00617109161033 120.0909219817083;134.43104034945708 709.5710348875466;-321.29656150216414 498.5047389625016
1000,13,7,GNNLXSSA,1617.4708768363926,188212.5069544094,15.622355202900003,,2258,2302,9000,5590,100,0.0,1,62.767836581289686 783.2181767759282;409.05433338852777 -362.78055207069906;-306.5307818533207 191.46209623978405;291.32024322485614 -61.67660601594227;945.9536015691358 116.90867371289397;-887.3753546419798 461.0430321025739;4.00742483466298 -999.9903064584321;569.1865751857266 677.5081422841647;-172.92237199948107 984.9347714718716;-815.558747049022 -578.6708022288445;-492.30245843608105 870.42224338767;-527.7986780781764 -849.3689823447572;550.7027305806489 -834.6999593953442
1000,13,8,GNNLXSSA,1862.077992855251,187967.89983839053,15.622355202900003,,2266,2302,9000,5590,100,0.0,1,555.3471875495202 302.5554701858958;162.65755101315557 -220.93138168569152;-714.8342337951767 247.02021443150588;962.7696600980031 270.3231059209985;873.8080576079326 -145.6053450953072;-21.036980238292642 200.4880119558692;-358.88419574573726 585.4621949881065;-381.3105371211717 -735.3501640450476;-860.4988989523185 -247.68271503292615;610.3091547664131 -726.8768026741749;276.3736994532093 -554.3299892510934;250.78102699908288 757.323745663632;-67.00853115877906 -954.7775413505407
1000,13,9,GNNLXSSA,1679.1175443013199,188150.86028694446,15.622355202900003,,2265,2302,9000,5590,100,0.0,1,-383.4845283009482 -98.14373250277295;-94.38307623846781 631.5872579785397;685.2085727905651 -728.2148150181162;691.4620960566276 581.9513365060974;339.90670899699603 -839.6269062015949;-718.3177296242295 -679.731554358546;-594.4190359541159 720.0699981666365;-868.8912111330675 422.9757805848506;-44.725636809034036 -998.9463128764812;115.65248523993264 -66.33917443649494;448.9966936959125 -514.1973898406503;971.093972434418 204.20597438488548;956.4366530269419 -242.84122574080232
1000,13,10,GNNLXSSA,1706.509242659813,188123.46858858597,15.622355202900003,,2263,2302,9000,5590,100,0.0,1,607.8246563478656 -19.91528810392195;345.53223078374265 834.004532274441;-962.8477133912794 -77.24748509216278;-816.8127041992803 358.35695852434145;-385.50274635022726 -573.8944545019434;-168.07113130308494 -315.5958891370049;166.47147036606972 -262.8109438643843;801.0646868132314 -416.19481839690417;-66.55826242236563 -997.7817216572331;961.2481316616548 22.836453439799463;356.9913500900063 -934.1073842278704;-490.3338220091803 -871.5300661872866;-473.4710746408743 850.874802600585
1000,13,11,GNNLXSSA,2062.7674471260107,187767.21038411977,15.622355202900003,,2260,2302,9000,5590,100,0.0,1,-126.14528897435581 859.6218323812885;-392.86843262728485 309.97717285944793;-910.7389850862346 266.3465885457179;861.9268499786941 -96.37812679781533;286.0147845914157 154.23302592280322;285.4899291396986 -874.6789783404924;-217.9046672187626 -701.9859443070161;-638.6024317343188 -53.997175022966104;572.4901903411063 819.9075027548786;-889.0787186475061 -457.746131983002;451.07969708654093 497.27450870042253;892.6253521916988 444.3667405210457;-637.2630469467554 -770.6434246288029
1000,13,12,GNNLXSSA,1820.7770714516228,188009.20075979416,15.622355202900003,,2267,2302,9000,5590,100,0.0,1,197.76497263705176 384.43592136395705;394.97176871280016 71.30643366660783;-678.0581289711083 -643.3727155063684;742.0443770710125 -670.3488996319102;-657.1529864977333 423.24559554313566;-53.157826726077396 998.5080908010046;-45.42391537934756 -0.7432543600477708;-377.12805291689335 914.240399081383;-947.524333669702 319.66139920624573;828.039055365532 226.31707894789935;51.30513482373991 -998.6777943627844;-360.4118643703664 -932.6943976403948;980.8968072347925 -166.30793578937494
1000,13,13,GNNLXSSA,1736.4545152657956,188093.52331597998,15.622355202900003,,2259,2302,9000,5590,100,0.0,1,472.6916853452663 -765.4491838299258;-488.08874688707976 872.0458225597688;-232.56893251974523 -972.5799152905771;-917.1610293799447 -166.40966742019572;243.9692918445172 76.84348292177036;654.3752044779708 -417.42522568820664;-211.67326247477376 387.12419112732016;125.27973391845612 -992.1214584259938;-230.68529425868712 -86.32105652153508;971.707810329711 -236.1823832715582;838.2770899324105 209.9865992570509;-658.5258031054879 -752.5564830825969;-802.9985430275591 595.4407378766781
1000,13,14,GNNLXSSA,1631.6540835329506,188198.32374771283,15.622355202900003,,2259,2302,9000,5590,100,0.0,1,540.0847883231946 307.7531048023859;-907.9292783468443 287.96096239212756;-124.56904434130182 677.1872491529101;-86.20533592329998 -996.1844732836387;282.9839227364275 -959.092099846102;83.74465887546171 996.3980308467575;-504.92157709243236 853.9625475113859;495.062674022365 -564.7660747812286;-495.8559196888046 -708.5114767812803;-754.9838652234021 -137.9234832121465;-361.820713023038 51.47134522157091;997.462252759482 -70.27359585006398;810.0067508748239 -586.3118278789158
1000,13,15,GNNLXSSA,1803.7020596791408,188026.27577156664,15.622355202900003,,2268,2302,9000,5590,100,0.0,1,-345.4118268879747 1.2702649158996941;-978.5841967416745 -204.83098970608935;390.64378878171397 -491.90154086966123;134.97987852281238 -840.2826431097819;-606.2460693221304 -555.2616474273314;-737.4326260642118 490.07805787221866;101.20200506533111 662.2097534727627;-470.32849327448776 -841.9700499796527;-876.3613808598413 85.80544793839634;867.6630928772514 212.27807523008443;391.9599627373679 765.1321871868423;-102.15257806307335 -252.92051051313763;854.0955250813099 -335.3125871043342
1000,13,16,GNNLXSSA,1873.0075083216943,187956.97032292408,15.622355202900003,,2266,2302,9000,5590,100,0.0,1,-375.8740856251594 -396.66034885684985;4.2269313098795065 -39.62543871397553;-668.880805630302 320.2321735795163;-162.5828096125634 241.69721957166212;704.1010533834731 -82.22233049089142;732.6954264870566 680.5565890292606;312.5418859662155 -601.5630550223199;-406.8913268348935 913.4765723030557;917.5008696550791 244.5015707027804;374.9370624280358 289.87054360288755;8.072739786470773 851.7723873821657;-705.1852495806367 -187.35603862348702;381.28452989511766 924.457736872086
1000,13,17,GNNLXSSA,2127.2346115812834,187702.7432196645,15.622355202900003,,2255,2302,9000,5590,100,0.0,1,54.04089280098098 458.41707073545973;592.6276747994726 -339.08245516737225;-660.6163630316806 710.5696590787767;-124.6620423074623 992.1932443895998;455.4841397578175 527.1428424859772;834.0957571857499 -551.6174102945525;840.0427463930062 542.520103090267;3.72298814257027 -64.14147447908442;-635.1598040381057 -686.7197913244366;436.5708103245589 -752.6528108111701;-998.4082673919521 -56.326657855203884;252.2219832328327 931.8024538112751;-919.5350111751635 352.1923081828586
1000,13,18,GNNLXSSA,1186.2960112603323,188643.68181998545,15.622355202900003,,2269,2302,9000,5590,100,0.0,1,188.4992452712392 949.4742229967587;878.109619759134 -478.4595026608512;-687.308362482999 726.3657583207915;870.5855407611118 392.0087964269207;558.4590411226689 742.6740500359708;538.1041087346536 -441.6871993193717;-41.42135438537487 107.2151195295312;-690.7850353470781 -61.179678656434966;-237.49857778826703 -965.7088085148489;-986.5947730558145 -163.18931882615937;252.26894121225095 -958.6203561221915;-801.8823040663758 -597.4820251900472;-250.6128959982697 516.9913914768089
1000,13,19,GNNLXSSA,1508.713910463819,188321.26392078196,15.622355202900003,,2263,2302,9000,5590,100,0.0,1,609.5921753377762 -770.944913065355;905.5100161884018 -363.4036261823634;179.34683134273922 92.18497663913521;-792.0760221642345 454.7677078967931;-204.17030748467562 681.1354269496569;-987.50945454943 156.57281121859432;-361.7097584731934 -930.9351412561051;-799.2093323016311 -367.4883784169566;189.19495424812823 -899.8077289834218;423.1204566146256 429.6184848357036;903.1800396210247 401.24949055579106;-508.4346656361168 -2.0355926205587416;-406.5504373212393 913.561406957744
1000,13,20,GNNLXSSA,1308.1622420722852,188521.8155891735,15.622355202900003,,2261,2302,9000,5590,100,0.0,1,622.7322291279185 -132.92609111631026;-997.8436212652701 -65.63617524058044;-32.367880088189715 -306.82793163098245;-151.95754600239408 -988.3870214713112;820.8894829025301 537.3061220219096;809.5194715178135 -576.720048955443;-397.15994555536906 -386.29091110241274;41.33659756438865 811.6225786220365;-709.9725582354081 704.2293422974294;339.4228511051363 -940.6338969799357;955.0649520634436 240.12495743217755;323.2655215190976 935.6395249579296;-748.1822172765599 -663.4933079927262
1000,13,21,GNNLXSSA,1386.3462716752547,188443.63155957052,15.622355202900003,,2270,2302,9000,5590,100,0.0,1,-224.8721407521659 -207.2876042815873;255.41161594506846 -966.832408662602;-210.24755375372533 971.4191162860525;383.38747648125974 923.5875935055274;-647.5367274336156 281.76459314445964;397.86105343422093 -582.3217078934349;-223.7870954493157 -969.9063203029064;745.5606234223732 162.45288619672164;655.0394725258561 -755.5946594789087;-641.6823055425366 -766.9705462099665;-861.6747688916022 -435.1932062429923;0.006690976606233301 511.9946469174805;879.212321695564 468.26867794449873
1000,13,22,GNNLXSSA,2042.4934387406975,187787.48439250508,15.622355202900003,,2258,2302,9000,5590,100,0.0,1,-177.79499588815884 737.2425354005823;56.63908935804231 -755.3234597068092;-981.1188420316258 -173.3269222078675;-576.7382280160891 -349.5741799974979;-442.5326102077911 896.7399681915085;609.4711525857643 792.8081388715515;614.2199227718597 21.3909457003556;999.8482594182501 -13.955876531902245;786.8315978558167 -617.0779449863968;325.2941188101397 162.74827584129423;260.92895732598276 965.3579227878004;-409.6067603309115 -912.2621603331504;-240.05514644906836 195.8334828405081
1000,13,23,GNNLXSSA,1534.7219070446445,188295.25592420113,15.622355202900003,,2262,2302,9000,5590,100,0.0,1,22.835173465818276 -953.2607383571477;-816.1065275194851 -528.5846798609281;-647.973003461354 -118.12308677502055;358.680530898294 -721.8919692995247;-817.6695117141337 186.03072922682156;970.759999127346 -227.9294054767237;66.20886828101682 -22.116305960315;-204.95644004221123 -624.6909520197185;-233.9912447983681 972.2387038982299;177.3604194898102 984.1459655957538;-103.04857037980675 596.0684645255907;732.9992351198447 647.2438607963433;754.3420424507667 -447.08065292910374
1000,13,24,GNNLXSSA,1859.2857007699786,187970.6921304758,15.622355202900003,,2258,2302,9000,5590,100,0.0,1,-564.8635363853399 306.9018549121991;592.8708363931611 366.0134361846124;-693.1468098124566 720.7964345408585;-38.38443627899244 999.2630459751546;-268.939673730593 -919.9677314414934;883.3171393509361 468.77588603604465;963.8610881272726 -116.80930025472304;-855.0836175663331 -190.97972724454632;179.90819026918368 175.40759623329438;174.5225833893705 -911.417486316747;438.80719226873697 898.5812417434651;583.5438519856863 -652.4565171394593;-983.7061556244266 179.78375729362006
1000,13,25,GNNLXSSA,1345.7589493867417,188484.21888185904,15.622355202900003,,2265,2302,9000,5590,100,0.0,1,-318.28322000933997 -947.9956708026076;144.1120348702919 257.9449714015535;-854.0369605615778 520.2123316442452;-593.7664887824019 -200.26168773042588;936.0843811710779 -315.6717421802264;-133.9512859648221 -460.28622421324656;-334.22245272675616 289.0508134292553;787.6847526365287 -585.5634824814216;-122.50169740044126 778.8773082123158;394.7665562066394 918.7814572033712;456.1184264415593 -860.9623111503206;813.5681681615404 576.5111236868167;-593.743171662413 804.6546129267255
1000,13,26,GNNLXSSA,1693.0210151848441,188136.95681606093,15.622355202900003,,2264,2302,9000,5590,100,0.0,1,971.3473974886921 -54.88359328035593;-751.1430327879291 -660.1394885129596;-482.8868679039621 666.3562071563937;139.7203413127385 959.7277264424905;85.82736851423115 -911.8502365546011;-192.51540831290646 981.2939506397229;-449.7743400198445 -760.347466960473;469.10761677552097 265.34916395598634;-860.8096359704476 -341.0459865053255;-186.27678623165767 49.31046139706179;832.7204847602435 -465.28499147071244;306.5386943174472 -444.0686998679153;-325.45294450310223 -390.49987420728473
1000,13,27,GNNLXSSA,1616.287257425778,188213.69057382,15.622355202900003,,2268,2302,9000,5590,100,0.0,1,-422.41784782241376 -906.4002979517431;-263.0450721578969 110.40760430768154;-987.3105148077939 -158.78358931779638;389.47876618864615 771.8468034865864;-436.27255318963574 714.0682093753833;-854.6790671239254 519.152237420437;811.6758331965028 -584.1048703095762;66.51219909694882 796.8680440477765;-681.5418341646301 -98.84646453950441;63.06674495577928 -562.2148049691443;488.25654862257744 -525.2962022587183;697.5289011706311 258.1192728603163;953.6767370415055 -291.81839535715
1000,13,28,GNNLXSSA,1548.4148779624666,188281.5629532833,15.622355202900003,,2245,2302,9000,5590,100,0.0,1,472.3540557051977 803.4349291950653;-464.9326940646854 808.6650624336629;-776.3650976027529 -255.30513254320147;661.5496278768971 383.3917283969298;444.58623763207925 -895.7360533707193;-200.43456907159936 -948.8113017670336;-654.0858095738615 138.50247227949697;885.6541191742891 -141.25529128670797;-201.61622751766802 -94.6166483888563;-499.0325828016138 -752.8760603230681;76.92626871539467 -544.5371657302258;122.39452711215856 432.5120557079243;-999.1550384674639 -41.099989112901255
1000,13,29,GNNLXSSA,1547.489780963544,188282.48805028223,15.622355202900003,,2262,2302,9000,5590,100,0.0,1,303.6056962455142 -260.1739533823145;-523.8160359093572 -823.5981359216569;737.6854510258934 -641.0188383963662;432.7982883686823 546.3198237354213;-74.27197254549753 788.464364316588;855.6777741068493 166.89346239114937;287.7652665184183 952.5702988020631;964.496928814684 -164.7987006828016;-911.3481322325683 -16.537512448111613;104.12599156585479 -912.142496725657;-700.7290516202524 -265.1218044531465;-346.0774984473989 936.161790593259;-175.5862904132731 -592.3342730979432
1000,13,30,GNNLXSSA,1760.901075198024,188069.07675604775,15.622355202900003,,2265,2302,9000,5590,100,0.0,1,341.58743451373584 97.39884718859909;-756.2461621789919 533.8052759169636;336.41809750400904 -941.0443595243719;916.8761459708182 -399.04340608278613;-395.5280862154594 -727.8200823438617;-182.9641583960921 -980.5940723685259;-966.4888446171966 -163.6225763670407;-197.509512428888 975.6092136927043;-267.9403336378956 320.93560009563237;461.1475318714189 886.5559740864729;23.016286052672463 -736.2144618189811;93.84763460202711 646.8014515686228;796.5573005969296 -10.496023965683435
