Radius,Turbines,Seed,Algorithm,WakeLoss,EnergyProduction,Runtime,RuntimeSingleRun,Evaluations,ObjectiveCalls,SurrogateInferences,SurrogateTrainPasses,Iterations,GateAdmissionRate,Dataset,Coordinates
1000,18,1,GNNLXSSA,5293.73908519125,247529.53411480875,26.95850253256667,,2584,2622,9000,5590,100,0.0,1,-599.5888756487226 -85.11399301383655;3.9878034633915673 -177.14009731942772;164.54492545303862 291.9899178971177;847.748868540422 355.0074689425852;-989.8838367981178 141.88019469199094;-197.69272223937824 -513.4768713305623;175.42907534483294 -729.7001897212049;-208.18731569118336 -976.4735028478158;-833.3633639922099 -473.05256244031915;280.18367957608433 897.2759221523418;565.0245220259952 -39.038697909640014;-877.983300054016 448.4813062411842;-593.237922235387 -805.0271843992853;552.8271169386978 -800.9230027049197;-243.66492605004348 674.9721358216868;564.2609413778541 654.7076720359888;999.6905609683552 -24.875335390205443;-567.92266311965 823.0819210231048
1000,18,2,GNNLXSSA,4640.0254738999065,248183.2477261001,26.95850253256667,,2590,2622,9000,5590,100,0.0,1,336.9894011217937 -356.9185463031102;-196.5378518739919 -332.1713572485734;93.38646545011294 -832.9837414291507;-986.3179213057575 -98.9673176792934;-49.2002047791633 998.7889365875496;758.946279776948 38.51254558639582;908.3994579059512 418.1033662578836;914.0517833462148 -405.59750660180856;-220.3375352781883 528.783559655645;567.7397466596485 -823.1666953220947;-357.36503176949617 191.02599902010408;562.4328328478324 826.8429769519495;-747.838018289625 -563.5722676086532;-617.913899674039 786.2457711108032;-769.4068181745662 392.50219785479214;-596.4340465374536 -219.5638896760813;123.64761946481664 448.6178979671417;-383.3961612830968 -923.5839883374904
1000,18,3,GNNLXSSA,7171.887551299413,245651.38564870058,26.95850253256667,,2583,2622,9000,5590,100,0.0,1,-185.07190780738534 -982.7249813353351;-145.4969621192683 749.5793606027705;-836.1945032332662 -398.4013360133123;-353.2575268670179 444.6375311519515;-562.5419408685976 -703.841268227905;113.16416225570813 296.178388568108;677.1312271183997 -619.0525712088319;520.605873279291 -315.62287467305293;-513.2519185058568 -51.331418689283055;108.5188813003854 -667.796118092295;944.8490929435746 -53.52063249722648;490.3021858610987 -871.5525036048193;206.29717952592006 683.0104873053934;-841.7843425634468 389.86936065916007;650.6704970834467 550.5259860002404;-34.82287143706094 -326.0282899790608;265.9848407014848 -132.02636311730092;-996.1022930977548 88.2055649343874
1000,18,4,GNNLXSSA,5955.508922635345,246867.76427736465,26.95850253256667,,2580,2622,9000,5590,100,0.0,1,-999.8781491048051 -12.437256915080917;774.520998618466 93.11745702134255;-499.72874617965033 498.33820381415643;-12.237367915187063 311.75856884895785;155.18938821908307 786.834897447661;-419.72539736952234 -666.8296240726154;227.45237200689647 -921.399731793138;-567.5959229572164 -358.9385764172153;201.4508708533669 -133.66660427487508;390.9940427576071 384.6833417831001;-34.05609190011486 -641.03103750263;601.1336262182638 -422.78767326868564;-201.5706947342379 -261.3448310174859;940.9685309699646 -337.01301204739167;-243.27524621852967 869.2525122242769;-789.7001994416689 212.83898179586535;593.6305138928201 617.4439028500616;-781.1376998951262 -623.8213883868244
1000,18,5,GNNLXSSA,7085.065835767076,245738.20736423292,26.95850253256667,,2589,2622,9000,5590,100,0.0,1,-979.1569021958857 -203.105295061839;-409.1975453559576 282.21967519145903;383.15647252754087 -148.95049523848456;559.9372862125199 448.26045632477394;774.4824768275118 -181.8896636221316;385.9522432817814 -735.0717076196926;-594.3694691774772 -33.66389117433235;-118.22727710883305 474.4527648392854;-429.05624081473275 -554.9526112837877;62.07600127698154 903.4075868634343;919.1122306664065 392.009914032637;216.04894601747202 389.7088966733563;-117.98112508802497 -208.03413122513433;-798.5281498914057 -505.25802399516186;-285.51049309749584 958.3755831255431;-758.7209942531204 651.4157296838605;555.583854545959 -404.16177861418976;-289.52734372076765 -829.7828171426157
1000,18,6,GNNLXSSA,5875.823041255819,246947.45015874418,26.95850253256667,,2585,2622,9000,5590,100,0.0,1,-187.50545497497768 -168.21416125756562;292.39064739892535 -594.8513613582012;-640.1607634622284 -768.2384383552743;-601.9957492549579 174.37722198619528;-612.2604691288775 790.6552380021554;724.8434584169468 -590.1598184135083;-418.70852206188954 -386.01282591827703;275.2877336177448 263.6567388221123;947.9167794743458 318.5105585564798;596.9832776162533 -250.4641147291048;-72.41685590276934 881.139724805693;-822.8644060009182 -264.54349809175943;932.0672008888454 -362.2852084702755;-185.2523533209951 -821.3927648004134;-794.0939997361352 441.3535157690131;-79.35894705049036 261.72688417120327;668.3988025464791 742.4629023127471;-991.2157311300473 132.25392386421618
1000,18,7,GNNLXSSA,6652.96772047758,246170.30547952242,26.95850253256667,,2588,2622,9000,5590,100,0.0,1,131.92538071141615 991.259650103921;-170.9382327120067 -734.6021037325004;700.1235605190135 -714.0217083577917;-143.41423224456057 151.11026900721356;-720.8832805581412 693.0559789910392;115.05276663784664 -17.83775281298583;-152.85045713239765 -407.9081709197248;458.1831348685001 272.09220147211784;-342.77650121999295 -111.85271954856742;-512.9763423147389 168.9629221793243;620.6843782628927 777.8630290903916;311.0730328677034 692.4202097811773;-949.6090309559485 267.1626365418636;-144.6119244666177 755.6140776669026;151.4061604462859 -988.4716356977136;-695.3470305288012 -421.18010278115264;-961.1516312256487 -250.996714383174;-498.9300089368339 -745.5322533104052
1000,18,8,GNNLXSSA,6513.72989419513,246309.54330580487,26.95850253256667,,2580,2622,9000,5590,100,0.0,1,-226.77767287602347 -595.0001960411264;-133.35777835462375 991.065310724154;739.7890840000641 -400.22913010865636;550.2402660495317 361.95921390531265;-440.440922179306 339.24866257640474;366.1027444333571 677.8947306369083;999.7481736235529 22.101625561304004;-97.659370545842 -269.108942039686;-835.2459710337399 549.8739395697692;199.1193649638958 -979.9743714308916;377.69063902048725 -308.9906513083663;-599.8417609200469 -363.23697249835624;811.9405671342022 540.3762118616571;35.889850837468 466.3461241136965;-330.9408338891439 -943.6439783991632;-989.8699329112147 -141.9249692285122;542.6556686261194 16.361248896255095;192.17975966091063 132.88953155306126
1000,18,9,GNNLXSSA,6106.993038012297,246716.2801619877,26.95850253256667,,2573,2622,9000,5590,100,0.0,1,315.26950702540773 358.9439501596737;-459.9319026393997 887.954190786046;-227.89173627652093 445.02085357946896;-503.46190065962935 129.6178310581668;-1.176510777086806 -92.60147831440973;706.5741538733339 -116.85727697624007;-766.1866515499414 586.4836924347262;685.5343126202501 -728.0403190897337;419.46443469206423 788.1479358931945;985.2659483368766 171.02926956470097;-33.03350660654443 897.7480969999868;-976.6154558557756 214.99360777384862;250.34742437224546 -925.2599796532924;-377.5962934543445 -253.41413514152873;-516.099283700443 -856.5287673883987;-9.02254784240345 -583.6762856520336;-768.8245772457387 -363.1375217411049;-176.5891037641053 -984.2846582324596
1000,18,10,GNNLXSSA,4733.705605240713,248089.56759475928,26.95850253256667,,2575,2622,9000,5590,100,0.0,1,333.6203574232686 942.7075140852386;-150.45720625126518 -766.5737665685218;-319.01631886306274 859.5829485609714;-984.6605759492907 75.31028101363657;248.51400132861792 -404.41333487479227;-469.1869974376124 306.12616303614715;-507.6606968422346 -861.557088579542;861.7961333704957 -363.83936830004313;998.5095418664642 51.34429635924041;525.8990162243414 549.6061941949652;851.5613516049069 524.2549613049209;-652.8765414783254 -336.79205215959206;-21.473530036530494 999.7694171696642;693.4122036475738 0.9779423714534008;435.2864932232146 -900.2670686246503;-308.5920959853133 -249.19029503722965;-37.20719382928769 218.9297173254199;-744.5315533364229 -656.9296049742032
1000,18,11,GNNLXSSA,6381.734459062689,246441.5387409373,26.95850253256667,,2581,2622,9000,5590,100,0.0,1,-583.2699058421632 22.89417562195171;429.7968183041663 -389.8688484618957;877.5312834365458 -271.62232738763623;274.3429035118977 961.6319312983848;-144.98219737222243 -900.2486085364684;455.5359759447514 489.748094037133;125.26297180940904 -449.97901424420184;-259.83181137975885 573.0377687492285;126.74228733507135 395.342727800018;-66.67962285097845 93.0281865302214;272.7685907787046 -119.24900291548289;-633.2780467517676 -645.5338133674775;-423.9577098716429 852.327210168759;613.1647302268196 41.73945338194589;766.2394903397717 -580.9883325440526;-979.1012932793883 203.37319759159323;-818.1996867214563 -319.1611040542239;-354.6612866958549 -351.48329855104885
1000,18,12,GNNLXSSA,6812.940259588038,246010.33294041196,26.95850253256667,,2589,2622,9000,5590,100,0.0,1,488.2964667530569 642.0664693719411;-61.43456930095794 -743.6753637769068;-771.7869174466153 628.968180622507;295.20126976187487 -955.43508954349;679.9029566581887 36.978517731539064;857.2086153730893 -514.9693095031499;-815.8433507425966 -543.1528742634774;-521.1176651585639 -745.3059731862481;312.83832213417617 -193.4488083331446;-523.5714737778545 335.4209819322192;866.6553759124868 284.37080961774444;84.32299103844802 57.75065430495966;-199.32240759641863 866.0998639685944;-517.1149993619365 -252.0080123079022;149.8185635014672 844.997796215823;999.9256988649727 -12.19002663638734;-991.507802729954 130.04721114125613;-16.94892285786904 348.6251988903822
1000,18,13,GNNLXSSA,6965.901400735631,245857.37179926437,26.95850253256667,,2595,2622,9000,5590,100,0.0,1,-831.4219048669148 538.2550581741377;172.85097617830414 716.8827941971964;455.17383421376866 890.4025946992386;-949.2982552689317 -100.88664571557818;139.37876269218958 -283.66264336654103;-166.29969077007763 501.8863177895203;-768.0140584444858 -555.445896705721;689.7718904087403 41.81380949344563;814.1859603979863 580.6041869387516;858.52906659455 -512.7648991616826;-941.3685581504981 243.9736338073646;380.7213041539127 -923.057724455331;-361.0153910739859 932.5598572787148;-668.9789227148067 -246.0813273564728;-156.5622995438275 -568.8588150037108;996.8337117254887 79.51447143498618;-336.9849733213957 -49.463002998718615;-510.4823062823169 -806.1978924982765
1000,18,14,GNNLXSSA,7265.306877317547,245557.96632268245,26.95850253256667,,2580,2622,9000,5590,100,0.0,1,540.228641612268 385.117371706035;47.74176643364835 -928.9590600223123;-531.4827555988948 -690.7756569370638;386.4385506320132 -106.535114784896;323.39742834099843 795.8413376346871;-9.389801244287394 77.24777118756705;-210.33347884395783 -182.61591534896527;916.5963836148507 9.152404335182844;760.0064238228177 -264.84541031417064;-194.8396334612885 548.3098387080024;-518.3490438261173 600.5480734291175;574.604247694812 -585.5222888666499;-26.039051296914938 848.6396644281984;-884.9124944135233 195.32638937597176;-895.3449210619463 -339.9746996337541;-349.4409079133518 169.61930023532656;-79.83615304231442 -557.165657936602;213.064767829179 -367.30920619607934
1000,18,15,GNNLXSSA,5518.3952815911325,247304.87791840886,26.95850253256667,,2587,2622,9000,5590,100,0.0,1,161.55154198138337 464.6180115455838;-320.6983086057062 197.12381335002107;-5.980445816240947 -111.97529176353788;345.93049536416356 -189.37744332308534;-15.607834689449694 988.8522445386211;15.519046391573971 -808.9820470084896;-508.08110002903237 861.3092335469812;721.5163964402036 188.27102711320154;-978.479958563801 185.9392126362089;567.8562350061812 776.7670749970557;-328.1056961043173 -561.605969625141;-767.8980815501776 -393.03518745368143;504.61053947128556 -632.4731047782857;-492.946602074955 -133.72943380569748;-206.22106384158383 626.3893869882869;902.1012521773687 -395.81478307765605;-694.586939681212 553.0564960405619;885.7869196988198 464.09215991058977
1000,18,16,GNNLXSSA,6952.023697243305,245871.2495027567,26.95850253256667,,2579,2622,9000,5590,100,0.0,1,224.1454250681243 706.2960749900734;833.3421489303176 552.7573349650631;102.91309557046579 -388.18336821727235;-366.05837412952184 433.63740535678653;594.7313686427952 -352.32753160353843;598.7106514414131 351.0615830379819;-852.9606794765482 520.3763790339113;997.5947297121377 -69.31241309536345;-93.50152414201301 161.94283544936937;-385.59470694125355 -120.39403861750979;-191.50051063493436 -714.3480928980133;601.107234558967 796.2561302501041;-510.9870037765364 -683.1753631693775;-861.9146415423826 -275.3249777976543;385.5817447803081 -793.9091623169518;-993.7951032314444 83.07571249120934;-691.0723625122781 140.22689040363394;400.37161237546843 -2.7510223242026766
1000,18,17,GNNLXSSA,7591.008022127382,245232.2651778726,26.95850253256667,,2577,2622,9000,5590,100,0.0,1,281.7164004088257 -650.109259437756;-376.1766151318834 275.5846640183259;714.3351297826479 -165.49614001695755;137.6344428931143 -175.44005817940382;-624.1858762731266 -517.141632020964;893.5753207416111 423.09056400415574;-998.2058396028519 -59.87571947597132;-540.7079756325397 841.2103691035678;-60.28512420803193 74.25020330955655;-267.7133222365585 597.5722095558789;362.3662744069786 932.0357735475641;-295.7638228370769 -749.9334319386983;-42.54813356760129 -925.2782805650107;318.45346515685924 204.06943924325125;503.3831480591792 -863.9547244430703;-248.04620099722518 -191.92114633326784;522.7451782981539 668.4473488293235;-103.54566130723926 994.6247010930537
1000,18,18,GNNLXSSA,6185.929830181354,246637.34336981864,26.95850253256667,,2583,2622,9000,5590,100,0.0,1,120.07311853634255 -799.0205452468364;-643.0993335579702 536.1503415845398;364.8781967819388 -126.83019434369915;354.64860706003964 812.7492655658228;908.6073862683174 243.32340012756848;-302.0903281961829 310.71053168956763;-797.6930229724129 195.03187555170118;94.57395858775884 313.52793705543655;-33.73795168254693 -325.26604005763426;526.5335294320558 431.4211346214849;-806.2611810811638 -433.1686453533673;732.760284040929 -252.2453679577144;87.06015152520423 970.0765734896987;-315.0479817507942 949.075744708899;-237.01959131737706 -904.2462397225174;-194.32836943835161 650.000611781126;-992.9908512660016 -118.19124037770877;574.8826386322777 -716.8894758694385
1000,18,19,GNNLXSSA,8049.970844179508,244773.3023558205,26.95850253256667,,2587,2622,9000,5590,100,0.0,1,189.91816099183146 67.46391959837678;592.9688410559373 715.810465928146;-204.50738164394454 -674.59816272423;92.94804555456366 -793.7693491201632;962.7591281029992 78.35474388728514;-855.1645703651615 -195.7957772977325;-390.58772725599005 -920.5507058072056;-437.3687019005311 42.734171191301925;812.3964061339415 -583.0778832365351;-438.5060829188467 582.0730267218959;373.5837710056154 -549.3485578772057;-430.3178070085335 902.6349643728248;30.333831254862567 638.1855303811269;-870.1101677338955 492.84951088513327;-650.3910915498175 -599.0828437553097;-188.3351937963394 -181.79950009006637;-992.2292733549339 124.4085220669895;474.64141769520575 -141.71380879204602
1000,18,20,GNNLXSSA,4535.889471446804,248287.3837285532,26.95850253256667,,2584,2622,9000,5590,100,0.0,1,110.57176228010447 525.3155526233588;-136.7113589378106 -552.3533928139389;338.9701405049741 -530.9695455296945;704.6808478683662 118.97861259935827;-185.33917795321454 715.0200517122415;-632.615401131003 15.613087082818407;107.04354890775694 -143.68630266189126;380.53811722957926 884.9134554542319;837.7427556659796 520.2856708058458;-863.9308532263972 -503.6104455266087;998.8806441024174 -47.301784718335256;-816.4500230526583 577.4161063369411;510.0752827577407 601.3686004318906;857.780197147092 -342.93283498844494;-372.3705565364398 327.39030085022097;-385.23142835903604 -922.8198441660957;111.77131626282049 -993.7339547690199;-981.1379528339263 -193.30886557230664
1000,18,21,GNNLXSSA,6374.471205689886,246448.8019943101,26.95850253256667,,2574,2622,9000,5590,100,0.0,1,281.712399021806 -381.8563313288137;-273.7592506214011 282.2466387949718;552.6599441072274 728.5726907463817;57.397739679660766 480.4325357615234;-501.0860703696494 -445.8488987591676;634.2273197392003 -657.9916962459033;-746.1392232683032 -49.99664839176563;250.57848912922734 823.915624426197;729.5139489633141 12.739334048150159;-140.40609029229256 753.2331707793869;-866.8502125165165 246.4642091887088;-897.4755266737513 -441.05749550911156;-140.77485905116228 -41.22245310559142;-494.6718350571237 649.3343072178036;834.3730097007368 430.20411881340095;427.88347356217196 200.82569563714424;-214.5451263383695 -832.8536814856152;80.57709377623634 -743.9126449459014
1000,18,22,GNNLXSSA,5602.488762509951,247220.78443749005,26.95850253256667,,2591,2622,9000,5590,100,0.0,1,-54.42447597053936 704.2671891135711;-189.36163579773185 981.9074146211582;354.9781232403959 -926.55934156203;-318.10603424399955 -943.6982321160937;-535.6339994894482 290.26450311109807;493.20716794033365 661.1473438080078;558.8371738440928 -342.7989376176386;198.34645314566075 978.6440727138732;985.6965347920043 -116.27246546709067;-892.8568564523949 295.9973919307094;-910.9047766790974 -309.27595180933633;188.0938872610923 -383.44557213152177;-641.2776410603273 -123.07587932546164;753.4459949106862 -642.752872560193;-665.6288649601568 702.8888996546126;-639.9533901294543 -768.4137287046727;739.2929620333213 284.9073501502422;18.11236779128672 -818.9969989399808
1000,18,23,GNNLXSSA,5210.072946585424,247613.20025341457,26.95850253256667,,2583,2622,9000,5590,100,0.0,1,-190.12732661962968 521.3786933854559;212.08678528811885 -558.0759138629326;-345.76099955521073 805.5265646992373;-987.0034063529101 160.69933368795296;-815.887944455646 -282.6358720367991;-671.2693907938135 -741.2134678912024;21.81363640187541 999.7620543243911;-337.60713451197387 -82.89342201481368;987.9952339999521 -150.50621863604127;585.2420387682793 72.1044114991048;-323.9390384759955 -946.0779562759336;-3.7742777587298675 -99.5050417435247;1.9820788015072885 -870.5805466569752;340.3672311073888 513.1584862827372;384.8239869205628 -856.5614720484188;-774.5325722606397 596.2138978148059;-629.9018942547517 271.40388690304115;752.4273291214906 658.6752723391852
1000,18,24,GNNLXSSA,6645.033979435684,246178.2392205643,26.95850253256667,,2582,2622,9000,5590,100,0.0,1,-319.33832542938336 -947.6407726095143;356.9165368652281 -154.22822455468008;-462.372051897915 -505.2368084845136;227.91353110613454 -702.8951340842357;604.3984486447922 -717.7174600339266;-713.6329808164108 -96.63380525992075;-108.12662861770022 75.75081893337074;610.7660242604735 790.123816690596;-279.38332349274015 753.2020771962322;836.1806714885371 455.7230729205906;838.6010218373167 -359.55844240868845;994.0352068477824 109.05965132479689;93.5181128341988 990.3419567345521;-818.3500015467744 -492.52654914039;295.81446150696866 728.7131027764071;-119.92866237969508 -450.4053285678878;119.03134863448504 -992.8904965011276;-323.386477464422 -187.62668767630532
1000,18,25,GNNLXSSA,5335.825111554237,247487.44808844576,26.95850253256667,,2589,2622,9000,5590,100,0.0,1,-368.9581328081815 592.1907102908268;310.6209970196723 -664.4410940431702;303.86919372579644 769.0301086129529;-849.9527879415195 -526.8380656876654;958.0948353502329 -104.72323227518002;-346.5812977274689 -938.0082543704132;-589.965925483196 807.4095358419132;621.4039239992571 -722.1503477190747;610.5036690824317 -125.67142262114261;-128.68636090276053 991.6755243092497;829.5161962380488 245.93461814227066;-872.4158379780459 257.0277731659355;302.95961342143926 92.91975257607646;-109.18120977823227 -543.1337774145561;133.91014425426823 -955.5235008364489;-636.1622046023541 -771.5520895587832;604.2051229257335 700.748845710086;-607.4251021887853 78.30740731134924
1000,18,26,GNNLXSSA,7862.321251696325,244960.95194830367,26.95850253256667,,2579,2622,9000,5590,100,0.0,1,13.517509615802249 -753.7107813877484;139.6891969203526 473.79513673998173;336.4210806201224 -272.09279885092883;-620.4472500164925 -60.99763689071703;34.718176608810495 -23.340078296757966;-798.8117500086126 409.94227876091395;-306.0526288026514 -68.65692551912882;-942.3103659938741 52.78874727397626;568.3379968218145 421.16418005131106;-475.18734495454027 -565.9373105633653;355.9291246235739 118.27750888676056;560.007250848941 -680.4030492958819;-169.38566357166403 207.36144677980369;-290.38567394007 537.0737794546905;-309.31058470503194 -825.4539798567406;-958.9967079278725 -283.4172086933018;698.9889709474897 715.1324482176497;975.0173848073363 -222.1285648525705
1000,18,27,GNNLXSSA,5474.2869243315945,247348.9862756684,26.95850253256667,,2577,2622,9000,5590,100,0.0,1,-992.9868053519205 113.0046691232854;-411.202689106753 93.4222356015098;-209.97902521837258 602.8149392823676;865.3111670543267 -391.2012938334743;265.9441813087446 -949.9041425129647;6.983132260709536 -341.27203441030724;477.4312657346601 878.6684723279352;-427.5112654891953 -312.47472008382755;-21.95573985173308 999.7589436897091;259.3681374405499 129.04632062617915;707.5880303422971 175.25232694485078;257.51665877288826 663.0092625768282;-794.7895523298002 602.4556603422259;-743.6939716156941 -588.9632598201603;975.408222056996 10.321704011625762;487.13221668312417 -569.4619436815912;-391.4189197635556 918.8917160352497;-172.4496034316434 -985.0152398619174
1000,18,28,GNNLXSSA,6752.828852722654,246070.44434727734,26.95850253256667,,2574,2622,9000,5590,100,0.0,1,-822.2192497668597 68.82948966411762;-299.324535973803 -918.0083641774836;-39.43959582761133 549.3402778999448;-297.29772318495907 -26.854511373546345;-297.0061042462177 954.8755803980353;561.659578318351 725.0056967859066;304.76714618745723 -14.049108983701462;836.4269313858496 69.81533330992285;69.47082214598146 980.9984434326507;-806.3824945806265 591.3943459603971;-577.493673787533 -362.21415885940485;830.871056086867 -514.1938139907817;-104.14487277270165 -557.780570552061;443.5118510025058 -896.2685077700382;-933.4535368444533 -358.69833363507684;920.5120598664653 390.7141508064395;-551.9427873784301 226.599667895084;448.6903873504762 376.43359484604997
1000,18,29,GNNLXSSA,5582.364448033855,247240.90875196614,26.95850253256667,,2579,2622,9000,5590,100,0.0,1,387.93782006516034 -151.2429650438656;-586.4313532109762 -809.9989308456791;-296.89430650718515 -704.8803572830723;-598.5559896657898 19.059706594631102;592.0181329228581 254.34468896070769;845.6149852527549 -336.06901599104106;404.9927608934222 914.3198912984028;216.6560145278517 288.27259747368885;-988.5152002334393 -151.1214707030186;-814.2632190307743 -580.4958312801575;557.3232855105088 -554.1685972012143;-788.0710681679002 531.505324440453;953.3284033747113 65.49368668925418;-322.46445649317565 242.19368052098216;-42.74040902124974 657.1350730666873;139.42354583333815 -810.9905298135789;-59.88473076167716 -11.350741886897765;-313.8565103660207 949.4704265541206
1000,18,30,GNNLXSSA,8382.486451083329,244440.78674891667,26.95850253256667,,2586,2622,9000,5590,100,0.0,1,670.7805682220127 704.3371795546741;-418.0225014436194 183.2868734733458;-728.8633849574024 684.6587057536948;-92.6290471622239 -302.9938156211978;964.432008013501 -264.3183505630897;290.1822495948627 172.38847470109428;-954.9438301116128 296.78659223718836;-235.89658000746905 -661.3406094759571;-427.3004023891852 -244.5459442612501;10.442963844086483 664.4241740745858;546.1610215861966 -521.4676470388391;-536.2433774965373 -592.4653394729258;402.2162084236609 -803.2977967240732;657.814110986945 -234.09364624437467;825.1798290315962 274.46319372098617;-770.4530260444145 -392.3700859593251;-308.16372501260895 549.3969661077325;263.34849675798995 -252.94364590484068
1000,17,1,GNNLXSSA,5414.573704132286,233362.96209586773,23.622617323133333,,2521,2558,9000,5590,100,0.0,1,376.796745137191 303.9010881280107;293.921167870043 -780.5193401365877;-703.7736084589923 -98.68630947336364;55.77065352587883 893.235238269862;-993.9209920915976 110.09569237556245;-285.5641311478939 257.34718962967736;-586.4268180457182 191.41426659575853;976.336212755245 117.1929932675358;76.75601624404686 -512.7848596196363;-826.0350917628423 -563.6167910154242;-316.5048209265414 -432.2665645637295;-421.0887020825505 718.9923627094803;385.12236754491624 922.4348447098371;-56.44573014060723 -998.402954600819;659.6008608970453 470.7033224242728;659.0159044914973 -390.7054000884272;-535.386912396864 -748.7846634037138
1000,17,2,GNNLXSSA,5699.668554829812,233077.8672451702,23.622617323133333,,2520,2558,9000,5590,100,0.0,1,-558.1015598070264 -403.3664637856238;-699.7496882616385 91.45776405658364;-819.7459697514317 409.10941065486577;-55.34432835800449 -966.9844798931822;407.7727755710086 913.0834373172672;-328.79241623347303 563.3889338324905;705.0210781396361 -536.0829610054315;-111.6193126845938 176.18612496490246;82.2316667542843 -654.0755625832599;401.3559398208887 214.76843741606376;-390.4274498186213 -870.5108659169385;-315.5220705534884 947.6212954351149;921.7259064878474 72.32030745208515;443.7567248589119 -815.220961880771;-979.3298547065606 -196.763015911667;68.15916320643487 922.1439992192405;-657.1731822107037 752.5082104020095
1000,17,3,GNNLXSSA,6683.770280161756,232093.76551983826,23.622617323133333,,2522,2558,9000,5590,100,0.0,1,557.709649409772 -279.21900877872747;-977.6368006027506 -90.59365823151471;22.98051676336377 -832.1234178047465;979.3651775145942 202.07719332499266;-340.9861482177042 -188.84502002933095;960.9915279531178 -275.6975884551639;35.71898373949708 -389.40059320725186;-500.9125089207889 -707.0686320153784;-673.5971799258216 204.11995975356336;-779.4255312693683 574.010442336976;381.8191758521868 -811.6222319618641;-1.3205187895007358 421.72914610803736;395.0820077938839 67.36496242670208;-213.1607048872338 976.7143113059574;381.5924984103118 682.4177109513477;686.3325280293191 727.2324131357576;693.3738709267153 -705.4234415897824
1000,17,4,GNNLXSSA,6154.705797761941,232622.83000223807,23.622617323133333,,2524,2558,9000,5590,100,0.0,1,549.4115811437854 14.335464019249262;-449.17692911486574 587.4797296260498;-435.53930929051506 900.1697118114678;233.21645576563319 -852.1083409450064;172.83120245063358 404.75431749872115;-806.6669684816071 46.07809903053857;175.89234689183425 965.1536839757603;-935.9807128564618 -297.4441702362485;-407.913548573025 -479.6873239069109;-244.7579898485462 68.9309143196287;-938.7540573733182 344.5878984600773;554.1424446140925 -668.5292723568408;418.148849805251 -341.72655865434865;569.2926544165739 822.1349485500123;901.6297628104626 163.07956636846376;-497.28427338203005 -797.4711970453752;17.43892042639997 -328.2754806496161
1000,17,5,GNNLXSSA,6010.12620426403,232767.40959573598,23.622617323133333,,2524,2558,9000,5590,100,0.0,1,-100.41651479220691 590.9989293385719;50.004725724612285 -787.2534690265826;160.6473115355862 54.076208786808614;-647.4683444341381 109.74435269312225;-511.4743031956106 585.0408420043934;-449.78561423008983 -849.200361972161;-639.9971047456111 -434.2227827964779;343.05607542619845 628.392475016423;782.8476591126375 496.1857098796977;719.139382504114 -674.5884701174023;-76.03463272716664 997.1051773138303;-139.75898605894147 -18.165497662405638;-390.4136246944327 920.63956120349;968.2095976318162 -250.14031073306927;-919.4649683352399 352.32809060959687;-936.6349100973648 -350.30699108435897;335.31646746700716 -444.0625976501557
1000,17,6,GNNLXSSA,4674.698539514269,234102.83726048574,23.622617323133333,,2499,2558,9000,5590,100,0.0,1,-597.8504553395983 268.67702369556093;-374.11387804015646 -543.0095551927147;997.9422320287838 -64.11943179262413;777.4547018706924 -425.8869752526474;-152.65914620183136 -988.2789004531705;-27.16934797837766 842.5542500665338;238.97036317180178 -307.2805099975678;-455.2579645602049 777.1050318817122;-708.9375518167469 -122.04660287316928;-999.8254599412685 -18.682870583257753;262.0180339005591 471.46768682979337;545.1346763740199 8.663084806974268;-50.479516183956335 229.31081844538804;221.0558678674729 -975.2611461969344;833.5073005888399 305.2259904500646;-878.9575142429798 417.76107883789297;-851.4543104140231 -524.428791426806
1000,17,7,GNNLXSSA,6417.3287005224265,232360.2070994776,23.622617323133333,,2513,2558,9000,5590,100,0.0,1,221.68268349788332 -139.23679091429267;-199.02361113617752 663.3866377784371;-617.9280631638891 -580.6442442634726;199.7714447884215 830.3915466385856;377.45577823130463 -671.594727270811;-313.92537842236044 949.4237016434313;692.0829742155861 713.3453748702013;529.4076850570145 -46.44801720959924;-136.55682285198975 -692.3814668981549;-583.4791275004878 289.5023346881161;-322.9070958412286 -207.6805217972928;992.1024189567127 125.4033472034948;64.52766694865826 156.17004006519062;-924.6677553193174 -379.29115912558075;362.4031149121408 300.2393762311267;80.55110447876214 530.7899601649488;724.0684764404966 -689.7275152862444
1000,17,8,GNNLXSSA,6155.813018221845,232621.72278177817,23.622617323133333,,2512,2558,9000,5590,100,0.0,1,-417.22476043489115 -504.4904644407949;-479.6304199146969 375.68291573432305;9.936328415213193 388.2051209229399;-728.2900950645112 125.08904032155586;-6.709752900866677 965.5407862928602;149.46235794344926 113.62088457177062;75.06143400255134 -970.516986263351;-901.9987788296653 -431.7374907568049;326.05707604957945 -221.60284703049678;-230.43917882256375 -921.6591632246893;908.1430010694158 -418.6601090659103;623.1468017139931 -627.8602938145905;655.5419280574876 -184.76246236670593;674.4279985774025 475.1471556650424;-253.7531977150786 58.253606770721504;-51.03367902791684 -573.834455169865;-869.7268659409649 493.53285825368357
1000,17,9,GNNLXSSA,5162.1713191297895,233615.36448087022,23.622617323133333,,2525,2558,9000,5590,100,0.0,1,486.54035643669863 209.60843929077964;-269.9539958848986 -828.8962869652303;-824.9093913569062 -264.7088042380292;90.18773969284268 603.3936320006585;-367.0036623853498 930.2194965682778;820.7739120440007 -353.2916446338159;261.6258791425919 965.1693630461266;-793.4015785271134 545.7747565974094;828.5946932765628 332.57642724826064;-444.8015131596402 -533.8072706621762;-995.03010278312 99.57456781434486;365.6018276913924 -464.9067884143417;-686.3852650942534 -725.1351580484146;-639.1628996411408 189.04957353966645;-74.2759410190801 -126.45940734879021;600.6412111777514 595.3784896624752;-188.9422505727186 224.60973049199413
1000,17,10,GNNLXSSA,6867.744425438024,231909.791374562,23.622617323133333,,2510,2558,9000,5590,100,0.0,1,-533.1952409987003 -93.5512605120242;-533.5174638308745 480.77848106669614;817.064157998535 529.5335834001203;402.8994790921479 546.37561759417;365.3004787729594 -930.889660597993;8.858646188581659 -788.4022774810558;388.25898427440967 -315.9271197921494;542.4713606697319 115.95749876567953;-699.5974083350101 170.8787087455123;-526.1916399440661 850.3660141685898;727.6621240400444 -685.93573550117;982.8045381599096 18.963798830263936;-190.5785535645253 509.0069431725192;-911.4113367562138 -125.0315322144555;-527.3099633445718 -666.4084502818997;-758.8626984176211 -442.3726389654451;73.35202262282309 929.5772145219867
1000,17,11,GNNLXSSA,7611.161940331716,231166.3738596683,23.622617323133333,,2518,2558,9000,5590,100,0.0,1,-38.94822776940319 116.21740777495788;680.0675564908832 -84.5831023706369;133.32999536859023 -990.2633776426616;-4.408698627189658 -472.3355573451669;283.5917594681555 953.0177611810046;552.6176783782771 -621.3363093899707;-432.564652093146 -23.789991432618386;415.9792178747965 545.1148321906303;686.905896005513 726.5588499560067;-802.8929605988769 566.6191521352008;-934.2507070867708 -202.9648007986239;929.4616286720012 347.6957927842814;-87.54440065009247 875.6920349750309;-423.1418706951419 473.3544817972932;-556.4754723247775 -448.3330427730107;940.6026911907599 -339.47019771040885;428.84220136212815 -903.3711166769876
1000,17,12,GNNLXSSA,5744.097414386022,233033.438385614,23.622617323133333,,2509,2558,9000,5590,100,0.0,1,355.8163269372385 -464.753758886682;-655.3656924397018 -587.0848770888633;52.06164457537205 405.8856846767093;175.59247015205702 808.960419698333;-592.690355536443 781.5761858533178;747.0032430477913 556.2424288724874;990.5658695722459 137.03743298303652;-159.62956277737396 -987.1769865062214;479.8802731277692 856.6357193011061;-399.00951960206976 449.6049312524944;803.3017871857243 -595.5721943679215;921.376689763025 -275.27924091820216;-180.4978894316806 -14.269369799856687;-167.79068945520015 744.1084226794208;-886.5645301391181 302.85685303269605;500.7436186478338 -865.5956494712025;-998.7865855610509 -49.24790861851465
1000,17,13,GNNLXSSA,5475.945164640201,233301.5906353598,23.622617323133333,,2528,2558,9000,5590,100,0.0,1,564.6598380981924 -261.85257349636424;913.8036078479635 406.156332320506;-418.3233646752683 683.2860345706437;-99.59305856308345 -743.1004420875122;-425.29827261524576 147.37352467509558;235.74115838499054 971.8158808351006;428.3211641367165 94.74270140615673;562.2502576961037 826.9671382350479;239.6795684811415 -466.64405404307513;-900.4260511871721 -118.83513644436788;76.03007381411713 147.7241504654351;-739.8272138815975 -552.6640297337007;890.9641552835833 -336.846000468841;-141.91272621793252 989.8791735042182;404.59549965408445 -830.7103866093875;-753.2968737092227 551.7674521041039;208.87268362315942 459.49341958590225
1000,17,14,GNNLXSSA,5655.562064988742,233121.97373501127,23.622617323133333,,2512,2558,9000,5590,100,0.0,1,-114.81387899907809 -73.73763130520976;-466.1770188405592 -146.29044029797848;-668.7463454476755 -556.398284329172;170.06863827700604 817.8927542498143;185.083876921017 -593.717708456517;206.1746317192733 -144.23596054351623;813.7599355567002 -332.41811600412717;-301.97078287574817 318.9690123179713;960.9826775612912 172.50236621655995;396.2262207448263 478.39019935528773;-829.5620771456352 299.03138140443014;-114.49823216284568 639.747189975704;48.64913334767733 -998.8159299012606;698.1913440129671 -681.8280919516902;-962.2232205060711 -75.42592641084052;-693.4938161889705 653.4230645963075;800.0314747972851 435.10227398657383
1000,17,15,GNNLXSSA,6282.128829872818,232495.4069701272,23.622617323133333,,2516,2558,9000,5590,100,0.0,1,-33.55184051055183 438.1514799972442;-350.2663246471488 -714.4335424566831;-180.97941274447598 884.5372051854234;-534.0083248977504 -36.14716024884258;461.7573507267093 886.9909115664047;175.3302414392053 -184.93100986720336;-979.3553870075102 202.01983231024917;-773.8219225219125 -468.9360292924126;-816.298205087202 577.6216481939811;376.2113332645569 -708.5314150352006;562.3454420944615 -164.0476094159855;-565.0581049283335 796.7633444777546;666.4900538332238 194.56348831284788;-225.25921386800385 -235.47495047993573;-24.581400834760473 -727.7307881825368;-399.9941005427628 375.95522635268514;-655.5658523529266 -755.1299749124775
1000,17,16,GNNLXSSA,5889.325007104431,232888.21079289558,23.622617323133333,,2509,2558,9000,5590,100,0.0,1,-610.4377160386003 -479.55046044496385;560.7399242481798 -395.2683052447725;-140.85079283049998 990.0308349536491;333.4919844706761 -873.3543688695014;-874.9708945255052 -80.44789122321096;359.7585497652484 163.02065061603827;96.6628680845497 702.261610706676;531.6737981502689 538.5570000614307;-177.90444280599752 5.4156064915515225;-632.7592136852095 452.8876616299998;97.33733963643068 -669.3350081154371;781.5688419050878 -620.0377791782244;974.9378058654285 -222.47758245338807;104.68119477291812 -259.90377684391996;792.7971615515678 289.83444079335095;387.95469744916727 921.6784432366447;-489.13121407165903 -27.69100499572736
1000,17,17,GNNLXSSA,4797.348756158957,233980.18704384106,23.622617323133333,,2519,2558,9000,5590,100,0.0,1,712.1252391686721 -702.0465497108837;-367.25799822872585 -733.7426787750884;-987.2844922423658 158.93930249740538;585.9797681919267 -328.94684099104063;-680.0306242343712 733.1789454314219;-252.24965385591796 143.7294788223981;33.307308945539454 -959.6601332802744;655.3532720446273 627.5785890377102;194.7432683882687 934.7011809319874;-803.7123412060124 -445.3521268434822;-269.16112825148446 -395.0615632332502;273.9412351825333 -703.9549405159981;873.1824391152722 -143.52882434622285;981.6392507311951 190.7401016987612;-107.72134045459083 807.257335389269;37.58492453391395 336.69805162350843;-705.3394810031396 -149.89925343119424
1000,17,18,GNNLXSSA,6115.649424571107,232661.8863754289,23.622617323133333,,2527,2558,9000,5590,100,0.0,1,679.4148219545598 733.7543865003151;-548.1488599570904 621.6008472016524;-52.10015202265572 217.6587245759967;423.37718433406553 -461.8507036097645;443.0636292242407 -69.83229153628075;-859.9945925887469 305.83884153315825;325.770831019211 945.4487641628459;979.818220882042 -199.8906051507921;-82.09522859265869 -580.083471578443;146.21006307055836 616.998284183756;-580.9193603830407 -674.0467058586107;794.7947617826953 437.4423490777065;-997.8099599654582 -66.14592802078324;-266.37139333862245 963.8704688965425;694.7705713888232 -719.2314322469841;-349.4575832990231 -142.81706301866936;-683.414168754898 -355.6124325123616
1000,17,19,GNNLXSSA,4092.8950419179746,234684.64075808204,23.622617323133333,,2520,2558,9000,5590,100,0.0,1,865.7310832086481 -414.62980919917834;278.27803432797015 345.9129603096506;-368.3436534706678 -897.2582952796149;999.6603156955048 26.06248690289823;-202.06450787772314 -77.19920002551169;-743.1133205289146 -510.61808923753586;316.4786065507004 -948.5996476890168;-932.5953699612055 162.95591896831868;639.6034908050191 -768.7049983901717;463.3903804721079 819.8581800628716;-577.5198152096261 -61.17825899388518;36.21370693206322 -605.8223077784008;668.99578596538 214.74174689660654;-402.2285804988536 363.20227494327145;486.35103633687453 -322.62773142877444;-49.71455616821065 842.7948767305461;-755.5924428905782 446.5030927200754
1000,17,20,GNNLXSSA,5057.510642943205,233720.0251570568,23.622617323133333,,2513,2558,9000,5590,100,0.0,1,-943.7970056905021 306.64552948425745;-411.3790894828634 71.08828159317568;-236.56520846188306 872.3584820319899;483.09573295220804 701.172513440489;487.5719625201542 -219.70290489507695;806.6390553210808 -300.9295176401202;-13.752005067390842 -972.289965201048;-679.0586636301401 633.3906438832356;993.4109462844649 114.60668306082256;332.7262747657426 128.66470616761177;-29.460169590537806 -49.04045711151776;149.14699331291743 622.148352665905;339.57759287730124 -877.9122138009249;-417.4168659722552 -615.0496084986099;634.319057975464 240.0032876969193;-927.9442321069522 -372.71906591887506;-673.473848388902 -169.45500188751058
1000,17,21,GNNLXSSA,6721.009602998674,232056.52619700134,23.622617323133333,,2510,2558,9000,5590,100,0.0,1,185.67250294286944 -965.4406226011614;170.4457291875862 287.8234982249245;-784.9437004656763 -372.4875484679247;23.021069088659715 999.6800851189635;-75.35268597038817 -272.05953359099294;268.9600893895106 705.8513354192257;584.8363662219729 403.8905277152888;-775.833166923052 629.5474157649803;-200.79681684425506 -709.3601660267174;400.7189717104494 30.1097057033337;554.0819294258908 -451.97939143146215;881.3284244759384 -363.0041463339604;-92.21863200827978 714.0512831344856;-641.1959431150128 -767.2889782937217;-258.83867607500224 443.2442404306847;-594.6384788068023 161.53274260265988;-432.74204710568387 -453.9354275041261
1000,17,22,GNNLXSSA,5498.1421677904145,233279.3936322096,23.622617323133333,,2517,2558,9000,5590,100,0.0,1,-47.625705713512694 -998.7554859620154;228.410463886215 -773.4490233581646;-111.847215586358 993.7254149741661;710.5249688052857 -703.6719894270681;927.5818261539463 373.6200687716201;120.82920286721672 644.5400735463276;-152.79393973770465 -691.5484231612892;-973.827245383284 208.72181047382867;733.0635778501243 -46.51245252149318;-383.68528970749816 337.74601699242095;944.862930935504 -327.466092510307;348.44500439267523 856.2346771979081;-701.2227706135769 363.53437492471585;-659.8982145173823 -704.4910934236433;-385.3808122043138 -270.343108383761;-110.33428246299063 182.87119493533396;-379.52806377187835 804.6924828203045
1000,17,23,GNNLXSSA,6080.119536001235,232697.41626399878,23.622617323133333,,2525,2558,9000,5590,100,0.0,1,216.9212572255606 -843.746354822594;-166.83604266129478 -956.4155491310587;691.0668469669199 -685.9677704202409;-724.984495287697 -493.92645229273813;-553.3373859273743 48.96203754961547;-122.34348125652205 610.6310755229118;221.4752919644385 305.44873663509014;413.68119656744574 -550.2385562649015;209.72303178867602 -166.1363465909437;985.4946889793523 169.62972689536795;816.636554996697 -335.3891639916604;-307.1341747556538 -575.1455145326727;-920.298018632601 54.464993324570464;455.3503596336668 613.766493758901;-457.7915169117469 375.02750368768955;679.2176248155323 137.09726312160257;-177.05442369634045 -175.56467998253353
1000,17,24,GNNLXSSA,5070.724219100288,233706.81158089972,23.622617323133333,,2515,2558,9000,5590,100,0.0,1,-937.2405895466597 99.85336557036365;953.1027567560711 114.24525531715526;660.0963877440433 720.4208283321966;314.6855060410202 93.84278176467836;-510.8541566934676 339.49688003142387;-281.84508513432604 -685.8216942362109;204.46773932078403 -237.97967346549038;-656.0435535925177 -62.970108635313956;-66.93012661812867 337.4714705043724;315.0152885015808 911.7785528064499;-674.7978270727813 738.0026372431556;650.924473304122 -742.2323819095709;-4.692691257637088 -999.9886566005683;-649.8069841870645 -597.0772246695478;820.3481862007036 448.18456852347674;-65.34057762560812 997.8629107089943;654.4897190559396 -165.76873352410843
1000,17,25,GNNLXSSA,4250.536095714138,234526.99970428587,23.622617323133333,,2505,2558,9000,5590,100,0.0,1,43.661587833547614 -894.5294679824041;-826.057565455566 426.10825531962456;793.424440731884 471.582966409747;-163.20717961052978 -182.57331826799117;-827.8223681915798 -560.9903089374044;350.03809933504476 -818.8893231084735;192.9647511201381 633.7894098822031;-408.47814526683044 -846.4331835596375;-610.5884679701636 -204.42998999779604;346.3395163892157 41.17374437991738;797.4458114356933 -408.0643387483891;522.389479047212 -553.8500776118603;-417.06460191514924 110.49888369905693;938.9618052659466 27.230697374634605;-975.7654248694034 -218.81918478376744;485.83044036964276 793.9319012352544;-190.39881521367957 853.0014525409758
1000,17,26,GNNLXSSA,5695.348949415493,233082.18685058452,23.622617323133333,,2518,2558,9000,5590,100,0.0,1,-501.4007743121767 865.2151544668816;-507.13614661984855 -473.0916202959466;-63.55544008113365 -499.8458129027437;537.4628899491315 -579.8219874555084;-925.4346658291153 -313.7261704400916;-134.3004112557517 454.3625798768238;-935.7445963103661 280.4221738488284;942.3237102952976 60.830103307083945;-17.38932042106759 999.8487943360702;262.4555192846103 -281.9401955302776;302.9890075875524 446.74314571244787;786.1601220192173 550.9886198935278;-703.4138591061717 -710.7805166275753;-394.12714562766195 -785.4413001775267;-729.4906623446924 533.0626566536357;-25.247147771277344 118.64736115273172;245.29704137302986 -940.6047861609953
1000,17,27,GNNLXSSA,4060.7898158261087,234716.7459841739,23.622617323133333,,2521,2558,9000,5590,100,0.0,1,-40.59645107711966 -999.1756242823095;-774.0686607328229 597.6538248959217;993.5724936505347 113.1976142021473;-789.3958370551209 -613.8845269593011;-19.813801119276658 -238.39810589557501;268.4337126290167 -459.27293971394215;-969.1024499096758 -246.6585526169002;339.3996125387067 803.2392950657312;-435.2004718965706 -828.2282561763313;826.3899821281642 563.0982129595267;-462.43396434959425 -104.61357914945869;-471.9704559913406 881.6143650549973;-31.10701531992291 861.8941418018784;-328.50885638624794 442.74665840828425;825.7257665709527 -253.0439849724513;-781.719227285317 56.934760064938665;560.1994808499071 141.9527045972957
1000,17,28,GNNLXSSA,5783.059072940989,232994.47672705902,23.622617323133333,,2525,2558,9000,5590,100,0.0,1,295.69818627534545 -954.1096167845859;961.9381050996459 272.1850370824535;282.84793529521676 838.4387374614006;542.2298301090335 -327.1987894256328;813.6041327569217 579.5084807192959;-229.63449243273078 823.4895884322747;-726.2358774386205 -505.5343141474506;233.9599174109505 224.30443834493315;-735.6876402768044 413.12042192242575;-45.837935474719465 431.6747926022022;-437.9828980111316 493.512255432563;426.53591274316176 -675.2540896856275;760.1933890289561 -545.0891080593715;-889.135846644679 -232.8100010957356;-5.938949393975991 -417.08399801186465;-154.83693964739481 -972.0516548142058;562.1473157951244 324.6839885479455
1000,17,29,GNNLXSSA,6094.707226125931,232682.82857387408,23.622617323133333,,2521,2558,9000,5590,100,0.0,1,-834.1963489131341 322.6242203673441;594.2360703233526 -708.2812834342192;-488.1908865820733 -710.6808633807935;919.9549004585737 -242.7408989217528;475.5081648487048 -368.0619488982373;-946.1297870739651 -76.4167562961218;11.010623578435254 -865.6536145742565;708.6784106992161 455.8673583554729;339.28646282469873 -91.82355705220347;-502.7620351600976 585.7397603300852;167.65334289386482 733.756465724085;-169.6159031590071 -20.00002248669439;536.1226289924904 808.8295798902394;-620.6495378899389 -356.82126765610195;-503.7720482426176 36.12113929101391;52.20501491900497 446.81605594939697;972.1502820054758 234.35833502709897
1000,17,30,GNNLXSSA,6696.940626305586,232080.59517369443,23.622617323133333,,2519,2558,9000,5590,100,0.0,1,540.4686781904618 -288.2189228673809;548.7131273976432 536.5229693498225;-114.99675778022403 655.0897163939528;7.022285210508778 292.8666531245038;-832.0761717521618 -342.3324077813723;-237.20713422641433 -814.2504419950554;237.03200727770178 -745.8996753350751;-414.78747820600654 360.0612095809706;883.3351881132269 -178.44637096573038;290.38147441232894 -69.24825442523387;-539.748593209457 -161.25392099563302;-702.7508178396015 -699.115411560039;-995.5887312544814 93.82472061824487;154.82993496801373 872.109620194117;-712.3028602886945 585.7222861803506;-373.87805347744603 -503.1798522631644;-271.4793437387207 956.0091250499177
1000,16,1,GNNLXSSA,3854.972751279507,220876.8256487205,20.407641972833336,,2456,2494,9000,5590,100,0.0,1,-486.87264346746775 -530.3160561962579;-145.4754499978167 648.0904840261353;-489.1081287467292 871.7101031549274;231.800203149384 960.810871444242;-263.306298409317 363.52081810345095;955.1122480388756 296.24414533645296;-900.9751493747104 -433.870695264405;826.947088366283 -236.29301547551339;45.48181985133488 334.066708665473;90.38611939575333 -995.9067975571693;-665.9177580518992 31.24001957944361;-866.3459803896224 499.44433349748186;286.11404041121114 -658.6560242407161;640.4490771281738 484.88030612809587;-287.2305611448186 -918.1249497294206;526.8226033646356 183.52656942723277
1000,16,2,GNNLXSSA,3427.7194309503247,221304.07896904967,20.407641972833336,,2453,2494,9000,5590,100,0.0,1,383.934737499577 -578.6039227938293;388.6057213731102 921.4010038476226;-651.0248827138438 154.47353536851418;-488.86478163974675 844.4180046318386;122.88119651885548 164.69833889650639;-297.28945653723474 369.8908902472603;-626.7288259816316 -779.1051805163396;-911.4283436622703 411.4157762757133;-150.17187293897763 -88.51656006062443;977.2384735541887 193.76888645940966;-472.20797186007763 -512.6544700388978;690.1110855165092 31.155816750767976;-931.6997991976222 -218.11417800886164;828.398553741276 500.159205726477;143.99435881402297 -931.4298049742736;-155.3940912489333 775.96902855229
1000,16,3,GNNLXSSA,4573.668112141197,220158.1302878588,20.407641972833336,,2457,2494,9000,5590,100,0.0,1,-12.369909009134146 -999.9165314144177;965.4179519754368 233.25107079363772;258.50037260379975 -524.2367933774232;-798.8488241643196 449.5483364775122;-999.6041458804797 -28.05915526051227;26.907994043593572 712.1072051496155;-222.5431985216479 -308.2384830805402;-503.6318029037947 -745.1516765304896;856.0264790806458 -90.68585814517893;17.579713117922545 46.58610126882991;246.66846374035174 969.0951112444285;-569.9645866606169 821.6678541079826;347.89066691971925 -228.84382380752467;536.368528319743 464.27863965299275;-291.6790658640785 956.5103770976949;-411.54862234997444 557.5307997526171
1000,16,4,GNNLXSSA,3954.4741626970645,220777.32423730294,20.407641972833336,,2448,2494,9000,5590,100,0.0,1,849.5058571051152 365.20283582940885;36.32506897643616 -641.8625697716702;997.6420223909699 31.076632450482013;-157.59161113893902 -939.1292509134287;496.3233969512061 -498.72127662780315;-448.09799918449846 893.9809940935929;50.87419671771114 -179.20531362710278;-447.2680616230632 -231.96068040088733;234.3249952968787 453.30777734470985;-755.3956979689425 521.8374259455533;-251.1548541100309 500.85634018132566;631.1620448892984 -775.6495028807719;-744.6006444895633 -366.56253098913646;538.7621039976493 840.5211675238529;-898.9001212609674 135.16456826338757;13.95130833227564 921.0097162824748
1000,16,5,GNNLXSSA,5066.220847143646,219665.57755285635,20.407641972833336,,2455,2494,9000,5590,100,0.0,1,-416.27875439080407 -585.1736903876341;-230.20229620719894 -246.9882856755754;202.51944805420516 -884.0397008758171;452.227348789213 -35.29259895792209;342.4870766903684 -609.6803304034945;429.2260602983492 671.4874664329458;-929.8492965528086 -243.3571822769942;-131.49452373816973 907.1158303253384;-107.06558330722675 -565.2352661505552;810.9788525302921 -585.0754658577393;112.27892197985105 451.4751295197295;-621.8881625100776 -189.3220626301764;-679.8378763087456 733.3624355910348;840.7466834876168 541.4286787791841;641.5316831527377 -327.34866968537995;-408.0292947943983 587.5424972624747
1000,16,6,GNNLXSSA,4519.190994556149,220212.60740544385,20.407641972833336,,2454,2494,9000,5590,100,0.0,1,-543.0549090031992 670.4762556429596;-56.419712098718996 -581.0233037995663;-742.7615671429859 -669.556012873677;616.5740020299319 -145.56147776380078;-553.2536819105173 -324.756993143834;-357.6892424625147 920.2613414714112;620.5185262237047 606.3429886668421;874.5275745852985 432.149405023708;88.46804080851015 996.0790158192791;-801.0296968554175 502.2115532701715;-941.5156879635056 65.7576251069966;606.7376898643278 -740.1875470083792;171.47841255664093 -985.1878775274564;256.4294093092589 201.40012119391125;-328.3276373406928 -937.74558162324;836.899883933723 -535.5186298441891
1000,16,7,GNNLXSSA,5625.036641896499,219106.7617581035,20.407641972833336,,2457,2494,9000,5590,100,0.0,1,-738.4988450739272 -673.8863158314521;-219.18647302916227 -805.3296430768623;-720.6548851660822 -302.65355681469475;-403.9767441212078 914.4874832014918;-333.7572693442388 -458.64362677867916;-668.2936424225785 662.405830056734;400.41729761093336 -94.87377129753301;-515.8994996781832 392.802411132667;713.222851853076 -450.77124392225204;866.9606009330942 46.16799329353096;-995.1210695235633 -98.64754285355252;-1.5348543408382274 942.0171588746807;275.422352587274 -514.8398379523878;399.5379207088853 797.7325791910077;-18.512328422198465 170.5666558686561;249.68701293133734 413.3749176765033
1000,16,8,GNNLXSSA,3494.9824515691726,221236.81594843083,20.407641972833336,,2447,2494,9000,5590,100,0.0,1,-504.6333902229541 137.67983813887219;415.90654248798944 756.3511048973993;206.07633727207389 -255.74967243818494;-33.68400838307995 -946.9433794095054;-764.6152640532513 559.721846996066;226.46318502688192 406.7831582882846;606.037456374899 -11.09087316155121;-488.07343628747725 -832.2659658133578;754.9596317178313 577.2451906063496;-124.90350060973317 992.1688946623121;-971.6091070807165 -236.59193358568396;-770.759435082019 -560.8175666013416;-225.11054834394088 -368.1485261559851;751.3002544982226 -462.9532424486434;-964.7427238118586 263.19475080646254;937.7484517309557 -89.33426524981807
1000,16,9,GNNLXSSA,4975.23258595579,219756.5658140442,20.407641972833336,,2462,2494,9000,5590,100,0.0,1,70.64573460799444 997.5014687616739;919.4239288989621 -362.8632588035087;562.6898495626092 211.5210988885295;-139.01163455265802 744.3584667467951;289.3368775293943 -19.57962846328969;529.2836692027676 -848.4449289819906;381.1318935542483 910.0578675978802;894.4065782798006 428.42730640028986;-340.6571892508392 -940.1869377763923;-907.5484002164268 -228.75114471957392;-610.5842424338242 -791.8365146440698;-678.4152526367428 463.6417144293754;27.539298223400134 -438.85053020703737;5.499964442475036 -999.9833676035865;-392.4001221812856 919.7946206149023;34.479303118526566 300.0780334957747
1000,16,10,GNNLXSSA,4900.62632396628,219831.17207603372,20.407641972833336,,2459,2494,9000,5590,100,0.0,1,829.7108708821936 -533.4995592346613;408.698225003939 -238.81451530877123;121.93079490067892 -798.3168438763068;-31.519208646164167 -306.65428200848237;14.84599387948521 999.8723931451902;929.2135795345133 298.3208199466859;-508.2146585624369 204.43654531811828;-177.03669681214475 125.64693580308715;193.16526609491004 316.42484975053475;-864.8890202537142 -68.48706125041309;-472.51978799000057 -880.850569505022;584.9528229830361 -790.972720350933;197.34815052365605 751.7656337607943;-717.0558183670415 510.625801824301;782.6548390342617 622.2165743307818;-324.14260041903106 -407.7697642016237
1000,16,11,GNNLXSSA,4147.939382027427,220583.85901797257,20.407641972833336,,2448,2494,9000,5590,100,0.0,1,294.3988733121656 628.4285326907035;-128.64120051886073 -966.1783708566486;966.6410542488121 255.5540605730255;705.7687610383118 -707.9404214204288;514.4332018890794 -304.3462693385172;-412.670085444477 703.6599614869415;14.079995578645898 -559.8584737814056;707.8624523510015 540.0678275121154;-953.9496082327572 2.1448334040052663;63.65998159508323 987.0859469040093;462.1610978879351 886.7957996061231;-759.6139576570235 -626.6356765152057;-236.48132281768497 450.1072666952557;-747.9133776352156 638.3580796667845;-441.66655665011956 -889.8679168068023;303.05104115932716 -738.4553189349347
1000,16,12,GNNLXSSA,3096.635507642728,221635.16289235727,20.407641972833336,,2453,2494,9000,5590,100,0.0,1,618.8852348916727 134.3436095295765;-359.67903296142293 -516.0938748380929;22.512835155664067 808.6152505723513;-166.44496087950984 247.638740973089;835.3558459246602 549.7095693905056;356.0870371108656 -748.167312413785;-910.378032061101 -234.34725960960088;-396.6398033008822 706.6655493818221;985.740616416903 168.27191431140275;-589.6554311429029 -49.16021761672521;817.093877070024 -477.7905847688255;-738.2688770371079 426.72221016830275;455.7371099200413 -390.6449527203444;-744.42769150613 -506.5874587498985;429.37233734590245 590.2890381035312;-8.272839513183088 -36.48389632641644
1000,16,13,GNNLXSSA,5741.756095223187,218990.0423047768,20.407641972833336,,2446,2494,9000,5590,100,0.0,1,-835.622238292419 -138.12985668909127;-135.51733230459757 -583.8745907873727;99.53735063771364 170.58434098135842;550.0512583265298 -476.79777723585084;995.6218608508757 59.474366303843944;460.83927165120565 887.4836143298569;105.01983851123225 860.6550429318206;-694.0723089758051 412.8111807199988;693.2723348452297 -123.30225356718981;777.0816175697927 629.3659813691307;-487.3767514958455 -736.5654474199872;-444.08597137080136 0.08952054684782385;458.7216913879949 -830.6751191749511;174.0199813026993 -690.7198371309975;-448.0782757803007 781.9832540540517;857.1625693012787 -506.3715177358001
1000,16,14,GNNLXSSA,5230.9997927371005,219500.7986072629,20.407641972833336,,2454,2494,9000,5590,100,0.0,1,-987.1512773939672 -159.78273357142393;-390.3906968884573 44.61266185637573;-331.0827763175332 943.5363583681235;-759.5746052300627 -650.4140110784184;768.028404576069 37.78726939620768;-544.8001137250258 411.82213258613103;-133.03318536630835 528.7938301994776;-198.82335519642015 -420.29783712849365;-20.629984994612453 840.7651399201213;227.1049480647276 97.73238735795488;354.1580305074464 825.1038160003808;-462.23789147293775 -815.3296741664213;585.6620274851807 -609.9937095403451;552.8094887780514 467.6442955899956;456.5044908353986 -889.6978379146688;-775.3605818655648 631.4713227414619
1000,16,15,GNNLXSSA,4118.825187416049,220612.97321258395,20.407641972833336,,2457,2494,9000,5590,100,0.0,1,-220.3708184177264 -234.75054667893093;598.4810161369858 543.0649212104576;-455.28442342054916 805.59857559527;181.8638185306697 982.8671554942689;-507.4380464093901 -742.2101332157592;-81.95550803117197 -522.2321949501701;-666.287993421551 -237.15746573120347;482.30834395677533 -875.996661473496;-619.2611497337334 525.3117471957233;-39.260545705167694 422.1372778300686;470.247500782608 78.3269482396741;149.08129268005354 28.034794027552337;954.5201828264742 296.07483943402696;310.11014815845135 -517.7189210233431;806.8762721072745 -230.7372133985254;-951.2715181814285 308.3462624101212
1000,16,16,GNNLXSSA,3819.367535631405,220912.4308643686,20.407641972833336,,2452,2494,9000,5590,100,0.0,1,17.18211981086277 999.8518082214417;-313.9222899154603 -259.92085495100747;419.5069769811948 -282.8610405568222;-330.09769500309295 846.0268760942264;996.0149924839227 -89.17825415964393;-478.17792923755115 319.29689850250355;174.5153425641837 680.8172767410966;65.714993855378 -997.8358950327838;20.397985364720366 -28.497954465740264;710.8584241940468 379.45809783312586;493.79529037856787 869.5611928640803;-742.2295712730705 -151.23102176430294;-453.09536643746935 -709.1724565606316;202.83021590617193 -588.8170033010465;-939.1414141200876 343.5286889707999;573.5302012156861 -767.3035305521487
1000,16,17,GNNLXSSA,5770.507257186837,218961.29114281316,20.407641972833336,,2464,2494,9000,5590,100,0.0,1,580.0267108499216 721.4954473904363;904.7417751825034 -18.73359206235638;-683.3384518854523 -730.1017464537344;378.96258430410523 -716.3145409856916;-524.0594099482125 -68.8880705138168;-52.79230451342619 405.53574621767416;119.37403188423106 -327.40211823663174;557.9241511169218 -327.867204076984;378.6940396792949 27.50063683161079;-52.6607162976666 -54.438376521463574;-318.8554576599975 -839.962776117156;-311.20775780965295 627.5351892696193;-988.5061808473766 -151.18045649664322;572.7409269682685 303.0567826788391;924.5628738343503 381.0288422496309;-323.12249101679356 -313.47545946721414
1000,16,18,GNNLXSSA,4947.733920784929,219784.06447921507,20.407641972833336,,2448,2494,9000,5590,100,0.0,1,95.89988017088989 876.069567419479;255.25752074040986 -808.1382369639815;-853.2933091300129 -211.3195447499247;-79.2123379565827 -286.50879353373585;-333.43847348360003 138.0693797876355;-379.0692555883205 -609.4022017034705;-677.8897614564404 -534.7670056426716;995.5311852388621 -94.43335860227818;515.8678535884807 856.6681655603196;835.0568207609876 -550.1637084546306;-484.9951335663204 649.7443422105712;-61.27985915112388 324.254358122196;337.85742291354535 -72.09322065384846;-652.9216566620623 306.40445350660707;836.7124955567472 189.36271485795555;-55.60778412854989 -998.4526900881747
1000,16,19,GNNLXSSA,5522.54737981208,219209.25102018792,20.407641972833336,,2452,2494,9000,5590,100,0.0,1,-479.1348608285398 -736.6963155198066;933.4860826538744 179.43715432419768;914.4207787493878 -404.7649186767095;-91.238657484939 847.8486825746164;623.2595510398193 94.22484956713367;-618.1916635129487 713.0849048668439;-816.6458348169966 348.39296359356075;226.36875774237433 -787.2052331490045;-323.3593544300554 -150.45191048312142;-822.280489105033 -55.271864779509635;-913.6595724385892 -379.4040003843408;207.71863783682392 730.9121343190261;-594.651991257899 -450.6182626777079;387.69295436996845 -115.21061523112435;593.3889629570044 754.1644594927973;-100.72649519169536 -459.93513800037255
1000,16,20,GNNLXSSA,5351.10414860383,219380.69425139617,20.407641972833336,,2457,2494,9000,5590,100,0.0,1,269.2150151469107 -502.9684309505666;-135.65340233400434 -39.47111324400108;-721.0135279234216 376.0432311045121;528.7916479848595 -129.96135884715326;-294.2388903076543 496.1149945115975;146.53774967541526 636.6566280423716;-519.7148861539392 -215.7535052431325;-164.98163080186833 -773.6362297467007;39.168596490519825 275.7935316059579;957.1027918436961 47.10395790716633;247.51776432131464 968.8833553866936;-898.5773370718118 -241.53038495624992;-0.19955632687587052 -353.6561021181602;-479.1241768428548 791.3576007207718;680.5478820837429 -521.8292823776499;612.4409277927875 790.5163565444484
1000,16,21,GNNLXSSA,4879.957723905711,219851.8406760943,20.407641972833336,,2452,2494,9000,5590,100,0.0,1,556.2084740087048 -165.43227099250436;-271.9981507335873 682.9891855493252;276.7026379262472 441.71200644202264;-742.3909487017521 -510.94396014647555;-482.1812266298106 -218.02459488633644;-285.8346412101494 116.35502171104554;716.3860629178121 -697.7019093147006;-59.169280925045236 990.9620818499067;302.0557121155892 889.4560605956456;117.77187102427297 74.96885644475562;-784.691746338258 586.3910023840186;60.20540017886067 -998.1859125301961;-90.03661972416018 -573.8474112334673;927.369924909274 -64.92362838544241;691.5431586245281 438.849684523553;-951.041452431785 222.73521204912618
1000,16,22,GNNLXSSA,5140.975557296682,219590.82284270332,20.407641972833336,,2456,2494,9000,5590,100,0.0,1,335.5975861473155 -884.0901518107959;-80.41387407604198 -982.5649170990126;782.7448648009237 -180.76548439160345;-999.2887236232666 37.71003632168359;147.96328040602899 633.586674388887;-349.90596626148454 -237.11359275695122;793.9300748190888 464.05956763829624;939.4109432244493 144.73784410671365;304.6999338411212 1.1751999754308156;54.42975660940867 -606.4897708881864;473.4278946740759 -260.1243353693174;-739.4372999895971 -127.69883062894806;293.55933431340384 936.1150091003154;-462.5712393341895 -658.5392816830571;-753.029264742334 649.7942320630184;-97.59294703198911 -41.09228232113292
1000,16,23,GNNLXSSA,3928.2015533054073,220803.5968466946,20.407641972833336,,2458,2494,9000,5590,100,0.0,1,355.8539315404082 -448.61763331753707;581.9201418475584 435.35114254357825;301.5961534699275 764.7660254397163;112.91408597993278 483.75983305478167;-154.97584431498572 -971.879720380689;179.54316531663287 -962.0344122456098;769.922773510032 -151.29951050404267;589.5240991248719 -745.0500443469183;-92.6342203002045 995.7002065026265;891.2081970012772 286.13167374316686;-770.9041688933428 -636.9511459938386;-60.3013570663514 -168.3994433844546;-969.2740675559779 -245.98329610664538;-592.8472023723627 -296.35225612360836;-601.3276991492984 799.0025020209954;-745.1388140754482 138.23441009165745
1000,16,24,GNNLXSSA,4322.3951847901335,220409.40321520987,20.407641972833336,,2456,2494,9000,5590,100,0.0,1,879.2144461562439 230.02739238042943;-63.998024998224764 -683.4435045001965;-536.6612078383553 453.9430149801931;265.4544342899215 572.8012872100034;443.5790788935312 -50.28555859355795;875.7700317149088 -388.87704960382246;97.87321291851627 831.4250208203703;205.47690495756004 -841.0498691887402;-540.2316691916897 -743.0596807537343;-38.1335208317139 261.62098616114275;-728.5662732480405 -387.3785286371763;-958.2385624945294 274.8767886555845;-262.09632709430514 -334.97525035715705;-377.1469299321668 926.1534393623668;601.2125426984622 799.0891555402624;-649.8240657650545 760.0846555171167
1000,16,25,GNNLXSSA,5405.311507171282,219326.48689282872,20.407641972833336,,2458,2494,9000,5590,100,0.0,1,-175.52777003021217 843.688216531425;-819.3739247873729 371.3119562469152;221.82696645932828 600.25846378958;235.4385697359567 -54.06524604389251;103.23402689708082 314.24349340322703;-457.25845042213405 -465.39708764929327;992.0219054831264 -126.0656140334352;168.13077038171352 -786.5045547655698;-254.57311471165593 -841.9167823642618;-832.4230496744723 -18.044949170366774;523.2154401695561 798.7167489667029;-88.92336033288456 -414.2123278818618;789.4649092761995 247.6373999386533;459.21048667420666 -888.3274896840907;790.1992904659279 -612.8499664250168;-487.11269787030113 689.949719670812
1000,16,26,GNNLXSSA,4096.928876100603,220634.8695238994,20.407641972833336,,2457,2494,9000,5590,100,0.0,1,608.2486395286354 411.88467494192923;-386.54619183139425 348.6555288666146;-190.68760916883465 955.7661392342715;-690.1921919802012 -406.27333102134696;290.20907254538906 -426.2488375599779;-23.70811054009246 -785.6872953783262;712.221864420159 701.8046117135432;-937.465663849877 -112.69149510614929;-185.26505009077343 -295.1095590073848;-688.3802692516826 433.58476496275;-416.99726370534046 -705.5223225668872;348.48582580780607 675.0208734812094;-503.0608275206074 716.6281900614869;161.02640354463915 986.7926890169235;954.7916455938688 -244.77587623177007;615.0418657014227 -788.1271111408178
1000,16,27,GNNLXSSA,4472.336555674294,220259.4618443257,20.407641972833336,,2456,2494,9000,5590,100,0.0,1,-48.545033689544574 -792.6875177380393;162.69938522992916 -87.73610747588421;674.0807557482514 45.93206368756776;-712.2411962412693 -70.54162402288273;665.3074623783139 690.9955050921076;-72.35080076214582 996.7652730188747;-701.4164756998996 712.7516591469515;666.461261772173 -745.1019541247807;-487.9925962681707 490.6475791718913;-837.2487742207148 -521.4072083579604;-263.59554048742433 82.3008355039823;340.78310206838125 -708.9316052117391;-80.93636807971295 567.8857288036404;866.2430391533975 -445.03329145279196;369.5808051421715 398.73143510192995;-992.9939599091916 89.90836900425576
1000,16,28,GNNLXSSA,5827.480837993266,218904.31756200673,20.407641972833336,,2457,2494,9000,5590,100,0.0,1,-343.3590980971992 939.2042002428853;790.416825828099 -540.0914489512123;336.10231032912407 219.1871371235258;-381.96525016521645 -138.74758773637106;788.205833538959 318.70158762940235;-610.9845362337705 262.19622037938683;628.6393020763924 -273.04470118867624;-848.3544210856435 -259.4431123232382;150.62961508269197 -988.5902685440718;-55.53901386486411 -428.4854763647635;-578.3613797335049 -815.7806778986351;-225.3666847661825 149.09199206419578;290.0495241854164 -583.8397735581447;669.1396236104315 685.3816661917643;-699.7489529058778 -532.6557537570754;66.79798708423935 954.3693178053603
1000,16,29,GNNLXSSA,5274.922738597117,219456.87566140288,20.407641972833336,,2448,2494,9000,5590,100,0.0,1,-662.3241916527793 693.3130158301674;866.4715945362552 -146.56213879309243;62.66149160214961 -204.3098097616803;567.5841613371542 823.3144044545766;-322.6222161050524 -804.0168667931905;-903.8825851576032 427.78052987346615;236.9369541870743 -614.1334750139861;-163.1750081117009 986.5969616982788;600.5318436944109 -531.1663738448897;859.3050562349887 511.46317701473316;181.50228954220472 873.6514002948104;-359.76513550733034 80.32548985814356;-698.0550067719657 -632.7267421441752;-675.6091561967202 220.9042839388013;396.0129711587948 176.85995492729373;42.77016895601001 535.2092938595571
1000,16,30,GNNLXSSA,5538.731956267642,219193.06644373236,20.407641972833336,,2446,2494,9000,5590,100,0.0,1,443.6354802839699 896.204007117567;84.92792857673408 747.9209941651079;564.0418151501588 -825.704212801018;611.2452212148146 571.6342135789102;-635.4284247431085 745.8652098545756;258.12459135599306 -868.722456509146;-282.25063034668244 -565.2136099390646;-139.40244930411131 -990.217823032598;252.54106461944318 105.43802418169213;-748.3640539910697 267.60636784485837;946.7725304172347 -321.8514642208561;-363.18975555000526 439.2583356125165;-933.2468957045955 -110.73416977814432;781.8727089523386 229.6102653553889;102.32029894782143 -475.4093094425053;-430.59942953925747 -1.0707835016075302
1000,15,1,GNNLXSSA,4756.660167198192,205929.4008328018,17.873107600766666,,2389,2430,9000,5590,100,0.0,1,766.4367923371234 205.76410324581013;566.8581922918481 -720.7522239042596;407.8100982171966 -152.14800410221892;-846.2196712348252 -169.9881434682803;-611.3059867384663 270.07501512243994;-418.71280558466617 -124.99524235392505;-22.316914663835995 356.47734679484654;430.85335657885713 659.7379572270398;-175.691800641329 -523.4403641941203;-993.3855547129159 114.82656351085393;967.1821118300669 -186.12519503510993;-200.88578001652925 -979.6146708717415;216.24575650683678 -976.3389640861343;141.95459492001677 956.8276544441921;-603.4355490758319 785.7675200887223
1000,15,2,GNNLXSSA,4312.39419937093,206373.66680062906,17.873107600766666,,2395,2430,9000,5590,100,0.0,1,-982.0164955687234 136.95641727102634;402.73507810353016 256.60196850567445;57.372146292667104 -341.9589050328256;-470.70061316432935 882.2929971198481;875.0710029103949 -47.46214693956009;-139.93816996344455 27.389813640859238;-812.0934999433161 583.5273321360492;61.52676544683221 535.1833854845532;-313.9940901053855 -440.566719721236;402.7202261330942 915.3231229807916;78.16588391717394 996.9403666175058;-720.3128429905657 -553.4018013770351;-847.6604973847486 -176.090306204888;710.5339947449694 245.4741589118522;413.3111437414548 -568.1602602411468
1000,15,3,GNNLXSSA,3093.2532050729205,207592.80779492707,17.873107600766666,,2389,2430,9000,5590,100,0.0,1,640.2222509170102 -277.2222243503446;238.54417444132145 -970.9320796030547;905.6378499700713 423.88818842567196;577.7291350375351 816.2163984216127;-619.2594515626853 783.5765871152835;-980.010963250716 187.8349255444599;155.1251362297062 594.6284310582846;887.2449348630851 -461.1890551869865;318.24238023163014 20.545308735942054;-836.5899505814689 -265.65119749992016;-521.5125364982342 -853.177587035964;512.353165451735 -557.56363405108;-209.64742890588414 -977.577529859276;67.92433598242698 -472.8444947592645;-287.9340220837337 955.1555738879192
1000,15,4,GNNLXSSA,3434.2843984001665,207251.77660159982,17.873107600766666,,2399,2430,9000,5590,100,0.0,1,624.818780778497 70.04375594544153;88.43595346426187 -746.4670915143805;822.0714393863515 407.73088029920905;-353.20850849216237 797.9110587433626;-333.92444710204984 -235.43466471676277;-92.65680568283662 -995.6981050301607;330.65676179366864 701.583565674198;993.6219231176277 -112.76291012574606;-543.0330948605219 443.130156605362;611.7334717381269 -791.0639415086611;-180.69244386409895 327.7079555957465;-845.0042290930842 534.7596215261606;-9.663543256134336 917.8931305282694;-685.9976996676364 17.20047584650666;362.987411424181 -349.24451929334157
1000,15,5,GNNLXSSA,3794.7372686335584,206891.32373136643,17.873107600766666,,2385,2430,9000,5590,100,0.0,1,-25.5454546604597 800.7612108079163;-850.1178640210805 39.82000200717626;281.10800953706934 959.6761365034075;934.2129309683266 356.7158527617865;-388.6595902741871 -210.21184292206178;-83.48162455879482 -745.5519085081872;450.67800104646335 529.8240017701543;734.7552727453277 -678.3322852208488;933.6777070820735 -358.1144220747909;-77.0053681431204 -223.74058803024656;-375.0041566371294 437.5418090765901;-370.40456434061724 928.8705284998751;365.9580802122805 -776.6368552946111;707.557625810443 706.6556489249123;-574.1793264651425 -728.0430995389959
1000,15,6,GNNLXSSA,4025.32856874587,206660.73243125412,17.873107600766666,,2386,2430,9000,5590,100,0.0,1,359.6039723242132 933.1050225396101;-344.05337511597 789.004596145382;-528.3576370968825 5.514354709865999;350.8937277686088 -591.2704222993103;408.36987127964227 34.33125157714386;85.45466601906577 765.9426130053927;616.5523877355602 425.4021501139548;-722.3673591433175 686.7215071735525;-872.7423497212042 411.28929079498073;-664.5547175105376 -449.7708271913269;181.4695016049053 -983.3965731012424;-338.31887732647397 -573.0373287718011;-127.78901196011083 213.67863990117166;922.5422013790861 47.95943619427505;626.4898776946026 -202.54104430543367
1000,15,7,GNNLXSSA,5258.918125658645,205427.14287434134,17.873107600766666,,2401,2430,9000,5590,100,0.0,1,-521.4937276148637 519.7945684652084;-654.0853821641113 -22.080497084207156;-448.99766314651635 -893.3653412256592;84.44066901929092 757.4546980141834;-962.9604792161244 -10.512013843118803;399.87312498858194 -916.5682168191337;976.0461148131226 -217.18200381214368;-250.04510828079148 -466.2920656261539;344.25724083629353 54.68501971515908;-99.27568801543944 -927.4601613695654;527.9297220862709 689.2044123053445;194.75788119040004 -463.38379840192334;-243.22376963053316 -69.49060627683345;863.6358940352443 -503.944848843789;-648.2128528194377 -634.7555266842882
1000,15,8,GNNLXSSA,3510.151160365902,207175.90983963409,17.873107600766666,,2385,2430,9000,5590,100,0.0,1,-283.48471495613813 -413.0858071317513;97.96307300452492 -995.1900503559659;-782.3313167341435 51.013165452559335;805.9839205915254 -294.6091069553578;665.8955598160056 24.707621784045394;268.8548897165486 635.1376259144879;-940.2669722840201 340.43798382648475;-430.46468753913626 -902.6074189711901;-327.5439245107515 550.9613378331474;-962.2754342352868 -272.07717410192714;655.8341896262059 -668.836298370717;25.84457835604858 896.9683454727692;266.4065024608667 -291.5531421638424;29.64311722074333 222.58688557297023;-27.87272473580647 -713.7826626829973
1000,15,9,GNNLXSSA,3647.61212069061,207038.44887930938,17.873107600766666,,2386,2430,9000,5590,100,0.0,1,190.21649131170807 841.1166804754383;-828.090397928594 87.30574167668334;-256.67272265108033 -417.0778140738943;830.3020914287314 -524.3686562571077;-562.4394846711851 826.8169278200538;662.5275163958934 -198.4793084463742;-829.2097304234337 -558.7807846290701;-544.8520599971808 -116.39750482627579;-258.75296516251024 663.3823813267279;-0.4588606672536192 -101.541290572055;-2.7590960447825745 -999.9759544339274;836.728128978571 205.93956249456647;-816.1893022044231 577.7728512773766;237.11739306509864 -509.60310639245455;457.19322859117983 -854.6681457356146
1000,15,10,GNNLXSSA,2974.716121005069,207711.34487899492,17.873107600766666,,2394,2430,9000,5590,100,0.0,1,-181.534828328252 738.2890907634844;284.7573176679639 -579.3065025762533;611.5911128256671 537.4158018397152;-531.4178521161 -670.2081561127939;987.8535691114171 155.18145661838503;-782.7442432113729 -284.6550877953047;-356.42607948271245 -0.011076246893884922;-29.133164293584056 197.80758831790553;606.8530830951488 -407.30799354270016;294.998621178041 124.69567500679787;-84.64706880702087 -805.135495633222;832.9893104944739 -177.3780307929535;150.42346423828508 -275.9414468045687;-541.1778065457821 510.75877270178637;-775.3019448117246 281.10183305877445
1000,15,11,GNNLXSSA,4721.455238787166,205964.60576121282,17.873107600766666,,2384,2430,9000,5590,100,0.0,1,-597.3785596200287 801.9325013097971;-457.1289385330779 445.4003015179246;-742.2918821651933 198.742030132111;-388.0618773730903 -754.4280357719324;551.2958973897314 134.0744314427543;670.4341294133694 -316.3304644832344;-209.25318361407386 -161.8814781033264;-989.9609517204344 -141.33515193020807;-748.2739219993589 -663.3815992316588;-35.26920066773395 142.19024099066934;303.4920089816853 -350.5544686007099;116.89837043161572 618.675059460242;161.44977750362753 -716.5338722028766;679.8944991794634 425.4869070001135;-212.0352340479003 782.8781959594398
1000,15,12,GNNLXSSA,3153.502164167585,207532.5588358324,17.873107600766666,,2392,2430,9000,5590,100,0.0,1,78.35674121140858 836.9783769390626;945.3763438797583 325.9809326211288;-372.9326815138891 -571.6270955018932;669.2201889163288 -172.7459578453582;-528.8369643091423 -108.98687228088204;663.0069685723691 748.6132243184578;-163.76021056743846 217.63825633947957;-464.736381639112 885.3785496254981;-997.7320693988019 62.876887902364196;-784.3179623419582 498.70544656928024;221.56597572266642 376.03156011169625;-137.27374323755487 -854.6574985702937;-778.1616305079567 -557.6083419994071;30.501532854945772 -568.0250397276703;511.793987860841 -859.1082085450571
1000,15,13,GNNLXSSA,4628.919981543731,206057.14101845626,17.873107600766666,,2394,2430,9000,5590,100,0.0,1,-813.9703076850456 53.902879730375716;-299.5900777030296 134.51536517811243;381.5754785074403 -260.485736137886;778.3506246850625 627.8298376569664;579.2027767412599 392.4266337364482;934.7208622604638 14.974329354654998;-62.427660127038706 -135.98749075519856;163.89279089361966 190.69151664173225;281.39502551030995 933.6315851770843;-78.86061508255511 -858.6989772273886;795.2113483094627 -314.6063256429984;-34.14904151650554 860.6628082949298;368.9035560261287 -787.0370245913845;-668.8062932344233 -278.74108349946226;-449.91929998106394 -550.647898986044
1000,15,14,GNNLXSSA,4031.7822980195924,206654.2787019804,17.873107600766666,,2385,2430,9000,5590,100,0.0,1,-41.00343041226767 -443.77227765063145;-508.429526867378 612.0215983441166;684.6014063727247 544.9327700086864;-158.02409964947236 -826.7765654863405;687.618634952204 -279.56629700107095;490.4755863787284 131.82134583302914;-400.4200053366469 902.1035846147063;398.1557394365365 -917.3178332256191;-720.4556956261997 219.3441062533721;-490.1566993458656 -618.3655960793761;-934.3827793659353 -317.9438980565456;-226.99055337569308 249.46966761623938;873.6505845604032 182.97701076190717;74.1943067795903 528.8616516226045;60.299229639073296 -133.3271588225528
1000,15,15,GNNLXSSA,4634.589481524978,206051.471518475,17.873107600766666,,2386,2430,9000,5590,100,0.0,1,-367.52979043004035 -723.2856334958634;-314.0290717106889 19.823728512586314;989.0685921306206 -147.4561631833411;-6.107172206298464 346.46332996749715;130.4434261372003 -991.4557542208269;250.33051399734376 968.1604380276161;-328.6926145652257 655.6784934562414;107.30922897907814 -7.203616061943977;-145.49634932027496 -367.9516879835083;-721.3995487166359 263.1765808951071;597.434939783151 -91.49356540784194;-724.1927654166163 -402.02352055977457;249.7978805657432 -518.63992667323;-999.9843613044116 5.592597483105175;858.7792312941285 -512.3458128040722
1000,15,16,GNNLXSSA,2992.2869284647168,207693.77407153527,17.873107600766666,,2385,2430,9000,5590,100,0.0,1,-176.89079768763276 63.9296847609337;501.3947408140368 -466.38495509816045;839.6196585533273 -131.08257328324177;145.85880679975546 -522.7568281243415;-502.4650476192295 -255.2182824511736;-517.631858110193 601.5905519068706;-157.15370837311963 987.5741551623232;-199.0000810817541 -839.0671457612882;983.7193284013517 179.71166609208626;-939.0618841564806 294.4411595246417;-731.6819171264478 37.565992009015886;302.1555767686507 -36.506102671150984;621.537482731221 783.3844251452392;502.2381162928143 364.4795811135858;311.5871771341744 -950.2175703729945
1000,15,17,GNNLXSSA,4505.895776646765,206180.16522335322,17.873107600766666,,2392,2430,9000,5590,100,0.0,1,-138.04065453272236 439.3230118201304;-132.11640586309431 991.2323703936903;467.5217411515753 846.7048115890589;995.051002089533 -99.23094972756284;-889.9604390045414 384.9659175012303;303.19908290690955 33.167936630193076;471.7926556537474 -535.9216840581239;-587.0034058430718 -736.5126853363768;626.2309179419767 262.4712262091587;171.62670641724029 -413.17735884406784;54.72028777675769 746.3431762758744;-143.56971712156306 -598.1094697320787;-764.742401878961 -70.58494355290763;747.9775354852665 660.6469096899771;-540.6553829195095 648.5748303378152
1000,15,18,GNNLXSSA,3491.198148919939,207194.86285108005,17.873107600766666,,2397,2430,9000,5590,100,0.0,1,-828.6189007432348 535.6795531118312;556.191721584095 40.80234680812819;835.3074738275357 439.6633357396664;997.0161595338524 -77.19311904805893;-819.1051092358886 -310.02837282561853;-382.6614350342955 -477.8772753986889;-203.6574151190368 151.3041178907968;74.48903753697991 -780.6277877182899;871.1270435194616 -435.22221960133714;-545.5606672445755 -838.0713324984058;-983.0822030273135 61.92868633202842;-613.6118483260972 253.95816954552112;395.24611297933444 -296.7625451594777;-469.1158977335934 824.5636502623415;-49.97007510268503 736.1258731933221
1000,15,19,GNNLXSSA,4011.942916909815,206674.11808309017,17.873107600766666,,2393,2430,9000,5590,100,0.0,1,148.41181377875094 494.53394779089984;-76.33907007390566 997.0819155817898;-380.608848452592 848.3977320668942;607.7471348394237 388.40231036460557;186.66778687920575 -356.4413988429859;-680.7971344023417 81.33478198713125;624.1480151024288 781.3061213402198;-55.2077511814518 173.242034297361;347.31359533542695 -53.15860783836949;-81.25118469596073 -826.808510600777;577.5573081187283 -437.5442756356523;-953.0607464130482 -62.66704719181888;-433.17183260095317 -182.3642483651109;-446.9133488800626 -763.7995252269961;989.66773797266 143.37980477068004
1000,15,20,GNNLXSSA,3261.0504444182734,207425.0105555817,17.873107600766666,,2385,2430,9000,5590,100,0.0,1,660.8287028960757 -324.63290623628103;101.69188334437514 994.8024057317912;-610.8018002616532 762.8673793504029;-544.964390068967 -737.3997636656594;405.08416631721235 655.5253181553168;129.8701743673084 -148.1283112908649;-390.13219651597103 60.46169626103102;-241.34201797748577 663.1798728623646;-943.2767321440391 -332.0075399680897;-16.334413523217783 -999.8665414578975;799.3958049601657 -600.7954351528327;469.4242436460232 -713.6146050032557;-934.9891311105125 349.27088221674967;-187.37715076302658 -643.0204044294405;993.4516715708779 61.00264507716648
1000,15,21,GNNLXSSA,3941.05307212309,206745.0079278769,17.873107600766666,,2385,2430,9000,5590,100,0.0,1,193.97820740939363 -439.93219168907694;-907.866811001821 -419.0387335446866;-872.6369171142269 488.3510470935596;963.4792649291023 -243.60210457634383;-129.02333538017584 -612.1637647185457;-266.1363415208499 -963.0744996362907;-125.49514234015936 508.64285009087905;541.347780379521 -657.1602441636026;-489.53773424798624 -719.0812770830355;737.5124418825475 627.1730806310011;-260.71225491495727 -333.2742807513916;265.9526855163672 963.6256077922144;-267.3722014862827 963.5001270203932;36.063079262134444 78.15313587995489;537.0006422044517 318.61246274758383
1000,15,22,GNNLXSSA,3808.1639324147254,206877.89706758526,17.873107600766666,,2394,2430,9000,5590,100,0.0,1,-887.3626695715811 7.440177338127853;-665.1496505878475 746.7100791624981;95.14367662763644 -30.522028459662707;-542.9775936954497 378.744327971232;409.7707034837337 -178.09798392702086;-373.6131942156953 -56.72402431258469;989.4924619117731 144.5844660389839;103.60390218331399 -902.7245770153986;-74.87127777683298 -604.8930201313203;554.5760936244603 751.935204854263;837.95087988562 -389.83553651923734;546.8141641267622 262.92894521932544;-560.3579693423733 -703.4897072068275;92.20577757564446 867.4478274530485;-904.805412869232 -425.8252750161016
1000,15,23,GNNLXSSA,3356.002621853113,207330.05837814687,17.873107600766666,,2393,2430,9000,5590,100,0.0,1,-845.1670217530959 -40.61457190166495;819.1824584245588 -573.5329980127523;826.4567167809132 128.12017842686473;981.3531362355561 -138.474206544226;214.37595634139836 -622.8596577394658;-113.78060829103623 798.7313631216716;-385.41991887084896 22.09973043158544;442.63767640803115 -829.6488345699713;456.3727199812322 454.8805718222246;-599.970039164325 632.0299426747082;-87.22803884368632 -280.5835595360236;456.2855273992668 -243.8200190619017;196.82501966354474 177.13869364454877;-639.6922382275181 -540.7236989937442;543.9088176543826 750.1815591998204
1000,15,24,GNNLXSSA,4496.097927504801,206189.9630724952,17.873107600766666,,2394,2430,9000,5590,100,0.0,1,-35.38251681465252 551.6397937120568;-370.0107001631385 -155.0728947189011;-159.10894802580677 254.91815990820382;-780.0076456300819 98.98789993608362;627.6669140685569 776.0227294862815;834.9865249822832 425.17697200462305;195.9393507017488 -134.1949430969048;-99.0240559587428 -773.1176291725573;545.0703973932635 -811.1962399145048;-503.48319051729175 -639.7105833573137;-179.98631536575255 827.2596451082652;985.3100314603649 153.55672158219872;-626.7401677165903 772.7524462791752;219.0002420163571 -871.6491691486347;-807.4638804790364 -589.917012571884
1000,15,25,GNNLXSSA,4450.565060395806,206235.49593960418,17.873107600766666,,2381,2430,9000,5590,100,0.0,1,671.2041932234985 -60.91935473550333;-760.9551803158032 648.6702307759401;327.41721543946215 -732.9827225203533;151.20546353582245 -987.9899135414353;675.2684814627535 737.5720154283152;-759.5099967075192 12.449703068993887;-573.6851479084976 258.07772834465493;513.7370302020846 219.93982598441428;677.7289328743869 -734.8410957742695;998.8346336976542 -48.26217499344106;-304.9755120433199 832.7967888019716;-510.8175316694246 -859.6891585562519;25.992994583499666 899.8575156397476;-131.93282201682982 345.45808380076346;-269.56900444223425 -66.23791098539404
1000,15,26,GNNLXSSA,3461.679969259276,207224.3810307407,17.873107600766666,,2388,2430,9000,5590,100,0.0,1,-120.10302874965305 -180.24471312499347;245.19830791112406 520.0175145551381;925.7061573007991 -378.24345379052926;-878.0984373401697 478.48002501750494;731.5818859454653 -681.753580230039;237.68712345778405 -971.3417685564458;239.43692687104704 -222.34615851205888;-354.3237944921198 312.8666685228226;-534.6906091384191 -225.1335100257789;-308.29657091477014 -686.8339311159212;-986.790805387754 161.99971111760573;-123.91688258732 -972.9593555730833;692.7755548269478 531.6053022630654;-674.776231300651 -499.43316598051473;563.1404077350809 -191.55170398670873
1000,15,27,GNNLXSSA,3394.391452001815,207291.66954799817,17.873107600766666,,2380,2430,9000,5590,100,0.0,1,244.50148447549512 860.5907073208463;-623.2382941231882 309.38113706573796;-958.2375624551262 285.9733797052761;-967.3876106324476 -253.3006332302468;-212.68997085933023 977.1197348819935;338.06330166320885 -426.99117332230986;676.4495356157445 -736.488985501646;-71.50752791083801 668.4462076512551;697.684769783289 716.4048869266869;188.38569859213283 -33.01154593384587;996.5130495768997 -83.43705425617189;-676.5453420993263 -508.01418034222604;-739.6592344587505 672.981587326054;687.3210177855387 202.20381035050568;-179.2741964370138 -732.6728610454841
1000,15,28,GNNLXSSA,4268.191165845696,206417.8698341543,17.873107600766666,,2387,2430,9000,5590,100,0.0,1,-505.2641358637735 579.27781722706;521.2521583529856 853.4024923522142;-973.7299995720052 31.58534831293293;887.1460299416165 -461.4879414526028;-291.8178454578598 -148.0989388895856;563.1603327644214 19.617264450637368;336.85094181148895 -604.9268124958109;-118.85861569420615 -583.2411721934055;852.9670907257093 510.2495637536976;-842.1136684369768 -392.9438747042702;997.1033811875183 76.05818315223206;465.63600999914763 -884.9761614296792;-705.3204994994494 311.0065868326357;-421.6480629937841 -774.7815679198155;402.41756632100385 494.91501586552954
1000,15,29,GNNLXSSA,3486.637139600469,207199.42386039952,17.873107600766666,,2390,2430,9000,5590,100,0.0,1,988.4204796247927 151.73976228495476;884.8002426231321 -165.00549242712623;695.2281576083017 718.7887451806087;474.1652669391179 -175.82840495886668;-790.0408693862606 -524.1663620682881;32.64487996679016 451.26121453455653;-111.12714849484436 -142.01011482159709;-769.890660423089 390.13662786354604;-133.45126583352348 971.2328020134146;-443.2199883604336 -888.170704247614;265.8650496587128 -953.1424820898501;511.6367050211279 469.46206816675175;-957.306401257601 -164.4068915844389;218.68858920573066 185.44465703295387;-437.604279607762 887.3036545987226
1000,15,30,GNNLXSSA,2871.4847010307712,207814.57629896922,17.873107600766666,,2387,2430,9000,5590,100,0.0,1,-997.3579537927359 72.59154267131123;499.3265966972998 -759.6620478621924;-129.0247923148288 -617.0082480624606;-413.63235422736 910.4427465444808;802.2675100456667 -45.04941674365408;51.54100640337125 -980.1183984583025;-105.58369117919793 994.4092998134456;-836.5335693372331 547.9122578964038;304.87172522782834 -92.0745839677745;-806.2395749548319 -492.99699069430255;312.7713524064637 884.2532858947293;-417.0113842049537 35.426297656987835;102.81301774834343 305.46856620843255;-462.23647451226833 -855.8610781119538;547.3543303211967 425.52659313792213
750,14,1,GNNLXSSA,5964.16275430072,190676.16084569928,15.449598253266663,,2322,2366,9000,5590,100,0.0,1,555.9391094189815 188.52290755348258;-189.07007314223728 -537.5261352629512;-167.09323609496047 -74.68296067891224;-280.3944018873468 286.14793624392814;149.28299611996437 292.8804763903763;-651.3662413515863 245.79669033366193;398.41339768901497 -428.37403041990257;-503.6691250251427 555.713426593606;134.1799030985589 -710.0226441700477;26.459613871077902 622.6899176566443;396.4852903355094 550.0315795283858;-490.8486068633361 -227.74369449631212;695.012573957176 -159.54573294725688;276.01014908196925 -78.23616638683369
750,14,2,GNNLXSSA,4556.322572427482,192084.00102757252,15.449598253266663,,2325,2366,9000,5590,100,0.0,1,-94.39482650420194 -58.587742682423794;239.0210949929458 561.9794177346963;-611.1669071390875 -188.0986911475242;-381.661823018623 560.1054983945224;-220.13611085606905 222.90551616897835;-65.61601452349912 747.1241788605505;527.9151839000062 -278.7954480824307;368.9239738576014 197.9453887067866;284.21483281162506 -635.2167315433443;-389.61891076801703 -402.7530891246741;731.4459725765764 45.529440402835206;31.318589384476297 -403.99107231049163;-601.8125881552368 229.08697474595903;552.5982428900014 507.08498494323703
750,14,3,GNNLXSSA,4054.690828028979,192585.63277197102,15.449598253266663,,2322,2366,9000,5590,100,0.0,1,585.0246721477861 -179.8943387791479;-60.533694482513894 486.29972404936217;607.2172048212561 440.2127510296137;389.74471467438997 -640.7800382216806;-114.93155817465677 -370.20900677580283;-417.2626332021224 -618.0782529446545;-405.672944402532 18.731622552931597;738.5429228898666 130.59230853803166;-740.5830708577365 118.47664393847757;75.9162434436557 119.30488286586443;-362.3193910402715 656.676982142824;-577.5995870658974 -284.470801382855;266.5683120600516 650.2045429464828;238.78376223495383 -276.11397984278926
750,14,4,GNNLXSSA,5191.122117168823,191449.20148283118,15.449598253266663,,2314,2366,9000,5590,100,0.0,1,143.61874681155285 688.9439626072049;483.48447697573897 -456.2283318310198;516.5309122556098 39.38691585619277;-548.1449194142954 186.9140149878726;-311.25352594899414 424.6611307660274;7.329282353159858 174.82270201381795;-326.0590179109804 -633.4777885804701;-571.3388213926108 -355.26845152702856;27.44048080072546 -691.4995239080118;527.35479060994 533.280752791406;-139.35455592634293 -268.35643712866613;167.59523129956327 -210.66441708679525;296.4253764637782 329.3429332215318;717.220097244237 -217.58248563022687
750,14,5,GNNLXSSA,4557.5663359872415,192082.75726401276,15.449598253266663,,2327,2366,9000,5590,100,0.0,1,-704.0251417141722 171.2472156916563;133.51638562681015 360.8570622967662;589.1714870414448 -252.89887679807774;735.2090664407187 42.21826790779742;-246.50575247252533 97.50191008852687;124.90413455231675 -515.6185011350683;-527.8024174181116 -417.2275270848901;-100.08304118495393 743.2922607340741;-513.8758988612473 545.2214249361057;615.3242517024149 379.3209581518234;412.33260250270985 -626.4836988408734;-237.20315469921326 -590.0304483211922;419.44797791237994 56.92673217344867;250.16307458119394 685.9587010025084
750,14,6,GNNLXSSA,4531.573644090822,192108.74995590918,15.449598253266663,,2324,2366,9000,5590,100,0.0,1,-372.0599416137241 555.7187590237995;318.7224073255521 298.89849403666824;160.0043695687034 -107.08183148535257;2.260992686876474 -743.5244195481597;-365.2555521988332 -213.36687807248376;-12.080249288279026 391.8258320434774;121.03890807863975 679.9843609675959;599.4235097344739 -392.0985325397582;-747.1984036607234 -64.765311447306;-496.3676232635056 115.69220572391191;-500.314852594155 -558.7352219734219;726.001919776844 5.2999778440188345;552.0796628511142 507.64953054858626;325.5155423966939 -675.6771652632535
750,14,7,GNNLXSSA,5007.790026619128,191632.53357338088,15.449598253266663,,2332,2366,9000,5590,100,0.0,1,-24.161853769991275 125.55949807423629;-427.91830099745283 510.1433180142664;-679.1765333799408 -311.28443365416456;-441.28862165524004 -30.10090881592936;594.8456443416703 390.94591734894044;216.674955456076 -598.7753070955534;134.17407304852182 533.7158561853964;-156.76441536926288 -626.6547919866456;363.7759117895862 98.64357713565161;100.09346002152758 -241.88120575026383;584.5448630223968 -438.2250061653988;-668.9842273241662 252.7020096620252;-452.8085633254251 -541.0413543140867;749.5873658892893 -14.10443792447064
750,14,8,GNNLXSSA,3871.394856033381,192768.92874396662,15.449598253266663,,2325,2366,9000,5590,100,0.0,1,214.9258397481297 -700.8004188722276;-150.04176769404086 731.845298843748;187.48812873358057 703.179422601542;24.984623675847676 48.465055142701885;-569.8056922512352 -487.6588655536951;567.4418452856714 -490.41774835401094;-578.7157855500035 477.06188231218226;-254.4531660037235 442.08275555581343;388.48740422641555 66.48530036261509;716.9202757254342 220.2846300897261;717.1836899806889 -219.4255108816726;-189.08715069427612 -725.7727257498177;531.5650452169654 526.6179114205244;-749.9990060246104 1.2210495880084045
750,14,9,GNNLXSSA,6502.024896220129,190138.29870377987,15.449598253266663,,2330,2366,9000,5590,100,0.0,1,-609.9854347916126 -224.79077570982193;388.2683454313207 -641.6756906226265;678.8217625662625 236.13129823037323;-244.64011555264938 114.382364403999;70.135729056199 222.10724411100477;-731.3472657797909 166.22628202671174;-252.13410176297845 706.348635397688;55.74125751771335 -321.29221262957816;418.0994844357571 -248.69257645100922;69.90486453691676 -746.7351002290405;431.17294539915923 613.6692033627023;-271.5279485612003 -635.7276405435929;-457.0741860505913 360.4561666141877;80.06595732532136 741.5231084669169
750,14,10,GNNLXSSA,4786.374626059027,191853.94897394098,15.449598253266663,,2328,2366,9000,5590,100,0.0,1,579.5119533397034 -43.87074739106436;-215.2815917521895 -94.09882447528724;325.88819032385464 -469.0256143912243;312.95122159076027 274.4611417027053;-69.03704534035963 506.6801051656769;141.7699098195504 -164.62031805131903;-681.9419207537175 0.4481782934507546;-55.3289187760909 -599.1053166779845;-391.1133575713875 600.5396724965782;-454.2052001013565 -542.5702014748252;134.53756986762394 737.8107549612447;-489.9689904130743 305.39743270204264;405.6711212028496 581.0401929718819;696.5955984794152 277.9261375272313
750,14,11,GNNLXSSA,4906.62650008974,191733.69709991026,15.449598253266663,,2324,2366,9000,5590,100,0.0,1,-344.2299074489326 -21.512490995127248;-353.7242940324449 661.3464263296345;372.13951011933585 -549.5331649233367;430.452465159804 128.51381302763951;623.9253222067675 -274.55231759604385;253.04587954657933 706.0225087378575;-555.5966217960872 331.0081179971704;-176.99897804094948 -553.8117803609701;48.68788382754402 -13.484199787005947;-741.6412074177449 -111.66073033885876;-604.648333118412 -443.73444983269127;737.0170956254416 55.80099689463032;-165.10746805093618 251.37299397474712;68.29436747349787 -746.8840541822059
750,14,12,GNNLXSSA,4737.6037933562475,191902.71980664376,15.449598253266663,,2324,2366,9000,5590,100,0.0,1,-18.094426754662948 600.8776394303611;-290.5184645018534 -591.5611889430944;718.4045271242908 92.83944990024857;-272.41063023765065 -1.4852290845290699;454.7688455412716 -309.5304991817869;265.94950140132016 -599.2129205015196;-574.5694459741671 472.1904141157355;491.6823101430438 364.0955775092995;-743.9944340208262 -94.69510509301617;290.23255614709706 8.386010480147442;-25.959841636799897 -749.3220770554831;-615.8246548562082 -413.5257679471662;325.65045416550555 661.5026148064766;-9.426113683072607 -163.21592599518468
750,14,13,GNNLXSSA,4221.25467104296,192419.06892895704,15.449598253266663,,2327,2366,9000,5590,100,0.0,1,563.8045429023953 -494.5937800428508;5.858228975038476 749.9765430562796;401.63710283483897 -2.9083573519049524;189.7910386904172 -725.5885790659223;579.7470671910819 409.8944174788951;-689.9290801081405 -124.02037991685754;-352.76419060236776 -160.77918563999663;22.211412643564692 -154.14769227465504;190.10460016022034 447.3765168624169;-197.95404052660294 -639.2625770263505;740.9982961360371 -115.85047817786503;-264.8996018127485 591.2039428934332;-510.31302380739476 148.83026483501288;-149.07461659111013 266.88827617274325
750,14,14,GNNLXSSA,5376.106453969842,191264.21714603016,15.449598253266663,,2322,2366,9000,5590,100,0.0,1,671.6712703267583 -315.310862146431;200.87250700406196 -665.6499584963615;-408.3280292069427 -226.61741498993536;374.2497806545831 132.3384355687882;-248.81310961124353 -587.2928311664054;-206.78301640483187 290.3443134388341;1.628964703989265 -286.5220518241607;160.3082963714617 554.8187498367747;-745.2391766446951 84.36946244900369;682.4504882909866 133.76811219699582;-330.26807001702105 649.953434376373;-598.607891112976 451.8492868835237;-567.3063326516897 -490.5746884351968;356.92023497529993 -243.60988785164812
750,14,15,GNNLXSSA,4574.929686596559,192065.39391340344,15.449598253266663,,2333,2366,9000,5590,100,0.0,1,-716.6770790505491 90.06314777855516;-166.93358760858789 450.7989735457165;-363.7669513448253 -556.5783887703494;437.06169476380126 -7.735415608011669;590.5022023996542 -276.5877685067246;171.1416526217833 -247.1699088690808;-78.12270038533654 745.820704351585;425.62323885984154 -545.1806745625645;-605.8928905559648 429.3315004818422;745.3085330821918 34.22167187021233;-584.1401225558701 -257.7163695474136;-170.09196896394928 -268.9032480162496;612.4005604747916 431.3838782306025;212.78405038755454 389.3542661388411
750,14,16,GNNLXSSA,5431.5037968821125,191208.8198031179,15.449598253266663,,2329,2366,9000,5590,100,0.0,1,347.5441403190747 269.9668281289456;-224.06338983364788 82.9743253803768;-598.7745607467757 240.35381641303127;-221.43594651235128 -692.217065905832;244.95764338993985 -649.9433639856254;-406.26453558443507 -296.43201071818436;450.10996359908836 576.1187067219284;703.4032298241813 260.2341251530945;252.53049077992551 -109.43758128609852;-58.20212803033007 617.0591649673502;-730.4889739002272 -159.11273443203555;-79.41557173192511 -330.9032117093375;688.2461808730638 -108.5172706195533;-430.3253722289289 576.9420754444293
750,14,17,GNNLXSSA,4660.87421938483,191979.44938061517,15.449598253266663,,2330,2366,9000,5590,100,0.0,1,297.7783949322325 -50.35314423992573;-633.2092036995898 401.9276477134539;-67.492857656159 37.47551259662672;137.95362510644145 -313.64064987308905;-412.99389746123813 -559.0874426851822;-66.30208784383312 739.6770902496893;-377.81763230466834 647.8841229106439;555.0687729349462 -330.43027195280155;-749.1169552839922 36.375477205142836;584.2751734434705 404.6357470641017;-332.5323887923592 -249.13443210048734;294.9422619699699 689.5713153394064;-628.333188257921 -334.9591853336568;-196.06281047891122 367.1401466369416
750,14,18,GNNLXSSA,4463.720336677623,192176.60326332238,15.449598253266663,,2325,2366,9000,5590,100,0.0,1,-556.9063849745079 -285.02407721743066;424.42484826664645 403.5393885509092;142.30383487008785 -423.1589331132042;-406.5011195934307 -630.2831425393568;-19.109165190821372 84.77876047927528;650.9724652991823 -108.74905004315295;-195.82930263587588 692.5115937347838;-742.925749096671 102.7683381647784;169.08778099788393 649.3379769165246;441.4215796914228 -496.60134833135515;-379.07810899534036 258.3670003462096;-214.67784271443142 -354.83293989078106;-492.87998123915713 565.304629464228;-70.29401745247289 -746.6985677704166
750,14,19,GNNLXSSA,5293.862409069727,191346.46119093028,15.449598253266663,,2325,2366,9000,5590,100,0.0,1,234.5132941764679 -422.30147424369324;-67.10849642906257 428.22609573450165;87.0661405264893 -48.46641138795923;-460.3905092801308 -355.29578465949487;-637.4536373510217 -46.35908983509024;395.8759422434035 146.35698271373334;-266.0835009181665 -688.7758867811368;246.611456171769 626.9353326136664;545.4772837843864 -342.44149485403665;-324.96176625208034 61.05531148978628;-447.0989960816263 433.06559884927253;-108.61291683870472 -373.15294191047326;748.6556869242946 -44.884991209897606;608.8962919929172 374.929318908764
750,14,20,GNNLXSSA,4342.876391150436,192297.44720884957,15.449598253266663,,2334,2366,9000,5590,100,0.0,1,-497.55600121600213 -241.81653258979793;283.07102913692836 -294.2136320910417;-292.1804974847194 -554.4151650376407;-292.635181928127 689.0726155826354;78.10029394748744 69.8362688871044;67.6111418006463 -638.0939636672151;-667.7763520480274 73.74203797561132;652.294978219285 366.9685236347123;432.5163517630853 -565.5734273029456;-285.5006124413796 -10.059837582931504;79.2295017275778 715.3159730724147;-503.4127977255616 347.06132459704276;659.9549738465794 -356.3136714962823;-77.44114227999297 -299.972202643389
750,14,21,GNNLXSSA,6146.2479730291525,190494.07562697085,15.449598253266663,,2327,2366,9000,5590,100,0.0,1,-541.1896230897999 441.4123497064091;-85.41128226848932 -745.1200858322218;-697.9439841880428 130.60792233820308;533.9107594649379 -82.83927575442581;-558.7941648397195 -306.2731947661667;-81.42958119234062 331.79396535824964;357.61891295655795 -555.1173714079465;198.59079323289575 -15.43857640265221;-385.0477170154478 106.50282857855974;291.0418702127238 338.4378849571409;12.955210364273904 749.8881000018719;548.4834794343722 511.53260512371344;-220.02113841893748 -389.5253371862931;-432.3342259482711 -612.8514246268547
750,14,22,GNNLXSSA,4993.064839353057,191647.25876064695,15.449598253266663,,2318,2366,9000,5590,100,0.0,1,118.90584084640888 309.5406161078315;-192.96823008244854 -31.394637292843694;560.4270383997685 413.037856150907;119.59880732473371 -412.33174422944745;-315.30563906600526 358.0458399243439;735.952378131111 -137.09812125420305;-17.62000944356359 -749.792994944077;536.4418376314545 -498.5178911577884;-718.8492172616164 -213.90606078921937;-409.0820284887418 -628.6110832363172;372.0197101618391 -226.67581298888317;-163.37634365626482 710.845405868156;323.07063241154003 676.8495892539254;-617.5320433371236 79.92572430675767
750,14,23,GNNLXSSA,5637.069928451354,191003.25367154865,15.449598253266663,,2322,2366,9000,5590,100,0.0,1,541.4793670167721 -153.30850734744578;-583.9297718621389 -338.66282568687353;-201.57866896956952 -126.22693784345627;95.32146743731712 741.3988565372518;-720.2062642728977 44.4267530212942;327.6655396324411 251.18316307955138;-552.1747389548985 507.52820912695546;-224.10884880269265 -715.7336962071124;-318.9352696181579 241.89537649704292;268.4883117892184 -523.2446666860396;93.81210718320312 28.65097089831465;-26.493062833811944 339.2451460165673;746.0395770902172 76.95212920070463;-38.42784320055986 -467.4978578487616
750,14,24,GNNLXSSA,6103.63622758002,190536.68737241998,15.449598253266663,,2334,2366,9000,5590,100,0.0,1,-150.35990458946773 734.7733658018955;61.65272979487044 -21.831509967569648;614.36867370133 388.17002860289574;76.54516317092188 -659.1258017464033;-601.5836940446134 307.0754435250995;141.0690476331584 525.3565801070139;-262.91474053635557 50.16200056574468;597.292740143756 -303.8567457992483;-274.7416178644571 -400.1690524228571;-741.4398281197163 -112.99106724783789;427.19772325444677 37.29745235282819;-622.8014319282734 -417.87363686656784;194.72376342812356 -374.6983974383326;403.98670734743155 -601.3017858622387
750,14,25,GNNLXSSA,4027.5335441945062,192612.7900558055,15.449598253266663,,2326,2366,9000,5590,100,0.0,1,-700.9288018616903 -266.83094334761637;378.7374285218621 -55.643286868627634;-368.66177201636333 -75.96080344255054;-535.8044957230035 478.3160175272509;-179.65496896984763 -728.1648071237257;-144.10056431381776 678.982534864265;738.5254786439525 130.69092314970052;531.1434209554067 -529.5154635139035;-675.9848619219615 100.93533856063762;-495.49637746774926 -563.0127351280233;48.13725292092862 -49.560116330963766;546.8267491997447 451.6451577775439;199.2518700457808 -322.94897246197115;213.2844351534242 673.4089090469763
750,14,26,GNNLXSSA,5908.945661269652,190731.37793873035,15.449598253266663,,2334,2366,9000,5590,100,0.0,1,-531.9427439512933 -526.8523476047496;-708.9239790041335 244.79949344912228;-207.53254148935272 226.47710291432634;418.28965070242805 560.7499562374074;380.46348965782835 -199.80552534922774;-410.0930129333417 627.7587005210179;0.692426625959994 -356.39104376464905;112.61918395268462 122.81850086333617;-725.0621139087871 -188.98117116953802;360.8182417546321 -656.3359262466568;602.5518014315755 115.3700748957912;-415.7683760389269 -157.90408852193352;-158.15838625444164 -679.1844508173493;83.72834513251657 744.9629738976506
750,14,27,GNNLXSSA,4613.017723665398,192027.3058763346,15.449598253266663,,2327,2366,9000,5590,100,0.0,1,-586.4535250164245 456.5136795233063;-556.1214788067194 -503.21854179851874;74.62489754437779 131.32574728296828;472.3686482973333 -378.6214131550763;80.73560642940072 745.6418455629196;184.34695894214187 442.48966590957747;-435.61088229388173 165.9230148256608;-188.73802950049048 -608.5245470853112;-741.8298249669515 -110.40158870913952;598.3777438305256 113.64783662109492;104.35557553083997 -704.5132052501001;339.51108795682404 -53.24151507267435;-210.7132918443699 571.6821767175827;484.3518659385202 512.9242378824354
750,14,28,GNNLXSSA,5102.004962416919,191538.31863758308,15.449598253266663,,2316,2366,9000,5590,100,0.0,1,94.43129367859257 287.07328161093477;342.61256044989034 -667.1706179246582;-87.08496199819115 -241.9919662769655;747.2686466620534 63.94974367316287;-565.6719381245664 492.45838242271464;573.6827259472498 483.10260809659536;-63.835358217544446 747.2784267200799;524.9570203191466 -338.8925553847466;-601.289782971777 -448.2751352615415;-727.7892601918718 178.16046659311112;-730.6691061094562 -168.52425602598066;351.50358629954144 -6.129752695875276;32.83519984937883 -610.4050347026204;-249.65594621892114 137.96916325966419
750,14,29,GNNLXSSA,5251.222945540794,191389.1006544592,15.449598253266663,,2320,2366,9000,5590,100,0.0,1,-514.4840557669863 -291.7015293370417;415.23776921102296 360.46461249468024;-528.0558496668873 518.1944531821965;-290.75653635272636 104.29247395260263;-79.9959551221308 675.8125354168419;597.1155346689874 33.88145907331123;103.90658515141847 58.53666235733519;297.2790066360103 -351.6514930516404;-743.9688143865166 94.92314375493905;110.52889361870396 -741.8108678601475;-93.23127548500284 -269.78912955912426;585.2805774996134 -468.98469655386305;-288.2796360392201 -585.493912289689;243.2614810738744 709.4532062269822
750,14,30,GNNLXSSA,5791.834681077977,190848.48891892203,15.449598253266663,,2319,2366,9000,5590,100,0.0,1,-225.6058193652816 -713.7938963215873;-518.3106088154464 -235.177826026902;466.8714453593204 268.5540456035151;234.31568774377467 -309.22348782039967;644.6580157864686 -310.90679250309853;162.9557809934422 732.0829279807153;-231.4757174930129 17.279800271594887;436.458475106012 -609.9213059962201;-406.1556045368863 630.5058484290819;-46.87365441254428 -462.95766599728296;-681.8357857483436 312.4099250551089;749.5318989199014 26.494008785509244;140.82592990356707 -736.6600691409814;121.20457929972694 95.69407666199618
1000,14,1,GNNLXSSA,2780.9167118449404,193859.40688815506,15.485043394666668,,2325,2366,9000,5590,100,0.0,1,-436.66846747231085 -835.5319797475768;619.4549908211009 611.1369920298542;300.8206246945475 -786.1447454504668;259.99051620646844 856.0663091317141;255.95483046886685 298.63411099396;-55.53367291611702 -187.1760436568002;-962.4814399574668 -271.34735863503835;974.9751007464062 -171.49021767981893;551.9077735673106 -467.49094334328987;-789.4400089329374 510.98373519793165;815.0179323238422 202.24992447708797;-457.6320212479702 885.4173267365925;-80.43379455875444 -760.1132349617894;-30.925707049524867 999.5215025358925
1000,14,2,GNNLXSSA,2425.7128477056685,194214.61075229433,15.485043394666668,,2325,2366,9000,5590,100,0.0,1,-363.65507147455736 909.5407468970278;157.25609168026415 153.07353522961708;-972.5594143797747 232.6109458984818;-684.096608905401 -376.5937918649603;463.3196020387455 -135.3363892682404;-507.9252436650112 441.8093284575051;-669.6653507263946 742.662990889202;-57.62389252408572 874.2222783059234;789.6405078081132 300.9570951197765;-335.6493553420264 -130.65117266119074;423.7465953004453 905.7725154092901;767.0534614421146 -641.5831881289209;998.6602730798674 -51.746101032297126;-199.31817576405874 326.9065602283849
1000,14,3,GNNLXSSA,2339.9378676213964,194300.3857323786,15.485043394666668,,2327,2366,9000,5590,100,0.0,1,-764.2595679393546 644.908763169761;-93.02416523745698 995.663851247937;996.172634480481 -87.40756438786102;251.38302666909874 -536.7997843640607;-420.928601869929 -298.08975990857954;-999.2033336266429 39.90862149214892;-300.7184096401938 193.43235611188186;870.5951646545744 -468.78036659650627;-813.2850036626367 -573.8595735420847;686.624508333876 -63.66104861739408;221.26197498332982 521.5764103305291;484.8705065319803 244.49643289214748;-40.557231411415465 -853.1026920466036;494.5855622654748 -767.1102264617643
1000,14,4,GNNLXSSA,3381.762598650006,193258.56100135,15.485043394666668,,2331,2366,9000,5590,100,0.0,1,-765.804001109119 364.8384188430227;597.1740262878584 -744.3026351472841;256.4268902751841 913.2135224948478;-438.3254692218796 269.02766800905414;-112.26640716611517 -298.91888312406195;-401.4840871767151 915.865998792334;564.6970283063043 494.15380546172054;-138.15456334550714 605.9350779298874;102.955501121235 141.79013707578537;822.6392995901354 68.5454120590378;805.1396676437603 -391.9201798158708;-774.1868622036249 -604.4546183111376;-486.3841813120147 -739.0529643333695;151.61408470536443 -917.887693744305
1000,14,5,GNNLXSSA,2216.6668065145786,194423.65679348542,15.485043394666668,,2322,2366,9000,5590,100,0.0,1,-999.6113896612791 -27.875561901549048;-321.3923252593921 910.1953371758251;72.96524216642142 232.78665281001884;47.435532697206455 -517.2923277841892;-691.7771513324461 -15.586496666619182;534.0697288949932 -205.35143306615802;-682.6363100007881 671.8107588237846;887.0732723956879 460.90804768633933;-327.85493747749007 22.32170741142061;-863.3095505389717 364.00760879860735;88.67292046753163 996.0521416268025;535.9055531684443 840.9124337303664;296.88416998600127 589.764739611183;861.873827626161 -358.15302361068694
1000,14,6,GNNLXSSA,3347.059986677312,193293.2636133227,15.485043394666668,,2333,2366,9000,5590,100,0.0,1,-862.721703057476 493.33668749163013;18.068056447182904 408.22228388489873;662.0669206596798 748.9395626698471;109.93649652956874 -993.9062151212325;-305.59406016620756 -154.12385968432775;-287.2007436450785 496.8970228738011;-999.0492082694495 38.395284674154276;-144.3801250711968 961.7545972313903;956.0739538834755 109.01671316700232;203.06426447243464 734.5749643161629;162.1847934910465 -120.34292674747033;506.9531304984326 -304.5024327711996;-585.7307968450433 -594.9991133266266;339.29049620508374 -780.2810858706312
1000,14,7,GNNLXSSA,2883.869642759586,193756.45395724042,15.485043394666668,,2337,2366,9000,5590,100,0.0,1,-89.48836159490739 272.74939648307657;-678.5197154817246 734.5821912506452;763.3921670772856 645.8819083093813;-674.12047875641 -707.9122293911396;-680.3449710589014 -19.128209179898143;540.1524406301727 -841.5671933252078;-322.518874780653 -510.5319736299256;170.75514533405075 -187.37461350857959;165.17472479073396 783.9773977016422;-164.35641213912467 -982.9146812188558;-275.4617131693273 961.312043291781;964.5559181006025 168.98525204474646;397.4892265987851 -421.5576089290229;541.431809286242 432.34596098136836
1000,14,8,GNNLXSSA,2802.5055211280123,193837.818078872,15.485043394666668,,2331,2366,9000,5590,100,0.0,1,600.2490845697926 -231.21302887768823;-182.73807125797293 -295.8213926592933;308.44921829516056 344.0572896917853;-500.87251369837384 583.492343939395;979.2949002761002 -202.4388754494131;804.9685800561297 341.55732095686176;126.14281947932075 -572.50705666417;-857.2797397087942 -256.991678223606;118.06614849862578 586.1694289307086;-495.57318570530254 -362.877891595221;550.0682537364889 835.1197017381936;-343.1341592809096 76.75783753632834;-148.9178298180872 915.3077751495497;816.1282078869664 -577.8708751020495
1000,14,9,GNNLXSSA,2903.4232596423244,193736.90034035768,15.485043394666668,,2316,2366,9000,5590,100,0.0,1,461.6750426764188 -208.72430643168818;265.1588990536652 655.4575439904866;730.5698117817259 682.8367108936573;-135.34411322777078 -186.872844536508;254.4591310137623 220.90194725573554;-995.7272631793528 92.34014786327492;214.12023848176932 -575.5105941870761;-518.6273259198779 -689.802869966557;-340.4705170886666 156.34215663706905;-820.5869442263006 -250.5589324344038;995.5625361987964 -94.10047232554732;81.4541489970751 -993.5183094237293;770.5861249259628 -628.5447042635961;-541.5099669286093 492.9369900024791
1000,14,10,GNNLXSSA,2368.731029114424,194271.59257088558,15.485043394666668,,2325,2366,9000,5590,100,0.0,1,881.6132600163726 465.2625398782155;405.88223835826153 -559.4849753109057;-109.1215659659531 992.785083438904;-105.54046650551201 -395.60329495945246;-544.7349506917293 71.20559706733867;873.0611552125317 -167.33729220503253;-275.0387658138593 -904.1169293819223;-348.0637401523681 604.7223606552092;152.43059129691682 315.7200450552834;637.9489289906027 770.0786739027013;-869.1514852363126 487.204079743492;566.7830658181222 -823.8670744129845;-893.3534148912304 -303.7872853521343;93.12829750536669 -995.6541167512701
1000,14,11,GNNLXSSA,2356.6486395813117,194283.6749604187,15.485043394666668,,2334,2366,9000,5590,100,0.0,1,-177.8784346915003 -283.6154247025683;-697.8784992587405 184.0659455031231;657.2988733433835 -227.75378245701063;24.101283183305572 -999.7095218856916;-433.27372965028286 760.4532235920213;-519.0233844276474 -367.4703956872194;-708.5941356757218 -704.5916380243583;16.65063821234556 271.2799896158701;369.72630360713094 774.0984507961487;888.4395544913336 438.7720254632957;-959.9704006111482 -280.1014636707054;419.7115005660414 -610.6120624561903;-347.178535658978 -937.7990533038982;-211.08476844539103 974.2492663948248
1000,14,12,GNNLXSSA,4084.3515602477128,192555.9720397523,15.485043394666668,,2312,2366,9000,5590,100,0.0,1,280.6207927072776 729.1855850178129;-32.19585165291814 557.6674082799078;-999.8516970797303 -17.221609877796116;-488.2380360091957 91.07199711837475;721.6234606642581 692.2857654314004;-849.3672381687128 -352.31320345560965;-306.75060685158496 -560.5834915855226;107.15059358448065 991.4235982928656;295.66630050367985 -124.14399232767687;931.7089905486866 -107.13232146150645;-829.5193567464976 502.00904607244377;933.7647115572818 357.88750110942175;-181.03311580994065 287.20539101119937;-182.33040698911773 -983.2373175826793
1000,14,13,GNNLXSSA,2926.0922174098378,193714.23138259017,15.485043394666668,,2320,2366,9000,5590,100,0.0,1,-379.71286066659724 135.44093793448855;501.13909347627487 710.8774211078918;-401.9959001680585 -795.2793624777505;177.05255242570314 -656.0017267667711;873.1381906118063 -301.8622173233548;-976.0641375350904 -217.4586269763221;311.09368199783523 -62.9020707749071;-179.43560523776546 -324.69161386826744;-539.4474805967812 694.9212276185574;722.1506251043099 127.77267984308946;471.3060388076858 -423.4779388273853;-809.3620561815692 229.03766375407815;-129.7149705938183 715.2785614740728;-643.0588974032457 -318.51989245836285
1000,14,14,GNNLXSSA,3014.2611406891665,193626.06245931084,15.485043394666668,,2328,2366,9000,5590,100,0.0,1,-287.47444187518244 -640.9592510796543;-82.29308356155023 -264.2096066341692;798.2094608096145 602.3799935871248;-307.1592142539398 804.3949489260477;418.4552358022867 811.9974187966656;-990.9645996510925 134.12368261552442;797.0500753922901 -239.06228835000778;157.41434174520847 -483.9427923961059;-497.8650778284643 -867.2544979871002;164.03293234006168 544.6392512266528;-790.4620760120549 -515.7280380676033;617.3913790876411 289.494865647154;138.4142115041913 -990.3744272009818;-484.57102654104034 -236.00349360130062
1000,14,15,GNNLXSSA,3789.7998410124856,192850.52375898752,15.485043394666668,,2331,2366,9000,5590,100,0.0,1,-289.4002560956636 713.4193779423223;104.98452045584125 798.6791449313622;156.8608901699683 -211.57459078213301;-650.2490541327712 -80.17695660683832;-318.25678881182876 -505.5396628243621;629.111988502326 707.0723904594632;371.55293852149646 355.1797601895595;-769.9318547285485 226.97815901335275;329.4443428664836 -668.1027827936682;-770.4193816160755 -547.433734397435;-278.10203243330943 -66.93473476604022;999.5305001369013 30.63950548027542;626.6932114609525 -382.5648562928197;-912.9310661870219 -273.1080764633254
1000,14,16,GNNLXSSA,3351.1700003225997,193289.1535996774,15.485043394666668,,2322,2366,9000,5590,100,0.0,1,-2.1125712127405025 809.5997269988858;-651.6809281404811 739.1708019765094;-226.93134682520346 -54.708770404499504;202.321468788826 68.06790214347456;331.15774801018995 563.33815077045;839.343351245942 -85.91147511883145;-422.201255118109 -459.51235571561267;627.2072513092 -400.8668601890727;638.6477608197251 504.7923054444616;979.784780464646 200.05445251192333;-585.7291446987277 -810.5068593482086;-938.7069688301764 -344.7161537695358;-778.8184191019836 331.6654774242322;-439.117167095851 408.6759720190589
1000,14,17,GNNLXSSA,2854.448923281161,193785.87467671884,15.485043394666668,,2328,2366,9000,5590,100,0.0,1,389.3046678977148 133.9139314337315;-995.6500941458213 -93.16825127698985;694.3369873943763 674.3004357980261;-659.2608241735743 237.28175861456793;398.59531194749997 -917.1083643673933;-107.88669835096782 -339.3509380669418;-305.4224009840203 -771.4717457082028;-16.500202820089267 480.22078093645007;-167.47357384075363 985.8650224933558;686.4607633156097 -54.87005112456181;-681.0379873251286 -504.07101535115055;204.50759261965487 -338.56413418961716;972.6463764473807 213.85587232292218;569.2954374706951 -386.93378851141694
1000,14,18,GNNLXSSA,3575.6123597262194,193064.71124027378,15.485043394666668,,2322,2366,9000,5590,100,0.0,1,-23.486964232668342 -371.98736204050164;759.0562118538401 350.23899389067157;-414.4681931618797 -64.49105387648245;-681.8305509787002 725.2745104497925;-987.6538870193688 -156.65184153252594;519.6341688492456 -854.3888637876512;-261.12361098940596 256.1366994745972;-691.0888397331632 177.78357319652412;936.183857080593 -351.5107192415385;-418.31414328841777 -802.1310962104417;70.09171228699087 -77.80339212054919;383.91785074445323 898.7738176574481;75.23559764073369 686.2612967044039;326.5408998403117 -405.97970159214356
1000,14,19,GNNLXSSA,2381.749109959259,194258.57449004074,15.485043394666668,,2328,2366,9000,5590,100,0.0,1,-264.64065299891934 790.5152309243309;-763.8622108695723 280.50168537957524;985.8294299024333 161.76014443329834;718.3203246440735 317.07785765811633;407.91148867489966 -913.0214769692042;579.6443769642974 -238.12595423354028;-276.13584136934213 -736.6951511945616;76.85168862374586 997.0425356802381;723.4108985418665 -638.8744624429552;-271.7675364220522 -121.96527842769267;-615.2824102365121 10.081279197589918;356.75123212305914 510.7451020843289;-926.055472884866 -287.9610716354244;98.83669244393656 -501.3922019753656
1000,14,20,GNNLXSSA,3518.9953409144655,193121.32825908554,15.485043394666668,,2325,2366,9000,5590,100,0.0,1,-913.7641257382732 -406.24091306865205;471.2999014001283 -881.9725070329386;355.2080880649334 934.7871330457856;-62.85824205481944 231.88211976394496;-67.92188273417659 -458.0393358989654;744.6833867026951 -117.61600806120987;-75.696994512577 -997.12932701007;61.084596151756905 600.6309878559584;906.5948935172639 421.99907439585195;278.101056744614 -56.599488122763915;-589.4621880087843 807.7939811849985;732.1592956055839 681.1315898642088;-547.1951198295822 -163.5292359247668;-543.3805818967419 -839.4844895556055
1000,14,21,GNNLXSSA,3321.8994375079346,193318.42416249207,15.485043394666668,,2323,2366,9000,5590,100,0.0,1,-888.2657807498542 -97.8053514759147;-383.84091188542726 -893.6014024063102;306.85657942198753 -944.3249675356197;819.1264236109611 573.6130247321066;493.8931899293127 74.93503082827982;-686.9820264802437 275.046381299716;677.6626736652977 -677.9579497698502;160.7354788608608 -531.364187569639;352.59425838603255 520.3592751962227;-24.991545888629705 147.36616872259393;-690.7108207926283 -617.6923221176567;805.7660894539805 -380.211280465593;525.3502719919161 794.0318251524666;999.3479275019088 -36.10706021873942
1000,14,22,GNNLXSSA,3061.633759556891,193578.6898404431,15.485043394666668,,2322,2366,9000,5590,100,0.0,1,52.21740907415724 -577.7275564991039;864.0283369358871 -306.05196714494554;-394.83228595703144 -579.1570931301376;-145.0670507038681 530.6374854685071;-829.987694529374 352.9896835292791;75.75903732224825 88.82092037375782;662.5206957983638 375.32014229418576;-845.6854332648198 -232.36759245593157;344.0610322282712 -403.17661397729114;986.4554398341814 164.02946449205888;-522.7051268032853 -238.57074853909538;440.2625607103658 719.9730225656863;-149.70364807934064 -126.47408632927647;-998.9042485480134 43.912157702922755
1000,14,23,GNNLXSSA,3434.167272339575,193206.15632766043,15.485043394666668,,2337,2366,9000,5590,100,0.0,1,846.8701767136713 531.5173177386802;-411.65861502058476 598.6326266438143;347.4615828531799 752.4571286426988;-404.64927229247206 -322.7673579024635;31.461851940100093 -975.0152479925849;-87.24574470312463 776.3525284361253;121.1608359217676 460.5758378088384;835.3498240515875 -232.17762947559103;547.8874345622974 11.38437632713558;-548.1026117440967 -711.0838119241371;-972.6429838063224 232.10010463283427;134.04610128759893 990.9750887467046;-813.7543786378445 -198.55684441130637;538.1498969990124 -579.855523860153
1000,14,24,GNNLXSSA,3737.4071417330997,192902.9164582669,15.485043394666668,,2323,2366,9000,5590,100,0.0,1,-841.0580078046966 -396.2659864959807;-991.6802701694857 -127.60833201334248;447.17501226799516 -376.7370943388836;181.25026654296897 -881.3194071446594;910.0944478499571 -414.4006870506604;-158.0127744639874 -971.3001788234207;-486.00296789867 -4.758319110781986;487.9165371783785 506.8000010526508;-513.8074769421237 -661.9362178742205;-646.644692752256 759.867352032338;-827.9796019554799 481.78239732673364;-331.7327551144192 768.1269899776793;640.9956314010161 41.04308359079184;-19.521889025270177 797.9530451403357
1000,14,25,GNNLXSSA,3190.628298606898,193449.6953013931,15.485043394666668,,2334,2366,9000,5590,100,0.0,1,-225.3878293239643 -974.2691242119045;833.1816924757782 32.52647299457833;19.316726883002463 999.8134146242126;214.83934571375372 651.6470246940315;126.87696979796745 -580.2279111038239;863.9379882846633 503.5982053171444;543.6129155072904 839.3360459873408;-820.3391922297955 -526.9094136746206;-645.4293395409868 53.12460392098382;-517.351647245243 -259.50236009130344;529.304615596677 -212.99890759392292;-993.798701024386 111.19416280652015;-834.3374365701052 414.62181566709114;-214.94585257660918 -329.7494466836387
1000,14,26,GNNLXSSA,4214.581645632745,192425.74195436726,15.485043394666668,,2327,2366,9000,5590,100,0.0,1,-709.2502547886627 600.4053131958198;351.5181057257572 578.0394467037461;318.63353637168876 -655.7888891169816;71.26081537100103 -232.85432298492714;-376.0865610166954 926.5845339863145;-320.517778539535 -143.52409342763377;-728.7983093347415 -403.9708534784209;750.5966410966198 499.84460668319844;-190.74542487890133 372.34530122332745;763.8407445262441 -360.9457461856975;467.73312749545715 883.8697423508276;-712.5373665616006 158.5837564221244;-133.893763627027 -768.7783294898936;-30.7606013107531 999.5267807352641
1000,14,27,GNNLXSSA,2955.9570050994516,193684.36659490055,15.485043394666668,,2329,2366,9000,5590,100,0.0,1,130.69154318236374 -589.5303721088198;806.099062219437 -62.355634318325855;-284.50709451976405 561.1748861575045;813.2029695834746 581.9801802987955;619.2530535985474 342.6930739839757;-976.5718034362703 215.19180452152546;-848.4181787436632 529.3265475840838;-458.16607453680444 57.14539818606903;392.9758560455879 692.4052410647648;-607.6795817136243 -378.0844574999569;-135.81423196553004 -990.7343207922158;367.7136731956526 18.24441794962789;138.94525479381534 307.934514630146;-109.10364782898267 -59.378280034825046
1000,14,28,GNNLXSSA,2656.6992562539817,193983.62434374602,15.485043394666668,,2323,2366,9000,5590,100,0.0,1,-357.7148173554401 -593.0560180762103;964.2484394161193 258.70659977673034;-372.6683496404401 539.0143971485779;12.198371425076651 -999.925597099392;618.1465454162708 -299.80139882360396;352.82267726107926 325.80580103577347;-936.1813012272659 -260.9867093965228;-478.148603138288 -877.6415219647683;17.62231251218359 6.842018119462524;298.0479577279585 -877.2267483663521;10.658032471285672 803.4589830850665;-920.2358730755876 363.9152075926222;764.160466951864 -645.0261860947267;637.2285479635252 766.2708667114076
1000,14,29,GNNLXSSA,3460.4491393360076,193179.874460664,15.485043394666668,,2328,2366,9000,5590,100,0.0,1,-620.1997286758176 -621.3492545560038;349.3562042076393 777.4641080746878;740.9127286708431 -242.7120619361304;-864.5666494837878 480.48195953962556;-16.429048008931986 717.3016149510933;-515.852986532291 -296.64447582878483;911.3961028889973 314.9017921963532;535.0083626299709 133.3650939041881;147.03159576853585 57.974506489219564;-517.5662953396366 854.4622338374475;121.98734451281895 992.5301012695838;350.2747102094301 -740.1690503098712;-151.18001882534662 -627.8762001155314;-218.82383920509176 975.7629778765715
1000,14,30,GNNLXSSA,3279.515688491374,193360.80791150863,15.485043394666668,,2327,2366,9000,5590,100,0.0,1,879.232829788881 241.0402433680868;-636.6672160729845 -499.69469478782014;546.4687718544164 -837.3779396832731;590.2428458825789 719.3832298936711;850.7067214160999 -332.8742396525471;-33.86255244196375 -246.14013599639054;357.99645316616306 -472.4454170840576;-973.0567656791129 129.0016948992733;153.15060567310118 313.20315587732676;-335.1914694057181 -804.3569805088488;-429.70156953931934 872.2431986983272;-34.90768055407591 986.1066751200442;567.9615738099858 251.12147163304834;212.56943326814402 -760.9393062852599
750,13,1,GNNLXSSA,4727.7915516890935,177866.7946483109,13.26135457216667,,2258,2302,9000,5590,100,0.0,1,-430.14439153601785 -502.74240078345247;-186.72863305293905 726.3830349657882;-279.4164571774974 323.9692264099519;-727.9499389530037 -39.418908948211886;725.4656385624761 190.26158179463638;545.4482152823746 514.7681463001303;-281.0041060537023 -157.68688013512704;125.42811085391025 627.5627657120342;720.8798898234552 -206.95937002860964;339.1133088869424 -270.7194833347931;198.44489187143276 -718.1140128927217;572.1226698518798 -478.5765128238986;-616.7710519014524 266.617388004488
750,13,2,GNNLXSSA,4459.893731492339,178134.69246850765,13.26135457216667,,2260,2302,9000,5590,100,0.0,1,-644.5225769158728 -268.93524663606985;228.56729580317048 -325.5543654135362;553.1431196283542 -417.36673279299;-310.2254583318039 -113.61659724753748;49.87697051961975 -73.7904987093341;-135.84877626004638 725.0467371604074;249.58473405737422 265.06623358994773;564.0988485474503 494.0765565595126;-127.2619112830039 191.22805253564132;706.0415235832468 220.73377133246058;-621.9682371641383 202.04277845699107;-158.87233428077354 -382.73229989636576;399.79551354042314 -27.037758506773883
750,13,3,GNNLXSSA,3736.686037038133,178857.90016296186,13.26135457216667,,2271,2302,9000,5590,100,0.0,1,-635.380111691286 194.04091604657467;-139.95005445312438 -4.822155859427611;72.75478155862194 -694.3239381674364;21.887527795417412 696.9686152551704;167.46195248291357 280.705403466731;-327.3714100696318 -670.967882739319;478.8423847945118 571.0360797976459;585.0232181057243 272.28678594204627;523.9865188054583 -536.1793486594865;-310.5437583154357 595.9408411754871;-735.2883385785333 -147.821037577268;-469.15452702360653 -396.9972485442435;297.7632133768405 -35.08450632772143
750,13,4,GNNLXSSA,4189.870243145793,178404.7159568542,13.26135457216667,,2254,2302,9000,5590,100,0.0,1,348.98916415361197 -364.95185142961884;-460.01519269367265 -584.2054557770757;185.30937556378933 7.2737848060121655;496.1430892078904 146.10435714624106;-477.289853194717 528.3481202350586;-100.43780402265354 -563.4137916679214;-51.24995276404174 552.2330862246531;-276.64021569059736 -261.14296524573047;-720.7429277274999 112.32708162411865;322.0140804303248 566.2846171004967;184.9134592206886 -726.639598606229;658.4699000520351 -358.5514992369053;-143.67610013551413 186.8035789247886
750,13,5,GNNLXSSA,4597.803526693169,177996.78267330682,13.26135457216667,,2264,2302,9000,5590,100,0.0,1,-76.39945758512792 393.0111075657556;147.54999631773367 177.06152952787127;-80.83120512063292 -73.07826819548039;-361.84210890496036 -263.99123642040513;449.5128202238353 -489.9968355516796;598.7196360145341 -149.29705039008599;-88.49782752284464 -709.8138154947064;316.0097649123556 636.6063008045021;-347.2303987889043 587.1557630923458;-537.6609476601222 179.81655163573572;-725.1822698211247 -190.67856999740548;433.2222063747475 347.72310024753443;-556.4641911192912 -502.77209701370725
750,13,6,GNNLXSSA,3818.2610556809814,178776.325144319,13.26135457216667,,2265,2302,9000,5590,100,0.0,1,-105.55171949541509 652.478872425333;-512.0995914840029 547.9543853295795;-41.803243525596386 -531.1992399281322;258.26778975828825 629.7876109505294;281.81432819944905 -100.29489832068226;-359.81322463456735 57.487876524639034;138.49342765829874 258.5981819530928;-229.06236031620293 365.8547942514214;-687.5443662342853 16.07756885024705;-507.4027597945348 -404.7315170630779;469.2051933523306 -441.09990518990975;695.7955744940765 -4.728979160907237;528.5805805798019 343.6966950079496
750,13,7,GNNLXSSA,4998.619244074303,177595.9669559257,13.26135457216667,,2271,2302,9000,5590,100,0.0,1,366.2451412275714 -616.1490831597526;498.1770196308709 560.642182779447;-601.2846706202632 60.06748462425561;-189.11084544782193 332.9167253195424;368.825672091843 200.46680019377362;519.091848765236 -105.38468761968379;59.38920684470477 -99.05076859740139;723.9040308619342 196.11974429374465;-108.22451877157528 -702.2578710556393;-714.2137371095197 -228.90770568955045;-217.8776236526145 -413.71742293557907;-405.50061598889715 618.187215983186;135.08417216216978 561.3000135112923
750,13,8,GNNLXSSA,4598.882993322273,177995.70320667772,13.26135457216667,,2264,2302,9000,5590,100,0.0,1,-134.043637032097 576.5836183754844;-293.6642926190514 93.3463472176867;74.84870302649288 -746.2557682559324;692.8524576057839 241.8901352007773;-627.476859255131 405.5766244734984;175.8529322292361 729.0924126792019;507.72031435031283 552.0145671954858;505.54624090198627 -122.73130972410935;-318.1363677685467 -679.1827821014281;302.02978726965773 -521.6138037084462;339.0753414752067 210.461322281738;-599.1467543163669 -436.90718054272986;81.18887137916906 -268.6783235169194
750,13,9,GNNLXSSA,4534.742073319416,178059.84412668057,13.26135457216667,,2260,2302,9000,5590,100,0.0,1,-283.7233922687368 53.126963128025565;305.05701365740293 416.146906045008;-538.8315025405179 504.51581109251833;-110.84880337225184 -439.5572095675843;112.72491053122182 62.588854662868016;481.9478784992326 -180.77359449863704;632.0268662388631 266.48433882543554;-109.53049457057028 417.2890415197856;-286.18929243298425 -693.2479833378819;-719.7982976789011 -210.68030582786588;314.6775898635975 -680.7919068860004;-633.1579488431922 87.28003596244938;-429.76754877071966 -365.6790914163744
750,13,10,GNNLXSSA,4356.684290499077,178237.9019095009,13.26135457216667,,2261,2302,9000,5590,100,0.0,1,19.059986439639225 -556.2075492642359;-473.7639153316362 169.7272457262027;-466.21885398686385 525.9709010260393;-276.06392689809724 -274.2688078866532;215.02021198643467 34.736447989840954;-442.2929292791131 -605.7036938220713;396.0834859633461 428.7904266325542;-2.55714288998563 439.77680180964325;633.0922349628671 -402.11220079689423;-655.8452624425539 -191.6478375307055;256.9081441329617 704.62628781373;740.7728007323601 117.28451600759176;-165.9609685215651 111.91547248637148
750,13,11,GNNLXSSA,3125.244705806923,179469.34149419307,13.26135457216667,,2263,2302,9000,5590,100,0.0,1,-259.9223943754843 -703.5199705069609;-244.75605223417492 41.46154240349406;-51.93372416489797 -475.5422788813337;419.07793919151595 -160.20259939453896;-40.75373338603395 415.3575489070114;-548.1840578386207 511.85341488837497;-563.4280636936537 38.87065013285295;559.3126522501007 -489.2643516143176;594.973547888169 451.61704413183605;164.19903387638732 724.340644997167;736.3473758469481 142.45189392673294;-682.9813958098401 -309.8974233155908;234.81368723741465 -709.2322669477841
750,13,12,GNNLXSSA,4194.454548471374,178400.13165152862,13.26135457216667,,2279,2302,9000,5590,100,0.0,1,285.38887099238787 352.8341900765854;283.2676962641671 -276.36999022099377;-87.60760509278302 724.4274659162392;-553.6231211916023 154.26130126108842;739.5255222892831 43.38036630197484;98.11612451367763 33.56672703325803;-348.6847715088566 447.4217938882239;615.0309263013465 -301.9557472271623;-350.52008382834424 -165.47892925351067;-218.9222650958178 128.5299029555415;382.39948899572363 645.1710430683866;630.9194478257434 363.34475073816776;-42.070057892955795 -465.0026842644479
750,13,13,GNNLXSSA,3463.6259452045488,179130.96025479544,13.26135457216667,,2271,2302,9000,5590,100,0.0,1,196.18318559211102 -421.3789532329436;-565.4761938887542 -354.7091998889082;-717.5962578555822 103.21910221571237;496.54476302487996 -495.77490755223886;205.81952957194096 366.53068535078035;-71.6110003382756 646.2442037466717;-396.60875334813545 138.6631841334121;355.21444889021205 -98.86115170135838;-403.80240924946 -632.0154471331886;686.948013720623 8.932522104209966;-143.6896678963277 -338.99887158431125;-380.7400418184184 581.7387163849789;-23.483347456693075 -670.5990122568718
750,13,14,GNNLXSSA,3460.300472841627,179134.28572715836,13.26135457216667,,2256,2302,9000,5590,100,0.0,1,-34.52330266187356 340.822085886384;482.5580281586396 574.1338891494972;590.9373971492543 259.94330019328527;535.1674795520145 -525.4481599834033;272.19034254083755 -113.28976227261732;158.8910056504794 -510.8730570990659;-498.5255831652747 -560.3320721320051;-183.33494388190255 610.4868716286113;741.5024413704535 -112.57355016999503;-192.75949661409354 -681.8720121433457;-363.04423547046395 -158.62383069096893;-736.4356783945533 -141.98492521666913;-521.1777418150111 314.45274694629546
750,13,15,GNNLXSSA,3727.9355744312925,178866.6506255687,13.26135457216667,,2262,2302,9000,5590,100,0.0,1,523.3757970948103 323.6509121873163;-515.0854223687271 544.8016625578399;-135.8575593969535 -415.70235768030585;-54.46829120919506 255.3063692204096;304.7754934994704 -423.63245652685833;-749.9426360385743 -9.275917825990547;145.83089657617336 -132.79575965752554;-57.24320406754441 747.8122863313235;297.66230486625983 667.100393721323;735.6605221281328 -145.95751499036626;-539.2604090379383 -521.2467853562603;-327.3606055323535 -97.40914262702132;-10.720964148177625 -749.9233700370548
750,13,16,GNNLXSSA,3401.4509879006073,179193.13521209938,13.26135457216667,,2264,2302,9000,5590,100,0.0,1,748.391110812234 49.09934070056765;-167.22088028899768 731.0684287560936;-591.7462011391533 -173.4722290024741;177.52868924715324 728.6861906844315;-84.33459075019343 -699.7795151717521;-42.57495946734573 323.5831863948696;464.18361474622174 -174.15937540525198;293.89082217803303 -657.0314647004188;125.7808970982263 -200.5246246422556;-441.29824172394876 583.590459016013;-729.1467441515628 104.52688956467917;628.0353468994861 409.9653681042366;599.2552866237185 -450.9912432115783
750,13,17,GNNLXSSA,3885.234858804557,178709.35134119543,13.26135457216667,,2260,2302,9000,5590,100,0.0,1,-70.97426710228721 -723.1113977395199;467.9613223356671 418.0997007456333;-374.4447525965905 -553.1452363092795;13.205267618015014 285.83726167593244;-335.51187131548704 205.0420573394342;-652.0881185354449 130.7599439701601;214.86516710712343 -185.8760062767909;-138.60164284216543 737.0818031951765;477.12858953689783 -483.0113742062326;189.18768904730692 635.1117576433466;728.3509135399255 178.8992642398394;-506.7195288890037 -248.57068183034227;-446.9908950936243 574.3870586875607
750,13,18,GNNLXSSA,4584.581553265452,178010.00464673454,13.26135457216667,,2263,2302,9000,5590,100,0.0,1,-503.57469840739975 -555.7882001306999;659.1920209482555 -113.62745432094832;421.16345612429853 620.5531512785714;-417.2372206359345 61.61471470778973;-83.96960534612577 -391.83002020617016;125.83311683787754 -20.022508630807337;316.16165485887393 265.3418404089331;-743.370983692588 -15.857124690074729;-186.30289496734457 -726.4846177784444;-537.9420711576125 388.9185699315688;365.8930094442569 -654.6645605013341;675.6968456354391 325.46401392081356;127.09000936454004 519.6991584135412
750,13,19,GNNLXSSA,4080.492011451948,178514.09418854804,13.26135457216667,,2256,2302,9000,5590,100,0.0,1,-354.3893983934746 443.60693579352005;-630.1939420768832 -387.456132106386;678.4377502657856 278.06221978526384;145.14407153719046 -163.18610832870456;329.21764160579943 202.5295222001217;-628.9895049806788 293.5031966345363;-39.61489334740027 370.06682422064154;343.4919511796204 -666.718290940647;-38.19305793576917 -706.3689898816931;488.21660313766273 -298.2549288568291;-362.1107671128913 -656.7920464963879;326.08090005697716 675.4045059207346;-188.12754719036786 -277.205788924064
750,13,20,GNNLXSSA,3611.2349349886063,178983.35126501138,13.26135457216667,,2261,2302,9000,5590,100,0.0,1,-455.20329581011475 209.56834934126798;188.9231409676164 -590.5989402593856;491.2602270251809 495.6345830042859;-315.307094340314 -88.55231807096432;-155.34071007026097 700.8312622196758;180.05142305964966 688.4800371346904;-749.0675746340897 -33.99105204619773;168.63976812801667 232.38492236432634;-122.70830935263024 -666.1892571074299;482.8487639038875 -84.95310471596167;675.5578384520677 -325.2558135398591;687.7914117759891 226.5983262364806;-615.7987064606416 -377.9999582715807
750,13,21,GNNLXSSA,5126.911682633421,177467.67451736657,13.26135457216667,,2252,2302,9000,5590,100,0.0,1,314.2745234984992 564.7785433986793;584.2822517229877 -402.4826081979211;-550.3275459744784 167.83474180621596;562.8293225416023 206.11954117748726;-233.64501916156053 -676.5904850378737;-317.06332883616005 630.69074093056;-183.5918127384213 111.9166027323306;299.62567424970166 -172.75015174880613;-15.687718061633063 -391.9669406197104;-568.7871233118175 -458.51796997415033;284.45110491982564 -549.9753488421397;119.84117287557189 196.170603075548;-727.0004216028499 -184.31010371708314
750,13,22,GNNLXSSA,3373.7594902494457,179220.82670975054,13.26135457216667,,2258,2302,9000,5590,100,0.0,1,635.6444073255508 398.06555670611505;-335.7742567112784 51.17212642566105;149.048903354245 -735.0404236563434;173.89573871646797 185.28877054310027;326.6498641434854 -278.52297035472026;-173.4385575922838 721.935006334054;-659.8579690767225 39.47230694605694;-479.50815155748757 -535.9722048661645;-482.8771714745249 372.7066477794765;64.05961999448232 485.83832826122426;-172.9947751631204 -272.4032975789;645.6977305717277 -344.9776783462261;303.5619965729386 685.8207595550393
750,13,23,GNNLXSSA,4145.751036535745,178448.83516346425,13.26135457216667,,2268,2302,9000,5590,100,0.0,1,-386.2556196550811 -642.8892566257965;-82.48138637788807 -39.98729047261743;706.0463367034487 252.9793873572318;98.36445147621482 -743.5216437238282;34.51494220438245 358.9965385514504;-672.9980131299008 331.0191449496628;-214.89914503926204 -344.9266623018538;410.94405004600554 -487.2664117206047;692.69236091996 -175.25580003600868;465.1010380172948 484.21620585163913;-267.49200999885824 652.5549828716854;-545.4350302840885 -46.02672763999261;278.79687460643356 -103.80903419958115
750,13,24,GNNLXSSA,4386.007320113131,178208.57887988686,13.26135457216667,,2265,2302,9000,5590,100,0.0,1,-312.33938021067456 46.02609976499711;-418.6306994056761 -437.45652414195433;411.3189975941077 -512.6013608387138;211.018160464123 67.78257418199561;23.7230338857916 633.4308117211457;470.95188006965606 328.1922736829947;-142.18597866546736 -736.3927477899231;666.4722451962115 -28.717343279646677;-310.05536006348575 630.5997235308644;38.51015824951129 -413.47946546103685;-745.9124597765209 -78.19592284857278;-622.1312993439176 216.09918524356428;344.5628548278404 609.0655823657952
750,13,25,GNNLXSSA,4574.541702452203,178020.0444975478,13.26135457216667,,2264,2302,9000,5590,100,0.0,1,-427.8959573341534 67.67320262775303;396.62127618428303 -491.15145179843074;598.0749776364862 452.5553238280559;-221.0347983653404 -649.2250427977826;100.08827538722443 441.1929564996139;-537.4057735163066 -522.0794728356464;-724.9335132565656 -192.27948761501503;744.9203638445032 -87.14156028998453;-719.8869259674973 210.38729481854892;-89.1281479741147 -275.1128424655752;-560.3345861447476 485.68438490272626;-5.80195513792795 749.495481368329;359.41700607827096 647.8286465317832
750,13,26,GNNLXSSA,3976.2165791995358,178618.36962080045,13.26135457216667,,2266,2302,9000,5590,100,0.0,1,487.8032529788592 -46.733141836729956;-689.5165007728185 118.14471941151642;-78.85975288962919 -730.8348666415861;237.40032949746836 -573.4417025892773;-295.69748576824935 501.8408838297884;301.4737077711699 605.6447003652615;17.147159135616732 417.4966428977999;-353.5728670488387 -567.0935629993672;-254.5324262633762 -244.4604814307318;-562.0456828083901 -172.59513484885514;624.3111866388712 -404.6469074634293;-81.60112696689767 90.88330826863039;635.6462222245798 398.0626585998995
750,13,27,GNNLXSSA,3197.5825034743175,179397.00369652567,13.26135457216667,,2262,2302,9000,5590,100,0.0,1,-525.2515118926954 7.050131172986662;-363.03374679254426 -537.9495606811055;-699.9485982087165 269.3918333313998;685.8403253545459 60.80050818004042;510.3915275349748 -478.5506924174404;133.7379714841483 737.9797795219765;150.84427864793875 -688.0299526014784;533.5649441044036 527.0753681811005;-216.04818467586944 -1.8306688677444467;-183.40105535168314 726.5927221359377;309.7164463138547 304.2676146211357;-354.68504547951636 292.89026610222413;-704.3114877410296 -257.7698993483918
750,13,28,GNNLXSSA,3926.405251589167,178668.18094841082,13.26135457216667,,2255,2302,9000,5590,100,0.0,1,724.6565579558994 193.32064817682576;-117.5870730541356 419.64849919311774;434.73528188151835 539.3561341819986;-441.72436114496315 -398.3240565813557;448.0905183599367 -413.10137571660584;275.703697432339 4.238215584814352;-316.71875433217656 -679.8450048755777;615.0058539231809 -135.1526849861169;-432.31224082487216 380.02946538355576;121.88525430485258 -609.1800439992721;-707.4828875014204 -148.5764123666135;-287.8294984984576 108.02075522551887;-137.08144591743905 -273.74033983890047
750,13,29,GNNLXSSA,3720.907301260071,178873.67889873992,13.26135457216667,,2266,2302,9000,5590,100,0.0,1,553.2268294507272 -380.37563857932116;325.1406890704001 -157.18160540949185;-438.70929543759524 -607.6699324335334;535.2485307995667 525.3655967770493;-489.2965332302561 568.4090978941601;-341.63857521550307 88.56061245217631;711.3749822686902 81.34748225195247;43.09609574358609 621.9886000398801;-673.7378425426327 210.04958132344373;-137.12625896526285 344.52839749594585;-692.8712888620535 -287.10516726564987;84.55973610202538 -629.3374524891565;-147.24164505846554 -160.56850198381147
750,13,30,GNNLXSSA,3820.520798625046,178774.06540137494,13.26135457216667,,2258,2302,9000,5590,100,0.0,1,-512.2138202557421 513.8925080072396;407.3434773988356 602.9709547427929;273.0423609894441 15.986154768091472;409.48312172048526 -334.3438936686699;-172.368536639919 706.2364215938675;-722.1931118566418 -200.0501504908562;-192.00960363530135 -385.9986295809896;260.8716440713242 -703.168327996957;-352.42952595583927 249.76787550983826;715.8842542009908 223.60705331642956;576.5971573111214 -51.09843602077335;60.66627366830223 349.05592326103476;-625.1500661850646 94.9773297318154
1000,13,1,GNNLXSSA,2452.793913313624,180141.79228668637,13.540884982200001,,2268,2302,9000,5590,100,0.0,1,39.18631167901364 -756.4378491847466;-272.3562985117932 182.70505236790052;-281.7588612721061 -345.2070816052644;-978.1451036549396 207.92343830330265;981.2010486441799 -192.98802446774903;704.6213168071786 591.5225776481425;502.40285074541464 -332.8332399202969;288.2068120704651 305.91946482802473;839.8946088498742 216.45833020350588;463.10686523064646 886.3022478292389;-536.7072193526398 843.7685468745309;108.61472423924988 562.3699937192015;-679.8526651769888 284.83739397102147
1000,13,2,GNNLXSSA,2401.9904219719465,180192.59577802804,13.540884982200001,,2260,2302,9000,5590,100,0.0,1,-180.5192087570872 -779.4878414955974;282.6312056283625 167.09704765038734;-654.2871706212484 738.1357168161989;690.317539093388 -723.5065274204849;324.5948466730072 945.8531521929432;696.5413441132446 255.23140625043087;-994.612485132982 -103.66293656651679;-386.29777796606527 -293.18612372967254;-830.0045536132483 421.1907015068499;561.2135100072225 706.3399896167587;-42.80397096900102 695.4733471506219;839.1427603906716 -199.50095312538795;-169.86135016123933 977.2322876265034
1000,13,3,GNNLXSSA,2422.5067582995107,180172.07944170048,13.540884982200001,,2264,2302,9000,5590,100,0.0,1,-482.5190086471661 326.5026693967883;-312.1464202373157 913.3997931530536;365.28310549782304 878.9292383453919;-974.2757646600012 -225.35912317048502;-750.6732454697968 174.98598217695587;781.9350715089239 -312.15051372961113;17.637021185096202 -333.37605086412987;381.69026622251783 122.46683773044109;643.4905139102048 -765.4540864791176;984.1498244770881 6.727902454427916;293.6239994048733 -955.9209941064622;286.51918205187786 -183.15493117848067;-619.3848303994844 -138.54877794262438
1000,13,4,GNNLXSSA,2650.937055593502,179943.6491444065,13.540884982200001,,2268,2302,9000,5590,100,0.0,1,-141.04347008905742 -947.6560083121242;655.5774732436629 755.1277976169057;387.02149613698447 922.0706122929688;-883.6699533925556 -256.16650983850974;948.9027760040128 315.5678796570557;297.59616836937533 -763.0567012553888;-158.1706299020486 851.5246758360723;603.8750560166251 -797.0789902644015;95.34710303197659 -42.39879173306427;-502.74369561450305 739.8613382324199;-854.4167478975278 519.5882620290439;927.8672516378622 -139.20101219716534;428.08876733274127 -419.3999234973803
1000,13,5,GNNLXSSA,1554.5098935302522,181040.07630646974,13.540884982200001,,2260,2302,9000,5590,100,0.0,1,364.82149404660055 -931.0774819968562;196.9693941868942 954.6027797167546;-682.9083141550498 684.9462045679693;-690.7980490441252 -723.0477546032699;-968.2507637233783 -235.48923927387133;369.963096903747 380.15503962693884;-177.8601573068475 517.953068986041;160.49980444713998 -293.968452093435;573.7784856730766 -181.70699444202842;-504.6461319463105 173.08866376634893;-226.21837108784823 -974.0766133022395;770.7338992012847 637.1571679122694;785.1142550403413 -619.35095586626
1000,13,6,GNNLXSSA,1992.3983711743786,180602.1878288256,13.540884982200001,,2265,2302,9000,5590,100,0.0,1,-523.7116770531151 276.005213112445;-919.409866394379 -393.3007724079246;-683.7503077352401 602.6862299705848;332.54351293755656 -887.6203225841233;-356.25011131473843 -271.3581621649048;843.5012281085277 537.1272457988008;830.6516206289311 -222.6762896962901;650.3160938210576 -705.3950695946993;-904.4933161239749 232.25049697146767;982.9251500061966 184.00584089994462;63.06314148819851 175.8978729954938;262.95612939118223 913.8699502269536;-111.18300809427913 607.1768857762288
1000,13,7,GNNLXSSA,2067.9302010639512,180526.65599893604,13.540884982200001,,2255,2302,9000,5590,100,0.0,1,50.46260667782872 764.1260355365436;354.5316233434044 -476.5918648380719;-397.6856372344815 245.36106296774798;-261.8356471991017 -142.39610754991543;833.2510216546107 251.18083898342928;-864.8534422478599 341.9114722941978;-18.683721345486425 -999.8254440434511;607.4952423983477 625.7866623848445;-180.32540431739886 983.6070092052855;-871.0908456219128 -491.12191833973446;-580.12336859796 814.5286227055225;-551.4313941947538 -805.0204495816982;564.9704735427933 -825.1111222282923
1000,13,8,GNNLXSSA,2365.4786880848114,180229.10751191518,13.540884982200001,,2266,2302,9000,5590,100,0.0,1,352.7521127699486 397.6179067642872;-45.13103413287902 17.96183220594337;-713.9671123627662 230.9938254368789;954.0493520713936 292.1536007555224;803.0682239560692 22.624296398496977;-163.2443753375567 344.8427012102541;-473.2825424303173 602.5646232435407;-483.9942686412756 -677.9133773073635;-948.7408718180104 -180.70021613018426;569.3580681739476 -520.731775402273;150.8341354951738 -416.6401051676676;112.24806477220282 979.703361447321;-89.602492189585 -911.6738987041866
1000,13,9,GNNLXSSA,1734.6965647671605,180859.88963523283,13.540884982200001,,2261,2302,9000,5590,100,0.0,1,-505.8064426080973 862.6469976856938;535.0843469367967 844.7986397143533;555.4225222392781 -42.79864451820178;-59.6451289482068 -4.395781039701291;-523.2834197719254 -786.1992246792393;421.04595254704867 -482.6692658924018;842.0305893056908 -539.429779186792;-845.8129126475856 533.4796311000147;-99.37398351672633 986.1533436467942;998.1537304612365 60.738211747770094;-858.3879261843933 -378.9305788269226;248.17102207250724 -968.7162349230485;835.4951786117872 549.4977766255818
1000,13,10,GNNLXSSA,2337.9652734312112,180256.62092656878,13.540884982200001,,2254,2302,9000,5590,100,0.0,1,579.7230102027345 0.911741735197779;318.51000248280604 838.2692407056047;-999.1425573536501 -41.40229564659294;-663.8982118438761 400.01174950832484;-436.2997597231404 -504.5796243280245;6.772890646938025 -161.17386381832804;256.0644222477167 -453.277168708982;744.4746404762071 -260.25985996025713;-171.06800420383664 -760.5968524509215;900.5610396435593 161.280657934089;401.5469169857665 -725.9557611363189;-618.4947443467647 -785.788935538946;-458.53120112668483 835.1586264853973
1000,13,11,GNNLXSSA,3139.879796547786,179454.7064034522,13.540884982200001,,2263,2302,9000,5590,100,0.0,1,-79.91919449371684 832.0708602105717;-188.97078716762837 331.1956073149102;-760.9853500892682 240.1082011186861;912.5061085375576 -128.4035644741989;353.20473021774933 203.53502405764257;228.06734650615743 -927.5338772948803;-152.28637900389742 -753.5476527172937;-473.5288889684331 -152.3186843492585;592.2947902187523 804.8787585826132;-781.9363372269086 -498.2080418301382;464.80995182100753 524.4899777552163;923.804357693788 382.7769418364559;-478.0574122746783 -818.3907501233377
1000,13,12,GNNLXSSA,3162.848548805312,179431.73765119468,13.540884982200001,,2265,2302,9000,5590,100,0.0,1,946.614541209825 -268.7919471180803;726.4961795576658 465.0895853077159;-345.3906258871408 63.05923721886262;-123.2724880333642 -671.7642170968809;486.087349904726 -8.731686112342869;161.33471245325364 468.67434584348183;-353.6244064123182 -443.5386363285554;494.07068099631323 -848.2498792402951;177.30080377464765 -510.39041279485457;-831.7785531742609 -476.3992421251115;979.5163806026482 201.363984202979;-985.1930840885815 171.43899024856415;-775.7592455158704 403.8543637460479
1000,13,13,GNNLXSSA,2773.8216350656294,179820.76456493436,13.540884982200001,,2259,2302,9000,5590,100,0.0,1,-939.2649049855439 343.19300439038244;-276.6271000506739 619.1282516747143;475.46624888490703 360.1541293040682;955.8763881594424 293.7691790492306;504.208297189442 -441.4011388042094;-474.10839257771005 -369.0251166660241;218.60075562879788 -788.575174108353;242.02192030131843 -33.26324365057599;-647.4812273537613 -762.0813999990203;670.7551786902458 -741.6788322853878;-104.91121180723508 934.1587543223307;-332.64490728068085 -767.9009099485935;-676.2763835342722 503.68208864601746
1000,13,14,GNNLXSSA,1738.2103321643954,180856.3758678356,13.540884982200001,,2260,2302,9000,5590,100,0.0,1,-698.715216158961 -640.7710466852241;-357.668482243184 378.8454293702531;42.31208871794982 -745.1059712213087;98.97512621298837 436.57828182957354;-384.04000912645023 -642.2633180287073;655.2256834718371 463.10864320040156;-64.33135648864028 991.7784087321594;279.44455518265414 960.161830411295;-909.6825881277468 78.87619806631362;-703.2248572323942 710.9675099260716;666.5410776282769 -646.6572588626469;900.0204050382185 -435.8477607087605;309.93901193685207 -278.61925664194496
1000,13,15,GNNLXSSA,2528.9459163923457,180065.64028360764,13.540884982200001,,2266,2302,9000,5590,100,0.0,1,-468.4441388257065 -62.12860614917241;-745.7645606955862 -538.0550212319345;17.593348596951753 851.216781399653;33.42569492069823 104.01060703253178;308.7343846637198 -918.2003766198353;-429.2871656510992 723.0369007405494;323.3987114756985 -302.9177118977417;550.1219911669912 -693.0353080438916;-30.700069847927903 -710.3294644043776;814.7993190739742 579.7429291313339;-775.9146999639536 559.9697897293048;600.7287476653344 358.29274943210163;-949.893587858967 -45.37855637533666
1000,13,16,GNNLXSSA,2357.6909957956814,180236.8952042043,13.540884982200001,,2268,2302,9000,5590,100,0.0,1,-515.269285490949 -725.1966277168461;-53.24410744064789 -418.3139111518802;-796.6136925013622 -24.387644766714743;-268.12722422984353 -21.117324688063718;615.0789884927048 -466.1049404051794;613.2838744817776 334.78522602925153;235.5029281509574 -864.788075241827;-561.4558413938746 692.0155380884395;785.3273619759668 -108.48727498300418;281.18374983415947 -34.5528496789161;-79.82090557776552 561.4586923242321;-816.641653386938 -577.1234711700062;300.4752619480396 627.164562758582
1000,13,17,GNNLXSSA,2904.676268065494,179689.9099319345,13.540884982200001,,2269,2302,9000,5590,100,0.0,1,659.2572053526403 -751.9175069052633;-535.0766218857758 -52.906963462071296;-107.66726377226469 916.586866585709;155.50160411152953 -79.03798119230575;-722.6766911956388 -624.3185423569656;-382.984589137475 503.9462012525532;665.6696859413719 243.604066917116;-215.24384786725798 143.5644141610452;144.90633597010972 -946.658544492206;296.96187688633665 824.4658082218692;992.2064230260856 124.6050324255814;841.3039809300113 540.5623106278452;-976.5400723626374 213.33411609614873
1000,13,18,GNNLXSSA,2365.0436664249573,180229.54253357503,13.540884982200001,,2259,2302,9000,5590,100,0.0,1,-957.793267306876 -219.9454150356646;488.11926752642563 226.01235992711918;-388.0441636432635 790.8694747430585;179.7850380849054 223.88663186214004;800.9968885727961 152.8170810013768;423.9527090234661 -647.8266960911933;-192.2119397522721 -981.3534379705758;-83.98857387840488 741.7349699145368;226.59756905613403 -973.9884710292266;-616.2818619200871 -13.137488835918612;-944.9794498664446 327.12969802528136;959.155127737621 -237.77679147573625;-366.67220774188627 -575.1225918948409
1000,13,19,GNNLXSSA,3227.83832513346,179366.74787486653,13.540884982200001,,2260,2302,9000,5590,100,0.0,1,903.4224441896946 -428.7515449935055;-135.39689857238443 591.6393878203369;272.15209939405264 364.72640536169405;198.072306607738 -695.9346998340981;-591.0077014535473 -35.3171306106963;-648.6976604007432 -628.5371861155883;94.42355890953809 934.4419569649773;-150.61970312460403 -29.40802183626051;649.3560398157994 440.3839272685519;-891.0482582150846 -224.42347893068703;-152.9662576475974 -987.9232384837411;406.3426253240505 913.7207838529001;-713.1589061149061 315.3777745008635
1000,13,20,GNNLXSSA,2047.9097755631374,180546.67642443685,13.540884982200001,,2265,2302,9000,5590,100,0.0,1,623.7963643919179 -134.04912410807393;-758.6296877669241 67.76188896833733;84.72533348517445 -327.2114098841028;-85.26650829118046 -925.0970487276252;807.173211247813 514.9282300105069;791.3373988327899 -514.4923526899919;-309.0969183554212 -173.8056467769865;100.09859032821349 757.4158675733762;-563.4283786748384 739.7213102743328;300.7307046437815 -909.0211303632697;979.1528914475263 203.05173093853134;350.77258262847533 936.4306732024406;-556.121955560252 -631.9285878535667
1000,13,21,GNNLXSSA,2975.6455719818478,179618.94062801814,13.540884982200001,,2264,2302,9000,5590,100,0.0,1,553.1789147487233 -187.62258705784086;-305.2796260653986 -701.1625040117996;853.8836718527202 412.2041614185666;239.733591707872 -0.9937348928661548;-728.6591370924691 117.11228087415998;-99.50918110886722 283.1379232311241;-497.4238492750833 -112.1857455585527;538.6492904750908 -841.758894370795;265.0578040921116 938.2780513028771;-483.1523612916493 863.2515877293918;849.5266483826339 -511.23724582135793;13.672056326283869 693.6943723423514;-98.73441338625427 -397.3928169799592
1000,13,22,GNNLXSSA,2654.7209840158757,179939.86521598411,13.540884982200001,,2258,2302,9000,5590,100,0.0,1,757.4725018055173 -652.8670684055755;396.7172694380697 -917.9408521956095;300.9408512291848 245.51404293647352;-680.782885133146 -732.4852649096701;261.35230973041706 -557.054999874496;-931.4887363776833 363.7701664533623;-430.1928731245613 22.533083241702204;-206.6430257911767 -856.5116253906192;823.9707979560654 566.6322653323272;-931.7764310629317 -363.03261907936815;6.710591584806819 418.4645112640516;587.628347664575 -360.3727575572194;-615.587202417848 322.41470397162107
1000,13,23,GNNLXSSA,2245.9959161385195,180348.59028386147,13.540884982200001,,2256,2302,9000,5590,100,0.0,1,18.87916573039208 -690.8021443550292;392.55220469368214 -913.9154945210408;-885.7458456132508 -464.1704629927807;446.29537992836435 482.4093209229291;-678.1800267991994 734.8865688155993;-522.7454357972024 -852.4845650965739;-483.89886056640705 -84.96717242573803;818.6517797202422 561.3295005187491;174.8877662181304 -104.02705145458022;968.4556732073868 249.12670521216404;-16.059772474788883 508.9207975696124;-247.16510181054215 304.54586365910023;803.1433668984766 -177.98190617769592
1000,13,24,GNNLXSSA,2692.274705780932,179902.31149421906,13.540884982200001,,2255,2302,9000,5590,100,0.0,1,32.195652925784515 944.9564622819457;849.1583435910408 -525.1920065746338;-353.6545261334032 -935.1410367898819;705.369273024603 -83.44743141571091;-788.6198022913941 504.09522970240903;-449.29194802794984 788.2332310061059;970.874499831022 -239.55982332005576;-985.7308921926206 -146.9312582855992;479.679789421562 861.9235143756033;365.5382205877407 547.3168995583303;-790.7749778221267 -610.8988790762767;979.4731437158517 198.55931135498588;79.72013271560876 -995.8897624569413
1000,13,25,GNNLXSSA,2110.1527463782695,180484.43345362172,13.540884982200001,,2245,2302,9000,5590,100,0.0,1,-5.156653515377613 134.6668649216748;-538.3291582813791 213.21294463731144;-5.743242887907613 842.5264947602922;546.6759679595319 -182.93756752391502;9.627652286048022 -762.4248930617499;556.4339646502859 720.6877893541928;-365.1327938326347 740.51125404866;735.8211172710483 396.27606294891376;268.97274507050804 -389.39984341380716;268.8495216646159 424.2620524098708;-346.8349514796617 -404.3618000920278;-844.2866278158713 108.54481512725958;-701.4613246485761 -299.24112412289577
1000,13,26,GNNLXSSA,2768.926556042017,179825.65964395797,13.540884982200001,,2270,2302,9000,5590,100,0.0,1,292.8503108590275 -249.63961595816076;457.20269164960223 323.62543476236056;444.0593092009515 -579.8035616464954;-459.3551413682954 670.8099669505276;-265.7419487434978 911.2088295604076;-119.71176749721211 -778.9033093253599;-42.60148624073814 597.83343653457;-752.0415238758668 -459.55059529537107;-473.31474982789695 -262.8638454218343;-2.7011558062506267 -429.2397351286372;999.7838952590754 20.788525214407173;-735.9610703031283 267.2975785309149;858.4032228959117 -376.91459931296515
1000,13,27,GNNLXSSA,2146.843312707031,180447.74288729296,13.540884982200001,,2263,2302,9000,5590,100,0.0,1,320.51927634712916 910.8443912842231;576.2804713166405 -254.1128106650769;-760.5245049126073 621.9873275570644;773.7122006353114 633.5372369388114;-55.5304914915467 -32.192104485828956;-236.54650204848323 -948.522712458869;-758.4184715723133 -645.2474221603578;-968.027355390526 -250.8446515587365;-331.81409006945614 943.3447989104401;-965.5008575208349 250.7164333617707;224.51168008776466 -947.6689746007496;816.5414847429164 -577.2867603659671;424.5695392414646 -608.4064497370924
1000,13,28,GNNLXSSA,2677.5543681758572,179917.03183182413,13.540884982200001,,2254,2302,9000,5590,100,0.0,1,-245.4221792820303 -66.46752795976036;-418.69878955274 -715.1680845388863;437.22375085409703 751.987746469914;-856.0479004194578 97.36302502173915;207.06863131149788 -869.9297382712892;757.8204722012352 -652.4631268605887;-652.4341244262271 -502.5379603770322;-192.8047594966335 981.2371398981213;951.9136523599698 306.36644472053825;119.70189214060426 911.5384406885275;-668.1618481235439 534.7808329254744;429.1468401297724 257.8650565982033;-430.9682945283455 309.60244332593174
1000,13,29,GNNLXSSA,1849.8691339886573,180744.71706601133,13.540884982200001,,2261,2302,9000,5590,100,0.0,1,303.1007625014504 -290.0248582110174;-449.2729690081577 -891.5879587770014;808.5568083660285 -426.7557877931197;508.2877256578037 674.952160286808;-18.42739404311479 826.9605526515537;797.7580659838931 264.78972090428374;347.39132732858354 937.7015211654847;995.2546225067769 -97.30486307936029;-918.4630509771689 -74.58657756487263;19.16086741901819 -965.0010940246038;-710.313105645493 -444.14189706216564;-362.5999890709095 892.2632205017818;-295.18312071839256 -588.6922152217866
1000,13,30,GNNLXSSA,1871.0355553810077,180723.55064461898,13.540884982200001,,2257,2302,9000,5590,100,0.0,1,-39.56647957540996 349.3379564573296;677.9933968359366 735.035329417019;-679.2490685994111 636.5738878482199;739.0360787992471 -415.44404220544016;255.87179128302307 966.7019494205276;-349.6125263366355 -907.3542649037621;-969.8057766012057 -243.69508708057006;989.1606479342898 146.25290435389252;27.23944870912105 -999.5479290257238;293.4658103772 -496.89428160390406;632.761275670274 -704.5304268260811;-380.94398147253145 924.5811547525392;-839.1367514157441 118.18687627254288
750,12,1,GNNLXSSA,3034.6814137158217,165514.16738628419,11.114939638966666,,2193,2238,9000,5590,100,0.0,1,-420.1990859575536 476.38397917788654;312.17025661349095 -681.9455483290928;735.8879201024315 -144.80666092178683;-124.592057101517 739.5788120999765;248.45384884861383 347.6635765502283;-725.6717867029693 153.74241841217722;585.4275740263384 274.90246265617134;64.80217507345091 -373.0090480980555;-133.06748503154827 213.65372664068724;-125.62415666850072 -660.4757653251228;-406.087221258573 -508.42550161762887;565.744606771176 -430.30204552352023
750,12,2,GNNLXSSA,3609.5172799887077,164939.3315200113,11.114939638966666,,2201,2238,9000,5590,100,0.0,1,44.67118292412449 -413.670300936823;451.86799396303667 207.59796206219795;-6.03260243573877 664.4584628496625;482.64918200965303 -574.0337558003456;-378.6999045286577 -176.96917943791055;-518.7974071949552 356.93180586098254;-717.1249572533347 -158.38301516302528;-489.79159998633287 -530.4706111775077;560.5666209054889 497.22389895244476;-267.0751267609399 150.90850609927247;96.74866697800199 362.4635741845163;287.5332974552856 -223.52501987535024
750,12,3,GNNLXSSA,3436.3478504674567,165112.50094953255,11.114939638966666,,2188,2238,9000,5590,100,0.0,1,412.22141613296384 -320.65430609909674;715.421436784273 -225.07783884193478;412.3703504559065 267.34684626539706;493.58236269727047 564.6914655227048;-597.1108815425321 353.2891901659194;183.3803708378387 600.0816490350884;-251.62811202584425 -690.2127353492918;724.1735054553258 194.38346089791287;-642.2842330652816 -339.37927858965605;-50.90377171329386 -195.0748079455555;-250.04758253432257 122.41256137936665;197.95784420065988 -723.403547074126
750,12,4,GNNLXSSA,3221.62204481996,165327.22675518005,11.114939638966666,,2198,2238,9000,5590,100,0.0,1,408.1465252057979 282.75733018807654;568.2273587452032 19.625941020365946;-83.27702060900201 -522.8384864442322;-611.7985402154428 27.228369542266947;-241.87734988314173 -52.10301717193143;-79.4582788040662 463.734548353283;178.3433180679863 -357.38448445460483;-434.22983702416013 514.0107089750163;699.8248688742312 -269.7130936850581;-397.71829786852373 -410.913999756488;419.5714915713103 -621.6588803038414;-686.2214213269893 -302.6551848423657
750,12,5,GNNLXSSA,2985.7874394233804,165563.06136057663,11.114939638966666,,2203,2238,9000,5590,100,0.0,1,-103.85106896893676 77.99538470151715;54.29739138386134 574.777066211471;675.3536368073482 9.36237824045087;182.8728298664984 -727.3634085494119;-603.6833629739423 52.536724011002676;528.3462009611815 482.1922810868731;-404.6792302539175 -631.4544485559483;-271.7573658079482 525.9161859080506;41.01057451302093 -246.60794982731824;361.76303997300226 -184.6531187754967;504.1691165541571 -553.530031892762;-709.6790935988106 -242.60169848698632
750,12,6,GNNLXSSA,3192.9950691571576,165355.85373084285,11.114939638966666,,2195,2238,9000,5590,100,0.0,1,-466.648517123659 587.1449237337321;413.70616385188816 -471.60055433099063;700.5813098576023 158.49924132891158;-669.7915360362617 -28.21561008021419;30.775126020520858 -453.4272088886884;-225.8347244790577 55.755153685815586;171.16774218210085 13.708118312931695;-484.0599257564691 -350.6379782901627;-238.1671849277473 -711.1795779011038;164.55907983328999 -731.7242029920978;34.96826754386542 334.1756268131846;429.40031569788425 414.92382805321216
750,12,7,GNNLXSSA,2680.393783978303,165868.4550160217,11.114939638966666,,2198,2238,9000,5590,100,0.0,1,-181.32265922501625 -203.21502161352876;300.1724688214608 50.05433807621589;488.6878700410553 397.82192560759;-307.3578329919727 156.83067085817916;736.9301585605966 23.240895154679794;-173.3224630677809 474.20550972757957;-604.3959727564724 378.7795993590158;497.8564501864751 -560.9268713546551;-717.2786751328309 -218.91558866291624;-304.2245256919452 -583.0744271049873;99.50534211368253 641.6624568114141;98.08418629896539 -673.9997192786673
750,12,8,GNNLXSSA,3798.964516133303,164749.8842838667,11.114939638966666,,2200,2238,9000,5590,100,0.0,1,163.80049998845098 -279.19299847724704;-556.8360954012362 -351.1246990753194;-223.91125984097746 -436.2779822468834;538.8471863061168 -510.9498354148396;-512.0667136399098 547.9851100002833;192.15700086339248 343.71211171914985;-198.36772064585293 96.03681420484561;-739.3747662688103 125.79727741466499;741.5536281862179 -112.24177708792924;226.93152899891618 714.8440956923503;583.0828610649149 374.0774658087221;-181.93730087686743 630.7319144398307
750,12,9,GNNLXSSA,2802.309585177456,165746.53921482255,11.114939638966666,,2203,2238,9000,5590,100,0.0,1,748.6368789061617 -45.19760548569882;333.498611422468 -165.00646608525824;-518.7194386361011 -10.579559284945045;-118.91176805471062 -579.8305306380565;484.25034875418174 112.95224049491358;-361.326065971308 -284.9978006873043;-160.35850137945084 634.7712322290746;-685.2018007260965 -291.4535941223259;316.13494436408854 -675.6967576186275;-676.097215632235 289.63267863804515;644.0434062854325 -372.8888414546097;79.58951206913454 147.47633156693163
750,12,10,GNNLXSSA,3411.240116228262,165137.60868377174,11.114939638966666,,2203,2238,9000,5590,100,0.0,1,85.2296515329858 -166.74810094643473;91.6323737674652 517.692288827983;88.0728457002671 -744.810006077272;-458.3470035190553 283.52681616259326;-694.4740591401917 -104.05596340677224;618.626238532458 -424.0212355537322;407.65720967879173 197.57665736639387;-213.04944041149238 600.6237056445821;-240.8542232648141 -362.48044592375334;737.5164493534462 -40.49567698387381;415.40768272179383 581.9242874498991;396.0193017329552 -636.9176075151686
750,12,11,GNNLXSSA,2411.5214328619186,166137.3273671381,11.114939638966666,,2191,2238,9000,5590,100,0.0,1,-556.1179199709258 503.2212441377381;-78.89337814062073 -353.3884781961521;423.9633595034498 -496.9104966968405;-69.60301617465322 746.7632959240773;-587.6996785461336 -390.57446635964425;-251.93411788066499 30.54470084951085;513.0029571179582 510.2002030051425;150.51225583628906 423.22138892025197;699.3446596922213 105.11756623424468;-740.9167668679472 -116.371579751879;-259.20247089099803 -703.7838102141003;522.7840423862434 -205.18786159451167
750,12,12,GNNLXSSA,3443.3062322250917,165105.54256777492,11.114939638966666,,2199,2238,9000,5590,100,0.0,1,81.67097450778664 -141.69363097200534;-441.5037279728628 -606.2791916155991;-275.5455335496562 -346.81454801605065;-89.42964561456073 436.7162220397186;324.2941583143135 62.72854031701294;215.79944960095017 -523.2743551179971;-249.01142110107656 127.43462259911306;725.2110615256105 146.4240006163457;-495.3764315426441 481.7409374846741;492.19373476895214 540.0289540591251;514.8401557566687 -257.0676521652889;-692.889989550497 83.46790629442084
750,12,13,GNNLXSSA,3029.923039365618,165518.9257606344,11.114939638966666,,2199,2238,9000,5590,100,0.0,1,519.6990055954498 -529.3593471088592;705.9042859008707 252.7166153595376;-388.86140577328905 377.0521889018856;-394.2032686363317 -98.83842198373915;-164.05900588259232 -729.6683270205385;501.0054114946226 515.016383614768;-43.15735822825425 414.93125831857213;145.11000208821005 732.6301508877222;-184.43814769325022 713.3477605166589;-710.8114504869894 -232.5244229463704;696.5899189969416 -277.16899610198425;223.2224456635988 -715.4949227399688
750,12,14,GNNLXSSA,3262.19489658784,165286.65390341217,11.114939638966666,,2197,2238,9000,5590,100,0.0,1,64.49463773322604 -747.2218155967208;-462.57684558132905 40.03472091456004;458.8014516252672 155.35485220385044;-670.7154432167713 -328.2189166857319;192.71136617550337 437.1881482275824;-163.50511776577457 507.8922543248582;62.51530970670257 -82.85843973072363;622.5954148323435 -307.18921858524163;44.586124211456784 748.6735453639327;-293.91349632794106 -523.7878868604203;-625.0386569386 414.51981536760235;624.7794679805619 414.9103715140488
750,12,15,GNNLXSSA,3274.2893894498993,165274.5594105501,11.114939638966666,,2204,2238,9000,5590,100,0.0,1,12.048081491234498 -569.6843437848039;-184.80384775387606 -231.33977929628054;585.838905633206 -351.36027503145806;224.73566909383123 635.0369342560602;28.764959989522033 205.25683966521783;-552.2821455369334 -507.4113611787905;570.391843508397 486.6052260183882;-728.367932737209 -178.72101582007122;-301.7774307441756 -686.6078709065167;-194.83824916616024 456.0756720131469;745.9142547547569 78.12491601345627;436.9411704921366 62.503752748946695
750,12,16,GNNLXSSA,2881.671976817015,165667.176823183,11.114939638966666,,2199,2238,9000,5590,100,0.0,1,471.9031487509365 -45.967776348365376;293.8299516240722 250.97174462896854;-452.6056313665893 46.48768282824498;-86.28788679065754 -3.45937738707645;-251.1156691259651 -643.9397277684874;-607.4246854458232 -344.5548940185134;80.59195870052761 497.5221906848182;639.8363723820503 -391.245979130539;277.283025589159 -658.1833410888892;118.34649884693138 -278.9141571757114;672.8114548492586 331.3981687089174;-749.070397662728 -37.33013990601136
750,12,17,GNNLXSSA,3077.9249104462506,165470.92388955376,11.114939638966666,,2200,2238,9000,5590,100,0.0,1,-474.4340227714921 -5.07354183912764;106.42416013539322 -301.70210374994934;-233.87902142295505 -255.0052904141296;737.713744326693 -135.19774935808138;571.9126594385446 -429.17293314044247;-252.56338203963148 -706.1952549066747;-75.96223131624282 297.4784268782687;277.97028891901545 117.33247589527372;-226.26241737438036 660.192185111142;300.51027336692175 687.1634271415628;-673.9109075795113 329.15663238853216;591.2415841185629 229.3050606607738
750,12,18,GNNLXSSA,2737.594287394866,165811.25451260514,11.114939638966666,,2193,2238,9000,5590,100,0.0,1,-337.8604138418435 545.7466356360205;385.84200723420827 189.7187362445029;382.16672560865845 -645.3188528940822;-366.33614334151895 -335.2984455073149;-649.7407242183762 -37.74412804323208;-199.3873448534506 214.63401331663104;1.9263803586784203 534.0894210322923;213.66565666076545 -151.98209671365967;-243.63448556454142 -709.254145076966;748.9586287254498 -39.46724304594079;511.38525787823875 548.620525555671;14.413212802361926 -424.75659375611406
750,12,19,GNNLXSSA,3608.386100261414,164940.4626997386,11.114939638966666,,2196,2238,9000,5590,100,0.0,1,-579.3321829333121 -224.0165668204863;586.6227323257381 -336.59604749594894;-273.2735470290487 542.6835022294675;1.4324333597865122 -664.2882246840137;358.7806842072708 258.3989845138858;4.37464219838382 -88.61101907047961;154.25003099765476 730.6447449526028;-723.9067857485877 196.10957535813571;749.994030582182 -2.992338732993959;365.5344259630357 -606.0072211050825;-431.15158678946403 -528.3320823012205;600.9212100500636 448.76909353471234
750,12,20,GNNLXSSA,3189.7861778786464,165359.06262212136,11.114939638966666,,2199,2238,9000,5590,100,0.0,1,-722.4880452754342 201.2735065379499;352.38840641775147 259.60412867808776;709.6291708050933 -60.621574471162816;-315.464477044216 2.8514449686669643;240.25251850709648 674.3973100007368;-155.46856727449148 -422.7916164902087;-144.05289548703746 736.0358437615662;-343.9314011299179 -666.4917038619546;553.8944939551358 -399.1507946517991;341.8431796248752 -656.72400483037;27.925487275961125 198.62082010447102;546.2343853901641 513.933844203152
750,12,21,GNNLXSSA,2906.232020408119,165642.6167795919,11.114939638966666,,2195,2238,9000,5590,100,0.0,1,-181.55298255918916 -406.5990892363009;467.8856136656424 35.29817287858726;-516.5787942906617 194.93988672341732;-425.6337240331828 492.6367702206566;458.49637152239745 -593.5294587620813;646.7593015117023 378.7613017926748;5.617453127047476 494.6848628852317;-202.4362735693654 722.1628463227618;291.2625203453167 -280.6122326399381;-698.1246941995489 -171.14541217051115;-507.28469359073756 -520.1631508847374;80.32714350560144 -677.1952570105865
750,12,22,GNNLXSSA,3133.6657022400177,165415.18309776,11.114939638966666,,2210,2238,9000,5590,100,0.0,1,-10.758673113104546 -483.74484995995084;-748.7455570189649 24.03165214087993;74.48160934680459 746.2924961897378;275.4226336747483 126.04318997922475;608.6812261205656 -438.1862217920194;-403.26598123282076 120.35596197874816;-591.291402053631 440.71275888678605;413.28188439337083 401.46800408154917;-572.1510714159559 -484.91511581918957;729.8014194528663 172.88692305834294;-173.7267750667931 -222.39183394978085;-368.39440104394595 653.2882711938676
750,12,23,GNNLXSSA,3153.1341512595827,165395.71464874042,11.114939638966666,,2194,2238,9000,5590,100,0.0,1,-489.1833978991752 60.93098868750843;-169.9960707775071 -550.9559723067063;393.50439896424393 386.5780485086951;656.4348226053644 -362.75545143807744;-369.65521930801924 389.4955522846199;669.2197214260759 221.5463590632652;-670.2743976196379 -336.41135068030076;-25.685492770683478 -75.10209668473719;-230.86913510435295 677.8710726398804;393.043855069832 -638.7321939152392;-672.3243994654491 332.3801884579691;135.85068537833652 623.2952934321245
750,12,24,GNNLXSSA,3952.201776703063,164596.64702329694,11.114939638966666,,2192,2238,9000,5590,100,0.0,1,-664.256098775894 168.8981546164785;158.78257322648378 257.3724790723264;-258.2723059761789 -704.1274145818688;32.14983932784163 623.7408155108564;104.9857706231479 -672.6427630028114;-413.68104963363186 -115.8784439170791;-313.55126438833383 195.28362624654142;-69.55217639970097 -222.7545953307077;749.3225028427438 31.87140934264132;611.3630202951563 -374.7896903508013;446.9350968930219 -55.668311988637456;-299.31979242349416 687.6828206837483
750,12,25,GNNLXSSA,3044.7581611693895,165504.09063883062,11.114939638966666,,2200,2238,9000,5590,100,0.0,1,-679.5872463450074 -317.0631482826428;177.64738209113068 -163.39405827239196;-321.0002598359819 287.7690797974475;180.31689819709655 728.0010704343683;683.9050254803564 -155.11782850448705;35.710893330280584 283.7860257123709;430.0278234528524 -614.4721890015873;-115.4449065983617 -460.93735866107636;-127.54268593102226 739.0756646604747;699.5027192203243 270.5472068479231;-667.4375215617487 342.0920273713751;-348.03462559602514 -664.3580813482561
750,12,26,GNNLXSSA,3205.019259794528,165343.82954020548,11.114939638966666,,2206,2238,9000,5590,100,0.0,1,-248.69082475123378 175.0395452026633;-46.07959930505647 -410.07306933086903;-81.77465044124698 643.4076571727859;-746.1466908543615 74.78291949978446;-374.17230246511286 546.6197527583516;582.8757320608764 -471.9693018644484;249.87173478756554 329.7655127485332;580.3026894861765 412.56422943642997;-626.3936266569807 -208.98318990607464;-240.8144260662119 -710.2875559929239;738.4908272525115 -130.88423272826876;-482.03449631017475 -512.7416856369164
750,12,27,GNNLXSSA,2511.5789261807513,166037.26987381926,11.114939638966666,,2188,2238,9000,5590,100,0.0,1,592.5412532790407 347.69811384767615;423.56246961920385 -249.44158661161413;-322.4045102202087 -241.51157821893548;-473.72220693652264 172.81857452182473;-32.5597074390314 301.58139534677065;-37.415133261575875 -534.4028932189092;135.6246410468619 23.32808769067389;748.3292192379919 -50.00877136096139;423.6133600504036 618.9110832864651;-507.01362041810523 -488.05465227013553;-311.11244878158084 682.4285124401254;-749.4637685487462 -28.302938343259775
750,12,28,GNNLXSSA,3105.2407253122947,165443.6080746877,11.114939638966666,,2201,2238,9000,5590,100,0.0,1,-209.1115063919806 -646.5093099471234;508.731406495244 -550.4451322707147;-56.7149232909462 -235.87695962718036;-474.3049937778852 405.0989277158605;141.18425245792082 736.4150951281352;-709.3934616664549 -210.64122991852932;708.8993395947895 197.3062767341529;130.67023070978766 66.39699638847355;-57.07093057002555 324.48403399401445;135.10395024061543 -710.6732739591763;371.26535762606875 -245.5879837304731;-505.17965820231177 -554.2839244566267
750,12,29,GNNLXSSA,2619.5083601360966,165929.3404398639,11.114939638966666,,2196,2238,9000,5590,100,0.0,1,-410.3091473448621 -623.7434800523462;-254.45001857462526 -88.89418256551886;748.6695641105725 -44.60156220416502;126.08949263400152 701.5192623197187;394.0046650807538 -612.9536530449996;-675.5208937417683 306.93048215228487;114.081345090334 -96.02847095581923;-675.387307178145 -326.1165210513782;84.35162252259765 -738.2051550018418;-249.5401232086592 707.269203987426;625.617187539752 -409.92643753357316;347.2688363162418 483.5481718064893
750,12,30,GNNLXSSA,3193.764949168137,165355.08385083187,11.114939638966666,,2201,2238,9000,5590,100,0.0,1,-28.162911534298484 460.1694148448526;-2.2056614818687623 -233.87272443750282;-577.465308427564 -64.27597991537444;414.9836187510956 573.8988605236322;747.7637263936929 5.542713790806159;-358.576638035327 -644.0630453420749;-720.2582725601903 209.1124597163222;419.0208076173294 -196.02731256988255;130.3531800951994 738.4726391244272;165.61464562144522 -666.2196891596049;-163.05829943222878 101.16621417314224;-421.9995782659252 619.7913874866767
1000,12,1,GNNLXSSA,1964.4949138440425,166584.35388615596,11.187103854466667,,2205,2238,9000,5590,100,0.0,1,-991.3116275287814 131.53424316974815;525.1842661076296 850.9885349597786;196.22087247521176 980.5597224060688;19.8990535382718 686.739244711058;-240.19875675364838 -399.32495689796474;92.95733958675665 -995.6700924588185;213.98854440083872 54.61359487402707;-831.6789946993453 -312.11956096139687;-622.4871565047309 -79.08194866328351;530.9361647920429 -440.80093782486824;781.8644949106053 623.448403316733;-597.2314769720467 534.1578989430013
1000,12,2,GNNLXSSA,1326.113067810249,167222.73573218976,11.187103854466667,,2191,2238,9000,5590,100,0.0,1,152.3175014288035 -988.3316137605265;-661.9178550674887 749.5760938466107;760.1972045766252 -649.4462266991485;110.50154457424968 533.4783203542997;-674.6972332433033 -738.0946033225223;-364.13903849106606 -404.508027796084;-362.9574202014461 516.8712102003539;-972.8062325710457 231.62028205743334;266.294902754207 963.6450083756179;-225.3553908899658 974.2766279639632;966.4445936093996 -255.3843930880812;738.9817870605281 601.5496566133924
1000,12,3,GNNLXSSA,1883.354147294216,166665.4946527058,11.187103854466667,,2195,2238,9000,5590,100,0.0,1,-501.74294382927764 -823.2217564162033;811.0742775779269 132.48815338254656;657.1166912996808 -342.88880702922614;126.32994242401085 916.0031085147906;-812.0434211380045 -427.2572528181458;361.17388082363095 123.66931060829884;101.78412287597901 -959.3785707372505;-215.54136812594655 910.4907862491946;-453.3457722888279 -64.64204810285;-982.6297010009188 185.57712873855127;100.7539638891147 -230.1386454430193;-821.8872052885908 569.6502626901084
1000,12,4,GNNLXSSA,1679.5082579792652,166869.34054202074,11.187103854466667,,2199,2238,9000,5590,100,0.0,1,-443.07087321675533 896.4865873547367;-127.35009211475528 -186.6179585635677;208.1621203614259 319.0196617574366;-340.4369046306912 -922.03257139084;116.19928322829725 -856.9158822054325;-773.0789423963371 634.3098208473214;-999.9118978797667 -13.273902157349298;542.7428292637392 -61.50291309935642;523.892690630677 851.7842735715128;-480.72932384663915 -489.3847930816164;968.9967184329056 247.07359160027616;786.5579458687058 -505.0765502674186
1000,12,5,GNNLXSSA,1351.249438548286,167197.59936145172,11.187103854466667,,2201,2238,9000,5590,100,0.0,1,-493.88894701851933 869.5249898725959;627.8205324581783 778.3581303127304;611.777979668775 98.22876306015965;-264.6911704834276 129.13979903868727;575.1910602535255 -689.508107124729;-490.7150715654458 -730.8902483708883;-924.4705468554865 176.31581405790934;373.33138425763343 -344.1383727113206;-711.294624555014 -173.37348665768803;-19.583463212334895 999.8082255955944;976.040156551516 217.5904703770183;44.61380722723622 -840.7323594357962
1000,12,6,GNNLXSSA,1490.4428611799667,167058.40593882004,11.187103854466667,,2193,2238,9000,5590,100,0.0,1,392.5087281733397 -785.4395691076066;-285.34604459026644 922.9009347771153;-996.1791606073677 -87.33315505350795;-568.0945798334778 -671.9463937430306;701.2483970665047 -693.2286233291586;-843.9961815560046 415.1582971923442;758.2122203676979 482.87189851469077;-124.6629630655191 390.14544294931784;-570.2748002480715 129.99795456497242;115.98678601001485 -315.78151352503926;374.4128575934774 732.7891556355758;-213.23731752557794 -875.543124096295
1000,12,7,GNNLXSSA,2199.036903937318,166349.8118960627,11.187103854466667,,2195,2238,9000,5590,100,0.0,1,346.9927503889141 -407.8085581307617;-833.1608322822541 -85.18363778967587;624.8852895653938 780.7165778211538;973.5629231429934 -228.41898931846646;-235.09348455196124 868.4998345407577;843.4755550552311 97.8101133786258;-636.816503476849 694.8218699481783;158.41348270317366 -787.8267318075775;-267.67661812905874 -29.071385581487824;-620.9549614567316 -583.0714207668483;840.2811889701716 -542.1508309159683;396.13466174450036 574.3534764228658
1000,12,8,GNNLXSSA,1743.5762280808995,166805.2725719191,11.187103854466667,,2191,2238,9000,5590,100,0.0,1,132.76077471806036 -991.0704628880471;401.6281821255393 835.3827008007247;-939.9209942830697 341.31315753337134;-485.90565147957835 86.07074169589447;731.4347203729138 442.3010169467753;-234.2872074615553 972.1564245089825;730.488016518485 -408.095446825543;-243.67199445978036 -690.3361062086067;-227.5579148053869 -116.52002928092222;103.94060524216779 756.3271911275085;983.7795661951728 -166.0965203726784;-722.9242014823501 690.9126683039624
1000,12,9,GNNLXSSA,2308.6510365075374,166240.19776349247,11.187103854466667,,2202,2238,9000,5590,100,0.0,1,-501.62614514942453 -200.93883896240123;900.7481110980033 -241.96492575713825;-669.8150504590913 -742.5279780442519;-312.52791166876943 280.59772144713946;-120.03980058904713 992.7690800355044;194.71859017056434 -304.4778818604741;543.9456242044292 88.85938151199241;-784.0966031628526 620.6387974566818;-476.0072213862714 582.6459353352951;386.1366218027755 -657.8044792616122;526.2097496396616 850.3548079385243;-41.6614301401255 -944.7374765608718
1000,12,10,GNNLXSSA,1887.6476384878042,166661.2011615122,11.187103854466667,,2191,2238,9000,5590,100,0.0,1,103.41648491374075 -109.94772010751635;378.916165244639 -389.99218778065034;-58.127772069033526 -611.5350200825499;-715.0168681765249 -699.1072008090275;-540.7339588891225 -197.47437514389182;630.5749553574934 -776.1283003709195;621.0005695690433 568.4088448803624;-236.82429573337254 -145.9574236289606;-249.4061488850658 -968.3987335397194;926.9359402842854 375.21961916894423;319.4464758324106 946.61570040879;924.4333601346677 -381.34362807070437
1000,12,11,GNNLXSSA,1718.0410446478345,166830.80775535217,11.187103854466667,,2200,2238,9000,5590,100,0.0,1,-164.51238751695973 -611.4421082010139;265.2319456509866 530.3993414563723;601.5003648305576 338.18776414509244;316.15854599861507 -637.2267526367551;607.789621557083 -794.0980896133032;924.3569928018117 381.5287012249424;-393.8517299860127 -194.85288464951915;-638.965288661491 769.2355685261424;922.1732015544903 -386.77717918039224;-100.67763928514564 757.9091765127607;-388.185361586713 311.47656703778597;-988.5897964144492 145.56864203303337
1000,12,12,GNNLXSSA,1465.3203926990973,167083.5284073009,11.187103854466667,,2195,2238,9000,5590,100,0.0,1,766.6352496904775 -608.6174657600042;463.93959074186375 865.0250267863323;-917.8890191205036 -109.54040761754396;153.9574948397445 96.94025473994347;978.4960103765108 -204.4328436856877;-698.2255110758047 -481.53261711046287;-669.616434699122 338.08993387765946;164.2312107288668 -952.6669442210841;-216.29336990816535 -99.12590016930392;460.59734553548196 -781.0374965648109;778.779299150029 366.89611257114893;-209.16183090351126 963.7914242953964
1000,12,13,GNNLXSSA,2928.2418338317657,165620.60696616824,11.187103854466667,,2200,2238,9000,5590,100,0.0,1,975.0469586717873 221.8523641515567;-87.3786583036251 -431.1313373401965;79.6035219906089 -938.1332975484082;298.3866805024153 49.73019507372997;-271.4578405929133 176.76276059064418;792.3599801175386 571.3856338765745;-646.5658953955534 270.1492507845499;202.45127032180832 -611.1857070330277;307.60102936038817 869.869960863772;663.698406095195 208.97490833671608;442.9206601032288 -382.4004095497936;-255.6157895026299 -894.405080972438
1000,12,14,GNNLXSSA,1769.3214087454253,166779.52739125458,11.187103854466667,,2195,2238,9000,5590,100,0.0,1,-81.70035734560103 921.9645688199319;704.0886175749051 710.1121169234186;-120.84671242358428 -710.8248916764286;694.9225470311897 199.61539354265267;680.5705536592992 -480.36936763869045;325.0442171998636 -418.3857919145719;351.4021644766044 922.0490213768738;-496.77947392835637 282.81915337698945;905.365321281553 424.5576203230728;-925.4764009256288 -310.96976197631835;-486.15418498125695 -708.7198011312929;-905.3545525026426 388.53232977179454
1000,12,15,GNNLXSSA,1492.6296465526102,167056.2191534474,11.187103854466667,,2190,2238,9000,5590,100,0.0,1,792.8812239653382 609.3762044626816;68.70767385847999 -403.6002868132071;785.8894371710614 -618.3670320125742;-905.2579091103163 -101.07416311768492;-469.56737140322673 -409.3800420618372;-302.99293010151 868.9003511174991;-278.35075009889766 -960.4794512769209;397.5285744271934 -917.589776481163;987.0364424664633 160.49629666490148;-664.4464241754339 -733.7322216042126;397.3355896216402 -154.16227692085928;407.939320597653 913.0090131103401
1000,12,16,GNNLXSSA,1362.735208044498,167186.1135919555,11.187103854466667,,2206,2238,9000,5590,100,0.0,1,-506.4092994710026 -738.513746463067;-944.7549253909515 -277.92438212219895;796.5791399238443 104.53029207414826;248.87973264671078 -537.7880750672352;524.4182881093529 -846.7726678758703;-501.4943076609042 525.870269358541;-731.2142446230088 14.060965702739422;975.4841777219084 -220.069577666274;525.7959069362838 395.67668964772446;-249.52305429861872 -246.88085292220637;-216.6666427024173 794.0363741142576;201.21558489255165 758.0418583518847
1000,12,17,GNNLXSSA,1358.254560934205,167190.5942390658,11.187103854466667,,2193,2238,9000,5590,100,0.0,1,-615.5561812973646 -475.8097624562018;-986.4368690357097 164.1411082179781;336.4124885982622 -902.7502032023837;-217.93287111001564 218.07563519848296;-234.23908109708358 -693.4179027324692;604.342327929243 796.7247646917116;323.0546445366031 335.2517761505529;-418.3177265865037 -159.73121158314046;895.2047511033538 -391.8421856498988;889.1723298082928 457.57247284260063;582.2876877120941 -210.5217977119117;-627.4597509210805 609.1580651480325
1000,12,18,GNNLXSSA,1462.7836662922928,167086.0651337077,11.187103854466667,,2205,2238,9000,5590,100,0.0,1,614.5699598257108 282.2751411112323;-431.8405273780718 -705.9779499535248;7.261591966292881 -849.7925405540116;289.0965335268748 595.240137581748;803.0272303297418 595.9420867054391;-209.00589971414112 -111.21000379239963;828.3446342332848 -360.5606382501695;600.1293052496472 -799.9030047328087;-898.192931431712 165.8807069770213;-466.10901045517187 785.9824298332389;-740.2170453890536 -105.79172373363576;995.5725550369696 -93.99621086597143
1000,12,19,GNNLXSSA,2025.497588429338,166523.35121157067,11.187103854466667,,2197,2238,9000,5590,100,0.0,1,22.122094519406687 -590.4914411299787;573.7488332023436 -340.5544829573103;-987.0427949052512 -160.45722490941364;-647.5450474790686 740.0358449518045;-429.9265188446617 -104.38928940531534;-191.8966645146931 -977.7870626563696;785.1134487455406 619.3519779567054;849.4262346370161 -505.2167085522645;941.0859682411523 338.1674147217804;276.9096124025366 -960.8959707268405;313.2626857464033 501.12122213315024;-848.7830860347469 498.01560636334455
1000,12,20,GNNLXSSA,1841.3772220155515,166707.47157798446,11.187103854466667,,2198,2238,9000,5590,100,0.0,1,654.2432258407574 211.03358090360595;-604.3733040850259 707.4436822238413;992.8499415005579 119.36914870408884;-362.99911933039584 -46.09281016392287;864.0601813015471 -503.3885210144719;98.59397984441688 735.7061008987229;263.4536121901699 -964.6720656388634;-62.38287745802253 -964.3457939471622;-611.4763062275722 -515.6315698057706;-149.11315786488288 964.225918644972;-863.1875026037645 222.7258393515898;475.05878032697433 829.9790994959184
1000,12,21,GNNLXSSA,2058.8709983795707,166489.97780162044,11.187103854466667,,2198,2238,9000,5590,100,0.0,1,144.61770073903688 497.0383667093944;-587.819079682236 800.7767921014552;784.2085453684406 -20.266040247807585;-993.371265353825 114.95011600403171;120.31669778124504 -599.3698905368452;-166.02107683270842 -126.60559403920979;486.40206502808076 -98.91242689155877;-357.0026705284369 -564.4155637458286;478.1614149131549 878.2719745547217;770.7478425187227 -637.1403010740523;-845.9893153333096 -304.9915799536015;955.8835964182103 293.7457235409357
1000,12,22,GNNLXSSA,1455.196215947246,167093.65258405276,11.187103854466667,,2198,2238,9000,5590,100,0.0,1,691.681058883484 377.7882611564762;221.65167544688367 -548.6071204655655;-317.44926712025085 163.45671940987066;-689.1708448225579 122.06606031945729;958.6230591260328 -235.66395214905654;-710.8999998772331 -703.2902467363331;91.02585268566784 -991.9068771007903;686.3967323538141 -676.3387376173648;-995.7874774811575 91.6729208311775;224.54510552727697 480.64527130692875;419.3618061458699 91.48666843485313;-305.0266634252945 951.8959178843918
1000,12,23,GNNLXSSA,2221.782636968448,166327.06616303156,11.187103854466667,,2201,2238,9000,5590,100,0.0,1,431.8147186604377 183.14970032979724;-925.3090351333225 -379.20261923450437;91.52045253078452 785.7793124811894;-713.8684493092726 -155.10464463290035;-378.9843281283682 -896.5585281705097;-83.53896937272066 -120.54457943262969;-448.8884068879338 592.177620102255;799.52730802641 62.22791104387557;-521.7584315141746 -481.1023101304541;-921.1622933694113 196.14180657625795;388.03292618232246 -918.897197350972;628.9586382540247 -225.89661711958033
1000,12,24,GNNLXSSA,1895.43897662175,166653.40982337826,11.187103854466667,,2191,2238,9000,5590,100,0.0,1,-60.80486726372429 636.7002223127845;-262.25672231526414 -570.4619114419097;-620.2848879015864 327.50135782582095;999.295175843048 37.53866722210166;280.21097929641996 60.03841068749665;-245.53534969842454 969.3876376602253;842.5112934854543 499.6269473822776;-746.3008888059566 664.3536985683826;-682.5981942691152 -602.902082008108;438.18125184387986 350.1330791827218;-923.818194007712 379.7654307276252;639.4215943945628 -135.13933552393635
1000,12,25,GNNLXSSA,1815.869367039646,166732.97943296036,11.187103854466667,,2201,2238,9000,5590,100,0.0,1,925.9802354215813 222.73069830614534;703.2273898028355 -710.9650049271698;694.5179725968628 452.51098673033533;-127.3274468895318 -406.9494373465536;-116.4936101114363 459.1344398008607;313.4911787431814 -382.061248356213;917.0874170465943 -398.6861792121792;-607.3039911709952 494.6054758559231;-681.4365155941065 -618.5904954374145;-370.7145564398315 -67.68888185811419;-878.9917085866956 -40.07913068078408;-386.8761175617927 734.7058322131913
1000,12,26,GNNLXSSA,1382.7650497144205,167166.0837502856,11.187103854466667,,2191,2238,9000,5590,100,0.0,1,153.91119358015368 988.0844806372221;714.038951358846 -700.1046811901725;-950.7219889093526 -213.35855381317901;-736.844806045996 -649.8805000672779;715.4432693586699 698.6706277074377;-734.5704389785751 369.4977236034757;970.6348516843168 240.5558776253712;-6.411495996346255 663.7674300827733;435.8568094967987 215.2913636867694;961.9262199362988 -273.3063272125305;-177.52859648154183 984.1148126866964;-454.33931521954116 -189.01562503605777
1000,12,27,GNNLXSSA,2011.2383447140455,166537.61045528596,11.187103854466667,,2205,2238,9000,5590,100,0.0,1,836.8642908401291 179.42359022994074;-845.079434702585 261.92124662838387;319.50384429541646 -947.5832222197519;-12.717201164286525 -370.24929014469353;534.935979288816 774.6451551809535;-481.4379619059738 876.4773740246328;-436.22359708737986 -490.6693720229917;-8.973029494007106 401.32900730360177;-6.052832795547967 989.793863490034;-187.97407541333132 -982.1735570625422;-985.4003458626551 -170.23855878834758;583.7585134892283 -745.1674229981925
1000,12,28,GNNLXSSA,1612.230857934337,166936.61794206567,11.187103854466667,,2202,2238,9000,5590,100,0.0,1,-236.91092978649615 172.7595756768036;262.65560229160735 469.20317266206536;-460.5021076681689 -51.452101266844004;-747.363070145703 -664.4158647883033;-995.8269994811603 91.26109304818237;889.1579364780384 457.6004414312954;-700.4448680792837 713.70651305799;724.5055094277635 -51.24711288069005;-32.65273235724255 -511.841185246955;-219.3529339453333 975.6455762056087;236.2717988559246 -671.6047810775;883.0161774150401 -318.59298880250316
1000,12,29,GNNLXSSA,1679.5973504241847,166869.25144957582,11.187103854466667,,2188,2238,9000,5590,100,0.0,1,-262.5858614356622 -685.5127014490231;186.8133887986475 -32.171052375967896;978.4936720263838 141.1139971943238;-821.7137420337876 189.42139502844714;462.2689241458602 -652.5559477786821;828.7810119289595 -446.4475841222614;-571.3599365640955 -225.5523770940165;-323.3539216047885 915.2978168491945;-826.2356650432897 -461.45989161478656;-994.9558971096072 -100.0867292107203;-571.7248428543019 444.4380780885899;825.0345017861159 565.052962177793
1000,12,30,GNNLXSSA,2019.4178483645373,166529.43095163547,11.187103854466667,,2201,2238,9000,5590,100,0.0,1,326.6859877514586 -53.668463660997084;-143.62654520284863 4.947082351839164;997.3936593886804 -72.15184135735488;634.3727796240506 -39.78180318584236;-968.6499248729156 -248.42971449425085;351.34474967589625 616.8037389207784;636.1475156239442 771.5674554862222;-597.664839785285 -263.0870164460064;101.11299805250489 -618.178549882904;-590.9457950909948 801.9057864773964;-959.732677503951 199.96364540487545;61.112281609437105 837.0980479142314
750,11,1,GNNLXSSA,1670.525512783468,152832.58588721653,9.311620057833329,,2141,2174,9000,5590,100,0.0,1,590.1713313649752 422.1753273918666;320.08942483804515 141.86061643146564;96.45933127643028 -658.4789418246485;-748.2828064566804 50.7231856384645;580.847346889382 -391.00390360828254;-611.7871599654414 -402.84742254727337;-118.93552191759191 54.46447435465555;-377.9545542234128 -647.8042566561147;-375.24099381759 257.51562394172174;136.7552438263255 584.5903621763664;737.8452384968562 -1.8395707283227622
750,11,2,GNNLXSSA,1898.6514264834695,152604.45997351652,9.311620057833329,,2138,2174,9000,5590,100,0.0,1,-26.82254249769919 749.5202140129104;67.9815824306552 -587.1725946286666;-723.3470042854498 -198.16435449208686;-505.63387430783 367.8276627681125;-533.8217075179953 -526.8153230331972;426.497794636984 -493.41165827014316;269.9997701919294 -199.99194477673322;472.6301950244284 526.2885620776156;-289.3412172411353 -283.2001142386556;108.04976063992775 301.54066261593755;701.7021325885976 48.42677843085365
750,11,3,GNNLXSSA,1815.5626431545243,152687.54875684547,9.311620057833329,,2136,2174,9000,5590,100,0.0,1,683.272988888186 309.25397759091936;104.83898662091413 709.6519070851068;-157.58335858498342 -517.0471135311934;-313.7870099710296 -123.91366861231309;497.8283070577574 -384.836253925691;236.03514199672128 307.0484360824298;-143.4218698353403 524.9292836278177;180.1059864110032 -576.6156216105379;-746.1070108842883 -76.31728709350465;-513.5467540525469 544.9225262253351;-517.2130255892899 -519.8690983654154
750,11,4,GNNLXSSA,2385.79493478284,152117.31646521715,9.311620057833329,,2127,2174,9000,5590,100,0.0,1,-371.8126231655874 -257.2497563879857;3.022644849381267 391.8828305121519;248.91827537533533 625.8034656593802;-551.5007341255704 403.4096378436407;-542.5930575057654 -517.7696159438641;538.0816342184633 230.33502287660818;100.43662764517028 -743.0343679533993;522.9605850754389 -529.1703550927998;737.708402418782 -54.28841169838434;-734.973539336972 -149.37428051562978;-46.57280475200949 -460.73514099233455
750,11,5,GNNLXSSA,1886.9253689953475,152616.18603100465,9.311620057833329,,2130,2174,9000,5590,100,0.0,1,-461.10721661030647 -298.3056841810621;-629.402832543062 289.31733887665547;-749.8440186295927 -14.726877577475333;-281.2914436286219 319.18403241524993;-100.38787340444381 21.32251232826961;740.0106076197837 -121.68115391293297;-317.09826400462043 -679.6255060585883;107.71973825126618 433.7006073501586;428.0859974772061 -615.7317588517055;268.15849870111106 -73.972441477196;115.06858667199593 -623.6907956935829
750,11,6,GNNLXSSA,2567.1941005718545,151935.91729942814,9.311620057833329,,2134,2174,9000,5590,100,0.0,1,-110.51756648077136 -257.58138645297356;129.009937926731 135.0324866084995;-106.88784710379223 372.95498679680617;-519.2365106069044 359.32360390161807;-264.0136247152528 -700.9596189649584;133.08330403735954 -675.7911979469612;318.89060190952534 499.89786996529375;557.570564554494 -381.9458595098011;272.2001885311051 -251.93473658558082;725.9100063583442 137.67561210199474;-515.6812434349521 -449.22198968962
750,11,7,GNNLXSSA,2555.803751326457,151947.30764867354,9.311620057833329,,2133,2174,9000,5590,100,0.0,1,355.06929322031044 -380.3863642690689;-473.56102538304737 -243.54712793297676;-461.1943811591063 435.8271680933966;689.4773337591494 295.16267757352824;-114.40157043412148 -127.85028193538336;-743.2249730931117 -94.73396810689252;200.38256124608324 -689.4674213672685;568.336331690835 -75.0903884308656;196.3948287514294 192.95985445501873;-287.5861900441219 127.33790332323453;87.93981166822724 491.5386015061119
750,11,8,GNNLXSSA,2041.0236470479285,152462.08775295207,9.311620057833329,,2141,2174,9000,5590,100,0.0,1,284.74535171947525 -693.8432368761634;311.43119559047307 188.4009375380482;492.38758428635526 563.629978248033;-623.3840015012635 272.13403890726397;-257.77165366407934 -97.85653986842392;-247.79812390557217 701.3802962708933;539.6049869899075 -520.8854674064331;746.0418486664181 76.93111293670661;-407.508864937184 -518.1223597405613;-43.412704692026814 140.3215393781984;-738.1196973795468 -126.59447779851465
750,11,9,GNNLXSSA,2541.211029226426,151961.90037077357,9.311620057833329,,2133,2174,9000,5590,100,0.0,1,23.21401608553454 671.9446693631752;-510.468206051661 -549.4744858593518;48.250796254163305 -647.1798360232835;595.2334553267375 -65.89941148681832;381.59444731222544 645.6668473605232;-490.5176135014164 312.23439054847177;-134.18192700031028 118.09293451105259;-749.2699080851638 33.084812800589994;376.95682534690764 153.26816095307422;-284.9545060836129 692.022966008435;717.4963226944033 218.40106895344786
750,11,10,GNNLXSSA,2172.6123440380616,152330.49905596193,9.311620057833329,,2130,2174,9000,5590,100,0.0,1,489.7211621238012 462.00270682657265;-170.46711531069337 -184.29330184033245;210.4390312311355 -266.42603782395247;-9.646463820971057 -676.3918591547589;709.7804762571867 242.2824452357443;484.9490838376671 -571.8656865214725;-4.64100378524148 413.3146776900127;-536.7823025372289 -97.06195884468039;-372.96891345667825 193.89613696196153;-379.75837427419907 -560.6023625158616;-367.06950758099106 632.422712401118
750,11,11,GNNLXSSA,1922.9845850633283,152580.12681493667,9.311620057833329,,2121,2174,9000,5590,100,0.0,1,-291.07433782902604 0.7189049912026881;674.5592005905002 327.82599789935097;651.3384843842845 -371.83084697209193;293.7271141157209 690.0901263119551;-472.69318465591317 -556.3013492051884;-6.2609674906315425 -435.00831907829325;-705.5426864962627 254.38065479048575;476.3382630181404 -15.66150526293738;-277.3111206501943 674.4706926469283;-0.35639123714275533 254.57458885876358;303.428060256392 -511.99127192453216
750,11,12,GNNLXSSA,1985.9905450733495,152517.12085492664,9.311620057833329,,2143,2174,9000,5590,100,0.0,1,178.61903516825734 728.4196869082829;396.1551162234816 -33.80932665627812;-237.64033011620634 -1.0660813862522107;549.9575162932504 -509.947772102751;243.77122194679785 -600.9274498346423;-584.8234125122153 469.554657284503;-128.22570241450697 300.7012402468201;-259.5943057604426 -703.641099152653;-736.532527645353 141.49146871930967;729.2607012661715 175.15373130131056;562.773312991056 495.76829082250805
750,11,13,GNNLXSSA,2780.105977963336,151723.00542203666,9.311620057833329,,2138,2174,9000,5590,100,0.0,1,-85.36449942906545 -743.3645491622018;-508.0649908453396 204.34538672898566;435.5134146818325 427.7232659354607;749.9959062428318 -2.478027238240819;-326.2652906918017 -496.7118616816949;205.4899666548744 -296.7937543113472;-665.4322891084236 -345.9766879602199;18.88056992055762 84.09507861715181;-107.06227770681144 514.2623265091669;352.2529493040336 -662.1313009566984;273.79595581907415 698.2376204252529
750,11,14,GNNLXSSA,1901.8381927097216,152601.27320729027,9.311620057833329,,2140,2174,9000,5590,100,0.0,1,-20.994288625215898 -702.6848143640146;-247.6089755827423 181.70628280932758;-739.3577170671299 69.00826492309719;-569.9953283181981 459.8084090485686;-378.1666798460759 -249.3650919044526;390.44669191984957 -209.18945673443392;220.20845554131276 199.43556592548785;-559.2577784262254 -499.25730854936893;692.6757198770996 108.28374922189364;406.357198161687 525.3991389829945;-58.48382089201981 675.6963839381575
750,11,15,GNNLXSSA,2118.5751657206274,152384.53623427937,9.311620057833329,,2138,2174,9000,5590,100,0.0,1,572.4271586291187 269.59864354695145;210.2650585042199 95.5303784631429;-223.55139628100082 555.8214677549458;-24.633772262175587 -129.41381029086804;738.6664389880697 -113.10221047093025;-575.6165182028618 -438.3825075006032;-210.06017397690744 -441.3390258223712;-748.007326127221 54.626893071653534;375.2183609570156 551.5203951513569;141.78855347018467 -609.9271714638654;-448.30957484485646 -20.774091502132116
750,11,16,GNNLXSSA,2798.301299895742,151704.81010010425,9.311620057833329,,2134,2174,9000,5590,100,0.0,1,174.32170399799583 729.4600355847023;-142.49173059384455 736.3396680285337;-542.1532065011502 -518.2373015140083;150.11775899913505 -484.1896134259331;701.0784813922721 266.43754038931064;-605.1102132937463 443.1045359366081;392.6253670222464 -75.4812526173579;-748.9124256246064 -40.37547207239;539.7526012770315 -520.7371020147092;-21.732895504820505 328.7465936861442;-115.79955841916592 -741.006384770014
750,11,17,GNNLXSSA,1865.539934901055,152637.57146509894,9.311620057833329,,2128,2174,9000,5590,100,0.0,1,237.9398293916309 -511.41926525281286;-232.73173720462103 -619.3341914582809;243.868672842678 709.241645738099;748.0336095791561 -54.24743142074486;-211.83451888517766 719.4623941587811;-543.4192740517602 -516.9075503715453;-231.70654364712502 164.21075711798937;419.58643849520615 139.488420544293;557.6422433184002 501.52350962851335;-544.1389204589732 430.82784523425835;-748.7162075000949 -43.81962567535757
750,11,18,GNNLXSSA,1847.6734788882604,152655.43792111173,9.311620057833329,,2135,2174,9000,5590,100,0.0,1,44.285262773248526 173.61067724106536;-552.5871993866567 -485.7659759117788;-304.89691405792246 685.2283355188662;516.9411769251725 -381.0773574156348;-528.7735964148603 323.7418247640262;-311.01375404659717 -238.3181985862372;-719.923422684391 -190.51800721233437;52.153903364172436 -665.7446460104574;501.17299762993275 427.6186765590437;643.3446727169345 39.506542160318716;207.37233362668434 720.7612054253635
750,11,19,GNNLXSSA,2330.700139015855,152172.41126098414,9.311620057833329,,2141,2174,9000,5590,100,0.0,1,-413.5358826574977 -396.3979700240119;19.61013310365708 272.6266332042351;-593.9427733349168 219.33568939321012;-738.2377183128714 -132.30673172671703;340.6830026623753 -586.0693859744839;354.7452866405338 264.7580244732438;-226.68034861636758 -60.718754554837396;617.759464802013 425.2919510730605;623.4586736717852 -416.89241084891245;19.81852121270861 -582.665791186605;32.09758140049253 720.9150737588711
750,11,20,GNNLXSSA,1984.738770911441,152518.37262908855,9.311620057833329,,2137,2174,9000,5590,100,0.0,1,-32.47423435254783 -570.5561555858895;9.810070060663524 440.0175589839072;-207.8779275674365 -240.16162365333787;-369.41285587831874 79.26733641909256;-717.8016003698403 -217.39563589570065;677.2237746705463 -322.28552406364304;398.57817307987057 341.2929785482654;249.94217262074605 48.004403589539486;563.5159400829792 -27.332062437472462;266.7994055279062 700.9408514346668;-550.0421509065874 509.8564819888582
750,11,21,GNNLXSSA,1731.1826950276736,152771.92870497232,9.311620057833329,,2139,2174,9000,5590,100,0.0,1,-509.1086651487065 133.07490617697238;570.0796135805009 91.37348277839891;389.4827416207847 628.5178285480354;-263.178133333245 -145.57000626747018;211.40331717219652 92.62005618608461;-521.8406328026396 -538.6857655035454;26.726430837769907 -707.1981296412555;713.7404451979614 -230.37920237863446;406.9045040292787 -630.0227968896735;-719.634200184734 -211.2501311821557;-2.9296011665704995 710.3778161689512
750,11,22,GNNLXSSA,2819.781170328002,151683.330229672,9.311620057833329,,2142,2174,9000,5590,100,0.0,1,-206.89619516801184 476.0732958339232;-50.398406272761015 73.06126808705945;-530.4967346482713 -181.98800790364905;-669.729651249155 134.5641580173032;178.0021699652159 -187.375880847159;310.7720470962387 558.1470835206694;580.775204525613 -386.7699722232955;-49.71156397756955 748.3506934632345;-238.25178186098253 -389.90132029501586;594.5110010205755 294.4121277088745;-505.10130147266693 554.4120085736041
750,11,23,GNNLXSSA,1495.2216624930734,153007.88973750692,9.311620057833329,,2141,2174,9000,5590,100,0.0,1,-26.080389390337714 -569.2721074072869;-729.7235874929181 -173.20859915623276;-66.63034585282563 697.1004103250435;152.88039291173664 31.719375685439193;-251.6559350629728 -157.0661288719254;-557.7347562586606 365.71808711731;-563.919511090639 -462.79313908252084;322.98315893609094 -511.5604451878652;683.2129446999243 -155.79148185542982;528.0987396629407 120.16855245746697;347.58878412242603 457.1002001607079
750,11,24,GNNLXSSA,2103.953514208959,152399.15788579104,9.311620057833329,,2144,2174,9000,5590,100,0.0,1,231.38296237430512 -374.3174954972999;-713.2710754899006 -231.82832628796805;-17.685015722483875 -747.5953959140153;395.4531005805879 116.93759501540013;-520.3211614179436 301.9544233994412;607.3726357227594 -400.1634083522437;-321.903223615347 -67.94914710872565;-550.2169586667143 -509.66776901777655;-37.00067318014371 736.5669700675145;-326.6209681238313 609.78523354789;397.6820980767642 -635.8843225131907
750,11,25,GNNLXSSA,1911.2003002095444,152591.91109979045,9.311620057833329,,2137,2174,9000,5590,100,0.0,1,255.6446237701596 -431.8306198176773;-230.59831358247092 -713.6696839385293;260.68976492868586 388.50198276293344;416.1872795201916 -106.49188708216252;-438.8278840553743 -95.73647429481517;-636.2384547484684 396.98053596857943;-236.97216824010775 281.7789143127737;-42.04342592259493 -146.67799318761473;736.1813923358072 -142.34162689771108;562.8862686516221 477.99911051230254;-22.032273767303607 749.5676524352666
750,11,26,GNNLXSSA,2559.236186617549,151943.87521338245,9.311620057833329,,2139,2174,9000,5590,100,0.0,1,402.0377237907552 207.3575009453109;233.5573217763291 712.7067962666473;-680.8154025406612 -249.69772773265296;-421.38067424207844 547.8043303752625;238.1740571099313 -711.1772764366106;574.203487335588 -346.8432815861053;-382.98435812836686 -605.038999687564;105.24764635058875 -328.67334665169994;574.4665726577181 482.17025716949274;-122.99784113677856 719.6274544027817;-223.25925483274554 -137.05957578053352
750,11,27,GNNLXSSA,2696.1957846945734,151806.91561530542,9.311620057833329,,2136,2174,9000,5590,100,0.0,1,209.57027771855115 -582.8889428971482;-130.5886997102279 436.72564324078877;-136.1380215493106 -117.94304399689972;638.6345841028992 378.30680820303627;-582.3203130290508 -375.6386186331285;227.5038287684747 15.84613158808876;-338.4813849212197 -632.3016560457994;-582.3053911722097 472.67370501412466;626.8112490026341 -101.82396531693189;-745.8362430051889 -78.9195705760288;256.1349111326855 668.9525360896928
750,11,28,GNNLXSSA,3526.6999418803316,150976.41145811966,9.311620057833329,,2131,2174,9000,5590,100,0.0,1,71.62680751531667 -570.2873258679045;74.99143632889904 148.6108813236406;-636.736419958411 154.97981085484918;671.2553211495215 -216.19137747270557;683.1373211859799 309.5535501376834;92.83703306058689 732.0194029327396;207.0295791293956 -287.90152048665954;-376.33145975951936 -345.00341777880317;353.7618356494859 374.2763566774173;-361.386041377258 344.3241631802417;379.5272636359494 -561.5290587609015
750,11,29,GNNLXSSA,2605.501368742407,151897.6100312576,9.311620057833329,,2128,2174,9000,5590,100,0.0,1,182.27289001747997 -245.01746233676155;-740.6129205304906 118.28990634579654;527.961533652819 -532.6881066655827;-110.55940161857356 524.1411181340486;-277.21493712289697 -351.34428997564834;743.7826477357763 96.37101704951525;180.46523225735197 646.9460472704914;488.41979071952875 558.7860012285472;22.207881608553127 244.1431210737463;334.70807898437346 143.65222552476033;-43.57687787178202 -748.7329668947052
750,11,30,GNNLXSSA,2090.372633692168,152412.73876630783,9.311620057833329,,2125,2174,9000,5590,100,0.0,1,48.363914416240775 502.0622766986756;681.7139384118217 -245.24785265317618;-149.87442370913877 79.10659738325921;-697.699069828166 -275.16541926795935;476.43367175286755 521.2133391023564;491.57248767470173 -566.4419558624742;-550.8142686092662 384.51135562823254;276.17888200505644 -13.844468192186062;35.71587674935323 -619.2162532952941;-337.8052422740692 -293.1619167814472;694.38597848982 283.42214605908123
1000,11,1,GNNLXSSA,1616.28808612586,152886.82331387413,9.180378457366668,,2127,2174,9000,5590,100,0.0,1,451.5703547369541 401.23463822126183;-848.2599387222996 486.686379883082;-394.2656917873601 -917.3504148621564;274.3758507665512 750.5109417333156;-421.4660626294127 182.327690192921;828.6082661307912 -498.97352710359667;350.91148734528906 -867.5296810334956;-572.4003996989965 -466.1099079716179;148.90353359857525 -537.1837294797181;-880.7789327126156 -473.52433959319205;815.7881121839746 390.67857926106916
1000,11,2,GNNLXSSA,1677.1651827644964,152825.9462172355,9.180378457366668,,2135,2174,9000,5590,100,0.0,1,-48.76289757311006 -14.115524978572786;812.1423836901226 324.06129494877945;-854.5334687415547 160.73412738889215;416.30004897656244 -906.8747021455122;-617.2810121206717 409.7671580831742;999.9079587897669 -7.617368661896203;-217.8282902727006 -419.4790514643644;-199.16720067627466 327.89886572137215;-425.1893982898481 -70.5275891179815;691.9079577530723 -7.593008936874071;-51.55656654492758 808.8554526131653
1000,11,3,GNNLXSSA,1168.4730321514362,153334.63836784856,9.180378457366668,,2137,2174,9000,5590,100,0.0,1,603.7135879817654 33.86132505539111;413.8578717552256 -345.8466830148272;908.9989916662139 -416.79831231640844;-41.483307847360535 -132.82491839617902;-486.0756426874417 744.5005414424983;-249.9892268673684 283.89287207099386;-918.2512811667892 344.7934924676765;195.84972221295655 -917.6310654512405;616.089839588846 688.2427323995018;-576.1923362722399 -674.9456762254099;159.61525593290438 547.3878915855323
1000,11,4,GNNLXSSA,944.2113591730595,153558.90004082693,9.180378457366668,,2137,2174,9000,5590,100,0.0,1,20.629858760424362 -244.90884775041124;500.20101571617914 -97.51847435529609;697.3446186481484 -708.5577967726207;-743.6700959077372 240.18466334577934;-944.2512482504061 -329.2257283043806;930.3383234356221 50.06711408492069;-321.0945949375229 -43.042893344027334;291.7290185420006 248.00864874960612;-326.28074807678166 920.3513291319358;-754.1673008762682 -656.6823298132853;254.35802422795032 -967.1101258444425
1000,11,5,GNNLXSSA,1116.5395888061903,153386.5718111938,9.180378457366668,,2128,2174,9000,5590,100,0.0,1,522.1299289908154 -852.8659550316486;473.92054640421384 675.8063167759088;-791.4113335946104 611.2839774262042;-253.6552669247201 -446.33886283630727;711.8968852973975 -208.95430458381313;231.73404894713937 -200.4213074848569;872.1456188660375 269.632306791566;-745.6289233557624 -666.3613949317042;864.524030583284 -502.5914847508191;33.0161937602504 -999.454816862466;-989.5846027797284 143.95247111907148
1000,11,6,GNNLXSSA,1458.2967623066215,153044.81463769337,9.180378457366668,,2121,2174,9000,5590,100,0.0,1,-921.0384619208133 -228.27652371785274;-908.2736743116344 418.3765439797541;-609.3446552410217 625.7686897973638;-619.1284270498711 -386.2183867099508;316.6759400711901 -278.98794535907217;-244.40187107786642 -812.5739960866031;632.2841981480663 -774.7365311977077;932.4222448519779 -269.4780652712342;56.7881735014024 -876.9832988179484;938.6659552969362 344.8278184347805;293.5635090640716 921.5208388585888
1000,11,7,GNNLXSSA,938.0393079051573,153565.07209209484,9.180378457366668,,2144,2174,9000,5590,100,0.0,1,-998.4877595246886 54.974485712623135;629.5288030316897 582.8778721425069;568.3421193411226 -822.7923403768663;-648.4493204524709 761.2578267609001;173.86229020130753 984.3736657764223;259.7326701688955 -965.6805579729436;838.374675527649 220.71439269654337;-286.82180785676485 843.0186453289624;-690.7102127097106 -723.1316630175354;987.615085862346 -156.89627840427258;-90.1459430365401 431.08230534305795
1000,11,8,GNNLXSSA,1293.1782759492344,153209.93312405076,9.180378457366668,,2144,2174,9000,5590,100,0.0,1,318.2078149357421 -701.5449524590038;-940.37960964076 340.12672604764805;-638.391449298511 -200.42489098223047;-311.9200212211318 101.8908322495192;896.6809714623867 77.02953942545278;-782.5902656805957 73.98645402873663;713.062365639411 -223.86272682154222;-307.9314052637362 -897.0761057964164;-319.2999820008884 930.2350653985743;-28.51833658854796 -168.31705521273528;459.36156325345956 633.4785119963775
1000,11,9,GNNLXSSA,1212.1518477455247,153290.95955225447,9.180378457366668,,2133,2174,9000,5590,100,0.0,1,-947.9627026678397 314.39360753810814;-649.7104239977434 -144.0402622387876;626.059797066402 412.97915203143333;641.3722932131195 -767.2298100950875;-49.50741624512126 -924.2015325123398;323.7547013659069 471.9344799635576;-89.74279486757963 895.0208312518419;836.5596254082473 -67.88842364955185;-426.27135652996924 312.5853879032796;-952.0067663550179 -232.09104416923384;180.50323118282913 -27.966874048359372
1000,11,10,GNNLXSSA,1326.6366607470554,153176.47473925294,9.180378457366668,,2139,2174,9000,5590,100,0.0,1,199.28092882561043 -942.4683603823821;563.6403454668617 -739.234539614684;216.9073172120098 168.54324131573102;216.73955718546802 871.1750504021481;-975.0258040359146 -221.67183083950928;-425.28581065348635 319.0533382043849;-537.3242795855236 -843.3757279931039;-185.18879848035863 -467.1925149008606;579.0186387865114 282.293286640448;-834.2818445566779 246.87578962363312;746.4772200608911 -218.5143793892554
1000,11,11,GNNLXSSA,1429.5046385904134,153073.60676140958,9.180378457366668,,2129,2174,9000,5590,100,0.0,1,381.40457383355533 -865.3847058205064;-309.0396020385433 -879.158056953093;-901.3336173767638 30.784140327235157;189.08070581078937 -199.87727989501653;-646.0018152108707 763.3358728268048;769.9864832682615 -234.94863366145546;545.0709527216784 194.39499809715946;-30.35438422851408 592.1092839043888;-378.0068736837898 921.9739119643278;21.8808262930325 -863.3240828578085;786.630164568942 617.4244765072399
1000,11,12,GNNLXSSA,1237.397221848485,153265.7141781515,9.180378457366668,,2135,2174,9000,5590,100,0.0,1,-34.500518488320246 -526.646524240123;-831.8778737488726 190.69320336653135;829.1543117132145 193.9069951285085;985.091575513627 -172.03077588640906;292.9215956925526 508.2355066730475;-569.3427124465558 597.8171379543902;305.3564632617682 -535.3960684761914;-851.3072140868379 -524.6675397274989;127.54268608724863 4.927159667616584;599.5242134496832 -707.4811542799009;-413.8288960628329 257.8440384808162
1000,11,13,GNNLXSSA,1109.6075788923772,153393.50382110762,9.180378457366668,,2139,2174,9000,5590,100,0.0,1,-572.1567135489682 446.9993152896926;456.9484568844094 -598.9069528141487;-245.8567984071556 -581.5139491628432;-254.6808353768461 394.32496766207447;76.89553676234915 -684.9976945791077;-991.4664689048237 -130.36196161994536;996.3255785123449 85.64660881810336;67.55926611251671 997.7152627690618;863.6030134379429 -207.27383177417977;548.67965812588 722.0096309173824;-531.3267821672955 -847.1669555357711
1000,11,14,GNNLXSSA,1682.5705317473912,152820.5408682526,9.180378457366668,,2134,2174,9000,5590,100,0.0,1,270.96989715962366 35.58107801256176;444.8485752609105 673.976001799207;-716.3242645254902 183.90321088453334;-904.4083242188208 -107.67929267359575;-352.79458828391984 657.9486522089202;451.80779695218763 -347.513649819322;81.08716752094786 -363.0504020834337;780.5646364103585 615.9085305381367;659.2383807043628 292.5325171009922;-887.3575841156461 461.07137681447506;-433.3909232192589 -702.0542586018269
1000,11,15,GNNLXSSA,1705.1431856756972,152797.9682143243,9.180378457366668,,2135,2174,9000,5590,100,0.0,1,726.8605323072068 -510.22480571508106;16.57243941706694 549.1443002144376;563.8730226208613 -27.427715701382304;160.7298471765286 -986.9934544858818;-435.78662961564885 -545.7794413840786;-61.59104884309575 -773.3823724990693;173.39308509338773 984.8432694342189;-224.00153354278726 -305.0103735741493;987.9216924069397 -148.19681094624508;-909.6037606282118 -415.4668442277739;-679.1807214396897 -167.39293368931135
1000,11,16,GNNLXSSA,970.3729590302682,153532.73844096973,9.180378457366668,,2131,2174,9000,5590,100,0.0,1,-962.2106420826104 137.1015890801804;270.1353541618541 775.797323222621;-425.2718417476078 905.0656664665815;993.5941666316011 113.00722116596823;-499.22161535418115 -608.3491839601304;310.7263934981219 -920.8070802706516;-35.44219111971205 -235.99584084215562;790.5214436484945 612.43436148856;771.5583962189472 -636.1585032238788;-85.98621706159875 996.2963266395373;-833.8365588222287 552.0114067403897
1000,11,17,GNNLXSSA,1483.9436343867565,153019.16776561324,9.180378457366668,,2139,2174,9000,5590,100,0.0,1,515.6435925927651 -132.53491036309865;-408.5306499096218 -48.083461609191;-567.2008373608232 392.42235260520965;502.7946474975786 -856.678423618279;-778.3516908280728 -627.8285159062784;133.4936179533085 -951.9664071999277;804.9015638133701 -564.2805060253281;-3.3965691426177345 -570.3462847816755;-770.0566101975331 637.9755615155524;922.6646183655572 -131.4244090019376;74.83757531066223 697.5521853327072
1000,11,18,GNNLXSSA,1421.882951952197,153081.2284480478,9.180378457366668,,2131,2174,9000,5590,100,0.0,1,164.79277511792253 -347.39612335187303;-1.7456966884702294 -832.6768496554358;621.2611800200887 240.85578629023075;398.65521605331804 -728.083444205796;169.34938703508917 263.1751659933781;-834.4613520061972 -412.4681707314222;799.5180263887388 600.6419506844002;-555.1863163766535 -831.7260090367034;-993.862572711066 -110.62181775825641;806.2489411234085 -354.5010760975243;-537.8271383148794 421.13757892527224
1000,11,19,GNNLXSSA,1227.0978868940729,153276.01351310592,9.180378457366668,,2141,2174,9000,5590,100,0.0,1,-823.2487520494127 567.6751271318816;-636.961708448752 124.85954569966131;194.65219617243503 725.6315229245345;-232.20478251027836 17.110555643892685;-222.59056016797703 723.1977967155954;-840.7524284509745 -450.98311748425965;232.34109668301292 -737.1643666689229;-503.71399455476256 564.9729825322364;556.0457671692154 -806.4927696269101;956.2230381028601 -292.63646557122297;780.4081262995155 -578.1487546540611
1000,11,20,GNNLXSSA,1465.3477064355975,153037.7636935644,9.180378457366668,,2129,2174,9000,5590,100,0.0,1,-147.55556252724867 31.20526328845756;579.5740806786042 814.9195573831511;-918.8945130335715 366.9587763438915;-923.5453527617493 -332.01381230414336;-220.1865001762432 -975.4577925979869;-137.8580133069467 810.2282996133216;173.5852383330694 984.7164769209435;446.4681869911323 444.11203259325197;198.6975286305701 -442.3214561975267;-665.0750872059522 19.721770038695553;866.8181791130066 332.8753845592955
1000,11,21,GNNLXSSA,1176.763631722919,153326.34776827708,9.180378457366668,,2134,2174,9000,5590,100,0.0,1,256.7099733537204 97.24532242219126;-652.1750038896712 -341.3688018582302;584.8330273510053 273.1455687006089;70.12749752154278 -520.4392152937975;979.3321401612011 181.45673151967054;-308.20669232950496 -950.8705044998025;595.7398386820445 -796.4775671796635;422.8990700662605 -258.48611077718203;-999.8095593119991 19.515253222695176;235.0322756328734 -966.693280845438;-276.79860168321653 736.6478985902323
1000,11,22,GNNLXSSA,1328.7516406427021,153174.3597593573,9.180378457366668,,2129,2174,9000,5590,100,0.0,1,820.2832771543932 477.60240952228236;272.7451407810646 -446.0596137251629;-335.8602935682076 575.1819469750911;-964.1400108230225 -250.2321215877217;819.646817698378 -427.18810768175626;296.9214473298075 954.9019081118081;-748.8268138629292 -470.4737786170319;284.2689877523145 341.05077458990695;-735.316710089311 466.20208563070366;558.4325300463711 -116.89156635437966;-80.62132110703055 996.7448031381739
1000,11,23,GNNLXSSA,1265.2153304811509,153237.89606951884,9.180378457366668,,2137,2174,9000,5590,100,0.0,1,-755.8358301720425 607.9957456192052;-959.0110848727667 253.25134972983383;311.7623507164035 155.15076008943592;-498.4640743466339 866.9103567184749;143.37635294668888 493.1583421190562;905.8433681443073 -3.598885698184593;-72.66587038771819 -762.8049637024384;-40.113521170575716 197.92587570426966;509.8135536604097 -229.84654407445305;691.6693827752468 366.1525451046127;-456.6345514478509 -505.79912724797
1000,11,24,GNNLXSSA,1421.3866165796062,153081.7247834204,9.180378457366668,,2144,2174,9000,5590,100,0.0,1,389.59507646569546 323.53631478448636;381.33303506678607 -924.437729848124;808.8358308511739 581.6288128045089;-543.6927923720131 811.106994613344;-811.3595149223814 -584.547463894009;846.59750112308 -532.2336621185818;242.29950174573176 781.6607739569862;-236.9919997669582 314.1676854414175;545.0457327345135 838.4063151168991;-999.9476757874561 -10.22964746530826;-578.4709095127398 -167.24600778678564
1000,11,25,GNNLXSSA,1339.2528966181562,153163.85850338184,9.180378457366668,,2135,2174,9000,5590,100,0.0,1,-306.92726818821643 -927.0967856359953;725.9549229509805 -47.35236988751182;-794.071889027564 -584.2686732952368;-307.9063933982943 400.28561016298823;500.06088124095345 -788.9704941192207;-644.0673636742797 -86.29832922819855;-652.2463339462886 758.0070711105712;442.67571471948673 896.6817783347622;55.64234220016041 -237.1244738804129;-788.7517573060587 294.0180782723888;-959.0729500037762 -266.77712403690015
1000,11,26,GNNLXSSA,954.2645439357148,153548.84685606428,9.180378457366668,,2134,2174,9000,5590,100,0.0,1,-414.0857131937728 910.2378931514576;-987.8755997481663 -155.24754240309468;-802.5613044702129 431.7339938960494;101.2616795491115 918.3271547469111;447.85783495174474 -453.85762417648135;-812.6469484652027 -582.7563274218427;-414.1794151520254 -118.60763267781;59.16726592092242 -868.0890000558306;90.17458635092461 57.57024599929095;936.2995979715329 85.19347594737289;464.6920915913768 815.7657928659025
1000,11,27,GNNLXSSA,1503.7431533583149,152999.36824664168,9.180378457366668,,2139,2174,9000,5590,100,0.0,1,350.1903695001151 531.2229522215923;617.9755098802566 785.0242173946697;985.381274403195 102.3236380312241;-873.6990157072144 282.03778648490777;-309.0729489270404 948.4673770659425;340.1869101355179 -54.73147456233811;579.7188399894129 -386.0003039560445;99.38745335240827 -991.8821465135809;-628.6865667362872 -409.11130242569516;-381.8376509357887 -924.2241826826622;724.1494787814634 -664.930953934229
1000,11,28,GNNLXSSA,860.3119037903962,153642.7994962096,9.180378457366668,,2132,2174,9000,5590,100,0.0,1,729.8883465789426 -330.95939266527574;-756.3615218210984 -654.1538414688642;738.4107866257054 517.1996387879738;442.51172505672565 222.31410841008753;-744.5544896910856 469.3040718007935;-999.9929089566463 -3.7361264547963984;952.4049752783301 -100.94139544452999;155.33256987305566 -987.8611610260065;-421.13771682670586 -24.63371560286276;217.11560178578634 976.1043052774515;-118.2721227322476 -578.3914420136233
1000,11,29,GNNLXSSA,1273.7180079469108,153229.39339205308,9.180378457366668,,2141,2174,9000,5590,100,0.0,1,487.74643348399974 -872.9853473132514;997.3889909077212 72.21634729116094;-993.0106287333977 -118.02496016734064;-537.9500003306298 205.20462817324142;-265.03662554223666 -812.3885929225285;117.91651410521816 890.7678878005825;870.1053152864041 -306.39331860826957;-254.93301072447855 502.10871859388203;152.17254241530566 -330.6287909702396;-870.0603122101965 261.04717200794266;734.2440601535538 -678.8856016511354
1000,11,30,GNNLXSSA,1610.4647848968452,152892.64661510315,9.180378457366668,,2133,2174,9000,5590,100,0.0,1,999.9990699492213 -1.3638550848535789;-535.4931021266145 -844.5396009512018;621.7532605450552 -239.0410739018866;245.99193726417815 588.145221044389;-430.7387934248131 449.6207389597474;-202.69245437464062 -256.7124085904506;-129.39204271269074 989.3470565244473;-829.6203734389999 34.304176866904605;83.21524223675326 324.4810488909484;320.37311113557035 -755.3596124433444;17.47418865257907 -967.750614937674
500,10,1,GNNLXSSA,2413.9599582475785,138043.41404175243,7.342245807166667,,2068,2110,9000,5590,100,0.0,1,0.2205071959899803 -207.22941507761723;-341.3213263808848 -194.72500050234288;490.86866200615583 95.12074779082825;318.8171761356399 -196.34710021577786;176.24372396779657 94.43374877912896;10.662929720680147 383.38832215908286;-171.67545965803325 98.1890909860528;-491.54769296629405 91.54706734523984;329.343116144185 376.20886731766154;-333.866925336898 372.20004858420714
500,10,2,GNNLXSSA,2632.7648445062514,137824.60915549376,7.342245807166667,,2066,2110,9000,5590,100,0.0,1,338.1804751909225 222.2181378199517;27.2430215169423 209.54875389134295;-313.90853047493033 -344.72560801477306;179.3281463089719 -67.78585975232131;-297.6353652979737 219.75293567968242;-455.39282000346265 -58.26633499839345;331.4382523772475 -341.90070165473696;493.26392385830854 -72.11451539057757;-141.7463242478646 -57.92037762566267;10.699505451402137 -340.11686337995843
500,10,3,GNNLXSSA,2221.975980436313,138235.3980195637,7.342245807166667,,2070,2110,9000,5590,100,0.0,1,349.58231474928533 340.8414003401991;337.5488933532954 -298.26097407980814;-336.59501661916204 339.0205253592881;188.03948108161984 35.723404471371616;-348.4929219834955 -296.05022003385915;-498.50776790250546 38.60058731239332;499.7279825344149 16.490708659228513;-183.76925997580685 18.287882738559595;9.810994555466337 349.88316593556766;-0.09175158223396113 -305.88430812442516
500,10,4,GNNLXSSA,2293.4780136946356,138163.89598630538,7.342245807166667,,2066,2110,9000,5590,100,0.0,1,3.4540775064195635 305.89980118369624;332.248658378938 315.3173746636269;-11.927709717278969 -277.3968569913896;318.1381653916358 -268.7851191164442;168.58267067970678 16.029173160852004;499.36548571602196 25.18157412874402;-334.2576123836718 300.90842464306877;-343.66065468831147 -278.4717835536943;-499.9944590718578 -2.353911094394525;-173.4532030582882 14.015645473776809
500,10,5,GNNLXSSA,2287.41213577101,138169.961864229,7.342245807166667,,2075,2110,9000,5590,100,0.0,1,499.593127779477 -20.15819214631301;335.09380846976757 -310.633082913037;173.19898339687768 -17.02469469235501;352.1788131883465 354.9213465420953;32.174917616199295 361.9370274204796;-496.10786150908893 62.26547798643042;14.219612978805683 -309.2782167683222;-325.1610647733405 379.82874930792383;-143.12940985594014 51.803843294816616;-330.52024326268236 -279.69769884510174
500,10,6,GNNLXSSA,2484.373343231564,137973.00065676845,7.342245807166667,,2063,2110,9000,5590,100,0.0,1,-21.22455202809273 302.7193194034106;297.8288441960112 -277.8595439066802;-498.8861210023891 33.35623286867958;137.87355568800848 -7.070702515436761;307.65441466865843 311.5606774394489;-187.92710158534024 18.02390938087857;-354.8662918933988 312.46026801631905;-361.3609823234174 -279.1943535290169;-32.188906862996724 -289.160061715094;493.9337566341154 -1.7860217422149847
500,10,7,GNNLXSSA,3079.0620484246756,137378.31195157534,7.342245807166667,,2058,2110,9000,5590,100,0.0,1,490.68957678681835 -94.29585328835964;-322.73262337556525 194.35085519988422;-2.514035108381559 195.61622387062206;-177.62069975299246 467.387298735489;164.18018261491792 -112.7039420862863;326.7492754149381 185.557763681373;178.80971006113734 466.93370791564405;-493.606640648977 -79.70247365817217;-336.9782159586584 -369.3855465084141;-2.8834889168037274 -384.63894493611343
500,10,8,GNNLXSSA,3164.414601167373,137292.95939883264,7.342245807166667,,2074,2110,9000,5590,100,0.0,1,334.9739314192835 -194.67222293049554;190.74814341864015 94.60673448793997;346.82942399419255 360.15184388234997;-319.0083277907052 385.0112813933872;-143.3101760809538 -467.8406430634064;-146.05829515264915 97.21571812326317;-313.0284023343586 -184.38553476684032;15.747324039743205 -188.71083411576558;173.02857997611247 -469.10671548321505;-488.6918123637955 105.736996971679
500,10,9,GNNLXSSA,2696.116473841539,137761.25752615847,7.342245807166667,,2069,2110,9000,5590,100,0.0,1,162.76463877732817 -77.00143380717468;315.112123221175 -348.0126441937736;495.4030318032173 -67.64492649253512;-497.7445299506151 -47.4382008959153;-320.74784293558537 246.48436375837858;17.96815389697756 227.78190950017148;-171.6301259932104 -69.88687305824145;-351.3501936022311 -355.74294294571;338.1667228249792 197.91118733822884;1.182710674354619 -361.52332138184335
500,10,10,GNNLXSSA,3314.6773814270564,137142.69661857295,7.342245807166667,,2077,2110,9000,5590,100,0.0,1,-402.84775629737703 -132.23586970582767;-74.22494869820468 -147.6616836428498;273.7795419350444 418.373624350892;-238.43326501825018 -439.2962767730171;-229.82912210806865 159.075560504719;-69.42614334216034 422.1666126618386;422.0858946606043 148.43061745269173;100.55606271573313 157.96365916150904;100.50730899781966 -440.5987221207381;262.1772555827354 -137.19310796382248
500,10,11,GNNLXSSA,2401.5794791786175,138055.7945208214,7.342245807166667,,2078,2110,9000,5590,100,0.0,1,189.41582878724432 42.9738190469091;-161.25630496845474 61.71593845502576;358.5085084851354 348.5101475036742;8.794892853680292 -247.7866683164999;499.6018597965968 19.937998648861967;344.2134261980644 -306.935781709895;11.664380670671454 425.8645225389561;-492.92853798560714 83.79413129433239;-334.40964418876354 347.87092557756733;-344.3924985676101 -263.914908417335
500,10,12,GNNLXSSA,2323.15608217477,138134.21791782524,7.342245807166667,,2068,2110,9000,5590,100,0.0,1,16.4050180726063 358.0677989590835;-326.2036686334946 351.6538997341943;-150.49956849279266 73.27272729689714;498.7238958100858 35.699800391747914;-341.18399243923886 -274.75537546595615;189.7355015672996 38.910092027242854;354.65602879136645 352.44730278715065;-499.6101846258359 19.739894076162578;347.2787905538431 -264.14902979392036;4.553402311358724 -254.92714919978724
500,10,13,GNNLXSSA,2358.51452087739,138098.85947912262,7.342245807166667,,2064,2110,9000,5590,100,0.0,1,-315.8078346611744 372.0544544631265;347.8549933121321 337.5899830475474;15.530426779296603 -253.81276172529473;337.94855923310485 -247.3027491154252;497.9503266752448 45.22008977034199;-492.45394766088975 42.38206303017605;-330.55950910683606 -248.73151801881914;-135.61126719093744 57.086138246503474;25.77844336396414 332.49999111318243;189.8117061104875 38.60871320939315
500,10,14,GNNLXSSA,3070.040948069247,137387.33305193076,7.342245807166667,,2061,2110,9000,5590,100,0.0,1,-490.5520711797468 96.73855094020472;300.36939281299686 -183.81435108806602;-11.349347177204711 373.5220544481403;-342.99875128097176 -173.64953330890603;-340.043501269918 366.5639599292173;466.7693239285145 104.6366840632981;-158.6062597736617 101.21527561505252;-158.12184502554604 -454.9982824219385;312.6525322104134 378.6812332502079;153.85068971333123 95.44867609440448
500,10,15,GNNLXSSA,2298.944797394681,138158.42920260533,7.342245807166667,,2073,2110,9000,5590,100,0.0,1,-337.59772071007035 352.7786460600601;499.31514424720996 26.160786023892978;367.35938692106157 339.18588527669436;351.1683820256644 -276.6739748376285;-499.9299587127041 -8.36877419422703;191.71568342461345 10.365422879613112;7.271738920024783 -337.15245741568896;19.667466474317862 339.0673776900151;-165.9706800575744 28.556881249485816;-340.9727630579857 -292.924930080706
500,10,16,GNNLXSSA,3595.144414464856,136862.22958553515,7.342245807166667,,2065,2110,9000,5590,100,0.0,1,-13.146990251124619 -164.37469059127937;312.17458457050066 390.56217505790806;-187.4952191165607 -444.9779627905827;-10.625828281629012 393.7204909348479;-175.3473425679798 125.30960740717667;148.13284766884374 -438.0608117502016;153.60740105204576 126.48308024855177;-334.4305664772937 -155.00204258480386;480.63763877924134 113.89029333599858;308.9794448644671 -154.38615765776402
500,10,17,GNNLXSSA,2946.9109993681195,137510.4630006319,7.342245807166667,,2074,2110,9000,5590,100,0.0,1,-180.5676507426449 -88.61993965056224;-491.56862257927327 -91.43461759922235;314.75351383864614 -355.4797406725292;141.88956995287376 469.20236262950635;-341.1579639258978 186.4699219178428;-23.81944360515111 197.23762071249976;143.8166065767128 -79.64934486474736;314.3690573437406 187.42372301880366;-169.39892750059514 470.42959447896993;468.6869482150638 -84.7992746625421
500,10,18,GNNLXSSA,2511.7113797685015,137945.6626202315,7.342245807166667,,2067,2110,9000,5590,100,0.0,1,-331.49845984867636 246.44694306025286;-178.2706129873648 -43.07034706469341;496.6488833978195 -57.79175217709775;-346.04849957517445 -338.46055672403617;333.5025644460366 -330.0097747537593;-6.845708530506267 -334.991802599178;-1.5850019729698706 244.51945894283074;-492.8407876799742 -23.565197003915447;344.1759107165185 224.75978483905934;179.00575902476183 -56.75753006852001
500,10,19,GNNLXSSA,2593.7342278690776,137863.63977213093,7.342245807166667,,2073,2110,9000,5590,100,0.0,1,136.63643999936352 -23.5991272877211;462.3799645816587 -15.876679859355322;300.8192875763304 -320.28326452896823;-499.9989526674455 0.6392976282484366;-328.3832038556319 263.8778353176953;-15.086506280960029 259.98725565954317;-22.622199171143443 -309.32957587008246;-183.23130390085456 -17.638463374724534;-337.5941920649427 -285.03284015563884;308.2696877807439 263.50110375941244
500,10,20,GNNLXSSA,2520.057119387173,137937.31688061284,7.342245807166667,,2068,2110,9000,5590,100,0.0,1,-296.5955105592121 288.68594453326966;13.748755499090944 -278.94231193564235;499.9906556354649 2.6037127340853625;-147.3181646638233 -2.02257739398802;-299.78805755920035 -280.97301245411836;-469.20035340781726 9.862629708247404;187.23969641373418 -0.7761442930688546;34.30291107066269 296.66574666059887;345.82192858867126 293.810593445041;336.14031918177744 -276.4791575487914
500,10,21,GNNLXSSA,2520.329241564934,137937.04475843508,7.342245807166667,,2073,2110,9000,5590,100,0.0,1,-373.9647798680065 -331.8890528750133;-362.4959042626642 303.48792372729224;471.2750777213077 -57.217546181498655;303.9278243636045 282.09235747126075;145.41517355770648 -35.58468444409665;-43.52319017692894 -334.5739830909908;-499.9806870505269 -4.394607659739706;-30.039113448993962 268.7971881789998;298.2479476744809 -351.5975209934356;-191.79163023251215 -22.023557866658194
500,10,22,GNNLXSSA,3677.6807572399557,136779.69324276005,7.342245807166667,,2068,2110,9000,5590,100,0.0,1,421.45923437580024 -63.02551894060642;-50.22767424021015 209.3378645047649;105.46824465954268 483.74653947490197;-365.2750470029992 209.58524536113003;-50.93706044636688 -334.5849190167355;107.32043962090088 -60.88699994484065;-370.06363971440334 -336.2334048861419;-208.73240557882835 -60.791326583625306;262.5284461502184 -336.3414798346516;264.7237003753373 209.0663825132574
500,10,23,GNNLXSSA,3359.589739204326,137097.78426079568,7.342245807166667,,2068,2110,9000,5590,100,0.0,1,291.54820659853647 406.2014344579055;273.7182920236274 -156.93894400698758;-62.371070058289384 -165.2694111517739;-63.25303161022387 421.15302865016207;461.3749245331046 128.88194151260453;109.32427357700054 -448.62437111312903;-243.7426110244195 -436.56555386885327;107.88801300670369 158.87973183905726;-240.0351363562248 156.47367809957896;-440.4592983297904 -171.35658528937222
500,10,24,GNNLXSSA,2705.282722923381,137752.09127707663,7.342245807166667,,2066,2110,9000,5590,100,0.0,1,340.06795312940636 -298.4237417586516;6.227349626306642 -304.1649786636755;361.5646409098592 279.9001392687415;-331.2329626459167 300.9686277226432;499.75429214731207 -15.67314519613256;-343.2233455649697 -290.3453811368831;186.7691966553565 10.486286775097732;46.305090262586056 304.0921688230344;-499.96357184931134 -6.035463832918217;-191.62096650143894 -6.552474440298138
500,10,25,GNNLXSSA,3628.6539869751723,136828.72001302484,7.342245807166667,,2067,2110,9000,5590,100,0.0,1,62.19191403627561 353.11443747958737;-268.2375770661284 357.458429715885;-118.79187252748888 76.16852090626433;209.92390179849411 71.05818934369708;-275.5862850591611 -201.7590944861864;370.1754545425224 336.1102986435211;45.64694554488424 -198.89737617936163;360.45292703319853 -203.52849511176828;-111.62383260133603 -479.80537842983836;-430.8906067730748 74.44340165869087
500,10,26,GNNLXSSA,2842.378962229559,137614.99503777045,7.342245807166667,,2074,2110,9000,5590,100,0.0,1,179.83111781240322 -459.5662084502281;333.42420746397846 -179.4414284961698;489.81663784802055 100.38362800235204;-344.7615698893078 -151.0375735071513;-180.22626177821346 -429.4725025706016;186.16630290879075 170.30183322511857;-171.50012770353976 134.94311179987457;-20.76008114283073 -145.7004103130558;-13.26010892805408 405.70566743468936;-484.5263019539079 123.42538869067877
500,10,27,GNNLXSSA,2474.7142581902444,137982.65974180977,7.342245807166667,,2068,2110,9000,5590,100,0.0,1,12.742333298619734 408.1569253051391;-158.47089485771616 76.92834499397178;-326.38659144361503 355.8230368135531;-480.6433748317017 77.71235646030634;-11.478825994230174 -257.977777652652;342.1863155776584 -326.5402122099889;498.75282161745645 -35.063463967587;346.5400106568283 359.7859527957914;159.44630048164024 52.081766580759556;-329.20997956160784 -255.75871974944477
500,10,28,GNNLXSSA,2367.473701638577,138089.90029836143,7.342245807166667,,2071,2110,9000,5590,100,0.0,1,-363.7465257357292 -292.30566035397703;-348.3980222574504 358.6279446003127;498.83938796689154 34.0411922505615;-191.59113387238784 26.111406984274556;349.47328187911523 357.57477402986433;-17.754882642789447 -253.06576864257488;344.5269604666264 -275.1544788011414;3.56221604968109 350.0097730560467;172.9025241956882 20.904246575526344;-499.749848717222 15.760535596458478
500,10,29,GNNLXSSA,3367.7154268826125,137089.6585731174,7.342245807166667,,2072,2110,9000,5590,100,0.0,1,161.64946989852018 472.9757001884254;-154.1191136254622 -157.01162726422956;-483.5847415517536 -127.06611561830182;153.6607935505728 -145.36989325630418;-355.1457417328759 188.96223609509084;475.57746062215244 -154.35698542076096;-150.76919250893596 476.26995315596434;9.71829376134077 202.57148002292297;7.8568690357477555 -440.7757476211332;347.21297261500035 160.67771379908896
500,10,30,GNNLXSSA,2352.1167526470963,138105.2572473529,7.342245807166667,,2059,2110,9000,5590,100,0.0,1,338.8203000786213 -339.66493226466383;20.082142599941164 241.20467397449497;350.4688929461145 249.14863506194715;-472.09172576038475 -62.79364683955628;-310.2224233458551 240.90029637064333;-320.3113034552177 -343.60607068837083;-152.34398445571853 -54.26590532178921;8.048008670256944 -351.1758977152372;498.77051750068813 -35.042415329080065;190.13231792652914 -46.678145909906235
750,10,1,GNNLXSSA,1352.958196151827,139104.41580384818,7.393875285033338,,2082,2110,9000,5590,100,0.0,1,523.7250160102392 536.8537898588703;-101.07855233396879 -665.308314865304;-327.3117564140623 -227.47109641040905;749.8992085457634 -12.292532241526606;-623.6831059360773 -387.61553227820144;540.2809579378188 -520.0218728294176;-615.8823007947375 428.00547606750706;239.8122859413237 -588.2442465239561;76.09535830670332 -13.272258237841545;-120.53993058473966 739.35489040267
750,10,2,GNNLXSSA,2094.0628654722823,138363.31113452773,7.393875285033338,,2075,2110,9000,5590,100,0.0,1,-78.21736214539116 173.55600497982797;-749.2532156540541 -32.63813146144949;-95.84831486047632 -554.6770932183997;-321.934433241981 399.5229599818646;-601.2038071456128 -414.04448733663105;261.85068746669737 -417.80897180552626;561.2784660815712 -122.64724508029327;266.10713303132155 403.9825232463345;-591.74167158897 232.05972594881948;-329.978497287132 -151.31262855938192
750,10,3,GNNLXSSA,1892.991957632039,138564.38204236797,7.393875285033338,,2077,2110,9000,5590,100,0.0,1,-20.465455863557537 350.0820026800964;640.2620259276224 374.2813324521761;340.3987303516199 -542.2119019598958;-642.7818873508639 302.3183095136053;-264.0426551332645 -118.82094894767643;-287.2634735332263 645.9339026257916;333.51311397887025 402.01409737485835;-362.9073076688402 -438.97869841302463;160.3907804831817 -138.36383018538447;-33.30831005551403 -513.8227159179986
750,10,4,GNNLXSSA,1606.6544030611112,138850.7195969389,7.393875285033338,,2074,2110,9000,5590,100,0.0,1,-530.116758561733 -530.5433274408427;-135.75994427389108 -301.3650433346452;101.55768681243039 -502.20536649730155;-155.86652405262654 608.5573231878751;-317.4811063951157 119.91706293324098;-544.1828083797647 516.1056781938292;-742.4006514037958 106.49541208530798;604.9490703876103 349.59351273143426;122.21045774046769 349.782377227211;256.8663972228804 704.6415074190119
750,10,5,GNNLXSSA,2132.143165032787,138325.23083496722,7.393875285033338,,2071,2110,9000,5590,100,0.0,1,393.12757004806645 -145.55246249592784;-267.9291219074941 432.0787036548816;205.70966206477996 -614.2488623567125;-597.6486166512187 73.37648156347045;21.886230191360866 -145.99836721883145;-129.3188505415102 152.57980572069556;439.1173360649456 608.0098396960575;-289.17886237757585 -443.12817630339106;748.4035451947233 -48.909442237360324;526.9079199992304 -533.7303100275312
750,10,6,GNNLXSSA,1811.4115260682593,138645.96247393175,7.393875285033338,,2072,2110,9000,5590,100,0.0,1,-689.9361772618377 -294.08854330851113;134.23812177475722 -737.8889663508903;-83.42858818677863 -162.44771103579842;730.4309932076426 170.20741511960227;-273.5898400437903 439.82932626617054;606.8765119686509 -432.39650628041227;266.19242191940725 472.09828341029254;-464.66098938080944 82.41268578693305;-278.3938348860386 -492.91151330413106;-674.4136258423864 307.95166851368367
750,10,7,GNNLXSSA,1402.8379230050778,139054.53607699493,7.393875285033338,,2078,2110,9000,5590,100,0.0,1,-594.685680136565 179.64868002699652;-13.324358621204064 36.05190393191252;-409.03535192752287 -332.6109614098865;450.6102872849612 -271.74961018910585;182.6907339310846 688.2248021832743;-726.3841602329635 -184.5358347660903;186.33189597945616 -545.0786886297134;-210.47513212596016 344.51581047110585;-261.28448717743237 -650.8404025082083;653.9923242908105 71.02334560063194
750,10,8,GNNLXSSA,1674.8053742545308,138782.56862574548,7.393875285033338,,2067,2110,9000,5590,100,0.0,1,-597.4005765750453 397.7528422493592;155.33463166092935 -433.67316555094493;749.9998469697831 -0.47910886211573184;-393.64706720831424 -343.9208869523831;514.4673766931775 230.35582781178024;-227.1885152163754 -641.3758170430609;374.48124582369746 -111.20325462215668;166.66594695288964 241.83224610235678;-743.812212236585 -96.14256563935358;-225.47612068496892 18.207425187109916
750,10,9,GNNLXSSA,2041.3271879663225,138416.0468120337,7.393875285033338,,2076,2110,9000,5590,100,0.0,1,-30.959519781492 -127.3293080991723;-152.16307585255066 -547.9312697222308;-617.6739380678084 -232.9639088560633;-31.636996304726637 727.2560115448296;318.5715192409715 -433.67212588634703;133.98682735956083 154.62494512723072;453.88553413382755 -37.35900295082725;-420.2880814029415 258.92451120030495;476.40674919788245 543.012858463539;729.1179474077699 -175.73660879596304
750,10,10,GNNLXSSA,1310.1043980102695,139147.26960198974,7.393875285033338,,2058,2110,9000,5590,100,0.0,1,-346.100982702042 665.3676500797742;-356.10662146012885 -61.920640147721684;579.4290990498409 476.1952532042812;-709.9099125295705 26.46895468174298;36.990197871563474 -749.0872614465037;163.72798302433011 -366.877344396879;172.8174755610204 729.8178677866938;747.9647086955446 55.21589033954937;367.86055452917634 134.05169187034195;580.4346242013595 -474.96910112998563
750,10,11,GNNLXSSA,1205.0466567221447,139252.32734327787,7.393875285033338,,2075,2110,9000,5590,100,0.0,1,-161.55916413290737 465.1121661974084;-532.0440192375147 -502.7310342192681;554.101537418312 491.01166139432814;749.1850474955467 34.953749571332644;89.0352916371975 -514.6384197680545;547.5846596538955 -512.4949175472157;-375.16705356338457 -27.755651356779023;278.60515750006675 330.1134467867015;-739.395511836727 90.0935067532605;-146.0076846283201 -735.6505665256277
750,10,12,GNNLXSSA,1435.1777585954405,139022.19624140457,7.393875285033338,,2065,2110,9000,5590,100,0.0,1,80.8616545783982 -688.1200889327168;364.1141761820687 -314.47003895700095;-359.13900949154004 637.862561148752;-353.2456357064852 -354.95641749292207;568.8156157638782 -39.266621198443495;-180.38447224449646 135.65785253283022;-567.0508178137982 45.02798971774789;684.6649431928465 293.3791959316441;-715.4973812193557 -224.86328617238507;50.98365094560939 708.1138062709608
750,10,13,GNNLXSSA,1296.721494651516,139160.6525053485,7.393875285033338,,2067,2110,9000,5590,100,0.0,1,213.5912698053666 718.9365834959061;596.2108467162238 -7.2334723347514505;-452.0449855325927 301.95088921445125;-61.80551925336574 -747.4288094125295;200.17147641907476 -245.1153565189225;-744.293083489141 18.246147261484147;-453.4875992655325 -592.622866282404;-0.03367204404570573 328.67598423506286;-277.75256468947083 -229.71401912957782;421.2718553638058 313.79726732946654
750,10,14,GNNLXSSA,1266.654512328154,139190.71948767186,7.393875285033338,,2066,2110,9000,5590,100,0.0,1,-539.4619395080206 501.75958276245774;-269.6828602270362 680.8421708349371;-745.685278902319 80.33346020414317;22.077408270104684 516.7910124299915;-548.9887411512227 -486.14246986973006;741.877594883911 -106.71751706626833;-284.7093203406168 -321.59467874343744;311.02253317883464 682.4697677223663;323.011062232345 -674.396352938825;559.4813705460863 499.48032595075534
750,10,15,GNNLXSSA,1671.2054923667165,138786.1685076333,7.393875285033338,,2073,2110,9000,5590,100,0.0,1,244.78924907850566 4.897670707692659;41.22379125791146 -628.769533036373;626.2434564277313 403.15136327989205;423.110923842417 -589.3696493696639;38.383463260817635 749.017162519061;-564.324713891082 -373.24165323305084;742.7900437109847 103.74464306089865;-703.3376583853416 -95.28834242349406;-568.1633530086857 309.26328100510386;413.2183420828928 625.8998336525306
750,10,16,GNNLXSSA,1810.436107867863,138646.93789213215,7.393875285033338,,2072,2110,9000,5590,100,0.0,1,695.3100524136461 -280.9058207479162;-406.1633811950042 -175.21466078907616;56.95351416977457 -215.20018659951373;-183.66844220282496 -583.8942026767907;278.85308103766374 -696.1249844364726;-695.9736740087613 -279.49755261372763;302.5062146437435 429.678377285539;-427.6803775018329 612.5328424363561;-661.6531939610917 350.78772879264386;-185.86224566759307 181.90391063642747
750,10,17,GNNLXSSA,1849.1756601543748,138608.19833984564,7.393875285033338,,2069,2110,9000,5590,100,0.0,1,321.30297278278886 613.124107199028;-283.9245182759288 -228.64339503090213;-11.389652969622126 231.11295134628205;-20.407233181441836 -749.7223118154336;165.3328721943538 -108.91997780960152;696.233261895366 -278.853447227282;-293.20820680052384 545.9604758907561;-671.947435970503 -126.71237574977486;-415.18715272396105 -588.1465030596632;480.1287993676164 66.99753186847022
750,10,18,GNNLXSSA,2029.3932362258201,138427.9807637742,7.393875285033338,,2069,2110,9000,5590,100,0.0,1,-156.65616075262432 -354.37642492941706;332.61810794522955 -319.140109037373;590.8772775514775 182.9037364410475;-590.6922611859715 374.2647813309868;-242.94499733863393 709.5613813258307;724.6170840543717 -193.4685542834791;-141.02891042121493 418.83619663500997;-577.5981408074915 -478.41414309791384;-748.9726821473085 -39.23977155293536;162.18235019811388 -725.8775029612785
750,10,19,GNNLXSSA,2055.7545902940037,138401.619409706,7.393875285033338,,2074,2110,9000,5590,100,0.0,1,218.36463635906918 592.812022318119;-354.98011616738887 -70.44665139355736;-154.11166077644245 725.012580563091;429.96907398481335 -172.89056025046938;45.191140507526846 -671.8780331514681;749.7075688600427 20.941852687002722;-601.1993057474945 448.39647051323965;53.704479679387575 31.100145998106452;567.4236458250085 -490.43899330972374;-745.6131903361402 -80.99981726376072
750,10,20,GNNLXSSA,1794.6939660506032,138662.6800339494,7.393875285033338,,2076,2110,9000,5590,100,0.0,1,632.8778682970449 -83.8980202247426;-38.365822001295406 44.558232756414895;330.39531463569733 -647.9080638891749;-584.3948480446714 163.00037800312433;-209.61004591444157 -478.4118589114887;-406.95649456660846 -178.55060172924098;348.8718907674601 53.47302327758871;-206.40274077121575 390.430665222485;127.65113193910031 -405.60625130710633;-591.5329730038466 -461.07346686751606
750,10,21,GNNLXSSA,1740.0232226616936,138717.35077733832,7.393875285033338,,2071,2110,9000,5590,100,0.0,1,-486.483252965721 -308.156159411259;-290.6632731453617 189.65573908331007;556.4250889794123 -404.24536036783763;242.05326319036658 432.0229151820381;-52.17489007636736 -660.1883331053061;535.767787922159 524.8358768248838;-441.68966628825507 606.142358419713;-1.6669432510005557 749.996302613615;731.2373402900466 166.7030542518791;245.17949607176473 -372.4162503049261
750,10,22,GNNLXSSA,1807.275841229537,138650.09815877047,7.393875285033338,,2077,2110,9000,5590,100,0.0,1,-748.0067981410216 54.58625367138353;-371.7669179850101 -162.53128258319126;-362.4159426163984 601.5725817868517;554.122847794235 374.02361282242;-216.14815741596124 156.4182236562151;47.843581019594225 -647.8687156226584;431.2327156605837 -19.68763597025346;222.16851169503732 716.3354452844048;-579.300961245172 -391.1252150025285;172.40419504061833 -193.42064843036093
750,10,23,GNNLXSSA,1356.8017712967412,139100.57222870327,7.393875285033338,,2060,2110,9000,5590,100,0.0,1,-273.8912570851365 128.58003517060646;313.8377090654179 -393.2211823579339;-706.1606245571028 103.09327468912605;-539.8420867805994 -189.29628197943683;-72.78482610604597 -592.4862834804403;-521.6597915206605 538.8608929126524;635.3410307490228 -398.54958869225953;300.6892774121465 687.0851173248924;476.664301183266 145.93134878920122;-11.269053944335111 699.9764637729771
750,10,24,GNNLXSSA,1138.9214865322283,139318.45251346778,7.393875285033338,,2060,2110,9000,5590,100,0.0,1,165.30957205586543 -119.11416975928853;375.8558237137632 -558.4816449601697;394.04959814747633 638.0213959124334;-339.179166793596 -652.8516845367983;-626.4172204131439 -358.76046924198545;570.7122323577144 101.33870461774825;-340.76689655992357 668.1133891173608;-19.84037020049597 -731.7883117832985;-614.5748637197923 429.774431071997;726.5351239359625 -186.11410555799714
750,10,25,GNNLXSSA,1874.0774306058302,138583.29656939418,7.393875285033338,,2087,2110,9000,5590,100,0.0,1,-38.90693431963324 610.6809748094832;-50.35740560321999 -590.3087121919098;-571.6615745685393 311.6270207430881;-339.3167321334232 -313.961871513561;-228.9487066776793 14.587570051337416;-736.5771707210666 -81.43965178381907;552.7710412904557 2.0885776116876578;188.37119779807585 -211.86445437798;570.0737396272953 487.353149586515;418.9941842722957 -456.188113987998
750,10,26,GNNLXSSA,2482.1094710532343,137975.26452894678,7.393875285033338,,2074,2110,9000,5590,100,0.0,1,392.76935409053897 152.74534371708918;-260.3204934554665 -307.1342158630732;-471.6992712395438 90.23503878902548;36.414124555197205 -389.69921700642914;545.1079090905504 515.1264333136351;7.480395226722009 749.9617397146792;125.20613718400791 417.984349468155;378.3145297891427 -481.40667431362664;-243.01920141043993 352.293644731887;727.686964321045 181.58106167004877
750,10,27,GNNLXSSA,1437.2494640367513,139020.12453596326,7.393875285033338,,2080,2110,9000,5590,100,0.0,1,-456.6549079709402 -147.31172492574413;180.02303554712847 192.8286181632243;-119.29042477582807 359.23437487032425;169.75934341181974 -587.9104147393061;487.1754388699728 500.26041750226534;-248.06266788446624 643.7439958463003;-635.6125967184845 398.11634843696794;746.7959911554954 49.86507396204843;468.88016855443846 -286.71618084376195;-205.24517451184005 -673.706423362058
750,10,28,GNNLXSSA,2380.731718569761,138076.64228143025,7.393875285033338,,2068,2110,9000,5590,100,0.0,1,138.15791916690964 -619.669092012963;118.9799523065405 594.1070312882662;438.15756910181676 -101.66328276175987;-520.0727494518796 465.5084160673953;-212.9983842894261 547.9134152777787;-480.80132866450674 -479.7770540434859;-252.97632009305275 -706.0474357096534;-730.2273613239548 -109.3148274658959;-73.87975288302601 161.8766811584919;-233.03979448467436 -249.76775530641123
750,10,29,GNNLXSSA,2287.1605359316745,138170.21346406834,7.393875285033338,,2066,2110,9000,5590,100,0.0,1,-30.30006311630468 464.9090419181676;-583.0093419627906 -127.7342063227608;-192.2290332515313 198.64719320010616;-6.704668852063884 -643.4825938086756;-430.8926254082137 -609.4505081874778;136.1469806734503 -154.35264243269157;554.9673283577034 -246.9633453159895;331.16661341557085 578.6794991519612;-737.0006451457068 139.0074058272248;-198.1517070658373 -379.97649351043384
750,10,30,GNNLXSSA,1541.3174471200618,138916.05655287995,7.393875285033338,,2063,2110,9000,5590,100,0.0,1,187.92679214244697 252.10955436100963;-186.58174376352574 137.58872047427016;-552.2092539786468 350.228854461114;-354.54410510145465 660.907313878284;367.2629734715237 -423.25387118276143;492.89321529425695 -89.59213473611271;-749.8084974721132 16.947481187831265;649.0102091384283 264.36558893060015;-5.838962956210718 -511.5674309561701;7.79784927376342 747.995070909281
1000,10,1,GNNLXSSA,512.7144471372885,139944.65955286272,7.317827660833336,,2074,2110,9000,5590,100,0.0,1,440.37294261535624 -537.3527019668152;-660.7011732133082 603.9175653501088;708.6582402072855 -688.6372032483739;-942.353130682421 -334.62004885099145;117.73296042946828 -530.9966070592276;-650.8487164640719 -636.7278057411562;741.5243196623417 658.7905495332708;-284.3257900179454 958.727722103972;963.7913747872794 266.657431709011;-289.7215899305737 -957.1109655249492
1000,10,2,GNNLXSSA,840.3770434356993,139616.9969565643,7.317827660833336,,2074,2110,9000,5590,100,0.0,1,-621.3844907847794 778.0224496860639;-604.6537984363672 -220.32668110878978;107.34679636559598 385.01033256649464;995.032175224582 99.5538561173633;-853.7156308392139 520.7394950076315;516.2963088507164 856.4100194808125;836.4599229408517 548.0280990184577;-284.349420872296 -706.0424572733697;484.91606983221806 -232.6442064916094;86.7310430017653 -775.8546293046643
1000,10,3,GNNLXSSA,942.3950613479828,139514.97893865203,7.317827660833336,,2071,2110,9000,5590,100,0.0,1,-995.3980997247425 -95.82600411355791;185.49514757731458 -765.8382862514665;-686.8302752197603 -726.8178403434717;690.6991332355611 -23.88602567094131;999.4694563981639 -32.570012698164795;259.8556984761827 705.3087011398458;670.5006458822407 -677.457086909701;-679.9097869849834 104.44724308992642;-146.00151574558132 185.2876437560697;-350.4303069142861 493.36116998122543
1000,10,4,GNNLXSSA,1215.6418473508093,139241.7321526492,7.317827660833336,,2071,2110,9000,5590,100,0.0,1,-964.3120001775195 -264.76851458138214;209.36480479965434 -933.1016081186551;-615.219333392211 368.1532644370914;614.2849484961059 751.5572611496111;-775.752221429871 631.0376303728807;980.8338083282235 -109.28115031607535;-235.25951628913737 -849.5211674063679;455.57911469874176 199.7083808707023;-134.39061607966988 835.2029324695054;-953.3270092201218 301.93975142636947
1000,10,5,GNNLXSSA,845.7923242978286,139611.58167570218,7.317827660833336,,2072,2110,9000,5590,100,0.0,1,902.7969016101584 -430.0671510858483;-880.755316159667 190.7187801336552;903.8293515028192 427.89309805369993;-567.3413073167192 -773.1726478744569;-152.08046625032858 932.7238174160477;479.7857572606056 877.385677527202;-229.58410575989126 -973.2888257770306;290.01586988643595 -957.0218363308195;487.5869706621761 -320.8131331421891;709.8914493537437 29.00790578102515
1000,10,6,GNNLXSSA,969.3151339250908,139488.05886607492,7.317827660833336,,2062,2110,9000,5590,100,0.0,1,349.6833640465337 119.06726243209798;626.5987364563465 619.3597828479066;-595.4142592455344 -803.4188570646643;162.0776578929799 487.7997078990646;-505.2780765970169 588.6969536231288;626.2816318667685 -349.74580863642933;-206.09493597403275 503.7147967392308;-874.177288276504 -485.6069075513013;-483.33526924845825 -484.7139452818026;961.7186011629267 274.0389245658787
1000,10,7,GNNLXSSA,764.1708219865977,139693.2031780134,7.317827660833336,,2070,2110,9000,5590,100,0.0,1,-71.19583956714935 -181.26059167772712;-786.4405316518917 208.57729141718144;-958.4673485369572 -285.2022822288331;251.72822438367518 -497.6003089335949;259.7223001996626 440.49952714688624;671.7676561434914 551.8548995990033;-372.6425694440306 -506.7428901402827;993.6095137472931 -112.87220291492336;662.8468717806027 -748.7549830022297;-794.0932263899346 -607.7959754733689
1000,10,8,GNNLXSSA,884.7407946077874,139572.63320539222,7.317827660833336,,2064,2110,9000,5590,100,0.0,1,-997.062221462686 76.59586497908073;119.75426027383992 904.5303719097657;-153.800576993821 -177.92984954125652;-448.28914320462144 893.8886083203356;-381.1379817785957 -924.5181657737932;885.5160634415477 -460.2888446630078;640.0835909725126 357.7815347097596;-697.3557920847251 -208.1904140042493;193.72611071779315 -795.3519314290002;-819.1489286850547 -573.5808858688782
1000,10,9,GNNLXSSA,1099.52184481718,139357.85215518283,7.317827660833336,,2057,2110,9000,5590,100,0.0,1,-648.7675941702656 -91.24459744823983;-997.1643943115428 75.25404120240937;953.2088105301887 302.31269164165565;491.97314124456636 431.27474178598885;-88.33080619905263 -919.8512493464985;168.45493902969667 720.7195819031372;-401.0896293499495 -916.0388142583917;-242.02910876032507 -452.13646042342054;-127.70102026237069 991.6603744726947;-850.4490414539888 526.057437824038
1000,10,10,GNNLXSSA,1398.5865295877156,139058.7874704123,7.317827660833336,,2068,2110,9000,5590,100,0.0,1,-454.74455426972713 651.992102780371;476.21064988498995 -438.74148714021317;745.1834800399755 -23.475720100048054;-996.3186458749386 -83.52318812511676;-784.8113697950016 -329.4999962056335;-506.6391190664272 -862.1581591403728;-802.7410764322191 544.3925799060123;12.707972041186057 187.31778656095636;-395.03863622254795 -575.0444119889111;253.01470877100297 441.220887850198
1000,10,11,GNNLXSSA,1033.3120942374808,139424.06190576253,7.317827660833336,,2067,2110,9000,5590,100,0.0,1,282.6788802336218 95.72276067384698;294.0801534676432 913.0045569387822;-277.0631704002952 231.0896767895939;-550.8387781754061 -834.6116704541254;803.3124100116837 593.5113977695312;-721.4503500717021 -322.1946785305855;987.045071182756 160.4399483709944;791.6535368213478 -529.4265283422292;273.32037321283616 -621.6430169540764;-25.411855480104222 -725.0427829383583
1000,10,12,GNNLXSSA,1015.9851992267359,139441.38880077327,7.317827660833336,,2068,2110,9000,5590,100,0.0,1,-761.2938412476376 -247.11222952471394;850.0360614411655 526.7244022647586;409.34864434688114 -835.5752898500677;839.3779397170235 -543.5476088666568;62.20842536662362 295.1171054655316;-487.9145158378104 608.9404903999807;-204.84404172111545 -978.7946253281931;-410.5458987390339 -627.7637528010601;472.12446119994746 516.4500769062633;-938.4983943055787 345.2835992135309
1000,10,13,GNNLXSSA,973.4428310342482,139483.93116896576,7.317827660833336,,2077,2110,9000,5590,100,0.0,1,-101.19094967038305 -991.9100156876272;-541.600059557412 169.83340614591347;-878.6677060987149 363.71362499220476;777.0000078475863 -134.68562837985814;381.76683488238746 874.1602954730236;993.9514964142575 109.8199561821904;377.90195188500684 -883.1158121981799;-888.7686923632904 -256.5855676221147;-554.4981870241239 -791.839388766564;109.09725279945117 -234.52523382450786
1000,10,14,GNNLXSSA,746.7322819908441,139710.64171800917,7.317827660833336,,2073,2110,9000,5590,100,0.0,1,787.8215364944311 -615.9035855030831;-783.5007586630852 -582.5941274842311;16.229321482807414 999.8682958891173;-997.9599712561352 63.842742504169784;-510.146539475713 97.59994153539668;63.53171204122251 -997.9798202193825;811.4267459869701 473.0433494325398;-753.5407913926537 499.61322271337906;-500.38607185865067 865.8023903234902;437.7860916041878 881.4156567976216
1000,10,15,GNNLXSSA,1278.453414575226,139178.92058542478,7.317827660833336,,2069,2110,9000,5590,100,0.0,1,749.673750103984 -284.9411525314905;333.77919995004135 130.79340619520997;129.32306818125667 790.4208470916029;-911.1552387441473 -19.91651083575249;-595.8237853103177 -204.4146771044001;-588.3913347282457 629.7295778866883;-259.97236975444537 -700.2497751530618;493.56915597087857 869.7065529672606;-71.03943480603506 -994.0855606250449;753.5988135356982 657.3346394627229
1000,10,16,GNNLXSSA,790.4667203940335,139666.90727960598,7.317827660833336,,2056,2110,9000,5590,100,0.0,1,99.30189640007471 9.15028776867331;749.2270150511783 21.913115542761926;909.5813695113236 -415.5255906425365;-147.812238397992 928.0121367748773;323.0257590334535 909.5220177854999;-148.090927044639 -930.863562676572;919.8306072527465 311.9966744285532;-936.4124039999984 350.89813025163977;346.67037672533587 -905.4967993983357;-574.2256150223419 -818.6970696742673
1000,10,17,GNNLXSSA,1023.9063243529235,139433.4676756471,7.317827660833336,,2070,2110,9000,5590,100,0.0,1,780.6906760682903 207.1373598714279;548.0111925465526 -419.90601726421977;-803.6805360794945 341.40435322954625;-690.8907050359974 661.3657554378149;164.38181829403678 960.5833278943005;-318.41382165025084 901.5034267092461;982.4377318582463 -186.59073669725527;164.48331105919803 -25.233953053136013;-999.8775382268583 -15.649554287502353;-809.7500079192721 -586.7750204931517
1000,10,18,GNNLXSSA,874.2537130361598,139583.12028696385,7.317827660833336,,2074,2110,9000,5590,100,0.0,1,272.9613906721712 -435.4501341189212;647.0126898237115 509.31902848360846;966.508191201598 182.1890413107294;-216.71437709632744 -344.9170302568031;-563.4183069769338 -345.578312959079;-842.6962541680615 304.9026271952892;279.5884431040464 711.8114133567807;-200.38823205028862 423.94477882648954;-988.757590864403 -97.14244119509073;-568.4815397524162 822.6784700427878
1000,10,19,GNNLXSSA,740.5936322441266,139716.78036775588,7.317827660833336,,2073,2110,9000,5590,100,0.0,1,219.66972237120086 -975.5742991045631;-618.0034954596557 -694.2285614385197;-374.0622403496905 272.7065868961563;514.310306338443 -384.9704699270595;-882.5910813478216 -220.00520356971498;247.52053478021512 396.6241150572011;846.0682315375383 -372.755648776579;856.9490980944807 515.4010509060453;-60.3916473619825 -466.13771057329126;-601.344392842254 798.9899381075965
1000,10,20,GNNLXSSA,803.2557507749298,139654.11824922508,7.317827660833336,,2077,2110,9000,5590,100,0.0,1,756.7158094493457 573.3468452566658;-808.8357840402089 -13.31911700536339;-61.167561901458484 53.37649522336826;-557.6343469603935 -830.065941416072;305.1521431710578 -629.3620154315398;523.2255221906344 127.40092510052291;-552.2270231792002 484.5908207574274;990.6611552774834 136.3392617552695;512.518969696291 -858.675890959969;-91.50774337036114 -995.6784733465579
1000,10,21,GNNLXSSA,1024.2741993180534,139433.09980068196,7.317827660833336,,2070,2110,9000,5590,100,0.0,1,48.539282505559235 643.8717206808531;-281.28277252752343 -353.99166341160526;441.24450247023066 -782.1093249958055;774.782042631922 -599.6348514439613;-721.3071775590685 -633.7530899474241;27.228314841901504 -528.388422167665;-485.84878235464936 130.79008095360047;457.75802808069494 41.66201165082559;782.8453435002176 229.50945832702664;986.8596512016571 -161.57979090883754
1000,10,22,GNNLXSSA,892.1204712710751,139565.25352872894,7.317827660833336,,2066,2110,9000,5590,100,0.0,1,821.9227299717072 -44.945964727524036;-827.6650182292728 154.55112885678093;61.538045129864614 855.184449373593;-400.004886165736 -743.2269528147436;529.6746543031411 -220.86621134776703;69.88745345080113 -682.5871968421524;329.57148335971294 414.39354601900374;974.8956785238408 222.66131204200656;547.6348313459974 647.1007265398746;-404.11475177417816 588.8809317253782
1000,10,23,GNNLXSSA,1443.228486381122,139014.1455136189,7.317827660833336,,2069,2110,9000,5590,100,0.0,1,116.96106737072262 718.4190582079397;-485.78990800092487 503.37908164716094;-987.2130774329022 -159.1907461170208;880.8235330626118 216.77720018939996;-64.8691017963363 -43.39698409486547;-819.2044062627664 460.1407644054642;461.6335013361522 -788.668815586984;478.0133679815028 54.93369072303455;-245.3285524184778 -780.8395222514016;-633.7699966772759 773.5016535799751
1000,10,24,GNNLXSSA,527.5482942025992,139929.8257057974,7.317827660833336,,2060,2110,9000,5590,100,0.0,1,218.62319588091776 -975.8093554700189;-975.3417743759371 -76.78962346133412;-530.4619155976036 373.97564415757114;555.354988003009 324.12415328564435;-278.8274289185841 -464.5610650718951;993.1534697536373 -116.81688883167071;-83.72736965246436 -107.12593296198135;-799.7947938832359 -580.1248933953405;744.3342681580642 667.8072306029628;186.4240641753517 982.4693727014316
1000,10,25,GNNLXSSA,772.0170505206333,139685.35694947938,7.317827660833336,,2067,2110,9000,5590,100,0.0,1,558.0711066717462 -370.88317314022146;810.0003549602427 586.4233941287939;-750.1550609821174 -661.2619635839609;-721.2246428680899 692.7012447800251;204.08317429937244 978.9535525079276;-464.0958354404561 -402.96966066303276;-126.70780530817436 -991.9400849214562;997.4433342607272 71.46184253742071;-79.90308543827304 542.7621647333998;286.81125391968277 -871.6746352872043
1000,10,26,GNNLXSSA,1047.6758809763705,139409.69811902364,7.317827660833336,,2072,2110,9000,5590,100,0.0,1,-535.2395506458965 -844.7003157477678;-298.89973974406877 891.6851492330755;-788.1271402628962 -450.4239199172454;743.2502015370559 669.0135558530378;647.9882181726638 -643.630560480544;-307.6755647119645 61.58575375569666;-985.868093246985 167.52343930791832;128.52009836649154 79.33262874843078;316.48665181694366 673.9391574392188;629.6086792670088 359.5328025799493
1000,10,27,GNNLXSSA,925.0403627703781,139532.33363722963,7.317827660833336,,2073,2110,9000,5590,100,0.0,1,-361.3342222853635 490.75931300151797;920.0926604181711 276.0786455516187;-38.2624599896678 -649.6416441051724;342.50881379870566 572.2942940210521;-994.2014902441376 107.51918332981595;-43.688862173546696 669.7502432770195;598.2899975798084 80.58626744367749;909.023264239195 -416.7453719862028;-868.3899239170289 483.70606789542285;-385.8126748607102 -412.9362149710703
1000,10,28,GNNLXSSA,1079.9645055998408,139377.40949440017,7.317827660833336,,2062,2110,9000,5590,100,0.0,1,-536.4321386883788 256.10229000541267;41.692443563414415 -937.9563865419979;551.0188942881349 -543.9152415340413;815.3839525125467 300.5099515801051;581.8112292596759 813.3238552430053;-294.13952431082214 608.911448590542;-733.5100926987146 -545.6477592999669;265.66980050651495 -719.3331292173892;302.5895519691621 193.47659407108293;-896.1707344484538 -58.71086220814789
1000,10,29,GNNLXSSA,919.2208084842132,139538.1531915158,7.317827660833336,,2074,2110,9000,5590,100,0.0,1,-206.5242818034862 -372.0069966335805;-814.540832709568 -213.66143232582255;292.9923274866979 98.87684089582255;-662.2033140809044 266.5070191895752;620.0295050196463 -362.2495045040111;305.5414055490341 890.8149692894127;-377.05259225330565 -921.728750180979;20.065389005538197 587.0954180181598;12.371051493466064 -924.3439882323738;932.5354184283176 -345.5555174704961
1000,10,30,GNNLXSSA,1048.3148965596338,139409.05910344038,7.317827660833336,,2073,2110,9000,5590,100,0.0,1,-860.272980576635 509.8336972874514;90.4929487297957 -882.0157904692729;157.4845332131443 789.1231458358029;-195.8097772313849 150.5776268039863;-887.8319098001376 -460.1679040748498;-626.9201872692644 -217.71714834674677;952.3675920875812 54.40013273626771;564.237384516193 162.09741904198083;-429.7795769998718 -752.3676113965123;102.8099619498355 -279.9769857499862
500,9,1,GNNLXSSA,1957.8648903847352,124453.77170961526,5.830638138233334,,2013,2046,9000,5590,100,0.0,1,0.20169289253422618 -313.33922989004606;-337.80610646593027 -358.1484138816208;-483.5119258218117 -59.38995568187026;12.379249425852011 250.18769475589542;498.3021002997392 -41.17058217791752;337.150422408376 -341.9974200828544;190.09934230436693 -33.993690105773894;-330.5129730854225 248.3370707681511;-155.8533416081813 -46.9842695389469
500,9,2,GNNLXSSA,1870.4941616786382,124541.14243832136,5.830638138233334,,2011,2046,9000,5590,100,0.0,1,368.64213235725435 -320.4098757757994;0.4989823920704948 352.1502630064762;-371.9473364738941 332.95175309266375;-184.29372006172719 13.610374492653726;-16.94611095188525 -284.9499766830584;-499.3967975825403 24.552771010686822;190.74465808048495 35.42405520714885;499.11031216972157 29.814363750431962;-372.8799028706085 -333.1074571894265
500,9,3,GNNLXSSA,1772.6879299101856,124638.94867008981,5.830638138233334,,2020,2046,9000,5590,100,0.0,1,-499.69693306504956 -17.4061795171535;-186.87613553577825 -28.226168457046256;-27.707413409297246 347.3837099474016;345.911395035513 361.0336643369773;499.8180747855762 -13.486738584259133;331.0733297570875 -331.56216812491573;-362.3330958965742 267.9590520286059;160.70684574453279 -14.284057332260408;-29.69991528966271 -314.3300274509118
500,9,4,GNNLXSSA,1926.2924656172981,124485.3441343827,5.830638138233334,,2005,2046,9000,5590,100,0.0,1,41.77326064423941 -342.3326583383146;46.43453846640538 275.45576608375404;-129.72333550494452 -23.68916931383758;-478.75284220305167 -51.45580670549768;-306.9442985863155 -346.97996724772725;388.6513016988452 -314.5634525621074;-298.13213588270395 255.85609934572184;217.7544073574021 -54.52234271852782;407.63184790594016 282.0643668553014
500,9,5,GNNLXSSA,1804.1821763420157,124607.45442365798,5.830638138233334,,2005,2046,9000,5590,100,0.0,1,-379.82273307165656 -325.16871227407034;-11.999747434254694 -351.51050045005934;-200.31355367596277 -21.81345842438086;177.8380324581229 -32.64268151761237;-8.396226876077328 292.38734505255684;498.90621674272256 -33.054302223213334;351.5807176866531 -355.51511775301185;-371.53260536437097 304.44427748011464;363.20660189688033 275.3006265040045
500,9,6,GNNLXSSA,1656.9624488528207,124754.67415114718,5.830638138233334,,2004,2046,9000,5590,100,0.0,1,-48.81487707594283 349.4046875436192;-57.258287875223786 -296.61473761377164;-374.69441593529956 331.06509128403246;-391.61556596920553 -310.86532211010416;-215.35137487560482 17.49385124252333;498.5428288487577 38.145088851361045;306.57635089487917 -311.4304438981728;123.09280482143869 24.95957594660604;319.1084607958265 354.8642338406149
500,9,7,GNNLXSSA,1739.993096651975,124671.64350334802,5.830638138233334,,2005,2046,9000,5590,100,0.0,1,-498.31636935021265 37.7967629724153;-341.3114616408398 -283.6051076163013;335.41720159378633 345.20858361464485;-331.97890627814104 356.2668423663083;154.23128098551237 18.473511601796947;-14.19919299054841 -285.19388062773817;499.7815888510009 14.777125754661956;-190.3047743395709 40.29737051639536;324.6765285734169 -303.76664470598723
500,9,8,GNNLXSSA,1902.9388033455616,124508.69779665444,5.830638138233334,,2002,2046,9000,5590,100,0.0,1,41.10441852953535 412.7697550498644;201.9787457052348 -9.399754805166317;-295.9170125736562 403.02992651846904;-302.7209855189592 -278.5803228538126;23.733780980833025 -333.3209868886308;-486.71166385077055 114.49488694445431;379.22875011604555 325.8612512794699;378.0124839816938 -327.26892072254856;-122.98549691540175 39.35118624114256
500,9,9,GNNLXSSA,2517.022244339285,123894.61435566071,5.830638138233334,,2011,2046,9000,5590,100,0.0,1,-448.10633096187166 -114.34684967380653;345.98543630082406 140.450708256276;194.62759193702936 415.65466597279527;-134.68778998632823 -120.42819080099095;31.77454021159342 147.08756190060973;183.04747826016987 -128.76826819428993;-296.774160514094 -389.8709161163555;17.79103482488355 -398.3553577564051;-285.57545226172317 155.12672462828178
500,9,10,GNNLXSSA,1896.0408737723483,124515.59572622765,5.830638138233334,,2011,2046,9000,5590,100,0.0,1,14.407574907277283 429.2157274828842;9.511019720259869 -345.82552645696643;-399.5798827434997 -300.5593407410441;-221.3390788050803 25.636837202389888;349.10816571129806 -357.94341158217907;362.08181448205323 329.12876109306177;499.7236525702744 16.621403726029055;173.2134337773446 -72.51230245908779;-375.04323768230876 330.66988049831696
500,9,11,GNNLXSSA,2030.2404958521656,124381.39610414783,5.830638138233334,,2007,2046,9000,5590,100,0.0,1,280.4133291458625 -309.1008172287494;-373.9278533640535 331.92626640411044;-81.59017863076448 -396.31578428765135;497.8801359043059 -45.99269583573036;-234.01955055848165 53.78951048069574;-483.72899105119313 -126.51539758440589;114.8498006463536 31.242847677221455;301.6915933558431 360.74146857801264;-64.42453670857942 351.60047382761684
500,9,12,GNNLXSSA,1691.884122797259,124719.75247720274,5.830638138233334,,2007,2046,9000,5590,100,0.0,1,144.55699148606442 -3.5483144038974315;-48.90022834119214 340.1008341972366;-409.7928987658206 -286.4782367320524;350.7106233844292 356.3734819614179;499.7942831021401 -14.341359015720933;-397.32336774981763 303.5360628326445;-226.22156029694932 23.37153258414268;-63.08043811486999 -382.5746965731039;338.344712489437 -349.71015325468454
500,9,13,GNNLXSSA,1848.9348400678864,124562.70175993211,5.830638138233334,,2008,2046,9000,5590,100,0.0,1,239.15278059868822 -26.627980315198744;393.5500606033253 -308.41262911741956;-111.3365638098346 -23.304317896511787;-274.4237594094458 319.248391637612;88.46438926313247 -378.61188218807376;-499.8888631674182 -10.541559713165361;-294.07201866702053 -394.8865408424992;402.6629424084336 285.4431061798718;83.50529753808263 300.17882125521015
500,9,14,GNNLXSSA,1727.2664102272101,124684.37018977279,5.830638138233334,,2008,2046,9000,5590,100,0.0,1,345.0704814350836 296.0795486450655;334.66208422439934 -285.51718583688665;499.89444068036056 10.27366423772388;179.95835149476912 11.980669298817002;-10.415142063589013 -303.32619216849287;-174.3312748533782 9.75125788201712;-331.16137854495935 301.468686123628;-499.9958467157316 2.037956579178509;-344.13992079645925 -301.2556781313953
500,9,15,GNNLXSSA,1944.6808319577103,124466.95576804229,5.830638138233334,,1998,2046,9000,5590,100,0.0,1,-325.3353255839241 272.5876350294499;332.02684146237885 274.4869606925368;-18.42989996683887 -288.3252638988603;-346.18103643783076 -288.57342862441385;1.4431874938573839 290.1365166432816;499.5751104876242 -20.6084686786288;-177.88628149561515 -0.7028671773410579;-499.9974188419955 -1.6065961975876022;174.70261945571016 -6.703460643806537
500,9,16,GNNLXSSA,2588.0890962302656,123823.54750376973,5.830638138233334,,2014,2046,9000,5590,100,0.0,1,288.04318987706796 151.95936608201714;107.00964482309317 424.94587676246925;-78.60637736552457 -419.8527717408128;284.01322840384745 -411.5051471022252;106.27392795846342 -139.48285155579438;-237.75307849184514 -141.21455646199047;440.57825317947913 -138.01163094570558;-398.15691970298997 150.84231268749969;-56.85753278502112 156.1894037014337
500,9,17,GNNLXSSA,1848.0692270143772,124563.56737298562,5.830638138233334,,1998,2046,9000,5590,100,0.0,1,153.8176784140204 54.75412653638041;496.2291340463333 61.25427967218125;-23.17474903966376 370.2826930970178;-379.58495764560075 -232.92046078453626;334.63005344682483 371.5073169555784;-208.38293272021394 63.236726712963375;325.6253781233661 -242.55768491997756;-33.048744927685576 -239.91592467547525;-365.0761543444009 341.6391517064683
500,9,18,GNNLXSSA,1973.8604484578827,124437.77615154212,5.830638138233334,,1999,2046,9000,5590,100,0.0,1,-63.623932113098675 -471.6556795400167;-314.3660932679924 386.63829692869666;-322.6798762824187 -229.28341232309916;-44.49214802407103 206.0605658710944;101.50032754603421 -205.6443374365527;-496.2004462589812 60.929922330979124;325.81266206085184 129.1418285812484;121.17021719014915 485.0956384735819;480.86809098978523 -136.98860926310482
500,9,19,GNNLXSSA,1872.5288693898328,124539.10773061017,5.830638138233334,,2007,2046,9000,5590,100,0.0,1,115.93177783106778 -14.735315072211922;479.5845967258777 16.679122286255264;-73.40048372768864 -294.0560173682568;-61.77398926221112 309.8715144073633;-237.2639941050296 -16.79199683429353;-407.04894285198264 -289.17931586982735;306.2521895914557 338.78699278225065;289.03081761186814 -301.368051411234;-397.40839301124504 303.4243184584679
500,9,20,GNNLXSSA,1882.545224688074,124529.09137531192,5.830638138233334,,1999,2046,9000,5590,100,0.0,1,-335.1764338232683 370.9903713007992;-332.5014940077017 -288.113068782335;71.31219993908529 391.21545806254636;65.65547897294617 -349.77905755717467;-155.2243914299454 35.14856828497399;394.9931351616569 -306.50586161944454;243.71317821013423 36.822194762771055;396.43875129391637 304.6881827786743;-497.84127745667905 46.397732007060355
500,9,21,GNNLXSSA,2124.0572719905467,124287.57932800945,5.830638138233334,,2004,2046,9000,5590,100,0.0,1,79.33007219135104 7.98837570536252;254.17928375260885 323.39777782481883;-91.6711415988109 283.74797730645264;258.89215941302535 -350.2176718947122;-413.73061469148865 277.5806713272898;-277.8857369249843 0.9478041690265632;434.21402680923705 -44.6079021514804;-102.0347389394657 -334.2399212396995;-416.82669672730924 -276.143993046019
500,9,22,GNNLXSSA,1959.066948555148,124452.56965144485,5.830638138233334,,2007,2046,9000,5590,100,0.0,1,88.72716614563436 279.08116804994916;-101.36466625653824 -33.16435130459095;-499.2242320109001 -27.756863036146967;-309.7244754644695 -328.81832064197465;413.9471887530407 267.6842788760855;393.61619221355454 -308.3158564687592;72.23527135780412 -332.09068049450156;-301.3994230306023 280.4294788522596;235.91387743204305 -28.113750483853106
500,9,23,GNNLXSSA,1786.618057253596,124625.0185427464,5.830638138233334,,2000,2046,9000,5590,100,0.0,1,343.3386061461449 230.82040294948962;31.154704899890582 227.69698976988536;-143.92760334008514 -57.673706203070395;182.59210681852386 -62.59112788756869;-325.45790802600766 -355.01333972715304;334.3452458305829 -343.55048842841046;495.71276167154474 -65.33549775650953;-314.8455797182669 244.2314838492183;-496.46813282475733 -59.32436668197409
500,9,24,GNNLXSSA,1886.7321159718704,124524.90448402813,5.830638138233334,,1997,2046,9000,5590,100,0.0,1,-375.0922387556724 292.5850463867748;311.1152056210946 -326.0026625432824;-191.07605036592457 -24.970752626650437;322.01580219125367 285.6829487924239;-54.54177169346333 -324.7963274857118;152.3234760773613 -10.728967154582945;-42.87008752280085 304.21585677163455;-499.08119064078653 -30.166732755700117;487.6661800583101 7.163734479876003
500,9,25,GNNLXSSA,1987.8571083343704,124423.77949166563,5.830638138233334,,1995,2046,9000,5590,100,0.0,1,-98.08984607330785 -323.78085022640516;-426.13851049495906 -261.5350325817715;251.47133246943883 360.48630429227103;-79.72109190378508 342.78685168470525;68.13910417115153 0.13278494714614164;241.3788195662824 -330.086977691261;471.57558629405946 9.097940993658485;-400.81099442704385 298.9098797918084;-276.36179704227595 7.594931077633858
500,9,26,GNNLXSSA,1959.372849787629,124452.26375021237,5.830638138233334,,2007,2046,9000,5590,100,0.0,1,16.78010605000221 -361.67794923211534;-347.8810298691824 323.4486541196133;-357.41615775475447 -349.6479517683872;-179.35889031932902 -33.53415520536204;333.86077500989757 -372.2055653933597;26.857161409421913 305.2094389106081;497.404070331849 -50.884091986680644;158.17384898443274 -5.4044571104283685;351.52942758075807 301.98006501015425
500,9,27,GNNLXSSA,2273.3559874305647,124138.28061256943,5.830638138233334,,2007,2046,9000,5590,100,0.0,1,413.150540954676 281.61327063223143;-235.37198966612826 -275.1033885132162;83.89597360335115 -266.50918856888217;-225.73262180376685 283.6775471523565;98.5421677754285 292.24952276258597;249.3983089133607 16.56607832259389;-73.58854046328513 10.701886884779078;-398.1244184333917 5.951362206921405;398.87812525863114 -270.1476594422074
500,9,28,GNNLXSSA,1963.7137338818575,124447.92286611814,5.830638138233334,,2002,2046,9000,5590,100,0.0,1,337.88077839757597 -282.86656947435824;-331.70069051681565 298.1571472748053;499.99947223609684 -0.7264734163254385;0.22340629174741888 -298.10232443663057;188.65378888542085 -6.204086744667696;345.98554843046657 285.82340409322654;6.1965598991885384 315.2601616977596;-341.47885512927303 -289.80554541757624;-499.65532123571256 18.562326385366728
500,9,29,GNNLXSSA,1725.156282048294,124686.4803179517,5.830638138233334,,2000,2046,9000,5590,100,0.0,1,-329.58334589602833 -375.9984283317936;372.32745938827236 333.7248312389631;498.8091696277232 34.487857215275746;-493.5176998757221 -80.25135456412353;-127.62247670262703 -35.202255127611096;60.45239136469579 283.6365578941921;-327.700394908641 377.640637612957;50.029449724370956 -399.802900782269;366.74363148611695 -339.8515981489203
500,9,30,GNNLXSSA,2504.00431065046,123907.63228934954,5.830638138233334,,2010,2046,9000,5590,100,0.0,1,286.8780539386634 173.45844175672178;453.67042307354467 -116.3446664999167;-403.533138031032 128.2530476473798;266.20121598595205 -423.2456882327338;-55.42330979034713 -422.2257359259607;-227.20984626845527 -162.36966255869248;-233.84189639328395 440.02303634760824;-46.9663338266082 143.0659825874735;112.64924290947137 -141.35536327797203
750,9,1,GNNLXSSA,813.4926292986929,125598.1439707013,5.714940611099996,,2013,2046,9000,5590,100,0.0,1,-648.0642913495388 -377.5085088810848;-503.8239961428954 71.08515768670499;-244.25736379937814 640.1190453354347;574.0516178873694 425.1656272883189;-273.5261327741439 -698.3433644630852;733.854223964453 -37.6274330186103;320.5739037963914 678.0356717789572;7.718101658950731 375.77237729541724;290.3445748181025 -691.5200849387495
750,9,2,GNNLXSSA,904.0246887670655,125507.61191123293,5.714940611099996,,2001,2046,9000,5590,100,0.0,1,96.3934959156302 -196.49573911321608;-716.4518855745421 -221.79864676602884;-134.48509941476493 -600.9479879707384;-152.4219808291952 728.9066226448061;275.78223309546155 -697.4543025520682;-418.5845703763733 -133.521497706003;-566.3738176930062 136.91620509939736;322.58221937045664 670.8025690350125;684.5268443268781 306.46091772903907
750,9,3,GNNLXSSA,886.277893828883,125525.35870617112,5.714940611099996,,2006,2046,9000,5590,100,0.0,1,-60.98866770675313 99.55027283542765;-530.5167087365412 530.1433973476874;425.95983796690535 617.2991304377543;397.5041325287756 -348.23093785254895;-256.26285003429086 678.0497371741678;193.73767785952566 -724.545176077792;732.6042613459658 29.85942781217818;-250.47064772188236 -578.6890874906989;-686.9608966754964 264.7796257105276
750,9,4,GNNLXSSA,995.5225689434301,125416.11403105657,5.714940611099996,,2006,2046,9000,5590,100,0.0,1,511.4020206718547 548.6054805165037;142.73834622505774 644.4188623266168;-726.5647890028475 -182.15628434200912;-487.3739816080468 -570.0584198584556;-302.3980868827022 215.98722787814697;749.9171896425391 -11.144894734179333;297.4297106229544 168.29109729702301;510.4413052415711 -549.4994757989139;93.75761423990036 -744.1165968932839
750,9,5,GNNLXSSA,915.2979191154736,125496.33868088452,5.714940611099996,,2005,2046,9000,5590,100,0.0,1,402.85487552351935 319.6016108811792;-561.2005349159509 -497.5479470463631;-232.77112378064675 317.59189050251945;401.451386298025 -633.5114714347277;235.71101951250836 -183.44215294184468;-411.38675246255843 -15.04106129412515;739.7834885224736 123.37094515938209;-30.892128426827938 749.3635141913838;-738.3948249471372 21.735635873901373
750,9,6,GNNLXSSA,1104.0813992974872,125307.55520070251,5.714940611099996,,2013,2046,9000,5590,100,0.0,1,369.12808940887396 168.30082378167404;-29.719201567279597 -749.4080901265215;197.44445435103842 -109.92749454485595;-600.1157313832097 449.49450604523577;-744.7542077833305 -88.46745109573216;-228.06973457397595 -197.38266235104317;-368.12422833460045 -653.4400385056524;-21.0259579397407 598.8487510792829;678.5119071536153 217.6630627192564
750,9,7,GNNLXSSA,978.1532808491465,125433.48331915085,5.714940611099996,,1992,2046,9000,5590,100,0.0,1,747.0560642873239 62.74351846135186;-302.01884428515376 686.4964258092939;-523.5939030697515 -532.3385487568058;529.8126530806102 -530.8470086691715;-159.90543788402363 413.2387200115109;309.5319049167546 184.4060027483564;-345.5739151566858 -233.17235071092114;-733.1412092650191 -145.22218088359486;37.00169768694437 748.4705493064471
750,9,8,GNNLXSSA,800.0203624001879,125611.61623759981,5.714940611099996,,1988,2046,9000,5590,100,0.0,1,-501.11933729136484 532.6442208945859;679.9945241681181 -121.50538504783421;-136.71087329159909 -615.9084468560031;131.59115256743885 -130.37175430504226;-126.12813585830165 457.8033981685897;-307.27287174943257 -100.15376178702948;-721.3422060634873 -205.3422064541563;351.8403452687015 477.18315611937265;342.7146928511943 -667.1181599266441
750,9,9,GNNLXSSA,1003.0799899682897,125408.55661003171,5.714940611099996,,2002,2046,9000,5590,100,0.0,1,-205.39553095314514 -553.0471744463964;655.2590025207762 -48.52342693463369;170.64504111841532 -177.90456228050405;-694.4456846579179 -283.2758215238208;-673.9686726180622 329.03833869238895;-534.3985001059841 -12.187064340282836;490.6465619361778 -567.2441725220351;175.9003242810463 715.3259894326209;-193.88321298534945 501.4691870538093
750,9,10,GNNLXSSA,1557.5096483697416,124854.12695163026,5.714940611099996,,2009,2046,9000,5590,100,0.0,1,-137.2987837011529 -636.652555629218;-370.2420976421045 -248.00922987904858;-716.8929691829808 -25.23359835339475;45.561632093269125 -377.9491398342568;56.89402719046349 631.4937995296957;620.2095623402889 -161.87460187576366;351.19809757595874 -556.1345972779067;-139.44894968015097 123.95475216938459;-595.5362377994776 352.13761863210675
750,9,11,GNNLXSSA,1121.521209704515,125290.11539029548,5.714940611099996,,2008,2046,9000,5590,100,0.0,1,-689.1763451778264 -295.8647752729843;497.3690269355609 317.83053722342544;-433.7934500110689 -608.3573621781871;208.45014482498624 -599.9382535668395;-241.9978152318598 143.23007289141395;-100.75193754641262 -280.0100253086055;346.83345554747467 -154.45775989290394;-93.2750112259001 744.1772452049365;695.516559528522 -242.0403535391729
750,9,12,GNNLXSSA,964.2870926173782,125447.34950738262,5.714940611099996,,2010,2046,9000,5590,100,0.0,1,59.699904478094965 -238.90153472435364;727.0799274230695 161.0882479459391;-627.7244396913123 265.8948517652232;-362.50687809929894 656.1863354033349;-749.800531905312 -16.9486033783336;-344.8576841676551 -666.012896024185;-125.98783152128108 233.62101475966608;508.1446665340481 377.72659967194363;227.36525489921038 -714.706261945855
750,9,13,GNNLXSSA,1475.3799650225992,124936.2566349774,5.714940611099996,,1996,2046,9000,5590,100,0.0,1,638.8676415247 93.56369606618625;434.91051404563586 418.0060651535614;-46.287266294178835 -295.2865538649521;256.93129964998843 36.13151558992353;-627.6358613988183 -315.46797743314863;-392.3090726413774 639.213259814956;-208.595147465908 184.60350513123112;421.57450927346747 -252.45431395811678;112.67958318679801 348.391716435635
750,9,14,GNNLXSSA,870.0652732675226,125541.57132673248,5.714940611099996,,2018,2046,9000,5590,100,0.0,1,-172.10369682911414 145.40612834406085;551.4148593666994 309.3217648554248;-305.59488656972735 -267.62347868035744;-594.8108653901792 245.2541111318255;744.8423685905435 -6.481735807751824;-21.19722448827374 579.223493322254;342.50230591737477 -449.2041748178384;-749.6974817575585 -21.059843973965314;349.54558541672736 663.0732928722949
750,9,15,GNNLXSSA,931.6342679449153,125480.00233205508,5.714940611099996,,2012,2046,9000,5590,100,0.0,1,704.2658506166206 -257.89457469137983;220.11859936067128 192.64802685507001;459.4547982090273 -592.7911001379001;8.453857663213084 749.9523533469377;475.001682712901 454.4517984364358;-509.1652639296048 -550.682062543802;-33.47309003848361 -749.252662486611;-327.46748750411194 -97.5329445205056;-515.5497004165029 496.9558064308765
750,9,16,GNNLXSSA,1417.9731999219657,124993.66340007803,5.714940611099996,,2013,2046,9000,5590,100,0.0,1,277.19009322536965 444.9289742710044;-742.5644798947664 105.21842915452943;263.7197303081395 -179.46616578195136;587.6534573979367 465.948955086562;-359.27060667406846 -289.63980585437594;103.6500319088846 136.18492200099743;426.9426826314845 93.59079238696049;-345.9372565104447 504.72005178589046;-75.18381653627806 -528.6330197697596
750,9,17,GNNLXSSA,1016.6124646709941,125395.024135329,5.714940611099996,,2010,2046,9000,5590,100,0.0,1,-165.95573076475497 -76.44125862894192;459.18859935623635 579.5878752399899;456.0738920280591 -268.82899205843466;-364.3685717049068 -625.6843830370568;712.1920319105055 135.73788857792337;-0.7791335972677063 461.2277406038043;-618.7264142585258 342.25733164416795;138.71578970359064 737.0600044651269;-365.7096807987082 626.2830777584317
750,9,18,GNNLXSSA,972.8443369912566,125438.79226300874,5.714940611099996,,2001,2046,9000,5590,100,0.0,1,644.6263256875205 383.3495796666624;-411.82765586359267 364.0155570039058;93.27724047702273 -722.0976648205474;-440.65757084848434 -596.0578778349957;190.119402336043 671.7044324562083;-151.26372410209777 -78.14589133437043;-735.4560196744808 -146.98428477517515;641.2202536894109 -389.02001249728846;79.1323773628827 348.13666456636446
750,9,19,GNNLXSSA,932.0379469873151,125479.59865301268,5.714940611099996,,2006,2046,9000,5590,100,0.0,1,-97.92450305608897 682.7103380832029;-97.16139469001398 -478.8632032478581;-687.5241814480604 -130.89808474171622;-430.82337647393126 490.03827603936116;539.8131279980211 -113.97485338124412;222.62087556305733 690.5184669463487;-440.031096751512 -478.1206668539217;676.07645478347 253.09301006525257;213.71925297638626 -138.33490778501957
750,9,20,GNNLXSSA,691.7957116933248,125719.84088830667,5.714940611099996,,2011,2046,9000,5590,100,0.0,1,235.45286272842844 195.6200076233568;-447.8594601053148 -601.5994547821465;507.5304689887856 -552.1891189149088;-725.4574788374811 190.29305399505685;-463.1683798646615 589.8941022705216;-72.27521323485969 -378.8328287167176;543.8279371370459 516.4795976505415;-56.72209307610795 663.0707388110118;744.953792569283 -86.85532186712362
750,9,21,GNNLXSSA,977.9729957547388,125433.66360424526,5.714940611099996,,2009,2046,9000,5590,100,0.0,1,-179.7965952523061 635.847509916641;-185.52345262217736 -493.7162479337544;304.3678409484101 554.1188901113097;-395.2878094068793 -124.2167142240324;-718.969394447899 -207.40889221043406;274.94039210381993 -359.197783493353;522.1625761571566 173.5530069306656;-534.4060431354686 -526.2225584867031;78.94148321507211 154.3389681962625
750,9,22,GNNLXSSA,1541.571312871558,124870.06528712844,5.714940611099996,,2007,2046,9000,5590,100,0.0,1,43.421939389930685 -37.64744545014011;-471.0781134995915 -583.5961474281067;608.1995457782893 -368.8782559081886;293.4074664791646 -432.0090537087654;-267.9791629811803 700.4883100986459;-742.8889638110852 -103.02973631180456;31.124754529937125 -593.4768755351636;-275.708678398806 -111.36876302501948;-449.78542987962817 184.60539360831396
750,9,23,GNNLXSSA,1137.6499106802803,125273.98668931972,5.714940611099996,,1999,2046,9000,5590,100,0.0,1,-53.49529542469986 -355.8194932952697;97.20888243836657 278.2612282130198;745.2614953850343 84.17424485234372;-295.54967550378944 28.18860236816505;505.5406586692968 -380.082829003048;491.3740787933137 525.929669585403;-745.1092340944449 -73.13501593530131;-598.6567175344438 362.53989982752785;-292.63200917241807 690.5552166247923
750,9,24,GNNLXSSA,1076.497261535027,125335.13933846497,5.714940611099996,,1996,2046,9000,5590,100,0.0,1,377.65406653604583 647.9794796355729;727.2107378429278 71.22004877720272;107.71951638435614 -742.2240266859599;110.42935151295814 127.7907425101493;-529.7694861376549 -530.8900936704745;-734.5449778952068 -147.02335707279778;555.3864874150597 358.698296832217;351.00928729289785 -511.24603734404644;-199.6774308739356 -722.9307875582451
750,9,25,GNNLXSSA,1087.0395304439444,125324.59706955605,5.714940611099996,,2002,2046,9000,5590,100,0.0,1,729.5981400896723 173.74278108080006;-683.7180379924785 308.2687861651188;-423.6706649754601 545.2692552052906;-433.2178386118239 -570.0630234645308;164.44618490700617 -367.00748597258803;488.9717040938558 -568.6885550066493;-694.6439891795384 -282.7891940947131;-117.69226162848452 740.7081284505878;-131.77119205858762 -83.34779938826453
750,9,26,GNNLXSSA,1149.217282979982,125262.41931702002,5.714940611099996,,2010,2046,9000,5590,100,0.0,1,549.4460669912337 447.5651526019644;-748.8975599593782 -15.37781683621559;-63.59776644959239 497.4364535214127;-608.1356121687509 -438.9431366499977;-107.49712214690885 -424.97372814907686;-584.9089702865093 345.18793441401164;125.67847158998804 -25.05079817448268;728.9135493800658 -176.5928580949821;328.44737121933275 -671.6529535479953
750,9,27,GNNLXSSA,1227.833540734675,125183.80305926532,5.714940611099996,,2014,2046,9000,5590,100,0.0,1,-689.7411585036253 294.5453997987975;-407.54251982236417 -432.9213097065488;-218.16022420372963 430.8233195788426;77.79774491364373 -606.989899960763;-548.1959418228921 -38.322630833505954;377.94505465118726 -537.6495195241591;614.0356097474547 -297.4730281048523;624.3645103414113 415.53454516577744;-260.1359448954894 -703.4407491117676
750,9,28,GNNLXSSA,1240.5576861116278,125171.07891388837,5.714940611099996,,2004,2046,9000,5590,100,0.0,1,-237.05645506997357 141.76673463575221;738.412095101808 -125.56756885457615;345.9680548785284 -213.87131181476033;362.4934742829916 378.73868022451865;-488.71769541854724 -277.1459031801738;-478.8121951373829 577.2684659564567;-45.18938150089474 477.43516076788484;571.0051172970329 151.68067539935907;-696.2140413798002 278.9014316664685
750,9,29,GNNLXSSA,1265.617815111953,125146.01878488805,5.714940611099996,,2010,2046,9000,5590,100,0.0,1,126.08105703634325 679.4207075903048;-228.00009417352385 293.809620867552;131.95843840097947 -335.0916248519801;418.3044362855056 -622.5121674183288;-274.1060014974975 -698.1093125096271;617.2109746419364 426.08756468776556;-356.23923768026447 659.995155692058;435.9207980027258 142.83327978552177;-749.8929603108796 -12.670756732944254
750,9,30,GNNLXSSA,1026.2831127352983,125385.3534872647,5.714940611099996,,2014,2046,9000,5590,100,0.0,1,-591.1957853644573 359.19385744012453;355.0394603901525 109.22838045165904;749.9327227455829 10.045464419167075;-594.9244439330646 -456.68906929215393;148.1814858297907 484.6976861863841;-321.35486984362205 -152.96898933228755;-11.494259082082422 749.9119161662614;-139.33638514253977 -726.4430593235722;568.6726703937247 -476.6375242673223
1000,9,1,GNNLXSSA,662.7776109411207,125748.85898905888,5.76762782673333,,2001,2046,9000,5590,100,0.0,1,283.92812931486407 -709.0499506569299;-213.87851140961016 976.8602675701419;-858.0019741378367 307.4457479085737;-521.40267880671 -298.9056102344652;667.7897801672934 -619.1357735612896;-41.926289612074186 655.2798813785499;463.04848129546053 -85.81387284566185;937.9522790679888 346.7643611895051;-231.56080366886195 -794.436300433596
1000,9,2,GNNLXSSA,503.7264933353581,125907.91010666464,5.76762782673333,,2002,2046,9000,5590,100,0.0,1,-335.2698979352968 -66.5416383447101;-333.5717313441863 942.7010177408525;110.39006746270253 993.8836889406344;-648.255577127612 -77.98695111220218;-799.6458983845218 -600.4206332165301;997.3660276708684 -72.52776593032088;163.06442185759983 -964.8672349764454;781.8162864333771 297.16198181197035;531.778077781843 736.3510895012233
1000,9,3,GNNLXSSA,541.4460784716794,125870.19052152832,5.76762782673333,,2004,2046,9000,5590,100,0.0,1,-548.1046742667173 371.81827054422854;-532.060368811265 -712.1350381450085;-844.7781682611302 535.1114756080616;600.9555577260363 -799.2413837419871;633.5584056174271 478.1081845381038;892.5839709814177 -450.8663520627948;-43.029733556745164 -999.0552225005655;-847.3029193668366 -531.1007711423367;312.7419632926538 131.202447582772
1000,9,4,GNNLXSSA,479.47419250014354,125932.16240749985,5.76762782673333,,2013,2046,9000,5590,100,0.0,1,899.6626755971382 -316.6675056619953;145.17437927754133 -545.4967223191634;-199.22048752063034 609.8157555682791;-826.2382457627343 -482.56640933122196;384.4688134894733 -802.886761449146;-802.9393052973701 596.0607955641577;454.44834637128974 849.3468613516211;-518.9179950117176 72.59330010282847;-218.1115053097453 -470.3630423653417
1000,9,5,GNNLXSSA,731.0882906674087,125680.54830933259,5.76762782673333,,2005,2046,9000,5590,100,0.0,1,-344.2971229386926 -513.751715091595;145.26297036672844 705.2284038403316;-796.5066620379735 -102.77295524404447;-81.0820870739063 -74.74769915020653;352.1981408645093 935.9254615467961;-625.0163555560167 462.16786826911533;185.23945601348925 -862.449475607872;745.7766884371609 527.8345757780244;729.6102085828529 -252.97985485144102
1000,9,6,GNNLXSSA,841.4518191329844,125570.18478086701,5.76762782673333,,2006,2046,9000,5590,100,0.0,1,506.299360401867 -219.04506425266345;-243.73316231524853 -13.261808617921297;-797.7030470171061 -283.7504118755893;873.8771927210196 414.3472806740381;179.97847854455435 8.057816551751968;510.74162617345104 644.6994788643068;-451.07654187991164 729.136502547741;-576.3720645029645 444.6902708920699;-974.9513418110115 222.41825712137063
1000,9,7,GNNLXSSA,670.5228280528099,125741.11377194719,5.76762782673333,,2009,2046,9000,5590,100,0.0,1,-898.0487667753057 -429.40836668199574;-891.8509274496957 303.38603194519095;-19.571481267135432 -443.49621883535127;811.3167686843834 -154.359842767224;209.23171195516156 -820.8103073672335;233.6885120229276 594.2999483034426;622.5294927166207 -597.9352953514965;-494.4571114423961 496.5920629909521;988.9649305606056 148.14980972399727
1000,9,8,GNNLXSSA,815.4057527000114,125596.23084729999,5.76762782673333,,2004,2046,9000,5590,100,0.0,1,-550.8192874277531 -834.2151599565343;351.78903184329016 679.1953186049905;131.9687907412932 -286.947034382328;-533.641958781973 672.4017564377583;-545.3241507598404 -200.30163867884752;-204.64862763387913 978.6925606997878;302.64543441113 -574.9398336368562;870.3640857411759 408.99336187810565;-952.6591883450658 265.6468543177815
1000,9,9,GNNLXSSA,434.72846017339907,125976.9081398266,5.76762782673333,,2007,2046,9000,5590,100,0.0,1,-980.0985800473375 -198.50985710174774;-407.2235965590021 883.4191759360519;290.6399066646679 -954.1465326921259;-21.415984192501675 -647.8631838960691;322.27513361419096 861.0537734573713;-769.2237999142582 -638.9788035163374;-755.0223049431888 556.6938201674182;908.9057313787347 -341.09839284602725;592.2474147728756 381.86421881856654
1000,9,10,GNNLXSSA,505.41383034297905,125906.22276965702,5.76762782673333,,2008,2046,9000,5590,100,0.0,1,639.6761234865731 51.093416521590974;942.0789424387723 335.3912136795538;56.64256229891653 -693.5500833717651;-176.77115087924525 42.04342233436548;-756.3113050179297 -243.7301677003868;-983.9756532784328 178.302870855411;-393.1431995818887 720.4479572720358;-562.1179980657555 425.3505088145864;440.21694760767537 -593.9808040759732
1000,9,11,GNNLXSSA,646.3206195447856,125765.31598045521,5.76762782673333,,2010,2046,9000,5590,100,0.0,1,-426.057149043892 -392.19366418824876;632.2552732563881 578.0543185854099;350.9448929666334 -599.5970488461164;-405.29804961935133 793.8006453809892;-811.9309950407282 522.8330447509065;294.7118794111204 955.5861594508185;-608.1070089060239 152.05010957016242;914.1768210613866 405.31560521906584;-985.5209853913153 169.55349407585467
1000,9,12,GNNLXSSA,662.646079580416,125748.99052041958,5.76762782673333,,2007,2046,9000,5590,100,0.0,1,333.73267715147415 -487.80418961543415;418.7386970304416 782.3384336342518;-858.2707046202688 445.6235482560019;-557.9819856896372 -563.600870508636;-341.7057708346754 130.7898161701283;936.2793984368269 -104.33274031041773;47.645795911336734 38.2815326622839;485.69846177668524 -762.6196814772052;37.95979823912012 -999.2790797582095
1000,9,13,GNNLXSSA,661.0053388745437,125750.63126112545,5.76762782673333,,2000,2046,9000,5590,100,0.0,1,616.9579329806902 258.63734303860383;-429.12583466572136 -87.5222463303348;360.0629907905669 -252.95590932222228;-392.69911965699765 919.6670057257784;81.98339296635888 -749.3145250794726;864.5841879217328 -298.2549157312168;-827.1797807704522 -494.3814027555184;-982.986732757071 -56.67732085082258;870.0376314689593 492.98531400832144
1000,9,14,GNNLXSSA,1059.626817864977,125352.00978213502,5.76762782673333,,2009,2046,9000,5590,100,0.0,1,-676.8703176639431 -165.88401628080564;86.31250528009774 379.68962137188265;637.7293123741729 -160.60766774756723;86.97596967829494 -949.1772100339496;-192.5919548842541 -673.5991022304552;-656.6421177244728 432.9379778233545;903.8979954131568 -426.07741893894723;428.17210827556306 100.932924671056;-357.836264435041 -933.7834470067777
1000,9,15,GNNLXSSA,683.4933218591614,125728.14327814084,5.76762782673333,,2019,2046,9000,5590,100,0.0,1,-119.04771743528553 362.5759652906377;-93.90059317035725 -995.5795491230683;-498.2724648414994 -336.2718444376716;287.55403149667256 291.23512430079256;275.9482514458032 -961.1721136995207;828.9503921711444 559.3220437885728;-717.0239734998793 -697.04630259133;989.985281527611 141.17060145544002;615.4725824925981 788.1575953337976
1000,9,16,GNNLXSSA,609.7411823373841,125801.89541766261,5.76762782673333,,2005,2046,9000,5590,100,0.0,1,-270.9769201834867 -396.786175632378;471.982166709275 881.6078091261321;64.53004877732366 -981.4453012521795;990.6926861755261 136.11760194155855;472.2923056208339 -879.1770961042246;-745.7916382920359 571.7582077057727;851.5492874586906 513.803987973328;-430.7780301494435 14.98122114214743;12.42668632209889 993.5415583168799
1000,9,17,GNNLXSSA,433.26236618826806,125978.37423381173,5.76762782673333,,2004,2046,9000,5590,100,0.0,1,-346.3912735631571 833.9567843896828;-389.00156047654787 -921.2358269321232;689.9795016416663 94.14348532919861;230.15331118678506 676.6069056799993;-989.1527939806942 125.83167572373043;982.3029804953435 -187.29642936038266;-769.3620476783275 -290.53721172949963;218.74517086267593 -553.6657194314317;-111.48222130736315 118.39698664191748
1000,9,18,GNNLXSSA,611.6756091236603,125799.96099087634,5.76762782673333,,2000,2046,9000,5590,100,0.0,1,232.2333949451823 972.6599587352749;-75.774490017215 980.0557671142712;-422.9302532091354 -474.8489193837637;50.84617878424563 -998.7064964758367;794.0451050343845 515.1008746923214;804.1288848722737 -587.5966220970931;-612.8103173052631 -790.2300392950289;563.6790965635213 -152.92364513755945;-994.0421988173218 108.98915402849083
1000,9,19,GNNLXSSA,524.1741089342831,125887.46249106571,5.76762782673333,,2018,2046,9000,5590,100,0.0,1,821.4453948699359 570.2849953627325;407.7168450054321 913.1062283461731;-21.743563759824927 999.0060415806312;676.2737638878712 298.6172629982281;-91.2743304450126 -973.320073554095;-733.3420950886793 579.0991671170606;411.0282374685655 -680.2403525150455;-908.0153616393975 2.1542600049101894;-409.5230094796981 -640.7170681732317
1000,9,20,GNNLXSSA,641.5763079478638,125770.06029205213,5.76762782673333,,2009,2046,9000,5590,100,0.0,1,218.3028594627761 -680.176042166685;-434.46082125509884 738.942517510779;-142.32425136275424 270.1420449858403;249.7018812269626 891.4185519244681;14.362486448221013 4.975554972198647;-774.6296989087133 632.4150769617975;829.6538232193225 508.2579650384989;975.2247340324127 221.21645086071226;-426.16872076301445 -828.7103171472891
1000,9,21,GNNLXSSA,572.198572157824,125839.43802784217,5.76762782673333,,2014,2046,9000,5590,100,0.0,1,218.99869413343856 -646.9240467263398;-95.37855291591299 -210.4330445682441;239.14627101483944 358.57095027843656;-997.0059514057873 -77.32485280581376;-281.3573269851451 -523.7514902288078;518.3297539612059 -573.8374083726961;-516.9495411026052 184.09739331511622;854.3455443120108 347.8194070650113;-794.0618442329718 607.8369744704016
1000,9,22,GNNLXSSA,671.7014894861786,125739.93511051382,5.76762782673333,,2008,2046,9000,5590,100,0.0,1,50.32587686633422 -998.7321347870331;-867.2394502363596 208.38961201688517;113.83955868765365 687.9483166920619;967.455702036402 -228.5758486702349;-61.13113341448768 992.5469303843531;-307.6670359031675 574.858036680681;752.2432580334893 -564.8203324764564;435.62123956235297 354.46854897354825;-470.01611347773627 868.9765174330657
1000,9,23,GNNLXSSA,733.4697002268658,125678.16689977313,5.76762782673333,,2005,2046,9000,5590,100,0.0,1,664.7178025619369 747.094534150284;-498.6010797472192 866.8315656890368;955.951948528378 293.52320539404934;340.9110398739355 -486.101448376821;-404.5764064053797 -904.8103303384609;-36.56388671244582 999.3313175261143;-87.3452748160327 -596.5076433899717;-866.8511201573641 498.56708222858333;-594.5945221394413 -302.05036518766786
1000,9,24,GNNLXSSA,691.2115250062197,125720.42507499378,5.76762782673333,,2008,2046,9000,5590,100,0.0,1,686.999623867364 -103.97110664625923;-174.52814114404512 116.538358803195;999.3595468511747 -35.78402041993814;-695.357207222599 609.2240512457487;191.97362333459895 21.138794217103445;208.82416721107217 803.5058026317188;-438.65175372073605 -396.06548998880163;-823.0395895251628 187.51412245714195;-967.4654560864144 -253.00314480161308
1000,9,25,GNNLXSSA,645.1321713836951,125766.5044286163,5.76762782673333,,2001,2046,9000,5590,100,0.0,1,710.0322372195791 137.41308840872233;-30.45639023992019 -327.07628803472005;-28.449897695697825 908.9741325173492;190.93000610723078 131.941581367824;-920.7092962775533 -242.00312983964798;-303.87231478362446 627.9241189662504;440.4358559956566 -840.3084173755731;-715.4258900512378 122.1235558809671;843.7726883065019 526.1418206512809
1000,9,26,GNNLXSSA,627.7729636551958,125783.8636363448,5.76762782673333,,2011,2046,9000,5590,100,0.0,1,-49.0117681383346 -291.67811898751796;537.9062091925499 -389.7339105207871;771.501124983182 297.7830024095046;-46.87683323252334 644.1294569846076;519.7782730772838 789.1347646358031;-983.4641544044364 141.61758832529947;-645.9871109738581 -410.46566092195917;960.7456147077363 -277.4308270900224;-349.7187896008535 -225.0501333122763
1000,9,27,GNNLXSSA,449.1703482668963,125962.4662517331,5.76762782673333,,2011,2046,9000,5590,100,0.0,1,-432.4535384540203 -816.5571246116348;-703.2474169741337 -380.8738839902288;601.3852682491251 -798.9591723817481;584.6746594798592 690.5791615275743;-21.88093117690578 -999.760583765349;-991.8888562642255 108.49256770915473;70.51680703216003 828.4309885013727;949.9702803414706 312.34030554500623;306.4762524577137 187.94910820644338
1000,9,28,GNNLXSSA,524.9183348742663,125886.71826512573,5.76762782673333,,2006,2046,9000,5590,100,0.0,1,-611.2085785489926 -462.02159342584343;885.0125533232489 -378.5640177084971;7.204816000481025 -625.8122603864097;-967.6413683030457 -252.3295114500267;-320.3902812653264 669.6491643813417;421.5579018507989 761.0427420122658;-352.6078255978629 -935.771190690944;32.706376108862734 665.1629311399033;400.8607028723809 -637.0970725373512
1000,9,29,GNNLXSSA,495.192407486451,125916.44419251355,5.76762782673333,,2005,2046,9000,5590,100,0.0,1,-67.69148724173961 -771.2248247192083;-437.3253271064718 -69.64988244739241;-629.5203903227464 452.50192105718287;-60.8638134767191 146.28260019472947;713.1731957434222 -590.4736745258322;312.33784320951 790.8864921319258;938.9258920381504 189.80743340906938;278.18669325799806 -960.5270239270628;-881.6514258794225 -335.6904478181986
1000,9,30,GNNLXSSA,699.1100428125937,125712.5265571874,5.76762782673333,,1999,2046,9000,5590,100,0.0,1,175.84493084995148 888.5574393385792;-924.1586949599073 65.2363657508256;783.5418192174325 -493.933940460795;-794.7943253701529 360.17503969281523;-519.3185271518945 -177.9901663216333;473.02377401072386 158.53333925282237;985.5611200311922 169.32004808309568;-7.797611892972968 -914.7825235403144;795.9716990910244 490.59749231930346
500,8,1,GNNLXSSA,1423.4445569078525,110942.45464309215,4.2694565066333325,,1941,1982,9000,5590,100,0.0,1,-100.51291458134244 72.01570702031148;465.9018259799717 -181.48137245604065;294.91446114701483 256.1431265892732;74.64047097736893 -225.61708782930006;-495.4609455156142 67.21942776291391;-313.30888094753243 -305.2595334412819;-313.5163649927464 389.49645554450814;95.4225711849138 490.8100782466269
500,8,2,GNNLXSSA,1895.1656782732316,110470.73352172677,4.2694565066333325,,1932,1982,9000,5590,100,0.0,1,-347.43685892673676 310.45839981417595;-342.79031126442123 -363.23729820823536;285.8823032011643 -318.8437935069018;-26.852515650444346 -338.6814392553379;-497.38043261916465 -51.114628508604206;-188.66534683828036 -40.319458660536526;310.86365586529155 230.15078748475298;-15.924345695402154 259.9400318364402
500,8,3,GNNLXSSA,1324.907287556911,111040.99191244309,4.2694565066333325,,1932,1982,9000,5590,100,0.0,1,288.030691890993 71.40169532326514;-271.2387140462255 -395.22350937615914;76.02540200181379 -341.0922156210761;-87.45702829841517 97.82808066452493;451.210903663501 -215.4268330899537;-456.50409165962964 100.93988443910892;-253.12979285608387 405.597544962145;99.55211306808465 392.7105476840075
500,8,4,GNNLXSSA,1463.2943886360736,110902.60481136393,4.2694565066333325,,1943,1982,9000,5590,100,0.0,1,-19.180155829607212 -222.03990344053875;-495.2757642552799 68.57052822713558;-338.17352367908177 368.2915528253037;-7.022131641622877 440.54116246713545;332.5569997727765 -227.620613167094;495.8867612337253 64.00250020996296;-187.5917696757319 82.5877285036586;344.110926622408 347.9963756879086
500,8,5,GNNLXSSA,1447.132028241831,110918.76717175817,4.2694565066333325,,1949,1982,9000,5590,100,0.0,1,-327.31334446879805 94.04076372678857;55.55384677664808 154.11562250083708;286.46584944066797 -255.1736566603492;289.08683530604986 407.95541891249155;-136.2064717444057 -183.71223446792584;-460.8129648893122 -194.03801159514012;498.7684738435588 35.069907594364956;44.494177558390206 -498.01492903651007
500,8,6,GNNLXSSA,2152.6622899533395,110213.23691004666,4.2694565066333325,,1949,1982,9000,5590,100,0.0,1,13.325206680515404 -145.31635149303773;487.8357954737101 109.61859629886017;180.7375170393369 134.25950606411294;339.3791603944715 -165.464973800442;6.873767909919359 397.38130091736343;-485.3951242261239 117.07552926307771;-322.10905033646037 378.9604761549807;192.9346137711387 -445.9317282149406
500,8,7,GNNLXSSA,1335.8089387376822,111030.09026126232,4.2694565066333325,,1950,1982,9000,5590,100,0.0,1,489.7759563181035 100.59578824526976;-311.93182390202026 225.77735826285343;-52.77297094285271 492.2554005819729;136.52132658830214 91.43797448966194;298.33249318479204 -223.74048462761277;-446.53759473047205 -224.21851501107585;-61.26560996567331 -236.01573147848467;306.4609993177455 394.9056014055056
500,8,8,GNNLXSSA,1738.8019764698838,110627.09722353012,4.2694565066333325,,1938,1982,9000,5590,100,0.0,1,219.0158305475174 444.3103728908052;-456.033704019578 -98.35377118004192;-308.6622034224946 -393.3543493828059;372.640966560159 174.64171978697962;26.171514296749155 -391.5136419050396;-141.12626410979564 -105.2643341011461;207.84920593944804 -104.81143299530515;37.82129442304846 195.24704497872872
500,8,9,GNNLXSSA,1348.7410618561844,111017.15813814382,4.2694565066333325,,1941,1982,9000,5590,100,0.0,1,-147.50866267073437 -43.3505305281991;374.7778721665516 264.4702511467586;30.312114051805562 -347.13087766493567;-318.9736862376554 -345.94097556614946;-498.34493093310067 -40.648859925994316;-310.48027857611874 261.02152542975415;364.4603412630539 -342.1997373937677;209.17144753139874 -52.096341864710475
500,8,10,GNNLXSSA,1285.2262015698216,111080.67299843018,4.2694565066333325,,1943,1982,9000,5590,100,0.0,1,322.4540133883764 -221.09469776285607;-181.07193038616577 103.67377226107098;38.65932742766849 480.53148983899;-338.00182363640823 -368.4481192575921;458.6695365558206 199.05340046246056;-333.8514166679601 371.1105494692011;20.901089173190492 -283.78309484932157;-490.3159987343347 -97.92817225819607
500,8,11,GNNLXSSA,1782.1815005044045,110583.7176994956,4.2694565066333325,,1945,1982,9000,5590,100,0.0,1,-469.4728266797027 -100.69254961432503;-119.27655572993604 454.22228711065316;195.67127499309996 434.45313181502553;183.7946943715123 -138.62438528425565;-294.07009653323297 -390.44695385509823;351.16245610838405 149.72008870077866;-133.33031040323402 -127.26416622978084;11.509618576491878 148.5113057587739
500,8,12,GNNLXSSA,1445.9428403948114,110919.95635960519,4.2694565066333325,,1947,1982,9000,5590,100,0.0,1,309.74811234186797 369.9200319544539;-382.5948370352251 -252.79180355708107;-374.7663561010558 330.9836526699417;-220.5066634444433 45.61155424064449;-37.76563936301622 -255.13558571299112;306.9449679689486 -267.10405242736783;-24.984764684526212 374.32494228676376;498.077306302808 43.80635737126252
500,8,13,GNNLXSSA,1636.8481514414016,110729.0510485586,4.2694565066333325,,1933,1982,9000,5590,100,0.0,1,271.2161322548762 324.31450272173413;89.73976475262853 1.0923351235974086;-256.2426476286025 0.7412207711976371;-414.78546679292754 -279.19897619083895;-82.72359128727143 310.5779025222531;-408.2298829657732 288.68838866989427;-91.26844036007796 -339.08473145548965;254.33292111170672 -344.1805977919861
500,8,14,GNNLXSSA,1884.8978202366125,110481.00137976339,4.2694565066333325,,1953,1982,9000,5590,100,0.0,1,-74.23370927701257 37.87721784155434;-388.0687476631265 43.22481721606196;-229.113642264002 312.22676213906897;403.3984402624866 -231.50697063043341;87.24151118559828 309.8649382403819;82.66714707103337 -234.72083403894965;-234.46316879627932 -233.13583971255673;248.59119363441965 40.95143287212479
500,8,15,GNNLXSSA,1577.0619003986649,110788.83729960133,4.2694565066333325,,1952,1982,9000,5590,100,0.0,1,-386.50322081725835 281.6175789084297;-392.0412651863849 -284.9238023139278;270.0291928469034 -304.9524318613078;-81.86086291747226 -311.14728805759097;-66.09137459024222 300.9950321220004;-246.8740306987145 -9.95232032977113;442.38308506968343 4.501495548570501;85.75271254580598 9.38884776467869
500,8,16,GNNLXSSA,1289.0427819049655,111076.85641809503,4.2694565066333325,,1944,1982,9000,5590,100,0.0,1,-380.2917120314214 301.41143078249075;-49.6173410151853 -309.0422868716371;317.02927927570113 -323.20385908621887;132.28684072635093 -6.947729732036569;-218.86955486230494 -2.012167890240141;499.9932432876728 -2.599358896738933;-44.59289479894783 307.96521739864323;-393.59185361901166 -308.35929167896086
500,8,17,GNNLXSSA,1722.9651512356504,110642.93404876435,4.2694565066333325,,1939,1982,9000,5590,100,0.0,1,94.84202726910084 490.9225158280089;96.20897177881018 -490.6565333808;277.2155399112117 -38.776864146314466;-420.0101959522897 271.27741390709105;-217.40740884054767 -450.2599455661573;-434.64135702527284 -230.6964598847737;-87.45120864095165 -158.91421700210003;421.74463432320823 268.5730132004765
500,8,18,GNNLXSSA,1990.2445653984032,110375.6546346016,4.2694565066333325,,1945,1982,9000,5590,100,0.0,1,-16.139532992781234 -177.20162290268405;-25.21286675298346 432.9028164746272;-483.9310338488437 125.74082263922585;156.43503864351288 137.27571651306445;158.1816296673296 -438.06575468525995;478.6047121528547 144.69806323888048;-176.73721183437044 148.41064227824106;328.4077031582478 -163.70992640592274
500,8,19,GNNLXSSA,1775.964804166273,110589.93439583373,4.2694565066333325,,1953,1982,9000,5590,100,0.0,1,-68.73027048776518 344.7600172849936;-376.3728688148902 329.15568295268645;430.43786311491914 62.57379416818137;-391.92688370214864 -208.9703707609876;-80.02247650493246 -237.22679956042975;270.5658339832127 336.6955556561688;256.2897745150551 -257.786168061337;85.09978846802652 50.83757178995429
500,8,20,GNNLXSSA,1618.4398616834515,110747.45933831655,4.2694565066333325,,1946,1982,9000,5590,100,0.0,1,-302.2582661113543 241.36906993434278;89.33860143446758 256.486152645988;259.9529418648053 -98.9289050420993;-493.2957577603604 -78.68695162131966;-319.48753599870713 -382.05333971832823;95.07363644014495 -397.99835309942887;-115.68085302016982 486.42594120344535;434.8536810465794 185.99712507802343
500,8,21,GNNLXSSA,1519.6332265577512,110846.26597344225,4.2694565066333325,,1948,1982,9000,5590,100,0.0,1,17.44996449257817 -306.58543361978514;28.26829578184478 300.40328132093293;499.3068648387311 -26.31833438721196;-302.7278551542164 -291.72918161423;360.4617599303827 292.1192175228868;-468.0208794091455 33.26846616877729;-289.12341874888443 326.9149833440641;192.31764630183278 -1.383714192812405
500,8,22,GNNLXSSA,1663.342871128887,110702.55632887111,4.2694565066333325,,1949,1982,9000,5590,100,0.0,1,-36.87334534753492 120.53526924411952;267.88756767034886 390.9461725301606;-329.58573557205835 -339.94748991492645;114.62717376558976 -212.4597439716675;443.47473421195974 -218.34440750720523;-312.56579567840043 266.17105876046367;-58.56751178152292 -496.5579991941738;-496.71700483604474 -57.20329629233524
500,8,23,GNNLXSSA,1698.4669849516795,110667.43221504832,4.2694565066333325,,1942,1982,9000,5590,100,0.0,1,-270.43031169506673 -225.7053533401292;366.65731721529426 -228.19809565359054;-437.0463037182626 74.21053102777519;-100.46588708729558 68.56993872445952;-262.4966387394387 347.6923321536309;65.00311665419706 343.81365092769477;374.0755738093129 331.7014277604029;231.05160893060167 58.92286059946706
500,8,24,GNNLXSSA,1539.8201740182558,110826.07902598174,4.2694565066333325,,1951,1982,9000,5590,100,0.0,1,186.36268031448958 463.9708518711055;332.1223578694529 119.62077304440704;-219.3527256922731 -297.62911789505824;-397.2687085617654 291.8697243176628;183.20724434641474 -361.042337997011;-92.02413669175841 196.3054912461155;-499.85850924088385 -11.894147278441094;474.59019396922685 -157.36628542432967
500,8,25,GNNLXSSA,2115.174814995946,110250.72438500405,4.2694565066333325,,1944,1982,9000,5590,100,0.0,1,-63.68383867810198 256.4139165742895;-499.96364521747745 6.029383123696202;405.51502352080536 149.32695346315577;226.8732879676967 -198.34982898695586;-200.39455965293155 -303.2142398702341;-376.9530327949659 328.491112614447;114.48953465450857 -485.28212452945587;225.72869690437668 422.77783667537415
500,8,26,GNNLXSSA,1546.6626884021098,110819.23651159789,4.2694565066333325,,1945,1982,9000,5590,100,0.0,1,-324.240673646765 -144.48924764080846;248.10695323241166 225.39736962553766;424.268100103395 -92.66180310456488;-155.66708464709154 -473.1662035812997;42.234256450267885 -137.55062081895446;-149.5877746161429 194.7375436844144;-460.802312919374 194.06398262586302;233.87315950211948 -396.77786130027795
500,8,27,GNNLXSSA,1704.2358407433057,110661.6633592567,4.2694565066333325,,1951,1982,9000,5590,100,0.0,1,99.64262673845619 232.59317163302057;90.47566859255323 -367.91067467782284;-80.75832283202348 -59.507629712493056;-235.7405825521726 257.5989897705979;392.9471314154497 -309.17731721710834;410.89569984892205 238.12254039263672;-249.74523261773396 -370.52835985393483;-407.4761724601108 -74.60464574756693
500,8,28,GNNLXSSA,1348.0719069365878,111017.82729306341,4.2694565066333325,,1946,1982,9000,5590,100,0.0,1,329.82784384035966 -375.78361948062195;-58.15314386781624 -377.79562287614;-384.86853777795216 257.19214903806426;-243.41614784369204 -22.768502360455155;340.2490226481805 335.26809490288485;498.50104622317065 -38.66923624750059;-393.13371308180217 -308.9421633343827;124.51294374812952 -15.789153491317846
500,8,29,GNNLXSSA,1263.3164201442996,111102.5827798557,4.2694565066333325,,1941,1982,9000,5590,100,0.0,1,-242.5385484730843 251.7107741116858;-454.12344167361323 -129.99675715537785;334.9164734699653 -97.5883257127035;138.33812390890992 237.3529543956025;-253.18007531923422 -431.16104817266;465.88593045206125 181.17871273697003;119.01808133053801 -485.6281461328178;-58.52377591999452 -90.76513251953598
500,8,30,GNNLXSSA,1130.1201459427248,111235.77905405728,4.2694565066333325,,1942,1982,9000,5590,100,0.0,1,97.70356789563002 -465.6846551858785;-325.42838465057156 379.60010386942605;-336.14297976258337 -365.0683386039953;-498.35404645925513 40.53695076947135;338.79963380896777 230.5353752524686;496.8166721028084 -56.32941826582028;101.60957107745577 489.5664980627766;-91.91256161428603 -52.75289743994428
750,8,1,GNNLXSSA,614.1036198897054,111751.7955801103,4.4642832578666685,,1941,1982,9000,5590,100,0.0,1,383.5029304708513 -59.76133143089194;-352.51097101299854 -42.93204246446063;-748.7480213243571 -43.317439477191435;-154.62611526403265 -658.5974790988063;551.4986146078365 -508.2807079612967;142.6189768262294 736.3150327468803;749.6148951966535 24.03141484203843;-544.1144872712854 338.14792194591195
750,8,2,GNNLXSSA,655.8190392276301,111710.08016077237,4.4642832578666685,,1945,1982,9000,5590,100,0.0,1,-201.66740029426472 619.0061625670446;-486.6305488096125 -276.7498498038699;432.1571175813539 -297.97723281886215;-656.1704092765009 174.82285173970047;129.88511803164465 627.1782263139852;562.1625726458765 40.59157091419475;-229.29593303328966 -703.2841485913953;115.38857370160576 -617.7161212343236
750,8,3,GNNLXSSA,738.1065627517382,111627.79263724826,4.4642832578666685,,1938,1982,9000,5590,100,0.0,1,-69.70990987936055 -627.906028699922;291.49825615797965 678.4883118610164;-368.5985385216752 -548.7025770327748;145.97959653472617 249.37246274515533;-90.17408726684714 684.2535698052815;-654.3624006886926 -60.08551735680054;566.3773404692952 -335.99457381401123;735.9640255200095 105.09043753373055
750,8,4,GNNLXSSA,475.417523619908,111890.48167638009,4.4642832578666685,,1940,1982,9000,5590,100,0.0,1,192.59365595832432 -721.8151329517598;533.4996500348058 -527.140681018331;-709.4702502472205 -243.2099582601009;191.46823456820152 725.1476390522982;544.1588386751583 515.8060368969622;-140.95081836435122 -375.37897556572244;-434.8719909462967 590.1963618584657;-438.15498566522774 -549.3788331715062
750,8,5,GNNLXSSA,717.1090290212887,111648.79017097871,4.4642832578666685,,1947,1982,9000,5590,100,0.0,1,149.2765196136117 -734.7035256307744;349.37139877734916 -60.44714011975253;-479.66034446409935 -47.74069317544584;744.9652616301727 -86.75689577369782;-603.9675922052724 -444.6607106162695;-346.7283923945654 330.4647764367293;514.5716515504314 521.5061597658087;-48.00381592453817 -145.30703822079866
750,8,6,GNNLXSSA,1089.9284452893626,111275.97075471064,4.4642832578666685,,1948,1982,9000,5590,100,0.0,1,-305.84385903708534 -189.68601171976871;94.33507915812001 433.14769606619905;200.9938292394211 722.5447063748452;406.578217892378 452.04539471462954;-514.1554381635888 498.3412136568884;684.3864944978684 306.7759930764098;-695.1715549727325 -281.4470415641181;-127.00238063535595 -739.1401320147186
750,8,7,GNNLXSSA,607.9592949548532,111757.93990504515,4.4642832578666685,,1951,1982,9000,5590,100,0.0,1,-283.1403658201091 694.5009238606201;-711.9385254819441 235.75861193369028;491.2873367260804 539.437654004435;-530.1007806711111 -88.05923529526254;25.126503406179737 697.869553307606;-268.81762256379966 -566.1610693189016;45.37252978415643 -741.1503231031115;687.1952398093006 205.82202111156658
750,8,8,GNNLXSSA,772.6301753370935,111593.2690246629,4.4642832578666685,,1947,1982,9000,5590,100,0.0,1,-179.50297596639646 -557.8589783008124;463.87567051009034 552.8760025011982;-160.87656278851384 177.9120752287879;675.6722808761447 325.52568079281906;-716.0311797463246 9.980697419216032;451.7695313435031 -364.73970348567616;-513.9861560454566 -546.1851621873443;97.14247494275266 545.307101272958
750,8,9,GNNLXSSA,657.2240937096649,111708.67510629033,4.4642832578666685,,1943,1982,9000,5590,100,0.0,1,679.3011597161211 -265.0782233493752;-371.47904670018653 -536.2198508588904;-727.9199644537333 -180.6447490232571;-324.7281011817504 568.6901146696054;146.93788981768043 -317.0097300684459;430.6193971389058 420.3518541703062;-575.8754796753935 106.40619155791128;147.4504551709939 703.2658587139051
750,8,10,GNNLXSSA,605.8283682302426,111760.07083176976,4.4642832578666685,,1941,1982,9000,5590,100,0.0,1,746.354106750682 73.86167704832799;181.70477492670818 -15.513162627104844;-60.06213040642198 483.87406450003107;-711.5341273892071 -224.03655107199006;-60.500416775815225 -413.63209242819505;469.5337928319706 537.3928911109001;-527.6504364645427 367.9732093501616;-372.04339090319866 651.2171030349631
750,8,11,GNNLXSSA,792.6403096753493,111573.25889032465,4.4642832578666685,,1940,1982,9000,5590,100,0.0,1,357.78987980141466 -282.69142379649026;-622.7288752849817 -417.9817554466962;587.5481128704807 446.6708933572264;-625.6856930235363 412.80587407711795;-241.326708261339 710.1136668729497;-286.2793132629249 -693.2129216897995;362.2566254855251 656.7116089211763;745.1658245503351 85.01702136760211
750,8,12,GNNLXSSA,685.8994277827587,111679.99977221724,4.4642832578666685,,1934,1982,9000,5590,100,0.0,1,463.07050033820565 262.33957007430524;-714.2731185826426 228.7223471159433;748.9376610740288 -39.904634128921515;453.37610692296147 -597.453015450905;-563.8570421945556 -52.02401086231641;-142.79680937793012 562.6467831981292;89.15763733808217 -218.54551322086797;-405.3316669049984 -549.2023930942815
750,8,13,GNNLXSSA,585.085042975421,111780.81415702458,4.4642832578666685,,1947,1982,9000,5590,100,0.0,1,-719.1941678274079 -212.74338758946706;657.690873151398 237.83771891764584;-339.03427011234925 -581.205097219415;467.6485842514123 -321.81694782626994;-582.4821331389802 169.84267169081267;124.86603250554245 594.5588024291088;103.2787432945405 -686.3128937132701;-166.22485452448535 -246.36368269730698
750,8,14,GNNLXSSA,661.8835809646553,111704.01561903534,4.4642832578666685,,1934,1982,9000,5590,100,0.0,1,-304.47786838254274 -531.2968932853399;-664.947950315604 290.86337617727753;748.7576873531402 43.14821728620645;260.80721638573345 679.7018498962217;-24.546439657593623 167.00091836661488;502.90415433442587 294.2180367665447;214.81228310041885 -549.4845507978692;-490.04717533081583 -46.37464211180327
750,8,15,GNNLXSSA,620.7596300045698,111745.13956999543,4.4642832578666685,,1949,1982,9000,5590,100,0.0,1,-205.41366138096657 316.7774575874152;240.88550567384004 -497.3301740758723;559.8637671938134 363.88623823174134;-399.8829030140727 -247.8274182284704;549.3979309115537 -510.5505983838465;-212.82662943717315 -593.5517541002741;-688.5810516453324 297.2475821566988;748.4910833903731 36.10021567181057
750,8,16,GNNLXSSA,644.547669052612,111721.35153094739,4.4642832578666685,,1946,1982,9000,5590,100,0.0,1,748.9644780683074 -10.022076073186478;-7.518563725895879 745.5258276024003;-407.40754806817927 629.6924000811506;-511.9395267816873 -548.1023758588195;-749.8171626409668 16.44896629777249;626.8061656379219 -411.8422400850669;-26.36731042242323 -420.5079562864851;321.4466973329476 224.97418105114588
750,8,17,GNNLXSSA,479.46748439203657,111886.43171560796,4.4642832578666685,,1954,1982,9000,5590,100,0.0,1,143.18865956747769 -216.2583180340147;742.4951190555339 -105.83476828863252;-130.7491358151307 674.75034935962;-714.1886727593956 228.98589411178335;-457.4357118065045 487.94694965841904;520.6558380073167 533.4257607400068;499.3600478319299 -559.5887263243361;-476.43388911331374 -579.232897291204
750,8,18,GNNLXSSA,436.2376600323332,111929.66153996767,4.4642832578666685,,1947,1982,9000,5590,100,0.0,1,86.28577004437317 -648.2422650674617;-737.9895275577913 -133.68416965006708;60.03988098419103 696.3650568960854;-248.1781424982018 707.7482671021825;749.5689607586603 -25.423868060977444;451.91230903368677 -558.6106658510864;462.7060737252514 590.2567994845652;-542.3792701756756 -499.07964158726924
750,8,19,GNNLXSSA,855.1883386771951,111510.7108613228,4.4642832578666685,,1936,1982,9000,5590,100,0.0,1,236.15699057864293 -663.2550069472926;719.8970437477706 -210.35131310896236;-749.9376459629758 -9.670944499388918;-350.89465183965683 -660.8172268882756;-170.0053283262493 -361.74833816801043;573.005805662148 -483.90464723276887;243.55639682842914 279.59249495084504;568.5621517473444 275.2819506289501
750,8,20,GNNLXSSA,1217.982846010491,111147.91635398951,4.4642832578666685,,1951,1982,9000,5590,100,0.0,1,153.92247761132566 207.19077130852466;-651.1396582662345 -224.96343962040166;127.32240034469976 -390.75578070737765;-326.2046046474767 -276.0930818860313;-5.596909460984106 -749.9791161122325;443.68755457750683 -50.137048614698706;749.2937812237843 32.539659177127035;586.9897686856117 466.8436691853196
750,8,21,GNNLXSSA,526.1110637797829,111839.78813622022,4.4642832578666685,,1940,1982,9000,5590,100,0.0,1,-105.12356327209945 609.6639473242246;161.26603145362927 -310.5224808785833;730.4803634126561 169.99540778654543;517.3563905404436 -521.75835524624;-496.41445767605427 -491.70713923277185;-91.50841027132259 -727.1880725361502;-715.2092007693986 225.77820783857305;-328.578234650756 -169.3879110341312
750,8,22,GNNLXSSA,717.3802491595998,111648.5189508404,4.4642832578666685,,1941,1982,9000,5590,100,0.0,1,-204.0501446856216 -61.05007469528829;-381.90454998091786 253.30971016750235;340.96353823737496 58.22190269732639;-707.5452534077501 248.75633535683593;116.16165064400779 -633.2146846417718;125.80017852408541 542.5683310952237;502.4793145704999 339.5676503819552;-536.4849325032586 -244.14653486879806
750,8,23,GNNLXSSA,947.6301357508491,111418.26906424915,4.4642832578666685,,1948,1982,9000,5590,100,0.0,1,-28.866862304360026 -520.5408245920255;730.035832293703 -171.8943965556767;-334.25555742262014 -225.9815514928386;571.4771635966895 -466.98700787634317;-525.5588712568452 190.0485068771889;-28.1006185751882 295.313653650512;310.49415160155576 -303.4270229107413;-314.5488718329907 556.9708993121221
750,8,24,GNNLXSSA,732.9492307632609,111632.94996923674,4.4642832578666685,,1937,1982,9000,5590,100,0.0,1,558.8350686849369 -318.3077904061511;567.539073004427 483.6349997336539;-64.61084257649516 344.129713198912;-313.36986704707175 -681.3398910648215;-729.2951641801038 170.15095527473255;-305.58362349643784 625.3956041976095;-539.0968283264335 -181.0847047285552;741.8427513512291 105.2135100491105
750,8,25,GNNLXSSA,821.8794857098983,111544.0197142901,4.4642832578666685,,1940,1982,9000,5590,100,0.0,1,683.9536967751467 146.4266878326231;90.21434839971164 -420.9482360175481;-749.6900657492683 -21.557794735800105;-537.611676663038 -522.9424003006902;-320.38509840491275 678.1214409643583;-335.95841720576146 -168.73951419223079;478.62659955688764 -407.4935213489622;-167.80426938281428 403.01380432315347
750,8,26,GNNLXSSA,970.6436232532724,111395.25557674673,4.4642832578666685,,1940,1982,9000,5590,100,0.0,1,76.88975809051934 -70.9018351056952;-91.27373871365837 -744.3778364445947;-748.1133680324043 53.15574633607349;383.61705125730145 433.38613385146215;626.3563795305305 -397.10017060899895;245.45091667602097 708.6746430550646;-373.31815916418736 -597.6859100545693;-542.2901285967226 -176.0089022134314
750,8,27,GNNLXSSA,669.4801820230932,111696.4190179769,4.4642832578666685,,1951,1982,9000,5590,100,0.0,1,-278.971059145204 587.5609509317;260.58787406021645 -354.82591284537966;424.29634082079093 -618.4027424043624;659.6017067198962 -247.7281570746054;-472.5399939716941 62.91142060045996;-254.51122534283974 -643.1844334870913;21.130028761379215 67.28133708613505;-731.228822260225 -166.72119115209932
750,8,28,GNNLXSSA,575.9214104371495,111789.97778956285,4.4642832578666685,,1939,1982,9000,5590,100,0.0,1,441.12511817500285 -576.3898745998086;-311.19452840766024 -642.7852229491631;749.9794415246695 -1.2754309761705398;-597.3949682485418 -112.30295270179556;431.26135439968425 613.5550975182007;-731.6437819033896 164.9155278986818;59.409312115203086 191.3134549891417;-295.811347134209 590.8666610230164
750,8,29,GNNLXSSA,603.2074622850196,111762.69173771498,4.4642832578666685,,1938,1982,9000,5590,100,0.0,1,288.02524556127923 254.70072129835597;-123.74761146422547 -729.1213000042925;551.2786496331155 -209.17183695846327;-746.7192225422355 70.0742655039592;738.8209536094212 129.0100713419909;-414.4257261215317 -218.4262860705868;-566.3208688110735 -491.71198231187213;-150.8975254097996 708.0210723022456
750,8,30,GNNLXSSA,574.9870475793869,111790.91215242061,4.4642832578666685,,1944,1982,9000,5590,100,0.0,1,203.26716500565436 -583.9575642404141;-308.57463009751325 -567.9248788461568;528.5493460320477 -297.8135928757426;13.586144099533596 -19.389373181907825;-624.8920630366999 357.84565057512907;225.410832591485 709.5077130540604;-255.37476006983837 705.1834739408407;728.6870184199979 177.52529168029437
1000,8,1,GNNLXSSA,242.89666184787347,112123.00253815213,4.396698497133328,,1943,1982,9000,5590,100,0.0,1,622.732773047278 -30.426668397349534;-557.0575004517445 -808.8366648086094;-967.270334009113 -26.894922073126676;-136.10628987162502 710.1545214400296;-150.92286334897125 -796.9116371298278;-561.9411257282475 687.8579810443815;260.0752717859735 -32.31861517630436;819.0847718775631 573.6713135254997
1000,8,2,GNNLXSSA,336.79165340085456,112029.10754659915,4.396698497133328,,1945,1982,9000,5590,100,0.0,1,-799.062476942315 201.479890890156;-970.14282440286 -242.5343280025354;118.34179179225009 -75.09812374780157;-198.84137608121486 962.6226919791455;771.3911671057335 636.3612710648364;741.9981194773023 -670.4019620288614;-615.0791693436838 517.9321443925942;-177.46204573246814 -950.0029859492624
1000,8,3,GNNLXSSA,383.5252369710797,111982.37396302892,4.396698497133328,,1943,1982,9000,5590,100,0.0,1,888.7246542784488 -106.67669298284645;190.2831631467214 -780.6507120972674;-637.0393241411382 770.8313041760836;-197.0325258738403 -170.37689859338036;597.1653310197588 55.251821859424396;-941.388985888525 290.2294688101612;-620.7065162273879 -294.4340524007256;265.1897568739756 964.1962418766843
1000,8,4,GNNLXSSA,311.4420109299099,112054.45718907009,4.396698497133328,,1935,1982,9000,5590,100,0.0,1,-112.55652264813273 118.16251879315205;687.1961943861137 -726.4717441582818;182.04515289638556 -837.3570060507685;427.38687657110466 2.3628597354205927;984.0057705203476 178.13239421498872;-988.9736436476735 -148.08941718188757;203.49328489800155 640.5852756479214;-557.2205761499547 -132.17256567118514
1000,8,5,GNNLXSSA,481.47055433919013,111884.42864566081,4.396698497133328,,1942,1982,9000,5590,100,0.0,1,-462.6883107179405 -367.316082129291;327.75297743207284 -62.385105732996614;85.14249241062434 765.1594469556023;-655.2317880632044 22.650090466115707;574.7683724227252 818.3139330166197;-833.1911123624387 551.6692248118026;796.4905897361115 411.2712376512527;-264.4319394054784 -964.4043495454888
1000,8,6,GNNLXSSA,299.99267417872034,112065.90652582128,4.396698497133328,,1952,1982,9000,5590,100,0.0,1,-91.33337119106002 -784.7239826772569;151.80164819295578 -11.241549436151733;-884.4884920520416 -311.4100426729103;572.1446871873587 -820.1527034176498;-89.37535804329302 819.7214368011958;-587.857607604049 204.67495020151404;-596.1745683025451 -800.237765937885;615.917316158587 787.8108019416865
1000,8,7,GNNLXSSA,309.69304479034327,112056.20615520966,4.396698497133328,,1947,1982,9000,5590,100,0.0,1,-455.47456615036975 564.9247646274047;-22.993757535874952 -999.7356086057861;403.0433377654165 -756.2352948476084;-446.89696950603104 -894.5854339560451;-903.9497510135662 -182.0678779953043;866.4713170578378 499.2268589690019;856.6367567235417 -515.9200199935758;-44.898353446553315 566.1142334742982
1000,8,8,GNNLXSSA,336.913605642374,112028.98559435763,4.396698497133328,,1938,1982,9000,5590,100,0.0,1,-898.6863261122492 -367.3421971764382;632.5309603649868 -557.3393041560965;-887.9843575055007 420.0205559132815;192.0085542007969 -981.3932249810842;198.09269834545955 980.1832904422594;979.6631439745771 -200.64877883406268;-557.3179669839883 751.0763539818482;659.2325725279958 751.939103463918
1000,8,9,GNNLXSSA,367.11484181002015,111998.78435818998,4.396698497133328,,1950,1982,9000,5590,100,0.0,1,632.8762131002783 95.75003989075236;-800.0141406152073 -324.2269857220658;-279.8373687692151 565.9792153025996;853.721989430109 -284.89180245742364;74.2266794646786 -487.9904663285772;-462.89700739023476 886.4120715272129;396.9716416874918 489.8130928781555;109.83361087424217 993.9499876363626
1000,8,10,GNNLXSSA,435.68469812993135,111930.21450187007,4.396698497133328,,1940,1982,9000,5590,100,0.0,1,245.67215436556404 840.7410061385365;-966.9141473418782 255.09793155844724;931.2936340523365 -310.4391763548016;-126.5718913878757 461.80446269377126;499.13828844277 98.33683241821122;-717.5253486139663 -696.5323071096367;-474.0416424781429 -467.4043554323618;-747.1291084853458 631.8544492364506
1000,8,11,GNNLXSSA,556.5127260549198,111809.38647394508,4.396698497133328,,1950,1982,9000,5590,100,0.0,1,-37.78733002821882 909.1969944965385;705.911988407647 708.2995585360491;-561.7491139996192 -792.1649467073498;-242.20593451369666 -969.7499931870042;-8.71011009064573 -509.99294777178153;-799.3424676027983 -548.4126024389694;955.3685295585793 295.41660875630805;288.9653765507527 313.83992707230107
1000,8,12,GNNLXSSA,490.23277021740796,111875.66642978259,4.396698497133328,,1949,1982,9000,5590,100,0.0,1,721.9994572333292 141.65410357301803;199.21730376218022 271.54837262720656;-230.8649022628989 -479.16361159340454;-71.86101261055646 -783.9821161105134;-987.2149346536228 159.39470755593896;896.8253122071395 442.3848543797207;-786.0095635587647 505.0782709144053;-518.3598762165943 657.4844587731612
1000,8,13,GNNLXSSA,207.70308196626138,112158.19611803374,4.396698497133328,,1934,1982,9000,5590,100,0.0,1,998.7862755935605 49.25419460253147;-713.1398647368964 -701.0217720267166;166.18956182907962 -923.2785402268204;-319.0035039927965 -802.9601672011605;-321.41039694867015 793.8086629071586;162.27053791387627 913.2932598945483;-970.0830286427587 -242.77338721386354;458.77313390917806 32.22831986108261
1000,8,14,GNNLXSSA,374.3495925636089,111991.54960743639,4.396698497133328,,1944,1982,9000,5590,100,0.0,1,-999.4515621676934 -21.61802843462589;808.447925220249 22.391485697053376;-356.5160124190491 -748.2879244593584;662.6709832250859 -404.415982407387;105.68149533667885 -744.073619986913;110.80941343720461 944.4761057795325;-651.2243466899894 58.21217182569297;410.01606517608974 431.973368984621
1000,8,15,GNNLXSSA,349.62649296784366,112016.27270703216,4.396698497133328,,1938,1982,9000,5590,100,0.0,1,-158.33603468334212 496.8563339473673;250.26938647629433 -450.27356609209306;839.0132421442793 544.1075854148983;-174.30012947696926 -675.5955187495214;-898.6310370752817 -224.06401613792093;259.7395604384307 863.9651469938138;-498.48772855256345 -866.8954415911688;594.3195439985193 -260.90562661378596
1000,8,16,GNNLXSSA,466.4905055730924,111899.40869442691,4.396698497133328,,1945,1982,9000,5590,100,0.0,1,982.8837594975757 -183.10521460789673;283.9141714935071 956.5999332379279;-125.25002357254925 -991.7356830907767;-963.508535259518 267.66454954348376;-95.8011983499779 130.65726132300918;-774.6733401432075 -87.19540497594593;764.2349362111146 33.960668533645276;224.71542417818665 -643.0978948355219
1000,8,17,GNNLXSSA,339.76886529613694,112026.13033470386,4.396698497133328,,1947,1982,9000,5590,100,0.0,1,724.1876097979152 -421.24883244710617;375.3651079347409 -636.2356430735504;-26.540317123828867 998.4612867913858;393.24814962631075 746.3245912747742;-521.6314506967742 -398.86153009406087;-982.9332407290743 73.59859589853995;-511.91334768083425 858.8305224341998;898.3776423790908 126.32337170724918
1000,8,18,GNNLXSSA,386.86223032507405,111979.03696967493,4.396698497133328,,1945,1982,9000,5590,100,0.0,1,354.5346235567776 935.04288709099;-322.76047962334127 -697.3993390874172;340.6713410531836 -61.01320673280317;-677.2987742291548 727.6936648836187;973.5395562029395 -228.51856053323914;-23.813946645703833 331.6140697216748;-938.50666313923 285.39186216115;-653.6565166119163 -522.2632095946565
1000,8,19,GNNLXSSA,425.54550951842975,111940.35369048157,4.396698497133328,,1943,1982,9000,5590,100,0.0,1,833.687890660206 -120.42941280428875;147.19310352427962 -320.3463969767259;-350.6256188748436 -42.00141474027617;-994.7176477336315 102.64892248470566;989.1361526691203 147.00228393780407;-45.88037539692696 -975.6281084983359;588.1851343482937 589.9953738626499;-569.5390810825254 -421.9074638321548
1000,8,20,GNNLXSSA,170.035731779426,112195.86346822057,4.396698497133328,,1951,1982,9000,5590,100,0.0,1,-719.9146328594551 -675.9873674089;719.9518983701582 694.0226324796837;702.4377654010351 -691.5466086509576;-703.7468042892831 696.0265750341296;273.80522463456305 961.4176945105794;976.5650815274961 215.21742298145506;-240.63181899302154 -952.1884141771194;223.37593378639377 -968.2777675961775
1000,8,21,GNNLXSSA,348.17147878148535,112017.72772121851,4.396698497133328,,1942,1982,9000,5590,100,0.0,1,587.6488055050452 394.3194635411896;-982.9974581267625 179.65028839449533;283.9687522435904 -424.898699792777;-652.4553429490156 -157.90420606023093;-178.73628642028848 778.2174525094405;-642.877509346902 765.9689993569739;-179.12479564924035 -956.1249841072905;954.2384501614918 -299.0467860275279
1000,8,22,GNNLXSSA,323.0851780826488,112042.81402191735,4.396698497133328,,1942,1982,9000,5590,100,0.0,1,-13.767787163787292 999.9052195266372;639.1208116585649 -769.1063568225769;969.4247114107673 245.3889339521048;-32.770838447967776 -783.7001128144937;-458.1823501447715 235.327260323978;-813.5426147193965 581.5053000923787;-826.1591121151694 -431.87111798343216;460.7404877600495 -267.2424139392093
1000,8,23,GNNLXSSA,465.91627419729775,111899.9829258027,4.396698497133328,,1940,1982,9000,5590,100,0.0,1,-947.5661726296863 319.54278817370147;-533.2495414541645 845.9579933654644;593.9365834009602 804.5118612537632;-197.4308931086278 -102.0670143316339;587.3458158240163 -44.895259901233565;-620.6857408977119 -784.0594435667863;419.10066535874347 271.3602310098499;921.8886113678552 -227.6476928277747
1000,8,24,GNNLXSSA,326.90262031031307,112038.99657968969,4.396698497133328,,1942,1982,9000,5590,100,0.0,1,-376.20787889774 -562.530608316089;990.6788192786055 136.21219720222277;813.9250363139063 -580.9694449752576;-898.4018536559447 -436.47864556397167;603.624483087199 49.12449923048963;-661.8433668505065 369.8423868109629;75.54779686175054 -997.1385756710906;-387.3728689632094 921.9149893450826
1000,8,25,GNNLXSSA,380.33288372226525,111985.56631627773,4.396698497133328,,1935,1982,9000,5590,100,0.0,1,531.429746454788 625.4898764802675;-322.5434618041542 946.4875087890839;-74.86753592425495 477.60630012306484;188.8314718254226 5.809116758117733;813.6049673945471 346.60852483376397;-379.41261576636816 -911.9388183188536;199.03780864348178 979.8258730029405;-956.8842011914578 -53.78521976529841
1000,8,26,GNNLXSSA,462.1786404312588,111903.72055956874,4.396698497133328,,1939,1982,9000,5590,100,0.0,1,-662.9657758558914 181.5904626875648;-982.8902145384179 183.43641932282537;635.8306565411838 -771.6316561757559;194.20849046905465 50.631331151056344;-498.118116669192 -93.18131179625134;-263.7383167569808 -812.2207974599362;-686.223908820779 -727.3224532979461;-243.09219561813842 844.2086204490465
1000,8,27,GNNLXSSA,351.3240693083935,112014.5751306916,4.396698497133328,,1949,1982,9000,5590,100,0.0,1,798.6784233560946 601.7551924361503;364.64685099702365 839.9915485452744;980.0555756205498 198.72359873722237;328.27850903031043 -944.5809761523024;-749.534221912475 661.9655959202566;-761.5842898911585 -648.0658680959674;-190.2372215012217 935.7254862124298;-302.95789876177275 -926.8698079664656
1000,8,28,GNNLXSSA,472.56667566926626,111893.33252433073,4.396698497133328,,1941,1982,9000,5590,100,0.0,1,-704.7529185265572 428.5118399976317;-81.41518010664926 604.5058131115576;-714.9502064824516 -691.4242152507705;-433.2420263780951 -393.90337632451184;734.7170583342728 408.0010087070995;542.1872610215119 62.05097773332491;230.91741261108697 -554.4892981584337;280.52485894439496 702.0271389590652
1000,8,29,GNNLXSSA,377.5808013031492,111988.31839869685,4.396698497133328,,1925,1982,9000,5590,100,0.0,1,-8.098714178406993 -458.0337582658834;896.626380876151 -440.54044551963625;551.684997796749 181.36765713908937;-797.8539658597564 -353.661511298429;-542.3534422803612 88.23415204917897;-354.8026711252347 666.0321638869732;309.5755311936414 629.5011589929113;309.31980604579314 -457.74526634282313
1000,8,30,GNNLXSSA,343.3941255966638,112022.50507440334,4.396698497133328,,1937,1982,9000,5590,100,0.0,1,-977.9358485096059 27.13370869147044;-40.077546606375925 892.1731079065614;-58.69564215828706 -998.2759245777823;543.8056737436126 -839.2111708052124;830.7105282623672 403.0175482494108;320.13238410659005 -411.00390996674827;-727.9470133346579 -685.6333902145894;998.3128333119772 -58.06450589312089
500,7,1,GNNLXSSA,749.2726573552791,97570.88914264472,3.3389737788999962,,1882,1918,9000,5590,100,0.0,1,66.62028121676471 4.0220574220494525;-489.60459116742123 97.60133953852839;286.69414370647337 -409.3061305283018;298.0270011104846 401.22531951045704;-103.96984452560643 488.121857281209;499.94256243477406 -0.5217839364970495;-114.82472542190878 -486.5999185079584
500,7,2,GNNLXSSA,751.4586347359873,97568.70316526401,3.3389737788999962,,1882,1918,9000,5590,100,0.0,1,-83.87248367775695 0.6143699648991465;-490.6997226927945 -95.98844799878032;109.2072020902306 395.05633007590836;325.8465134892161 -379.2414134122513;499.99478530917236 2.2835638013019213;-305.356193728661 395.92624938433227;-312.3784393627852 -390.4096702455906
500,7,3,GNNLXSSA,839.8723821909371,97480.28941780906,3.3389737788999962,,1879,1918,9000,5590,100,0.0,1,-144.2704685742438 422.07666884947105;247.8816730209822 424.2294675993775;452.86841384819286 -211.8952331290773;-151.4073018856485 -476.51273791616313;-492.33959825806744 -5.042494343813759;27.918834997989407 -102.55418372653963;225.61624774784798 -446.19071507415094
500,7,4,GNNLXSSA,650.1621223580005,97669.999677642,3.3389737788999962,,1881,1918,9000,5590,100,0.0,1,497.4796632853354 50.13965115065408;262.7557182910514 -425.39326805363714;-472.5905019541892 -52.030517047922935;-227.27000852272246 -437.54242243955593;42.60400480509275 -23.131232218691867;-194.6154324757734 460.57011783469807;269.2011076740935 421.3439967853358
500,7,5,GNNLXSSA,1016.8029265005316,97303.35887349947,3.3389737788999962,,1873,1918,9000,5590,100,0.0,1,383.5414011545561 -320.7740538142071;-108.59196510393431 -47.26412145988292;110.47679747197184 -479.31992380378585;120.44389474094585 485.27648636589834;391.9212672174377 310.47982269815503;-337.142152712923 364.67852843338477;-348.0540012780193 -358.96853928215
500,7,6,GNNLXSSA,719.0824793571373,97601.07932064286,3.3389737788999962,,1878,1918,9000,5590,100,0.0,1,473.64900628586145 -86.99224166154589;291.9222500183591 -395.0910640963228;-135.9632152489458 -481.15902163335653;-485.4389924439699 -119.78724729696127;294.66955160605266 403.9428862553317;65.3370754288002 14.137736093192782;-124.22365875187143 484.3227050286808
500,7,7,GNNLXSSA,955.2327478994848,97364.92905210052,3.3389737788999962,,1869,1918,9000,5590,100,0.0,1,-497.8816335275716 45.97693982766712;152.91780853617732 -182.12696420090128;-356.15243661320966 350.93509641310266;-36.14075316832377 452.16450626564205;376.1307019780276 208.45512824460315;-28.04396758663032 -499.2129163813773;-202.78211093533466 -118.84129421716334
500,7,8,GNNLXSSA,737.2402784248407,97582.92152157516,3.3389737788999962,,1883,1918,9000,5590,100,0.0,1,256.81463917919876 -429.0061084684668;495.85143872887653 34.49185331913368;-285.9601907913161 -410.1545675505688;-499.9850936104644 -3.860850597359633;-62.50763230823566 496.07740918451265;268.3292810393813 421.89974749564465;115.1951342663247 -42.11416932682504
500,7,9,GNNLXSSA,973.7518195210578,97346.40998047894,3.3389737788999962,,1872,1918,9000,5590,100,0.0,1,80.93260959632644 -493.3989268474297;224.75560981174974 -129.84351446816362;-477.68624478643994 -108.869534538945;-164.0804439958341 212.3186327346164;-321.669076045291 -382.7002749972762;365.2866539281306 341.41686471082994;497.50133838486295 49.87843571185918
500,7,10,GNNLXSSA,768.4697868007643,97551.69201319924,3.3389737788999962,,1874,1918,9000,5590,100,0.0,1,-151.26045464204068 -133.10906775851313;-313.04069666610025 182.87634284716881;-484.465466280885 -123.66572678492886;253.86923012686933 263.2586027345649;431.9197313125133 -251.88359554152441;29.376397747736394 499.1362812452795;32.255761496714975 -497.6248484946375
500,7,11,GNNLXSSA,730.1235998806224,97590.03820011938,3.3389737788999962,,1882,1918,9000,5590,100,0.0,1,227.42468093669902 71.39041049154781;43.09220774196048 -498.1396005457945;43.316957631636626 399.3349100508004;-134.89061257457678 -128.70589037691784;422.8161373666826 -265.7539485651715;-486.1166470520508 -116.72226241821062;-315.2050677531184 388.13111864774777
500,7,12,GNNLXSSA,611.3530707079917,97708.80872929201,3.3389737788999962,,1872,1918,9000,5590,100,0.0,1,248.98107719896547 433.5987733252924;-252.32871129513057 418.4343754123342;6.43409264120505 -77.53186605063514;238.23245688739257 -439.5148622918469;-499.96573313808716 -5.522489525936017;-260.66578912713453 -426.66398112285106;499.6567866439766 -18.449713504174696
500,7,13,GNNLXSSA,1078.2620903635689,97241.89970963643,3.3389737788999962,,1886,1918,9000,5590,100,0.0,1,9.774498546202555 436.86770969039554;189.25687437565497 -48.16924497570759;-290.98848545059775 -354.2674322186274;-473.27387996208256 161.26557668920591;17.030166011398176 -422.4151004814837;-150.93350595488795 -42.78607056780915;461.8377872982389 -191.58593143637398
500,7,14,GNNLXSSA,889.0517146830971,97431.1100853169,3.3389737788999962,,1881,1918,9000,5590,100,0.0,1,204.55457483087935 435.794194305391;30.384545275028 -134.81693050250206;-340.1847712660969 366.43460726115006;184.9412391766286 -464.5392750369047;-347.62683204636954 -358.3821070275905;487.4895404083425 111.1483152929587;-495.502340740685 -66.91360340395747
500,7,15,GNNLXSSA,798.0151833258715,97522.14661667413,3.3389737788999962,,1874,1918,9000,5590,100,0.0,1,-59.40208191546486 53.10538804059695;144.56597082407546 -376.9664317804269;-499.08043169006356 -30.310438862870235;-273.6498790910155 -393.7219595109888;455.8709718553856 -205.3817348734454;284.08877774752625 117.73289016432666;-265.50012980583904 423.68582826557065
500,7,16,GNNLXSSA,806.5171999153536,97513.64460008465,3.3389737788999962,,1884,1918,9000,5590,100,0.0,1,232.96596769595757 442.4049655974008;-470.0977249658276 85.05927113418002;220.89834766252352 -285.8959120090891;-126.1146674849821 442.04208838494503;-137.86557777624307 -480.6097917394467;28.29710385885603 63.5689992101198;499.9494041392797 -5.284179242880047
500,7,17,GNNLXSSA,806.0716607819195,97514.09013921808,3.3389737788999962,,1873,1918,9000,5590,100,0.0,1,67.82087531651442 165.50275019636808;-126.52610066329696 -431.1362628958647;-315.54226156249075 130.09094340878923;478.7045752426184 144.36734271220874;330.59963170033524 -308.1036905919935;-114.03824945972842 486.8216076348304;-443.9930713791818 -229.86676561907376
500,7,18,GNNLXSSA,727.1652341524023,97592.9965658476,3.3389737788999962,,1875,1918,9000,5590,100,0.0,1,163.072025459901 461.9063221999168;-223.07407353323057 447.47956122854464;-39.088963154261556 105.80696433421295;151.69616347983052 -467.8416479212103;484.23494680559645 124.56530934486209;-491.0770498108756 94.03898738845909;-231.22837021903774 -443.32092304091356
500,7,19,GNNLXSSA,729.4451211336127,97590.71667886639,3.3389737788999962,,1878,1918,9000,5590,100,0.0,1,290.20691245064035 196.252477918912;103.6209675924816 -473.95553356069854;-254.87935739501796 -276.1044261765509;-103.48661316311018 226.48311162052232;-476.20082406407084 152.42301388143412;458.77254596892857 -100.24342861811346;126.32404977710866 483.77911741611024
500,7,20,GNNLXSSA,1007.0663854966406,97313.09541450336,3.3389737788999962,,1881,1918,9000,5590,100,0.0,1,-90.51145469948067 -491.7393976048822;-70.30879850647406 120.65130341507867;466.5462799509657 -178.06913539859204;-497.7184643979594 47.710681651651214;163.13648974909242 472.16763408767264;-338.88522682536956 367.6367527763692;314.55215443958105 135.11738500513272
500,7,21,GNNLXSSA,555.9710367850203,97764.19076321498,3.3389737788999962,,1879,1918,9000,5590,100,0.0,1,-5.306699925512818 -135.67130374801857;-277.15809505130875 -416.15308523130005;499.9529997168859 -6.855514137350809;-268.19547574414145 421.9848181989177;275.5435773745807 417.2238451570313;265.6185512438623 -423.611597144261;-499.8452349042222 -12.439499328465207
500,7,22,GNNLXSSA,820.7193705890677,97499.44242941093,3.3389737788999962,,1874,1918,9000,5590,100,0.0,1,279.63883201545895 -414.4901972653031;-364.9781484947238 333.4536938375169;-124.26851953473718 -484.3111964972982;83.06700611131093 60.8082018958237;295.9470901179201 403.00784092959736;-495.7421317116568 -65.11327703304697;463.7662605523558 138.19463754224154
500,7,23,GNNLXSSA,873.0695916372351,97447.09220836277,3.3389737788999962,,1874,1918,9000,5590,100,0.0,1,469.786622751779 171.17397314859994;-53.54162865831064 -497.12502853971813;-494.3622543875096 -74.87296866626315;308.33851309555854 -388.0025306217517;132.07943653783963 106.6073076050119;-304.68803861363455 324.256703758637;-32.69772593482851 498.71219330515646
500,7,24,GNNLXSSA,785.6079593325994,97534.5538406674,3.3389737788999962,,1882,1918,9000,5590,100,0.0,1,-489.88682330672736 100.05448690810059;-166.52629240381364 -76.94679066688352;75.42544501650572 485.6024690023158;348.1928913120688 -213.3879645323152;74.34990197877161 -494.12324980358187;496.70876213657914 56.5352442441934;-331.88929834964335 -363.4968046733237
500,7,25,GNNLXSSA,771.22897058737,97548.93282941263,3.3389737788999962,,1874,1918,9000,5590,100,0.0,1,152.4582650726359 -45.8636602442463;-486.0148393614775 -115.55421134610071;-114.48014318229603 481.93623584414803;-107.92087802514231 -487.57607819494643;483.9309260942911 124.42018209004964;319.25452247648883 384.7816520296956;-358.937037202949 238.84451916158824
500,7,26,GNNLXSSA,1199.075336146765,97121.08646385324,3.3389737788999962,,1879,1918,9000,5590,100,0.0,1,-240.50739080911745 -23.893335197888923;206.8027704266278 387.1782272776242;194.7793053206128 -274.09386083592824;-99.66378890499213 417.8743059105488;-75.42428193209473 -494.27844146293484;498.72346710400126 35.70578888309477;-387.9123371167215 -315.47427583345524
500,7,27,GNNLXSSA,1117.0445733271772,97203.11722667282,3.3389737788999962,,1872,1918,9000,5590,100,0.0,1,-417.05614183793904 122.22074949852981;234.84824355214585 -56.604149021847846;59.25466369760453 -496.47646956334574;65.33301692935545 265.361165610962;377.8012272618274 327.51524037738614;-212.7672332977248 -203.6856387796168;374.4301825877561 -331.36321035214763
500,7,28,GNNLXSSA,956.4509528819326,97363.71084711807,3.3389737788999962,,1881,1918,9000,5590,100,0.0,1,31.491292642640293 -420.150755870405;316.7270021983162 337.1161102872719;-205.67350077252462 6.281352497945553;36.585795718570644 498.65968310225264;-401.8770185751787 -297.4808597895426;481.1907378563466 -135.85092491869435;-384.0768512872019 319.99139849135656
500,7,29,GNNLXSSA,723.2799527735915,97596.88184722641,3.3389737788999962,,1874,1918,9000,5590,100,0.0,1,308.81679588425754 123.29031460771569;-474.6759222108165 -157.10750737412533;119.99689334158232 -485.3872120156946;-330.381316901243 322.97913089365613;-44.45059052974406 -224.53548898759772;465.8145592942397 -170.76495059163165;133.49397355303805 451.9379746454135
500,7,30,GNNLXSSA,886.4460879758699,97433.71571202413,3.3389737788999962,,1876,1918,9000,5590,100,0.0,1,72.89169207782561 494.54079551098465;-251.25907304962996 -431.99214995513796;360.99915364115304 -344.6830557158081;-102.64448222144328 -41.40430487848228;-468.86797032835625 172.72678622943647;498.9131755712243 -4.45738361881742;72.41526257409222 -494.47452815942063
750,7,1,GNNLXSSA,528.140573987941,97792.02122601206,3.318721708900004,,1877,1918,9000,5590,100,0.0,1,-743.2590468829064 -100.32940359990906;-328.0112995364586 -102.82567661858975;521.8315614957476 -318.8493121515573;317.47022680138974 -679.4944113785441;332.2536228187735 221.18029919426309;-561.7908777031395 496.8812833359051;-12.278452336932274 201.31809489639906
750,7,2,GNNLXSSA,773.7225150055019,97546.4392849945,3.318721708900004,,1885,1918,9000,5590,100,0.0,1,103.55870365947186 532.7831093613639;361.74313564118677 -418.11882327568946;400.1007828022002 425.40253621087163;-609.9033781787185 94.02118871508797;-273.7432739041712 407.27573369231123;-282.72327319191805 -424.97189969340474;-53.40845516757746 -20.552436725359577
750,7,3,GNNLXSSA,532.5450159379543,97787.61678406205,3.318721708900004,,1887,1918,9000,5590,100,0.0,1,-187.11096073682066 101.22278329759007;548.4763529329607 511.54050697218327;-747.6763448459604 -58.99223133417191;737.3168330185581 137.34586905867877;397.28433101275465 69.48286755597348;-204.55092991674448 -721.5669872369406;135.91703723137152 737.5815609071623
750,7,4,GNNLXSSA,459.2457140702754,97860.91608592973,3.318721708900004,,1883,1918,9000,5590,100,0.0,1,-364.3035702213865 -234.14720000954435;64.52910316928335 480.3217984892626;-730.9014577489751 168.17567915850128;375.94909503090054 -437.72708552260656;667.6560401645542 58.054831949806136;-95.98356825184038 743.8324641883192;-580.61745734645 474.7444684974933
750,7,5,GNNLXSSA,439.3837202463328,97880.77807975367,3.318721708900004,,1882,1918,9000,5590,100,0.0,1,61.90475797799343 -542.3720183745241;-169.39066411063277 -108.26819624074227;78.09283313981392 745.9232597340005;636.7628379382776 396.27400649145625;-671.6119550234347 333.8223807200468;310.9822407280217 49.95591127639446;-399.39863325285046 634.8076336621631
750,7,6,GNNLXSSA,403.54550826475315,97916.61629173525,3.318721708900004,,1876,1918,9000,5590,100,0.0,1,83.6409642826648 -108.72449410040625;266.3897449269042 -638.3996523285932;-411.42766881296956 -240.18277572923677;666.4512828591743 169.4176771473612;-152.8204701654714 688.4080244919371;-134.536931759872 -737.8345437783727;-631.5975587560658 404.4558366167781
750,7,7,GNNLXSSA,299.57928863877896,98020.58251136122,3.318721708900004,,1884,1918,9000,5590,100,0.0,1,-133.5253512604349 -701.8944622211528;508.1588883021901 551.610863054275;-741.6236560020332 -111.7781412360123;483.02043400307224 -573.7518461256758;735.3605899815831 -147.46119049410277;-412.9176526044476 232.7024149090849;206.37657089160615 -118.27336735425799
750,7,8,GNNLXSSA,382.96934556592896,97937.19245443407,3.318721708900004,,1887,1918,9000,5590,100,0.0,1,179.4989629157707 506.6368551054394;-581.2993119378393 -372.67314149677264;-745.1281606723282 -85.34649479078165;-204.37005797573033 -721.6182366064459;-189.09319527154722 489.47141966448226;380.4717794360216 -105.10917428415698;721.5557896907242 204.5729425261635
750,7,9,GNNLXSSA,472.4027958303923,97847.75900416961,3.318721708900004,,1877,1918,9000,5590,100,0.0,1,7.285219320869278 -677.1877316782197;-292.62328363318153 -366.7047777568835;747.0307867357044 -66.67086071916617;89.67171155640685 588.998583961838;576.7346227724834 -367.4091085994788;367.47075124505704 317.47814394112845;-648.3743365234693 267.5200891118936
750,7,10,GNNLXSSA,363.5696908349055,97956.5921091651,3.318721708900004,,1869,1918,9000,5590,100,0.0,1,550.9254796382655 -508.9018725504426;216.56351180678135 -701.8009232112144;549.5421053552768 510.39540989480867;191.44025615059812 723.5905772501004;-183.14382044460544 -700.594405489028;-578.0078985148763 229.82211827069162;-722.8659727711752 -199.9119441393699
750,7,11,GNNLXSSA,292.29452154204773,98027.86727845795,3.318721708900004,,1876,1918,9000,5590,100,0.0,1,-524.0482997675966 371.2149925066414;665.8476571778044 345.17661773478955;19.426068858932474 722.0381310508834;27.860066130791935 -682.0558667068333;-706.3690688520592 37.793885452796;391.92061180273555 639.4515103150272;386.5255062093083 -587.8709054927916
750,7,12,GNNLXSSA,327.11424513859674,97993.0475548614,3.318721708900004,,1881,1918,9000,5590,100,0.0,1,-231.7328641664378 370.25526854863426;294.0021363917101 686.645555736622;-478.7448564029708 -562.2329058899543;708.5853058477072 245.77807944711262;-716.2820037098488 222.35127874919928;538.3818910288202 -52.27994565478625;275.2417873080908 -515.3942714074512
750,7,13,GNNLXSSA,402.0400138931873,97918.12178610681,3.318721708900004,,1872,1918,9000,5590,100,0.0,1,407.735307297654 -629.4854400086532;95.46118487167229 393.4594998418998;-433.83391925071857 -611.790920582809;-663.9944677995938 -348.7281845958742;-437.7967762460904 517.9411816848425;690.2546049118408 244.46503595644182;-224.89065603311556 -257.05977281988004
750,7,14,GNNLXSSA,396.5372684214235,97923.62453157858,3.318721708900004,,1885,1918,9000,5590,100,0.0,1,-82.21552486897195 -738.4687111633574;-749.9617716034428 7.572392846739058;-485.6949403970508 -498.71535025032426;698.9094650857488 -214.13222568940938;437.37715814146264 254.5924861474727;186.51571171882773 503.0771892211032;-52.39883997877924 748.1673352725834
750,7,15,GNNLXSSA,226.30378133821068,98093.85801866179,3.318721708900004,,1879,1918,9000,5590,100,0.0,1,731.9838249291553 163.40036732542464;154.22929492755978 -166.36378355074294;-720.9448413298393 -124.36419969253015;527.6595986292458 -529.5874809364053;172.10139470804816 726.5538023870333;-169.73977531275605 -730.5398063601839;-514.36546501141 545.8279659412807
750,7,16,GNNLXSSA,385.04461570153944,97935.11718429846,3.318721708900004,,1874,1918,9000,5590,100,0.0,1,-368.10375842434956 -249.6603772307215;250.1918403491755 383.25532170355524;610.2515098535763 37.34190220345729;244.26990461748173 -697.7042725397962;-528.4175562197051 -532.2357431428245;-122.34698356823199 739.9535226024367;-743.2598152537779 100.32371119989533
750,7,17,GNNLXSSA,465.1905288027483,97854.97127119725,3.318721708900004,,1870,1918,9000,5590,100,0.0,1,122.26315511663236 271.14425945430753;409.66489391930895 -227.30102775412095;-532.1112195788418 -343.0997853144819;748.5257742913069 -47.00175764372571;-373.19938779046475 -650.5553142914307;-733.812091124782 59.105177160277115;-178.9494331276626 -22.04869526420465
750,7,18,GNNLXSSA,373.7687497839215,97946.39305021608,3.318721708900004,,1885,1918,9000,5590,100,0.0,1,-593.8507518155325 346.6659536757095;745.5058105675491 81.97691157640978;-46.50295825949152 669.0976040677651;320.24486872526484 -16.20560755668363;-290.4569427543988 -191.98327019287603;-744.464138741251 -90.84125273952455;499.84342325976695 558.9618838440035
750,7,19,GNNLXSSA,484.32288365019485,97835.8389163498,3.318721708900004,,1875,1918,9000,5590,100,0.0,1,-45.93193160756097 115.37982107328843;-649.8691417797236 -374.3929734416573;-230.27039421112138 457.5900339267299;556.0230826366978 246.24484047445256;-453.9360855399607 211.5414865436052;742.8671363078572 -103.19117110375024;288.44728716428017 -242.5992390950596
750,7,20,GNNLXSSA,557.1315152773604,97763.03028472264,3.318721708900004,,1883,1918,9000,5590,100,0.0,1,-675.635323357668 -170.235247241769;260.3734378141437 -703.3530860239159;-467.3544966777889 192.86044239764973;-28.285957874568933 -241.33706063555212;585.5797187847307 468.6111319078919;282.63492707956175 299.40679344871916;570.2207768936847 -191.7456437565198
750,7,21,GNNLXSSA,210.99543196172453,98109.16636803828,3.318721708900004,,1873,1918,9000,5590,100,0.0,1,364.10627813925964 -627.4652196669072;-123.17160380334828 -126.86399253203373;360.10571529207584 657.8931187938773;-404.5729442366883 -605.2932797962305;-379.2257312523176 620.7670794612573;671.0815993825439 334.88624106461185;-748.8052144501612 42.317263761354376
750,7,22,GNNLXSSA,373.3375389973371,97946.82426100266,3.318721708900004,,1877,1918,9000,5590,100,0.0,1,81.9757148203486 -728.9361888287632;-478.94771416091584 355.77564854863937;-204.70228886378305 -443.4273492765729;98.2454717423928 706.9264025717123;651.3622662485784 -371.78918503301827;388.5549555688883 -114.07165198872241;-651.4605295278403 50.24563638769665
750,7,23,GNNLXSSA,349.8349727765599,97970.32682722344,3.318721708900004,,1882,1918,9000,5590,100,0.0,1,161.37175158677374 -732.4337224553609;-565.0969849998862 493.11803611715357;737.5663269955844 -135.99968118434182;528.5801315237436 532.0742848121321;-740.1608425629379 -121.08644489174566;-355.6702833541897 90.34495619587854;344.0972009112894 -129.74758559393777
750,7,24,GNNLXSSA,341.9423396218481,97978.21946037815,3.318721708900004,,1874,1918,9000,5590,100,0.0,1,-601.4914270555922 448.0045347746238;735.7759222856581 145.37466142587974;-296.91755049920187 150.41619259759426;503.3701375470665 -250.30601284813454;-749.4361031212106 29.077952790629137;-5.014962675570081 -749.9832332454923;9.847471731814633 749.9353487471377
750,7,25,GNNLXSSA,503.6645239072386,97816.49727609276,3.318721708900004,,1890,1918,9000,5590,100,0.0,1,-742.8347227086725 103.42424637544866;-87.31935088774807 -654.4385267974689;633.7226982957607 401.1178650530792;152.4953478412806 -410.1995284796945;631.589249607265 -404.4688118761841;342.9997712124915 -98.88827738095699;-385.1670464165475 97.15383744835576
750,7,26,GNNLXSSA,536.1033485081571,97784.05845149184,3.318721708900004,,1883,1918,9000,5590,100,0.0,1,261.88562847821424 -408.1796642629718;677.8074071299502 -166.78631589000594;-441.5110473510731 -20.19180923363308;-201.0915756732367 -609.1322979732346;463.2354526017428 193.2022743706104;-43.36774998501319 -108.79600607529066;-749.4029027024748 -29.92137320845689
750,7,27,GNNLXSSA,263.0338337163412,98057.12796628366,3.318721708900004,,1876,1918,9000,5590,100,0.0,1,0.10880104622392511 -188.63748491544777;-415.6107922052198 572.8209858335623;524.7965329951766 315.0614170779341;-748.8532920342356 -41.38119990724933;-425.46604763790947 -605.4212240270746;725.9875215839074 -17.42395084861728;248.38126977170987 585.1189856468591
750,7,28,GNNLXSSA,357.4278080292279,97962.73399197077,3.318721708900004,,1883,1918,9000,5590,100,0.0,1,62.42743412577505 -50.66287761991978;749.6831118469499 -21.799812188947396;-749.7529715746515 -19.247898975727786;286.900709981893 634.3280709761817;-428.056963775875 615.8467632154766;572.8452227928528 -343.0474173217049;-432.92944699419263 -353.99570615502813
750,7,29,GNNLXSSA,330.4663780446426,97989.69542195536,3.318721708900004,,1873,1918,9000,5590,100,0.0,1,117.56983712114798 -141.6332049677269;435.78616456210506 -610.4018502398644;-497.28084759712567 394.88113313958564;451.5019101338155 400.16013905576364;709.8351655064957 -148.61613568453924;-747.4294857468568 -9.790366708948483;-168.3987019743965 -637.5838814708327
750,7,30,GNNLXSSA,349.003697331631,97971.15810266837,3.318721708900004,,1878,1918,9000,5590,100,0.0,1,-358.1662633025377 88.59673581967168;-729.4515813074632 174.35707765399522;179.45780050570463 -33.839442382346945;488.09796112248415 -569.4386537179171;725.177687095973 140.76847208268077;0.9502408458011369 -588.0257277740881;-524.3796308071795 -474.02908160822153
1000,7,1,GNNLXSSA,193.39650475376402,98126.76529524624,3.40993710333333,,1872,1918,9000,5590,100,0.0,1,293.3213672245184 292.0313298739723;992.6391792901675 -121.10928840573196;-79.77308970886969 -346.5445275210682;-441.4172146952777 299.7801448387353;287.12480743895816 -957.8931803458782;668.6453764093598 -743.5814418114437;-912.670119532522 408.6970184776151
1000,7,2,GNNLXSSA,273.93090793197916,98046.23089206802,3.40993710333333,,1874,1918,9000,5590,100,0.0,1,68.53016059362403 484.1483240193341;994.4486913942013 -105.22262201808431;-803.948908606957 -515.1228319404449;-446.2217201033901 -889.3994125460231;485.84401128405716 -209.9567412778332;761.723598823319 643.2140304526569;-976.3318002274607 -216.0536846065463
1000,7,3,GNNLXSSA,195.06079638532538,98125.10100361468,3.40993710333333,,1869,1918,9000,5590,100,0.0,1,-347.6108309646556 427.1354596617425;557.2460832807068 -492.46007332660514;-762.0654144159878 -280.8742313252237;2.0172594671142954 999.9979653300512;24.18890968298173 -807.6256236109301;-526.5323887253879 116.72214674687682;853.4887875720212 521.1112064510233
1000,7,4,GNNLXSSA,140.70752578851534,98179.45427421149,3.40993710333333,,1871,1918,9000,5590,100,0.0,1,684.4052471619889 -708.3672187636371;342.97751131411366 395.030740935746;952.2428985558759 256.8681311855305;-686.0971484693265 -677.9805272141188;-960.9722937524524 274.0643977606336;-688.1000010455901 725.615868460068;-250.89149885284573 -932.1258475238435
1000,7,5,GNNLXSSA,214.61269798717694,98105.54910201282,3.40993710333333,,1883,1918,9000,5590,100,0.0,1,466.870428054397 -655.500744866746;100.76280492879812 -264.73965975933334;989.6961321404558 -142.9385371125366;-695.3340950673223 717.7956508477694;-412.4304341780065 240.82604415983985;-993.9538097045518 78.8631543214196;740.6110012615269 297.7923330734192
1000,7,6,GNNLXSSA,377.66554788422945,97942.49625211577,3.40993710333333,,1874,1918,9000,5590,100,0.0,1,-358.74442850383383 -933.435822655986;535.616581063136 438.9442428074187;-338.71267967304465 95.030299998542;8.728192957154938 -941.4378526281739;-0.9793319098388089 732.2837378027181;-676.5778728519588 -736.3710898501643;821.1910918401355 -423.57403495297774
1000,7,7,GNNLXSSA,253.10486333232257,98067.05693666768,3.40993710333333,,1871,1918,9000,5590,100,0.0,1,491.8413869533949 51.23643293099125;-516.9035969825864 322.76287911409287;62.73727907408036 -767.2851875677604;-943.8986136857752 330.2353813298502;947.8837457596189 79.74044271667387;506.1582393598486 843.0172733523556;-724.6543254622959 -331.92853341362917
1000,7,8,GNNLXSSA,234.1068049296009,98086.0549950704,3.40993710333333,,1876,1918,9000,5590,100,0.0,1,56.18609054283661 627.0225076032882;488.0750277083363 -750.5162195975729;-369.0754896472512 868.4263438301434;800.7313218248357 -269.1372674097556;54.045924457520115 -754.303285859373;997.2988197615081 73.23840333445209;-714.321366134423 -598.1790013820553
1000,7,9,GNNLXSSA,216.81428656019852,98103.3475134398,3.40993710333333,,1885,1918,9000,5590,100,0.0,1,-551.8066870472219 680.192486306849;-755.2729805853855 339.12805357042646;984.7088780336089 -174.20799499963007;437.0593902376595 885.2481727060034;26.94709036065808 779.6478367796659;-0.45947864023005325 -999.999894439684;694.615928356326 380.6759990514393
1000,7,10,GNNLXSSA,206.68653159818496,98113.47526840182,3.40993710333333,,1884,1918,9000,5590,100,0.0,1,-765.2604881203796 -643.6143986786255;-995.498381206818 64.86358799394417;970.2107287185561 -242.2098808526993;643.3719628902359 765.5414408635554;-232.95047635376127 -972.4722885291376;-539.7224326873085 76.8537228495706;254.7116232159697 -967.0076858201893
1000,7,11,GNNLXSSA,144.79125373529678,98175.3705462647,3.40993710333333,,1883,1918,9000,5590,100,0.0,1,-623.7282627571874 781.6412567398811;964.8052995774104 -262.96527129517193;-975.4121830827667 -220.3884595293302;180.9449648112968 -983.4932230114442;160.50732329170054 897.2239914904449;-139.6981091244425 -25.99998880720983;554.4096443343062 172.20234511316627
1000,7,12,GNNLXSSA,263.7901725351985,98056.3716274648,3.40993710333333,,1876,1918,9000,5590,100,0.0,1,-428.3809634164146 -463.11778538404957;850.5539352323133 -525.4903410472755;-844.7069082750206 535.2291463592541;-856.3311544867661 -361.3482773227745;587.2060552395011 376.40938779336307;340.6209669834348 -572.620801446801;-63.02239955219724 998.0121127294414
1000,7,13,GNNLXSSA,331.98725654486043,97988.17454345514,3.40993710333333,,1879,1918,9000,5590,100,0.0,1,201.7005627286459 955.5973564497177;-368.02045260853015 392.34399922885723;426.45541811997856 546.506762481771;623.6553531014767 -56.06347899249131;-388.3821874522981 -653.7031587232703;915.5899800683421 -350.34168411943847;-108.28339448650969 -109.05016671467563
1000,7,14,GNNLXSSA,255.2221028736967,98064.9396971263,3.40993710333333,,1882,1918,9000,5590,100,0.0,1,545.0979876137371 838.3714421519719;247.47973894481262 -187.1653118865479;-103.40967730615682 434.1299307061123;978.3289560197388 -207.05133476996102;-523.1038176430318 852.1949511855059;-294.01425839185526 99.91331682259421;-865.8683690611251 227.70236096541151
1000,7,15,GNNLXSSA,246.20522800875187,98073.95657199125,3.40993710333333,,1869,1918,9000,5590,100,0.0,1,965.7161006951635 -259.600487014429;765.8697551704746 83.89381794403147;-634.661767375017 -87.57476118247045;-371.06774021618287 423.6805977987149;-110.52642341523861 860.7540309718362;322.90618388125796 857.4143402028893;-964.9620171923591 108.34775575296318
1000,7,16,GNNLXSSA,289.1266059165064,98031.0351940835,3.40993710333333,,1874,1918,9000,5590,100,0.0,1,-819.5361474960822 550.5130881430742;417.09461340893677 -897.0184311095397;849.318274792148 -477.6280482775016;999.4498853730287 -33.165141758172375;-37.869014824862596 44.09067175770237;-353.9527201197389 -146.19135274912253;-999.9977669391894 2.113318867209708
1000,7,17,GNNLXSSA,274.5865033482405,98045.57529665176,3.40993710333333,,1873,1918,9000,5590,100,0.0,1,-190.66451548593656 395.29272432772365;-902.7671450103684 403.75750954938877;857.3159612017131 514.7905813714766;338.01289808638916 521.9677926583441;-213.89187636504485 -830.6726441153468;-616.629847145307 -597.1276273657699;608.3117748231896 68.98432213828178
1000,7,18,GNNLXSSA,270.21346580030513,98049.9483341997,3.40993710333333,,1875,1918,9000,5590,100,0.0,1,-802.4582267949166 -425.045643267273;-300.4907207531244 412.3321011535232;563.9017419042362 527.2747092222769;-597.682344605116 -795.0746011399734;971.3231805509414 83.34567181919832;-983.5758459408987 65.14406208364181;345.11303982099145 -266.4045612709422
1000,7,19,GNNLXSSA,224.43193791188241,98095.72986208812,3.40993710333333,,1886,1918,9000,5590,100,0.0,1,-857.4179155659976 -514.6207516865791;59.08156372277847 -912.5675111756817;444.53779849120383 332.64964555902657;-527.5603139226507 -313.42288266340347;779.1607796408559 -539.1966589482726;82.80804690827662 973.4086839409773;-507.0777181417354 843.2679408070834
1000,7,20,GNNLXSSA,295.3145194807439,98024.84728051926,3.40993710333333,,1876,1918,9000,5590,100,0.0,1,-721.3248945393843 692.2870976768634;-261.6836982789562 961.9088632856484;663.4946466723551 293.314577353487;973.9652001524629 226.69757142936675;335.170399207538 608.3152861632522;-938.6732213870716 306.079833650807;-525.287039774544 74.885296709491
1000,7,21,GNNLXSSA,228.47088811549474,98091.6909118845,3.40993710333333,,1876,1918,9000,5590,100,0.0,1,-718.4601449680026 -695.5681275709495;122.38117616173196 -969.1252397843219;999.5074862820585 31.38128209809932;412.56598229844485 184.78446078719713;-205.49355279938706 -379.6556443554076;805.6770898817729 -592.3549838058574;-964.0229709013146 -265.8189451009897
1000,7,22,GNNLXSSA,140.67450097057736,98179.48729902942,3.40993710333333,,1879,1918,9000,5590,100,0.0,1,234.6281951589348 -951.1350573263661;703.9218789331583 -672.813792378341;-366.8191850797569 -353.20274978426204;-973.2153942339503 229.89098645215705;-683.8104724097708 729.659436191023;277.71360001962165 883.4687089562409;906.8334604063539 -309.8318725352672
1000,7,23,GNNLXSSA,265.58088211677386,98054.58091788323,3.40993710333333,,1883,1918,9000,5590,100,0.0,1,-999.8802812982136 8.063394263514999;232.18975691532296 569.4976533124492;609.0033122030709 472.20680534863607;-178.21988545357283 -983.8749510564901;-198.59570459183846 979.9105085651445;-780.8767236987012 624.6524561606766;964.7061425947452 263.2216098895374
1000,7,24,GNNLXSSA,195.85601564962417,98124.30578435038,3.40993710333333,,1878,1918,9000,5590,100,0.0,1,741.5654183041364 627.7382378945546;350.07910151271653 -676.500938881699;-428.52414065762235 903.530332016389;171.61487115385154 -985.1641162764947;997.3626229095303 -72.57960059839164;-153.31736299432876 90.25777491109694;-954.0385101855823 82.23407777754699
1000,7,25,GNNLXSSA,188.2947444284946,98131.8670555715,3.40993710333333,,1881,1918,9000,5590,100,0.0,1,-50.27251356305063 667.6165645766251;403.195336608097 -915.113938554912;444.50954576167715 675.5178897548319;-913.12578771125 194.08191805378755;821.2712683907838 66.25609435919637;-440.58652271418487 897.7101514423367;-441.8998767216429 -676.0389886142699
1000,7,26,GNNLXSSA,380.84368041934795,97939.31811958065,3.40993710333333,,1887,1918,9000,5590,100,0.0,1,-322.76028121332337 886.0198011556744;170.72779613115154 -222.3268334291286;508.25836934011136 -555.1555983358168;-328.4507039826044 -327.98012818530844;-804.7156131670624 -593.4125877676539;-561.1829616985125 386.4172553523059;3.4972222395390897 255.24261274516218
1000,7,27,GNNLXSSA,180.91324905281363,98139.24855094719,3.40993710333333,,1876,1918,9000,5590,100,0.0,1,495.9582569649715 -477.18646125783033;509.25498601298494 860.615686134592;-446.5374081848302 894.7649652794718;-999.9999754689469 0.221499673831958;-811.5712013128466 -584.2535281875695;29.138799460416024 338.2865193218765;999.7584884223924 21.97646075629725
1000,7,28,GNNLXSSA,161.69264001914416,98158.46915998086,3.40993710333333,,1880,1918,9000,5590,100,0.0,1,-502.9955813364864 -577.0426469765664;231.00155403375535 -540.1748888683891;617.94458434378 115.2972368532358;-495.181428540457 744.1795206255034;996.2538294747704 -86.47720657407343;-994.5862258812715 -103.91457687566361;243.8608188103084 727.5451548070665
1000,7,29,GNNLXSSA,218.43159774140804,98101.7302022586,3.40993710333333,,1878,1918,9000,5590,100,0.0,1,-219.733217344165 -931.7684350790583;508.4260303831069 441.6516507607913;-177.41882161773975 832.3516970138243;-995.3271918661724 -96.5597283125815;-811.636451721923 484.42743601884644;878.4829390213389 459.24007962147084;71.69676222579649 10.083558648143374
1000,7,30,GNNLXSSA,335.3167652724078,97984.8450347276,3.40993710333333,,1874,1918,9000,5590,100,0.0,1,-183.60620863757183 -767.9926160076981;-611.3471405673362 -294.14277425529383;606.0762919566923 -100.59264940860754;431.2914050718526 -412.4123312269026;995.0102879319969 -99.77237548281921;142.69087203121282 590.2129486775168;-798.3777973087504 273.9990729520006
500,6,1,GNNLXSSA,569.019860916771,83705.40453908323,2.4084881461333376,,1810,1854,9000,5590,100,0.0,1,132.06764890573044 -364.9924028241345;469.64573526999015 -171.56014497169883;-497.2838120508716 52.04623206490016;-352.15077293322537 -354.95046573082834;-129.38582439829608 482.96926242233394;292.06956323212864 146.08485856974363
500,6,2,GNNLXSSA,468.6408937614033,83805.7835062386,2.4084881461333376,,1811,1854,9000,5590,100,0.0,1,224.90305093027882 -446.5630561672767;37.638055205048296 23.600509418161693;-449.68215190914293 -29.749339812110186;-196.64861821786806 424.5870763037677;494.4918137941749 74.01235724580937;-224.5945669260232 -439.3108404744886
500,6,3,GNNLXSSA,650.0009117400186,83624.42348825998,2.4084881461333376,,1815,1854,9000,5590,100,0.0,1,281.8691357022018 172.62559488301554;-300.8967195781597 -200.76117283143867;-85.45504701928681 191.22886447158263;107.55883482485544 -149.13718404604182;-458.07771040341913 183.3275269257466;439.21178081435903 -238.9414396748279
500,6,4,GNNLXSSA,512.7404253583372,83761.68397464167,2.4084881461333376,,1813,1854,9000,5590,100,0.0,1,498.9988410153949 -31.62525360044878;-146.49099927499623 91.84316106906489;129.05630055804951 -415.0524014012205;-492.6808426942337 -85.23841412238778;330.1625302215631 341.42013314457466;-308.54926019359795 -393.4429488934621
500,6,5,GNNLXSSA,547.3713888076745,83727.05301119233,2.4084881461333376,,1815,1854,9000,5590,100,0.0,1,408.001261708535 -77.41589437612481;-224.89330154323625 -393.8415046190507;-469.1499019968876 172.86556725857417;-28.48873375619887 172.96090420032914;181.7707130015352 -465.78901650308745;-203.81532008880222 456.5734386662891
500,6,6,GNNLXSSA,498.99191963279736,83775.4324803672,2.4084881461333376,,1813,1854,9000,5590,100,0.0,1,-109.66520887659377 91.86240883121748;122.42693714043462 -484.7799965576262;-318.3269062715524 -241.3574884947017;312.88085143052024 208.96255647527087;492.9254928684135 -83.81204257403337;-491.5486497943545 91.54192965710861
500,6,7,GNNLXSSA,496.75618563716125,83777.66821436284,2.4084881461333376,,1813,1854,9000,5590,100,0.0,1,325.0781542461358 149.31025649833256;-404.5889666747055 30.05688402599064;133.295900121253 -473.3075610141657;-168.99818909216216 -403.147709662163;480.84759986246985 -137.06051840884766;-158.67570795943857 441.0717967913294
500,6,8,GNNLXSSA,293.8401962719363,83980.58420372807,2.4084881461333376,,1819,1854,9000,5590,100,0.0,1,-242.0086381468582 -437.5292208096541;-232.81942201998518 442.4874198553898;250.39262837611614 432.7857803289061;236.09961734611613 -440.7459253232156;-499.45695787546356 -18.60273160008226;497.06250365737657 0.4337800743039042
500,6,9,GNNLXSSA,675.3578270435391,83599.06657295646,2.4084881461333376,,1807,1854,9000,5590,100,0.0,1,-340.6526432302212 306.9048281553316;-480.2687273605405 -139.0753375674019;434.85493145912005 245.69147007198754;-117.68605077873306 -485.95266585553935;135.4588549664813 -235.24822977566802;151.03727395733665 476.6421528521543
500,6,10,GNNLXSSA,543.6917355840123,83730.73266441599,2.4084881461333376,,1809,1854,9000,5590,100,0.0,1,421.01046513476604 269.7224281497701;-396.62335192166927 -109.31518624719004;-226.77427340474213 -394.9324378038678;224.99263992881248 -293.64368964732864;-21.899263957638322 122.25747736235729;-218.574793468771 449.6944069699823
500,6,11,GNNLXSSA,432.2333936457726,83842.19100635423,2.4084881461333376,,1808,1854,9000,5590,100,0.0,1,261.10077611824727 -426.4110513465251;-411.71117567574447 -21.442462667623005;-179.4937825196556 -404.05395286500897;-172.0922692929745 369.5200681585899;499.3181968570227 -26.102457498318298;275.91018367410913 359.25161435539064
500,6,12,GNNLXSSA,676.619965782098,83597.8044342179,2.4084881461333376,,1816,1854,9000,5590,100,0.0,1,-72.66722534220513 453.28053260203137;-444.29033126517595 229.35811547968405;163.75780005419236 -472.42266997473916;320.9133624576064 98.06119730607375;-264.2745493817509 -374.73865073827506;468.5159188573693 -174.61861183440547
500,6,13,GNNLXSSA,435.7785009516083,83838.6458990484,2.4084881461333376,,1811,1854,9000,5590,100,0.0,1,-469.7983215158607 27.4563602125914;224.83885510352633 446.5954424708513;13.59117167276833 -223.23016484308698;-200.10285249151937 458.21266724606954;491.23550251190926 -93.2077307516494;-207.5847162820849 -454.8720540614539
500,6,14,GNNLXSSA,617.3679928799247,83657.05640712008,2.4084881461333376,,1819,1854,9000,5590,100,0.0,1,114.77489317641349 259.6226487100981;340.9748956882246 -234.35248631229075;-419.1541192749305 -66.54445599089077;476.8005646239347 150.53644599995408;-209.39039574258226 341.20298522678803;-40.20086990441389 -150.60206805648158
500,6,15,GNNLXSSA,507.4492598166835,83766.97514018332,2.4084881461333376,,1821,1854,9000,5590,100,0.0,1,-42.97897730328853 -147.58327327337014;430.2932039649306 -254.6494664058891;-439.1551705455991 -63.73349848662095;-214.71698509689975 336.92614139953866;213.01850066826745 319.2605886288385;-230.23240578418086 -443.83228636522153
500,6,16,GNNLXSSA,417.6764154428529,83856.74798455715,2.4084881461333376,,1819,1854,9000,5590,100,0.0,1,61.165209474920566 36.4404599472788;-453.2741002882876 -60.087593651374796;-182.2341625992152 465.60789295475087;300.94379051692687 -399.2904142967922;473.67031425790503 140.09971328231188;-208.11621336852195 -454.6291254782824
500,6,17,GNNLXSSA,349.5349220852513,83924.88947791475,2.4084881461333376,,1818,1854,9000,5590,100,0.0,1,42.53560433744059 -107.61891530470626;229.40293577623228 444.23787968724264;226.19312064290762 -444.9204574036853;-255.99195899326114 429.49677763350587;-440.68092100387594 -235.52865551961537;484.8015362885354 -4.8536848218167385
500,6,18,GNNLXSSA,493.53474792499037,83780.88965207501,2.4084881461333376,,1802,1854,9000,5590,100,0.0,1,-309.46766565264176 -392.72097463148657;348.48577607823944 -350.3916694474776;-304.07099187996795 396.91413668088524;34.59956033427599 201.60927358363898;-476.3666475755338 -93.17206648558387;492.6173680230491 85.60449008109205
500,6,19,GNNLXSSA,580.087575296784,83694.33682470322,2.4084881461333376,,1808,1854,9000,5590,100,0.0,1,-370.9414014260421 264.3248020612921;-46.38184057114165 -477.95448156347817;136.21079257284126 262.4832810777221;332.42664410683665 -373.48698275557945;495.49219763485104 66.9886713033307;-492.9772832347733 -83.50687525265236
500,6,20,GNNLXSSA,461.1793264912121,83813.24507350879,2.4084881461333376,,1804,1854,9000,5590,100,0.0,1,-119.6230188558157 485.4794880938032;324.041051199305 380.78523755215275;311.450979422786 -390.4798811328076;-130.95092817714735 -482.071847501071;478.89329742062426 114.51028984379073;-473.68519124275343 -160.06979601822488
500,6,21,GNNLXSSA,591.0041292424285,83683.42027075758,2.4084881461333376,,1808,1854,9000,5590,100,0.0,1,273.7568115083108 -295.59308529159716;-62.598467641335404 -210.64708945170452;90.5482366463987 272.62927524965835;-499.43583372749936 23.745483547774157;-301.8535568307595 358.57139873060186;429.88357746040964 255.34312175940826
500,6,22,GNNLXSSA,408.4052053117921,83866.01919468821,2.4084881461333376,,1818,1854,9000,5590,100,0.0,1,331.91442320737343 -373.9235633359191;-168.26914694133836 470.82149355963764;103.41249434094524 2.42332841826289;-167.0321421751687 -471.27514625786733;-480.0732124126223 135.9211154235205;488.0840767283504 -108.44926544766436
500,6,23,GNNLXSSA,594.1733710584813,83680.25102894152,2.4084881461333376,,1815,1854,9000,5590,100,0.0,1,-348.6464243132521 261.53754908892097;-141.65579007963183 -127.06480054498715;327.1848140029614 -213.90608303829512;135.00713265027952 377.99892469526094;-487.19416262219903 -112.43597247702479;460.82596772488876 194.00883348553944
500,6,24,GNNLXSSA,559.2322841995483,83715.19211580046,2.4084881461333376,,1813,1854,9000,5590,100,0.0,1,-88.72865176992889 -428.70054695997453;82.26582566562453 186.07548805734768;324.4245737478426 -295.527612089059;-499.7553106694995 15.602794746894489;-73.01977843231822 494.63874774915416;479.3661177860092 142.1518332527657
500,6,25,GNNLXSSA,688.8645342169475,83585.55986578306,2.4084881461333376,,1818,1854,9000,5590,100,0.0,1,143.14920025856685 -168.77477150289818;325.0039567335561 379.96371946217806;-79.07853280284749 -493.70698359426615;-382.58361091387593 299.413134535418;-62.95190597549279 277.589054755105;486.11484421622606 117.01435054143683
500,6,26,GNNLXSSA,503.86057393178635,83770.56382606822,2.4084881461333376,,1808,1854,9000,5590,100,0.0,1,-160.90401670817354 -315.30297831057305;15.22465724728607 307.43036521244545;-499.26924942852963 25.501915424056797;245.85776727384732 -431.4972805970013;449.68072213295835 198.7419680128295;-373.5960064835487 306.73369269528195
500,6,27,GNNLXSSA,493.16525852341147,83781.25914147659,2.4084881461333376,,1819,1854,9000,5590,100,0.0,1,-119.1962653391698 -199.5429333891865;-487.3329613100005 -111.83284321175755;499.8562337102392 -11.989396190579432;90.84834495980162 491.4316683979617;336.8021921048709 -301.1374592439821;-356.3798805400887 240.10504206009702
500,6,28,GNNLXSSA,450.4736339808878,83823.95076601912,2.4084881461333376,,1808,1854,9000,5590,100,0.0,1,-110.39937163977358 -487.6596956295888;-344.54122193563876 362.34147759688915;479.23405921291015 142.59984744142218;306.315162235244 -395.1847939696012;48.26311275712298 22.132626724884982;-488.2426495839006 -107.79199936587325
500,6,29,GNNLXSSA,473.5391048170859,83800.88529518292,2.4084881461333376,,1818,1854,9000,5590,100,0.0,1,-319.48122204659035 137.11351814518974;285.4141248789319 256.92809813458257;-138.0328224939705 -185.82577767895418;48.630336213291464 -497.6294709920045;62.13280279531382 496.1244952799636;491.83783074611716 -89.97526463953203
500,6,30,GNNLXSSA,455.0985541258269,83819.32584587418,2.4084881461333376,,1811,1854,9000,5590,100,0.0,1,-210.30344003821725 -453.6172129277006;47.21600296020476 22.886117922173902;292.59210289391547 -405.39713770538407;482.813469419989 129.88581921201387;-474.9584520135773 156.24911085868706;-200.95436430146083 455.1309376241569
750,6,1,GNNLXSSA,204.17343917615653,84070.25096082385,2.4248001504333314,,1804,1854,9000,5590,100,0.0,1,-158.8073933184481 716.4570013336008;-478.1199245977111 -357.62889878938773;-720.476538587399 154.27911558610577;287.30751909281076 445.84605230513085;637.4989238291137 -143.98362926504257;-164.77394955842462 -352.9177284858511
750,6,2,GNNLXSSA,205.5153428616468,84068.90905713836,2.4248001504333314,,1822,1854,9000,5590,100,0.0,1,132.5354531670458 -738.1966903568491;-236.23172886074752 -116.73279844930477;499.23470770463894 532.4626535574097;715.8381266908128 155.39224013205032;-507.5062371561693 352.4733292794766;159.85528322186215 727.2958084204611
750,6,3,GNNLXSSA,156.45163070128183,84117.97276929872,2.4248001504333314,,1811,1854,9000,5590,100,0.0,1,-512.8924319869818 532.0615709075232;699.6202515101772 196.35992189887776;190.0558269265439 725.5178564925068;-191.68701284002503 725.0904006456492;-721.7786153994318 -203.79746280827646;183.90323145084474 -727.1034433589163
750,6,4,GNNLXSSA,269.39922701212345,84005.02517298788,2.4248001504333314,,1820,1854,9000,5590,100,0.0,1,47.829513208756495 -125.51185825307293;-289.9696288876691 442.9510247064087;736.6774047633195 132.6923436351954;281.21547902103805 273.1116037817876;534.4912274047756 -512.5054127523495;-685.9572786603071 -303.253378963773
750,6,5,GNNLXSSA,164.12288636503217,84110.30151363497,2.4248001504333314,,1824,1854,9000,5590,100,0.0,1,286.17643624983054 693.2553983456218;-378.9709013860564 -624.1684301220772;569.8148717304036 -332.58378490022443;-364.45224748262666 654.2605528186957;-749.9940955743505 2.976004639131674;749.9159067192794 -11.230888183977509
750,6,6,GNNLXSSA,161.91707724564185,84112.50732275436,2.4248001504333314,,1818,1854,9000,5590,100,0.0,1,-478.0515947615253 577.8984969230862;-111.20353224179885 -741.7100339195548;448.7539859733324 -216.53697682123388;715.4288432429587 225.08125256458393;-89.03914462423693 677.4380255262652;-705.2695540009474 -192.73649196296088
750,6,7,GNNLXSSA,187.85045991117659,84086.57394008883,2.4248001504333314,,1806,1854,9000,5590,100,0.0,1,554.0879924381944 -481.0372260176681;711.6930272636299 -12.877769684071227;-462.4867257989496 -336.2215326143539;245.09691323225888 89.56704991047002;-739.2425090145923 126.57051009061692;-123.02705788958525 739.80408197537
750,6,8,GNNLXSSA,143.3435753380909,84131.08082466191,2.4248001504333314,,1819,1854,9000,5590,100,0.0,1,-185.00223702306212 726.8247191011479;272.6701595551702 -698.6780260521709;42.599353282017006 24.02822207121261;-735.3967316492152 -147.2808442386592;722.8802973035799 199.86014052403723;-514.7557533151684 -529.865020206839
750,6,9,GNNLXSSA,139.99166908515326,84134.43273091485,2.4248001504333314,,1824,1854,9000,5590,100,0.0,1,400.6162215084072 634.0399380672536;-749.9922873024109 -3.4013213458795724;-402.17807598499854 -633.0503891452913;18.430570686281662 -748.137286357634;-378.7424336836651 647.3439340314965;384.26596355280446 -644.0804835226998
750,6,10,GNNLXSSA,226.28570931994182,84048.13869068006,2.4248001504333314,,1809,1854,9000,5590,100,0.0,1,482.90895993658194 -468.95014125965105;-342.83364765537453 268.4362028493716;504.9986125123681 554.5046614693681;-105.80937676493507 -448.38392711984403;-647.2275559201929 -308.5700538658848;-85.6284369892562 715.3679332688129
750,6,11,GNNLXSSA,281.95991634715756,83992.46448365285,2.4248001504333314,,1803,1854,9000,5590,100,0.0,1,147.62207135404452 731.7220987975288;-552.7019577170377 -433.8210297480074;360.6076044615639 93.69901169590885;-43.145977193582894 80.86685278319636;-247.50744049563153 707.9830978909746;580.9111471343642 -474.3838476305675
750,6,12,GNNLXSSA,151.5061450740759,84122.91825492593,2.4248001504333314,,1811,1854,9000,5590,100,0.0,1,749.9997861073924 -0.566426399123697;16.44758213867093 -708.6621427583949;-748.702825791412 -44.09170729235345;48.31673424612117 695.2557993889333;403.0543295101354 -617.7885478080595;-536.9847500370304 343.6921236048447
750,6,13,GNNLXSSA,271.6977968383144,84002.72660316169,2.4248001504333314,,1807,1854,9000,5590,100,0.0,1,-6.9758674870541455 92.24748099160433;477.10431624965935 571.1920049485071;-508.9171533428778 -550.9113640445092;-501.61701681284075 557.5664699780523;711.8999106877907 168.13801796598077;-271.3152397955371 -176.81577732164692
750,6,14,GNNLXSSA,250.7700725900504,84023.65432740995,2.4248001504333314,,1815,1854,9000,5590,100,0.0,1,-515.4157472030292 544.8363126069544;748.0242364547585 53.430813227327825;-516.9922511183166 -543.3406043023248;-729.2910175610378 -174.97512870534396;-185.76946469750075 624.7894339204727;549.8995615773225 -510.01026673692405
750,6,15,GNNLXSSA,286.6062951194326,83987.81810488057,2.4248001504333314,,1819,1854,9000,5590,100,0.0,1,679.4799131730753 311.0216452057151;-553.7454384032004 -28.310876404031116;-310.555031037655 -459.0708810766344;265.9596809026511 416.9332563528408;486.14113582591557 -303.4140779958297;-29.17851668499425 -749.432194507324
750,6,16,GNNLXSSA,298.8167737671756,83975.60762623283,2.4248001504333314,,1807,1854,9000,5590,100,0.0,1,662.3001575003425 208.9704387639794;178.3903787629319 330.65282248691653;-240.8048188613145 590.7635323760107;-673.4068004643593 330.1867366935785;437.47958313686297 597.5523056447036;-444.06088393214947 -60.3393453006403
750,6,17,GNNLXSSA,262.5971012188529,84011.82729878115,2.4248001504333314,,1808,1854,9000,5590,100,0.0,1,-448.84084362527784 600.8676202740075;-77.27846977301326 -710.1772124510893;201.6777654945838 -231.4252132660283;421.2660077285203 -620.5118457632168;-454.90827296075986 -596.2872321221198;-749.9978570416966 -1.7928839512490444
750,6,18,GNNLXSSA,115.92175847983162,84158.50264152017,2.4248001504333314,,1814,1854,9000,5590,100,0.0,1,367.58508923447147 -652.3994520431945;381.00022538236567 644.9931969752643;-263.95690782742804 -15.708867016685847;-629.0214496736595 -381.6295623946728;748.7846264362445 3.929700074788414;-24.116627839935646 743.69140531838
750,6,19,GNNLXSSA,261.9179242201353,84012.50647577987,2.4248001504333314,,1820,1854,9000,5590,100,0.0,1,321.1030663247333 25.301630370567864;-319.2069996546861 89.57475981648909;744.539473109166 -90.33810371225071;-743.2034268290556 100.74058938455974;-101.1968799674861 716.834105823495;-531.2662001708248 457.97971806370583
750,6,20,GNNLXSSA,207.40915504275472,84067.01524495725,2.4248001504333314,,1818,1854,9000,5590,100,0.0,1,246.67967274270447 -679.2343338018696;-461.7612211122583 -262.39242210964346;-748.7847415218779 42.67799039334596;739.3985250296045 125.65755522070789;-173.3643294506954 691.0818193309077;557.3522168159742 455.32887701012
750,6,21,GNNLXSSA,251.3211899382004,84023.1032100618,2.4248001504333314,,1819,1854,9000,5590,100,0.0,1,-465.16914360664657 -586.7140086209521;202.71097253511232 503.47947850414596;732.356461676048 161.72202398356055;-182.26361119680772 410.5665924764872;214.33262141609936 -718.7221489538938;507.03063707296025 -552.648109622559
750,6,22,GNNLXSSA,281.07658218670986,83993.3478178133,2.4248001504333314,,1821,1854,9000,5590,100,0.0,1,-422.01317668995625 19.428794399110732;669.4704764625889 338.09655594956035;-644.0694378203204 -384.2844770034516;353.371615814869 -287.4078314445882;-242.96917823567358 578.1498935262249;146.61379995940607 348.86225466315705
750,6,23,GNNLXSSA,243.16425776063988,84031.26014223936,2.4248001504333314,,1814,1854,9000,5590,100,0.0,1,610.9808288598487 -157.6615836262282;-119.11193655038589 -506.9932364369822;-448.6622927695896 415.25533161020417;384.97722486041147 228.25005330274521;191.50274608000024 589.1576815420201;-745.9138685153819 -78.18192676621305
750,6,24,GNNLXSSA,293.194111179444,83981.23028882056,2.4248001504333314,,1808,1854,9000,5590,100,0.0,1,705.4340157114979 254.68185934053113;-581.8076405229589 435.5382400440684;38.0414885303778 74.54053195746451;-144.38377319244992 -514.9944961293836;484.53735049003666 -565.1952457673219;185.34162202349012 560.7835467947943
750,6,25,GNNLXSSA,267.0947839227447,84007.32961607726,2.4248001504333314,,1813,1854,9000,5590,100,0.0,1,-744.5766304622988 -90.03133548609276;452.6519951573166 598.0018154488334;-181.38114037255843 241.7777719215652;749.9985990554851 1.4496257481421662;-337.93111686069597 -179.928963534529;195.8795917510382 140.63012358207797
750,6,26,GNNLXSSA,268.2645651357743,84006.15983486423,2.4248001504333314,,1816,1854,9000,5590,100,0.0,1,749.5285701105726 26.588015871823416;-414.06941794376417 -81.84354154850881;120.20446805247276 740.3045899224333;112.20248679608876 -368.83705637579516;-742.1982743395745 -107.89680981084494;-209.97290120600204 -694.0546588532333
750,6,27,GNNLXSSA,217.340223924577,84057.08417607543,2.4248001504333314,,1814,1854,9000,5590,100,0.0,1,394.4240021542223 637.9104220222821;188.413600441834 256.1671284161691;699.3594504480217 125.45863122391631;-60.850846130838406 -612.777064923145;-698.6056322138737 -269.5337057053586;-368.85108600134015 -613.122225931494
750,6,28,GNNLXSSA,191.6845278301771,84082.73987216983,2.4248001504333314,,1810,1854,9000,5590,100,0.0,1,-179.15578496278687 -705.2602382907298;-744.2320110658999 -92.83702766033754;148.04549895438515 -160.61232260578512;727.9698303743886 180.4436922274752;-151.00685222193127 734.6406812735215;-571.683166710658 485.4671532654645
750,6,29,GNNLXSSA,206.3863481796434,84068.03805182036,2.4248001504333314,,1809,1854,9000,5590,100,0.0,1,-175.89240420320112 729.0828911335237;-608.1798716671784 94.33616003534603;509.6389244216489 -546.9410947383051;157.19119300002578 733.34229991405;-181.2217002425019 -342.617019655502;720.5133749247956 208.23178564878356
750,6,30,GNNLXSSA,182.36816819278465,84092.05623180722,2.4248001504333314,,1806,1854,9000,5590,100,0.0,1,41.58121799213022 748.4117046621645;345.8173462034413 -294.0587503344808;66.55200617714756 -746.837689989688;-429.942759303376 476.0521301130482;-731.4493568136918 -8.458030638330035;598.2624417468071 452.24813226547826
1000,6,1,GNNLXSSA,134.85209913317522,84139.57230086683,2.4132200563666704,,1819,1854,9000,5590,100,0.0,1,-585.0552417271455 -723.3312087855594;-999.776725207817 -21.130540284930994;410.6761245860645 693.1375729094664;653.2757202692713 -31.023105205564185;888.2136651301674 -441.2394378366468;-99.5927439150104 -995.028283698247
1000,6,2,GNNLXSSA,78.20933580612473,84196.21506419388,2.4132200563666704,,1814,1854,9000,5590,100,0.0,1,698.0422646224665 716.0565597777444;-240.91399582628 970.5464680348979;40.222197265123626 16.564134634035234;691.7121994385132 -645.3156573235584;-959.0414843464553 -273.6090058525698;-675.7551485399093 728.5117642889916
1000,6,3,GNNLXSSA,177.70612999126024,84096.71827000874,2.4132200563666704,,1811,1854,9000,5590,100,0.0,1,122.77623032594708 -846.3168438939751;630.0940948237658 -293.7895415470851;-433.32275822084915 -331.26204302328;118.18907387048499 597.8019020425548;-894.5809002322017 -436.07449737325925;930.3216568067244 -366.7418763094512
1000,6,4,GNNLXSSA,83.21505733141385,84191.20934266859,2.4132200563666704,,1810,1854,9000,5590,100,0.0,1,-627.0702156343133 -778.5475998278498;-912.2532470073932 -264.6143990213174;987.6093590231907 156.23523299583383;311.1642412117568 114.29555288347672;679.2279348066447 733.8955833060791;-188.73040751124324 919.8254725804852
1000,6,5,GNNLXSSA,97.86987366767426,84176.55452633233,2.4132200563666704,,1802,1854,9000,5590,100,0.0,1,526.5511284893498 -850.1434638263074;-549.2249954620265 749.8505608606125;511.61671200706184 858.9168825146053;-19.217194965584323 880.4370390899875;988.7815891238922 -149.36856767616922;-893.1857175182838 -431.5884454830278
1000,6,6,GNNLXSSA,128.6597154080955,84145.76468459191,2.4132200563666704,,1825,1854,9000,5590,100,0.0,1,943.5717099306596 -309.3760029975899;6.943349662563304 520.8734648439478;-935.924565345142 277.4768120510563;291.98813299782967 -460.83627427948164;709.2445241175087 -704.961442414464;-244.4858233846524 969.6517990512798
1000,6,7,GNNLXSSA,88.39258694765158,84186.03181305235,2.4132200563666704,,1806,1854,9000,5590,100,0.0,1,463.00493324347536 320.17986281726587;-998.3078706968421 57.9180007682581;109.75370240399043 665.6041389009764;-488.9823519251502 54.37607843062865;979.7527639755117 -200.19397938275182;75.74846669790487 -980.0629517978975
1000,6,8,GNNLXSSA,95.13731456591631,84179.28708543409,2.4132200563666704,,1811,1854,9000,5590,100,0.0,1,518.7985070727464 854.8965487467412;-458.73391434795474 -888.5736862112243;-683.4624934325219 -192.49079750519732;514.1212846579101 -809.1563486911709;998.4818119278102 55.08240417190365;184.08077958687522 276.3857869118587
1000,6,9,GNNLXSSA,49.09766642350587,84225.3267335765,2.4132200563666704,,1816,1854,9000,5590,100,0.0,1,967.9109197564318 -251.2935562569368;288.0279989917543 -957.6219879455598;-213.2076991146072 -955.3000179924234;304.25856252304504 937.4819320392207;-944.6506078555099 195.92811802230716;-664.486781360604 688.2162131948926
1000,6,10,GNNLXSSA,134.24034289664996,84140.18405710335,2.4132200563666704,,1804,1854,9000,5590,100,0.0,1,-937.4847569273766 -133.5394181797907;999.6382393249035 -26.888609005272606;-33.29677475125571 -900.3273624510856;-375.77740417885366 -297.0466306171742;-615.8249173869779 444.9869905089789;546.3135535230226 -297.6068030775463
1000,6,11,GNNLXSSA,142.97752603473782,84131.44687396527,2.4132200563666704,,1813,1854,9000,5590,100,0.0,1,-979.6869397367134 200.52564942827254;698.7299041684961 -669.224773620024;745.1855633710796 652.8827493020058;289.42064898265335 542.9635035735179;-160.1375595322233 968.8313394732505;-722.3141328211634 648.9260721770884
1000,6,12,GNNLXSSA,77.27365389300394,84197.150746107,2.4132200563666704,,1815,1854,9000,5590,100,0.0,1,121.30103507882252 190.3696202380645;-331.7824494492767 943.3559276526744;-346.589975752473 -661.9186230604374;-973.2824806230874 229.61100346492427;952.1021384010922 -305.7801792988998;632.6259839032875 717.5206280706435
1000,6,13,GNNLXSSA,53.192235107999295,84221.232164892,2.4132200563666704,,1814,1854,9000,5590,100,0.0,1,-700.9594803798107 704.8435087662816;944.5579892303772 259.4387616544607;-970.7303306091778 -240.17207422053926;-245.15993541712612 -953.264013716496;643.9387587594326 -738.4919296567656;656.9795939014223 753.9083586200131
1000,6,14,GNNLXSSA,104.16193493003084,84170.26246506997,2.4132200563666704,,1814,1854,9000,5590,100,0.0,1,-889.7029294500995 456.5158255610745;-495.0578030236593 -830.7289132613546;-479.2117841861608 876.0997600157907;-31.46396812183647 995.9069802748471;504.96617677154575 859.8984087209599;500.62255923907907 -573.2903878129159
1000,6,15,GNNLXSSA,53.35233234288171,84221.07206765712,2.4132200563666704,,1819,1854,9000,5590,100,0.0,1,-191.75161773833028 -981.2025038550444;-679.9293110872246 703.9439896347834;-193.6937918563233 981.030013870803;965.8304713099943 258.78854325571274;-962.8162474765521 -264.54743923002115;685.272170018364 -727.9636742432491
1000,6,16,GNNLXSSA,147.10839640078484,84127.31600359922,2.4132200563666704,,1819,1854,9000,5590,100,0.0,1,154.0046376577941 -114.72215346939113;-78.89231701455085 -942.902922720265;-918.6893180537216 -394.9792258979262;-516.2168220821851 -159.24611417270194;795.7183188505826 543.6563964486576;554.58136141635 -339.2520816147219
1000,6,17,GNNLXSSA,150.04518583435856,84124.37921416564,2.4132200563666704,,1812,1854,9000,5590,100,0.0,1,167.25427058405188 -814.3392017696923;-195.6201547248606 -153.53609318444984;-698.1383482975558 376.6203022373847;-989.0880529411544 -147.32556984134197;914.3295961561746 404.970850300224;654.8866450377461 141.64779430940263
1000,6,18,GNNLXSSA,125.69376879731135,84148.73063120269,2.4132200563666704,,1814,1854,9000,5590,100,0.0,1,375.84775571944647 926.6814255830615;996.1287986151586 87.9057254649575;-911.8720775932138 267.83098334204755;-171.0873181215593 -985.2558701058178;130.13160154042467 85.1564020608097;795.3657498805604 -567.8238671354601
1000,6,19,GNNLXSSA,79.62085750856204,84194.80354249144,2.4132200563666704,,1815,1854,9000,5590,100,0.0,1,364.04134012889176 842.9590986695723;-168.6120534577945 -905.5700113836367;-619.541460549553 545.6928742707078;971.8845376346042 -235.4577836408837;598.5545409788406 434.55362172518596;-983.5159995518254 -82.16044543623079
1000,6,20,GNNLXSSA,120.33004866816918,84154.09435133183,2.4132200563666704,,1815,1854,9000,5590,100,0.0,1,922.5909760332112 385.7795885503622;-297.08173572157654 -444.7373840372574;215.70341484775287 -976.458927361012;234.80739861716734 549.718172587495;-735.8026047212089 -441.41782405349636;598.3114236639609 -750.1656011515893
1000,6,21,GNNLXSSA,117.34060715590022,84157.0837928441,2.4132200563666704,,1808,1854,9000,5590,100,0.0,1,-696.2837671142154 635.9808703571389;122.12946345488062 410.0913432314655;-219.97146616164085 -816.1022945709483;971.7678406404478 235.9391105709292;628.3449807463768 -101.65083249228621;-990.6304867858036 136.56953778395024
1000,6,22,GNNLXSSA,103.30362451596011,84171.12077548404,2.4132200563666704,,1808,1854,9000,5590,100,0.0,1,970.3252399658768 241.80349187959146;-549.6144066840251 -25.91628524847574;-155.40222511909505 -123.24299594445705;369.5016267598919 858.4185435402442;-996.3718454740275 85.10667157562163;336.1688522320562 -941.8017322074651
1000,6,23,GNNLXSSA,101.75210464697739,84172.67229535303,2.4132200563666704,,1806,1854,9000,5590,100,0.0,1,945.7332173470179 -282.20745020439506;-669.1666518547966 -657.6343791715774;163.8593118881959 827.6712253083664;-249.3710501344352 926.1072606350052;643.7601371629412 707.0195461504763;-910.3710355926659 -222.56429282346033
1000,6,24,GNNLXSSA,173.41163292559213,84101.01276707441,2.4132200563666704,,1816,1854,9000,5590,100,0.0,1,-110.54206517455503 709.1633557763017;-796.2444062882632 604.975078374846;302.3485186266299 953.1974471662638;604.4524264374229 -87.1563765714206;-121.36496829775324 -729.2653947394712;999.9665612976712 8.177792276074905
1000,6,25,GNNLXSSA,203.5654921944515,84070.85890780555,2.4132200563666704,,1810,1854,9000,5590,100,0.0,1,-228.30021968332386 238.89019735632053;338.8774793769382 940.8305128827044;748.7389951701948 535.2836455993395;134.73889925558788 589.4274933743436;-239.67874835734784 -970.8522532218046;-728.3765025959423 -685.1771088310695
1000,6,26,GNNLXSSA,75.86374976126535,84198.56065023874,2.4132200563666704,,1816,1854,9000,5590,100,0.0,1,780.5767548290733 -569.6515971125194;979.5779611348 63.57475683976967;-106.2062512289923 -536.2058706774052;335.8303190891925 230.79397774523795;-484.68016081567305 739.5348308745115;-849.7613916674806 -526.7660675821741
1000,6,27,GNNLXSSA,70.89023329109477,84203.53416670891,2.4132200563666704,,1818,1854,9000,5590,100,0.0,1,-67.31070532862978 -242.59300645481838;-465.6050798331677 -884.9926042818378;530.3846602061077 847.7571068519871;981.9424961363152 35.85752719708989;-999.1802818734357 -40.481654058617266;-37.46177689331166 989.860024311632
1000,6,28,GNNLXSSA,145.71067590436724,84128.71372409564,2.4132200563666704,,1814,1854,9000,5590,100,0.0,1,197.21007190735804 548.7682761004899;911.6500948629007 -313.06733185633266;-685.686450307092 -441.84396027855206;203.42472766826054 -979.0900925432497;661.3889493549717 432.749961173991;-903.6859846801791 206.81700060392734
1000,6,29,GNNLXSSA,246.82187242555665,84027.60252757445,2.4132200563666704,,1816,1854,9000,5590,100,0.0,1,898.539779601733 438.8920875036015;248.43128365507408 -962.5394303560075;533.7220207425954 -423.28446672226414;-76.11883130168445 -961.7951419325633;722.9059052711048 -98.9664549437763;-990.9874162060427 133.95499588022633
1000,6,30,GNNLXSSA,150.14194935215346,84124.28245064785,2.4132200563666704,,1816,1854,9000,5590,100,0.0,1,800.102234856414 -517.7333327049863;990.955069685851 134.18532963188045;-949.8646268434052 -137.26619198759516;249.50619478886728 -547.6784404048295;522.4579008329555 403.0283850617021;-510.4409708659627 -591.159812290552
500,5,1,GNNLXSSA,280.9971519050887,69947.68984809492,1.710698583166671,,1743,1790,9000,5590,100,0.0,1,117.10188791740444 -68.63122065395221;-491.9426172005255 89.40056701104989;-327.5339796149395 377.78498143467846;482.3106210657643 131.8198194777883;310.82090303058294 -391.65082182890023
500,5,2,GNNLXSSA,209.24377627289505,70019.44322372711,1.710698583166671,,1756,1790,9000,5590,100,0.0,1,5.887341609857543 254.1184995391275;-475.7586584242554 153.79759079502082;481.9999276807676 132.95138102229245;-263.1393799835532 -229.2917443719644;271.5794914575956 -236.31765478868914
500,5,3,GNNLXSSA,272.0478884885815,69956.63911151142,1.710698583166671,,1750,1790,9000,5590,100,0.0,1,-81.68204653262127 -242.83814488530615;-290.40803116609345 363.99759714508735;492.3067965299496 87.37286815950795;156.98769922049271 -474.71555935471093;-499.9946582270402 -2.3112214141599106
500,5,4,GNNLXSSA,176.59797156680725,70052.0890284332,1.710698583166671,,1761,1790,9000,5590,100,0.0,1,499.93117374605373 -8.295873485839556;-233.04929455849398 442.3663937346374;-245.3729419284554 -431.1301881755104;-499.86347667219997 -11.683522122243692;243.24742031031914 436.84172478413154
500,5,5,GNNLXSSA,291.05896878498606,69937.62803121502,1.710698583166671,,1755,1790,9000,5590,100,0.0,1,476.40189505925474 -28.062294390317255;-87.68633106074059 492.2510612940374;207.18855280673438 -455.052638258313;-459.37304599332134 197.42442760412868;-279.78397054782357 -135.30172486944215
500,5,6,GNNLXSSA,226.8292720249301,70001.85772797508,1.710698583166671,,1740,1790,9000,5590,100,0.0,1,-499.69614701916794 -17.42873071104361;19.66183371490385 -490.12835413579484;-286.25929519230004 -409.9458694949952;259.84721531425885 407.07042374524303;498.7221256630487 -35.724520628418254
500,5,7,GNNLXSSA,231.7131176947878,69996.97388230522,1.710698583166671,,1754,1790,9000,5590,100,0.0,1,-152.1726034964473 -476.28090319171207;275.2201785561965 219.44660252311897;-473.41994250685804 -160.85259723362628;478.41765925848176 -145.31532372614816;119.8579231844175 485.42154695678505
500,5,8,GNNLXSSA,233.73478502394573,69994.95221497606,1.710698583166671,,1749,1790,9000,5590,100,0.0,1,259.9310766872497 -236.70338797991485;-93.83479248221629 491.11610818605755;-301.19611804307453 -228.27230165298477;475.109419167693 155.79165516207019;-489.23149285207097 103.21117382209177
500,5,9,GNNLXSSA,257.74855326794204,69970.93844673206,1.710698583166671,,1754,1790,9000,5590,100,0.0,1,-277.44135074532215 84.00299469965599;17.09061428541281 -211.33747042707347;214.93795061288492 405.0416232928989;492.6824813168332 -85.22828971350259;-455.03347963053875 -207.23062417776384
500,5,10,GNNLXSSA,207.92731656086107,70020.75968343914,1.710698583166671,,1758,1790,9000,5590,100,0.0,1,-252.24237961688473 -431.7102986091615;424.1614780911674 264.7395710949084;-233.06337590225436 442.35897505650826;-499.88918935321374 -10.52608036197797;168.27204719402596 -201.30781971908874
500,5,11,GNNLXSSA,252.79060569797002,69975.89639430204,1.710698583166671,,1755,1790,9000,5590,100,0.0,1,143.2599849039399 -131.41555368642048;313.7802084052656 389.28380671596227;494.58254072796365 73.39143296738408;-175.60248142958397 468.1485262707459;-486.48649753712425 -115.45804464171769
500,5,12,GNNLXSSA,275.8277924868744,69952.85920751313,1.710698583166671,,1740,1790,9000,5590,100,0.0,1,456.4092281220758 204.18280163865663;-499.999996986021 -0.05489971743950988;260.1349545411309 -141.0619850127048;15.969331939066464 291.854850937268;-272.3557608410618 -240.88130746934291
500,5,13,GNNLXSSA,301.4144880351232,69927.27251196488,1.710698583166671,,1750,1790,9000,5590,100,0.0,1,-22.834176191566694 371.1344316317683;354.6371329010558 -310.2949198807999;189.47657414072864 -15.753034743266738;-288.4537154626971 -140.7262123297789;-443.1286268509343 135.45048611274757
500,5,14,GNNLXSSA,281.0655591285904,69947.62144087141,1.710698583166671,,1747,1790,9000,5590,100,0.0,1,320.4278834890539 -267.76632671017296;-167.22628108527667 -158.53929584993472;-0.5991147174684857 371.5480335085515;495.6159960967714 66.0665150662951;-477.79400943244514 -146.53451492269636
500,5,15,GNNLXSSA,217.3898307661002,70011.2971692339,1.710698583166671,,1756,1790,9000,5590,100,0.0,1,-298.44766319859843 401.1595596907743;-476.1503390099155 -152.58064969301483;305.2084593495471 -396.0401448609419;-33.74202204433027 -47.83111198177361;496.97288454028734 -54.93589019672102
500,5,16,GNNLXSSA,322.78744892650866,69905.8995510735,1.710698583166671,,1754,1790,9000,5590,100,0.0,1,43.55928885479742 -380.95571739687625;295.58308454720077 102.6157873841414;56.69416235008983 496.7753737409108;-225.0764136458244 94.9333307101175;-431.92215292436026 -251.8794430142832
500,5,17,GNNLXSSA,265.7639312013489,69962.92306879866,1.710698583166671,,1752,1790,9000,5590,100,0.0,1,160.85272287930826 -206.5287432705674;430.9631199071052 253.51684220172444;0.571922843490874 -499.99967290415407;-282.05107164301415 392.40785390465635;-458.6960391336393 -198.99232066366483
500,5,18,GNNLXSSA,333.9339670211193,69894.75303297889,1.710698583166671,,1756,1790,9000,5590,100,0.0,1,-335.7210654263846 -190.76587340868127;-186.13514352355082 261.7140768196734;478.38944433445323 83.5732406478887;146.2738446291491 -478.12546719183194;-492.8603190467338 84.19445295951374
500,5,19,GNNLXSSA,257.60168721716036,69971.08531278284,1.710698583166671,,1753,1790,9000,5590,100,0.0,1,244.49260646691317 -436.1460367617882;-443.9706250445573 229.97844268005883;499.2348361113633 27.65101106397805;-213.65409014147892 452.0530165432112;-224.75718102295644 -446.6291643735702
500,5,20,GNNLXSSA,197.08416700661473,70031.60283299339,1.710698583166671,,1760,1790,9000,5590,100,0.0,1,-24.697999159350367 499.3896362936707;-439.8059976070797 237.84592590339105;-229.53969551448287 -154.13684760939654;493.9586456692284 -26.205947073338507;249.95013972865374 -433.04148490603814
500,5,21,GNNLXSSA,223.73758412637108,70004.94941587363,1.710698583166671,,1758,1790,9000,5590,100,0.0,1,-143.39894259453047 -478.9955566211137;-485.66023338668373 -118.8870796461579;489.52454496075626 101.81217943332963;94.97240018960692 490.8973856135568;341.13341554024714 -365.55162809354994
500,5,22,GNNLXSSA,216.17088940131362,70012.51611059869,1.710698583166671,,1748,1790,9000,5590,100,0.0,1,-466.00332691015836 -3.755290802883215;-193.58354377876444 -461.0047847669861;294.21812898107413 404.2718053227012;483.2892031129393 -113.06229768638491;6.05326065205931 -112.73067194101606
500,5,23,GNNLXSSA,304.11592078750255,69924.5710792125,1.710698583166671,,1742,1790,9000,5590,100,0.0,1,325.88829071791463 372.6831600808572;89.5577598065517 -488.93047734896936;-497.19537073703646 -52.8844336044252;491.5668127934175 -91.44434679148414;-271.44686918056027 -277.3051358324213
500,5,24,GNNLXSSA,221.22616384841967,70007.46083615159,1.710698583166671,,1746,1790,9000,5590,100,0.0,1,484.63329374306693 -123.00638436986188;-488.643448515158 -105.96027662862188;-133.16348232037524 -481.94137296595636;-123.6258431511537 484.4756453168377;316.0968625564919 387.405179988526
500,5,25,GNNLXSSA,309.22764856909635,69919.45935143091,1.710698583166671,,1746,1790,9000,5590,100,0.0,1,-498.59729633083 37.42640901270816;144.3874619944644 477.2951606383692;142.97257337596284 -479.12299387762107;-96.60030169340095 -224.48800576844454;487.87224950270877 109.45623858495543
500,5,26,GNNLXSSA,264.562948506471,69964.12405149353,1.710698583166671,,1751,1790,9000,5590,100,0.0,1,31.62193896504317 -494.38873318676247;-285.33457754435346 -159.60329844214058;-462.0814771850077 190.99923675900175;218.82557007668314 -173.05641677582048;448.75832567457803 220.49028354498833
500,5,27,GNNLXSSA,206.9583325703279,70021.72866742968,1.710698583166671,,1751,1790,9000,5590,100,0.0,1,17.021044041977174 -142.80026098639556;293.20958579072413 347.7514253485034;499.67557129737355 -18.008982443307296;-483.2812019973754 -52.32081439353109;-260.83070558785425 347.40481867907897
500,5,28,GNNLXSSA,141.80760577326873,70086.87939422674,1.710698583166671,,1748,1790,9000,5590,100,0.0,1,233.00797311257142 442.3881604043797;-252.2021002942043 -417.19248065255124;491.20607833495916 12.923484085531125;-499.6693962364514 18.179506723234145;-13.611091019215882 15.024591789914542
500,5,29,GNNLXSSA,272.97061355016194,69955.71638644984,1.710698583166671,,1750,1790,9000,5590,100,0.0,1,-24.02325991298061 233.23619120773202;487.9528514241441 109.09635551679594;-462.361542957698 -190.32026585147668;207.92308885105035 -178.91206592266778;-223.26227593120217 -441.4931285612974
500,5,30,GNNLXSSA,178.17923443304608,70050.50776556696,1.710698583166671,,1747,1790,9000,5590,100,0.0,1,-225.228359978794 -401.9140426307249;23.671641975697298 499.439339025446;-440.25673803840425 237.0105580175361;499.97795578417856 -4.695075065851926;287.5907953390724 -409.0128780811673
750,5,1,GNNLXSSA,112.59462212433573,70116.09237787567,1.6498076844666685,,1745,1790,9000,5590,100,0.0,1,-586.5772639225768 398.5967549013459;426.8815361939482 -595.5174679255446;-229.50289225216255 -714.0227044344545;55.73912844041128 -227.21015839144056;677.7615438439728 311.2849328171581
750,5,2,GNNLXSSA,71.34794688181137,70157.3390531182,1.6498076844666685,,1755,1790,9000,5590,100,0.0,1,-519.4829265245122 529.0151961418053;731.6480558644582 -164.4773023263835;-733.4269243789117 155.90675762498194;-174.13667287766393 -729.3503878461443;242.6270168772425 709.629604475731
750,5,3,GNNLXSSA,71.06750646306318,70157.61949353694,1.6498076844666685,,1749,1790,9000,5590,100,0.0,1,731.0062046482376 -167.31212949171183;-732.2362752656318 162.26532958433808;-161.83291055505185 -702.0127252190335;230.68840318809185 713.6405682376306;-510.4579368555753 549.4840258835096
750,5,4,GNNLXSSA,84.1840729280666,70144.50292707194,1.6498076844666685,,1753,1790,9000,5590,100,0.0,1,323.7544323514024 -676.5227768026891;-749.4762099052124 -28.025181286085907;680.7133418049509 -314.67805019898384;-368.79272742088637 -653.0634917077081;342.4883957281779 667.2343657153301
750,5,5,GNNLXSSA,126.39790487763821,70102.28909512237,1.6498076844666685,,1732,1790,9000,5590,100,0.0,1,-727.1121815305592 86.37533094598285;672.7439550864297 194.81550895939822;89.75604077300073 -734.6255462962783;112.17736827380601 733.4440056560854;458.08571239574655 -522.5395249093805
750,5,6,GNNLXSSA,111.30505436760723,70117.3819456324,1.6498076844666685,,1752,1790,9000,5590,100,0.0,1,-449.152573936846 -600.6005924431519;676.3804783838685 -324.04386339339675;460.8426214135648 308.22214025004064;-743.713333560057 -96.85294408705171;-3.8556406445758977 -486.30196533475873
750,5,7,GNNLXSSA,83.04207351323566,70145.64492648677,1.6498076844666685,,1754,1790,9000,5590,100,0.0,1,-729.5382417294369 173.64002878882977;494.940865926783 -563.4982279572969;736.3481081408797 -142.44810857764062;-472.73817009526203 -276.3704043836228;-178.5409859734257 725.8360136191017
750,5,8,GNNLXSSA,92.57884524895053,70136.10815475105,1.6498076844666685,,1758,1790,9000,5590,100,0.0,1,-51.761184586171886 178.79560003389477;541.3415201289075 -182.14796485855274;-713.9217859406303 -229.81663029324216;232.14601211826823 -713.1677425806531;248.9562867558073 706.659016308604
750,5,9,GNNLXSSA,127.56902316425112,70101.11797683575,1.6498076844666685,,1739,1790,9000,5590,100,0.0,1,372.1586796313002 -430.4868548509577;-356.8983865502502 -659.6381174717701;-142.7917534675642 -283.3213210009444;616.5568283917829 426.9517329048076;-743.6728164529482 97.19870164314867
750,5,10,GNNLXSSA,85.2566021232924,70143.43039787671,1.6498076844666685,,1757,1790,9000,5590,100,0.0,1,726.8369279739946 -184.95396516990965;-573.3206563837789 483.5318821405;-84.19498896367745 -362.8693538132263;365.60129587215295 469.41499724676675;-333.8599564402701 69.6418959227661
750,5,11,GNNLXSSA,129.57501388956734,70099.11198611044,1.6498076844666685,,1754,1790,9000,5590,100,0.0,1,-614.6821207625295 -429.7276933301822;53.02461004252756 -439.9505881469022;703.9317574657302 258.80510201927666;-196.31661843164196 389.85433173054963;445.99064779843064 -202.35409589006
750,5,12,GNNLXSSA,126.50807315178099,70102.17892684822,1.6498076844666685,,1745,1790,9000,5590,100,0.0,1,-749.2100757742601 34.41311317401366;-544.1588539228561 -316.3230481404401;364.39446512829636 150.38048054714517;-101.04469459963602 -743.1621422632252;652.3366923504746 -334.93383706279747
750,5,13,GNNLXSSA,61.39093770761974,70167.29606229239,1.6498076844666685,,1748,1790,9000,5590,100,0.0,1,734.8810984862374 149.81693444158185;-711.4325046964045 201.47751149253335;202.67504812251292 722.0944908044073;-190.11548591730622 -714.927289217322;200.1213975925069 -714.7485892005369
750,5,14,GNNLXSSA,118.44465514310286,70110.2423448569,1.6498076844666685,,1749,1790,9000,5590,100,0.0,1,107.51371044038697 -332.80016119667533;-383.3036887850886 -644.6536140934478;354.6616011008382 615.7448950544167;-719.5603184634849 -115.41755370556591;706.4821776986513 251.7596722951697
750,5,15,GNNLXSSA,119.18534982617712,70109.50165017383,1.6498076844666685,,1755,1790,9000,5590,100,0.0,1,-507.95700843798437 336.4235192537411;672.0840656364181 -14.935664739910465;388.7502507774336 469.0548808753009;-699.0526564263782 -271.7082691844766;-97.2944661304361 741.9269126749849
750,5,16,GNNLXSSA,111.94971750809054,70116.73728249191,1.6498076844666685,,1751,1790,9000,5590,100,0.0,1,-202.77235188391026 -714.0452500507132;523.112125444506 487.38739127183936;743.1920584008898 100.82442328051471;-582.1246303384984 421.32976470430003;82.60244059500484 237.1859689101675
750,5,17,GNNLXSSA,137.11761308572022,70091.56938691429,1.6498076844666685,,1739,1790,9000,5590,100,0.0,1,-428.6420393311893 -615.4396819494167;-131.429763347157 -46.155034655902234;-748.280729971873 -50.75139831471902;87.95835465777154 -744.8243604004219;603.0403482957037 -445.91724716419367
750,5,18,GNNLXSSA,127.15227786106698,70101.53472213894,1.6498076844666685,,1757,1790,9000,5590,100,0.0,1,-348.3210081600627 286.14439592305985;-36.50297532347667 -626.8142626517905;654.3098133227427 366.5769608002632;366.49851583485855 76.20136338892321;-578.4576814799436 -477.37481158608284
750,5,19,GNNLXSSA,41.58736966771539,70187.09963033229,1.6498076844666685,,1748,1790,9000,5590,100,0.0,1,375.0509323262461 649.4896443833525;-749.9984603910524 1.5196746530211054;748.0768041916716 5.284537382267473;-377.10184649961053 648.3010083029211;360.0336695501863 -657.9329424722761
750,5,20,GNNLXSSA,76.39575306991173,70152.2912469301,1.6498076844666685,,1744,1790,9000,5590,100,0.0,1,-87.69203205291875 -383.0914135828941;252.09362609497464 228.42462198614206;-390.6238192512267 598.9689559145147;-743.3153809581202 0.3415704364283125;666.4867763071921 330.0383510959542
750,5,21,GNNLXSSA,73.08692765640444,70155.6000723436,1.6498076844666685,,1756,1790,9000,5590,100,0.0,1,328.7092909499168 -652.199223488363;-749.9979431239196 1.7565050212780706;334.75856619236947 671.1458130397812;-58.01166893016882 -747.7520744560982;713.534336171275 20.692827208721308
750,5,22,GNNLXSSA,113.13215620536357,70115.55484379464,1.6498076844666685,,1746,1790,9000,5590,100,0.0,1,-94.08527923057798 515.4195467322786;-627.7199722468023 -392.1960874553735;-103.99481820086973 -695.8347634279215;692.3663299356408 288.32076784625025;484.98028542893354 -66.24504755856498
750,5,23,GNNLXSSA,70.2290495459456,70158.45795045406,1.6498076844666685,,1745,1790,9000,5590,100,0.0,1,685.8527485008707 -29.326580414156574;-376.73921042043344 -648.5118097088043;314.5318254499369 608.7975204022357;302.17145796021 -686.434563519496;-360.9228036803532 601.0173936668106
750,5,24,GNNLXSSA,83.49349545649602,70145.19350454351,1.6498076844666685,,1747,1790,9000,5590,100,0.0,1,725.4854383026698 190.18643172104336;491.792662463777 -566.2508076345582;-89.2138239959431 411.84434137003007;-413.29050365827 -622.5411506516201;-675.3302749404327 -179.29015631062464
750,5,25,GNNLXSSA,65.32008277454588,70163.36691722546,1.6498076844666685,,1764,1790,9000,5590,100,0.0,1,-564.1877158479275 -494.15409594025255;170.96975216732318 730.2481757525102;152.68710490159145 -678.7672142686375;690.9493094835899 -112.37994149468669;-348.7468890965831 206.57353518890505
750,5,26,GNNLXSSA,101.02954424456402,70127.65745575544,1.6498076844666685,,1745,1790,9000,5590,100,0.0,1,-749.5577749735859 -25.751543189626304;494.52121984845087 -418.9720241732086;-216.96734478785217 560.5864130624352;90.93583717459919 0.09953608503952777;749.6299672963378 23.556572995483485
750,5,27,GNNLXSSA,102.05543780405424,70126.63156219595,1.6498076844666685,,1756,1790,9000,5590,100,0.0,1,636.8635098806503 -247.8286976315123;-637.2876989131272 -395.42937272541013;15.01512181309669 749.8496823476942;419.45691999432086 -621.7361918602438;-351.82737087793305 100.86608849376726
750,5,28,GNNLXSSA,143.25825604295824,70085.42874395705,1.6498076844666685,,1750,1790,9000,5590,100,0.0,1,700.0008412436648 -269.2560533361535;15.45336246251089 -662.6537755499578;-715.4205205114354 -199.67292050151306;405.7596932106608 22.43525861314867;-505.0092430296083 -554.4958651375698
750,5,29,GNNLXSSA,108.61958403563767,70120.06741596437,1.6498076844666685,,1744,1790,9000,5590,100,0.0,1,416.7244986938866 608.640176817125;25.46671675745425 -95.83114584798554;-540.2305136761299 -425.5916498100112;-746.7938758392996 -69.27414386996543;749.9651961817932 -7.225269268646256
750,5,30,GNNLXSSA,171.19829989188293,70057.48870010812,1.6498076844666685,,1748,1790,9000,5590,100,0.0,1,470.2739954251495 -25.802727999333058;-638.091433208157 394.13109857807467;145.84021829634506 547.9772487898388;-399.43623803116395 -16.837482123976184;716.1692473284118 222.71418720201922
1000,5,1,GNNLXSSA,71.19830229558283,70157.48869770442,1.6416274134666613,,1753,1790,9000,5590,100,0.0,1,826.5668121485364 -403.4265343155325;-991.8884012671871 -77.65609054522312;76.96831513746537 -391.62576285417344;-463.7615852425804 880.2557933413807;-227.03001111601785 142.69044911696173
1000,5,2,GNNLXSSA,73.75926308715134,70154.92773691285,1.6416274134666613,,1749,1790,9000,5590,100,0.0,1,-380.39617682458373 801.1396264122492;-643.6712705328016 -100.83983473992657;139.00739957251108 677.1980649361767;-868.9217329872612 -494.9495145390231;855.86028738234 -517.2070847173485
1000,5,3,GNNLXSSA,42.149467624913086,70186.53753237509,1.6416274134666613,,1745,1790,9000,5590,100,0.0,1,989.716060414751 18.313853110484622;39.033478527307324 999.237903381401;23.908807371378636 -975.6304578161881;-869.9821332114396 482.8213296089554;-492.02099164071393 865.2157311074818
1000,5,4,GNNLXSSA,23.728838404858834,70204.95816159515,1.6416274134666613,,1747,1790,9000,5590,100,0.0,1,-758.4209603169995 650.204043983273;260.4325681065933 -965.2684166278445;956.7644877110195 272.3313725204051;279.39121591977187 926.6247374862896;-277.492005130335 -960.7143540541466
1000,5,5,GNNLXSSA,53.94087460532319,70174.74612539468,1.6416274134666613,,1741,1790,9000,5590,100,0.0,1,-262.1012518456098 959.8251076388476;987.7407364030905 -140.45355970176607;-986.5540626710011 163.43525148309442;-318.73940686990335 -947.842386954826;478.4794322443833 765.7297840714084
1000,5,6,GNNLXSSA,21.94828463520389,70206.7387153648,1.6416274134666613,,1746,1790,9000,5590,100,0.0,1,623.1995141480157 686.9959801826587;926.8726436036897 -292.84810736791746;-307.7270679627364 -951.4746720975064;-288.67746264008787 921.6052549413367;-967.706211848061 248.83748689424405
1000,5,7,GNNLXSSA,46.220350486953976,70182.46664951305,1.6416274134666613,,1747,1790,9000,5590,100,0.0,1,462.0708343657974 828.1039367486864;919.8367465981336 40.40793221710595;170.99168523638912 -151.15358236237978;-483.6775138777599 -164.84003456824732;-999.2501185703726 -38.719511064790254
1000,5,8,GNNLXSSA,35.64686277230794,70193.0401372277,1.6416274134666613,,1746,1790,9000,5590,100,0.0,1,-542.1271716811468 840.2828054627942;-878.5764056762468 -314.4216596253465;356.357605488554 872.9074889972696;335.6717995710471 -590.9935215590326;976.4087176148876 -215.74234969304925
1000,5,9,GNNLXSSA,62.17314467782853,70166.51385532218,1.6416274134666613,,1746,1790,9000,5590,100,0.0,1,946.5975735849656 322.41748352571636;143.43632981642457 -536.7483829857151;-955.5856093389325 136.29148760100907;538.3725301308891 726.2636951710332;-285.9035197250177 -958.2584084728118
1000,5,10,GNNLXSSA,33.00102903158404,70195.68597096842,1.6416274134666613,,1761,1790,9000,5590,100,0.0,1,-3.2657372641966895 -999.993759513008;494.0986193850793 794.7277218299397;-908.4561169951684 417.009727278423;-497.6081543752732 832.5064831035666;874.4189135401978 -485.1698121552369
1000,5,11,GNNLXSSA,71.85362209008599,70156.83337790992,1.6416274134666613,,1751,1790,9000,5590,100,0.0,1,-6.908658432488668 663.6604030060481;-712.7773638579408 464.3526819188899;463.08628786776563 549.2013642231016;823.7116647486006 -567.0089005977675;-944.6455225291844 -328.0927258650581
1000,5,12,GNNLXSSA,33.60065182734979,70195.08634817266,1.6416274134666613,,1746,1790,9000,5590,100,0.0,1,876.969992246552 318.0687238497222;-456.95069059078025 -463.7058820359733;568.9414375981323 -700.5145158153609;-158.3837426112845 532.538478966097;-924.7828268066976 319.865881554174
1000,5,13,GNNLXSSA,22.63211197927012,70206.05488802074,1.6416274134666613,,1750,1790,9000,5590,100,0.0,1,972.0874818680584 -13.303889076292307;-449.9041189360757 -893.076863301448;-442.9635073420916 847.0656246526506;451.12492542343136 -892.4608123955379;468.84286273684586 845.2788662129883
1000,5,14,GNNLXSSA,90.86401359339652,70137.82298640661,1.6416274134666613,,1745,1790,9000,5590,100,0.0,1,25.175388150212257 -811.8266068669631;-733.9035031164793 -355.5180178906394;733.3695547720079 413.1756175487105;-944.3998023801081 23.78958024358337;-446.9688081941231 761.4117130955433
1000,5,15,GNNLXSSA,47.96831839585502,70180.71868160415,1.6416274134666613,,1749,1790,9000,5590,100,0.0,1,-441.67520599989064 -897.1750177111231;657.2195579202996 686.0234141915539;-423.0291930144442 906.1160531949249;-791.9206743759939 251.4405061855559;168.01854216217527 -272.42630422511127
1000,5,16,GNNLXSSA,14.58398618287174,70214.10301381713,1.6416274134666613,,1758,1790,9000,5590,100,0.0,1,-528.2469778793925 -827.7929661948789;-55.50546591630452 -11.013680600097368;-999.8863009117 -15.079298694472895;441.74430917807797 861.1687538146251;943.9995165172302 1.6156690568019
1000,5,17,GNNLXSSA,29.579301252029836,70199.10769874798,1.6416274134666613,,1751,1790,9000,5590,100,0.0,1,-274.01803560549854 -954.680498197353;677.4738650237939 735.546845693544;224.36912277629207 -962.7323409950912;-967.3578244690564 253.41436312587786;973.2009865218939 -217.81716255855258
1000,5,18,GNNLXSSA,49.46426309962408,70179.22273690038,1.6416274134666613,,1745,1790,9000,5590,100,0.0,1,184.53947862992231 -981.5773252394077;623.9517370661366 781.4547210506382;-610.338526122646 -792.0659926006189;-956.4438831464497 291.6584524653532;979.2182763206927 172.9534011650008
1000,5,19,GNNLXSSA,63.7362287567812,70164.95077124322,1.6416274134666613,,1755,1790,9000,5590,100,0.0,1,-302.62383437794927 -414.3080078629191;-654.6142413450854 719.9702197221411;-967.5305028061725 -246.3575854911385;783.3088447575273 621.6326234593412;260.81898450520856 928.1837849803634
1000,5,20,GNNLXSSA,45.93864210277388,70182.74835789723,1.6416274134666613,,1746,1790,9000,5590,100,0.0,1,-102.58103904898417 -994.7246505579475;560.2205050354506 767.5960009729617;-633.5305937398625 773.7176402251775;243.77737838648974 214.57896947920196;999.9953854004259 3.0379561968084063
1000,5,21,GNNLXSSA,40.39027437228651,70188.29672562772,1.6416274134666613,,1745,1790,9000,5590,100,0.0,1,286.9132293501321 -926.329465343492;-727.9363087557947 -651.6310239813813;287.5746286949385 957.7582330269828;-258.2532460829324 -922.6269374034614;958.2465302144411 284.29285859860533
1000,5,22,GNNLXSSA,41.41720776219154,70187.26979223781,1.6416274134666613,,1746,1790,9000,5590,100,0.0,1,-846.0319235565548 533.132239058187;431.73458062411305 -901.2003786227706;887.1928686279033 -438.38377263368494;465.87852520927606 883.8549595677404;-522.4913267149345 -23.705924935089968
1000,5,23,GNNLXSSA,50.98162964958465,70177.70537035042,1.6416274134666613,,1753,1790,9000,5590,100,0.0,1,61.680573810488944 -270.12337773622795;79.66964458029234 994.335093932714;-983.8106364565416 34.902889571819486;-563.3099875728427 802.5378742084911;830.8000985775433 -479.32928602279856
1000,5,24,GNNLXSSA,29.77695144288009,70198.91004855713,1.6416274134666613,,1747,1790,9000,5590,100,0.0,1,-982.9464991022604 -60.6528414261353;872.6414832610906 -463.03664482893566;-13.186558552008647 -980.3149438591415;-14.296626535833717 978.8402632012163;-540.2860504777143 -840.137327274956
1000,5,25,GNNLXSSA,29.52469516976271,70199.16230483024,1.6416274134666613,,1744,1790,9000,5590,100,0.0,1,999.6037510035083 27.660302663556994;-545.74359688904 -837.9000581533469;557.7528337496186 816.3270073694987;130.401674018212 -831.7087282601271;-923.2223267744189 384.26209453070084
1000,5,26,GNNLXSSA,34.55522172957717,70194.13177827043,1.6416274134666613,,1759,1790,9000,5590,100,0.0,1,831.7673966171745 536.884655528049;-827.095194295065 558.4027193431197;449.7866065553087 -849.7162245275624;-19.582444095412942 -852.147475377811;-13.890145033118472 759.5080229935047
1000,5,27,GNNLXSSA,49.08984779025195,70179.59715220975,1.6416274134666613,,1755,1790,9000,5590,100,0.0,1,506.22078069329234 -203.24756416105208;267.68475600128613 -963.5065497465658;-929.8011508588793 -272.1002278744897;-224.04236027574362 973.5435169352561;968.8799663247607 -213.13536447872295
1000,5,28,GNNLXSSA,34.17285151906253,70194.51414848094,1.6416274134666613,,1743,1790,9000,5590,100,0.0,1,-895.7064251066106 -313.6179951858858;832.9197697684112 -324.11318880117625;-222.1362128279809 -974.848452102585;428.5032338568664 903.5402473460756;-219.9715119460681 897.4155166858511
1000,5,29,GNNLXSSA,37.49864253413398,70191.18835746587,1.6416274134666613,,1757,1790,9000,5590,100,0.0,1,-566.8260718007649 -820.9541650775647;975.8526534226182 27.788172126916407;561.0021361712855 754.5605463050557;-999.760556508521 -21.882176531882482;-112.19193253753542 8.937474201239601
1000,5,30,GNNLXSSA,89.36085096103488,70139.32614903897,1.6416274134666613,,1742,1790,9000,5590,100,0.0,1,-329.41252918098013 78.1152487777295;-994.701033114897 -99.86668485578824;722.0110682429726 643.4736566357317;-554.9570874665255 780.1364356156233;147.69062808581643 973.6164920598521
500,4,1,GNNLXSSA,92.90720150873676,56090.04239849126,1.1681014487333339,,1686,1726,9000,5590,100,0.0,1,422.7974921015123 266.90144749667405;-449.10363102810146 -219.76702733835032;-282.01738656172716 295.18290645195344;84.83619395639052 -353.5275451278745
500,4,2,GNNLXSSA,92.67783341265022,56090.27176658735,1.1681014487333339,,1683,1726,9000,5590,100,0.0,1,220.39677909087487 -342.3276454826433;-462.2393281041177 80.97391816468793;-215.5808509621588 -353.8498285310814;414.8491843499173 279.105991057534
500,4,3,GNNLXSSA,161.58738237169018,56021.36221762831,1.1681014487333339,,1686,1726,9000,5590,100,0.0,1,53.24452831344979 -123.0808993554474;-196.43089318076284 337.6847843542671;-499.0956283424114 30.059171137833633;314.3898586578142 -388.7917395896157
500,4,4,GNNLXSSA,88.41832660880755,56094.53127339119,1.1681014487333339,,1683,1726,9000,5590,100,0.0,1,478.9644565048264 143.50278535636934;-317.0036026239803 386.6635694287962;-482.1720841144975 -132.32566380215857;138.01999679992977 -480.57307507115644
500,4,5,GNNLXSSA,71.80968320290413,56111.139916797096,1.1681014487333339,,1689,1726,9000,5590,100,0.0,1,-242.21700754825176 421.044906546621;-499.028887521596 -31.147542743501866;247.5828716327945 423.72323366900207;499.79587754640016 -13.62837882196414
500,4,6,GNNLXSSA,111.25118747952365,56071.698412520476,1.1681014487333339,,1682,1726,9000,5590,100,0.0,1,-74.67411552615792 345.41292397426537;458.0495299550587 -199.4675076822561;-297.10562265961056 -402.1545088446045;-492.5048058345003 -64.74199195336537
500,4,7,GNNLXSSA,136.87734962956165,56046.07225037044,1.1681014487333339,,1696,1726,9000,5590,100,0.0,1,-244.48612287481612 -132.13408171842033;488.21723722812766 -107.75182696817825;-487.3421893000766 111.78347116600806;137.27680464969384 258.4310321702422
500,4,8,GNNLXSSA,79.72107434433565,56103.228525655664,1.1681014487333339,,1695,1726,9000,5590,100,0.0,1,29.851778893674343 305.51684361419615;380.7289116007152 -324.107228971115;-168.4602002251678 -332.871046684951;-467.00482082091605 178.5847337766947
500,4,9,GNNLXSSA,55.616678603772016,56127.33292139623,1.1681014487333339,,1695,1726,9000,5590,100,0.0,1,-435.64240500020037 245.38886479553508;499.9999026541695 -0.3120029182507086;-15.317778916771836 -497.2401472866322;256.1763142941858 429.3875824877176
500,4,10,GNNLXSSA,77.84453231827501,56105.105067681725,1.1681014487333339,,1687,1726,9000,5590,100,0.0,1,187.85398527995534 266.9383981200808;-31.192348716827514 -479.6030202490711;453.57132235241824 -205.1498925024652;-422.5526574328913 267.2999283509099
500,4,11,GNNLXSSA,63.97570589852694,56118.97389410147,1.1681014487333339,,1682,1726,9000,5590,100,0.0,1,486.8594057923913 113.87677107944194;-255.8385931403672 301.6383967337976;149.3463117118336 -472.6878300490145;-487.4727607481889 -111.22188421591753
500,4,12,GNNLXSSA,75.66794175397081,56107.28165824603,1.1681014487333339,,1682,1726,9000,5590,100,0.0,1,498.2349305402791 -41.97563566550535;236.79626439344113 406.5983085209305;-228.9700099847657 -444.491546069862;-452.9682508185415 211.70678720908046
500,4,13,GNNLXSSA,83.22287263107864,56099.72672736892,1.1681014487333339,,1689,1726,9000,5590,100,0.0,1,-135.3718100058446 -481.3257452658662;481.22951946778625 135.7134834598372;-378.570793558838 -73.86496230232227;139.85721840136122 473.6621666637359
500,4,14,GNNLXSSA,113.37384743076836,56069.57575256923,1.1681014487333339,,1683,1726,9000,5590,100,0.0,1,-244.66403709690405 -353.55952182242265;485.90790892301334 117.87054873770526;-493.00859773598825 83.31494807351137;321.34396668518923 -376.0592797307485
500,4,15,GNNLXSSA,57.09740674483328,56125.85219325517,1.1681014487333339,,1682,1726,9000,5590,100,0.0,1,-499.89896400167464 -10.051158642283426;-16.54537801539728 -499.7261754864634;499.9849893837369 3.87432457913336;254.55545656736442 430.35046128914587
500,4,16,GNNLXSSA,103.17373096672236,56079.77586903328,1.1681014487333339,,1692,1726,9000,5590,100,0.0,1,-499.65675852127225 18.523597491174254;409.606234098961 -218.11322270243636;-274.19701232394664 418.1100314900629;29.089187725929026 -124.71808551965475
500,4,17,GNNLXSSA,62.12815579454764,56120.82144420545,1.1681014487333339,,1689,1726,9000,5590,100,0.0,1,-126.26852350763806 473.9971723893296;161.34135584302646 -473.25271533157786;-366.0609783046795 -340.58667868629243;485.7788250162203 118.39263411936942
500,4,18,GNNLXSSA,74.528603572071,56108.42099642793,1.1681014487333339,,1683,1726,9000,5590,100,0.0,1,62.11020043376798 135.24707668784046;-131.4034330801455 -482.41703587238686;-474.79238989178157 128.4568525427428;481.37910690958904 134.91877340269008
500,4,19,GNNLXSSA,62.25487898779829,56120.6947210122,1.1681014487333339,,1698,1726,9000,5590,100,0.0,1,234.94805964432408 -440.9554111319835;-248.19053430002148 417.13281743580535;-499.5272432914255 -21.64620013637402;443.9005613716802 230.0364143288548
500,4,20,GNNLXSSA,56.225738433342485,56126.72386156666,1.1681014487333339,,1678,1726,9000,5590,100,0.0,1,-437.1102900426759 242.72233400485794;499.98245458989004 4.188687415951099;-9.819257500628746 -491.7361740117924;258.870168683656 427.76890462689715
500,4,21,GNNLXSSA,87.71974467152904,56095.22985532847,1.1681014487333339,,1692,1726,9000,5590,100,0.0,1,-114.34135385330849 -441.657526903203;-412.6632988333986 86.85805204815317;287.8672987949715 257.1404832308121;491.25633517941094 -93.09786864420805
500,4,22,GNNLXSSA,85.20857039403927,56097.74102960596,1.1681014487333339,,1678,1726,9000,5590,100,0.0,1,-157.79245944318814 -474.4486692392232;-485.515282955116 119.47765488581396;480.63356865109984 137.80918940951844;150.21888633870944 -476.8986835735824
500,4,23,GNNLXSSA,62.5249641829505,56120.42463581705,1.1681014487333339,,1687,1726,9000,5590,100,0.0,1,-255.8692123569968 -429.57065328978194;237.15883402296998 440.1768819973005;-499.8410012222084 12.608469263961524;499.8988127613718 -10.058677834136065
500,4,24,GNNLXSSA,88.630439155364,56094.319160844636,1.1681014487333339,,1688,1726,9000,5590,100,0.0,1,469.3188574111731 -152.1161850614588;-171.34402143653062 -138.18374432911173;136.38243721446005 445.40717019860614;-479.34393400067887 -138.41846219604258
500,4,25,GNNLXSSA,65.75532671230758,56117.19427328769,1.1681014487333339,,1695,1726,9000,5590,100,0.0,1,-424.59368036049113 -264.04582571002305;243.30809111555004 -436.785737067943;-217.56562645726152 409.51268807759357;499.9999307177174 -0.26321526893683383
500,4,26,GNNLXSSA,49.01506179598073,56133.93453820402,1.1681014487333339,,1677,1726,9000,5590,100,0.0,1,-150.39786341751534 476.84429605422184;139.9536615018577 -480.01351296835736;482.6182868884904 130.68890220986162;-484.96562025231464 -121.68955244098701
500,4,27,GNNLXSSA,116.99749448560033,56065.9521055144,1.1681014487333339,,1682,1726,9000,5590,100,0.0,1,318.9175239484425 -363.6012061412535;-476.45773229970825 -151.61803762026312;-98.61986613223216 490.13679507955027;496.3323481483628 -57.613289700102165
500,4,28,GNNLXSSA,65.30228150578478,56117.647318494215,1.1681014487333339,,1696,1726,9000,5590,100,0.0,1,123.619990622016 484.477138695535;470.57446412889567 142.18635141705403;-489.3794163956206 102.5074963516415;-154.41292623427424 -469.1072383534503
500,4,29,GNNLXSSA,111.67983660350001,56071.2697633965,1.1681014487333339,,1679,1726,9000,5590,100,0.0,1,359.59296177258585 -22.185787688631002;-122.57314893623304 -482.9726473545685;-445.0676906228916 -160.05792533348895;121.44054745286613 384.17611810332903
500,4,30,GNNLXSSA,86.57860877019266,56096.37099122981,1.1681014487333339,,1686,1726,9000,5590,100,0.0,1,-492.93486669192396 83.75689344415272;497.9664650718103 -45.04885863021909;-196.5168688137341 -439.74358158922706;87.98753855450147 56.814934870066224
750,4,1,GNNLXSSA,39.68732121856738,56143.26227878143,1.1444654277333333,,1683,1726,9000,5590,100,0.0,1,639.135599735354 392.4355808931311;-689.7683031834287 292.50938959707736;-140.49121034431792 604.2556919641377;401.56968300397017 -374.04683061589304
750,4,2,GNNLXSSA,28.571497544173326,56154.37810245583,1.1444654277333333,,1685,1726,9000,5590,100,0.0,1,-16.875845341481252 749.0278877295177;-747.7526513002376 58.017001589751146;653.7062656529796 367.65217019084224;-375.2873655028591 -645.5930450190624
750,4,3,GNNLXSSA,19.438456462194154,56163.511143537806,1.1444654277333333,,1687,1726,9000,5590,100,0.0,1,-749.9953447317624 -2.6425140841136576;-388.0548880205587 641.8048020101998;321.5166759708564 -677.5891285083102;631.646646718901 394.4914780614409
750,4,4,GNNLXSSA,16.430617434125452,56166.518982565874,1.1444654277333333,,1682,1726,9000,5590,100,0.0,1,399.3946573878835 634.8101351191671;-692.6904338273162 -10.201369705855193;6.825021842212488 -726.7915331880442;749.6348868612704 23.39949573153947
750,4,5,GNNLXSSA,37.11035510041984,56145.83924489958,1.1444654277333333,,1684,1726,9000,5590,100,0.0,1,-457.831530753487 -242.78708583230198;-720.3362432865438 208.84339379068356;401.2628912322035 -461.11448646211534;52.37246539319385 658.8034895686004
750,4,6,GNNLXSSA,19.416041958582355,56163.53355804142,1.1444654277333333,,1679,1726,9000,5590,100,0.0,1,-348.24433623124924 -664.2131533465886;-663.6192592463451 349.3063559679225;345.9554258354399 -665.4302909076478;650.3042262797292 352.23330325067116
750,4,7,GNNLXSSA,20.676408474369964,56162.27319152563,1.1444654277333333,,1685,1726,9000,5590,100,0.0,1,222.47736557255112 -716.2428511391212;-539.4842535801214 -520.8776221548685;716.6749835578669 -221.08136045883933;-190.17618044560803 653.6783383626743
750,4,8,GNNLXSSA,51.80544697235746,56131.14415302764,1.1444654277333333,,1694,1726,9000,5590,100,0.0,1,-740.0243390739575 -15.246363519433327;-386.84986479781327 -635.4682889512403;49.89524328909355 748.3384693419964;40.11109543608235 -743.984855368767
750,4,9,GNNLXSSA,17.99165025939874,56164.9579497406,1.1444654277333333,,1693,1726,9000,5590,100,0.0,1,749.1388445786591 22.883985923209295;400.23917868032413 -576.2273340855721;-589.1450355538176 -304.3387999120642;7.927486741745242 749.958102132352
750,4,10,GNNLXSSA,16.412607609010593,56166.53699239099,1.1444654277333333,,1682,1726,9000,5590,100,0.0,1,748.6767709899921 -40.511391898403325;-733.4132199464767 -16.96606720617902;7.577087373137504 699.9820355280299;-361.3031008516226 -657.0494187522631
750,4,11,GNNLXSSA,15.810882503203175,56167.1387174968,1.1444654277333333,,1685,1726,9000,5590,100,0.0,1,749.7453487070503 -19.54257127768621;-20.834939284382713 -749.7105476815809;366.6862644029961 649.5454351524518;-741.0661304167857 -26.96840275296978
750,4,12,GNNLXSSA,17.414118968234106,56165.535481031766,1.1444654277333333,,1668,1726,9000,5590,100,0.0,1,-208.92674293077997 -718.4605942850588;677.2630111264976 -228.73486611439063;170.68534489696245 645.8222864977527;-720.5450611676143 -206.38146859513228
750,4,13,GNNLXSSA,36.99863646762242,56145.95096353238,1.1444654277333333,,1687,1726,9000,5590,100,0.0,1,203.6988005269339 687.1464478059661;-201.54646877496336 688.2319491015933;-546.9501067499575 -513.1720771107973;556.3570945715886 -502.95803335851036
750,4,14,GNNLXSSA,32.24002213561471,56150.709577864385,1.1444654277333333,,1688,1726,9000,5590,100,0.0,1,335.38605510911134 -182.77074307946202;-419.2899047051441 620.9150237428353;-739.499620358873 66.07264148939569;653.2529408299748 368.45697345910526
750,4,15,GNNLXSSA,32.78320390012959,56150.16639609987,1.1444654277333333,,1701,1726,9000,5590,100,0.0,1,198.68024576615065 -723.2054756030972;-372.4223231762208 222.0112250937757;712.8490619014966 173.92418383624926;-654.7681148437646 -257.01336432941065
750,4,16,GNNLXSSA,46.50208742835093,56136.44751257165,1.1444654277333333,,1685,1726,9000,5590,100,0.0,1,479.6245066291685 576.5887790878849;-665.9977733586735 266.2371296687531;-374.7317254495806 -649.6731768576794;226.50540625888374 -292.44621912370184
750,4,17,GNNLXSSA,38.003480022125586,56144.946119977874,1.1444654277333333,,1691,1726,9000,5590,100,0.0,1,620.3164267860411 62.309084409956725;-547.213141872479 -512.8915844133633;-246.59247757212304 534.183927762472;66.61258287388685 -508.89233842055563
750,4,18,GNNLXSSA,9.93836955891311,56173.01123044109,1.1444654277333333,,1691,1726,9000,5590,100,0.0,1,202.37338885366995 707.0858564868065;-730.1513104098268 171.40322023466393;-211.08758785022573 -719.6818951839577;710.6471492019114 -184.06320654685828
750,4,19,GNNLXSSA,27.88607833401329,56155.06352166599,1.1444654277333333,,1689,1726,9000,5590,100,0.0,1,316.7293253496911 431.4471975638915;-16.033482261988706 -749.8285987121019;749.9749706613193 -6.127265422127853;-420.2879302077015 621.1747384768044
750,4,20,GNNLXSSA,28.463574702385813,56154.486025297614,1.1444654277333333,,1684,1726,9000,5590,100,0.0,1,-240.04000049822355 710.5496451063872;-714.812895718861 -155.83644713945588;226.23232917872656 712.0493111382216;723.3080043448527 -198.30665861404265
750,4,21,GNNLXSSA,15.293064193036116,56167.656535806964,1.1444654277333333,,1691,1726,9000,5590,100,0.0,1,727.1683754623152 182.21621689907252;-198.1599447947492 723.3481732723187;-723.6289891159207 197.1314095124344;219.19450214948114 -705.6130457595804
750,4,22,GNNLXSSA,31.07693949832901,56151.87266050167,1.1444654277333333,,1689,1726,9000,5590,100,0.0,1,-730.5727868953936 169.4425327169504;195.85962369079581 -32.75842498368006;-220.98481549525687 679.4662412436694;742.2028152434146 107.82863250672156
750,4,23,GNNLXSSA,23.85565283741016,56159.09394716259,1.1444654277333333,,1698,1726,9000,5590,100,0.0,1,-521.2801734347082 537.4420150626102;694.557052426281 226.43697040357685;192.34743620178742 724.9154873408343;-179.97905069170952 -623.3504554193142
750,4,24,GNNLXSSA,41.73758787643601,56141.212012123564,1.1444654277333333,,1697,1726,9000,5590,100,0.0,1,-738.7131410689689 -129.62598200984846;148.4499492257774 647.3622498768166;488.2305914553147 -435.4937650977919;-383.7101227120143 509.51734437972186
750,4,25,GNNLXSSA,14.694080257613678,56168.255519742386,1.1444654277333333,,1692,1726,9000,5590,100,0.0,1,-3.0114052163866267 -749.9937641661434;-749.5048946341336 -18.293888039986086;389.9416449515211 631.725934272483;749.981109861088 5.323049082106164
750,4,26,GNNLXSSA,30.25957016981556,56152.690029830184,1.1444654277333333,,1687,1726,9000,5590,100,0.0,1,394.20251343452054 548.3647199914577;-557.7795418126806 23.252974572737827;-220.0954093239254 -557.3206853236268;673.4053393475006 -330.1897165846893
750,4,27,GNNLXSSA,20.674964554687904,56162.27463544531,1.1444654277333333,,1680,1726,9000,5590,100,0.0,1,-749.9324970758219 -10.06229743261851;-13.309750176717857 -749.8818910670088;652.5158474998033 369.7498982989397;0.14258309140128225 749.9423927834523
750,4,28,GNNLXSSA,42.231682042714965,56140.717917957285,1.1444654277333333,,1681,1726,9000,5590,100,0.0,1,-427.5452432352038 -139.71347596125563;-684.4437187271831 305.83841438828773;632.4342208888897 -403.14632113993434;253.02253428251552 263.24583051017214
750,4,29,GNNLXSSA,52.65925706469716,56130.2903429353,1.1444654277333333,,1685,1726,9000,5590,100,0.0,1,393.508998655284 635.1686181654906;-263.24028857812993 245.17027425393238;680.3256596254098 -315.6849645695071;-740.7360140974843 117.51662613848164
750,4,30,GNNLXSSA,31.051577446814917,56151.898022553185,1.1444654277333333,,1679,1726,9000,5590,100,0.0,1,716.8843267072543 -220.1720470622929;-184.5176345347678 -722.501583942754;-719.5628249969774 211.49312254153637;472.87207740527134 537.8523148600383
1000,4,1,GNNLXSSA,9.7878016311588,56173.16179836884,1.1820154179333333,,1681,1726,9000,5590,100,0.0,1,922.5399402804978 94.1250419993026;461.8755244698911 886.9447558307468;-842.6910671422303 538.397404673062;86.64956157723006 -390.70698000249536
1000,4,2,GNNLXSSA,6.635934922582237,56176.31366507742,1.1820154179333333,,1682,1726,9000,5590,100,0.0,1,-955.0336926242834 52.390263441242894;486.02966495385135 -768.4425238211268;863.4796511446855 504.3836754486132;-474.7214746683353 880.1360812333063
1000,4,3,GNNLXSSA,47.21821833539434,56135.731381664606,1.1820154179333333,,1676,1726,9000,5590,100,0.0,1,-437.18658015469896 165.16347333885437;1.500762010168593 164.08996626479103;723.8398934892986 -533.3259348917298;997.9348577632217 -64.04918760600631
1000,4,4,GNNLXSSA,6.987962482780858,56175.96163751722,1.1820154179333333,,1688,1726,9000,5590,100,0.0,1,278.04812295966315 -960.5671456585469;961.1342903289951 -276.08128504804324;-965.1916901279445 261.5434979271363;-275.3756304042236 943.9298732573247
1000,4,5,GNNLXSSA,23.41292546519253,56159.53667453481,1.1820154179333333,,1681,1726,9000,5590,100,0.0,1,393.2679099589055 875.1300926841465;-492.05696796796565 -870.563001898296;-889.9908954296303 455.9782955935124;829.4396672546287 441.0578050662291
1000,4,6,GNNLXSSA,16.519258171167166,56166.43034182883,1.1820154179333333,,1683,1726,9000,5590,100,0.0,1,-574.1881362226258 -818.7233868781246;35.62835350481104 -974.2640204941043;999.7417118087949 22.726849091337087;516.968181532045 856.0046140550006
1000,4,7,GNNLXSSA,18.51640104152466,56164.433198958475,1.1820154179333333,,1682,1726,9000,5590,100,0.0,1,-877.101691043416 -480.1133658611259;-505.19831451961466 862.3497141002664;41.19716365608308 999.151036483821;550.20938121588 -830.6447960835426
1000,4,8,GNNLXSSA,6.102013247240393,56176.84758675276,1.1820154179333333,,1692,1726,9000,5590,100,0.0,1,484.6369555689482 -874.7153944551686;-820.9462278485707 -542.7801660215242;-438.008796013633 744.1290459972021;857.1100586519619 410.84901933357764
1000,4,9,GNNLXSSA,10.24614994370495,56172.703450056295,1.1820154179333333,,1680,1726,9000,5590,100,0.0,1,-454.004495827757 656.3029985792999;307.0165750599624 462.5446245377224;-968.3546545418301 -249.5781701735405;978.8372638897795 -204.63637593231257
1000,4,10,GNNLXSSA,18.008901889290428,56164.94069811071,1.1820154179333333,,1684,1726,9000,5590,100,0.0,1,-60.60256714747257 903.3336769892878;-836.3531023149656 -548.0280186128318;288.7869480860255 -219.8596271096887;977.3057443604033 -211.83261827384558
1000,4,11,GNNLXSSA,7.519287076305773,56175.430312923694,1.1820154179333333,,1683,1726,9000,5590,100,0.0,1,977.2925967920736 4.367818357146044;-888.9949828377365 -457.91693623334396;486.0387707509746 858.025336236393;3.2808498879768115 -980.5697421772574
1000,4,12,GNNLXSSA,24.18870237353258,56158.76089762647,1.1820154179333333,,1688,1726,9000,5590,100,0.0,1,992.3812940040635 100.69353644775285;72.70869292031257 636.1967702835457;-773.6588210442975 633.602421570773;676.975133012792 642.5695612594176
1000,4,13,GNNLXSSA,9.215849120628263,56173.73375087937,1.1820154179333333,,1687,1726,9000,5590,100,0.0,1,-910.6500822607713 -207.78507716326504;247.8989438272704 -880.1377082687393;256.1089101178968 966.6479328888171;949.2008289341059 271.19491385919105
1000,4,14,GNNLXSSA,11.147586345738091,56171.80201365426,1.1820154179333333,,1697,1726,9000,5590,100,0.0,1,-999.919028493741 12.725425577676084;302.2565006501303 15.672297538163642;847.1556977058473 -531.3447316427623;-515.9161119111457 856.6391104020911
1000,4,15,GNNLXSSA,20.66813075425307,56162.28146924575,1.1820154179333333,,1685,1726,9000,5590,100,0.0,1,417.22460787331227 -908.4925547150501;996.2581993223955 86.36751300681559;-596.4059832983189 -344.1114100063885;-865.0802100751522 501.6282087949456
1000,4,16,GNNLXSSA,5.508490412656101,56177.441109587344,1.1820154179333333,,1683,1726,9000,5590,100,0.0,1,-469.27603829148364 824.7120855152039;989.0434969049468 -8.344387249379794;-860.6955647726973 -509.1199709111868;493.0639979920382 -869.99304243431
1000,4,17,GNNLXSSA,13.247773260023678,56169.701826739976,1.1820154179333333,,1689,1726,9000,5590,100,0.0,1,-275.87409991213735 955.0471258832392;968.3608643631144 -249.55407504170685;-966.8145901558804 255.4790564052502;290.9701594281588 956.7321288230847
1000,4,18,GNNLXSSA,8.510020444940892,56174.43957955506,1.1820154179333333,,1686,1726,9000,5590,100,0.0,1,361.4482182359272 -789.7183888249212;-999.9158251517705 12.974691173737698;-540.9915259843546 -795.1304908493186;753.0491490920336 538.355223048979
1000,4,19,GNNLXSSA,15.45929351326049,56167.49030648674,1.1820154179333333,,1687,1726,9000,5590,100,0.0,1,998.7332584943158 -12.634878643390305;-185.57375870468965 273.7954907839757;-523.360084867458 851.8455813132765;471.7066210999174 -881.2977338868275
1000,4,20,GNNLXSSA,20.783886988654558,56162.165713011345,1.1820154179333333,,1682,1726,9000,5590,100,0.0,1,812.2746235553826 583.184401876556;248.7828874279972 437.97136356135127;-204.79124814683817 -359.74411164092373;-994.1542843796107 99.33009288731115
1000,4,21,GNNLXSSA,8.357921352988342,56174.59167864701,1.1820154179333333,,1694,1726,9000,5590,100,0.0,1,963.8856294132095 266.316528609662;-959.9000976341689 -280.3422953496547;-246.2561293983653 969.2047867884968;673.4477680224153 -715.4079469118905
1000,4,22,GNNLXSSA,9.767184078002174,56173.182415922,1.1820154179333333,,1684,1726,9000,5590,100,0.0,1,-581.5978989922888 -780.5328917241279;160.17774035968543 608.8863173967181;-999.2651526538295 -38.32955376362574;772.9638792808403 -474.859349075461
1000,4,23,GNNLXSSA,10.250450952808023,56172.69914904719,1.1820154179333333,,1678,1726,9000,5590,100,0.0,1,495.3097475186652 -819.1558615336504;-921.9251186838762 -383.1517245914869;39.96101258819811 622.4971202399689;997.3032219918016 73.39130333201118
1000,4,24,GNNLXSSA,9.898028896321193,56173.05157110368,1.1820154179333333,,1690,1726,9000,5590,100,0.0,1,-269.5377961884157 962.9823745056649;892.1453095217166 309.12446037551615;-723.0949458982736 -656.6229900501173;599.6882073457092 -673.5251641999516
1000,4,25,GNNLXSSA,11.266644926385197,56171.682955073615,1.1820154179333333,,1686,1726,9000,5590,100,0.0,1,-536.6369322024024 698.4044595077596;960.4048067651572 -84.60791303442016;-994.7653221788103 -102.18587862560962;223.3708579611546 -83.68559188376787
1000,4,26,GNNLXSSA,15.259360678406665,56167.69023932159,1.1820154179333333,,1679,1726,9000,5590,100,0.0,1,471.1401957932064 855.1425690175784;-461.26481064633555 -767.3023503617686;-921.2550018222171 33.369189115784614;-440.0031381573595 849.9807528259129
1000,4,27,GNNLXSSA,12.045799993677065,56170.90380000632,1.1820154179333333,,1673,1726,9000,5590,100,0.0,1,153.90181986948855 -31.394345846819405;-412.0311707228492 911.1697505694304;-997.3110670805416 -73.28461965973104;892.5341987587942 -450.9797157810951
1000,4,28,GNNLXSSA,13.270351509709144,56169.67924849029,1.1820154179333333,,1685,1726,9000,5590,100,0.0,1,-934.4934509867544 351.3664598782703;250.38300889246423 419.15661582263965;964.4756710671054 -264.1606522262456;-175.07423692293767 -949.7353347328119
1000,4,29,GNNLXSSA,21.882550441550848,56161.06704955845,1.1820154179333333,,1680,1726,9000,5590,100,0.0,1,-336.97669654650434 526.8259909396876;435.5349917042026 -900.171800825387;-356.8525678573449 -906.9366236489882;869.1970299177883 488.9607890930215
1000,4,30,GNNLXSSA,24.21535602264339,56158.73424397736,1.1820154179333333,,1693,1726,9000,5590,100,0.0,1,-519.5169176065856 756.516835808409;-923.807536143627 351.85704645988847;650.9621100837917 728.0770808071505;241.09522014262848 -712.9603723289018
500,3,1,GNNLXSSA,13.75829492838966,42123.45390507161,0.805361025966666,,1626,1662,9000,5590,100,0.0,1,-499.82378837715436 9.529736551103174;435.1612666463176 246.24108513969088;8.645411320415358 -499.925251275729
500,3,2,GNNLXSSA,38.81772271368391,42098.39447728632,0.805361025966666,,1621,1662,9000,5590,100,0.0,1,42.8351145110664 -235.55888996852823;251.83715710924815 431.94680957165525;-434.55299119061823 247.31295527587403
500,3,3,GNNLXSSA,13.807207748439396,42123.40499225156,0.805361025966666,,1610,1662,9000,5590,100,0.0,1,-433.424066154259 249.2861385603068;499.89503862640873 10.244528134635168;-6.8031117651709945 -498.548425173729
500,3,4,GNNLXSSA,14.947803678784112,42122.26439632122,0.805361025966666,,1623,1662,9000,5590,100,0.0,1,-389.27737482846203 -313.7883449821887;72.28050979508247 494.7479438095352;420.4703851668527 -107.11249905466217
500,3,5,GNNLXSSA,13.93171779345721,42123.280482206545,0.805361025966666,,1615,1662,9000,5590,100,0.0,1,120.9606868301728 -459.7119738258323;474.98796335897134 156.1615658992201;-478.5059724722778 144.79188056890519
500,3,6,GNNLXSSA,35.288032559161365,42101.92416744084,0.805361025966666,,1622,1662,9000,5590,100,0.0,1,-486.9910035256301 -113.25749451185659;485.9656419221566 -117.63245670811384;-1.4718326972318592 -237.4102576455038
500,3,7,GNNLXSSA,13.42667234972032,42123.78552765028,0.805361025966666,,1623,1662,9000,5590,100,0.0,1,-479.2769923495968 -142.45548288614418;360.3032516715303 -346.67213160985676;-115.44145034156533 486.4907723102627
500,3,8,GNNLXSSA,13.518980541273777,42123.69321945873,0.805361025966666,,1619,1662,9000,5590,100,0.0,1,-480.5231771294382 138.1934292070257;482.13867712315067 132.4473330117985;-124.91510808527146 -477.0197799005196
500,3,9,GNNLXSSA,28.475059186494036,42108.73714081351,0.805361025966666,,1625,1662,9000,5590,100,0.0,1,477.30365836148974 -148.9336016979992;-370.04524849570254 336.2536454311741;-107.98249929895434 -488.2005528931233
500,3,10,GNNLXSSA,11.112373536081577,42126.09982646392,0.805361025966666,,1625,1662,9000,5590,100,0.0,1,9.058471545373976 -499.9179373589846;437.37955224561875 240.60857179276425;-437.4885176419348 242.0822111008211
500,3,11,GNNLXSSA,14.08147916769667,42123.130720832305,0.805361025966666,,1620,1662,9000,5590,100,0.0,1,-476.7768871601665 150.01909105066164;476.8117001919037 150.10992667735763;127.84739852427802 -455.00887100382255
500,3,12,GNNLXSSA,13.759080709547561,42123.453119290454,0.805361025966666,,1622,1662,9000,5590,100,0.0,1,435.0238239042502 246.48381820258282;-499.93720555403394 7.924045862031102;7.529383832517843 -499.94330516479823
500,3,13,GNNLXSSA,14.807769665239903,42122.40443033476,0.805361025966666,,1621,1662,9000,5590,100,0.0,1,417.9742082212643 -274.4040110162517;-498.1586133339044 -42.871855117798454;2.941602141791204 460.2409750998184
500,3,14,GNNLXSSA,41.04053711472807,42096.171662885274,0.805361025966666,,1632,1662,9000,5590,100,0.0,1,44.89636144561894 348.9569476250942;-355.5566787288692 351.5386866495574;488.5146306091216 -106.55259584277366
500,3,15,GNNLXSSA,13.405940220334742,42123.80625977967,0.805361025966666,,1622,1662,9000,5590,100,0.0,1,-127.93568720216366 483.3554178243067;-482.33429033539534 -131.73318627684722;482.7755551247858 -130.10673838796706
500,3,16,GNNLXSSA,19.892026876157615,42117.320173123844,0.805361025966666,,1616,1662,9000,5590,100,0.0,1,67.33695940976128 -495.44498574256266;-384.749472322209 319.3240416062996;314.5132137189218 321.540231208231
500,3,17,GNNLXSSA,13.275569955301762,42123.9366300447,0.805361025966666,,1630,1662,9000,5590,100,0.0,1,119.54268734742982 485.4992748725322;-358.16064386044576 -348.8853009077209;480.4921884329916 -138.30132629470495
500,3,18,GNNLXSSA,13.272539416582731,42123.93966058342,0.805361025966666,,1622,1662,9000,5590,100,0.0,1,357.38161539139764 349.68325807827165;-480.4622461545947 138.40531066430074;-119.9442370412855 -485.40022661777147
500,3,19,GNNLXSSA,10.019844521004416,42127.192355479,0.805361025966666,,1621,1662,9000,5590,100,0.0,1,-2.2245208133408383 -499.99505148266314;431.64120187253405 252.29789875917385;-432.5580105115705 248.30492822819332
500,3,20,GNNLXSSA,26.268385423361906,42110.94381457664,0.805361025966666,,1623,1662,9000,5590,100,0.0,1,-212.35989601508362 452.6624289296196;447.19195817710545 -223.65006716235513;-431.211486956984 -253.09415938805628
500,3,21,GNNLXSSA,13.415773895401799,42123.7964261046,0.805361025966666,,1621,1662,9000,5590,100,0.0,1,-126.58262468631102 -483.7115246999233;482.1737681412965 132.31952734356048;-481.89917712232364 133.3161021363412
500,3,22,GNNLXSSA,33.88145046891441,42103.33074953109,0.805361025966666,,1620,1662,9000,5590,100,0.0,1,-86.54347908672175 474.25679155341885;-459.1401625430938 -164.7219928915938;183.5833158579593 4.075150427888538
500,3,23,GNNLXSSA,13.884046594554093,42123.32815340545,0.805361025966666,,1636,1662,9000,5590,100,0.0,1,475.91585670530986 147.26622849749063;-482.2085801566524 132.1926065379807;120.95333782919953 -470.47389472314245
500,3,24,GNNLXSSA,18.283305301323708,42118.92889469868,0.805361025966666,,1616,1662,9000,5590,100,0.0,1,-368.85703150834763 -337.5566475524513;-119.36857329656438 485.5421132189696;485.27336273390574 -116.53084673726931
500,3,25,GNNLXSSA,9.954397722634894,42127.25780227737,0.805361025966666,,1622,1662,9000,5590,100,0.0,1,0.7446924534289754 -499.99944543284226;-432.3775370470853 251.0969244277921;432.5542408188012 250.79240169843771
500,3,26,GNNLXSSA,13.801244599388156,42123.41095540061,0.805361025966666,,1627,1662,9000,5590,100,0.0,1,10.651434131889904 499.8865340764182;-499.9095522722218 -9.509970924600799;436.9307986467606 -243.08738592099743
500,3,27,GNNLXSSA,20.519750380408368,42116.69244961959,0.805361025966666,,1629,1662,9000,5590,100,0.0,1,15.559639848318607 -499.75783896582413;441.85879400453604 234.0102693491399;-273.24137054043234 418.7351829321083
500,3,28,GNNLXSSA,27.316742255738063,42109.895457744264,0.805361025966666,,1620,1662,9000,5590,100,0.0,1,485.1124503604983 121.10289222488879;-488.64453081904105 -105.95528538321807;-106.97837682315208 -488.4215667763696
500,3,29,GNNLXSSA,26.223969588703767,42110.9882304113,0.805361025966666,,1623,1662,9000,5590,100,0.0,1,441.87618677648726 -233.97742532105727;-223.43239326587116 447.30075524135333;-496.5757793952678 -22.924400690944456
500,3,30,GNNLXSSA,33.79076618104591,42103.421433818956,0.805361025966666,,1619,1662,9000,5590,100,0.0,1,497.9479432081708 45.203434576347306;215.71698794177922 -450.1399336365921;-241.822505298279 437.62927904107147
750,3,1,GNNLXSSA,10.425255129033758,42126.78694487097,0.8069466061000033,,1622,1662,9000,5590,100,0.0,1,-632.5642102850214 111.51019575054458;511.4660393151268 -544.2818081367792;133.85380757130568 109.57095848583306
750,3,2,GNNLXSSA,5.462431829197158,42131.749768170805,0.8069466061000033,,1611,1662,9000,5590,100,0.0,1,-717.4961089717137 -218.40138912578476;538.8036842654991 497.089518032242;178.98443307403411 -728.3299888904525
750,3,3,GNNLXSSA,2.9870419060098357,42134.22515809399,0.8069466061000033,,1613,1662,9000,5590,100,0.0,1,-533.0669419897614 -527.5790323332461;183.5286492702319 727.1982088103932;721.6540549919691 -204.2435431382055
750,3,4,GNNLXSSA,4.10115312482958,42133.11104687517,0.8069466061000033,,1612,1662,9000,5590,100,0.0,1,191.12308608937332 705.7987370448607;719.850380750147 -210.5123020962631;-730.6550810396133 169.24288035541127
750,3,5,GNNLXSSA,13.191641239121964,42124.02055876088,0.8069466061000033,,1623,1662,9000,5590,100,0.0,1,-730.315772898315 -170.70111849644346;746.401167766428 73.38458119327693;-124.56381422326697 -163.02012816056703
750,3,6,GNNLXSSA,4.4693634731229395,42132.74283652688,0.8069466061000033,,1619,1662,9000,5590,100,0.0,1,527.5777056639222 533.0682549977929;-551.9793096676402 507.75864512466484;161.72664394617254 -728.7691397771011
750,3,7,GNNLXSSA,4.030640237520856,42133.18155976248,0.8069466061000033,,1611,1662,9000,5590,100,0.0,1,728.2348161525928 -179.37127011648042;-178.98298317388577 728.3303451965849;-542.7150385664854 -516.3078170288273
750,3,8,GNNLXSSA,4.965863204364723,42132.24633679564,0.8069466061000033,,1610,1662,9000,5590,100,0.0,1,-694.4433478794252 -32.937225283282245;417.59742172047896 617.9486345199323;24.0197797419018 -749.5286244302342
750,3,9,GNNLXSSA,6.554925105650909,42130.65727489435,0.8069466061000033,,1610,1662,9000,5590,100,0.0,1,746.7785046113495 69.43965041989043;-95.84826565562445 560.136970431657;-437.1275782581498 -609.4419417189508
750,3,10,GNNLXSSA,3.8212262416636804,42133.39097375834,0.8069466061000033,,1615,1662,9000,5590,100,0.0,1,-593.2880489070561 458.81291505804256;14.286558006387528 -600.09136134295;732.5145614446722 120.20960319907704
750,3,11,GNNLXSSA,6.297279896840337,42130.91492010316,0.8069466061000033,,1624,1662,9000,5590,100,0.0,1,-659.9680750036034 356.28940480463075;354.9583131977635 -660.684944502142;656.9742858170894 361.7800267774953
750,3,12,GNNLXSSA,11.0585863767119,42126.15361362329,0.8069466061000033,,1620,1662,9000,5590,100,0.0,1,669.5235135814524 -337.9915158129664;-644.1271158666383 384.1877908072123;360.4034111747762 655.8169586165573
750,3,13,GNNLXSSA,10.281382618421048,42126.93081738158,0.8069466061000033,,1612,1662,9000,5590,100,0.0,1,-180.6661035152972 -502.2645182079274;552.9783709186678 -506.67042670372643;180.71764332698942 727.9018707149605
750,3,14,GNNLXSSA,3.1476499564523692,42134.06455004355,0.8069466061000033,,1629,1662,9000,5590,100,0.0,1,187.9284256647157 696.8661245306407;-521.6913097995008 -538.8303789502604;717.3537011677971 -218.86906455884235
750,3,15,GNNLXSSA,10.438072171680687,42126.77412782832,0.8069466061000033,,1625,1662,9000,5590,100,0.0,1,567.1524789903044 342.4788131261048;-442.54276177751797 603.8376626534263;20.783551531873947 -205.76602985972644
750,3,16,GNNLXSSA,4.049814604841231,42133.16238539516,0.8069466061000033,,1618,1662,9000,5590,100,0.0,1,545.4651106311824 514.7502434036452;179.91831935653653 -728.0998546627511;-726.4423043490398 186.49819959467982
750,3,17,GNNLXSSA,7.034240240762301,42130.17795975924,0.8069466061000033,,1616,1662,9000,5590,100,0.0,1,-654.8380710186619 -55.695221267958296;545.1399721927528 210.27212644092316;12.894759995020381 -714.8319838837181
750,3,18,GNNLXSSA,7.400314267732028,42129.81188573227,0.8069466061000033,,1611,1662,9000,5590,100,0.0,1,733.5183705445073 156.36751604387288;-706.3954850886878 -252.00281475871924;-309.70819484571336 436.4248557033776
750,3,19,GNNLXSSA,6.01596323067497,42131.19623676933,0.8069466061000033,,1617,1662,9000,5590,100,0.0,1,672.3041281782787 52.49268620176351;-638.1780792189261 392.70684738467173;-163.92538082547924 -430.5739673298716
750,3,20,GNNLXSSA,17.05772420315043,42120.15447579685,0.8069466061000033,,1625,1662,9000,5590,100,0.0,1,8.759436983104308 718.0569015890518;655.4490678987219 -364.37909066216696;-5.897283846548401 -745.895905814114
750,3,21,GNNLXSSA,6.559525987679081,42130.65267401232,0.8069466061000033,,1624,1662,9000,5590,100,0.0,1,675.923760932695 325.0031836868694;-177.51586145079597 327.80771806718525;-612.2140213061319 -433.2366467834581
750,3,22,GNNLXSSA,3.0075209171700408,42134.20467908283,0.8069466061000033,,1623,1662,9000,5590,100,0.0,1,-188.4360078216318 725.9420575750147;724.517678675593 -190.24988446390807;-722.6012053006062 -200.866866601018
750,3,23,GNNLXSSA,6.322361513703072,42130.8898384863,0.8069466061000033,,1626,1662,9000,5590,100,0.0,1,-652.1354929660956 370.4312335830597;-108.94174264098997 -579.6033891745477;643.1892946218552 -385.7557922881267
750,3,24,GNNLXSSA,3.137298593799642,42134.0749014062,0.8069466061000033,,1625,1662,9000,5590,100,0.0,1,-178.95483697219908 725.1307729907123;-719.0413700265286 -213.2590857570364;727.0729938163608 -184.02374714515568
750,3,25,GNNLXSSA,3.0913817505715997,42134.12081824943,0.8069466061000033,,1620,1662,9000,5590,100,0.0,1,652.516704288457 369.3890128871169;-749.9649077357094 7.229419510790278;8.522524296062016 -749.8790144411781
750,3,26,GNNLXSSA,7.15247367790289,42130.0597263221,0.8069466061000033,,1626,1662,9000,5590,100,0.0,1,69.93746425053641 -746.1559975288197;746.5488524735943 -71.71641977327778;-337.9094680428923 569.8572701259995
750,3,27,GNNLXSSA,2.2520927133082296,42134.96010728669,0.8069466061000033,,1624,1662,9000,5590,100,0.0,1,-0.5605272746727517 -725.2236542801655;-642.2075827778003 387.3879458923505;641.4710602788409 388.606328853172
750,3,28,GNNLXSSA,5.480131765340047,42131.73206823466,0.8069466061000033,,1629,1662,9000,5590,100,0.0,1,-554.0382671782951 -505.5073831225415;151.59649288798042 734.5149868882909;534.132016382244 -526.5006894596418
750,3,29,GNNLXSSA,6.086620135371049,42131.12557986463,0.8069466061000033,,1626,1662,9000,5590,100,0.0,1,594.9964873923019 71.23670127232802;-745.2373872847289 74.87563689119509;-77.94983761350737 745.9382164871483
750,3,30,GNNLXSSA,2.394790280915913,42134.817409719086,0.8069466061000033,,1618,1662,9000,5590,100,0.0,1,30.453624923089052 749.3814627604847;-602.9741002536452 -346.66325419459605;666.2871757364048 -344.3274596212232
1000,3,1,GNNLXSSA,5.342969502897176,42131.869230497105,0.7901439015333305,,1617,1662,9000,5590,100,0.0,1,429.5940698955641 -394.75612800981776;905.8429251230748 423.6137332576357;-438.64450525400196 -898.6606690016381
1000,3,2,GNNLXSSA,1.5655975934641901,42135.64660240654,0.7901439015333305,,1620,1662,9000,5590,100,0.0,1,887.7375338694521 -460.3499440201803;-871.1350360827257 -491.04353056439726;-203.46245337122372 648.5246915754243
1000,3,3,GNNLXSSA,2.3687269875372294,42134.843473012465,0.7901439015333305,,1621,1662,9000,5590,100,0.0,1,553.6331359118103 -832.7606804001105;-522.3798886888137 -833.3241209892191;7.7252776021702205 999.9701595977599
1000,3,4,GNNLXSSA,1.039006786486425,42136.173193213515,0.7901439015333305,,1629,1662,9000,5590,100,0.0,1,-860.8574730261405 -508.8461566476137;-1.7670411434847098 982.5765928067868;999.7928960144947 -20.351046138955233
1000,3,5,GNNLXSSA,2.5269915732278605,42134.685208426774,0.7901439015333305,,1613,1662,9000,5590,100,0.0,1,-267.45638638233964 -963.5699670409516;700.4900648541364 -713.6621532914911;-954.7256377571052 236.3714763337433
1000,3,6,GNNLXSSA,3.4669052502067643,42133.745294749795,0.7901439015333305,,1614,1662,9000,5590,100,0.0,1,-434.20508662294907 -841.2040150001058;-845.6578921874079 522.6832995689311;870.3737190881325 -492.39170293648596
1000,3,7,GNNLXSSA,0.7074767495068954,42136.504723250495,0.7901439015333305,,1625,1662,9000,5590,100,0.0,1,865.4616412691564 -500.9751964835165;-865.4333874868341 -501.0240032404268;-0.6739754186333715 999.9997728785416
1000,3,8,GNNLXSSA,5.820501425921975,42131.39169857408,0.7901439015333305,,1620,1662,9000,5590,100,0.0,1,622.1557692459055 722.4410022423696;-949.2374359647657 303.1877302554702;-214.74695812372696 -119.10876873997508
1000,3,9,GNNLXSSA,2.370711993724399,42134.84148800628,0.7901439015333305,,1623,1662,9000,5590,100,0.0,1,-999.4842625266673 -32.11244247210193;871.6196183442142 -490.1598350377913;-469.7783437703548 882.7844061402434
1000,3,10,GNNLXSSA,1.2059432233581902,42136.00625677664,0.7901439015333305,,1629,1662,9000,5590,100,0.0,1,-973.9028543561494 -226.96526226923916;957.877303374581 -287.17777017004823;228.03100751136714 973.6538705378574
1000,3,11,GNNLXSSA,1.8029095374440658,42135.40929046256,0.7901439015333305,,1611,1662,9000,5590,100,0.0,1,895.9084148045221 444.23880096458083;46.304568995821384 -998.9273681755402;-483.42668872961195 794.4690125778452
1000,3,12,GNNLXSSA,2.372403466179094,42134.83979653382,0.7901439015333305,,1624,1662,9000,5590,100,0.0,1,-473.47773834351335 -880.805785229134;-999.5289985485775 30.688451581623415;872.1514636520693 489.2359598900649
1000,3,13,GNNLXSSA,1.3162424019610626,42135.89595759804,0.7901439015333305,,1619,1662,9000,5590,100,0.0,1,-720.7962484616838 693.1470033142772;237.34629638663677 -971.2653963322442;718.7335768276841 695.2855855980931
1000,3,14,GNNLXSSA,1.9923791994224302,42135.21982080058,0.7901439015333305,,1630,1662,9000,5590,100,0.0,1,479.394457567678 -736.2015627624337;-853.9200801212453 -394.53990350461663;-38.834495512840235 999.1926692368031
1000,3,15,GNNLXSSA,1.3539016649883706,42135.85829833501,0.7901439015333305,,1627,1662,9000,5590,100,0.0,1,-969.9156012446158 243.4381471900437;964.7139572493222 -263.20585792894803;262.2836382112459 956.8614195515265
1000,3,16,GNNLXSSA,4.201033721728891,42133.01116627827,0.7901439015333305,,1616,1662,9000,5590,100,0.0,1,-932.3465462369439 46.55064053956585;436.6775640728998 -767.584056896449;982.6253604707374 182.03577057604122
1000,3,17,GNNLXSSA,1.924702324984537,42135.28749767502,0.7901439015333305,,1622,1662,9000,5590,100,0.0,1,242.42964519029877 970.1689889565147;909.1658927216071 -194.93498272604853;-428.3952634632209 -192.35665268125473
1000,3,18,GNNLXSSA,1.1683231545175659,42136.043876845484,0.7901439015333305,,1616,1662,9000,5590,100,0.0,1,36.703265425047675 -970.1577325103679;-938.7893776492597 4.8932443936138705;879.7193940674981 475.4932046848973
1000,3,19,GNNLXSSA,1.046801530457742,42136.165398469544,0.7901439015333305,,1618,1662,9000,5590,100,0.0,1,873.6380299698089 486.57639954119355;22.292933200175863 -999.7514816839895;-994.9860544643864 12.35940034802818
1000,3,20,GNNLXSSA,2.847893534519244,42134.36430646548,0.7901439015333305,,1626,1662,9000,5590,100,0.0,1,-675.9919201594755 -736.9090336528012;-211.59025417551666 905.0989727632495;758.2739170157402 651.9360910193625
1000,3,21,GNNLXSSA,0.9898497487156419,42136.222350251286,0.7901439015333305,,1623,1662,9000,5590,100,0.0,1,-247.23876640779088 -968.8769459945349;711.8771884558723 702.3039716220908;-963.4368905369694 267.9353615192583
1000,3,22,GNNLXSSA,3.5957182626370923,42133.616481737365,0.7901439015333305,,1617,1662,9000,5590,100,0.0,1,890.6251403052049 454.7104634994118;-52.036193603080754 211.88080263057782;-998.5702586153845 -33.77873408257104
1000,3,23,GNNLXSSA,8.873576694575604,42128.338623305426,0.7901439015333305,,1628,1662,9000,5590,100,0.0,1,-531.8642769290552 340.1300279166387;208.17747347329265 -966.8047068777734;732.3970613800795 -441.24318447750676
1000,3,24,GNNLXSSA,2.5568582674241043,42134.65534173258,0.7901439015333305,,1616,1662,9000,5590,100,0.0,1,994.0643536594754 -108.79366150456339;-989.63304853747 -143.61904206070093;-466.7985876256568 758.5654402195066
1000,3,25,GNNLXSSA,3.262435496908438,42133.94976450309,0.7901439015333305,,1621,1662,9000,5590,100,0.0,1,-874.1448773274672 -485.66524833690477;-15.020352631991901 -984.1961731757189;508.6831292959098 860.9537447259547
1000,3,26,GNNLXSSA,3.5984096467509517,42133.61379035325,0.7901439015333305,,1624,1662,9000,5590,100,0.0,1,951.1729434047244 308.65843862559956;-198.7592328931291 966.5128652080141;-930.6565561669769 226.5172588765506
1000,3,27,GNNLXSSA,2.3518049271660857,42134.860395072836,0.7901439015333305,,1630,1662,9000,5590,100,0.0,1,777.4365391635822 605.2307870947677;-918.2510993418159 -395.99863454000257;196.00244992713786 -395.11389886249907
1000,3,28,GNNLXSSA,4.340105836592556,42132.87209416341,0.7901439015333305,,1625,1662,9000,5590,100,0.0,1,-861.6282914431356 -291.00530176695594;516.818431918349 -678.9059071854367;114.51971358781573 670.9913021389958
1000,3,29,GNNLXSSA,1.2221286524800234,42135.99007134752,0.7901439015333305,,1627,1662,9000,5590,100,0.0,1,-914.0498106390286 -278.8654602386322;-218.47010903967433 940.7817137523512;958.605235586645 -269.97159957381916
1000,3,30,GNNLXSSA,1.3236271133064292,42135.888572886695,0.7901439015333305,,1631,1662,9000,5590,100,0.0,1,999.9908009411623 -4.289292838303835;-4.399443949959776 999.9903223996375;-999.9995413755515 0.957731009516598
500,2,1,GNNLXSSA,2.0393741554835287,28089.435425844516,0.47309321543333077,,1560,1598,9000,5590,100,0.0,1,-472.28968713078166 -164.14155911867155;440.71000212429414 73.90252312039284
500,2,2,GNNLXSSA,2.3418902728262765,28089.132909727174,0.47309321543333077,,1549,1598,9000,5590,100,0.0,1,-438.2060333759575 240.78096335239877;427.4910943093846 -259.32868003012095
500,2,3,GNNLXSSA,1.1698904056320316,28090.304909594368,0.47309321543333077,,1542,1598,9000,5590,100,0.0,1,499.9999366215318 0.25175079779663406;-499.99993381140155 0.25727144045527506
500,2,4,GNNLXSSA,1.6362883126239467,28089.838511687376,0.47309321543333077,,1549,1598,9000,5590,100,0.0,1,-483.9007443969894 125.85733817318534;484.1745406357004 -124.79989663540765
500,2,5,GNNLXSSA,1.171579367855884,28090.303220632144,0.47309321543333077,,1559,1598,9000,5590,100,0.0,1,-499.8071209945553 -13.886749192446493;499.8087155224735 -13.829240318078359
500,2,6,GNNLXSSA,1.1699401366422535,28090.304859863358,0.47309321543333077,,1565,1598,9000,5590,100,0.0,1,-499.9947344379414 2.2946752128428587;499.9944955431664 2.346151430436932
500,2,7,GNNLXSSA,1.169949766710488,28090.30485023329,0.47309321543333077,,1551,1598,9000,5590,100,0.0,1,-499.99959382504767 0.6373184347805381;499.9992715076969 0.8535172947198001
500,2,8,GNNLXSSA,1.2271635207034706,28090.247636479296,0.47309321543333077,,1559,1598,9000,5590,100,0.0,1,-495.3742041828686 -67.85571332017363;495.8876846619979 -63.99534514761916
500,2,9,GNNLXSSA,1.6362855334991764,28089.8385144665,0.47309321543333077,,1567,1598,9000,5590,100,0.0,1,484.16465855258156 124.83822895516474;-483.90184228928314 -125.85311688249008
500,2,10,GNNLXSSA,1.2047596035226888,28090.270040396477,0.47309321543333077,,1547,1598,9000,5590,100,0.0,1,-496.6151364258002 58.08103195350333;496.405403838949 59.846991767098054
500,2,11,GNNLXSSA,2.3621411889580486,28089.112658811042,0.47309321543333077,,1559,1598,9000,5590,100,0.0,1,-414.0797482419205 280.24622406813813;449.66230923969954 -218.64081880843005
500,2,12,GNNLXSSA,2.3465471307463304,28089.128252869254,0.47309321543333077,,1556,1598,9000,5590,100,0.0,1,-423.14436476989096 -266.36224688098247;442.41354900916207 232.95976402185366
500,2,13,GNNLXSSA,1.1703707115484576,28090.30442928845,0.47309321543333077,,1558,1598,9000,5590,100,0.0,1,499.9999477351005 -0.22861517187507108;-499.9998318235451 0.4100931926076124
500,2,14,GNNLXSSA,1.169925379610504,28090.30487462039,0.47309321543333077,,1547,1598,9000,5590,100,0.0,1,499.9992501131492 0.8659597499257515;-499.9989606257235 1.0194965405514862
500,2,15,GNNLXSSA,1.1699588496485376,28090.30484115035,0.47309321543333077,,1555,1598,9000,5590,100,0.0,1,-499.9921757806477 -2.797169664835137;499.9921108980226 -2.808743444935406
500,2,16,GNNLXSSA,1.1698906494748371,28090.304909350525,0.47309321543333077,,1564,1598,9000,5590,100,0.0,1,-499.9999113854192 0.2976819996930702;499.9999166188956 0.28875785253675057
500,2,17,GNNLXSSA,1.8291785313522269,28089.645621468648,0.47309321543333077,,1555,1598,9000,5590,100,0.0,1,-440.50266233713563 -236.5531747279995;499.97166638342367 5.322857670698201
500,2,18,GNNLXSSA,1.6424752109778638,28089.832324789022,0.47309321543333077,,1561,1598,9000,5590,100,0.0,1,456.4844002716591 204.0146865022801;-457.2504905076931 202.04030450710144
500,2,19,GNNLXSSA,1.6362927211848728,28089.838507278815,0.47309321543333077,,1559,1598,9000,5590,100,0.0,1,483.82733801993567 -126.1392364989693;-484.2461833030637 124.52162043763987
500,2,20,GNNLXSSA,1.3118468701359234,28090.162953129864,0.47309321543333077,,1555,1598,9000,5590,100,0.0,1,-484.44355592563727 -70.40558873640401;485.3872219440822 -70.60417348086015
500,2,21,GNNLXSSA,2.412995253715053,28089.061804746285,0.47309321543333077,,1560,1598,9000,5590,100,0.0,1,395.84098060378284 305.46672171389736;-305.46740356317673 -395.8404544262388
500,2,22,GNNLXSSA,2.3402951040989137,28089.1345048959,0.47309321543333077,,1558,1598,9000,5590,100,0.0,1,-254.94874844199074 430.1175835371794;245.02340581366275 -435.84805907962135
500,2,23,GNNLXSSA,1.169891541627294,28090.304908458373,0.47309321543333077,,1555,1598,9000,5590,100,0.0,1,499.9999765391011 0.15316950844826402;-499.9999644112084 0.18864991479376553
500,2,24,GNNLXSSA,1.1698918459405832,28090.30490815406,0.47309321543333077,,1557,1598,9000,5590,100,0.0,1,499.99999321141763 -0.08239285348967358;-499.9999848501796 -0.12308460568910144
500,2,25,GNNLXSSA,1.1698966758740426,28090.304903324126,0.47309321543333077,,1547,1598,9000,5590,100,0.0,1,499.99978943003475 -0.4588789828726271;-499.9997270465295 -0.5224494195737546
500,2,26,GNNLXSSA,1.1864737531759602,28090.288326246824,0.47309321543333077,,1561,1598,9000,5590,100,0.0,1,-498.1361089846778 -43.12936847956077;498.1789361550712 -42.63505097219284
500,2,27,GNNLXSSA,1.1859699203523633,28090.288830079648,0.47309321543333077,,1556,1598,9000,5590,100,0.0,1,-498.1813206249126 41.976019549156526;498.28716089039074 41.347269658864455
500,2,28,GNNLXSSA,1.6486593559347966,28089.826140644065,0.47309321543333077,,1567,1598,9000,5590,100,0.0,1,-475.157677425534 155.64440749211698;490.90321981958425 -94.94223912866671
500,2,29,GNNLXSSA,1.7688741932106495,28089.70592580679,0.47309321543333077,,1562,1598,9000,5590,100,0.0,1,408.7255368216864 118.52316110733426;-485.9493361891079 117.69884719796475
500,2,30,GNNLXSSA,2.3398169060819782,28089.134983093918,0.47309321543333077,,1559,1598,9000,5590,100,0.0,1,355.2204465216424 351.8784369252611;-351.8805157916667 -355.21838720171934
750,2,1,GNNLXSSA,0.47923018278743257,28090.995569817213,0.45640682279999206,,1561,1598,9000,5590,100,0.0,1,613.8190724129238 368.9711592301964;-651.6955175027829 371.20473120204156
750,2,2,GNNLXSSA,0.4984560219127161,28090.976343978087,0.45640682279999206,,1563,1598,9000,5590,100,0.0,1,360.19484865164344 657.844716483168;-386.8909003162624 -642.5071449038305
750,2,3,GNNLXSSA,0.49407733806219767,28090.980722661938,0.45640682279999206,,1555,1598,9000,5590,100,0.0,1,-372.74996661777504 650.8129242619938;377.24087550134726 -648.2201183633358
750,2,4,GNNLXSSA,0.4941241640372027,28090.980675835963,0.45640682279999206,,1547,1598,9000,5590,100,0.0,1,-371.13198031368546 651.7369509153538;379.0614678875267 -647.1571706803174
750,2,5,GNNLXSSA,0.2470758765921346,28091.227724123408,0.45640682279999206,,1557,1598,9000,5590,100,0.0,1,749.991482687707 -3.5743385254795172;-749.9910584048663 -3.662282450650074
750,2,6,GNNLXSSA,0.24706431564118247,28091.22773568436,0.45640682279999206,,1555,1598,9000,5590,100,0.0,1,749.999359285038 0.9803428137412337;-749.9993104127069 1.0170449665655885
750,2,7,GNNLXSSA,0.38494139655449544,28091.089858603445,0.45640682279999206,,1552,1598,9000,5590,100,0.0,1,-663.1913984139292 -349.53089414731306;749.6948811781931 21.39123968392034
750,2,8,GNNLXSSA,0.5198415120576101,28090.954958487942,0.45640682279999206,,1563,1598,9000,5590,100,0.0,1,-580.7606955972742 474.57034720826186;701.3920072791329 -265.61109187108275
750,2,9,GNNLXSSA,0.24893198571589892,28091.225868014284,0.45640682279999206,,1571,1598,9000,5590,100,0.0,1,747.9411774429992 -20.044458662317894;-749.6952217730006 -21.379299584676804
750,2,10,GNNLXSSA,0.49512947800030815,28090.979670522,0.45640682279999206,,1551,1598,9000,5590,100,0.0,1,513.3519668118362 -546.7812708665316;-547.1095478302645 513.0020883709573
750,2,11,GNNLXSSA,0.24781638469357858,28091.226983615306,0.45640682279999206,,1550,1598,9000,5590,100,0.0,1,749.4150258223777 -29.61619610356405;-749.4112558074866 -29.711440036554734
750,2,12,GNNLXSSA,0.2749154380617256,28091.19988456194,0.45640682279999206,,1564,1598,9000,5590,100,0.0,1,729.6062506384915 -173.70871892119513;-729.7142425260635 -173.25450716969374
750,2,13,GNNLXSSA,1.1357899163449474,28090.339010083655,0.45640682279999206,,1553,1598,9000,5590,100,0.0,1,732.9717927325464 -108.80844190102451;-335.87146863414046 166.05222041731756
750,2,14,GNNLXSSA,0.3818416242102103,28091.09295837579,0.45640682279999206,,1562,1598,9000,5590,100,0.0,1,743.7142829224398 -37.83033949330287;-671.5853469947323 332.5199902379575
750,2,15,GNNLXSSA,0.34799086388375144,28091.126809136116,0.45640682279999206,,1563,1598,9000,5590,100,0.0,1,715.8249457968268 -223.81833476051509;-733.8060046342393 155.01208844065937
750,2,16,GNNLXSSA,0.26893719476356637,28091.205862805236,0.45640682279999206,,1550,1598,9000,5590,100,0.0,1,-733.7424696406372 154.9187331908916;733.811200284617 154.9825674938728
750,2,17,GNNLXSSA,0.36190825346056954,28091.11289174654,0.45640682279999206,,1548,1598,9000,5590,100,0.0,1,708.0375450819284 234.2458015821359;-727.1504121740516 -140.3549696325791
750,2,18,GNNLXSSA,0.2471216468475177,28091.227678353152,0.45640682279999206,,1551,1598,9000,5590,100,0.0,1,-749.9543257564907 -8.27703323222454;749.9542374478664 -8.285030717453983
750,2,19,GNNLXSSA,0.41978626506897854,28091.05501373493,0.45640682279999206,,1557,1598,9000,5590,100,0.0,1,-626.8941568777569 314.00349383803007;681.4631355820065 313.22195779149934
750,2,20,GNNLXSSA,0.49893022255128017,28090.97586977745,0.45640682279999206,,1560,1598,9000,5590,100,0.0,1,-328.575391985981 -674.1944910641579;419.96423227861146 621.3936301625857
750,2,21,GNNLXSSA,0.37931904581637355,28091.095480954184,0.45640682279999206,,1558,1598,9000,5590,100,0.0,1,-672.9279557365219 -331.1615412276394;674.9165444488865 -327.0896788790104
750,2,22,GNNLXSSA,0.3630984426563373,28091.111701557344,0.45640682279999206,,1543,1598,9000,5590,100,0.0,1,-743.1637496904365 -101.03287161142275;699.4489563213841 270.68645607219906
750,2,23,GNNLXSSA,0.24730441315841745,28091.22749558684,0.45640682279999206,,1557,1598,9000,5590,100,0.0,1,749.8345748788006 -15.745437561790364;-749.8434911045654 -15.321189513790754
750,2,24,GNNLXSSA,0.24773235228349222,28091.227067647716,0.45640682279999206,,1554,1598,9000,5590,100,0.0,1,749.4803187395247 27.915082340922773;-749.4768583814408 28.00783373782572
750,2,25,GNNLXSSA,0.26783823458026745,28091.20696176542,0.45640682279999206,,1556,1598,9000,5590,100,0.0,1,734.5437068504508 151.47786216605712;-734.560855798238 151.3946799889621
750,2,26,GNNLXSSA,0.24707338138250634,28091.227726618617,0.45640682279999206,,1562,1598,9000,5590,100,0.0,1,-749.9999420567509 0.29481328043253824;749.9999969510151 0.067627488539764
750,2,27,GNNLXSSA,0.3470950545561209,28091.127704945444,0.45640682279999206,,1564,1598,9000,5590,100,0.0,1,-719.5434050807612 -211.55918369284652;731.0419614274772 167.56387030701765
750,2,28,GNNLXSSA,0.4962892879448191,28090.978510712055,0.45640682279999206,,1557,1598,9000,5590,100,0.0,1,383.8752598626202 -644.3134212985212;-364.08452002350566 655.699978861715
750,2,29,GNNLXSSA,0.503970650905103,28090.970829349095,0.45640682279999206,,1558,1598,9000,5590,100,0.0,1,-474.1140441524669 581.1332662456973;581.1302520331593 -474.11773872306946
750,2,30,GNNLXSSA,0.24712139916300657,28091.227678600837,0.45640682279999206,,1562,1598,9000,5590,100,0.0,1,749.9530321974687 -8.119026055691439;-749.9559352031235 -8.12989874526888
1000,2,1,GNNLXSSA,0.08154980567633174,28091.393250194324,0.45069068210000296,,1559,1598,9000,5590,100,0.0,1,999.5591924572462 29.68873143497019;-999.5856511474324 28.78412792084674
1000,2,2,GNNLXSSA,0.2404731608730799,28091.234326839127,0.45069068210000296,,1549,1598,9000,5590,100,0.0,1,-569.4112348297685 821.8327557664453;994.954915284396 -81.82894278864373
1000,2,3,GNNLXSSA,0.1648171129891125,28091.30998288701,0.45069068210000296,,1566,1598,9000,5590,100,0.0,1,-569.5390059787708 -821.9643062011353;427.0549748815239 904.2256623370855
1000,2,4,GNNLXSSA,0.16677261639051721,28091.30802738361,0.45069068210000296,,1558,1598,9000,5590,100,0.0,1,-595.0433143008561 803.6936319928462;398.53962395187204 -917.1511152150994
1000,2,5,GNNLXSSA,0.13187899148397264,28091.342921008516,0.45069068210000296,,1552,1598,9000,5590,100,0.0,1,-863.4625911887451 -504.41288010678113;999.8771693011057 -15.673107873292343
1000,2,6,GNNLXSSA,0.1626906541241624,28091.312109345876,0.45069068210000296,,1557,1598,9000,5590,100,0.0,1,707.0303373146324 707.1832167951648;-707.1852712261336 -707.028282433468
1000,2,7,GNNLXSSA,0.1628960704583733,28091.31190392954,0.45069068210000296,,1547,1598,9000,5590,100,0.0,1,522.0700405413089 852.9026162283687;-477.58578014459437 -878.5851254168142
1000,2,8,GNNLXSSA,0.1153827284106228,28091.35941727159,0.45069068210000296,,1554,1598,9000,5590,100,0.0,1,-946.5374597521893 -322.5906549486443;983.0210431633311 183.49186405219558
1000,2,9,GNNLXSSA,0.12305624360669754,28091.351743756393,0.45069068210000296,,1551,1598,9000,5590,100,0.0,1,-899.2969987481923 437.3384365025486;998.2030320195594 -59.92250718184721
1000,2,10,GNNLXSSA,0.16366948913855595,28091.31113051086,0.45069068210000296,,1559,1598,9000,5590,100,0.0,1,742.1092333050732 -670.2789612119392;-671.3121535890585 741.174738131043
1000,2,11,GNNLXSSA,0.1627976162453706,28091.312002383755,0.45069068210000296,,1558,1598,9000,5590,100,0.0,1,693.8831448953795 720.0875827725697;-720.0953070818944 -693.875070003731
1000,2,12,GNNLXSSA,0.11501951841637492,28091.359780481584,0.45069068210000296,,1560,1598,9000,5590,100,0.0,1,-953.7209027532283 299.3888344540293;978.3133346322185 -206.08372987947666
1000,2,13,GNNLXSSA,0.08142731112820911,28091.39337268887,0.45069068210000296,,1552,1598,9000,5590,100,0.0,1,999.980492906884 6.24610324163953;-999.9860482682074 5.282354487769476
1000,2,14,GNNLXSSA,0.13607389902608702,28091.338726100974,0.45069068210000296,,1560,1598,9000,5590,100,0.0,1,999.2213715338929 39.45441255329955;-850.0272144731122 526.7387726901085
1000,2,15,GNNLXSSA,0.20876421183129423,28091.26603578817,0.45069068210000296,,1545,1598,9000,5590,100,0.0,1,166.58763845151418 -985.6568018069146;-770.6132400485534 637.3029240591561
1000,2,16,GNNLXSSA,0.15260784189376864,28091.322192158106,0.45069068210000296,,1556,1598,9000,5590,100,0.0,1,802.7530941934523 -596.3115542758148;-991.1477898286769 -125.16920426437775
1000,2,17,GNNLXSSA,0.11489332596465829,28091.359906674035,0.45069068210000296,,1552,1598,9000,5590,100,0.0,1,-979.465868056829 201.6100526057229;952.1455764621065 -305.64489399242825
1000,2,18,GNNLXSSA,0.0816418070353393,28091.393158192965,0.45069068210000296,,1563,1598,9000,5590,100,0.0,1,999.1459674696218 -41.31991879461113;-999.1460755040152 -41.31730636094853
1000,2,19,GNNLXSSA,0.08138772518213955,28091.393412274818,0.45069068210000296,,1558,1598,9000,5590,100,0.0,1,999.9612428426794 8.804136103204687;-999.9609964574447 8.832075850779862
1000,2,20,GNNLXSSA,0.0813803571400058,28091.39341964286,0.45069068210000296,,1565,1598,9000,5590,100,0.0,1,999.9868318395303 5.131875635559137;-999.9862720068706 5.239828031620249
1000,2,21,GNNLXSSA,0.16271278216663632,28091.312087217833,0.45069068210000296,,1556,1598,9000,5590,100,0.0,1,-712.0667475711311 -702.1117767161229;702.3039486909892 711.8772110785991
1000,2,22,GNNLXSSA,0.43721667008503573,28091.037583329915,0.45069068210000296,,1555,1598,9000,5590,100,0.0,1,875.7560240975915 480.8397509356033;102.71416289675818 -861.1791034300021
1000,2,23,GNNLXSSA,0.20701335738340276,28091.267786642617,0.45069068210000296,,1557,1598,9000,5590,100,0.0,1,-907.0842768549629 420.94906423759755;421.4225078770687 -906.864416467314
1000,2,24,GNNLXSSA,0.082738840024831,28091.392061159975,0.45069068210000296,,1561,1598,9000,5590,100,0.0,1,-995.6695710830782 -92.9629238957077;995.6615627384743 -93.0486565468794
1000,2,25,GNNLXSSA,0.2891033569649153,28091.185696643035,0.45069068210000296,,1559,1598,9000,5590,100,0.0,1,567.6432779386635 -822.1250656017746;-650.8526254546221 395.4470788108864
1000,2,26,GNNLXSSA,0.157100574731885,28091.317699425268,0.45069068210000296,,1563,1598,9000,5590,100,0.0,1,-981.404691499719 -191.95007554658957;704.6472795792419 -192.7645427851306
1000,2,27,GNNLXSSA,0.1142958658056159,28091.360504134194,0.45069068210000296,,1563,1598,9000,5590,100,0.0,1,-963.6266894567563 267.2519473579421;970.6200451116498 -240.6173892873473
1000,2,28,GNNLXSSA,0.08524925004167017,28091.38955074996,0.45069068210000296,,1546,1598,9000,5590,100,0.0,1,-987.9781677136349 -154.59346726562723;987.9116896747803 -155.0177196449506
1000,2,29,GNNLXSSA,0.1662934941414278,28091.30850650586,0.45069068210000296,,1548,1598,9000,5590,100,0.0,1,778.5080580315943 627.6346099283212;-627.6000282084623 -778.5359366096965
1000,2,30,GNNLXSSA,0.1765695693429734,28091.298230430657,0.45069068210000296,,1549,1598,9000,5590,100,0.0,1,-977.7871862488701 -209.60013933086378;749.5270690233397 -661.9736949466208
